19066 12432 7931 4953 16139 449 3891 15010 28598 18048 30421 14750 25732 8028 5695 32323 30752 3941 4040 245 6580 25475 28060 25038 15781 2451 13067 6794 12153 22287 7754 20374 12061 22799 23377 7293 16923 23129 25659 10031 12251 280 32080 7037 11174 4979 9226 16691 17476 4331 26417 23266 29094 19510 32045 2904 18200 32332 8208 19024 18242 4681 1811 24714 3124 7711 17820 6851 11720 15930 27149 21481 18164 6461 14605 5383 19035 31765 28186 27179 14826 19472 11630 28313 13894 19766 27224 21739 27875 9531 29638 17126 163 31969 12676 9792 11533 1937 4872 29649 1608 15136 21354 18674 20721 25106 23477 31553 17678 21790 24712 8734 15884 7106 402 29563 29479 13969 24854 21519 21277 8218 20167 5025 10135 5548 24180 1788 328 18661 3175 6000 12055 10222 26890 29699 14093 3063 18469 13129 29116 5488 14142 16866 31258 20968 6605 2168 24507 18919 22421 1465 17512 21804 17773 28396 18783 6391 28271 9789 22497 15281 8260 29652 19135 20530 24634 25127 12149 28605 29550 31616 30769 11848 23182 5016 24193 4459 21358 10912 9405 29865 6067 16561 3719 20989 13821 11917 287 5415 11337 15942 7053 31890 30743 2671 4137 7716 20055 20217 24115 24717 11476 27806 30452 28057 24564 17668 2585 23928 22790 18417 18415 11576 9888 25206 14112 8971 27077 19487 2178 11675 6700 10545 11810 32433 23484 3178 14097 30182 2266 24055 11701 3430 31432 30863 20027 31155 328 12238 5167 68 789 29379 27014 5665 15639 25698 29299 8601 11314 19818 8178 3190 18783 28031 179 18370 26476 18005 1821 20765 24239 28163 10931 141 15942 9870 46 1584 507 5811 9421 17396 398 13095 26278 18020 206 3803 31847 27146 21971 27826 23966 1058 1234 17876 23446 21809 10825 7602 30906 29223 4218 32335 4367 17743 21818 28530 
423 23713 6521 23262 16274 4904 15714 30134 29335 19812 11614 23740 20706 9783 28088 14467 26514 32269 30813 23802 27546 19976 14356 25597 15789 19701 14108 29254 28932 23038 7855 19883 26889 16269 22709 9823 10869 16376 17482 29298 8759 28607 4657 13979 30905 1545 26112 16698 16225 19626 26000 5740 30338 3927 25956 17803 13407 866 17821 14580 29169 9461 31139 10573 8315 19329 28441 23577 4551 24293 2264 13862 27631 11849 24442 31635 5787 16511 2208 31327 16312 20991 17735 25669 26086 21890 28956 8089 17814 4843 20400 7271 7455 31108 12651 32009 24858 18624 10836 16039 9875 7343 18095 20287 20257 17117 22403 14782 17296 8706 15073 25936 30821 18108 29847 13740 26165 22012 17497 10540 5966 18726 9707 29652 15124 21818 31576 28658 8236 29754 27367 26508 11123 30055 7807 494 23903 5423 27689 22227 14577 13291 28700 10965 28144 23175 10494 5850 7338 31108 24293 30710 6571 29672 27611 9786 27737 25572 28189 26101 32756 23617 27987 10997 11387 26425 17164 5260 25187 16233 8440 17800 17012 28566 2317 12143 25083 16820 20630 27414 20524 7461 16223 21684 7386 3216 16909 18450 32016 26635 12464 28490 9822 31346 24914 25385 1724 4043 31758 5722 14178 20418 4307 2420 28031 21207 7409 25486 31853 30322 11101 26847 30863 258 12824 17767 31087 16419 31105 27658 11775 17476 8791 3384 30389 1794 9154 13834 3848 29952 29977 9548 19104 18784 4247 9692 26275 9030 11929 7458 496 7332 8643 344 12837 18395 10575 21296 3494 31475 29284 22599 20182 25585 15953 32253 18079 30246 13350 5415 16268 3798 22611 8718 15390 29097 22472 30120 11429 9990 6968 18470 14605 3927 4855 31743 7149 40 28476 12715 18618 13862 29941 19206 18687 26057 30057 11288 3083 2577 14107 8401 8316 5835 16096 9075 14544 28929 19200 22346 
12546 30935 1153 21872 16906 32456 17850 20078 16786 2960 30121 2255 22799 5608 21341 2325 20007 7709 7328 27277 31956 23529 3625 25501 16164 2381 856 29331 10127 27506 30658 12683 7332 6338 2997 31605 19505 30700 12092 21454 15855 22066 6269 31860 32340 23189 21348 1688 6884 10473 31322 24998 17087 7754 4452 21147 17959 21107 7232 61 19855 11196 11390 14963 31479 6178 27962 21681 6916 18272 23321 15814 32747 30163 20108 16193 13620 23931 28916 7191 30820 5460 11881 12220 13785 32569 14308 30235 1992 10709 16845 31304 23472 22772 22028 31333 30713 10886 19767 31662 27090 696 29784 32607 18354 9541 5555 21701 22009 14227 6960 1611 29404 12474 28830 5127 17159 12189 17981 11453 19622 23069 10739 25909 7308 12072 19907 29594 2598 17716 1395 10982 19356 29190 11148 20329 1915 13513 544 27994 26051 29542 20026 9380 18555 9820 32177 5047 12617 21100 9360 5968 8714 5671 20743 31684 20156 1298 25566 21970 15959 11365 23372 21714 7624 27369 3480 55 27272 23017 32024 16590 26905 21848 1967 20654 21937 5977 9710 20565 28650 15048 18510 27275 5839 16796 31339 2203 7459 18610 4892 30918 19052 20920 25835 12073 23702 8610 6408 4805 10151 15233 3101 14645 16827 29064 19055 3480 12532 11550 4066 16991 5390 20297 565 11883 20727 18654 1979 22416 28076 27446 27482 10847 13024 11186 19017 22957 14353 6347 24094 10628 4296 24988 28237 5900 14534 8450 11293 25832 23683 30149 23186 27441 8580 29809 22918 8170 9447 8898 18982 26164 18792 21592 20497 19215 632 14446 11853 21187 26692 17836 3346 3058 24283 15984 24715 417 19824 25091 24959 28269 10253 9925 11196 29247 11846 23254 7978 25382 27670 2199 16671 10402 17115 2459 4872 25667 13217 17778 30685 14205 4281 22813 7170 453 9633 19719 29835 17797 
3789 1006 26647 29524 18535 4429 1183 4904 8643 5979 11925 19577 7649 9712 1738 15746 19336 6980 31362 27952 14386 22421 6454 12965 21328 29557 12959 15016 23797 8222 19008 20676 23654 13675 5251 12841 2843 9574 16686 21101 15558 28772 25401 16947 29266 621 7520 15759 25433 14939 27820 31949 5526 10502 24632 7754 3017 18557 15254 15707 9386 9274 30749 9736 9757 21633 5621 24635 22199 6827 10726 14672 31911 12988 6261 18265 5181 27354 29478 14227 2975 24570 6066 23680 29694 23053 19737 19609 462 8701 20276 21270 408 26758 546 4244 11657 10265 28844 19589 19022 7718 6519 13818 14500 1546 7078 26437 26909 31081 30309 21390 15516 29917 16844 15685 12211 6031 32646 17208 20399 15447 8070 2128 27670 4527 8825 13414 18255 20885 4792 22009 24138 23756 23764 2235 4799 26126 12814 406 13423 29910 2051 4791 26067 4387 7985 23640 1945 7400 25197 11845 27962 20509 12673 6536 24413 2956 23896 21100 32368 11512 11381 8702 15458 26666 27813 16424 15325 13845 17394 8573 26592 3388 27030 7763 21582 14176 25113 13613 21720 30455 8608 20044 26586 7890 4923 25603 16682 22429 18872 29987 22598 17907 15634 6703 31897 28426 12919 2520 13139 24405 29906 80 4999 1726 19894 23530 2443 29834 32729 11185 17889 7162 7367 4354 12398 21658 18536 31227 16354 30209 6905 8849 26963 10779 28720 21364 8009 26294 29590 13725 15683 9524 15284 4182 14671 27870 26553 24834 13691 26739 15546 19665 20402 24057 12090 7011 29003 30496 3229 27970 5015 8432 1425 12319 13553 29821 17300 11339 31548 12049 24817 16091 13091 18526 24396 20515 25512 9119 14928 14821 16198 15656 28595 12879 12858 6396 7363 16427 19621 18130 1063 32622 18420 9777 7663 4625 571 950 10756 25502 19252 21031 8521 10354 8837 23203 5578 11820 
19957 26727 12909 8535 14903 7681 7803 9158 26160 21954 408 19001 22214 26733 2352 28547 16387 9810 28882 7613 29500 3443 18581 24670 13207 16762 1197 1390 26513 30615 4719 23556 19264 15535 5501 2782 803 22799 2133 2659 722 3134 5973 26949 4186 10405 13427 8843 4359 9437 1225 7513 23246 865 31008 12908 31417 5511 6672 10210 1531 23584 21211 31382 4498 24642 11373 20427 9970 12738 812 807 29207 19028 998 18741 17546 14360 10780 7519 12262 28291 10478 27811 9781 26231 27567 25689 23731 22339 13529 6756 28996 32392 14628 27826 29242 5682 9605 21931 3465 12611 18311 27872 32752 13853 22346 24836 764 18607 21684 1702 20955 13574 9081 27379 30816 26794 16355 14181 21504 13309 11527 9798 18552 29699 2145 5252 3750 5982 2652 8122 994 7009 29516 29795 27186 9900 16259 8125 26696 7552 11863 16782 24179 23988 24076 2595 22245 13725 22511 2935 14953 14329 16480 18886 27173 20159 1804 18354 4475 18536 3405 23096 28884 22992 30168 32014 24776 14692 22438 14044 4109 9716 4051 29638 5775 27485 5216 23376 21558 1802 31961 5075 22270 21894 6088 26536 27898 22682 19220 20786 30409 21179 21536 6014 25928 15936 348 9729 20015 16927 24847 16649 32359 22037 7530 25797 24149 9989 12398 20800 3663 3615 20899 15514 1346 9281 29571 1285 14865 25356 414 31397 20104 19051 1633 19650 6829 25514 30594 20893 8151 444 20588 19573 27390 24446 2341 13540 19259 3097 19887 29491 15860 2815 23466 3713 17439 2645 18835 27223 6297 4223 10088 3765 32327 12522 30735 23432 10600 11903 18409 1898 906 8793 9860 22644 16659 9367 30256 23603 15821 7912 10872 1898 20786 16348 23548 30050 23140 16920 12628 10524 1681 25863 7717 30147 2305 11113 27803 7150 10084 27149 13457 2791 32147 3084 7723 25551 
28291 22706 9218 11124 29111 510 27926 1737 28122 20470 12120 4389 9825 12417 11392 15817 3596 1939 26239 31077 26591 4819 20138 25325 31316 29919 25262 31152 2668 14283 10187 19362 21358 12793 22021 9419 28606 15045 1455 1341 10965 11741 10919 19650 32706 30276 2442 25154 15226 29112 3244 4984 15332 2753 7357 10032 30550 31667 12134 1526 914 9830 22246 29289 510 24376 7616 15484 21548 18959 15758 9482 22941 31714 6891 6875 29915 25868 15270 27817 26914 19034 3464 9338 2047 26353 18760 17365 4036 20621 21290 24425 1217 8292 18102 23728 22211 2955 32725 10767 32425 7655 10711 15042 6633 17324 9818 29218 6761 18781 11848 29648 30429 17352 23736 8394 10789 21967 18921 28072 12476 10648 18417 5453 22705 19029 466 3381 938 25300 16343 3581 27661 20314 5770 994 15371 5373 7432 10515 2919 9393 30236 1130 15743 9913 32660 9295 28442 12707 4283 5042 9972 21954 28386 15462 29625 7273 13941 8880 9371 3610 32437 24148 12713 408 16777 4356 30361 12892 15287 21505 8230 30379 16328 29621 16801 31157 23102 31456 22962 7630 29493 5096 26255 20391 27460 9392 5223 1820 22978 25997 26708 23115 23841 10207 12317 20876 14166 4304 22937 17377 24799 26716 15826 16321 7865 5376 26476 19925 27358 3619 30867 2079 13037 16927 14183 24502 5976 19339 5062 24427 13659 4833 20285 17459 27923 16609 2242 31617 6642 16754 3308 17564 20767 25525 26945 32373 17375 31608 27973 20398 3477 12235 10406 8084 11855 24402 5469 21851 13589 13201 14574 9945 14848 16710 19745 29444 13206 150 21500 4385 25703 32132 22311 26785 6150 16319 15299 5414 14776 12207 32111 7757 15142 21772 2051 22257 14268 30649 2742 25603 4774 23304 17789 2900 4295 12769 14870 12847 3290 5308 23900 19493 4600 7704 30965 3574 20340 31777 
31812 26110 8655 13915 13571 8739 20233 9628 15274 2739 31606 579 32142 7203 8054 11547 26257 26442 2052 32738 4117 7101 32173 22389 25460 22266 16868 12097 21098 29527 14394 16443 28159 21640 23964 4554 4431 14420 18912 1168 8421 30409 12367 15461 27513 7517 14888 8371 5706 9059 17518 12839 1000 1399 25593 29688 29365 32140 5098 4003 11300 5611 18955 13129 2782 4923 27921 25446 3750 8242 18082 8242 4600 32243 8347 27005 22977 8450 12434 16610 25627 22814 12201 2120 22494 27646 29597 19075 23923 16224 15527 24651 20745 23720 12785 15918 4410 3173 6220 5709 31270 19378 2901 22802 31041 10233 24301 10505 762 19306 8258 17481 27402 25130 16566 9947 24173 958 5681 769 11002 25547 10210 3906 32379 14019 12586 9516 17463 1030 3906 12018 27922 10474 486 32442 5129 32298 23284 6527 19217 2954 3768 362 8204 26603 24779 3263 22015 31012 18244 11664 23123 26753 22649 17399 27590 15565 1948 24014 4917 18026 16657 32128 32544 24025 8585 19226 26295 16070 10462 962 13604 4745 4469 8247 21350 22021 27053 22965 19199 12437 6121 32717 23845 12800 16746 19986 21236 1016 2972 24515 21792 8324 29808 4518 22587 22534 10274 19264 30706 31483 28906 20036 2355 29127 8583 1592 8787 20763 846 3877 27719 30178 10823 20619 442 757 9558 16267 30773 18527 5572 19143 6106 8346 15881 12244 26295 15249 14129 21157 19781 20054 14633 9300 5117 9662 19420 18648 6093 12314 21930 6432 2089 18981 28234 1445 28329 11129 32583 17895 21173 8038 4631 19512 24887 12238 3336 25946 22727 29211 28311 29510 26347 7969 11701 18556 14580 23186 27178 21827 9080 13790 12204 1511 24501 31862 14699 17226 24957 18097 9525 17998 24523 23229 15084 19865 7082 6876 2317 1458 26521 14894 27459 2055 8869 24441 3903 90 
3390 15804 3313 15881 20194 17049 26187 22180 15723 21701 3424 16098 27597 6073 25044 353 11415 3220 9275 10483 18461 2880 24346 14074 13613 9804 13842 4918 4241 9635 14251 14621 32201 26827 13592 15883 11271 10408 8373 15180 20603 5222 12885 13358 15129 19103 7288 15813 952 24075 20710 32644 7854 17901 26241 2039 18700 27181 29232 4334 26424 13805 31140 23527 29039 20271 27010 19291 23593 22916 10865 28332 12722 22832 5688 1256 31964 839 2294 32129 869 28480 11210 1542 17065 16935 16009 18832 27143 14949 17965 18666 8440 17265 13920 8810 3992 18913 21148 16603 3902 19706 23094 25334 10352 14996 30452 659 18225 1662 19187 25768 17567 19806 16891 24610 7843 29238 10768 28301 4661 24574 8432 11097 3417 6461 4057 7081 14345 16463 28656 28033 3011 31982 28168 6995 26184 14212 22817 602 26283 31746 945 27140 25083 28840 4823 4639 21106 10394 18012 153 22879 27566 30953 28318 4852 32237 24911 17251 18773 28803 20217 3540 21836 1193 6813 28785 6117 1759 12739 29007 1164 4957 8260 15833 5737 29149 20184 6031 6409 17330 3938 11882 15800 30215 9393 15776 20701 22416 8727 15269 9918 18571 2169 32442 17427 4738 29145 24530 31376 118 26312 16988 12961 20681 17992 6073 22067 30060 11354 9932 25163 21652 31856 12366 15114 4578 31946 5249 26094 7900 15617 9292 31190 25145 17589 12518 8503 32725 28287 8317 16322 32366 16716 32239 15816 16493 11020 21589 14923 11663 2007 19556 10383 16688 17258 28095 18055 8255 14070 3619 15304 25971 21532 7187 26464 25635 12577 18595 10673 18222 20924 9381 7792 17277 23357 18775 12931 5631 7889 10903 10372 29477 11377 15668 1485 569 8624 7559 31135 17949 18290 1902 18337 1146 9435 28620 7333 31158 9815 32075 23614 10896 11273 12444 22904 31919 19217 25500 
26043 28327 5034 21991 15646 2992 7619 19903 15189 15168 21729 15246 10630 9562 3836 31124 2494 13349 2988 2869 12808 23886 19435 962 1064 2362 7629 5502 11402 6252 31041 16548 24301 1 13620 20436 2280 10085 11561 26819 12938 25875 14383 20915 20756 18852 2421 25852 21634 11629 23087 30286 17351 16800 14290 4855 6905 32329 25988 8194 14621 12427 9353 27494 22245 25993 12893 14057 27158 15593 23809 32 28939 14688 17979 6576 30247 19746 6336 32549 3336 27837 15236 10501 2377 12947 5230 18781 20644 2471 24117 2328 18996 27082 20135 31787 18315 10842 4276 17460 32354 10769 22046 10548 27440 2373 518 20337 8371 27690 2355 4779 28191 28590 29485 27919 1139 6715 22426 30204 31533 19881 29509 13777 13241 14409 20729 29346 15016 30333 31555 13678 4962 9211 10272 5682 28569 21184 23897 3344 17530 26842 6110 4903 31714 9105 31554 1596 1902 8732 20851 3627 9378 4281 13574 28359 20426 9303 5499 21427 19451 23378 12089 26429 4464 22244 22856 26194 21993 24767 20690 28360 17631 1321 17482 11521 2802 18792 7424 30366 26163 25887 12921 22824 13039 1873 1557 19226 29039 10529 24132 12751 21258 23584 15569 17479 11248 1266 11215 28815 27123 1234 17888 7692 9085 6462 26139 15474 30308 11984 24844 9122 25858 27282 17271 22161 13540 5797 17526 13854 7743 499 28147 6598 30815 7821 28920 3910 9818 31287 10494 24846 16786 29408 17814 12451 4952 19400 11309 21517 28606 22722 32732 17628 25697 26589 10437 12317 9825 2046 6297 28834 14676 14294 5727 4990 1968 22219 773 29680 8655 2791 21843 8456 21573 2230 21077 5842 11515 3400 4103 26731 17476 24871 15317 21485 4142 23966 31328 18422 26428 22911 3914 21575 6885 26508 11306 25137 18522 6318 9333 30759 18520 25696 11032 8987 4258 22872 14692 21995 
25546 27657 12520 621 4350 11375 26997 32412 27997 29013 10786 3839 32353 11866 5724 7874 4861 28518 6148 276 15113 14299 28117 10598 26884 16041 25900 18818 31485 629 6033 13170 10220 13948 14318 52 15715 19357 23899 10883 3453 19843 9229 808 15949 6174 22397 31790 3125 9982 8819 22695 13218 14655 14158 9654 15715 16707 27255 7525 31064 22577 5558 16568 3637 25674 2201 21130 14147 13712 23214 20533 31988 32174 20914 6384 31298 16519 3784 21165 27883 22957 6311 13147 23203 5575 21996 10344 6142 6044 844 2393 28773 7163 27299 31050 27065 20613 25645 12000 23063 26225 1904 25031 14472 8037 26844 10750 14174 24336 18612 25151 18352 6601 9411 30675 20063 32652 22559 18785 117 9240 8673 7277 28763 20938 22064 12099 300 30253 10750 10904 10829 325 25912 26345 11595 9280 29988 14350 3308 27030 31087 2520 4304 26291 3992 23592 4028 23561 7918 26155 25039 16598 24660 27783 17404 29680 29330 23975 5573 29090 29306 10001 6096 26708 17966 29882 472 1892 21365 21109 23532 19685 18586 32286 10513 27636 8921 31399 2408 16682 9097 22397 11977 18789 12750 178 11069 6197 18555 24740 18710 396 20205 18581 26542 4395 29543 21117 12737 30008 23904 20979 30712 15779 24548 31509 9142 23218 16599 17431 8306 11037 13574 29804 27724 30948 20604 31680 23115 8478 12756 8134 27595 20155 11259 22105 6468 19284 32059 27673 15324 28769 28386 17352 27560 14612 7989 18280 19407 31110 23644 8485 268 30565 24737 26659 26327 2558 16208 6555 25806 26796 622 4599 27157 25097 31482 31237 21030 12853 16369 16672 15162 27242 5541 25146 19301 31185 4100 3311 18003 3509 18367 3528 12834 11150 25037 29301 1890 24445 2616 20706 3722 12725 14044 12634 14092 8752 19623 10995 29482 13542 475 7480 31567 21753 30391 18270 
12427 2585 25039 25009 17375 24755 19961 19488 24129 15373 27248 20575 582 4414 23576 9203 19884 912 31531 29813 16636 20357 3370 15609 27709 28968 3213 26056 7181 23921 19435 20092 18152 15621 8770 19801 12782 3216 1384 15016 10247 12976 22572 356 32628 1226 8369 4029 16468 27687 14452 30220 27090 15021 22044 8978 16982 19459 32637 7096 3894 32703 4808 3609 31014 26952 21090 7967 27649 8034 15043 1111 713 6398 12190 15557 5069 13277 28768 18192 5029 2477 11555 1336 16080 4898 21938 8204 9184 15881 20892 22788 7635 28618 2929 26821 30011 14100 16463 14826 841 4401 4039 3029 32717 24698 7101 12300 14845 19567 23780 27435 5784 24230 22409 16887 23589 2159 16091 25403 14510 1190 23061 20248 31639 28736 10672 22066 7897 23121 3953 11696 23640 22099 17091 30902 13931 3126 16867 14260 16168 8599 1629 27014 12668 4208 28123 30389 7167 8687 4442 2020 17460 22258 13280 1747 20608 400 26987 13449 8662 18128 15131 9761 21853 9036 15964 1373 21202 1459 7533 28334 16982 232 18627 26024 27787 8881 9399 16274 29672 10006 24711 31807 8331 29144 15223 1142 26080 18063 9922 30513 9453 8714 32000 9548 3710 7764 24917 10653 29488 27399 4245 25700 1061 19768 10630 3376 29093 23208 19652 10464 15876 1137 17078 5871 7154 20066 18556 9645 3451 31480 7920 14380 17964 21438 15184 31121 1062 17891 30169 17032 22980 31096 10026 5369 4248 16106 5963 14136 8721 32098 20425 25218 5544 11265 8706 7046 25064 26333 26976 24671 5962 20340 14073 13168 31064 5888 2101 26570 14590 16857 31769 16848 2583 30877 29721 6226 2871 5783 23494 19225 6168 20820 14531 27498 2061 24883 15547 17419 25347 21500 19884 6856 19856 5724 22318 13772 30763 21650 7036 17353 24446 17581 30660 32123 18544 27108 28066 10849 
5450 11626 29724 27099 13642 10634 10937 30421 18467 24996 26799 19228 111 24530 26266 29335 25897 4334 11452 10687 10233 28365 32072 20978 32362 14708 24482 12160 22521 18941 12836 13975 16355 26446 19640 28980 1017 6219 24804 16773 15108 31102 2300 11352 23701 7457 2669 11044 14568 24763 12783 11721 6249 22092 6760 654 26497 32146 31464 6086 6045 5725 24267 14913 10157 32116 16388 15391 1235 30648 19604 1517 15375 19945 15686 17861 4571 30920 8831 22368 20245 2338 24843 14993 28455 3278 30085 24837 28704 31555 27938 27641 13215 18590 8752 8321 24025 18893 2088 18367 21539 2566 11221 1515 24215 10490 10611 16204 2507 14891 30392 8746 23674 19659 1930 30072 19355 12351 29774 30150 28313 6040 23482 24561 20177 5006 22288 21580 3643 5036 2006 10851 17690 6881 12090 9879 2097 205 29170 30647 15386 19661 8728 8466 29622 25141 32233 31826 18732 308 25078 8936 23502 24075 20002 9244 7276 27464 16251 30230 9571 11270 13653 11261 22924 20120 5075 26249 29403 201 16626 23213 26888 14745 9067 6245 14293 26394 27920 25037 23486 24140 1102 9763 14902 8038 734 6820 24824 18004 16958 21337 5573 1006 3967 25961 24931 5626 4280 22544 26369 7986 31049 32518 6371 29902 28138 17150 27 17474 30355 7624 26876 5325 25954 31994 28977 9684 21161 19453 6601 28116 17162 16056 8995 8812 3197 31398 7840 32010 598 31626 28529 1009 4340 14350 7039 5326 31391 5064 29119 20066 1563 17674 21681 26099 3059 23939 30880 8254 16586 5804 6647 15983 29660 32062 32223 32597 30808 24416 25926 17472 4708 31494 18553 16127 2975 28510 20873 24728 20734 27774 6679 16490 31417 5565 31189 11330 24510 22752 21314 17158 18335 17718 24262 13528 15082 20699 32197 9580 11872 9715 6531 7807 19279 22511 11065 23653 7467 519 
8581 29734 22746 30536 18631 7299 4877 17613 467 12490 17120 27352 11541 1755 2798 25239 24288 20431 5669 29522 17090 17538 9132 19098 2089 31843 23032 32568 32228 14238 2415 12112 12131 18824 22312 28649 19117 25147 11877 19166 17242 8255 13508 31930 12202 5683 20392 1760 7369 12451 20454 24250 23807 6867 5393 1321 10697 21450 26722 7039 29708 14114 22036 6004 31580 24579 8068 28197 20929 8689 878 16463 29047 19806 338 4148 20236 20475 16118 17543 21435 30878 29679 18576 31573 968 26521 12949 20803 12161 31372 11066 6045 29827 24042 5377 11793 17820 15957 12455 12913 25291 2438 31123 11158 7014 31333 25237 32245 30839 28319 19357 6298 24196 30488 29277 23268 944 19442 30673 29852 25071 6298 1831 15125 31848 24565 14273 27232 30841 2680 12835 13460 4080 3178 14272 29528 31627 9954 26386 27697 10109 5443 13062 21657 18535 411 3030 26150 3369 14261 32657 6587 283 16720 11280 5527 218 7720 13987 6539 32258 21778 13750 5220 31127 19670 27402 4148 8245 6678 12904 16415 2336 20876 20019 23329 19531 14558 16721 3827 23091 6816 30430 21682 7928 3517 23926 27037 3784 25790 25332 25225 31588 32192 27651 2483 11884 11389 7492 14238 24624 14417 18833 28186 12133 9025 17546 32035 18199 6812 4865 11771 7328 14468 2971 18781 18005 24279 17767 22671 30687 15353 32667 26576 22247 32541 4283 12370 1528 25356 14846 11062 26709 17098 10680 7137 14960 3954 11991 32751 14465 9664 11374 17919 16813 17128 27344 28850 20373 14925 14801 12319 16112 25155 296 31840 17869 9169 18061 14142 30675 26399 17454 14567 18615 5075 8879 5479 30314 19471 7247 29464 7063 18219 9393 24248 854 25688 14682 13460 17875 18442 6732 14215 26220 30585 22018 15439 9641 27614 27778 23636 24773 20975 3109 13962 23398 7271 7980 
10022 26803 9545 18775 32455 1604 3050 2338 30771 28943 24979 17349 14975 5141 853 3306 11125 16644 4606 19283 3050 1337 14734 20698 32079 13454 1188 28016 32325 27146 31351 6493 24200 29925 18406 28111 8301 25124 613 12120 14750 3306 8143 21231 9148 7418 9446 25610 8295 16822 26419 30831 10041 17455 17100 9106 15506 25741 20754 5898 1703 10250 13314 5755 6920 15670 28655 16970 4392 21975 11242 12215 16149 16413 15052 11410 30118 29514 28855 16536 14720 31096 30943 27180 12872 32589 14530 9435 28677 16940 15246 8288 7093 12619 2982 24406 25421 27944 38 22859 8683 15463 26961 8872 15377 5842 5039 16796 18574 12671 22963 4870 31972 7916 25034 4819 28773 19565 8191 890 16600 20029 1511 28203 2019 19714 17953 1370 20259 20663 10219 16373 27504 21367 9393 13831 24792 2073 6410 28994 22611 4226 17341 28370 4420 10101 8945 8753 28651 4610 18913 11646 17591 14016 26890 31403 1188 17203 23006 25245 14001 3149 5885 20471 3543 27703 13870 7190 21452 20536 22484 22113 26410 13147 2783 3230 6443 10589 23475 11418 20421 5608 32665 18779 10757 19750 4660 10148 30883 24355 25628 8087 26840 16849 25656 12982 15224 2031 20577 26511 19363 5989 29537 29604 26433 912 3869 22698 17709 1002 14150 21474 10081 22527 11700 26264 2507 17631 9171 31881 22503 7198 15490 16625 23702 6125 30480 23331 6666 8209 10332 7781 25651 9841 27843 3745 14069 27146 30157 27556 8851 8679 6389 13298 10332 17557 10727 4679 27692 17113 30359 9814 23769 21770 2748 25656 13733 15782 23028 3963 30783 32110 16086 6491 21254 5769 12933 1106 3917 4 22401 21025 9891 32523 21717 5126 5876 2392 28691 7600 9647 15193 21180 1415 27180 16627 32577 28615 5813 31878 31383 6189 28490 28738 14324 7368 1950 14925 12096 22246 
17324 15792 21436 7996 6592 17607 24988 30599 7552 18590 21836 17422 2210 12360 25759 12574 11963 25552 26743 21627 27014 22108 31830 2124 15909 22419 26850 13651 12053 12437 17838 11911 30473 7163 28216 11366 10085 24455 25058 4396 2335 27101 16575 30496 4315 20719 21205 27608 29305 13603 20533 29201 28772 6033 3057 19238 29307 29122 10157 28829 11692 9387 13710 4894 1549 32647 15362 4481 20849 30829 6398 19039 29377 23147 17245 21633 31504 6532 32257 19537 24935 15745 21346 9510 24435 17954 23018 23608 19415 2631 20337 7792 25459 17413 20566 15122 20307 5719 11466 7471 22373 30027 16332 18482 31464 23845 14340 8099 23898 29572 21868 22444 506 30949 31231 29009 24128 15068 14732 138 27468 24876 12249 14355 26125 26169 11735 25475 20629 8153 3728 4060 19965 3660 29237 23921 1909 5314 29095 3760 224 26293 30215 3566 30575 25989 5123 16430 32441 16651 21251 2771 13214 25978 15766 13076 19467 6506 29744 28536 14248 29093 5282 10190 32274 31013 31446 22251 12720 11740 16143 4410 5333 13041 30115 13798 26320 16618 27164 31070 20911 4639 8547 23275 28453 18442 18961 17792 14301 30026 17790 31706 16056 19091 18959 26437 4581 25447 15140 21923 6325 7855 4514 30091 18589 3303 6835 27607 7534 5041 14859 5427 31403 31845 3678 4683 7980 10922 17867 19478 9174 20322 32245 3744 783 712 31675 2568 6720 12514 24002 7779 18015 11444 6527 8843 273 2740 15609 17751 21724 6824 4963 17218 19531 4359 31901 19847 3070 27565 8789 21904 20371 7031 23387 28636 4647 14519 14040 31131 17941 15279 8610 13437 21642 17907 7277 16142 4005 27596 9215 30966 5022 31721 32526 4344 65 25495 27255 24820 14952 3284 25899 31025 17795 27886 13935 12177 4151 30286 28755 17680 26141 3885 7135 23877 24663 28618 27109 15600 
9310 4610 13986 7440 12623 26228 20726 19294 5648 19146 3474 17050 20757 23823 3740 19486 28792 27545 19756 32010 24407 15236 21686 12193 14049 30453 14982 25486 22377 14051 31071 17748 25762 21387 9868 10748 21153 15133 5324 4841 17727 27884 4586 17954 32195 5672 32647 4555 6676 11439 24154 2742 36 30239 5384 2905 26950 18695 166 22509 15253 22103 2982 29539 19059 17564 17961 2879 20084 21103 9323 12791 25786 19210 30925 3260 23493 10187 20656 15948 11596 7457 15663 22527 13726 28362 7891 23975 19829 16900 24233 26084 2675 7416 28300 14793 26804 8048 11536 25438 2210 25999 31947 30707 26124 1737 31029 9314 1920 26530 24374 6360 31438 8893 15627 4096 30653 20944 16920 2490 31294 7470 21856 18449 6337 31957 23305 10341 19623 9320 3369 18969 24873 11002 25058 31648 32440 3155 32514 17462 12481 26733 13525 16033 19399 12234 19449 5089 3915 2633 3854 14448 30275 17707 25812 1140 10786 12097 19496 1871 32259 21757 5660 27008 19479 27733 16979 25950 24617 31323 13928 14046 10314 2598 29769 17127 5650 21449 1728 20619 17439 27968 29562 21855 1635 18540 11981 13843 31259 15752 15191 25871 19093 25714 19006 10781 28643 8438 11570 14999 30957 6379 10500 28230 7842 7392 21361 31862 20163 14140 30946 13284 9816 18125 3480 22548 32270 27238 31253 25097 6581 32357 26506 12423 22246 7327 29322 26520 21477 8091 6420 7657 23040 32367 30262 29481 31530 13728 3056 16939 21298 5310 12726 12059 11449 1177 12777 12047 28968 22971 30335 19801 1141 11572 14647 8193 1364 14633 25643 14946 6090 10668 12314 5051 3014 29069 32138 20476 7496 4623 10449 75 25379 27976 26696 3888 19211 22940 32540 339 753 20246 11274 15830 6064 15403 10932 22876 19631 6986 31050 22753 27450 24053 13103 21751 13224 23332 26518 14265 
28286 26348 24627 23195 26809 26858 9749 6230 9026 7731 5164 19829 17215 4816 8644 20683 12916 11429 13643 1820 7405 5826 19675 11451 13790 23975 25371 15318 13277 23131 9058 18022 14307 25324 30661 28777 12203 6293 12704 10228 16814 18881 26417 28618 4593 14449 29162 20774 9605 18908 18393 25094 23375 4331 20620 19393 2455 9519 31097 7752 16553 21954 21701 23334 190 15964 18781 27214 5306 3443 8863 30765 3614 414 11996 9386 3243 26238 28364 32470 6165 32646 16715 27955 5739 29703 11291 24168 18823 20661 10125 26749 7787 5929 30481 28877 13751 22880 22481 19165 20403 30034 8040 16988 5028 15131 19082 26665 23403 821 27427 12871 3818 4986 3296 3680 18353 26223 3695 7485 19518 26388 26845 8482 747 19999 4431 19626 16137 19938 468 14786 11076 3457 779 1064 4811 20931 27746 12353 2876 24909 15741 2026 18860 504 21673 25476 12681 18347 23324 24459 10328 176 10518 12441 3689 9549 23789 9398 11893 3590 13769 4034 2560 15231 9404 24563 11709 30737 15683 26977 31801 30524 20272 12809 24423 19934 23862 15331 25374 27602 16281 30902 22994 365 20549 10834 9695 2576 32558 11127 27142 5024 28361 21514 898 26249 6502 28485 27064 3591 18746 27413 26297 14212 28313 30897 13535 3251 31145 15162 29005 8717 29756 20593 11987 143 15059 7389 27256 9841 27517 19187 11464 26679 24003 22252 9144 21268 21362 21033 9303 27980 9287 2801 17627 19886 23699 26989 14196 2396 5567 12502 30097 29730 10639 19962 2223 16546 18160 27117 18232 7544 14267 20350 28214 16942 30515 3771 2610 29211 18957 22757 3285 24862 14968 19243 18542 3654 3936 9547 18972 32121 28827 17950 7336 9836 20823 9090 29045 31681 24559 13448 10005 18981 10835 9483 15379 5652 10677 4760 31312 9142 26205 923 27242 17848 2513 5812 
13676 16854 3319 7988 26636 23436 20558 8894 8551 20510 20718 22000 32654 24364 31834 13146 18939 29399 23214 25251 31433 4940 27181 8924 21435 20279 443 16216 15012 5655 4321 31979 30814 29329 28756 19355 13307 15270 22281 8785 11322 11126 28518 24190 32150 8787 29375 31889 16053 32422 9052 25213 4696 23052 2021 4571 25264 15751 21067 15909 30293 1679 6481 1136 26742 20130 23592 19696 32617 28023 27483 7654 30909 4237 17691 32193 7706 6888 651 4085 13554 21742 14808 3035 27756 26533 6064 19159 3013 1420 6851 27334 11220 3271 27362 5002 23967 30342 12858 8873 18079 1658 20116 28480 6167 11125 22098 12731 32150 6327 4289 7371 5793 10258 14030 12633 5804 19721 6269 15892 21277 10646 4828 29799 19893 29528 22439 19039 17023 20738 3616 19769 28765 2650 23256 3717 31732 10214 16374 27035 9988 25499 11982 32151 4127 6434 6631 2257 9478 24636 12772 29795 23817 22862 4405 4104 25385 19476 4736 28466 26480 5057 26059 18379 20858 136 26940 16509 25663 25457 20007 19821 1529 4964 8856 30205 25681 14332 31066 5480 15669 20449 28847 27417 29426 18360 21007 17756 27075 21264 23273 5650 1510 9702 4230 20629 18471 2906 6356 9798 32426 4802 13530 16637 17604 27638 22602 15910 28187 23125 790 3526 575 8094 25645 30701 31260 6824 4796 7399 1696 8355 20238 20091 10083 7330 48 21158 10987 6531 1685 7417 22645 25911 16270 339 26846 25035 18048 5549 2227 27607 16273 19503 56 18766 7299 5174 2616 3356 25519 13214 29710 3383 20087 16086 23354 14517 6179 26595 6688 3490 8694 1146 25989 23575 19979 20216 11564 4831 16667 8304 3670 24437 23949 5382 30587 16915 2126 24422 17222 20666 11480 16796 4744 437 25166 21620 2088 16483 26934 5260 28091 11117 2 17497 32317 17503 20131 8131 
19859 21869 30917 28151 25214 29937 13888 18842 29104 14590 29354 25632 29532 9861 25703 13744 5391 10902 10528 4116 26235 29661 11482 28395 4155 12567 30124 24644 17692 28148 32136 30126 31636 17614 9718 1597 21837 6457 887 11409 12530 23958 20934 23099 8549 1780 6503 12564 30728 17717 248 3731 30323 26342 32063 23750 19554 16893 18215 24119 17629 24145 19044 5167 30289 3437 11284 17274 1527 22899 10692 28117 18635 25103 28393 29089 18593 22408 7283 2494 11094 18671 26591 19238 16180 1844 16956 8406 27530 5765 1685 17958 28684 7029 16162 8769 19480 17531 24551 28405 32379 27282 18954 1455 11650 6886 1226 24655 19097 22270 9090 24365 14854 14305 18806 18735 24063 20748 5844 12174 11412 21021 7096 31428 22688 3309 30685 29857 31320 11481 5835 11791 559 18686 30194 32251 26773 10833 22231 10609 23897 18508 1407 31265 22296 25059 19920 5420 31699 30581 7525 2216 8330 18728 9300 6293 27353 20599 31755 10073 27545 26588 30764 10313 22396 19053 21875 2704 16128 15694 28007 1402 16219 16815 2146 8270 9573 32623 27498 24776 7924 17201 13056 27565 5811 24196 26044 21991 3205 24153 5402 24807 22178 929 5378 15877 7407 27076 7049 729 12129 14863 9993 17225 4061 22086 4846 31925 17320 26688 6381 24741 21846 8313 24246 434 32117 14827 10495 6401 19817 6888 882 11104 29657 8804 19689 28100 10800 28907 130 19344 23648 24739 3222 21101 16240 12176 959 3568 29839 23259 10885 7113 10808 6171 5344 30285 32528 31838 20119 10959 25681 5217 8599 8365 259 5166 7591 30743 27572 19278 14012 9898 19027 10226 9744 11009 28608 10461 24516 20077 7471 4281 9414 23841 577 4539 4339 767 11391 30989 31749 3042 14288 17220 27111 32236 12670 26288 20011 9963 18781 3890 20075 25435 10846 1529 18206 12659 
25379 24683 17233 20216 105 21460 19036 16390 16450 29873 4361 26008 14298 3202 20920 15491 13041 30454 15695 9735 26707 28267 1132 6325 7157 12429 25242 921 16097 6466 19114 31489 31602 19600 20374 9378 4244 25121 28373 7010 24073 23532 13829 24661 15774 26699 13164 18769 7757 1711 12150 13709 16881 8917 14501 21957 15974 13459 22028 30554 27898 12965 4922 13854 1771 7476 12251 722 767 16457 35 924 695 31066 24984 19403 31596 27764 14734 10164 28526 1719 1548 17286 3926 12438 27979 14272 15211 26895 9340 11992 1724 1503 16934 23270 2952 15989 7286 15149 4655 28392 15850 22441 15374 22407 3501 10686 8768 18317 12084 31598 9356 1910 32075 27746 1536 22423 10809 8532 7895 6636 18190 21154 9460 13731 24532 24895 24471 3785 19860 11775 8312 22004 20015 23160 21543 11516 14216 26659 10374 15182 32550 2546 26917 18048 4562 2100 9387 23031 29066 21703 3307 14734 26358 3136 4978 2123 11655 14163 10430 8938 22316 15128 3732 32502 14821 30430 31828 21748 10978 32218 22331 8259 18209 27072 5356 6254 2472 15752 32701 4935 17185 29099 607 31736 15149 7611 24608 25060 31806 31494 20245 12547 11689 13578 30005 15468 10440 22529 13205 15845 2588 1480 7622 6114 13559 25684 32302 27366 18009 32331 13019 19033 2628 12409 32121 13536 23556 17139 2737 17489 5649 23781 13539 13679 16925 23775 9599 30748 29554 21850 10636 7237 15060 15560 19937 18721 2576 4089 17396 25675 15397 22961 29566 9566 8346 22485 21228 15492 15815 18682 27193 6146 6993 29098 24995 28899 14222 31564 24439 4072 29772 10427 10688 29050 20665 5397 6941 31109 29079 28319 17323 17449 31942 20802 10501 30161 26851 29568 6646 8473 22103 18060 8248 17950 2518 12760 11759 19659 24437 25921 22257 29760 10907 6949 8743 12707 67 9454 
20416 29614 1935 10452 25386 844 8322 601 23003 13603 20869 26666 27366 12670 11940 27960 1908 1689 7724 4732 15698 6519 25597 24742 437 13789 3792 8719 9449 30104 6733 19377 23457 21405 6005 3727 10977 20872 26151 25204 19575 14535 19021 19790 17989 12160 21475 26238 744 22451 11483 462 17670 3601 2958 4944 25595 27946 17960 17882 26474 6487 928 16691 16525 15238 18159 6982 7735 6247 21557 10717 22890 4532 4144 12900 9330 32747 24000 12402 27900 30653 2666 18981 12473 24101 14332 11577 295 23629 13267 2237 28020 17461 3442 26305 15115 8406 25919 24169 13977 643 19445 29819 24508 19489 15830 28769 28316 25004 24277 10525 8327 22564 19335 2900 18851 20002 11450 20116 8473 31661 22420 25319 31881 11447 18723 10550 8342 28389 14079 32273 7308 27838 4075 438 14107 12462 26823 27218 4339 21025 26398 7680 22862 12057 21981 17944 28773 32660 14782 28506 31541 23687 30215 21998 1472 28608 26315 14248 25715 7882 9725 27939 4038 21124 27313 20781 14215 20380 29161 1398 9244 24617 31603 31791 16711 5235 14231 19096 10657 27560 5081 21151 327 24966 18431 15483 12633 22396 25238 23353 29716 4406 11061 10487 24241 31012 14597 9270 8791 31414 24322 4349 6910 29833 22154 14050 1296 29081 27212 202 6383 13592 30974 17519 20762 22198 23213 15709 24181 13798 30550 15789 23214 27201 31586 30713 25027 14723 29805 1302 1764 2715 12242 13287 26364 436 19812 7990 26838 6761 19088 26513 13584 17748 6775 220 25179 24301 17413 5461 25720 12433 21083 29360 17326 17314 7601 23746 16186 9921 2005 1275 13183 5478 17402 15408 30082 2061 19731 1291 21754 14776 17464 25258 21182 18571 6087 3605 23851 19689 9137 31917 23794 5656 19440 22371 24282 29393 7269 31506 26069 32075 29110 23153 757 26342 24648 26106 
691 14915 27626 14812 15933 19054 27994 31991 10472 7719 1108 24361 7509 7 11634 25813 10738 11286 8395 10026 19067 30372 30991 24750 13723 30103 15461 2149 10638 26047 6195 16336 9337 7673 11953 4128 30939 16988 20883 10241 15927 8774 876 22305 7259 15974 23454 6786 2603 29765 12313 24900 16427 6514 30380 2694 21059 28154 11557 17926 31647 32146 31036 12036 4668 26208 5883 19296 18824 12500 19962 30253 15181 5501 27900 27580 4321 2475 9035 19115 27083 29024 4092 28329 12340 19250 2675 15163 7336 23399 26407 13851 2682 16405 19769 16871 27570 20313 27622 19660 29209 18176 16014 11371 7275 14207 5897 24371 5430 1303 25073 12056 20538 6089 26873 13158 21115 11241 700 2671 23189 17868 17320 16379 32431 22107 19416 28816 7236 17648 15910 16604 15887 12300 32008 29748 15978 25456 1727 14315 1535 8742 21718 27643 14896 41 28080 8194 2632 2619 3029 29489 4178 27397 10960 788 5061 27605 20739 12403 14225 25940 13846 28637 19333 31969 30298 12646 27316 11775 9959 28861 19073 12573 2251 6723 14213 23916 25492 16416 25479 23291 6676 30685 20931 24480 28700 17878 27214 16200 16510 15045 30989 8351 6066 9248 12058 20661 7058 26954 27075 2438 8741 21748 19837 10797 14365 28805 13384 10843 14407 25751 7802 1904 445 29873 1427 4591 5806 18135 3919 31994 26808 17604 24729 26232 13752 8606 23499 21634 10478 18938 28886 7481 21242 1752 23262 29064 3944 828 13294 8408 22981 29564 7903 12697 15599 26336 8589 23083 2521 13755 26824 31014 16784 13644 10447 3304 11980 9018 27520 13830 23649 21197 19046 20645 22523 12681 15645 22481 32757 16000 2829 26722 30749 11767 10202 23951 30620 27057 17695 721 16872 10098 14834 6787 5692 31787 1448 32272 9775 32437 6952 24019 24709 24788 25410 23428 29798 23363 
16348 26797 1877 8884 14047 21913 14589 21381 808 22705 4788 17239 2893 28827 11247 6445 11736 11158 21823 28208 18743 1378 13919 2911 1645 24114 17563 15055 1655 31278 25650 1432 21949 22634 3872 18330 8693 27518 6071 8783 4093 28284 29199 10247 23059 3732 31687 21890 19570 11465 8342 19296 27745 14051 13016 16715 11538 13 17516 9144 2889 22877 12870 31046 20389 19684 11631 16959 28273 29567 11033 29773 11405 20907 10845 29739 24689 5613 297 3455 1477 5671 29110 1519 20128 9663 1866 3211 21053 32177 8406 18431 15288 23398 9042 7762 30840 25698 4463 23841 12478 17321 17715 15501 1210 26561 11271 19059 18221 22427 21577 21268 2505 13853 4697 4561 17938 416 17667 5105 4221 5208 5883 3680 16394 13135 8758 24125 13070 16529 26687 1078 14049 16637 22752 26037 16429 15956 13567 25592 15673 24825 11968 17526 9321 9880 9849 19992 31616 32383 31314 11194 29732 7744 2833 23578 26705 23695 18670 31662 18868 9154 21893 7499 8790 13278 18212 14004 13861 20998 17528 16778 15955 21486 22713 11632 10091 25365 26951 25594 28595 19371 14933 22069 12291 19938 24888 22291 892 2131 25538 28196 1498 14217 23048 22456 24462 11867 31794 32716 445 11348 25230 16162 14662 21529 22606 8603 13224 3218 27156 21878 677 28357 4105 25848 23275 21550 21507 30540 12825 17216 31544 8405 5239 16407 28005 26610 7301 12404 9066 9911 13742 5735 9290 1394 21976 5969 452 31529 1300 12174 1612 21974 12957 1176 6530 11725 32167 11554 25786 8313 29827 25474 19612 21765 13202 8383 17345 12075 31798 27435 10744 21498 28519 8972 31894 16375 3855 2442 19691 25059 22622 8442 12830 12154 29531 18728 31453 21026 30623 16188 7550 20135 915 7564 11243 8838 11878 22777 6965 30181 19717 19859 18810 17707 21212 9572 31644 19110 
22244 16282 9663 7786 20836 31684 21612 28044 22328 8641 21155 5907 10597 14885 16102 25108 30886 32378 29852 594 11217 5888 17747 15521 16655 22990 26855 17993 25718 25060 24789 22330 13381 16432 22074 1211 31216 26708 9372 32331 142 2699 11366 28377 22190 12639 20459 22565 31319 9674 24503 23914 4095 2838 7871 210 3342 17147 23984 32410 8270 20943 21007 27339 4394 11096 363 23511 2764 29541 20013 14360 21793 7293 5251 7157 30996 3074 26617 13883 2977 26660 17983 20643 4357 16843 31502 11464 16682 4692 26407 20479 19866 7237 8369 30414 32137 12422 7628 11403 12817 19444 25923 23707 1508 25864 27218 23650 20173 24330 10844 32293 18593 6462 6672 30080 4810 12483 24884 26001 7541 13692 11076 24072 14995 30246 32315 15639 6563 12280 31348 18113 30094 14964 4204 29853 7456 1041 10495 24517 17103 21996 8143 23678 3784 20468 8738 31179 23811 12 25927 16085 21831 32486 2174 9937 30679 16745 24006 21725 23828 29714 2811 23557 12063 4559 21735 18116 15693 13999 14074 31052 20166 28118 31327 5409 20097 10235 7824 12698 11903 15290 25521 21901 16770 31175 3589 8365 4027 14750 21568 4550 23240 16557 21209 14100 23339 16635 6891 25644 14247 24321 8417 22090 26524 1004 2154 2197 12692 15763 16478 6896 12605 1744 14424 29365 19635 13959 18445 25478 1064 9973 22203 4028 19243 13744 26436 6952 28088 25111 19638 13258 2809 28766 29030 13703 30832 2222 4733 2502 7275 14076 23172 25287 28941 24862 30503 5898 4954 6267 8916 13544 6618 265 17564 24147 17905 13208 1580 29327 12115 7174 22482 30340 214 26568 22297 4022 20383 21719 20157 7644 31521 20837 118 22262 15199 25919 18145 21661 14040 2866 16138 12721 27917 18881 28862 13590 6505 32274 3362 12423 27011 2327 16219 25837 3742 20995 12855 14118 
16578 25645 32749 21029 28703 5148 2095 20083 24660 4971 4249 31946 18458 28390 26291 30409 29998 15357 26820 28547 8612 29167 26027 189 10483 1433 12632 3151 9220 32384 13908 29136 27821 13333 5495 3947 8730 4716 2528 22793 9260 14042 22095 6307 22971 24725 20843 976 2907 414 8302 32372 6843 17470 3791 3500 29373 6359 1134 8176 17943 26779 13584 21291 4819 26897 6884 22464 24245 14386 21473 30616 2153 12048 15927 29023 1970 27920 17053 10243 10088 14605 11183 12663 21132 20499 6771 14970 27366 15142 30032 15068 20099 3709 9661 27809 12202 21321 11617 24430 7450 714 11217 24131 8353 14898 16225 11361 23124 12820 7152 18953 13263 24430 19085 26716 31626 563 8826 26505 14681 29460 20534 8229 8757 24932 7860 5575 17468 9935 31198 31450 21552 6090 10839 31530 12951 22344 22303 227 4515 19854 8656 27466 14347 9795 23629 4845 846 11200 13431 31193 13864 12511 13311 1151 13486 24965 27677 8320 28120 15600 30912 18496 12440 18846 14443 19937 15634 22636 17513 19169 14458 30208 30993 22101 17675 19043 13281 26698 14663 32164 15519 17288 24338 22503 23787 15772 29933 29533 26825 3148 30119 32236 8575 3746 28988 21436 30975 28507 17486 3518 27574 12598 30249 28111 25237 10544 6478 29990 12261 24613 23828 19031 2640 29423 28311 1990 17218 1564 2178 1973 15317 15857 2822 9074 8396 30299 23671 5854 18434 20808 10990 12047 14315 13874 913 26037 30102 26496 12400 26207 291 14710 25856 5225 14665 27821 12991 6255 17001 2592 18284 24572 25059 23457 29312 19512 30296 15460 4377 25737 3336 3389 20697 10733 24021 20701 6388 27282 8207 20210 10309 29146 18295 25619 1639 25006 30845 19966 9596 6048 8102 3259 28009 32060 31489 13791 25902 16497 13328 13239 25985 17683 5036 21839 30455 18474 2806 31983 
13710 31229 24567 17887 9291 27749 20819 17658 198 28124 8159 6550 18677 11159 24621 12657 6873 4602 18204 13876 22174 18072 30744 20339 2833 15336 20490 17672 18265 16652 17443 952 890 27665 14961 4955 9844 4932 7673 6496 4930 17721 28696 4177 29993 9671 18786 12436 1475 15485 18837 29213 22908 1553 18606 18494 9164 10862 30118 31041 24774 24549 3902 17605 26993 26283 7240 10444 20232 28729 17279 21352 21979 150 690 31541 10199 7228 13150 6254 32554 5487 21297 16219 23693 27389 8526 20652 22900 14080 28679 31187 7587 1155 17673 24189 7474 17031 26334 31487 42 3339 29150 20254 10452 23250 20961 7170 24741 21228 2405 12200 29308 3636 4860 7203 15762 24987 20268 29391 24187 2775 13743 5365 4975 9469 20580 28470 2037 22889 19356 533 25500 4783 20124 8152 15939 12602 17988 20279 19056 25523 25766 9547 17571 6875 3178 10309 959 19645 5293 20520 12442 1222 12754 26819 18380 17379 25898 9852 18616 23610 21114 1577 16145 13209 32563 5044 227 29249 30753 28914 9461 28596 16989 26067 17631 21204 32083 10605 7810 22897 8789 1399 15353 28708 18674 1063 22953 15931 5967 527 19217 18368 18698 31153 6543 25744 29510 30482 29159 11666 30022 16762 3852 4763 1935 31156 1649 13114 9892 15669 27069 28894 20568 12320 13813 4476 4952 13345 31294 28586 26358 7084 6152 14506 6665 27006 19593 18548 12197 5247 3824 31774 17020 11543 22236 28169 25423 31030 16178 31222 18724 4590 23157 17054 13230 8581 9329 22557 30373 28543 18407 25265 22551 23572 4071 15562 13556 26045 13319 7859 20995 27521 19948 26491 13343 18531 23283 20254 24497 17630 2769 7697 25370 30732 10061 26322 6680 23056 21614 11034 28061 17600 4437 24963 15287 23482 16595 30075 18678 3442 21480 9327 15132 26412 21147 7345 528 11458 
5313 19750 19363 8632 17727 6599 17370 32234 7966 6328 6873 31777 22169 3207 13510 12320 1395 7125 9554 15660 24335 30896 2104 8164 7741 13513 29081 8179 5027 20854 4335 267 25848 15164 9303 32615 28097 18377 24464 9371 1539 16127 20469 30143 25121 13418 19682 376 6516 30975 3090 29700 24349 27497 9154 3691 11343 4488 9961 12150 12142 26833 13326 17739 32659 16797 3903 23915 1265 17170 25944 6677 12276 18187 3311 27329 17198 9350 16355 30371 1783 15252 16838 6328 12596 2940 13727 5223 32468 21386 25141 29118 23523 6186 14269 21363 14069 24790 1913 5300 14197 751 12804 16290 18551 15780 14984 2625 9008 27775 25004 16365 27384 21740 25831 17432 32243 195 4480 11590 23396 2899 23773 21986 30443 27916 12721 12747 16536 25505 12763 3011 25922 16286 3682 21502 4258 31888 15356 14750 22607 9396 30773 29148 20999 6880 16197 7037 706 8384 20438 18457 25232 12377 13953 4406 11944 15386 4621 11676 29440 30191 28821 23104 19388 10960 23044 19317 7719 2856 9924 25225 9192 21577 30040 24651 30558 7466 20335 590 17715 30545 3116 27170 16170 16373 4801 4434 27242 19518 27190 3451 31598 4012 4297 20065 8217 27807 10675 23619 13786 25035 8233 13723 28311 7936 875 22216 22873 25147 8411 25884 18621 16723 23040 126 12143 8119 7381 9678 24084 30490 32377 18009 22349 24977 21214 11058 31804 1782 15516 29056 30952 21178 16800 17231 27622 830 21719 16914 17364 23984 11260 20466 654 19510 31405 2696 15982 24568 9996 19597 26902 12349 10466 23192 12022 13870 30895 20210 23125 13858 3006 7874 30666 7178 3084 8449 30605 5712 1607 9554 22129 1908 21938 17443 29545 12748 28268 29520 15271 18500 24821 31919 28792 4992 19570 5157 14817 5797 21171 6188 21447 25796 32511 8133 18707 26930 14905 10845 
15232 421 32120 17881 3515 11417 30543 7286 5203 17921 7556 22864 2112 12677 25930 15408 32595 14835 11874 22997 32236 29871 19813 5118 8127 17006 32654 5421 23599 9439 22770 7326 28131 32086 11493 16580 22591 17401 18069 24899 3089 17561 11798 20931 23752 7409 18897 5455 16226 3373 22979 3513 1881 16486 8488 2572 26920 18104 21088 11790 16649 22146 8734 18534 28079 2641 27112 12443 1486 1235 19215 9036 21239 14151 4497 19093 4592 4359 18597 5526 29071 16070 14363 16776 5567 9591 26092 11582 25547 19092 28103 31643 20407 18349 29219 4845 21112 7660 26007 29355 17807 17744 20050 28669 21617 31619 21773 217 9410 4428 29014 5188 12762 5519 107 30762 10437 31926 27617 5674 7335 3768 30258 16084 9839 26837 21030 31958 11428 20447 13969 14012 17959 15926 7015 10448 15501 16857 10074 7487 24015 21973 27206 10636 9633 152 21572 11828 14117 29586 27144 24553 1542 20211 1564 7600 18020 32614 18903 30024 7336 3609 27634 9200 8760 12242 28792 5486 5635 26293 17502 24078 15915 20117 16442 21181 5521 24363 1896 31279 6485 62 7642 25026 10317 13429 29659 5002 30917 32738 2789 5277 2483 6451 1526 13331 19218 27796 20935 32553 23750 30072 28794 10657 5703 742 4946 7811 7122 8690 4943 2702 9042 287 2225 14050 31511 24560 26103 25291 15153 13766 16907 8518 32551 3097 17979 20194 3202 27218 4748 26901 21391 16507 24752 7919 15295 16907 30423 218 26086 591 29319 24420 7879 22417 25582 3465 9999 5737 23375 2829 25126 10430 19205 5741 6991 12372 10277 29992 15997 26929 22795 824 20979 6396 28340 31102 12571 9042 13292 19806 30576 11698 20212 2973 13278 22725 24005 25766 25128 32072 32566 14965 21620 5817 566 15710 21069 18194 4704 23994 19171 6484 11654 9813 1112 13972 4054 32218 
22607 13968 5738 27441 2707 5762 22526 25847 29150 14452 20248 24568 4437 15856 26575 20256 4832 7855 2380 32738 1079 4646 9547 8603 30146 15964 25333 4384 21153 2910 5144 430 16371 3949 29522 25644 27309 27656 10529 4101 24975 15644 3652 2651 28172 6119 6753 14195 27167 31623 28139 1989 22496 23024 29287 14226 22605 9447 26922 18938 31691 27704 9427 2393 2154 4973 10982 31258 21325 25649 14837 12650 12403 23722 26958 14797 32338 22866 27731 23169 56 21160 16477 16462 11650 2561 23846 26916 7083 15246 153 128 22225 5702 24271 17254 31088 16870 13918 12445 2844 11304 19198 873 17852 2118 32221 16739 30035 28412 25294 32098 26184 907 28440 6980 17674 11198 6997 15907 972 29723 19211 18008 23735 28412 18757 1833 10458 10618 4902 16028 1167 16839 17474 29567 30755 20365 12836 22916 4057 20863 16181 22114 28836 12930 545 22395 3062 23335 20873 3608 10196 17857 19666 2496 28852 8750 2899 2087 13964 15501 14070 2015 4415 5095 22687 17652 982 28436 17257 16601 27183 623 30075 20473 8548 13708 25853 10173 9429 26756 30697 21402 8841 27307 30967 28818 18031 20517 10594 324 13283 16331 9812 932 27354 18944 23001 31553 2115 32376 28972 25906 9098 7664 5877 2089 24557 6857 20561 16009 8329 23007 26680 7142 31334 386 18534 3524 12343 468 28858 16334 27888 1266 27646 29217 7147 18300 25944 22224 31761 23191 32314 18284 13137 888 17241 12478 30393 29461 30838 27205 14826 25680 29148 6384 17110 23387 21556 28530 27589 6348 4050 13848 7204 17941 30482 7249 24487 25960 6188 10925 3279 6728 23353 30794 20139 21005 3980 366 27791 18249 5095 15409 7442 15167 22862 26333 30073 707 29407 5384 13891 11513 21189 6899 18529 11297 1295 10548 18202 11100 16693 26033 20023 12834 18252 22308 
26379 31879 8657 17426 2630 19082 13056 1113 23640 8347 4714 15369 25711 2562 18601 513 12286 10888 2405 7910 23063 11138 28808 21419 29882 19074 14373 24083 28104 22277 15356 19141 28337 19911 5762 26912 21171 22743 20546 2790 18353 42 23962 14567 16326 4553 5062 19834 3508 31175 32648 10377 4423 27197 14102 19640 13126 10897 25594 12755 23542 5994 29897 11507 27768 6331 32666 10238 29979 25542 18186 7061 18671 20231 757 23945 27938 14189 23064 9086 8853 20125 13592 16969 26288 7993 16456 2459 2528 27512 30676 15192 17245 16759 30049 19452 12565 29555 22067 20860 11316 4590 19195 24225 15428 32572 25631 1878 25203 27772 9135 21356 23027 25979 29529 20594 29310 3991 5288 12416 18131 10776 28162 12276 932 2148 30252 28378 18410 25698 11817 2405 12011 5421 6223 25993 22136 4311 15138 26457 12480 20566 28147 6585 8587 24503 20490 9878 23658 1785 19961 23997 30352 29127 14706 31434 907 25960 27331 27242 10672 25152 28889 9591 10725 10914 29746 21823 32378 11713 27925 31894 25068 29551 29498 31297 32363 25621 5381 12809 1293 8186 1687 20923 30844 16564 6251 8714 29484 23891 3159 16724 15471 29671 12709 13760 19183 9614 6061 3413 11659 8452 28205 16030 16308 28784 6051 480 21719 29768 31043 14103 25656 5938 9737 11390 13305 18516 17859 31732 20693 23342 20553 12711 6909 873 25753 24305 19518 8422 27801 28156 11237 32243 21754 785 20922 23707 7781 11854 29883 15742 7019 18012 8242 14633 13227 10707 6788 23258 21488 27141 11996 1647 22906 23862 24986 1601 28036 26608 2007 8163 15498 26387 8362 20610 29525 25503 30478 11050 3087 14788 1251 31554 3589 1409 10185 13580 31483 28506 30598 18053 18950 13229 1279 26000 30580 13371 21474 5859 26394 11826 8373 5601 26640 3281 28942 7825 28221 21832 
12453 21977 5807 1867 4294 1202 29305 8581 8648 23321 16140 16135 189 1109 19503 31979 15563 21906 9482 23289 3251 32186 25586 22836 8036 5086 14571 5783 6089 14543 19763 4347 836 5581 24712 31188 12745 17619 26404 16047 32516 5465 9533 965 9518 5489 17669 10002 25609 28346 102 22911 9770 4104 22825 6570 9717 1870 32535 3851 8764 21913 11844 18763 29773 31383 31160 21012 2904 31749 21228 31410 11049 24489 19634 18526 19543 6218 30932 19897 21881 25260 10944 17592 17391 10303 2082 27396 19874 10114 23807 27276 13219 20528 25544 3738 20348 28484 28043 21920 21108 23993 28907 16858 21805 28102 12954 12162 30679 10256 16471 22689 24805 12094 29042 22627 31875 15402 11444 24918 1183 8837 17101 5750 5001 357 12626 22669 20999 25557 23444 32614 29490 27316 12867 13077 352 8782 12856 26454 24567 14526 13604 16039 26788 11579 1070 16689 8153 13503 16018 21842 790 11447 2026 17819 11399 5885 12675 13074 23666 12427 2749 27995 5078 26714 8062 9359 9670 31023 22195 7878 31248 24817 29728 20619 4766 32317 1855 2571 28284 9338 2525 20985 28620 13598 12038 9055 15985 28652 20721 22686 15586 6020 14769 4854 32071 13815 6073 24513 18850 16352 14163 22271 26542 25729 3826 15427 26240 19963 26523 13242 30196 23501 26380 13019 5942 21588 21101 23656 23852 11145 31679 16478 13296 28291 22427 11700 32129 14438 19955 9798 20610 26835 13675 11734 5590 23699 16831 31702 31987 28630 25008 11130 17490 10419 9432 4760 19390 10641 28657 24656 30963 13175 21089 30348 15178 10760 47 17512 13649 31576 6081 27048 2206 31755 30160 14425 1500 24150 31274 1397 8505 10264 25387 18017 13404 13407 1487 7637 32030 21205 23244 31218 28662 1975 25224 32765 16075 9225 16808 8493 19746 9142 8831 21666 21279 5458 30262 5370 
24591 30424 7745 3194 31429 3069 31121 2329 31331 25896 12197 13010 16325 13810 16876 15522 16295 13527 7028 15702 14569 28821 16770 32555 23316 14334 29552 11444 19526 8203 30329 9225 8685 30930 24110 15912 32398 3908 19879 7348 14484 18788 27622 31820 28276 25882 19387 12392 9249 4342 25686 25412 23122 16401 4800 8061 23019 15907 14439 20741 31136 297 23123 7061 22464 14427 21352 26724 6773 3324 16425 10780 31540 12692 14480 28272 20715 29996 11391 8975 29094 9094 10411 31394 3143 18348 29449 4180 28171 25188 4260 6277 10062 32708 15898 18990 23829 17614 12951 22488 19351 19593 4677 8730 8896 28185 12111 5617 28384 9857 6356 30764 9036 2860 471 10465 7876 27322 16833 27830 20304 16180 17920 17327 7150 6875 10591 31915 4937 572 23143 26652 5087 31132 24338 12396 12303 29792 7952 7042 19335 20938 28027 57 2850 1928 1709 30701 15251 5066 998 5123 28063 23195 16212 4525 12012 26278 4575 16869 10112 22708 3676 17675 15826 1093 18218 13265 11270 11125 30305 15821 7232 8712 26384 14822 2674 5059 9049 2585 16941 13847 3500 3591 32175 6384 1487 8203 7044 30926 8978 2898 30005 1282 28662 19895 24595 31851 11715 12168 25627 27829 12121 26973 26514 3983 20847 11523 24976 4734 4683 23984 1226 20621 5142 5563 31893 2028 16356 19360 27537 7210 2591 2240 10753 15813 21682 5226 11303 11177 17333 18096 555 10617 29418 14804 19757 24806 11493 19374 27640 24341 12619 22061 24519 15970 28596 5075 20382 25640 13747 18127 8359 3152 3436 24554 13860 24440 5193 21012 18135 16989 2714 14496 17914 8741 15124 20168 3338 25231 1413 10478 26237 21406 25610 16947 20000 16563 29353 24316 486 12086 25046 32363 26222 19259 11793 13863 1540 18021 21787 492 28862 9555 1223 27922 19620 4073 367 31440 
22391 5114 8726 6875 23863 8757 14068 16725 26856 4784 32539 22099 18238 5371 30108 21872 15488 19490 17857 6935 11139 9028 20398 19476 5014 15491 23232 5927 16780 18587 12036 23137 18607 30456 26739 13920 15347 1332 20826 19699 18019 19157 25364 89 4536 31043 2420 19387 26881 11391 11063 2061 30149 18819 22596 28409 4619 18504 14854 24614 2477 20263 16987 13746 12870 18618 389 13765 23360 18676 26997 32191 30341 5139 3106 12291 7647 8764 14593 14400 12112 7791 29747 14364 19929 1189 4369 17771 130 1993 26416 1744 16297 17420 24310 13171 9100 8938 32475 5848 25619 27175 29350 21822 31007 2211 31694 4506 3093 23553 29898 20320 22616 17296 7391 21852 14329 8608 12459 15008 27092 14093 5422 3844 19985 27128 28505 2233 26610 18074 32370 22308 21432 30136 16667 28880 12858 6419 10704 18659 17670 16315 20538 21133 6224 10274 21923 13485 24817 17066 26286 17601 28795 15457 21737 19233 29802 7995 17025 11892 27689 21626 25972 21237 13282 25994 7944 14896 6350 18630 19365 10265 431 4825 32652 9826 25671 16234 18436 30150 5183 407 23183 2166 17861 26700 16585 21370 14591 10128 6176 5844 7332 29592 18172 31770 806 32107 18080 14560 13664 6805 20208 84 10954 14612 5358 8610 4389 27475 13583 20321 21755 25712 31066 19865 26982 22602 28160 5083 13870 30039 15990 21825 13092 6496 30245 3472 3509 22514 26430 12091 10419 19703 21919 17595 2980 10477 9291 11288 4092 18986 1274 1649 8174 18462 21361 22458 6214 5584 27329 1715 9253 6583 3410 2104 16906 446 27649 25535 30390 2670 2170 25124 26105 9902 20374 28063 26302 23956 9909 31042 25203 26383 184 32428 8978 8563 26668 22964 25230 1401 25953 8142 24307 7503 26835 22977 24096 21112 24673 15827 6461 29269 5780 16612 13938 28618 31641 5863 
23185 13761 30655 28455 24994 5530 12954 30025 8575 4620 2621 3553 13620 27788 2191 8720 3898 26682 26384 1728 18326 8176 5068 22872 32311 18745 2149 2962 25991 12677 1634 3554 31313 26258 30081 17791 24346 652 1446 19724 9572 170 31757 19460 22933 2712 30844 10076 29011 19567 21362 13875 6119 31895 15817 2141 22829 8193 7849 31518 23283 28416 7024 22683 4909 5393 30244 26293 5148 12959 21243 4732 105 23668 9360 24130 27932 8535 13508 8348 10671 9518 7563 19302 28674 25541 3356 18076 29416 9377 2883 19785 7338 21011 7439 10844 9198 20169 773 28487 13671 5957 8589 20529 13607 9925 14756 10210 19680 17767 9831 14965 18385 26858 30396 20946 29751 30742 17160 6979 1090 26191 25750 24300 1500 21365 15266 20938 2730 23343 6124 18559 89 27569 865 17843 22852 7020 15003 1411 26688 11857 8956 9151 19484 29363 7199 8147 8870 30558 26575 22841 12389 3110 4010 19470 9317 5508 3834 22496 9670 10650 25464 1646 8278 21306 29081 18472 14200 20298 30065 1589 14082 2065 5956 4565 25724 3245 30645 4795 17083 11880 28802 3060 3546 2721 31660 5951 12255 5597 21939 30896 24118 10435 4099 12632 18449 11879 7625 25305 14759 8942 13789 16398 11278 8321 30349 3500 24178 11154 5192 16394 20812 7485 7875 28885 8850 31763 28252 992 9671 23624 6423 15418 2647 28208 15871 16387 19459 29344 32646 577 470 27144 8798 23726 10573 19689 7633 27395 2152 2824 9541 22760 17265 26395 28606 16107 4013 26489 15732 23161 1685 19125 8461 32500 7098 19677 3309 2451 11403 20219 32428 17770 12466 32354 25011 467 1170 613 27623 18270 30616 17719 9284 6412 15992 9598 2963 23533 13960 12555 7049 442 612 2668 16219 3095 16799 4887 23277 10601 10433 13455 16147 21439 75 4961 24649 27882 
18390 31426 21136 32419 26280 13898 11691 17249 24911 26695 3271 2879 756 4323 19678 11910 15932 94 5791 2720 18410 3422 12995 19449 9140 9226 24271 5163 25709 4388 27505 11772 2408 32669 8134 652 30410 4375 1889 2757 28453 30817 31922 27805 10234 25346 18951 13238 24832 868 16044 23680 23643 8449 13248 8320 25666 31413 8317 30961 22429 9154 1545 106 1348 11966 29369 23800 16682 29495 18184 20256 27703 16867 27055 24020 12089 25712 2650 18900 28876 14327 5259 8906 32334 6893 2426 22088 6506 10550 31993 6391 13524 29759 29157 534 20726 6286 6685 2681 7812 23183 23310 18649 31205 26532 7102 12573 30308 10110 13019 19583 23861 26125 13364 21519 19495 16540 8534 31507 8852 14509 25824 20831 14001 17815 13524 4057 28608 2366 19834 30773 5406 19431 14609 15673 32357 14101 15903 5194 7348 25153 25062 32455 16914 16416 9238 20668 6999 21436 29971 28512 31482 17813 8440 17044 2373 11892 20823 32192 31558 6482 8368 7293 18316 11296 12125 17204 12120 30857 29485 24676 10563 4333 17306 27909 2292 26168 22521 29962 20828 267 14862 10975 18177 29777 5222 2747 28848 31706 313 15550 22899 20333 20998 12476 12524 13033 30652 15067 23213 5419 6280 28955 31619 11024 11870 12499 2273 26261 13162 418 23658 23727 1084 4522 31179 1934 28077 22919 27552 16104 27277 6671 19402 18314 27932 3371 1544 31906 6072 23880 31616 21622 16598 25199 10584 1519 23482 21359 22452 31727 10837 14713 32637 21692 26824 9729 26484 10034 31085 30144 9733 21769 23958 14401 10160 30477 21321 21006 18859 16624 1200 32076 31378 1637 23561 10636 14629 19241 9517 27221 18463 8121 30579 10315 4187 8696 13723 64 15147 10716 27966 30714 1096 21132 17417 11282 29430 8841 25465 19740 24992 16889 9199 16068 30533 9075 1194 16881 
9923 24882 807 8379 30255 13086 12413 28728 15347 12096 15236 31407 32298 13693 20104 7182 15671 8121 21369 31684 5497 18667 2647 16234 7896 14889 19162 8206 17472 15859 9789 28660 31203 27966 18114 8722 30822 30531 32728 12985 5948 7039 3059 3103 985 10615 18625 28709 18729 6911 17613 30674 4944 13485 14399 26951 20442 5950 21049 4992 27509 8869 28294 3362 4517 27029 18100 12651 11134 27479 120 116 14716 27475 20770 7716 17232 25808 23601 18757 17269 29851 15317 4166 24391 23979 6074 9807 15085 17045 15328 2122 9310 15678 22939 13837 17254 21095 4804 29695 24761 3946 1321 6590 1636 22727 4548 21283 28349 8744 27515 22489 26989 29984 8640 24903 31465 32464 23401 8648 29 21338 4063 15474 18187 12679 19478 16014 23650 19882 28013 22147 22049 31228 8707 15636 16437 18049 22670 31244 27395 22528 13986 6843 10590 20052 13365 24794 18794 327 11871 8713 14401 30655 31176 3195 22075 14604 21995 30837 22243 7107 24175 16957 18580 7172 13528 31801 13754 9476 17006 2747 18495 5940 22307 20557 13351 7331 8500 22436 15293 24648 4912 10196 12098 14749 23075 963 32112 31261 16619 22395 3705 6084 31645 22835 25300 24593 3130 17854 11484 18841 3989 14578 18618 11283 726 18297 26321 3096 1536 3248 23166 8406 17234 27348 20361 28694 5947 29064 12703 24804 25592 29446 28471 27721 19582 23191 10035 14189 30298 6483 13466 27204 1707 15524 14687 30757 22138 29895 13875 28220 17920 9631 23716 7947 22115 11998 21397 18999 3421 742 16656 10410 32162 3875 31792 26729 16675 4269 1982 7333 28776 26082 20180 10796 23891 6804 24799 5231 20288 871 28124 18669 9455 2829 15769 25721 32689 7102 9870 21248 21697 10460 15811 16995 18614 4590 3984 366 26270 857 25010 27312 5979 5219 16994 4331 26720 28869 
16624 29225 9208 2799 32067 18963 9456 18285 8443 14388 21815 1946 24256 15629 9767 5562 15799 5932 11956 14326 16022 11956 29742 20790 25454 7320 24539 6092 30052 19198 4773 4601 9040 13852 7766 14602 18533 2451 638 2520 1916 15261 21390 20018 4134 11328 30921 17267 25881 30940 7345 14212 31890 24703 22058 15388 1569 4860 18352 5221 7680 24208 31637 15049 6784 29467 16276 15157 24748 24321 12071 18995 6140 16782 2479 5807 21899 9707 18430 10605 11640 24595 14505 28287 21682 20249 25733 7270 7770 17546 27003 2609 29411 10443 30454 13221 3865 8116 3818 28772 19393 25567 15824 2382 32513 1777 22307 17977 579 21817 30733 11313 27011 4179 32420 14534 25142 8220 18341 26583 17802 21666 13715 18379 20364 15979 28632 29517 12229 396 579 23346 3689 7591 26925 13799 4490 1310 14077 27545 31339 15383 28611 11122 26849 1531 13798 11989 20514 30383 27004 14389 1145 30803 7219 29126 8572 9547 27833 1098 10499 25700 14861 9749 11881 12532 25398 24966 16301 3044 31227 2372 13498 2833 1447 1844 8998 20829 8393 21879 18055 7086 16968 22555 1484 19648 7583 637 20304 11515 23652 3144 26353 1288 23850 31892 17068 2617 5498 22538 28870 11893 16057 10287 12390 25541 11637 14566 14367 11519 24359 27644 9524 535 19734 6904 26501 5916 24824 17987 7488 26276 18834 13312 16830 9007 12855 5365 2020 23639 11436 23773 18229 23324 28566 14979 25083 21200 31042 2673 5706 9904 8556 19597 21265 16358 30809 28427 765 12909 3691 30490 16997 27727 32611 21450 25396 27703 28301 7554 29655 25424 29216 11167 29113 7850 18070 15316 12215 23772 2496 9780 18176 25190 1285 23021 13941 31795 10455 137 13923 4308 25674 16576 22243 6011 8556 23592 7489 30598 14779 8160 20834 26967 9558 31581 5689 18382 13182 19536 
10108 1912 17256 5722 3234 26061 24563 4521 16328 7200 7887 6292 4740 6418 29581 23936 10669 17943 21646 24356 29210 29646 24862 30169 31303 1127 3818 28040 6819 26743 22993 26256 31914 19453 24239 31183 4450 57 22269 9947 1423 15624 12634 28833 23565 13788 11860 19981 15824 23412 2766 22015 2978 3530 15194 24485 26818 8213 568 31032 19707 11430 11472 1033 14815 31082 11511 26158 720 25961 536 1882 6681 19335 61 9525 14485 23474 18479 8599 7160 20449 23909 25930 13981 17840 13544 12404 18089 6769 16188 13497 19562 11560 14814 9839 22494 1218 11997 31312 9408 17275 30133 16799 21275 25249 1726 9689 26887 28718 14152 22476 20563 26351 15979 29136 17599 16606 30729 19505 31678 9949 21700 31889 16277 10127 21728 18325 7354 11096 15203 17054 13222 4785 3639 26765 8578 24995 26451 1040 27585 18724 4231 28221 26598 24886 4612 17950 15902 9281 23359 19348 4314 16586 29052 18312 21679 10540 88 11984 17302 18553 7264 17673 2210 23875 1601 26370 8131 15490 4574 4175 21770 9701 19139 22794 29179 7679 31266 920 25047 21726 5944 5019 3571 22434 16654 3016 12935 2534 3837 20355 5810 13342 29420 11583 13538 12683 27546 15477 18497 10452 9433 9939 26559 19611 10998 6521 5499 31628 12886 29210 9505 19966 19214 431 26760 21527 19004 14272 4058 13867 26583 4854 21498 12675 15565 5782 19639 390 11968 31236 15580 11644 14164 6684 11695 2774 30252 6923 21006 14770 26207 1128 28323 2448 7879 7249 15201 8863 27766 16803 8478 16540 12378 21009 10576 22982 31471 24162 11426 5292 28321 17756 31183 16652 16506 24855 15924 25809 12769 25603 14247 13782 6527 18583 15650 9712 12398 9076 21353 18097 21994 31878 10917 19777 7156 23148 29194 9697 19051 20880 14541 244 25779 7973 11664 1291 24006 1421 
11290 30641 19071 26130 7472 29310 8683 11022 22161 8722 9770 2496 12590 31072 13704 31339 32503 18018 29323 24356 25679 31622 25078 21777 17469 5783 24727 2863 11361 23819 13049 23300 18441 20873 26991 13353 11883 14990 4937 6775 10151 679 16185 4800 2531 24529 10820 6809 1129 12177 14138 21853 4142 32393 15999 20190 10897 31802 28171 26893 16060 31875 12710 8887 25349 23502 28613 31492 26884 23992 3784 18043 22016 2485 5206 5379 15985 9197 17655 29098 29132 11330 13725 877 29427 7933 1219 31100 30904 1596 32680 7479 6646 14532 28380 31601 15946 13788 4780 17388 10835 15431 19154 12052 10499 16120 13551 9430 25888 14244 23758 32406 19426 2085 3202 24392 12027 1494 32608 30346 784 12856 19970 8839 20032 4618 7955 28368 30378 3791 4235 22585 24247 987 24497 29045 16834 216 22354 10445 19923 9001 28639 26937 17299 32144 19540 24288 7507 15196 25638 2260 13750 31440 17192 703 2928 9996 25277 21456 1786 10538 15315 4102 9740 24441 10477 3658 9943 4165 10971 1884 24826 32120 132 6769 70 26621 12922 27651 28921 31855 24968 9305 1657 24744 31888 16935 12517 24271 30442 5702 29424 17884 8253 18390 10025 30114 31090 6930 15393 14141 29845 30866 8770 1823 27160 3430 29577 19571 11379 29406 2329 6955 23600 12 24605 12895 28485 5070 19137 1323 15373 269 7392 10904 9775 9592 20005 27162 14444 23180 20971 23884 25480 16779 19367 25228 23974 31217 17565 30370 17420 18516 30170 32589 9302 9282 27525 15884 8808 22583 16210 5844 15285 22933 24734 10909 16914 15184 18364 19553 32633 23294 25266 4168 9203 28122 4046 29241 23582 25939 10742 987 12635 7132 1372 30232 29397 10287 19629 14212 11053 22929 4412 30994 29277 16495 19574 6191 28647 7394 13027 16060 3500 7341 24976 18082 15600 17039 
29420 17275 1081 17238 27724 15255 8580 4535 543 19253 8811 2327 15249 9052 29760 7322 5161 26678 24373 15154 22649 858 5805 30014 10583 28804 27858 302 30516 30768 30381 5071 23480 5767 4372 32370 11779 26126 19403 20388 8383 11599 14518 1303 16500 28892 32485 30750 665 30262 28436 32003 8589 1569 300 23887 2852 7921 30930 26908 27201 9720 1220 4966 24211 19531 2310 16389 24340 31463 14703 6550 5504 32725 25048 16326 25094 9964 17688 10799 11644 4856 6273 6376 9609 26945 1611 22140 12014 8581 30545 27943 22675 9440 14476 9474 19252 27346 15962 10197 10281 15587 26815 25759 21048 21710 26798 911 6611 1531 8722 4432 24348 31110 15960 14931 31807 10360 29525 7551 19924 7529 16084 4375 22389 11024 14028 11672 15010 27711 7683 8480 28612 31853 3788 32116 9445 27612 22532 3327 17037 14926 4610 28122 3543 24255 23946 13135 28514 25860 15053 108 24696 16017 9144 32205 1903 18504 27425 17673 2219 14546 3274 8836 17180 11354 3988 13470 27229 18089 4350 28701 11655 22138 8568 14075 23554 10396 16834 27980 5853 3997 12076 13528 19057 17303 27467 2570 9181 31276 19605 32177 3677 27324 6293 10028 13130 29427 289 26216 25705 25021 6670 3148 17061 29422 11028 28955 31329 22012 29715 5965 7312 24924 29056 18396 26982 32153 3393 23300 13709 4734 18681 8343 966 4947 32566 15630 11218 30700 23524 3946 4282 3365 11118 2677 29396 10759 16268 25997 30273 28954 12533 21652 16991 22116 4590 19636 12592 26130 29150 13906 19614 23317 2194 30145 22744 14225 6924 1872 4530 18960 11781 11828 22687 12004 9790 29368 28583 13214 8819 29125 3613 26809 28305 13507 22722 4004 24267 31689 19331 12722 15575 10959 21260 12262 11838 24681 20667 7749 11763 8280 3424 28666 17910 32310 19523 30656 27551 23967 
6712 32582 27037 22822 21260 30447 8350 31465 23610 23356 10897 28640 29927 12021 13042 188 7980 28300 18638 3773 29080 15623 11752 23895 24802 15868 5892 731 1701 13564 17680 23114 17637 25831 19090 2559 1277 22560 24890 15918 25468 8684 27536 23328 25563 20821 10322 32039 7725 27455 17893 17807 16768 11788 10262 24213 1154 19576 9606 28326 24889 32035 20545 19935 150 12213 4485 11264 15903 6123 18010 5609 27740 19165 26569 29537 8366 15018 27105 29379 3216 15869 2942 18811 12547 29877 24213 5548 14868 3053 23385 13248 8102 8560 16748 17709 5362 19611 2914 11977 20906 7723 18403 8142 27412 14875 20061 27449 4766 5308 25974 30804 11626 10414 5167 788 20859 3581 18012 150 31927 11229 17574 27724 5730 11893 7242 1213 16418 31529 13036 11157 23253 8102 9390 18212 21320 3287 19000 20850 27690 31023 31077 17276 4792 32289 23140 26683 13455 22722 25511 9276 28577 15048 2697 241 30271 6412 6479 5974 15073 14261 19624 16409 1516 11909 19367 31882 29524 18029 21759 14102 22815 16235 751 25359 7326 19289 3823 5998 6734 32084 29331 10034 4628 3622 25166 9754 4867 32704 12936 232 817 14718 13656 12165 25941 11312 30690 4358 32608 4424 3592 4088 6010 14540 32725 22124 16862 16330 23216 13713 29349 2425 7444 2466 27375 11933 13986 25500 29839 5567 14695 29841 13160 29184 6116 2140 15212 4813 12149 6594 20289 11152 3371 20155 32368 29142 8978 27767 32056 394 11926 5622 28316 11198 339 12950 1629 24602 1256 29221 4782 4426 30730 4672 3403 11175 12143 26937 26185 31039 11632 9691 7789 19868 23163 21460 6282 23722 28341 28654 7252 30379 23367 8390 5579 31439 15670 15941 1953 3775 24944 11599 7197 23887 1271 8862 14145 2242 29465 11850 22861 24111 1988 27722 21253 29376 20810 24086 
2106 26791 18437 20198 23746 2758 6692 14660 6241 15193 8597 260 25406 13349 9495 2601 12386 8078 17029 6007 7532 19979 15527 24305 12315 22856 11385 13104 12671 17808 13683 31726 14158 4152 24298 21015 28096 18589 28857 3038 7588 13126 10508 13007 19684 8543 831 11772 476 18942 26554 16247 25582 10544 8813 15989 16272 14968 8132 357 7433 1577 21660 12615 24967 9675 9734 3345 21385 21868 30218 27231 8990 29006 20609 27751 16974 7144 2181 22058 22635 11462 4384 23100 2656 7641 22247 7051 14786 20178 2156 14100 17907 5786 7960 21314 23701 21907 22106 18112 8252 17901 6285 6388 16490 28226 8920 25876 6176 8149 10353 6779 28035 8476 25555 15368 11106 5685 21109 8336 6613 25314 20775 19093 390 32614 31082 2355 2480 29682 17346 29451 19441 27539 25809 24120 3609 23772 2835 26482 5350 13728 17258 1725 6885 12858 23967 22045 3188 8913 22825 30670 23803 18739 12526 7461 2690 5608 8596 22795 18926 29069 23896 12750 21150 17908 18341 20661 322 15001 14965 31493 27136 15886 30276 3101 8932 6 19322 16734 12241 18809 25445 2416 306 5804 23069 19912 4455 1802 26114 21254 30670 8115 2497 9238 2782 740 4660 16760 22685 28863 4244 6255 23535 2998 18618 6026 24630 27580 17939 24111 17348 24259 18569 9246 27023 14130 6517 16702 21268 13740 27222 17955 29503 26131 8566 14617 11428 16228 27072 26656 26910 32422 15540 31671 1932 31314 12360 31131 26015 7597 13980 8106 1705 18708 22832 9592 393 22096 24266 2693 11001 18530 14287 17242 11676 28635 25774 13773 28775 18678 8963 21655 31539 30381 21359 25589 18800 6762 4137 31364 10144 11245 20933 3077 4091 30205 12909 14069 18663 23548 32643 8430 13165 4995 21109 29646 4571 15936 22513 8106 31639 19228 28765 26555 10309 22193 24545 22314 
23505 9843 17706 19848 16905 3968 11270 19702 19044 5080 8611 11036 16708 20969 27253 1108 23558 26080 25697 4194 13531 2813 13090 30578 15085 29561 8784 21797 14452 8508 1181 10417 16928 22106 6460 9953 26578 22225 21055 7814 11025 7260 22238 8144 6384 3049 1755 12338 12176 1872 2567 13136 5627 4856 14327 29934 21587 21803 3831 3021 21659 31907 9914 28608 22162 4353 16256 32529 28616 19336 19986 2844 20976 2567 20445 7627 32654 17550 20521 27422 9451 20235 734 23237 11296 13337 32514 21469 24361 31967 11630 29536 920 7250 17502 4961 28745 15391 9118 8925 9146 13439 28226 20996 31681 22817 12165 16351 13833 21167 1166 4785 3110 4231 10131 10201 15075 1148 5947 15365 23401 20426 24319 21967 30050 2963 25516 20717 6167 165 1717 28385 14303 17226 7965 7416 22271 23583 16416 6026 15706 27179 11955 17954 25340 16358 13941 3311 16047 28631 2541 38 19677 11623 14043 17624 2665 19862 28811 27083 29613 17914 24468 23037 23402 28199 22979 18441 780 16601 32465 9362 22606 12043 23030 23345 6891 14265 352 13444 5624 30287 23216 28771 1863 26574 27549 9099 7155 17087 3774 16209 13114 30718 18661 1796 3977 18066 4460 27040 27983 6495 30410 13351 29930 29791 20782 30689 22187 4892 17371 2470 6825 15950 20109 28072 15290 3476 2095 1081 32592 15047 11137 26034 27833 4306 2225 1864 12577 27000 18281 12527 26723 22899 1326 13759 3083 2800 1833 3756 16711 26571 28931 22175 1088 27634 19862 29358 4566 5551 25547 5001 3009 13593 4661 14474 28845 28460 27199 29688 12667 15257 26739 18416 20836 17712 26665 20974 29717 23370 32233 106 14856 22098 14675 22042 7978 7305 19964 13274 17381 146 21036 25991 11060 53 17996 23618 922 9965 4242 4824 1982 32719 4049 30454 10834 17486 30504 30740 
178 26352 12370 4611 476 21480 12454 13345 32410 23223 31018 19462 542 19409 8850 4206 29822 19030 30878 4523 6991 8445 24801 31935 3635 7163 4160 26689 79 16062 15145 28195 7777 22106 21033 11289 4547 14691 15446 20661 5381 12159 8409 17102 25820 30648 628 5841 22247 20877 13574 5781 13642 8273 12426 26902 16453 24162 23907 10819 5088 22454 23771 3236 24560 19293 18172 23549 20139 5347 17934 23274 7283 17854 18586 6945 10818 26603 23771 16979 4827 13546 11420 2046 2901 14902 2643 16389 3456 5759 28804 14440 9497 30228 23538 18505 20142 284 13385 22233 4081 18108 11290 5137 12550 15132 30367 7803 16199 17129 32060 32616 7700 23027 3752 18251 21790 13970 27252 17379 27587 31037 28299 27746 5018 12020 6535 11486 12650 19929 20857 28856 9092 8813 30148 26843 11947 20711 22613 27758 12538 7616 3064 9098 13079 4445 1762 9893 22801 10965 18482 7448 18973 26416 22948 25182 485 19783 6987 19581 8052 21928 30362 21630 24430 2749 19421 24341 26351 2735 31567 22596 16935 22298 27544 12591 30806 3427 25167 4016 2419 21356 20257 30943 12159 16198 9259 14381 3763 30274 28604 9204 31486 29131 3471 30028 3175 15391 14135 28155 3308 23285 3497 18476 443 14130 31449 16067 19199 11644 3809 11750 11727 29140 11461 11472 30787 27619 30338 7881 26124 438 12447 1741 1378 1493 18400 14839 27443 6999 20359 11105 796 5638 8842 26485 1881 12779 14682 7972 28333 6552 2854 7405 30932 29495 7747 15969 15769 31112 10713 3811 19377 1628 11077 25901 24366 6683 14669 17815 14377 13074 27209 16958 15651 25830 32231 18277 23143 19432 25675 2963 15232 25622 26796 237 16987 1424 27118 31051 10763 6582 30379 15917 2419 8379 8929 19204 21760 10777 1351 13671 4725 23869 3259 8071 18468 25232 19188 24653 
19555 13910 25640 22648 28706 14866 6560 9619 25260 5620 31544 15242 22743 29546 25470 24747 20770 2282 16004 3030 12248 24670 13604 19283 28620 19803 32748 26356 29823 2203 25592 27769 24434 11047 4203 7871 23646 324 7311 7184 30647 1061 32273 14172 2649 17818 5320 4493 29822 10818 491 60 29901 32346 464 17788 26761 10180 7723 18199 31312 4291 22356 12793 29314 32487 9448 8285 27102 11062 20274 18293 30281 31960 12624 12966 28491 19821 10628 28052 23909 1603 29379 6027 15845 27168 23592 16126 1620 21514 14692 24713 10788 31334 32432 24804 15850 28655 3134 30912 29626 30373 23582 18604 24443 7065 6711 22658 19887 21261 22031 20790 11141 20291 13625 31674 7278 27188 31153 28754 7204 10719 10516 27434 19207 16919 10365 7215 19134 11335 22371 11585 8090 31863 23971 31674 32496 9876 19525 6130 21375 1839 2413 18268 24562 26568 21077 2419 11413 14 10398 18654 26405 17636 5865 18473 19055 32321 6952 20847 3856 3593 19882 11838 19493 3584 31578 15022 11023 24407 8781 1151 32289 23659 3036 32224 18114 2603 10562 26644 19486 28371 18317 23529 21168 329 20274 29022 26563 14928 249 132 10694 11806 13563 7426 29716 10905 23545 8533 22104 1673 16057 2410 10623 2087 2043 27361 23435 22137 23625 28502 2923 21980 9910 26563 1609 21127 1733 4626 15439 4915 5859 32149 17280 16054 17548 29570 27741 28173 2829 9908 2023 27958 31046 1337 15171 5648 5312 11150 12677 23974 4968 29122 28624 26570 29870 12106 13291 24385 20535 10591 180 16439 12256 6055 32411 11103 4052 27925 2714 2952 18725 2410 16682 1112 26678 10820 12994 19595 8321 13175 29792 29181 18974 29104 540 25196 2678 25216 30232 21386 27453 16171 14477 4354 18694 22013 26664 17673 32144 29312 24082 16784 8897 14412 31780 8128 19704 32140 
9825 18822 3282 4947 31259 6265 7539 7838 15360 18301 5134 6276 8528 18483 14567 8641 25408 13477 24303 5770 13527 29343 1972 10577 12885 18183 25419 1214 7749 8755 31284 14989 26648 3288 16844 28014 5100 20245 13899 18463 14717 21381 24389 1655 29749 26886 31877 14729 29775 7531 2725 24852 18215 325 30310 8437 26210 29748 27689 17271 16574 11946 20513 30057 12121 32116 25617 27687 15620 1697 5527 6686 12448 8416 20242 25959 26451 17167 10276 11239 23941 15046 27357 32540 4022 13270 22437 22113 1948 9476 31244 9495 23016 22011 22483 29240 15218 30033 5963 27758 22533 3365 20049 26303 6508 16944 7256 11860 8744 77 1831 28858 14298 12520 12853 7984 15036 16436 11391 2415 6462 31242 20185 21672 11306 8164 20555 29995 14862 12505 16461 30423 10369 22384 8546 25758 16345 32766 20738 2822 17135 4447 19577 17009 25267 24314 18081 14202 25174 10263 5891 13406 8892 18805 14063 22811 13655 31381 17801 12716 20226 6740 12232 5314 11436 15987 15698 983 15526 21880 26445 21368 29695 790 14761 14536 20445 23211 28251 25566 29405 6985 5596 32398 2263 26486 26541 20848 10193 5576 11696 7769 32569 17022 9592 2421 17984 2145 32276 25506 7567 31905 13855 12306 3334 32117 6716 295 14170 28135 17409 1212 23924 23833 7408 13341 4696 6486 11963 14797 7443 29539 25405 6106 8206 14162 23647 28710 759 2453 20182 19030 13589 15610 29246 21246 9364 256 13636 23457 17719 4939 17316 20484 306 20464 16621 21442 21896 24923 30488 13971 22714 24743 27260 20754 6976 31220 20460 21194 4002 23973 19992 18327 8397 3894 9127 9522 7050 15456 7651 298 2516 1445 18512 30504 9585 9077 1925 19034 23399 18545 11681 16434 30620 404 5992 16945 20648 12874 27823 13434 14353 13651 6779 21418 9113 6051 13170 30915 
13427 16137 13916 23818 14435 22018 12806 7510 10505 15934 1900 21802 18991 15222 4855 21887 31403 20451 29557 5928 13294 27908 17958 30222 21039 6633 5522 24982 3506 20262 24324 14822 25801 99 5074 23183 29516 30396 11320 19884 8421 26097 16613 30296 22911 25995 14287 4374 14664 30331 13704 32705 21608 22938 2707 14342 12988 22197 2388 14632 28128 17693 14531 16846 28861 29811 14464 31330 12029 17855 2924 1420 13672 7915 19235 19935 6304 27886 9693 4755 13626 29526 2213 16492 31494 30256 26149 5277 13809 8806 21832 9697 1295 25705 19172 27733 11339 23962 17375 28121 19028 30570 21300 5254 18520 28496 25637 2148 32276 16953 23553 26543 16569 20379 21671 22685 9450 3169 1000 24400 22104 8363 8074 24012 12374 31844 26698 4797 15577 1689 26078 8644 29309 20624 22491 32689 18507 1807 23475 5185 11752 11101 13375 30549 18394 11450 28946 26498 15170 30689 24024 13336 19058 12375 11888 3338 17483 9504 20010 18763 28605 11258 30858 30410 27070 22264 7398 9520 22111 22415 4742 4364 24960 27968 20217 27921 1491 19999 7330 13770 13813 9133 10532 32661 25529 1805 29763 29525 22451 15022 26329 7078 22167 32157 28712 27266 11301 28560 5307 23639 32091 26257 29151 3482 10654 25670 12127 2847 16298 8893 14768 31735 19674 3915 23164 10028 5516 29670 30725 7167 32737 15427 23604 28627 21057 30705 16259 13536 18236 1578 7096 4205 5028 3551 4377 4121 12449 4183 11787 16063 25541 14591 11423 17567 29982 30740 1903 24171 19487 31311 14121 12456 28295 2680 18547 5516 16497 24357 9480 30466 27822 16197 11667 20608 27357 26714 30233 30974 26101 31992 26508 1395 27632 30072 24071 18328 30660 10878 31045 1876 15117 26297 24552 705 17816 17812 27981 7840 31406 7067 12752 1634 23500 8734 20876 27776 13676 12903 3826 15104 
14244 23143 29729 23716 16848 24607 10721 12062 29893 18831 23728 22759 52 22958 3226 20712 19975 25383 4278 7765 11168 20449 10338 22053 8128 14211 2179 23500 10061 217 14643 13722 19708 20162 9567 14721 17698 31653 23891 31128 21221 3783 9898 14322 31030 15316 17500 20564 12403 25536 24698 21967 21899 12991 1407 13649 15828 25069 11126 18311 11198 25174 21369 7320 10649 4892 18697 2652 8549 5505 7850 1800 9127 25949 20307 3774 30781 31604 5182 22406 25589 20162 3047 16736 15249 19632 5883 9686 22779 6160 31391 16111 20425 27566 6834 26150 22629 9532 2589 16933 20479 24114 25286 2934 27207 8588 9142 16734 21423 15832 9451 22759 24807 20353 25036 30349 1408 1876 23993 13011 14058 26002 1436 2270 16477 25282 14247 1317 7235 14988 31296 23690 1846 8751 18625 16640 14437 26588 20322 15726 10130 14251 24845 25840 28708 3432 5844 16585 20622 26055 25973 29180 2293 7010 6273 29220 23413 3974 23634 3564 22024 29456 23435 1346 7450 13820 16497 19583 5717 3558 25287 16177 19175 1167 18231 23325 18185 10870 4112 22381 30999 13057 3960 26122 23223 2037 19151 12355 11243 276 26625 5781 2429 28932 20932 1108 22965 26170 9103 20586 8266 30391 17845 14849 11972 31615 17953 27252 20356 3350 16341 5114 3611 10213 19780 5095 27610 8973 23168 6689 16682 10625 32050 30438 4970 7388 25307 29 3958 22378 13763 16718 31524 7200 27225 13586 4698 3876 16568 8287 24193 8492 18415 2033 19185 19232 20602 518 9486 11170 1474 14213 13838 16220 19361 10142 18799 7408 568 13339 24015 30474 26431 30151 26026 25466 8652 10673 29775 7282 26655 27288 31379 18668 11033 7295 3716 30793 18095 12465 25931 19812 22843 788 6886 29571 23927 11277 24599 31327 13028 1837 17935 11882 863 11386 12301 5602 169 9857 
22220 8780 25476 19203 2000 3154 14227 6990 3098 17933 22757 12537 16391 25272 20691 23792 16661 26636 19129 19461 9695 32055 14195 14415 25185 25269 28166 18993 27428 14842 12598 13327 17253 30972 6240 24463 2090 5522 4327 12891 28767 3582 21376 18887 10016 6722 20617 20765 15820 4603 7362 20858 9426 30138 23896 9775 1775 29451 2160 2535 17322 7163 8908 21485 11046 19591 6845 21100 32148 25510 5406 9993 2497 31009 11067 32497 10908 25583 32403 17734 12711 29727 11400 16412 6715 678 1299 14960 10307 15809 15900 16442 11861 14564 31137 30441 5428 24574 20727 1766 23346 18463 12958 29402 11195 10353 31349 13369 19593 14053 7628 1471 5628 20904 22200 18902 831 15331 25858 25865 24948 2397 19601 5828 17935 30109 2844 31881 29524 3087 31563 15231 27963 23645 23333 6529 28379 32167 30463 13344 20634 14422 18225 13285 6003 16451 21610 22685 11242 16801 3871 6770 22345 8262 13448 3053 11358 1198 30101 25629 15320 3064 18253 1587 24300 9114 13063 32253 28130 646 24702 1521 3469 1252 20289 19612 2295 21623 18431 30984 7984 30100 10301 2753 2276 1811 32213 9585 31972 3832 13 24708 30709 30026 25787 11686 30911 17941 5716 8135 28038 27260 2658 20560 3469 26499 2652 8876 27772 757 27717 8525 1560 6181 1991 24715 27336 17902 9386 890 29008 25856 10594 25088 6572 27259 15829 13537 14623 4188 16256 6466 19310 10096 23966 3140 8304 6982 26832 319 2840 25778 31867 25518 1390 31994 11913 2727 30094 28155 938 31553 14327 6863 30384 18828 2305 29819 5625 4255 23432 30345 15158 31309 25047 2997 18137 4898 23012 1372 28657 16912 18499 16716 29560 27548 24001 18510 2548 3961 26079 17639 25274 14510 13178 11351 4121 13131 5105 3888 2999 17051 5393 20256 8723 8468 1925 14166 31151 1569 
21253 11405 15691 12834 11239 19009 28621 32320 9252 12130 15391 32730 28734 9973 3771 27365 22031 10640 5126 6748 22776 23810 24710 3581 27209 6004 29342 28206 28038 29696 11394 27307 6249 1458 481 29670 26706 29917 2509 29952 12503 2889 10051 20299 26572 20464 28676 964 22639 7932 1534 19363 15934 9099 3505 4675 17628 235 28115 13498 15092 22272 30014 14889 5584 3409 24234 14336 19460 18508 17628 23113 10839 7223 30362 22469 7340 10381 7209 23266 20420 2788 15044 31065 7881 22325 30921 22824 16851 32364 19413 7794 18154 2097 11329 9073 23325 27257 21880 20672 30343 20132 2821 2063 26101 14155 15995 12274 28967 28654 28615 23608 9177 31447 26638 28969 2593 20037 18888 2433 31803 2746 20934 19806 10263 134 16016 4703 984 4799 17391 7945 24618 28368 3301 20106 15947 5001 15976 27698 22948 24919 32618 13538 15503 28564 28598 2648 25494 20730 24621 11504 19355 8975 27137 11650 29065 18552 24092 20374 24638 22766 9280 14046 10186 12257 32543 2115 29429 5704 4978 22653 13639 20684 1613 14725 80 18862 14838 30989 29825 29792 20278 17245 13127 28956 4769 17040 31024 14558 22601 15302 928 7510 29178 4009 5928 1219 16506 6311 1137 6122 23574 3151 13546 13911 26786 18114 18726 3380 24985 23747 9152 763 8059 15007 22805 4650 25767 29542 9685 14450 28515 13345 29776 1593 1957 20249 3358 16412 23441 25569 22540 18986 31827 26383 2397 1675 17307 11744 1491 26981 17097 28221 27215 9424 22698 10225 2215 14977 12669 1149 8659 24114 26005 29179 31163 2455 20285 13950 24612 12972 1166 7360 7624 2962 4311 3856 21277 21966 14084 21385 15631 2049 2769 10080 6274 12722 24499 25814 14811 5510 7647 29794 9067 31971 23598 6449 31508 13335 17835 28222 19295 4381 13720 30889 16372 485 26674 25717 
32469 15807 18937 14544 22355 17085 21721 27929 14932 26759 21905 15533 31980 29418 2359 29226 7717 26935 8596 29149 31656 7713 15863 18902 17368 17064 17949 1194 5607 12254 26977 11984 20932 31161 24776 3427 28969 696 1315 13485 2729 8982 4127 11170 23640 32293 28103 19988 15444 25613 31180 27962 10969 3748 22299 9715 19800 12368 20667 15225 30504 20697 9292 6283 20437 14809 9883 6260 26741 5909 7631 20772 23473 4299 7332 6327 29111 811 5637 8841 24437 29040 3835 28534 28127 3285 16256 23630 3435 8155 25155 8532 24962 2838 12574 12987 10589 24357 227 16551 5703 19276 3921 27181 7640 32596 17390 31192 3072 7959 7474 9604 5062 20029 30974 3278 32613 19680 32317 12463 26662 12437 30217 1073 15516 12934 29436 18568 18108 32414 15337 12540 4903 26587 24881 13373 15502 20711 30988 1715 6795 7928 4045 18323 8025 18259 7432 9994 19927 9262 5184 12738 4134 20669 31246 31153 17427 15096 19782 10327 21635 6570 16135 23483 21227 18294 22426 23410 8111 26331 7745 13749 27360 11650 10875 5569 13839 11526 31823 17189 17192 23195 11325 21312 8977 16584 5893 126 8805 17903 3006 16805 27402 28734 26056 24087 7556 11785 2492 28965 7945 21224 15785 13098 7462 28651 2075 28469 14570 22297 16072 5397 6918 27055 5505 8968 8808 31595 5168 24761 11513 2729 15713 23268 32466 32683 19451 6797 5044 19824 18264 4184 13155 20474 23596 17897 28299 11181 22200 2832 10129 24266 9428 7510 9675 8721 14698 24483 5193 19638 13745 8046 2953 19959 323 26529 25630 15560 30764 11591 13180 30087 662 24949 6671 12746 19952 7732 1552 30512 19580 2077 25137 6535 15542 5131 27013 23603 26523 27577 21847 7144 4340 26035 26275 15505 4328 7114 1359 15567 28194 4239 7591 4150 12412 1947 13639 7819 18305 13715 
26213 27370 7355 19451 12380 17667 6903 9667 4714 3797 5228 30829 8123 24743 25443 28766 1248 14171 27013 15425 26517 442 32113 2587 141 6695 3657 18178 27088 22065 26187 31379 25144 20481 13216 8547 5590 12026 32692 11491 17545 21345 26133 12079 24957 29564 22317 32171 1295 377 30871 26429 4154 31220 11094 11265 29011 24000 21784 24076 19572 30783 31197 24329 9685 27685 30779 24445 7001 16387 18992 19851 20308 19577 21416 30385 6351 5062 2767 11971 22632 6446 23221 4457 14012 31830 23744 14281 3846 16157 12794 25783 26683 30663 8585 12912 10914 11746 2191 31890 24224 23953 28223 21073 13307 6719 10448 973 19688 10584 9209 10056 8988 24077 23179 20811 15269 4893 26326 18476 2671 32075 31844 12448 1885 12718 337 8244 5501 27386 19339 23586 32410 11654 4785 28790 23145 26594 22447 9298 29427 15846 19826 27015 26325 32505 1855 4433 8161 19541 24435 30157 19277 25188 11992 30020 17963 30165 17771 11855 17789 14582 31079 2907 30589 8201 14047 10551 7404 11723 12670 5604 20615 19892 23776 3042 17737 16031 30442 20231 30265 8553 13065 2503 24141 8027 23543 5791 14494 25732 23936 23988 294 4609 30075 26831 30298 11434 18437 14731 14002 13928 11144 27642 24303 26122 27597 19025 30165 5281 10080 21505 2282 26066 17509 17380 11765 26477 1265 18360 27703 4045 22620 9837 2402 11650 10086 19847 26751 25179 7822 3169 27941 14410 20114 9109 16638 8677 9568 8326 19812 24458 9115 14010 21751 16810 5047 10376 1425 26647 32506 17629 20033 19409 21310 28541 4042 21683 20984 11067 473 1124 26280 32097 21629 7799 23343 20080 27328 26196 17302 15073 23191 23487 5743 7380 21276 31593 11133 12151 29294 28818 8540 13956 25339 18312 24645 16598 24006 5167 8645 12503 8885 443 6398 17126 3789 16343 2500 7092 
12127 14885 29534 7998 21557 32478 14396 29516 20387 29419 15221 6259 9599 5239 3302 10369 15708 484 13150 22733 4834 25152 9417 26949 28136 31725 5846 27493 14963 3512 23841 27326 8771 9027 18206 3159 14071 10893 27657 15441 3409 31901 19737 19445 28198 10809 11814 29614 6374 31234 22922 27763 11656 10727 9660 7849 25368 28168 24630 31095 11603 2644 21174 28177 30079 12718 31050 32022 10963 8612 17798 15952 26106 3917 16714 18756 15343 18234 14812 28420 10187 7334 24020 11237 31687 24464 25955 9195 22175 11619 13661 9333 2905 22220 10212 5408 9551 17933 32394 23283 16924 26156 29762 30003 26264 5266 32236 27811 17747 11112 8207 9636 848 17202 8531 27205 19762 3305 21870 2206 27149 35 20914 20917 25502 21909 21395 12121 10865 1922 13307 17444 8997 27088 9546 4252 25965 21187 27302 7600 14296 17100 2333 2665 10829 25289 16445 9430 13509 14952 31695 11998 16919 16578 9358 30356 3368 19107 32504 13388 15931 27934 26437 7843 28718 30857 8324 24565 2731 20515 31188 5758 14356 28009 2930 3194 3220 22965 6293 13028 31568 18908 8389 14722 6412 5436 20153 8340 21471 4173 1202 26045 32629 3586 8287 5059 11445 6205 24404 8582 13611 22584 13667 1949 28895 13597 28354 27400 28423 29415 25753 23442 22512 28599 17613 27395 25618 15059 27668 17797 6179 6600 13031 24786 9675 6497 8680 29543 15146 31975 24989 27132 27057 32590 13092 20969 19243 14392 31330 12885 14885 24385 27377 22482 4427 3071 24958 11832 27225 5960 26449 16535 16990 23889 14880 19577 25742 31416 16800 10860 19250 14894 17429 6051 10572 16052 12290 30849 22446 9635 10749 6745 2968 9671 9465 19208 17305 5204 7151 15867 28329 13644 5617 4674 30168 29438 23081 22755 11720 26306 32082 30073 16314 27242 7396 25579 12941 5703 30579 28118 
15533 25518 439 9280 14454 9188 32576 14416 17375 20893 16550 15411 550 24937 15301 3920 30433 30825 20730 25362 3865 4356 21587 25595 27243 4484 7752 17216 31409 31774 30041 4006 24914 26806 11348 4331 24195 15454 8323 18941 22755 32228 29482 22927 25809 19752 9142 23804 27290 11973 6667 11190 21225 6809 23686 5485 28374 9401 30269 18643 28584 27640 3461 26842 12771 8198 24754 22093 9663 1648 32618 16547 19914 27820 26837 11931 5639 27046 3638 16029 18156 1240 11746 16575 742 20725 12958 4895 27516 9874 25287 17318 19635 26421 1202 9626 21846 1057 30579 32543 7479 4259 25203 7794 28506 14656 19034 18506 22113 29566 6182 9177 27717 19618 8369 14005 12709 24903 2239 27082 26202 21759 7861 2046 11193 8171 2509 29510 8679 4920 97 22670 9730 31803 15397 26700 17830 7382 8389 23270 11642 20567 24705 16436 25497 14628 18423 16758 31742 22549 19981 29888 15371 9388 30743 27730 5215 5924 29243 7150 23070 5564 21630 11511 7892 16591 18761 23796 2128 920 17836 10706 2270 25243 5332 4100 14688 6021 12802 56 12192 12590 9823 31133 29486 4604 11542 27664 17329 2465 25722 6873 17792 23022 14919 11188 31401 4418 20349 28986 3927 4665 26234 5447 15910 23122 29254 6849 6378 20154 11396 23465 32536 6210 10932 25372 11844 24000 32713 18298 10069 1508 24361 3082 6527 20760 11741 6279 8813 21884 16502 8502 26280 31333 9067 18715 31533 24810 14420 16488 8620 10682 19468 6614 17629 14011 17891 4806 24519 9603 16182 16740 9883 6188 7463 15520 17669 21615 8669 15483 22158 28545 10710 29373 17419 4485 26086 7796 12019 11295 10532 32299 572 8788 5028 25455 29125 913 2006 21225 26133 14221 29924 21413 2934 17578 19023 12302 20593 11781 28360 17751 600 2466 8490 17068 5816 13779 6318 13943 
26533 3738 21807 26291 32164 31309 3799 24034 2250 7472 31831 30274 11339 18802 7239 6492 22992 28685 27184 32367 4743 25382 9332 18598 385 17824 13417 1085 15875 22164 16955 5157 5052 6786 25038 2870 11689 18564 5819 3334 20703 19816 30180 17692 3476 4423 4591 7235 21715 4483 13549 26666 3240 8015 14249 13998 2005 597 17282 25790 7729 27591 18438 22843 7832 653 25170 8529 380 19234 29236 4188 24093 26958 29378 2217 20442 29868 10073 5161 16290 6221 17346 3328 472 12214 25127 23610 5433 30652 24684 23071 11587 20935 27328 18144 8442 21013 11400 19576 29887 7147 15623 19825 21685 5848 6719 19366 7580 20803 447 32736 31217 5758 18837 15736 24778 10465 26891 16567 3030 20470 12871 30153 7177 10595 23011 1209 12120 8937 3902 14255 26820 25561 19525 15538 1 1051 2125 28129 57 21743 2127 9132 7985 6589 1394 20085 4737 10670 19017 11311 4530 21656 26094 15242 24130 28992 8875 10003 18626 4605 11911 10365 8832 22788 4003 30361 14524 16522 27424 16902 14482 11593 25567 3884 27640 4290 21807 30358 6518 8318 17331 18156 17085 29576 4075 15691 12748 10275 356 17011 10724 9827 1037 13928 30466 12040 7192 26160 8898 2814 4962 24725 7184 25646 19191 2034 29645 15299 11648 11331 29771 28817 8026 8208 8884 14533 18359 9126 29271 3240 6979 12775 23339 18208 6673 10215 27542 11319 23603 23451 21997 16659 8211 18374 28925 28401 10996 27157 2112 21475 424 7387 21119 9381 18255 4920 28058 9697 8790 13096 24177 3001 22842 2095 26960 24312 4596 7854 3946 31980 2731 16800 9413 5067 2914 20598 14224 7911 26653 27678 1017 16295 19396 16590 20119 382 19019 16928 31458 13608 3991 29452 28264 11618 14040 1372 28819 415 24525 12693 22627 4659 24400 21769 13083 4893 16999 2857 
7415 20058 12963 9557 1252 12574 24521 19452 8170 4337 10294 770 8031 15205 6856 29602 29783 2350 12648 53 20741 21647 21567 12000 23042 19312 1764 9475 7324 25787 30714 11638 3161 22019 8802 18868 8299 3923 30084 20760 3206 14900 15484 4994 20019 4592 4234 21981 24769 22579 6802 13580 6447 21632 226 32066 10124 22528 8985 6744 9399 27454 13876 22847 25493 14318 17876 17777 6364 17023 25126 6886 29670 10171 18600 11695 4503 28238 20603 16018 272 13714 8780 3114 31422 27263 21090 26029 29498 7508 20094 28314 14717 15346 3063 11695 24114 6804 22573 20385 21970 31898 25579 23802 10077 16088 28153 10785 20880 12148 32761 1248 3519 19051 9661 27107 26346 23281 27324 19915 26420 27875 24791 15000 31507 31225 26880 28596 19243 2100 18108 22166 5556 15327 2089 32075 15159 22 14578 31120 24842 15037 28480 27949 14658 20889 30750 15364 19471 19390 14215 14286 29390 17017 25212 29991 864 2744 17476 22829 22383 14727 15743 13831 25819 21531 25919 27191 3191 793 27960 4126 30541 2428 1293 13667 29925 32305 15129 26013 32565 2410 29340 27230 14890 98 29374 3141 6544 24836 3081 14835 11206 4450 27975 22909 24402 26320 19839 18273 21214 24490 2831 27522 171 19261 11821 14190 21101 20429 31049 20751 5796 11755 32448 9814 8026 27049 21213 9418 3172 28340 3949 16418 30703 12135 27552 14134 11219 21950 29688 11434 30396 23350 2210 953 9354 24056 13622 29391 12113 16110 25212 27406 3410 23179 20941 10549 18571 10585 6523 1192 3473 2406 10962 26686 10544 28025 14370 24787 23091 2756 1365 10943 15748 5069 9805 30147 30586 10923 2684 874 23164 10250 10984 31645 19684 14870 30016 1923 26001 7839 14772 12085 11160 8231 30489 18309 3595 8370 21020 10530 23829 920 6902 10678 3283 17254 9759 15307 
30308 9806 7218 31037 12531 26540 20687 5993 28454 22835 15957 438 7049 31464 8580 32332 6834 24277 27719 10886 14660 22038 30674 25148 10319 13737 23752 30317 22940 24165 2648 20737 32079 14901 13486 4063 28674 28164 8882 28850 4153 7301 19838 19978 5642 20671 25217 4384 7912 28135 22589 10154 15157 2254 15211 19321 2301 934 25959 14116 26456 16477 24302 17924 11229 4762 11718 19971 3896 1818 3477 7368 25722 5910 14524 18048 5121 243 25189 25616 12260 4290 16861 16468 14173 32281 29410 27192 24456 23592 9237 14223 9040 22559 7456 13109 15883 2442 22662 30992 7505 13061 11383 26011 21799 13256 20316 20676 7679 15578 325 21848 10509 14107 24189 9288 30792 21833 30087 17236 30491 9599 11500 26237 21203 4261 9818 2869 17565 9139 31680 19700 17789 8785 8131 13902 31109 5884 5758 9992 7267 3915 18181 3148 31962 14063 25707 17781 21847 14942 8902 16144 27128 32739 31454 32475 16389 9568 19208 2653 20978 18615 9986 3627 27874 18752 14050 25585 4026 13956 21585 3905 21589 1948 17627 4951 26891 31902 20939 9944 19029 12946 7714 29001 14932 442 29957 5069 1590 19126 21089 25802 11987 2128 5428 14299 14034 24517 13213 30822 21131 13456 23397 21236 12903 1101 14268 9572 13036 7888 22731 14007 22310 3979 32413 28384 21532 16050 15607 3080 18730 12882 14940 4030 172 3725 19645 7771 26678 29632 8346 3788 5756 7916 17456 4754 17751 6787 18827 9393 11029 21218 32761 18600 16298 28133 31203 30048 5374 20947 22030 2004 11260 25199 4223 9524 2124 8537 21082 16808 18702 5697 19788 2237 28347 19158 19085 27070 24263 29627 23133 26732 25345 7806 8459 11842 12517 30771 2144 2006 13289 11529 29132 25615 18898 7623 8884 13002 30030 32535 2282 3743 14131 5116 8481 26379 32355 24457 10136 17160 
15289 15019 13950 11691 21777 24052 16657 24402 20785 6249 17618 7379 25458 23292 2573 30896 25686 28483 5930 23081 8553 12127 26153 5390 8663 13174 16297 14802 32030 17985 22867 7895 4519 5379 31849 15120 1803 11322 3472 16812 31926 22410 1493 12846 16257 29009 852 27898 2509 25970 12424 23379 7215 10172 2643 11164 22955 8077 18904 3764 26420 28506 19615 30863 29221 18199 2398 22567 6910 27216 6105 16924 9078 32735 1464 4944 733 5120 12653 14564 26304 30310 28326 9703 29507 8492 9051 16142 27161 2733 26807 15530 1128 17573 23574 4991 20083 3126 24049 22781 208 6724 27173 15679 9564 3351 18418 7135 12841 16890 2765 15457 7876 30733 21978 10568 18199 4340 31216 3412 3108 27474 14111 11971 7839 14696 24543 24037 21548 5995 6609 19019 15220 29497 5676 26177 4008 8509 24177 15210 8962 30044 18809 11336 14644 18601 4524 18259 1276 9350 15483 12161 8631 27645 1506 23891 16228 3840 9065 15292 26570 3438 19786 10285 28862 20428 30144 14960 12228 21903 18783 46 5360 19938 21260 25135 6514 28430 12339 15524 1220 17756 8988 32759 5933 29005 21133 248 4486 20460 2938 28530 29750 20454 26022 4850 26595 21251 29578 22318 21231 24222 6330 27245 16521 17653 5984 26521 31904 7390 9301 29876 6659 29134 5750 13828 31540 14062 10324 22995 4741 11541 2700 18004 23267 16437 27374 6842 842 1675 16195 10023 17651 10618 5577 6988 13776 31746 9918 2609 30801 22416 1146 13975 4057 18291 28442 8097 31716 18646 201 9085 22069 1470 23999 4038 15227 30664 7649 20131 5738 22175 16494 10564 26437 142 18729 28413 14372 27464 8478 23390 7172 16492 2842 24527 29453 20144 21088 15039 10251 22166 30825 3853 4349 13783 32186 4835 17667 15253 11142 24899 11258 11265 4142 31187 31108 6935 16485 14804 
9688 5236 23092 20332 28805 6333 8324 5585 14479 23366 28226 31274 19936 31227 26074 6259 16190 20795 11876 30331 11400 499 2156 23521 15675 20921 5908 9350 2281 11324 1993 10344 16259 24308 6554 1894 22808 18841 3708 8227 6384 1030 29485 3080 28798 29663 6841 30943 1682 14468 2348 25805 2861 11375 21353 10102 14768 28453 2349 6654 4432 16922 19004 27295 21524 23204 11413 28275 4710 23077 19122 4681 23458 4091 28114 8041 3821 8103 12421 23487 24725 28161 3817 24351 28119 9261 2181 12282 28754 20826 14852 29298 28840 20136 20013 15467 25433 2985 108 24911 16333 29289 869 26938 7959 1317 29885 4258 29702 5163 30679 16630 12687 6211 15198 10314 19730 4042 25857 19057 14408 14848 14067 22495 7186 5301 30508 9920 493 1333 2085 29267 8379 26241 17701 15811 23037 8119 24139 15470 28913 22789 22827 2961 7327 7079 10409 30300 8509 12719 18288 18326 24057 32103 30917 25765 26568 19195 19193 23855 13806 18230 24376 28532 24195 10365 28623 26623 30094 4240 30940 22245 15826 16106 7585 7990 25261 10683 14566 28047 4083 30741 29413 20898 12548 19947 17019 32698 31241 12719 26289 22063 3305 11504 6618 31815 13098 5968 23156 25074 13479 6877 9331 29483 15992 15922 8729 17844 31662 14866 8006 27363 16408 9569 30390 16113 20706 13946 26086 8737 9000 3986 32757 5428 11359 15599 2047 3880 25868 11153 15148 29624 13600 12455 4208 9810 17733 4180 11227 23818 18676 16204 21360 1703 17998 7331 30039 2547 9031 16751 31501 16436 32622 9424 8677 29375 13166 4849 11445 20336 14304 22184 31799 3585 843 20352 17211 2526 18761 27024 10629 26009 17907 13515 11272 8990 18760 15836 3101 14169 3183 26166 30029 8775 27516 16265 14362 15514 31203 5801 15198 12120 11876 15869 18330 13739 2760 19551 18976 3646 
14145 22186 24988 9130 20471 12880 5416 16268 3262 23287 3369 27012 5419 4716 30279 11237 29482 28631 31803 6991 1976 11573 5672 5994 18995 26630 26259 15768 4877 12101 11791 1196 20278 25265 7865 12282 14069 11032 5797 5210 7156 25956 20082 3022 22586 9894 22382 1646 17966 19664 13509 29671 620 20762 8143 29511 10114 18809 19919 11878 17269 484 15653 2795 13062 22854 11201 441 23760 12923 1709 30807 21749 1972 10317 10089 30937 25572 2505 5964 9261 497 3038 20745 28492 23736 5775 29556 21632 19938 30825 22449 79 32464 549 5030 8837 5014 21441 27755 17215 1143 31737 29179 10618 32103 24295 12472 6789 31119 7779 15130 27378 17415 31121 18064 25483 17157 26570 14650 24554 26530 6814 5299 22887 8698 3430 25236 20662 13209 15785 15498 29430 29745 12839 31681 17847 10807 15687 23695 26367 22533 18147 16092 7216 17576 30252 8052 17090 5197 30820 18598 8822 30066 20638 11080 25876 22778 22903 283 2293 19090 8880 18834 17165 31837 28264 13267 13692 15450 28056 10707 5331 5112 20249 26679 28582 10374 936 19121 5618 4473 21687 19874 29429 6396 26265 5934 3529 21678 25771 23477 25315 10123 28807 5474 27683 7165 9157 575 24291 24533 16258 25041 17957 4808 20740 20225 20530 30233 25036 2927 4710 1372 32653 8247 29531 5182 13763 27506 17921 29875 20591 19330 1612 29987 6976 13092 24701 29250 441 23204 27151 26550 27058 14574 7346 1343 25071 22980 22270 26316 26194 27029 27647 28951 29197 23191 27598 2692 16507 10737 12808 19355 28661 22380 26005 23304 1804 1874 4855 29759 9838 6998 8126 7480 6516 6731 13623 25421 5104 3669 5280 1435 8621 26069 9769 21891 20399 4170 23609 8654 7530 23482 14460 6450 2597 7451 28508 30698 1332 11256 29133 12713 7920 2668 26808 8077 11090 29254 
27484 28176 5660 18625 29135 30735 8376 18889 18574 8164 11804 27660 23129 4997 1409 16400 29772 21326 14823 8577 25515 9753 12029 18994 10430 23097 14582 4058 24012 11534 4052 9469 6177 12221 3987 22301 18128 25429 10023 23639 20561 123 3191 17556 14307 28430 7370 6070 31367 26652 32201 25664 27900 19030 17653 12643 17354 27617 13308 9949 19018 28787 14299 4582 10607 13113 31053 18378 28551 3657 12460 5444 26049 28414 14969 12914 9385 16953 14363 3288 20066 23494 1028 27138 28595 12003 1834 17673 19894 20137 26411 3763 8239 17098 27019 3146 10006 23806 5134 23698 31383 11871 26833 27774 32679 21628 11845 326 13043 12618 6966 3718 16159 29759 23198 24132 2544 12492 8817 29330 24067 3753 30274 20355 21685 13420 3110 23600 18102 4670 3715 26323 25385 22822 20103 6155 12404 28498 23588 1766 15300 1661 19312 5470 31158 25880 316 5910 10692 1718 29744 13315 29164 31714 9233 5431 2815 26784 15111 25653 4001 11249 12632 15629 28318 24133 1708 11688 8828 16780 30127 4789 22299 4088 22390 25663 7113 28942 8961 9298 5047 20249 18054 2559 14779 3200 22553 1426 26068 16299 25252 3228 2013 8876 1357 12692 8000 22872 12362 16972 26385 30856 29045 17195 28710 30348 6345 28297 9396 13300 19143 23661 30126 6724 16660 17151 2779 26806 7817 26732 30108 15713 9122 23191 2952 9131 20949 29225 30309 7596 12392 13205 13323 11067 3240 11361 26213 7236 15161 7795 5777 3643 26541 27934 23446 10384 12016 32447 23026 23273 26227 28598 4001 24812 32446 19293 28082 3157 13037 1304 29889 32587 3349 31083 31288 9069 4097 31379 9753 24171 1323 19495 24836 10930 27566 21762 937 28667 13613 13157 15323 2348 14388 9450 18201 17466 32436 7731 12894 13615 14065 22350 3445 25641 4017 8234 14591 23321 10245 4294 
8298 7619 2115 24508 10853 11645 18990 7542 2991 13381 16137 26550 25604 3911 23693 9192 19066 25801 31614 12245 23231 23938 29263 3597 1711 18832 23256 19912 26775 23240 17179 16120 18014 19412 10103 17721 4374 7200 27458 2677 19236 26414 17516 31011 8124 15367 2877 26059 25475 15175 958 19913 962 9076 18915 30028 8131 2033 19830 17118 28208 28505 16931 31646 31635 8133 17144 3504 10208 30325 22682 13289 13379 25589 18655 8659 29923 7748 27549 30221 6510 17910 7759 7602 23914 13690 25090 30671 1869 32483 13611 5044 4341 12524 27508 17087 28054 8095 14780 9219 13916 20644 13549 11214 13546 20369 13719 28874 19710 9923 4627 2603 4995 23849 14426 18844 11429 13220 15967 26234 7676 12748 19342 28727 20013 17122 6675 2203 13038 31152 7283 1820 2024 24573 2349 13709 17914 18445 22864 9018 21693 16449 26617 18602 11761 4077 223 10750 29078 19446 256 18355 25791 5340 3152 30553 6851 14958 4975 17964 30318 21460 16865 14712 28651 7922 9998 13709 863 17604 20865 9288 13633 17872 21249 6290 24017 3073 2221 32501 1672 15761 23682 21175 2775 7564 1306 26671 17388 14998 22674 10979 1044 15990 9610 6969 32639 1981 31368 15347 8100 9658 18368 10319 1555 5222 32194 2654 14623 32140 8239 6357 29786 24201 16556 24879 24489 9428 19412 11032 3057 16890 48 20008 18383 3403 14828 6904 28306 27650 903 27714 29219 21544 31637 12595 31875 9913 707 20262 7090 27928 26156 13763 12825 9954 11463 18964 16064 23501 32259 3224 290 28174 25181 31574 12661 24395 4441 26116 1069 1514 5619 11232 10411 1024 91 18621 14905 12388 25786 27141 11331 10389 27634 17530 20809 16539 26337 30795 29454 23691 15221 23879 11053 27213 18938 13498 571 28691 26300 9871 27110 25107 7912 32239 3121 22506 30097 23484 
5723 29355 10258 23525 2802 7779 4141 7813 8408 21093 24506 6624 1881 17005 28951 4958 5634 16691 7564 10040 1870 27358 12151 2675 4796 17888 12700 9584 13867 5410 1439 28500 21573 20121 13222 15112 27871 32408 4170 2546 16423 8277 30463 6413 17268 31586 20809 19043 30130 11488 14657 23290 26772 25233 17009 32495 32558 2328 10591 16496 17207 20871 3830 16528 25167 16513 24255 3944 4078 11253 10063 17508 17799 7400 26535 15600 4712 14704 14441 15326 12207 27656 30820 8010 27679 18344 1851 2809 28281 21355 1531 22213 5076 15407 29754 25436 31431 20939 26076 25529 6848 9922 4849 8157 767 21878 28596 27855 24352 10659 21160 5808 19505 11069 5188 17230 6081 12549 8591 991 5446 7018 16121 5525 20162 31309 11331 32128 22548 28008 527 8692 25521 14707 31819 26989 6439 16168 5627 27784 15328 5498 31445 22233 24638 20988 16946 9795 10476 17191 23856 21156 1928 7707 16532 32419 27928 19896 24168 15580 2602 3356 6271 25305 15720 9377 6683 23420 12613 16881 27028 26202 25076 4789 1799 391 11036 14329 23416 7677 27869 23579 23989 24904 3333 18593 2725 19481 8896 5216 24116 12197 5717 12653 951 17236 13332 6933 17447 19272 17304 10180 26350 14640 32125 5111 32618 31500 1401 16922 15150 23635 11564 574 11178 16233 18375 7230 28815 32531 30467 3932 23894 14604 2733 24601 24253 23114 11079 19152 1694 7102 9534 1458 28374 8005 16820 27535 30749 31149 13614 2254 13839 13665 19397 28535 25654 16519 8178 13781 9594 1826 8356 27428 21388 6613 14203 12053 4298 17236 16645 19852 6448 6580 28884 1956 8070 24810 28268 3643 26130 10123 6203 20279 2012 4181 21867 24901 12551 68 19831 5924 22688 7594 30477 19735 9345 29749 22582 1212 5184 16330 31877 14765 3345 32549 11721 25061 16339 12263 
24376 6374 19967 24686 24016 25135 17580 26530 32726 21322 1824 12591 6778 19021 2414 28831 6045 9854 24610 17595 32125 14932 22744 27940 14005 12578 17174 7763 5961 29373 2356 16972 26800 21221 877 23734 20402 13534 28079 25839 5870 11449 26246 27140 17923 2968 12816 27423 30150 5647 7747 7352 2691 8940 26615 25600 7552 12809 3394 9454 28895 20005 32678 31287 15130 7775 16623 17599 14579 9697 28564 3036 379 1173 14081 8511 12712 2169 1153 25738 31437 29127 24212 2497 8800 30815 650 16789 13233 785 24618 30568 2861 30525 19643 23710 18136 6459 14853 17127 4631 5168 31026 8364 13279 30525 20929 26552 12725 24257 32576 8973 30364 14256 3965 4320 8145 24056 11671 15648 16259 30392 31462 4322 14236 9893 23848 3672 27532 11170 19673 14704 18893 6801 3577 9574 22987 7874 4385 31334 2569 16729 15613 9239 7932 16171 32094 21242 8196 6611 12759 21360 30870 10589 1498 26064 759 20340 22864 18765 746 6986 7422 5806 23869 1355 14136 17084 10720 15879 32603 13869 1372 20597 32401 31067 25523 20872 25153 30447 23741 28439 25717 26086 6289 31463 25701 32226 28499 20592 8091 20381 19001 1635 24101 11714 18550 1141 18645 4207 29704 31697 24 6626 10590 31062 12460 14716 32583 14333 16183 28921 28082 29774 12622 18949 14139 12899 6371 14928 32497 11754 23533 29011 1059 25741 31282 18758 2415 27773 29286 23690 3497 22195 13624 16723 29098 32543 27003 23508 25336 15696 4037 18315 2278 3572 5152 23630 24288 1167 19041 24954 16519 31280 22365 4079 31996 7237 6573 30713 11401 29348 9393 23950 4120 21540 11700 13609 6006 23482 15750 1851 13030 21101 4497 12417 20197 12679 27918 5761 30403 23185 1561 15693 9445 16660 8826 21628 7073 15328 24859 3835 1087 14842 2155 4518 19658 16946 8924 14613 
6500 9198 5708 10626 20655 4911 7647 13531 3288 31881 22762 20249 2828 19852 4897 11297 2572 4863 26857 11078 21078 24725 21363 22689 11503 834 15658 30834 12003 27946 22745 13649 12238 18675 1070 20677 18134 14398 17945 15969 12701 12573 23630 2406 4682 30391 16003 28384 4274 29877 6291 9631 14271 23667 5023 22809 31238 15845 5106 21362 21380 18944 12881 31299 31656 18401 13944 12615 29515 12909 13058 22440 12699 25177 6875 26570 26762 8462 3948 16055 29990 18672 18236 4145 21516 11244 18158 28477 12369 20488 19873 29195 163 20633 4034 17197 9811 11105 10077 7246 14544 2968 23968 32135 314 8843 5231 29261 8678 9512 19591 10003 14723 18472 12742 24287 7611 12570 4037 8934 4108 3372 28326 20841 15600 31414 987 18738 19817 27181 17909 22772 28474 2483 24479 3802 4683 11517 17205 26103 3646 32638 17351 10137 17098 6984 22005 16440 8054 7113 15264 6048 30651 1468 10944 32453 17799 16506 3065 727 21252 30475 27338 7934 19554 11201 17421 24477 25923 15043 11872 18764 31666 14470 6623 2886 11736 14892 16731 12654 21301 12499 26670 16116 7667 25766 4 12564 23296 16765 29582 18458 11902 5444 25082 28561 24514 8487 25324 24023 6686 9140 12565 29089 9235 161 23181 10634 3885 7106 8495 9449 1114 26710 27727 3558 11809 13595 5650 29287 13796 9117 13950 19019 9251 25512 24660 3384 18701 13044 18852 20007 17144 32718 13672 8628 5124 32253 25764 26867 2491 19081 1715 11980 23532 14960 10997 7862 19050 26453 14530 22553 4560 15358 20520 6465 14878 5062 24344 29428 17406 24308 15343 21042 19575 19737 29435 4950 23813 13497 12697 16799 391 32218 13425 29016 23511 1459 31530 13803 27858 4623 24884 7990 30664 31693 14340 4455 8977 3160 2409 16506 21744 3333 6537 3936 15341 19049 24098 28523 
26874 8386 31563 28278 931 3003 16321 19362 3194 16630 21311 26648 11645 8142 22657 19103 2184 17197 24228 13939 16067 436 1175 8460 16206 1819 17641 9986 32136 7513 31880 17620 14593 26702 17240 12696 10609 22572 788 28130 9409 12628 8409 8546 11254 15228 21162 18182 19338 18867 10421 4382 2457 32038 11428 12187 12713 6796 1888 22772 20438 26216 18899 13322 7019 13520 1075 29517 27594 11275 6644 6300 1651 14203 3470 8996 590 20313 12166 28013 788 13835 32540 24053 15090 15120 22397 29938 659 1553 31548 21058 30607 13928 20413 31301 24954 2778 14856 8022 13026 25577 2791 12137 23430 423 18090 23503 3024 3939 11100 26224 27242 5749 11782 2687 6380 18919 24854 13762 8119 4014 22223 518 18493 14572 27638 24702 29290 1477 17081 23327 6667 18619 1621 13347 1472 20617 20926 6823 4338 3151 13130 28422 6596 22475 29423 25666 7243 23005 5336 29728 23299 12064 4748 6648 20911 26927 14173 11430 8227 20883 29230 26621 3235 4769 6371 19286 443 19807 22718 2729 28079 27656 5852 11536 10749 7612 11214 24507 24118 9100 20846 29583 24617 28928 7482 5953 12505 28838 6384 1086 22413 17105 4102 13778 13629 23347 26856 17478 18057 18381 1685 16781 7709 11038 455 6303 17757 15997 17402 10350 4520 17452 6958 18211 21959 20819 7919 30553 26474 12029 12826 5635 23621 15918 32752 22171 9739 10356 13415 9969 30432 14826 3481 10331 27299 31437 7724 13661 27454 8236 13930 23976 4786 14280 9485 13476 19887 4201 13898 10943 22499 19564 30284 22371 24331 9647 4633 14696 20705 25024 11771 10208 16403 20992 3378 20729 22308 2080 3271 23842 18798 17932 14190 18628 29461 27586 1300 14657 8569 12771 5761 16452 688 31885 80 27191 16455 19183 18456 7261 23194 12861 31094 3290 24059 10750 23586 18766 
23676 20165 31966 30505 23203 19203 251 1472 4132 27395 26314 26339 21363 8452 10039 15786 9334 1487 1544 10931 16523 22802 23945 26940 25490 22894 21452 31566 8333 158 13099 11956 31783 22797 6106 10578 12589 5427 19562 28550 2008 25585 13858 19173 670 19562 28997 25224 21740 4026 6145 27089 1087 25323 1602 23143 30494 20036 18860 11311 18329 3065 20547 18020 22982 8504 25910 6018 27423 14488 23935 20077 14533 29151 1586 2656 5626 31 7547 25597 19266 24861 31421 8374 14162 16246 15368 17901 26459 11709 32587 13406 15750 18363 18565 8894 3709 25265 11313 22682 14305 29321 27235 21698 23449 22496 8564 27850 18486 26935 9874 13834 8976 14869 5906 11112 14739 11435 15944 7769 16035 13312 28938 13361 3412 11673 6792 9563 29607 13369 5062 3620 9223 17493 19990 21329 15912 11490 21676 18901 22510 15560 19970 29051 6911 32356 20113 2322 7642 2326 16732 16248 20161 30835 24067 24874 400 5492 26847 5778 7790 21150 30973 4961 19338 31262 14514 5602 19418 19646 13964 8946 17338 20381 3008 9021 4354 26783 1283 16340 10846 18485 22565 32283 15397 9619 10418 16820 4168 25052 3292 10206 6500 27087 9592 9347 29648 1253 18329 10973 12369 17507 7050 8643 5744 12326 25501 26574 11665 25868 28453 1719 5787 24297 17304 5646 22877 24310 23777 14194 17413 19459 15653 13654 16649 18622 26580 2045 18147 73 7282 31698 10237 19776 5272 3188 30547 10302 8513 19197 17489 13414 29131 21493 19250 27825 10960 16366 23622 10082 20677 29886 19583 30770 12030 2203 13287 31810 23247 2946 11758 28890 8442 4654 30564 11579 23487 6375 13699 7556 1843 14206 5306 7546 2419 18800 25282 13942 22776 28958 27738 12473 31653 9501 15038 21006 15715 7867 22095 3986 22896 27801 27441 28652 11784 15655 4340 12478 6478 17207 
16261 20460 22586 6280 15696 16305 8837 7706 4453 4057 5033 13455 21679 2397 4154 12826 29348 7659 8646 23297 11354 13936 25487 6888 8116 3978 27677 19981 12407 5567 938 28737 20757 28543 25095 22104 19417 17205 7177 9995 32095 17638 21998 13559 8010 10359 13508 3310 9211 21697 7992 3222 25196 21074 8161 15049 15122 5203 22777 8413 5714 5510 16178 27322 32021 23967 31268 9578 1551 30589 18882 5400 23933 10676 22479 21491 23728 7649 606 24633 15192 28813 9995 28169 17716 16966 285 11263 20240 16719 810 4899 21861 1273 5299 9836 15873 11677 31511 31984 7568 24341 13116 5567 13272 12514 6994 9804 23451 10384 788 22810 845 27600 9021 32540 1384 6718 19848 5216 4278 19914 19338 5118 6191 24319 8173 31146 1039 25736 30784 30767 26918 25833 18129 19438 21507 7081 18641 8484 19477 13632 27954 16780 756 8580 769 23899 6259 445 25674 13538 28116 21807 9327 3565 9729 3901 23606 12649 19437 17949 14383 22185 23718 23124 29039 26001 26740 15877 31515 10731 21829 26593 1718 24506 23128 20735 8050 27227 13777 1613 6616 2319 21886 28536 10277 5554 20034 31419 8088 30548 7800 18648 1644 8944 19544 21449 1240 30576 31929 4371 32400 14253 29417 26110 15786 32215 13651 3286 20356 18122 20705 23952 29018 2587 31848 23297 27942 8138 8226 22465 6572 17908 25434 14393 5852 4242 22853 32278 10864 2882 25172 23811 16892 12507 1823 15751 7565 27652 18652 4554 25283 10515 27729 19041 15303 27639 24653 24673 3190 6160 6967 26613 15326 10666 14534 17951 27961 19616 21479 31878 25704 4 24210 28707 213 17452 15737 7813 735 19301 8652 3915 30173 16228 16593 26791 17892 31684 3686 23950 31423 1869 4449 19429 2721 14352 20331 13957 1913 20155 3567 28198 26831 15941 26051 21120 18291 7748 
10835 23224 13631 877 26669 30885 32441 9204 28162 26757 29512 26535 29412 32157 9299 197 2897 4744 16774 14770 6356 16329 31400 6023 20426 19061 26749 21571 2520 15602 4598 32336 17132 26682 4989 14765 30787 12554 14543 30788 10069 12425 27197 1005 141 19747 24310 1624 28629 14420 25543 4228 5755 907 3090 20078 23724 24153 19990 16396 933 28501 24940 4923 27982 23167 24909 31183 27624 12668 21408 17692 9314 8881 29521 28344 13275 4038 21291 1414 4147 20522 12543 26840 30463 6824 13027 15412 5235 5307 8565 20399 19957 26214 24247 17739 25138 11101 21082 20786 4302 7158 16265 10352 8822 15204 16374 1097 28930 9907 25445 15387 25179 14911 29599 13110 18606 28036 19400 29044 20959 7039 2086 23177 6756 6243 11426 16994 14515 19041 14304 14611 30311 22320 18028 1825 5722 19692 9130 17951 13271 11032 5392 30219 26831 28543 32167 23915 25548 26606 24628 23038 28884 17992 3868 28524 13098 6792 6333 32579 16412 6271 32524 16456 27898 26238 4650 15433 28055 6407 4983 22188 4708 12399 20173 12651 7765 28670 14204 27517 10545 17694 22226 27516 4036 25228 9109 12745 8023 15718 27587 6421 12964 29661 30033 4885 16569 14003 29003 6163 24769 29849 6282 14106 11322 2549 969 30341 30762 1483 1216 20509 8697 26659 6940 2366 12023 4736 28843 9918 28866 4115 20165 21115 10204 25717 7549 22843 26367 12206 14505 22311 27543 29678 5535 21388 3820 15418 21019 11622 18485 8096 20869 28773 23239 1768 29502 27380 5568 21072 13689 1562 3148 32186 8165 21774 26360 784 25718 5357 16990 3019 31118 23670 26281 24125 4402 30239 10698 22297 21969 2204 25011 26828 31939 20328 18306 32656 24366 18450 14134 21421 3435 30148 20875 23536 18436 29750 11377 6501 25197 28452 30330 13876 18163 18976 10317 21742 13356 13831 
31057 26666 1963 5077 28118 21934 29575 13847 19024 20236 18948 4599 11505 6779 21475 19806 25882 4090 11330 10736 26646 14628 286 11792 31465 22605 17869 6175 16549 22410 16225 4329 13380 23414 18214 9537 9530 4951 4062 12651 25481 29883 659 14531 8274 24383 14140 26161 24125 9249 21963 19774 29151 5169 19997 19896 11725 31512 27636 30088 18683 3127 24992 21371 20223 510 28369 5738 5490 24440 24907 1404 20750 6294 18622 27030 31268 25404 15825 3323 15860 28178 4100 14689 20639 30890 15934 25311 15150 1687 31868 7665 30250 16072 29376 14461 349 1941 31353 8175 1787 27525 14119 22864 20638 7597 32271 15119 12308 23805 9370 27124 25813 24963 12452 23437 5849 25333 11219 26654 19791 14262 20151 7238 3918 18250 270 19504 16892 972 32184 13857 17014 15120 31999 32690 735 993 25043 681 29173 16948 28674 3931 16816 30483 29407 711 4568 6159 4971 22889 12158 11776 25126 26929 6365 11732 29923 30399 7662 14666 29730 3006 14596 19411 20083 32498 2745 8126 738 6765 17797 27009 18970 3863 20720 21726 31041 3529 28468 2997 23975 7791 19484 16118 13478 2882 12724 20641 4561 31664 3295 8841 4441 29020 12007 31400 29598 26062 22363 5856 121 27019 27182 23406 441 22377 646 19376 3849 19864 22881 106 6893 26756 18638 16223 15878 15300 21600 15434 21386 7147 7136 21783 15885 26400 8065 1961 11410 646 11258 4735 22855 10565 5669 2890 477 23642 19893 703 31292 5863 12570 10605 12062 29308 12286 32180 16141 26656 11246 10783 9377 1709 25662 27703 7887 1748 25523 28152 20370 26612 4309 28494 24907 17358 11437 3343 8800 21006 8130 13845 21404 25227 5557 27536 5833 18681 27438 28741 21355 19876 12186 12856 22557 8435 24628 20236 3641 18324 4623 7157 9391 453 29506 22124 11790 31953 
5552 4522 10716 14778 30313 20439 8073 20721 21597 8568 7113 3529 9121 21055 10858 254 24659 20315 16359 22253 6085 29454 31082 13269 17164 2102 24174 869 13074 16663 26587 22459 24483 32020 12083 1197 22553 13303 6233 31713 4868 25948 7963 14794 10420 241 25292 20681 493 15558 28620 30112 19202 18242 157 8512 15345 15726 4798 3681 30535 13307 27599 16914 28398 22958 25873 8459 14033 14041 19872 9586 18132 25067 29961 20305 6210 5718 17301 30715 17708 19021 1103 10409 12909 12307 21808 17696 32185 9927 16616 18939 10551 18296 32732 16744 13824 10526 3553 31566 4054 21949 24890 212 17283 800 28744 11274 31999 10562 28096 25592 5884 1483 3743 11747 7962 16119 10005 21179 26982 25112 27713 21627 2883 22857 14443 12690 17412 1079 2317 20411 24522 22810 28709 16428 11469 32527 9322 22988 32246 9569 14001 14745 7497 31640 3866 15600 2609 13940 28919 17521 15221 2283 13743 10250 31249 6661 3790 19106 30507 25451 271 16873 23952 29066 20939 16999 12767 11108 11141 2761 32169 18723 16350 13120 27038 22309 12959 22250 26942 18291 30504 14320 28437 2205 30155 14081 3283 9588 31540 7831 17874 29178 20562 13496 24013 12872 21482 26563 8559 2421 445 32157 12031 23073 26153 9119 6769 17603 4662 20128 22891 30277 10419 13261 13189 28151 1853 5369 16136 29583 25074 26486 32072 3728 10798 23280 31410 24374 12601 21344 4756 7881 233 13259 11765 21928 9511 18969 3292 21816 5435 13328 11564 4736 26554 16242 15868 30472 19506 30320 10220 6319 31276 16069 12961 17732 22733 10020 5650 19153 27843 21159 32394 3389 28986 11804 23655 269 18396 9569 5839 28750 15262 9414 26839 26480 192 30948 32208 17527 17034 26964 16481 23888 873 26480 14129 30966 26098 26826 7321 22204 24003 32474 1747 8762 11048 17925 
30116 16932 30907 23881 29963 16019 13240 6450 31875 16088 342 1151 28007 20790 23410 12822 21395 29759 20350 5273 29878 5292 21956 3810 18603 19850 6012 12648 13417 15960 11759 7351 26525 20977 1756 13209 4505 11733 1114 21363 22442 32735 18082 28202 2847 17273 5187 7243 28700 5354 4773 32305 23482 30717 15233 29284 5305 10993 16125 12847 27115 28630 30516 31938 9383 22643 24394 8975 15601 22343 23221 7391 27391 20783 3335 10234 31747 1915 15772 20468 22623 2139 23728 4130 31278 24611 17351 22496 20209 12853 13532 6453 1836 20669 26152 7691 25060 15438 8268 5472 18013 21568 14174 13408 11413 2164 24095 20271 10242 10224 20531 7317 16003 14979 3377 30836 2900 14598 17279 556 7714 30406 29917 11852 25360 2904 18939 31543 29999 29015 29076 10592 833 10931 28850 18857 9483 13373 16728 10599 1229 31581 22848 25798 24203 9960 28553 29636 17026 29128 31645 22344 98 22788 11910 16989 6521 2324 24721 22286 771 18735 23275 14849 19449 25567 15399 1191 27890 15974 1225 4651 8898 5066 16119 17574 17563 2250 10215 20650 11094 8616 30412 16443 30609 8132 27970 30804 4394 8120 28712 21811 27198 10444 16550 11351 29257 21082 28970 32704 6343 7456 31025 23685 19179 18414 20594 29102 16977 25468 6216 17647 15539 23138 26066 3040 29768 24776 6354 16699 29987 29293 22004 9983 19096 32218 11542 3195 24853 31709 16621 20501 2887 12726 29277 9225 15269 17657 9449 11503 3468 12991 1316 26410 11034 7921 2472 2975 29156 18322 1446 3084 7208 22342 21634 28439 20452 28251 11007 1958 20427 14355 25945 11973 16408 31606 14791 30372 32032 375 15896 2647 1384 13164 20912 24817 1143 6527 9114 18750 707 27067 31083 29337 13829 28119 24671 13682 13345 17911 26400 21832 7203 13509 29120 8694 9744 13514 22992 3675 
29636 5405 919 18402 6975 26173 3968 24017 27970 4824 19816 16049 11897 20752 15548 11745 6337 14292 27719 24973 14371 28775 7550 22678 21246 4953 17388 14764 8301 9720 26660 24981 28453 21633 27443 742 8184 5167 7900 4960 28016 7906 7469 13610 11257 2407 4001 27884 12728 11997 7872 24000 31360 21044 7675 27878 2615 10174 40 4999 13889 29308 25127 2040 1426 9294 27853 6298 7830 25299 25417 354 15412 8214 18844 31624 17004 11241 22378 8443 8979 6421 9056 6103 14125 7710 16320 14699 31471 11690 16578 12007 12467 24603 30118 22573 30933 27116 30150 10470 22144 23746 11848 24435 15821 2269 3403 10370 32533 12614 15868 22308 5606 8915 17520 25850 19664 5861 19480 9868 7264 3650 9182 10830 11191 23080 7254 5240 26890 15534 10106 13395 9478 10917 7026 6283 12147 21740 15718 24190 5994 28300 16476 8550 17893 22223 10927 8322 11104 8190 10536 5223 6611 28274 18853 21941 17174 1525 8519 16803 16260 1791 18784 24125 19114 15016 14827 23833 12450 27353 29023 24847 4340 1995 11452 32632 27620 20997 20252 15216 3516 7397 909 2920 787 20170 18194 31147 12444 22550 7518 887 3930 31136 10567 2186 17195 21566 5157 8787 23163 24755 2111 17321 26538 2767 31394 28475 17765 31295 32614 4677 13098 22965 8617 7100 29069 618 25770 3747 9877 31440 25578 12057 27485 21433 26835 29653 12781 23483 2402 12417 15522 18644 29644 8408 23151 11474 29696 32337 9802 24679 16797 30069 7742 15545 21557 31138 5538 21583 6786 17762 12708 17616 1984 14735 3523 13959 16838 14675 32191 13627 21585 21128 31060 590 4942 8961 18274 22946 5888 7373 453 3267 15854 17629 5936 4150 1199 16495 1415 26852 17283 14963 12619 13148 722 1213 24807 30885 30167 5647 13944 31222 7011 14699 8259 25493 11476 15122 
24685 3268 11109 23632 8545 26880 2038 475 24709 25668 2257 2938 3954 7618 19638 28384 11186 14259 9786 10246 29242 18028 18446 4976 21347 119 7308 26046 19632 6753 31845 1509 4044 24886 4183 5242 20590 32623 1408 12576 3957 24875 12682 27912 10833 9603 3919 6455 4324 31201 21866 5230 16033 21923 4545 3627 20452 9042 9688 13425 2494 16031 24608 5061 23416 24929 12868 10706 19467 9506 16971 14118 6477 23005 17248 6923 29223 25308 7723 13999 29079 32226 21711 31630 28201 29143 3697 4889 2007 12582 24501 11200 19057 1454 24041 4078 24781 19784 31956 13692 23052 22899 4463 5224 7992 5542 12082 4048 30240 28556 29873 15721 235 32404 7127 23174 3738 13195 317 5654 29096 28032 20130 19524 3431 16545 12789 20911 23327 13526 17209 17483 17813 2458 3924 3983 4858 7981 26536 21100 25300 4624 8795 9785 30631 7795 32603 32374 2378 29869 29198 29274 31335 9117 2706 1281 18609 28046 11145 23593 7196 15047 6615 3155 21504 21294 30503 17478 2286 27563 13561 18894 7237 10183 24494 9351 17835 672 24956 18603 4986 23719 15170 13877 14990 18437 9806 19344 19521 9105 20523 23808 31599 9690 17064 16758 17448 473 1205 15343 13716 26029 6204 4937 16921 18485 6144 20205 15211 20683 20158 13285 17076 4981 7383 21201 19725 2300 14705 5557 17558 951 13588 28748 7869 9174 14735 30136 19401 18572 2054 6960 30540 31537 20426 5767 29069 14663 32146 32154 3024 16357 5616 9352 18443 14283 32532 13197 11179 17835 24003 10382 3665 15292 28632 20249 19885 21780 2410 31190 18851 27523 8138 29889 22320 30178 20197 9372 2436 23444 3303 29780 26682 23380 32765 31448 28908 28432 779 26565 9966 25120 32676 22281 604 631 2159 13682 29205 21470 20037 29936 17089 12892 21746 15787 12833 20866 17492 30926 
27192 14589 14340 16187 27992 29244 19160 24031 14235 10673 24801 9218 6597 28415 23039 23912 18408 4567 21132 2125 28777 20808 7081 26591 16686 28401 7445 5541 23661 18206 7004 16722 20322 15990 30454 2514 918 8122 4379 1285 8625 16314 31783 704 7202 12577 22253 10022 17095 28830 2128 3727 2239 10928 12231 6587 4770 13541 17260 5890 22297 24533 18253 6456 7672 21397 7733 7774 11586 2577 25926 29189 22481 3902 5875 17086 9086 30824 11255 15012 30077 723 26369 6345 24244 30242 28377 4358 16471 28630 13021 8825 6694 15415 9624 17788 10330 7700 15135 21435 19545 7188 1457 30342 5651 26138 12165 17109 8245 18515 20534 9431 11919 8197 28043 25359 15942 23430 25337 14729 31328 18460 13634 17305 27063 31929 11267 12911 14306 4462 15877 8563 7203 9508 17370 8047 15827 21531 11915 5720 13328 28412 23231 6284 19990 18254 11867 594 10221 32342 15772 22977 25385 26911 4625 28762 17762 16914 31033 19100 26603 11252 27162 25068 17525 11009 12279 2475 14613 15704 16174 24614 16974 20396 2609 24521 5372 28959 26926 796 32575 3917 29330 31436 6872 5238 22461 19863 8883 22549 26823 6258 12638 23365 26524 28191 1694 4848 18403 7203 32405 30023 14416 17721 20779 25216 14451 25513 28410 11766 14160 6401 29094 13690 15800 8930 935 14837 26800 25151 22032 6738 10697 7084 10240 27555 24548 29973 15513 19906 3649 516 4806 23025 29668 30063 13419 2406 14477 22829 10791 5672 2782 10186 32359 9255 27510 27543 32763 13690 8905 14693 11663 12618 19427 28802 1483 3713 8 6388 23900 24172 10332 23286 15367 4384 17145 11475 13864 24565 4013 15947 6767 27949 23409 28497 27763 31647 31155 270 23857 16259 18907 20266 13307 13696 24613 18474 24354 8407 29093 15912 4618 27697 26032 19744 4325 8810 16061 27218 
19383 29758 14473 21038 30982 13955 19004 2841 18784 9990 12868 19150 30001 26719 5601 1331 23410 19213 15379 31700 3117 6105 22217 6436 10792 12712 22191 15733 1719 10332 5500 29833 28080 27694 12887 14394 13494 17806 11797 12897 12774 21318 20868 26327 28756 13998 26987 20257 21844 7281 24475 17778 11529 22451 30347 17174 31354 97 25109 15353 2420 32466 26645 10603 30357 11354 17880 14747 14631 22653 6486 11005 29210 21360 17754 24984 20867 4580 13734 14208 16459 25824 17614 23443 3883 24184 31210 26177 17572 11842 20902 8645 30834 429 15761 21684 15400 9790 267 28105 24555 24793 17509 706 19745 28309 21739 3361 24579 30653 4541 1033 3842 14987 30776 18654 17982 4255 14046 8404 13201 7780 8852 11298 21660 6961 7832 2840 6370 5513 15432 7848 13595 7816 16505 10010 4811 1730 19945 2447 28480 3753 25410 6886 12054 19178 6359 31702 4402 23720 29896 4415 22918 4908 27448 12252 730 12171 12304 27854 9240 32154 19939 28724 32097 1120 23220 12671 29453 19437 29603 3273 1142 17716 22971 10343 3387 18979 22901 1320 31236 18991 2358 13699 31421 12220 25730 15853 3100 27939 1801 5475 27086 10934 2955 14476 1254 20716 9855 13093 8303 2554 2332 14097 27727 24832 21925 28178 20019 2383 27197 1368 28150 30774 18671 28652 7933 18157 29205 19472 21161 18103 10811 2775 26398 16987 25497 4678 17161 15897 21305 7148 27430 16089 4047 14911 20066 20558 20860 15052 9520 5939 19451 1440 13790 14765 18144 29807 20280 15729 2846 23658 12173 17701 17306 16646 704 20303 17409 27135 23197 1499 2929 22060 23004 9774 23654 1479 22780 8284 7869 23138 32494 27855 19295 28652 22532 20869 18426 7682 28259 22746 20635 26813 23157 29627 4825 3660 27600 27934 6938 24503 1602 12266 32102 17164 11199 20165 13174 4786 
26987 31776 23670 10187 4019 5594 21234 5878 15720 2502 27148 13505 28973 29885 18304 12066 18369 19293 6386 23034 7225 24383 19164 24618 22478 7986 5499 32494 26063 16525 16078 3489 4638 20168 17663 28990 32044 2388 21683 29637 22410 27621 27409 15801 14490 9366 28851 14916 28292 24075 26889 11570 31612 30364 27336 31938 6929 13502 24312 18632 5724 14701 23206 12598 16890 19410 15525 8585 21344 17539 19117 6133 30435 24126 20339 19305 12514 15087 12595 28716 24136 27730 6356 18394 15574 15831 28783 12228 12915 5097 26892 12945 9921 29612 24030 23895 318 16158 480 15706 4199 27774 31304 19082 18511 26788 7697 9497 4929 19060 6957 3018 24409 30072 19482 27586 24551 23008 17284 3678 22483 17971 17466 25751 19596 19058 16965 19756 5138 13501 23802 16943 32489 21163 29955 14968 8556 17834 5770 26003 29629 31561 2592 3196 3729 14950 7756 4497 9440 10788 27418 11977 13903 9123 5501 5214 8980 24555 14829 15572 13726 12726 7395 26741 17310 10903 13136 23194 8365 19297 8997 4231 11522 12369 2234 30874 26900 4006 10050 12072 27326 3335 20915 25819 29580 26435 1141 17042 6062 16087 6470 25065 21089 5817 8553 13095 8574 19765 24255 6690 20528 26414 31445 15997 6218 3470 4589 30536 25623 16192 13273 30840 6815 14710 839 9542 6413 16869 13236 7543 14491 5370 14313 7791 3607 4243 4325 32502 16943 17724 14699 16260 31628 149 19548 25301 17218 19878 8786 22126 10059 27580 6440 5492 852 22790 22900 10011 31632 30842 1109 17028 28787 10085 23480 16758 31035 1923 14154 221 18563 27376 19295 5660 5490 17260 14367 6390 13255 13108 31374 25857 31887 28821 26652 18911 17908 27846 26163 21271 9258 330 18589 183 3250 12308 25837 3710 14712 25435 14932 20906 25307 26392 4656 13909 6104 10904 17854 20379 
5854 16994 19218 22388 26880 4633 32249 24305 19625 7123 21168 16963 10128 18243 32234 24922 17540 24276 8114 10546 26085 16196 25267 21946 9074 14178 31117 29907 17109 9634 6167 3573 16161 21589 30297 28754 6472 29541 27510 30287 21307 4887 13919 16840 6617 13875 12997 18202 8849 1420 31731 6739 3558 27268 8272 24846 23098 18057 26048 1078 10350 7500 30959 7014 27083 22808 7918 13944 13604 7547 14180 12624 11545 11300 11859 2307 6213 23693 4924 28478 7730 16862 3730 3037 3230 26186 15377 3320 3283 19909 9293 29382 31827 22388 119 2733 19105 31718 14684 18351 1321 23397 321 351 22539 21414 22926 20705 61 28387 20166 21557 10978 31735 15806 2018 459 27848 18368 22002 26988 5033 7622 22331 12169 4172 5769 18328 6648 13602 18283 9128 20399 14961 915 2825 10605 7224 7818 23966 22558 23846 26473 7524 10207 17369 21909 14348 23897 18968 29566 8412 31985 3252 24791 23185 22127 12419 9504 27794 28746 3057 24872 18918 21707 26973 706 16226 17366 20230 18890 20546 28433 15357 18362 9039 17725 20141 10805 16070 11649 26004 10151 32084 5137 29305 2486 8828 12075 8245 17588 24468 23779 10680 25643 6511 5531 20968 32161 29786 29739 4299 20348 17485 17240 15650 29453 31875 24088 26638 22249 23460 3120 16533 18687 4622 14193 30103 6298 18859 23459 21079 26164 6686 26659 11775 11295 15811 2761 30576 3381 442 13099 17756 8315 32427 6976 3949 17038 2089 6140 11183 16051 15414 24295 31702 12877 27674 31469 25713 9888 8930 2493 7367 29652 840 4867 17360 30339 14018 24005 7024 2779 744 28737 19988 14875 5063 7353 18169 10533 1309 23330 4614 10319 25139 24902 20181 17940 10762 14999 16122 16004 27926 1092 27265 628 17701 4215 12056 21253 30499 18260 24728 30683 10296 22271 28936 1336 1324 
7377 2330 1146 5396 6744 773 19360 7448 5959 20072 7663 12595 18813 4721 2551 20925 19693 9251 24610 18080 24767 29539 4759 22247 31574 15034 1369 30969 1426 25351 23599 541 17843 2353 28490 13264 6050 2053 6388 22279 3520 14133 23975 14254 17431 10559 30252 5620 11107 7632 15383 30950 18710 30590 25487 2347 21954 18919 445 297 30667 7034 15777 24078 16118 12902 11317 7113 28504 25592 9843 22877 15598 8772 8380 20132 24645 2192 17216 17735 16513 21490 4715 22356 17484 19662 31589 4852 4484 26830 31672 23625 23976 19385 24942 22935 11099 20716 19680 16324 14435 26134 14996 13094 30240 17685 2792 19384 28327 10567 31485 23912 24349 1157 1989 16512 5263 3377 4088 14578 27822 7384 24099 1458 27885 3532 6041 29718 12458 16467 2448 27796 2029 31335 6467 11500 12158 22943 27587 17454 21691 27274 25593 5498 14338 16538 18047 1704 24824 19442 3807 762 32304 28113 2898 15542 16837 24806 30784 2943 15399 32479 22026 31127 6033 23773 28727 13004 3423 7444 8311 27707 12518 8223 24713 19681 19642 3048 20621 2794 29052 30329 16217 679 13695 13185 7805 31042 19182 32336 3866 7175 18978 27697 19003 2040 28926 11942 25552 13116 26835 29005 10761 25983 22854 250 16455 21707 9356 30775 23382 6446 18686 32137 30746 15291 11509 6259 32014 13317 20641 11768 27744 27776 18987 777 24945 17502 29447 856 30788 31184 20068 1048 11526 19576 13529 2616 5574 7316 3361 30654 24890 22518 6152 31282 3156 10845 661 833 24254 21112 16166 31027 25860 1791 1359 32766 6955 3378 7815 13061 1792 25899 29278 14596 15716 4294 30083 31288 22501 29611 7750 24455 31746 9874 17533 22194 31385 27894 6261 11495 4602 22975 30958 7752 31162 26415 15172 221 27477 23969 5410 4362 4156 25227 485 31520 3003 17130 
17944 1856 30713 26927 30997 7535 1243 1384 9147 27172 28381 18209 28580 19736 24842 6037 19667 5329 31738 11678 8177 22180 13282 28308 7426 10234 9959 2326 373 15015 4237 7515 13268 3873 12754 11002 13915 18367 26374 2790 4926 16712 51 30334 4818 1442 377 30195 11633 11067 20033 29126 7923 8955 21483 29592 2511 11190 15772 31495 4599 4445 1901 13088 31303 25011 29442 31372 12528 12892 5650 5814 16983 13495 5832 5424 3616 6969 15509 23908 14643 18942 18082 27493 32185 12682 20404 32101 17369 15457 30500 19216 28708 4942 2581 5955 22363 14547 28320 12046 8731 4213 11643 29596 2223 8791 2618 13307 7544 298 31511 18007 22391 12007 4641 24216 20460 32095 26229 19298 13103 30051 27355 25440 20868 26480 13883 6024 24561 19038 15746 18759 28644 24819 13272 30186 15500 10925 1806 16486 3923 4170 15415 13107 2454 24426 29395 28145 22295 28752 3163 12443 26591 4227 26381 16027 14828 8005 28140 28030 4847 23721 16758 28212 6600 27882 9625 1800 24404 29669 4719 4625 3591 19640 25978 18965 24682 15976 19679 23824 12924 22401 26161 15754 20648 20205 17730 4617 6648 14322 13885 19583 3509 27023 1013 21439 8700 6453 31377 27184 21556 3615 4735 21076 26773 30369 1812 8207 14266 20039 4398 31219 26870 4895 28896 30380 26196 6348 2926 3744 10634 32726 10865 10102 3166 11859 31267 19876 15815 6624 11230 19471 12605 18317 26907 8288 26020 4731 10084 3559 28203 30390 765 9083 21319 669 26620 23382 19637 12281 11347 18625 25965 11669 14778 13195 7624 25772 18190 240 24462 30763 30434 21109 13814 32258 848 10110 11871 29228 16983 25746 21669 9354 25995 15946 24128 11702 8966 9170 9825 15481 7278 6229 5628 21623 7192 11638 18941 32342 8244 14001 9391 10675 4645 10039 8287 23508 356 12701 
23941 17907 858 28764 3570 24320 32749 9620 29205 8081 6742 9682 10025 25958 10943 29580 959 12014 27160 28110 9233 25788 28623 7818 16129 21271 9166 14164 16593 27018 15105 10713 17225 24385 7101 5945 12639 21948 16764 31165 18677 7028 28569 14646 715 14895 17578 2134 31352 22154 8005 20727 9376 7862 24221 22258 15030 5490 10518 12816 3484 26770 13093 14825 25389 23483 25317 15714 18176 9571 25613 16676 4083 10305 32285 27328 17857 653 21252 19743 18718 17959 15752 12739 32502 2690 23139 16205 17784 9802 18898 29052 25891 8222 32685 2596 24238 24859 28977 18832 27639 2406 16407 20100 26431 21945 15140 27775 23829 26512 13075 8350 12385 30207 12927 10447 28249 30068 11026 7259 28117 30970 10383 17762 11976 22202 19981 19967 14568 29925 859 32756 18852 3371 19100 25082 8275 26449 6146 2612 11472 64 3153 3141 497 21413 1258 2139 24277 18685 19351 18074 3214 10857 4355 31776 3784 12415 4654 12408 16913 31457 10430 24604 20372 9682 7132 4191 17026 14526 18510 6975 12122 18826 26933 6825 4190 3128 4964 28181 15517 22687 30661 28997 23851 7203 4496 19487 31399 11043 4576 160 29851 22863 17840 10861 28153 3510 12835 32656 9392 31315 24238 14034 21820 9958 10075 28845 13939 19480 5438 29705 8341 9466 11624 8587 26486 22337 11074 27840 27869 2202 26038 7158 20685 16097 32344 9237 3338 1717 23963 2901 17778 25286 26965 1825 23004 5555 26867 3931 30132 20583 10264 6914 16142 85 6065 22512 6398 10338 8111 4153 23336 27277 13413 17934 24710 8879 12347 8314 27877 15414 14485 20407 21863 28502 3082 18019 22427 26231 10489 20799 7652 32030 16844 7929 3365 19591 2598 28569 7229 16987 246 22385 14066 17082 9026 20443 26842 6535 31934 14078 25956 5173 29512 6006 25653 32187 27758 5547 
31181 19209 26139 22948 19851 18456 4570 15493 21154 27225 26800 29007 10416 16463 3388 32088 26435 4971 19731 19535 2455 30948 7292 11440 4699 3232 24569 971 10500 7705 30118 6408 2927 31948 13932 25015 2820 27249 4516 21423 21848 1375 14670 12718 2880 21662 17537 31838 15166 15908 8566 30723 8514 31427 29630 9139 301 2967 20164 28536 21811 32552 17801 14406 32210 10166 10456 7908 16541 16980 29102 28841 25463 2944 3143 30193 2053 15129 16772 9262 16497 26626 19664 32239 3639 10252 19134 4211 6500 6422 11388 31162 1239 28466 11297 16791 7339 8319 18633 17191 3530 32552 10817 17651 28689 10970 31539 15629 2425 26661 12943 28736 11154 17432 6297 16459 24678 23703 5324 26611 24145 7554 30717 17036 19350 3787 18363 9795 29703 19423 24422 7783 31096 5842 26344 29597 4784 23709 32431 18909 3856 20067 16132 13640 10507 22805 18828 870 12742 19518 2323 32139 16192 7776 25029 25660 30358 22453 5736 15655 17020 7103 1043 11976 10967 32737 8776 25002 12736 5275 9054 25158 15671 24460 15616 24981 19110 16001 21594 23007 13209 9829 31405 17321 13750 4630 23386 31978 470 5787 21736 5992 7470 26122 773 4587 3559 3440 31509 21088 15053 31356 20370 26087 5282 29522 26843 14261 8227 12563 9304 10702 31372 11388 732 21648 3260 18607 19610 6084 30237 1493 6828 29530 1554 20430 17098 3755 26538 20441 26291 31267 5460 8066 29314 13194 22025 21520 8031 6208 2520 29720 8259 8785 9223 17542 3543 10171 7643 27124 7619 16868 30439 3024 26037 24200 23275 25544 5321 13857 16047 23845 6039 24630 31274 13292 12959 18180 9860 886 1345 7520 145 18267 25409 27674 9911 5338 8376 2197 19333 5489 31020 20010 10112 5809 2530 24514 7634 11125 21896 19887 31892 19234 4175 3816 3402 18964 19298 31540 
10836 18756 23474 30354 22730 31550 3740 24543 19956 9934 22801 17041 699 14196 7158 1769 24456 15291 5614 30153 10059 15611 31036 5964 16811 10227 30594 1832 12801 15052 22812 11913 32575 27806 1122 12223 26506 322 10180 17387 15819 22737 3023 2772 10760 24712 743 19046 31654 29632 15907 8093 19579 25355 17650 29236 31014 3506 23104 55 15354 7365 31977 5784 15448 22904 13044 3402 24497 11851 21999 23918 16606 26624 27470 23253 9191 23007 22301 29995 13049 18902 2597 23961 24777 32497 14231 8178 14509 22115 17361 14752 12947 18077 31368 23730 10693 27628 885 14922 7184 24594 29280 23635 30708 26536 5038 4990 32020 20168 32695 21012 11860 6636 18584 15928 2396 27326 6351 7757 29467 4084 24338 1459 27184 29396 1323 11657 20808 18733 7270 12765 9264 31122 3459 12555 15074 22996 7713 27595 24942 25391 29427 28112 18197 15993 28498 28856 785 24303 16493 19082 30050 15208 23700 12916 31551 28379 3138 9355 5544 23838 12559 3820 834 9258 25388 11939 11386 3523 20314 8282 2052 3396 4613 7283 12926 2501 9882 4516 22807 1285 22365 1959 15418 17468 25010 11409 21777 29758 350 21080 7548 32040 12218 2041 10421 27060 30530 24045 15442 12726 6167 21299 1542 2092 5506 28853 19281 14705 31546 22065 11662 21899 10614 12063 20299 851 2222 1215 19135 12495 29138 17401 23945 9916 12802 22207 26241 3505 32265 21418 3427 32511 2747 4147 31730 16657 4900 9525 22541 30449 4969 5527 11767 24089 4443 27849 2480 27781 7558 15345 30039 8351 31475 26399 2614 27691 25636 3024 419 32347 3320 10790 22380 24203 31805 29399 5232 13617 10544 32603 17124 28776 28532 12734 3624 31055 18273 23733 25068 22074 29562 15923 31366 14431 11629 30943 14181 31706 2461 22382 9541 17913 26779 18664 31445 31191 16913 18081 
6725 3452 27301 12824 24153 870 11271 5333 1064 13357 12004 7389 11358 5762 2965 21152 32506 16877 20802 17725 30604 32640 9061 27449 31131 28420 23236 13537 18844 22211 13462 12679 21945 13421 15928 23233 17262 24819 26750 9138 16475 2610 25100 336 15188 9101 28671 23236 26694 17064 27455 24680 10125 6676 2939 18019 12181 32126 28694 3621 4017 16183 18176 10058 3543 7118 6098 2120 28769 25395 21055 28292 8485 25752 27547 5837 22786 16895 27695 16723 30182 14070 18082 31574 31175 5791 20182 14313 670 32338 25725 2915 6082 15138 9004 16483 5362 7 25331 19454 30306 15232 25747 11861 24127 13990 19092 26501 20886 2420 12330 5529 28275 6295 28063 30490 4884 21671 26816 28231 19980 15596 16448 21193 22652 265 1381 4321 5604 10147 11774 10495 21646 31227 27118 26340 20852 29913 12783 10707 6220 15754 11632 5067 11556 2512 26387 8400 7938 13641 31239 27999 14657 26675 9064 24960 17912 22063 12527 4671 24393 3673 28399 21468 11319 14429 27409 15535 10750 23265 11804 18921 18651 184 30786 12076 16201 17777 21341 13287 30299 21724 25968 32722 816 12370 10457 16929 23907 7897 9283 23557 3591 28104 31506 28160 11664 31405 18806 28158 1159 32269 7485 26319 21347 27062 26178 2817 29032 30223 8795 16107 7648 2147 5355 17785 3386 20624 10675 29555 17209 15595 13724 7591 15838 17576 12564 30130 31063 9906 24151 3262 22526 22223 13890 9814 12958 13589 17198 18381 26751 30214 16935 25889 7301 32194 16326 28335 24759 4129 8347 11558 21893 28407 3357 15686 237 20563 14695 13942 14358 8117 12946 8650 30560 6564 30840 20046 24425 20635 15011 17626 2114 22845 8801 17781 23006 26674 4267 6796 4606 27932 31445 12924 23877 21337 27150 30712 10835 29254 18993 5543 24520 19480 18138 15135 12744 12972 5083 22265 
5497 13213 22825 16352 28519 32612 23187 16216 2370 8175 6834 28064 24441 32480 17718 31191 544 24371 11160 19101 5638 1996 26438 14419 25014 140 30084 14118 30529 9295 10722 20178 2478 6541 3839 26300 32418 11282 25435 32629 15695 4627 20778 9041 14369 10254 21619 17893 4845 1133 32637 25997 4859 6436 11195 22707 26736 13633 12011 17153 10888 6064 11554 6195 7931 24210 23752 22799 18027 10812 3491 24287 4699 1542 1331 26489 25826 29572 19401 608 8785 13321 1051 25703 14831 21691 22495 5249 556 2260 15324 31219 30688 16217 5815 14121 5294 15489 30614 11529 28393 20406 15832 12096 2415 16147 21683 12255 2464 22074 5201 6395 18794 14058 9873 21404 16773 7088 27600 19723 26602 10007 4989 20533 12526 22497 1823 22781 11083 26691 5970 11747 2509 24139 14832 13339 14754 27810 3466 19464 1530 4037 10787 23790 10963 12561 8536 22647 27406 1098 10787 12377 2785 25849 6295 28642 17065 8078 30771 13939 18172 1318 9645 20904 28647 2559 7841 18267 18541 11636 29338 25933 21690 674 1562 12929 24312 20337 29423 14776 28995 12070 3745 20860 10654 14884 23642 22982 20025 16737 26802 4526 31353 10055 10870 26801 23102 20693 10153 8068 10794 29558 17249 28520 29538 23588 10158 25886 27975 28903 28320 13565 25556 8314 10239 2168 22244 30826 10139 8908 2002 8239 24815 31086 16288 31727 31925 26963 23896 4240 9637 7809 26039 9005 25727 29170 15302 19201 28871 19046 391 22173 22031 32477 19310 17944 5171 9641 28587 13370 5076 26239 7987 9056 28727 20820 12364 31082 14504 30486 19597 10185 21826 11693 27734 20235 29180 8721 2834 5814 31921 32541 16148 13107 27778 28793 5146 20807 13392 26353 17767 5201 27529 28288 7297 1213 26490 21094 17220 21294 7358 16886 22885 27342 28032 12834 14730 31973 7842 31418 
2250 15171 7506 1827 14581 16294 265 18130 2716 549 13701 14836 19058 3202 19827 27047 26772 6496 16648 8851 20923 24124 15366 19993 32309 15587 30438 30620 20418 24752 12251 26174 8064 9493 9309 11136 17011 22201 19919 14457 18483 27692 19257 13803 32181 28494 9621 29692 2835 20966 11277 6085 20256 2989 1471 8756 25965 5848 30213 9065 22005 2028 18410 6477 303 9027 26227 8408 13390 26847 9127 4619 729 11360 19524 17880 29774 21110 159 11170 7218 27632 7064 26606 31061 1187 11529 1310 30471 26392 5550 895 31147 16239 16939 4595 1508 3917 28112 1265 2561 1133 20937 8332 7322 8033 11415 28473 18995 27197 14851 16893 11310 29828 15084 2275 28472 27741 9962 2061 12706 25393 19460 11364 21573 8915 10932 6523 13001 5238 23761 5171 21193 21267 12964 7056 19944 9359 15301 6330 20977 15794 21945 1196 14266 10130 21157 23337 16356 24115 23203 6815 16625 14650 7117 12949 30963 16206 28653 31635 5025 21506 24087 26813 24363 10194 2080 5053 1764 7861 15423 9146 19691 22691 29060 21790 24484 11783 13135 3998 12424 13755 29587 27759 2450 6488 9207 17335 19464 30591 18689 15754 30125 30714 14230 21471 21103 4441 8630 22765 3963 23719 17172 29352 19454 12665 12945 24548 7092 5259 32114 8852 831 13607 6594 10214 11636 18176 19704 29324 18410 8270 25453 15332 12967 16578 4652 2242 733 16906 7671 13189 23087 25323 23917 12474 18322 15646 21588 32764 26907 25541 11043 4858 32216 26504 26868 11375 31674 20097 6979 30030 23635 18560 22754 31192 26082 8394 29341 24476 22436 24524 25652 4498 12900 25192 4893 20611 3689 29491 5131 2246 11909 15216 25286 11612 2802 14620 5860 8174 15351 20955 18743 9175 1133 24360 24536 127 7213 6057 6180 23247 12085 22070 18775 19591 11078 27745 11759 30156 
3566 2767 19311 21837 32282 773 7418 11044 6623 19545 11378 4188 288 19066 10604 7329 30585 19289 26403 2922 11296 8949 4338 10234 31138 18043 31799 19095 31384 27152 17924 9640 4439 31753 2967 730 22936 19249 28817 17545 15392 8769 24576 28952 13724 23620 27601 15951 12338 13143 562 834 19908 29694 10785 7567 26284 19918 4282 13176 13336 17173 29352 824 2141 18946 17963 18965 17258 32036 10268 4863 7215 7328 26282 30648 13625 10336 27991 25451 3658 23743 12796 15595 14992 6393 31646 28811 7309 1145 17867 204 23316 2634 8660 26787 18606 25824 7715 10489 6329 3667 21251 19244 32243 31624 27199 25212 2695 1397 25088 15536 16890 26373 2200 31565 13278 11297 27584 16717 21995 9805 27736 11542 3670 4283 6185 3555 25978 17530 16783 7435 29973 15878 3823 71 16617 6239 22660 3896 16081 16440 7713 21477 6864 27935 9664 21460 9120 7126 18184 3650 3634 28590 21854 8350 23485 20166 22678 17697 17201 3698 21677 27036 21894 20158 4187 16686 19934 29565 4712 29114 26478 19909 11511 41 15950 159 7040 23833 4577 21761 31153 21712 6250 1818 28303 23696 16377 28506 4509 21405 9013 25697 9164 28838 31301 14800 24883 21485 14900 5427 13898 7474 28986 17748 24201 29692 1722 31474 18389 12252 30839 8505 7646 6670 21317 12813 10958 24572 20878 32079 26890 1573 29609 1993 18494 15041 4466 28538 20782 7777 8028 5802 18361 22741 4013 11506 17603 7098 4938 30237 2045 5984 528 3734 19604 24865 7312 14447 28522 24103 5649 5848 3487 21188 16614 8733 10142 7554 1187 5563 4014 21497 25867 15447 16005 22854 7902 10856 6616 1632 17465 32530 20216 15598 3475 29442 25036 20997 21231 29856 23549 22700 26319 28892 5601 21279 9053 12566 9000 26079 19789 8679 19537 9879 14728 4656 22906 21120 
6767 31433 29031 11961 11413 20389 29215 26589 17291 20145 22428 7495 9440 25794 3095 9373 27897 3745 12174 5383 24600 651 17147 5691 27970 5893 15266 5119 12050 31517 25393 15558 16463 2721 23320 16567 7765 23559 15375 22596 29257 20745 4895 10975 30347 10383 31198 29906 21773 24114 13011 7582 4937 3872 19851 26942 5938 11408 7129 30950 10315 23839 21437 20921 9939 1397 20011 6610 22373 29274 19106 27382 27308 20438 2102 5475 9355 25077 17609 3668 9954 24722 12419 17549 5592 29931 31534 29349 14068 6466 2998 13682 10763 118 18479 27675 8155 27016 961 18193 16111 28100 11772 13815 22984 4587 1110 29409 30869 17229 28869 1851 13340 27668 10664 2898 3477 1683 1260 5959 1947 7057 22430 5877 3040 24889 21368 19193 21349 3388 9250 27106 24774 26866 1100 24822 3993 14549 3425 15289 9334 5590 18587 5532 25591 31113 11839 29462 27177 4906 1231 24926 32308 16773 29127 2170 13456 8910 20804 30010 19329 13109 19355 15690 8589 17204 11311 16518 23582 17355 21136 5758 25625 17388 3599 14903 17621 13027 24594 3728 29337 29828 14482 8037 27320 1719 12927 21113 13306 31524 11779 2282 13861 9681 10510 24159 13568 30453 23234 19737 28904 20922 31390 7174 6585 20871 14362 9904 9051 8072 9111 31223 29034 20286 28238 25804 28883 27708 30562 26084 17717 26834 20828 25274 17228 25302 22500 28617 18113 23953 4192 18316 27622 8148 31591 29322 29155 9009 15820 32122 31046 1651 11766 8219 3094 7297 25197 22822 151 18498 13614 2047 27688 25989 1598 26650 15171 10872 9034 25524 701 18610 7257 13453 11503 25404 7060 27264 30092 19874 27531 11826 8646 28382 10851 27168 17945 1126 9535 13459 8786 12507 18629 12761 26255 28082 22607 4450 14149 28582 10080 10320 12815 12092 29939 29571 32040 22547 9804 10170 
8783 1796 8040 25379 7058 20489 26683 20427 14858 30040 509 2048 3521 26720 30395 13963 5173 7330 27893 4180 7416 4998 14077 7991 18769 11757 31520 14725 1648 24625 22563 14554 27943 27683 19901 331 29105 27058 23579 22124 1280 16934 32389 13588 26773 20000 15066 28704 3962 9200 17747 20377 19619 30130 17606 25086 10661 32495 25076 8212 31313 28060 3975 23474 21154 1296 21334 5796 4979 21399 3293 1562 1476 28653 4494 25867 1052 9298 1780 23978 27780 19902 16594 9532 13645 18799 22888 22116 21215 16512 2767 3732 5284 3599 15557 18509 16719 10957 10084 8436 26014 26655 5320 24864 10746 12171 10020 27208 22708 32289 7700 32191 4223 32477 1930 30180 24379 14403 19708 31300 477 1693 20594 9148 5730 14077 24256 8810 23323 539 30317 20708 2301 9307 16519 5010 32206 21412 9789 15645 17689 30280 12401 15943 31347 15678 28570 32069 12555 25877 22874 26920 17269 23917 4389 18289 31353 15832 26127 13289 27992 26938 4611 19416 25303 30178 14455 1147 4434 4257 29458 20939 21311 15151 29569 29689 14189 16883 10045 9510 25503 22346 3131 27144 340 19778 16328 13777 1540 6257 20623 1258 17940 7514 26482 30392 17653 2724 26825 15181 3289 27593 29280 15188 11515 1936 8864 17523 19188 5475 16461 3878 8850 20149 12065 11736 20667 2905 5323 14012 17036 10592 25147 1845 20169 32629 19472 16820 17757 3815 28523 29699 19978 9429 7204 31917 21706 9805 18733 23046 29744 8242 12057 6524 20847 457 15616 999 6075 3081 25745 11611 29036 22445 30624 8145 15567 81 16025 22869 8939 9245 17486 18892 4156 8285 18004 17618 13601 18361 32712 1550 28725 18301 8351 13625 4318 3420 20803 24786 30603 19917 13278 14165 22866 3510 25323 15986 22614 5314 5571 29034 24310 32018 9862 24851 24478 16718 10962 23367 
31823 7708 32740 14357 27534 14936 13880 26077 14736 32662 18364 23624 23879 2053 28379 15489 23413 24670 25090 12387 25725 21140 26513 12538 3183 805 16241 30058 15217 14735 5920 28645 3308 21864 8997 24645 11175 13598 30791 15208 12192 7959 5518 26687 1995 28022 1789 28923 3018 8813 20005 25521 28814 16560 24294 10708 31611 10098 11602 1482 25227 10187 11716 12028 15645 5691 14558 7265 4767 29168 12493 13630 659 28035 1511 19425 21913 32422 30704 2722 18251 12141 2363 5588 5267 30965 8055 4615 13330 13451 18921 24281 3735 8770 18266 7515 6862 31055 23500 3422 16865 31055 15038 11097 8186 18071 28154 12794 12072 4117 31401 24320 23298 163 26558 30886 29657 26698 20691 23455 17748 18847 10005 10996 27821 17812 1757 28184 1613 20253 7262 7281 24411 15263 19604 15300 7249 19958 31128 73 5153 15030 28107 25176 25920 20139 32349 17801 18436 10216 18850 25005 20601 18096 15060 20898 10888 24491 22494 18157 24217 30480 15579 13256 1892 25765 6416 3084 25259 3210 27302 31374 29653 9828 13534 2946 8926 1775 15296 24528 12421 2903 18201 10537 15672 5065 8374 16735 21234 19494 19728 27118 7522 7580 12615 7399 29309 24851 24802 12981 1182 9453 23279 29676 18437 9920 4732 19479 15121 2655 18044 24661 27985 14281 31501 32760 3045 3197 28708 9594 10795 12163 13661 18453 27677 29008 24047 25078 16740 30798 12950 6347 16484 10399 18890 26376 27533 25283 16286 30298 19916 2692 879 18312 9730 9920 21575 19117 2490 20396 1314 20264 9933 21711 17793 3820 4163 11919 19425 16718 21339 13038 13145 15309 27133 12227 4650 19138 6704 20903 22502 16162 30027 30071 23505 1222 32012 22399 9490 1928 16090 32323 19032 11062 24227 31599 7145 16014 14165 30560 15875 17712 14416 1324 10214 27584 950 30709 15939 28071 
29720 29872 5872 21755 5562 24377 4860 7864 21216 13541 10140 31521 1930 2373 29234 31672 32661 2269 23357 32212 305 20860 30653 8777 19027 4966 21588 20822 7397 12792 5901 23637 30332 30210 4756 24214 17306 15665 29553 761 25001 12545 10103 28370 18730 24272 32283 21530 31582 12260 11073 13207 9111 18264 13666 15388 1375 8054 4888 30831 22601 27140 10471 14277 23802 31300 30381 25700 4539 16109 15796 26431 12215 32167 13308 18882 30349 29527 26454 1378 29305 2031 32421 11369 18417 32121 792 6635 28615 21419 12432 21644 27623 19548 960 32490 4917 21078 24137 22819 29490 4647 14513 29022 26111 13319 20695 29642 30278 6206 20799 15195 7209 27575 30268 31979 12014 2385 31918 28458 32132 20204 5238 11013 27049 2970 9787 29131 25343 26336 24690 7142 20795 23434 6433 11100 319 8345 30649 4610 15450 32156 4369 28165 21683 1823 14004 24905 10483 3457 5293 29079 13263 23496 1820 6591 21899 13597 8659 30525 21552 4812 19915 29378 4871 27360 13017 4989 29958 6129 10150 12721 17261 16858 22987 22242 12047 6071 30926 14297 9033 30929 13673 12071 5853 23307 18688 20833 16212 26543 3563 7744 17314 9715 27177 5487 7579 24039 19308 10320 3179 31280 4665 11623 17049 1029 1518 22555 31764 14432 26249 190 28098 24881 26949 8408 23909 31467 30150 10737 25514 20676 2543 13917 22354 23384 10529 21196 28839 16846 21146 30688 762 9851 13314 16277 12819 3198 27509 6396 12596 21532 2563 30640 7549 11797 29356 26758 9347 5144 31343 4693 9479 30688 3957 10999 21105 19885 26876 10882 28919 10772 5459 2598 9325 32140 10246 22687 12727 9772 2901 14821 20456 3835 18680 27852 19216 24556 22050 9136 31909 26922 9192 4063 24970 2345 19750 28423 14780 12237 18917 26336 24533 8758 32477 4891 11798 31428 28026 6514 
9783 13870 15867 26865 21869 1985 27195 23607 18784 21216 32359 20750 23913 9735 8520 9530 4633 30907 28 9287 23908 13428 4010 21383 25400 28796 7072 1059 3728 10768 20191 7533 31940 24256 16401 24799 17101 5036 1029 31513 28182 28143 7597 13522 28680 21093 12778 24203 32439 26498 566 29804 31475 22164 23209 32107 17804 16337 31695 29597 6953 10207 14305 31977 32610 13832 16652 19379 17498 23073 23576 10315 2199 4170 3473 25863 30799 4285 2937 23059 27525 21410 22576 23685 29968 8922 22182 11739 23202 31174 4195 3634 2841 28432 15039 5373 26636 28693 18717 4230 2294 10437 10402 17130 25367 6268 2347 25223 10860 8750 7108 31489 16090 31467 982 7335 4789 4462 32497 18561 24151 18791 17489 20146 31707 30600 23657 24691 31254 6833 16888 13838 18150 19886 11497 1016 23176 12923 6274 7788 22392 13435 31298 31056 11048 25710 9938 18878 13708 32663 31521 12789 29349 30372 18367 23414 9108 29698 9690 27753 9829 18862 20437 6971 28942 9197 30131 15824 26637 10823 15171 16406 16517 21126 12880 24565 27471 29812 26804 7618 12441 2342 26205 9883 16944 5689 15145 24450 6675 32105 16275 24667 30618 20934 25855 23682 2929 3568 19116 11260 16982 18969 17925 27980 13621 12035 9059 23641 10683 19005 11831 30329 22689 31751 9074 16492 11914 22520 5515 7476 4160 14151 12464 6339 1040 294 23106 5329 5277 6999 9399 11194 12857 6226 15602 11490 25084 26717 25123 4656 2186 23900 6884 6069 22162 4391 20879 30110 11263 1964 8454 6754 16507 14795 23253 32518 11799 31990 11183 23670 10588 5711 19994 25238 10945 17066 6573 18184 7525 8792 11952 19224 16114 12276 28016 4316 15545 11059 14319 5609 8998 25651 16668 17547 3913 26420 6805 16643 29753 32288 9918 4438 3989 6901 27231 4998 8205 31650 5503 22848 
11453 28327 16418 979 27987 7563 372 28824 6049 31861 27145 3025 7556 8853 24342 1538 1820 3097 2735 24484 24203 23647 5417 9649 20530 18761 2890 11044 15755 29122 9560 32276 26832 20437 19719 20327 26857 17218 19790 19818 3454 27240 7011 2416 15995 30652 4124 21739 5276 26310 24016 18127 1357 20791 205 6139 20755 15786 14974 14346 17639 10716 28691 4243 2392 12814 15082 16836 25339 30572 10283 2834 16475 14416 2106 24363 32449 9640 10225 27339 10294 14730 1080 13730 18449 30375 14852 22127 27161 8281 6813 27726 21836 10648 28024 8955 27442 19809 15889 30805 9098 22490 30108 21278 6268 1787 11014 15301 7849 23925 17193 21987 14767 9551 6173 12762 664 19162 9163 12432 20886 17664 26156 8954 25398 16336 26405 17214 27777 8040 25503 29637 15477 17158 32616 21730 8023 4833 1806 3794 26444 26727 31626 14252 838 28974 21938 13565 25213 14222 31611 5872 24735 8769 14982 16609 8553 26081 9381 25865 1697 26086 19249 31434 6031 21205 2946 26283 23984 5997 7859 24172 16933 17902 8201 14143 785 6923 21855 8996 4148 4178 4879 110 21891 940 27113 17329 23330 29406 27675 7709 12030 17006 24008 10300 23369 30239 12280 6501 23915 21914 19885 7951 13457 8892 17778 5630 13248 649 6160 30287 2455 10233 20875 10818 30892 6211 14933 11996 29822 19132 20335 10096 31496 19890 17801 9700 15341 23832 8915 18820 7641 18198 16188 10291 7960 19693 26008 18882 26500 28875 4774 32476 29710 3050 19427 8866 3053 32014 11717 17830 24332 26765 18831 3993 26003 16596 7330 26910 4294 9765 30442 10242 1272 24353 21006 25272 17140 8970 15406 6551 20854 19951 22398 11830 16145 27746 30319 31263 26207 3623 225 2680 15271 25840 45 6863 8760 10382 7420 685 15782 26081 27053 16270 8456 3051 26465 25500 
24869 5005 20863 8997 31123 10162 32288 1194 5366 26197 5262 10397 7311 18574 30858 14010 4558 1896 28464 29054 10273 32684 8734 14762 4865 1631 4695 10465 21053 31691 464 6668 27432 19411 21681 7677 14312 15238 27797 12640 8572 27975 32362 20492 30967 11456 2558 20253 20251 6806 19265 11121 21105 14173 16503 20213 10591 29876 10398 8295 4784 5260 25246 10893 6247 22915 26694 16759 11252 3214 16425 30567 25939 19043 19626 31490 10469 16946 5344 17614 11646 13731 3657 1903 23483 25331 10160 27326 22529 30760 20560 28790 22552 21066 5593 30295 11835 16158 25528 19712 13333 19804 5345 3966 7756 32581 8863 22554 3247 22909 12332 32052 16676 5274 2504 24051 21810 23197 31832 8593 20451 19045 2821 30376 19540 14439 160 25064 18172 28912 22904 22526 2402 22692 18972 13078 8593 22855 67 244 6668 25619 19980 20174 14625 6642 1636 18139 13118 31805 1345 3130 30030 17240 12998 3080 18479 13561 12830 1092 26941 18223 19229 3483 24241 11282 20027 16624 5201 13524 21620 14703 31498 25915 24893 31758 13791 28739 15235 22477 6487 3409 21370 14668 17122 10621 2316 19508 10034 31302 21964 10923 28316 32669 18742 7005 13905 8248 20155 17138 131 5265 11922 21752 18217 21403 28114 16409 25877 20434 27984 2629 8223 23009 6502 11176 32429 3848 25654 11194 14488 26942 114 13989 3212 8977 17304 23050 8679 29611 26753 24278 19248 6044 4870 31707 24455 28308 11494 28162 9565 31722 32029 22106 13173 29498 9121 15051 14644 23713 9157 20731 2853 22755 25936 25491 29701 24095 12314 23748 9782 30866 13068 12504 20419 19205 20087 17661 14307 12278 29742 29854 20735 22746 6421 8476 24617 11029 25174 14866 3622 5901 4666 8224 19398 32522 23115 24039 31113 21020 23952 32077 8100 30042 2526 16469 9438 29362 22709 20868 
10803 22825 4286 21664 6334 10793 1479 6143 10803 14734 14683 28085 30690 10283 28919 18429 7107 18641 9892 30822 13319 22472 6273 32421 6256 19140 11390 14529 13799 6393 21136 67 19530 12107 13347 5863 32214 30914 138 16224 19965 3394 11454 6654 13087 6812 18246 4692 30084 19702 6969 21083 11711 21062 32727 9369 10170 1672 11312 12178 15567 13815 8344 28011 14712 23011 23629 26094 12256 20838 23489 14434 14438 16857 6759 16702 13963 14513 21218 12896 20900 12164 16019 10741 19262 22474 24336 19402 26600 22588 14826 5986 5349 15829 2140 257 27089 5199 18700 3684 8446 4035 22812 18902 20402 14036 21782 19679 7035 5086 14124 7102 22919 28321 31971 5162 874 3535 14771 9821 10871 11372 30627 15655 22579 8619 11556 30916 24058 10371 12524 6505 31850 31407 2868 12508 3670 9808 593 24130 23249 3621 25853 27002 29962 24751 10964 31259 22343 19484 28502 28997 29720 9060 12963 11588 3787 27089 27334 26723 20129 31906 16738 17645 8062 27449 32472 28358 1694 6770 3061 26610 7727 21983 31994 3543 17640 2128 17773 12217 11000 27415 27900 17340 31815 5146 11573 9078 20999 28705 22454 9952 14249 11101 14139 22712 13889 17438 21730 13231 17629 1409 4882 29580 2776 1130 11111 3904 9936 32602 2969 23464 30133 17652 2199 8948 1897 4034 27529 2785 12077 11582 5057 3150 5105 4389 27026 1611 15156 26532 24892 22841 541 23406 16905 13290 8594 13568 32331 20627 9876 26813 19941 11187 15412 16884 1183 21489 7674 7179 2821 23084 20561 17630 27517 31257 14130 20676 6735 2723 25796 9972 24797 17250 15378 11751 15669 7332 26857 5424 28808 4823 24314 13174 19082 23847 8266 28629 26905 28114 28089 381 14815 9128 1312 28608 14842 13674 13047 16754 14528 21447 17146 2232 7952 9313 11207 8249 17850 21158 
13755 7304 4406 2907 20780 5929 31609 5477 2933 14798 584 23798 11976 15630 20882 8102 12620 19101 9968 27983 31327 8580 10038 18178 32545 31669 32169 19540 24086 31012 3288 3063 4565 19530 22850 16484 30152 6197 29916 10982 8469 32505 25733 2926 9777 10498 3068 15136 26256 5947 19235 31793 26254 4935 32126 22706 19072 18997 9937 28607 9396 24629 30920 658 10391 8834 820 18160 17142 10157 27743 713 4781 1736 2930 21925 24873 20959 14663 12831 19946 27559 7307 22968 23882 28804 8965 23463 3997 5834 20927 28351 24718 17646 4872 20268 2203 578 6969 17404 15437 28154 32655 2267 13474 10960 21843 31638 29046 7863 31484 20097 11845 19426 17763 3783 30587 29757 826 20639 11597 18569 23367 29515 9756 14681 29098 26900 30387 11719 15454 22058 30973 32674 13351 1756 8077 9863 14292 18263 27599 24456 13200 20751 31206 17064 1022 8576 11788 19109 2411 14343 2852 29918 17195 1 20712 24836 3125 20812 28848 23347 14780 17685 31260 29861 17050 22539 29583 24003 4532 12446 6551 5125 13228 30109 138 25446 8854 15566 19074 9817 23863 24129 28334 20442 26769 15316 20158 10014 1321 29296 31232 11018 21382 28228 20019 13077 16958 27325 11485 2849 21126 24404 8567 6148 5022 25738 21647 23467 7082 21594 20086 21580 15485 17370 27793 15874 23901 732 6836 17383 11757 2261 4180 12019 15526 17781 30134 17235 9485 26099 25113 16734 2000 31905 31963 6530 32050 14452 9499 25087 19281 17466 28148 15432 28876 18013 20160 32634 11788 4550 11300 196 28866 32241 6415 22589 22219 13248 28361 26210 31262 7459 1383 24982 27905 9485 23389 13476 15604 13114 16416 3607 1456 10630 2025 26865 11336 24525 31591 12497 3507 10678 18088 19156 22312 19226 15891 1188 11255 3872 8600 26908 25420 26727 22353 1820 6651 13685 
3326 30034 24226 26115 10760 20572 6975 9130 6289 8205 14897 17944 24000 8410 28076 6222 6731 12509 29720 887 5469 9954 30443 7771 22524 1254 19343 9758 8027 16145 1323 8415 11359 17885 12579 22154 22949 19399 10818 11570 17474 24225 726 20764 4482 12973 25173 17543 32253 20333 22942 23402 27265 23234 10473 30087 5593 2003 23022 850 27367 14212 25192 8472 29985 23944 13815 17304 24178 30233 8463 4940 15668 20887 28355 1127 17554 20513 946 19305 112 32130 29767 15699 12857 21776 6285 26806 28733 2236 5097 17852 20883 12369 22493 11765 23385 17526 25008 4127 32164 19318 26832 20368 17510 30997 7333 7383 1659 25048 26501 6296 19576 32347 8588 4775 11307 24683 28243 15507 32518 798 2411 4906 18936 6098 30665 14094 3829 23502 15377 26637 7392 10322 1868 689 23231 23087 21148 7339 28741 14745 17642 20575 8054 6241 25071 13620 6054 18265 24936 6262 32267 162 5111 20023 10627 14661 4022 7658 8705 29974 31222 30622 30243 14796 30893 22906 25560 27790 2648 23838 31263 7335 23613 25940 23595 5763 19660 1863 11770 31086 9969 22164 10212 24511 24983 30208 29564 9790 4376 11781 14662 17423 19975 10225 8971 20959 14772 18627 17573 9901 27701 19918 17394 12715 23066 8736 7470 11824 14603 12489 32087 14576 31268 20753 10410 14594 10877 24330 31553 17377 7876 29023 13395 10829 14895 11991 10336 2150 6684 6312 16733 1965 9342 8359 8791 29689 19504 2691 29396 28959 28822 15632 17536 2534 9595 16820 31602 10425 13743 27830 28396 20545 4419 5162 12622 16187 9177 15590 15986 18145 26473 7973 4507 9645 13567 30249 25637 2697 6697 13243 14356 798 23904 9068 10337 4744 20436 25660 10774 17959 21934 29814 8471 22025 15724 22386 4551 6314 7534 17828 21906 18119 25551 32534 14452 11618 30512 2956 
10205 4843 31874 2582 28859 8175 21695 993 14851 31300 10138 15633 6396 13972 17455 10685 19566 548 15950 6993 13279 2354 10121 5344 2527 13471 14782 17211 20027 6423 25655 15429 23638 31184 6923 10107 31296 10942 10462 22141 24864 2225 7026 745 17854 9064 3978 4073 455 12188 25562 29544 13703 14157 5515 1313 7366 15841 5596 7197 6241 19853 15484 17065 27941 5140 22207 762 22904 2059 11790 25285 15779 1130 30277 26994 3328 27330 30828 2833 23076 12893 774 20034 26233 5364 27308 27728 11646 12935 14493 13175 11558 24267 13038 21133 18935 21485 32665 1829 21901 20854 11625 8 21133 26727 11516 15797 20552 20589 6617 4173 29403 1982 7580 25085 22451 29109 15560 19572 5848 4658 3582 1841 12931 7514 12067 10960 6560 19401 29750 25692 23884 4819 9120 9372 32192 9549 29385 21551 24937 22579 32018 10787 48 7330 21938 1811 14498 13129 7675 19410 28354 22990 32608 24783 10904 23021 30465 29618 16377 18793 10024 25548 3772 25969 7265 24148 25128 13225 28884 9466 31964 23004 10504 15612 6090 30864 18774 21863 19033 876 31997 28993 2458 26773 24601 3775 18376 541 1295 26008 6747 20145 24848 8043 7969 12369 2970 10904 17597 30738 6593 28622 17712 32376 18023 30034 19270 22520 2628 4275 5856 15384 31517 12865 1532 3119 16609 15034 13497 17281 7797 23810 7243 23009 2630 27990 12655 23580 2309 17415 7644 21409 7599 25043 21040 19190 2663 15401 756 4851 13210 22368 9041 29545 24155 21035 29086 15727 1762 22396 8508 4630 13535 30058 14727 29615 29342 17756 27351 17652 8950 13479 26844 4013 11962 6081 25907 31791 30944 17325 30453 26299 9235 4767 4314 28057 22200 29000 30124 11083 19584 10244 697 7249 941 22629 11923 23723 20604 6473 23783 1881 21219 4638 20153 13257 16126 17637 
17927 13984 23536 24809 12576 19829 30785 18037 26103 21755 32566 2581 13114 20471 25238 14221 15266 10962 26164 1706 22340 12907 21738 30075 24095 12318 4924 3964 15653 13502 25793 29855 17329 21508 32378 25158 14572 18488 18254 32393 9271 28384 19316 22230 3621 25972 15432 23906 22173 5717 3821 30721 6253 20161 1905 28985 17173 6324 24735 22580 5356 17959 32579 14152 4774 6186 25949 11892 28486 3421 13016 14414 4018 32699 26794 23968 9577 29797 18704 17557 25126 27907 15294 1035 25312 17982 21333 28239 22811 30770 10094 11480 4468 11572 19729 10671 27003 12577 29177 16920 16744 27748 8763 25712 7787 23406 5932 19166 22134 18024 8947 13199 7865 4805 20772 8607 18073 6474 23980 15291 27906 19250 8941 6696 4427 23778 12426 8522 31821 7621 27322 28403 7898 25926 3780 31073 13550 30887 4832 17188 12644 6367 1949 24285 7871 21094 13964 32412 27899 24314 12998 14720 32707 29142 30898 18717 31918 11146 14652 25822 20152 22965 26073 204 25856 30112 11314 16718 24773 30758 2197 26920 15298 11042 15460 283 31591 10056 21400 20731 21112 9148 16350 27291 27983 13917 31500 20947 7294 11888 23779 11334 8131 5930 25395 12721 9296 30535 25688 25246 14264 20643 14543 20621 1104 28678 13568 7096 19963 29520 30843 3256 5361 8550 16682 10435 3768 18904 30562 7259 24216 30807 17398 6722 16210 21807 3238 1832 29606 31934 4564 5846 6760 30970 16796 2296 6574 18945 17217 28284 32632 17207 21483 16770 30296 17397 30617 7537 9500 31963 18606 4524 29446 26099 17088 13295 26138 2563 24162 510 344 27848 21227 7820 21288 11132 5505 103 25533 11890 10567 22282 21364 28252 29717 6570 9140 13683 8776 1815 30449 19844 19110 18314 7469 32309 26341 12607 19260 16782 18192 15487 12121 29646 23301 31420 7097 6420 21262 10966 
135 24700 28432 1653 13389 596 22022 26943 10080 11390 32598 3524 26519 31892 26160 19966 29076 24758 23541 16720 14807 31086 18926 8467 3396 1807 23866 3095 3913 20262 27809 8544 25674 22536 18642 7111 2872 27135 18480 14024 7049 4196 30246 17620 13035 12247 15962 20305 18792 23546 29241 20235 19216 6642 16581 2172 32181 23847 9634 2768 28041 15764 25204 11794 17884 13312 282 27193 10005 18925 24723 21404 15089 17910 20232 15527 6832 8224 9822 30987 13715 46 7001 30343 25813 4303 11329 4493 16468 18048 4217 30128 25185 3848 13356 32659 27854 6037 27247 26605 14518 3222 17878 10994 12284 6707 356 6454 1211 69 13597 13190 14057 19309 19676 12089 19836 12217 20422 25197 9174 4777 20020 11585 30626 3642 9065 26126 7877 24251 28439 8311 25951 11285 19404 20031 17633 25506 6644 21791 19371 30824 2767 27210 20508 12445 31769 6266 30957 7892 7506 20902 13379 29267 13509 15110 18441 15664 4237 1182 16852 31870 7891 11666 6732 17095 27076 16022 24120 19115 24521 26336 29126 23874 9248 14813 4095 4110 10380 3542 7876 3717 4050 14957 21928 30564 12724 12669 17786 8877 25837 29660 17961 4036 6597 10459 24479 27402 17162 12036 16333 25579 26358 21340 4123 22185 27562 6340 3496 7431 6039 27619 3349 16602 4566 31610 16599 31990 32699 9308 3965 2732 21986 30718 26373 29976 2846 17773 28272 8755 6512 10671 14519 10354 6613 15994 5022 14285 16598 18001 29706 20653 24004 19572 5580 28580 26272 28077 32334 32706 14505 14515 4847 11148 1836 7527 17217 27070 32747 5971 23281 26465 11148 30902 32242 16926 8614 19835 13272 25076 6162 27031 12046 25021 3845 11176 23210 18827 8872 31229 21758 20141 10835 11424 1363 29251 25451 2935 15006 27493 2765 24385 29085 6124 14486 27078 9090 4377 11959 2339 
1272 10688 5200 14409 9514 32061 5362 1219 9797 29578 16259 26968 16945 8271 5304 21949 11206 4836 28159 11858 4733 9463 24699 32676 8604 401 24546 31587 22281 17644 7782 17696 29667 21375 6375 15571 24338 17331 16175 31009 5632 4831 8265 26420 7623 31411 31919 15081 17396 24483 4544 27059 26485 12779 22884 7835 32389 8420 22426 11314 30821 9316 15389 25573 23959 5428 9986 26619 6702 6099 7972 13042 18989 5355 8298 4161 18174 13878 21979 12516 1294 25187 7533 19837 31350 26793 31658 18915 9410 3389 27423 10267 8541 30071 27049 3797 17284 17492 7167 21856 1478 17323 17682 25933 4405 19884 20949 11311 30579 23832 18127 16958 6723 22251 4732 3548 15811 7992 18952 31973 21735 23687 20029 8799 18795 12823 9091 4356 31189 8598 27717 7437 30029 17637 23595 1660 3175 28665 28219 10002 10159 13844 23005 23262 22775 7407 28169 30739 26163 4900 29020 32498 26198 27793 14317 7367 21721 2137 21103 1072 20561 32210 21459 459 960 28932 1982 13686 31279 8137 24536 19476 24428 7650 177 32122 472 7700 27319 3585 32247 16092 26891 384 19157 27964 18160 29705 20757 20864 12163 14256 15935 1554 4608 21388 17016 8898 21166 23883 21287 14977 7402 21719 2133 18811 16734 21909 13242 32652 28461 253 25847 1234 21355 22528 23721 935 26959 21223 6756 29945 25087 17859 18162 7918 23008 10121 1810 23839 5731 5376 26299 806 10977 17420 9481 26604 21016 14830 24064 24737 29901 4602 32331 4889 10957 19351 19302 25560 5683 23282 9929 1959 29347 11611 24025 8851 2960 28866 29729 10705 2933 13817 7073 10900 10636 3385 2067 26212 32260 62 14596 15219 17333 31400 27400 31164 29461 13594 14951 26572 10342 24647 14801 14426 29139 7461 3252 18197 19396 27083 32674 366 16959 24911 11216 10807 5203 25647 
12579 5142 30421 10704 20337 10488 30877 15822 2453 13008 17060 1732 12936 15220 12637 14291 13610 22876 19292 27620 22275 12798 16183 7216 3633 27320 18148 27480 29988 10548 24520 9284 3835 20921 32365 23332 11955 7886 31970 20190 21270 9199 5633 28361 10617 19943 1163 14040 29930 8994 29746 23804 19706 13031 25500 7956 21999 29182 20948 21049 24133 28548 29107 12173 4006 5850 7610 27655 14184 32553 4478 19915 6508 2917 3442 19295 29161 9746 25560 12205 26464 29059 13066 18922 10565 4140 16067 17684 31790 23187 22929 14579 21882 16551 31245 18758 25780 12671 630 13111 28539 7143 32087 15459 21867 15964 24724 22908 30874 15672 28690 8813 32273 1123 19954 8282 15342 10370 29173 12110 22785 7189 27271 948 15360 22171 23252 14121 29323 25587 6835 4658 18876 13201 12242 1019 17255 7859 12857 13875 8174 27496 24049 22825 5285 12783 29699 9622 19758 9533 10034 14832 358 7345 26111 24624 4676 5086 32011 23033 7296 29791 23202 1441 31417 31312 23163 1718 18293 22541 795 29006 22634 438 28291 11173 7756 14841 12608 22879 15311 4892 30029 18980 9115 21406 18280 10151 2409 30176 16776 21332 14090 30641 1259 24436 21707 13889 866 18950 26043 21158 29398 12388 16695 20874 29217 26938 5376 4398 21973 19985 5592 30204 11562 29377 6326 28303 18517 21962 23013 12450 32060 15016 5251 19594 29800 11675 11364 19679 8541 26466 30493 18873 31797 1812 3316 13889 17178 20652 1638 30416 30322 30116 31572 22593 14832 6039 5366 14695 438 13325 6652 28274 4090 11288 28907 17667 8440 4818 10242 31288 9961 26523 22939 15232 28885 16863 28668 23482 21803 3506 995 5555 1084 9642 16208 25547 9212 30483 10704 32170 5759 13205 8757 23140 16448 19635 21961 31763 4956 17429 17910 10353 8510 1435 25068 23540 19408 17669 
29339 24492 24563 13460 17264 17632 16267 18303 7796 15046 24829 21274 27902 9405 24220 27407 22865 22786 32446 14155 11610 5476 30873 2302 20033 9614 26161 29048 10496 1723 2046 14401 13488 12774 2772 10313 4838 3488 4016 5784 21529 13273 8796 23394 8437 8329 23505 17988 15959 8223 16986 12932 6376 24115 2686 10142 19307 7049 17233 19883 6113 21052 26466 22314 12007 14465 30595 31558 5722 18534 11386 19492 32275 2178 7749 5072 22796 32044 16419 31108 6116 12337 28829 20172 30925 27167 23801 11847 9049 15385 11705 25172 565 21190 14845 26083 14239 17876 22266 22438 517 9856 14491 9423 21985 17093 13071 2702 9537 25537 24383 4712 7040 27438 12008 23013 22921 6293 15404 12115 708 2337 923 5372 25098 18975 25020 19372 31763 19675 23121 14740 31947 19932 19204 12927 19134 30742 16704 17482 22464 13206 25025 25954 23714 22924 18797 22524 23320 11403 23117 20490 1443 8545 25642 22753 3513 22783 14995 973 2956 15390 9766 23632 3962 19618 30317 21541 18822 28802 31266 11503 22113 26638 22697 8908 11602 10716 23768 26193 14532 6159 31057 10335 31508 28169 523 13300 23535 4704 27005 27661 29151 5405 26744 9763 28149 31913 11231 12349 32113 21672 21083 3138 17979 3354 30840 24801 12561 17186 29626 29716 7164 24668 18532 19532 28735 19120 10209 21390 20463 25789 4862 7902 26726 14607 2591 13449 23191 30595 7855 19640 5895 31458 16758 14960 9233 14958 2811 8329 8090 9810 28261 21804 23786 20444 17275 25896 28068 6959 17553 832 4908 30742 29019 13579 981 3066 32428 21042 21353 2883 6027 25578 17358 29026 2312 26796 2828 24059 7533 21306 30358 14796 7508 32607 9460 9302 23929 2927 9371 10915 11015 21150 13117 9368 24000 7780 3655 31777 8862 9920 32554 21664 9531 19229 3601 6758 22221 29685 
31829 13014 5603 16255 30812 8750 5842 13761 23562 1175 31031 4601 11509 3143 14037 13374 17859 24314 18617 13165 3779 1831 7260 25616 17634 10655 17811 7089 20458 10662 19737 11080 932 6008 31230 6946 17491 30878 4313 21107 13722 30962 15387 5433 10812 31520 21601 13556 16043 11891 21110 17503 25116 23624 24848 27255 7192 6423 3718 3588 13254 7128 1072 1660 13861 21455 4192 15459 13148 3268 11147 8289 14756 27821 26181 22359 10457 25906 8875 18378 30389 735 5002 3076 21253 30788 27309 7746 13720 31697 23445 21621 26827 21311 20363 12927 1106 9073 25011 27777 20176 137 5570 27961 16560 9228 11936 9308 8834 29985 13023 11324 14981 24889 19662 27540 26576 22601 30130 16408 1496 24662 28756 16593 2005 1096 10915 8215 28945 1053 25887 26211 22696 4744 14746 5437 1627 22305 7761 16579 18675 18452 12301 2334 20849 8854 26558 30744 3413 22370 19711 27478 774 2752 27439 24059 20946 27688 24076 1459 6800 21898 6256 4955 17681 21891 17289 10290 28002 26065 12800 9902 4760 31139 26587 18919 2255 30177 9128 30274 14945 13175 9247 15085 7501 11798 20834 8541 31058 32249 2351 26133 19809 22250 8037 31597 22107 5247 32031 28551 23435 22209 12948 13794 930 3216 24255 5961 10197 12139 27181 22456 4861 25154 28967 19409 27841 27438 2484 4409 7886 14989 13219 18488 7632 27955 13522 22553 2851 2507 16197 30341 16508 22554 28282 12726 24217 29956 11882 11643 3279 12405 12600 8804 15433 18020 5999 23652 4030 32753 9672 16892 20500 6298 17253 23884 11927 3634 10904 6726 13439 20772 2141 11766 26128 21225 3069 24524 3386 142 18577 2237 12699 8856 2179 12701 9165 19694 6321 4157 1879 2443 31513 17003 8163 4121 12124 30566 11633 18840 5149 13511 21414 4103 23785 14716 25768 23240 30195 8756 
17095 18650 3132 21423 13405 28606 23618 13444 6747 9327 26731 15853 16659 15581 15135 24432 31216 22252 27728 25974 14216 675 23674 25022 29995 10022 14659 11990 6562 10558 19256 29367 18566 7767 7869 29785 6132 11630 6543 15973 12215 31653 13507 774 19214 24759 13675 3291 4032 28783 24257 30714 12628 10888 18670 25693 5679 26915 10311 5038 1475 15602 859 8060 29448 26850 18935 12359 29743 19841 13641 1577 12252 6365 6177 1464 22541 21838 31920 14202 475 17457 3590 10110 22378 19077 14732 2334 29589 774 14673 187 17868 20018 22377 16925 25943 228 4842 23843 8041 203 31094 27451 23851 29352 25020 14675 21239 30745 23582 22266 12992 12236 23546 24665 28892 23486 13007 10853 21002 26475 24898 9677 1712 29693 19987 14929 21016 15368 19056 6610 13913 11228 2329 27010 32406 8156 23476 17207 32545 30737 23415 9918 12009 15146 14116 15551 14012 22082 8709 11140 13135 30279 19963 23098 23101 25253 22762 24843 14494 3812 29138 995 30465 12365 18371 3080 3894 2685 24410 2219 30716 11583 24156 29117 1564 5828 14656 4936 4983 7726 26369 19155 18400 28073 18529 26085 30734 13189 9247 11820 16736 5402 27848 19731 3875 26040 24612 17743 1220 32008 27845 24833 6169 16353 30455 23577 24862 27665 14959 3409 31930 12247 10023 8343 15430 17569 31004 31021 18253 13938 5057 1113 21679 9605 19106 18502 11266 575 31744 26231 10104 12766 15693 26002 13555 31008 1946 409 3992 31607 26805 30713 21090 3937 4502 16035 2990 19481 2003 260 28315 12772 28008 29178 4910 42 77 27276 15275 21806 16889 16580 14526 13087 2659 1337 26967 9723 7090 3650 8578 4440 14139 24277 8875 24289 13075 8364 7299 21961 13162 7778 12511 16149 6047 17757 18600 14332 18426 30104 23437 538 28533 543 23586 9818 11969 27238 
10980 7055 2861 3773 23615 10713 27722 805 32241 28130 30124 8799 1128 7591 2610 21402 5153 16084 9546 127 23302 9209 2765 32297 7103 28404 25433 16509 3996 12596 32746 19117 742 18010 18700 27585 12559 12227 18329 9122 27270 27773 5106 22783 14582 22744 30135 14618 23214 27996 32180 24560 19202 19695 9742 16108 23688 1582 24425 8079 17319 17555 2489 8206 16618 29924 1431 3976 14278 10989 5844 26961 28618 20017 9525 7064 30057 19664 27183 8918 3845 6819 6178 27361 29283 2410 4827 8550 19722 3243 15672 15482 22151 17359 29772 30761 24249 5423 15125 22256 32746 10059 13770 8590 8772 17539 55 14492 2728 27387 7457 783 13730 10549 25511 5352 30078 11468 25743 14997 15142 15072 27326 22368 2042 15278 6402 7407 3873 12289 7039 10433 24884 29282 21623 1791 8223 15595 7558 3954 17489 24829 14858 26845 5197 29100 15925 3687 20271 24149 1718 8992 22275 1078 22700 8732 7316 25201 3367 1102 25868 10332 27663 15391 17657 393 13738 22625 23229 18961 15482 18232 19275 10561 13048 31940 88 5754 26956 21563 11974 16736 32544 22543 10596 19567 23327 27208 2129 6226 32009 25856 8875 9834 13695 17855 7551 19829 22233 24359 22943 1316 12986 5558 29522 29862 31909 12556 32004 26457 9830 28508 16653 8053 31451 4362 15542 17761 27092 9959 2131 32442 18634 20694 24717 1814 18744 10825 14527 10347 7195 32345 21246 14817 30963 27187 26723 27528 9934 27444 19676 1227 16749 6722 8425 24381 27247 31833 32306 12675 20811 18472 30328 31266 24613 28200 15221 26484 27652 19529 26871 22527 23256 28743 1643 18292 1336 29217 21962 11505 26003 4592 22369 24811 5374 10249 26622 27503 25276 30271 3312 7180 17074 23197 17665 768 1998 17457 28829 5294 7969 25022 3396 15960 11965 616 3475 2923 28753 28531 
17234 15243 26740 24367 6911 14865 3422 8963 5003 28075 3735 19480 7971 9797 29137 2917 2772 8143 11292 18530 13642 14436 29411 10355 15020 30116 8109 8308 20244 5531 3761 31246 26197 16853 19330 20771 20179 23930 14356 14750 6929 7871 28237 12613 25399 10452 9282 30712 779 28973 32757 19599 9678 19379 21728 25403 16576 12906 20274 10188 19450 1711 29538 11836 20283 26268 25718 458 7463 18984 14883 15409 31802 18424 26945 21233 5020 4154 9663 5369 30472 13204 3766 17115 9611 16305 30782 3123 26059 17012 17338 946 14364 4760 28023 1805 10188 28751 18016 26173 2897 19104 15015 32281 19082 9428 31437 13915 5270 8002 13418 3088 29593 118 5420 13473 22892 6304 31554 5986 23693 5745 30097 6839 25990 18784 23807 2752 23564 8013 18497 2330 13429 31295 21470 26335 5811 9054 27919 19492 31589 29480 30473 26863 16056 6778 1332 24302 14785 14377 22392 2939 8627 14246 8535 26486 15064 27134 12152 13230 31506 2129 20653 4820 14213 32212 8772 19227 629 21803 27333 5700 20066 19075 31277 26770 9982 6462 11822 32557 4803 19562 25765 32152 2722 13408 23302 7752 15111 1732 24790 13987 26661 32745 15993 20281 20349 23465 6389 4534 14920 901 25133 14047 10585 13197 21788 29547 15650 12678 7984 3091 3127 2456 3434 5322 7717 24268 6455 16286 27106 25800 15984 1520 550 11054 29801 31957 26638 14051 28399 16497 20329 7725 32682 22430 3046 12942 19815 20827 25624 471 25719 18383 10151 24432 29122 30804 11620 9 6617 9681 5532 23422 30975 7702 31714 5172 29415 20343 6996 19017 16404 7489 19768 25355 15452 22450 30109 362 23543 29417 9176 28726 22745 20960 27868 11397 23862 26466 6528 17062 15414 29872 21289 2563 21568 25929 2212 1600 15799 13091 15106 6727 3189 30233 19314 6624 13922 15206 
6294 18628 18333 8653 27627 27425 8922 27895 12046 5120 24079 11012 30671 30379 10974 17691 11998 31367 6023 7952 8303 7946 3178 25689 20759 10331 13985 27161 15421 7703 26428 13008 12261 14714 28241 18028 4018 24547 29014 22125 6060 8659 12657 4671 16164 18568 30845 2451 7306 21208 2479 23987 3708 10379 6306 29805 25237 6433 31472 18204 28916 14666 7936 14160 13924 19024 19754 10938 16409 30200 1122 8468 1723 4134 13915 24931 28340 1099 28795 14274 13405 30155 14616 20588 15152 23941 12052 11054 21601 3556 27432 14254 10091 9518 14291 12406 26411 32406 6921 11062 129 29831 8156 27506 29178 14811 16351 27864 10851 26034 16158 32301 26469 6649 19333 20252 14799 5361 25952 18119 26923 31493 26755 29392 26149 11497 23959 757 24983 11440 19972 23871 13907 14412 21940 13083 24354 27348 28548 10489 17012 15975 620 31677 8029 1015 8821 25985 6839 26078 8159 17776 12334 29547 12891 1991 25706 15803 25686 22005 31297 4530 28507 19038 31945 19220 31675 3252 22142 28761 24089 22013 19702 15320 27558 22223 5391 3013 14413 22556 29830 29804 14519 12711 9672 19810 25311 25547 29252 11400 17689 19618 25900 7592 30192 11556 27910 22742 13779 10075 24489 1233 5808 30063 5259 29478 29967 25587 29863 29334 3654 14624 9123 19251 8972 27748 25082 24431 4174 11288 20495 15230 25844 23619 2751 24267 30049 18544 32177 23268 19406 16030 13205 6400 15359 20392 18154 23208 24647 32524 11051 201 18901 32617 14563 1377 30758 10176 2208 15809 3478 12801 15516 12344 16113 3975 19890 24732 12276 9046 6707 30269 27724 9266 22221 8832 21072 20130 23273 22606 1065 31794 32214 7662 9221 22016 2196 1778 23241 3008 25458 2603 19137 5634 15074 32434 1974 2686 6109 13180 2158 11333 18889 16067 31550 26963 25852 7350 14222 20737 
114 23987 30407 8097 23880 21882 28628 14550 17820 664 11531 27829 2224 1901 17460 19292 10248 29295 11314 27989 13419 14722 1351 23169 12668 18435 4116 8152 10535 4684 13209 31060 7674 27976 7906 14054 14237 14730 26998 22301 23365 30324 1975 9527 8487 17712 27863 16261 11638 27348 29649 2076 16281 26928 21786 17243 29541 11477 1191 28780 15917 4902 10176 2469 23382 25868 7556 28033 23125 8596 18070 25101 17362 2228 23248 15852 21910 6138 15989 31169 11853 7900 26809 22362 2539 16992 20851 8037 15811 25808 13255 17613 27341 29908 12588 3603 15444 7308 17189 30754 30719 13749 782 9189 1863 10895 184 10469 28008 21374 21180 27281 28749 18393 30805 30570 14218 27976 6322 29462 16802 7574 17787 4520 29116 16620 23862 32446 17095 16631 24207 31486 29667 8389 3097 21835 23336 9777 22410 23493 27080 26752 28480 3340 19730 15273 18148 18736 15164 32490 25726 20531 31037 10473 10308 23659 14823 16030 24977 19342 27302 22376 12117 28735 31274 5405 11697 572 5020 9677 13108 20936 4933 20006 19392 10399 7066 15851 13402 811 23444 21871 18195 25349 5650 28394 21809 13425 27073 5488 1050 15677 30959 1974 11637 18473 10119 8740 19760 20791 21209 7337 17200 5988 26816 15122 18286 18916 28688 19592 27521 25186 24454 19082 9619 12142 11212 11284 28428 21268 13976 29427 30794 22888 21119 8782 27345 21250 10049 8781 620 18856 5327 28901 17293 32012 10320 13305 8891 12958 6106 22597 32146 28104 22506 20037 11646 29755 8211 16638 8394 15447 17979 8924 5208 30542 16361 3543 29732 6984 18874 26795 6572 10093 29792 24917 29945 19425 11524 27602 13758 27070 21069 15041 16721 762 31934 3292 449 24517 10053 12263 11952 14946 28645 30497 11521 29406 20709 27542 32044 19947 25638 25436 17817 4374 31604 11662 11129 22006 
8739 2859 15958 6754 5918 9151 7273 16152 25657 26279 5280 22272 27625 11218 3782 22338 31505 9663 215 22589 29119 32552 13508 31070 8221 23937 5797 21723 9604 31568 30895 28879 11907 31281 278 23998 27091 22347 3658 22071 12732 16105 8774 27951 25966 15877 7596 12051 11593 32602 19313 17147 13145 12063 4019 3151 30229 8609 10847 4128 15800 20641 16947 11147 32499 24053 1672 9963 6504 19298 24344 15963 87 1555 28160 2704 30460 18520 9821 19341 15717 5466 21702 19217 12426 8336 32169 3083 21662 28206 873 5041 22792 30129 9878 13583 20846 7900 800 4128 3218 19749 10459 25423 26423 6722 5774 6555 11035 18286 22184 15637 1114 31403 26835 32664 16045 15462 8084 20094 20076 393 26933 15591 29987 30512 1846 17239 8526 3033 22151 3534 10501 21997 6762 24011 16035 8155 2686 12515 23780 28553 31880 16276 3183 111 2814 4860 2642 29629 20076 10588 16498 1810 26529 21150 5001 21223 32114 17549 583 3137 28294 14134 6930 12054 9678 13092 19923 25151 30684 2252 14110 7729 4491 22407 4626 1472 25286 3513 9553 16543 17319 26834 21178 30877 15685 7066 4570 30787 32293 31907 3318 3812 22577 26568 22390 1659 644 12366 9833 21415 10061 880 873 10776 11197 2407 28650 6542 8109 2903 27874 16095 24741 17762 17448 26298 20283 5501 23848 4030 29181 8893 28752 2996 19197 17076 17333 11571 22557 29794 32728 456 15005 13741 13183 30800 4243 20574 7175 2022 1392 18690 19519 11100 9424 1865 25257 1090 19826 833 23767 12201 26711 9514 5360 25923 15865 27791 23182 27660 1501 4114 31135 161 8713 24629 26599 30500 28754 31315 21837 26061 32676 27724 1191 2007 9120 32601 463 638 6756 25507 2508 27185 2984 1717 30929 18552 3027 32696 31897 25215 4172 2464 8991 19271 15004 5159 
28279 14461 1257 11477 14467 2750 27156 30343 13904 10784 3689 1606 213 29815 13757 31480 16558 28559 3711 13301 19288 22016 6887 20848 6238 25548 12172 3219 25431 21174 920 28421 11653 5612 14749 11337 2552 24336 11429 23454 9739 3323 817 25804 32550 19384 2734 10645 2943 19188 14312 9254 21324 27903 11914 10811 4725 18086 17321 4555 14699 26734 3144 27312 5755 4056 26106 8090 12571 26007 2179 22272 17286 7442 1916 6726 26337 11459 5560 21975 21392 20618 7540 14323 1147 14622 32264 9805 4379 2546 12592 7910 26006 782 12136 1965 6558 21749 5623 32060 6085 28856 18907 12707 6876 29902 25114 21926 4226 5457 7721 29484 32442 31859 3842 31323 4674 681 29024 1439 24348 13328 19760 26402 3373 26655 10968 23889 23782 26272 19734 11498 31571 16961 25988 21788 8674 1555 30286 29232 22075 2812 25946 11682 9927 16811 23892 10305 12264 3474 31302 3336 22688 12357 1289 21100 18917 25955 24131 14759 26554 31416 20003 5507 3228 13076 27395 13453 11312 32698 2380 14622 26103 16859 9344 31572 13927 1177 24428 9589 15138 31322 21224 19937 32019 23650 21466 26062 6867 15753 1233 3061 14989 6098 17808 31621 32130 23083 30470 192 16481 17 27619 27360 6049 32715 30642 25278 31109 23800 10442 25787 29629 8932 24131 17352 1693 4750 12043 2907 24442 5194 11478 17040 30987 5620 7486 22303 11276 13893 22208 12958 21687 4204 6022 28921 17803 21738 21403 3800 3935 15448 1257 22576 22369 24209 28021 9311 17882 10206 22917 32310 20305 3846 11095 9126 12132 28507 32615 5434 26704 13532 20798 2347 16508 18561 30094 32183 16260 31038 16554 6080 25022 11369 16364 28950 10669 22875 30045 26296 28325 3551 2544 19530 7118 21501 3454 4345 22488 23970 16449 13365 31883 1877 30974 24033 9908 2706 29616 23914 
17453 22289 32067 31211 21261 1246 15504 22703 24759 30649 32241 23812 19116 24435 6910 20776 8762 9197 22815 11104 12678 22534 30065 8865 11758 148 20629 25253 14552 25750 9841 1023 20456 32307 31916 15186 11131 24987 8313 15681 32379 29906 17519 27370 8913 22469 11303 25105 17408 25236 4040 25075 31353 431 27507 13346 8154 5513 31908 11154 30185 6056 5199 5452 4144 30402 24528 31640 7002 29060 13108 31748 9796 29439 15534 7837 29780 25344 16685 6178 14191 23654 10443 6687 5651 15008 6577 17947 8289 6211 5494 1918 20718 27508 9034 25507 23397 12564 4430 25946 3486 3781 4131 5452 27364 31437 13322 11810 26030 12715 8294 334 27146 30714 31988 30090 2576 30235 19651 3568 19468 7666 31295 20866 24334 14264 18319 29042 7165 25076 20270 18553 20121 19427 12186 7053 30045 780 12286 25737 31369 25506 29516 14712 32098 15123 2674 2833 32513 20521 26262 15143 5496 25774 28214 10961 24525 15772 29413 24698 3177 14435 30492 25222 22494 4497 14184 18198 14139 14043 21382 11794 10624 11210 28140 14036 3129 3349 28704 15342 26815 30465 31944 18473 5304 17155 25219 7158 7586 24938 14179 10046 15608 20752 26087 5295 8288 888 1395 30591 18746 27903 28299 9099 30708 788 16176 21888 5852 6990 26312 15365 1454 30800 11927 3105 176 29751 27756 503 6277 10839 9268 25256 15314 22544 27309 11960 22334 30003 2403 30242 4174 26502 15990 31683 14664 31206 15807 13778 28097 12301 376 11005 30870 4879 28790 3992 17225 29424 28189 18135 13758 26609 13035 24004 31771 14823 25109 19647 13066 23570 26961 31209 2311 16934 3981 4888 21954 4639 12753 20747 5659 20283 6600 20849 18864 32124 11393 19301 20048 2628 18202 17395 25519 27644 17419 765 14469 10971 22305 29264 4866 26956 5037 18527 5065 13822 30601 31287 
2379 23941 19041 25708 24220 17467 32568 26477 8617 31060 8592 8927 30204 2134 14408 10249 1675 23114 27979 8518 26615 25022 30906 5647 26599 16878 16886 8134 30113 5178 30646 24347 10348 23797 418 5752 30262 23418 1178 17171 14929 17591 8099 29860 12597 13132 16172 29016 8348 984 21608 21779 5376 21457 5936 5389 6538 30604 28611 106 30849 13461 11816 2249 16716 16635 27424 12950 9348 6702 11148 5423 18904 22496 979 27084 28899 22967 16938 24311 14233 23313 26418 5251 17189 25094 4321 25854 28748 423 23386 29873 15165 30220 16309 27821 27937 11579 2321 22417 11915 5893 6025 5284 704 12667 12817 30948 31741 27780 31535 7769 12515 22568 8311 1131 18054 929 1292 9353 23432 16031 12031 19138 10225 3378 28484 26691 2977 3930 20282 20947 1937 20149 30710 19888 26960 22344 27754 324 23224 12016 28694 4756 5081 16839 27793 29529 25020 6189 11271 28447 29311 7478 17467 7238 15205 30007 31431 14361 16357 28868 2375 508 7690 10429 21466 18873 23489 7216 26916 7445 25745 5906 6749 3595 6226 32298 3243 10080 31337 849 18904 5497 6934 1170 2672 8497 21152 21132 23329 14716 18053 23539 8171 24325 28436 2769 16509 19382 6282 15187 27493 3226 4230 29176 23898 10359 11599 676 20763 4924 8559 4811 9595 669 27111 27215 20320 19644 31700 14580 11851 11279 28155 20241 1156 24364 6400 25907 9227 11333 32242 30067 25628 1039 2638 19003 13903 30090 8328 24120 29631 6776 6786 22647 2063 24297 26067 13918 23394 30689 16354 18541 24098 18218 1010 20882 407 23403 27094 24863 947 10883 4510 6090 32035 14839 12543 2885 22425 13976 32008 21474 8387 19300 30352 29566 20111 27803 5345 2651 20214 17456 16984 9580 4155 16429 6421 32664 8357 3337 22904 10511 12354 24434 31605 14882 5179 19704 
4885 31022 31621 8452 18974 18563 28535 14544 10525 18925 17347 18776 13598 21299 23907 26187 31828 7423 10541 28373 16675 4783 23946 60 27929 15061 7046 22982 13142 7544 29545 1117 27272 27080 32436 22277 2689 16956 22157 10928 18752 6555 19277 14600 27291 32246 22407 28973 22461 22689 10199 12525 19373 20679 32180 29165 27532 6058 12652 15865 28513 21957 21706 19815 5109 2125 29066 16422 8517 29341 29152 7019 5815 22778 19412 6768 7403 31645 7234 9860 17013 16558 13837 194 4804 18869 15215 29319 23547 28397 29389 29926 19073 21966 23487 26029 5417 31070 12942 6196 12520 27288 21284 23952 8326 25724 21067 13056 9903 7333 16801 24418 12391 2646 28151 3804 4487 446 10655 53 17022 24160 29115 13930 12852 18727 19648 726 2743 10023 23669 2714 13815 4757 3338 25895 8627 28100 24466 9097 4241 13910 2593 9507 29959 19466 25633 26598 2247 9508 3832 14840 22383 22980 25383 11927 32526 16640 47 11687 17454 15819 6952 14507 13202 15156 16765 988 3335 14343 9038 28851 15856 21866 547 16535 28983 20201 26806 15049 936 17849 10859 19798 30745 6849 28338 14890 14799 30353 5824 9866 648 1583 573 6689 19098 7841 6403 5163 1900 8 3199 10574 23388 28256 27243 10224 21370 1836 13458 6582 2247 31285 32272 25596 9754 9987 23592 24245 32488 9115 9436 26398 30538 31808 21330 13906 25383 10782 26227 28493 17885 17998 20026 28118 12281 6632 10149 13310 30408 9109 11176 24118 5963 177 29879 5938 10698 14473 11859 1207 259 30403 29649 12152 28296 16864 22545 6754 22397 9367 24152 6885 30845 15500 3866 31177 14556 26313 5525 30355 2378 22999 31879 4947 2524 26701 6772 24621 32577 23627 2956 29616 2815 19190 29931 19940 24526 1916 748 15151 29654 28147 524 32219 13454 10689 12703 16660 
6081 2458 22766 16818 13801 32112 19486 9625 17288 31897 6626 9143 12974 10666 31005 7511 17499 13425 18645 31015 32619 16613 24369 3381 18582 27541 23117 16905 5120 10581 9589 7035 26160 2285 27430 2278 25840 26713 27036 31623 4272 11575 2706 23932 23587 16344 16037 29386 14345 13976 19115 20046 9997 29013 6049 8501 17778 8460 25619 8412 21045 19948 12953 19344 15445 10613 10288 5308 32371 4624 4808 9627 4161 7130 22149 18515 4406 20735 20751 11998 1938 27469 22309 27435 29318 29594 29267 9320 16110 12114 29176 3296 26510 26353 32034 30870 6681 26514 2741 19493 974 23738 10333 3835 26879 18351 18879 31347 13175 24101 22145 11586 3689 24256 10368 11911 8939 4507 16395 11372 13419 31198 10854 26319 9300 23698 3241 18470 25263 5146 12404 16516 7032 2043 23062 5262 25899 8430 18625 423 16444 20212 6116 611 3709 4427 10319 16255 18642 2208 3293 13041 24855 11094 4388 9001 30908 29251 24989 17096 15842 6421 3728 17155 29031 31592 6690 24064 18684 10486 28225 10080 21757 4558 11732 5159 19906 8637 3977 12977 17520 31896 19065 1696 21900 9309 9676 27160 15034 22701 30414 2611 19368 27765 16831 15727 10861 483 6623 8550 32271 25319 31784 1359 6484 11828 19853 16574 15248 23919 13052 5065 9241 6938 19909 23164 31599 4277 6342 15816 8296 28453 13230 29699 9045 3651 28561 7781 14637 24500 473 608 17911 29598 6823 27673 5391 27830 6882 12813 9601 9319 8990 28259 15180 1714 31148 12084 26383 28542 6162 3987 7641 30873 22352 18465 4554 14763 23213 28012 3009 5321 7546 14181 20996 31120 15774 16437 13483 1860 16955 31729 2043 4995 7776 31887 5349 13055 28527 3186 19583 18243 13581 26564 2079 13231 18884 18449 8975 21220 8744 1244 30592 32428 30741 15932 18520 13624 8222 13538 
17755 21043 13420 26126 6233 2251 19843 28206 20067 2460 25348 5893 6076 2342 1800 15875 24690 14790 10475 23167 4153 27572 20615 24690 18637 22391 555 32240 10378 6722 1963 22783 25614 22249 32739 19031 8996 4286 23164 25890 22025 11421 20909 27740 32680 26917 13308 11582 5467 19735 25721 11103 5691 14456 22902 21223 18076 20346 1097 3291 19191 20399 27947 15253 25165 9227 24538 1175 22476 688 3287 7185 17285 21085 1772 12232 17562 25798 6111 704 13883 21205 26617 32169 27205 11067 12418 25420 20019 16465 19382 30343 8804 10986 2526 19914 27493 19986 13123 31418 20437 19194 8734 5440 8742 6464 15314 6829 18680 29967 18902 11065 2932 4123 1621 12218 22062 13120 19163 8844 11125 31885 22578 31369 27167 28326 18888 21121 22978 31636 22016 10785 11336 18600 18111 19481 24900 8357 15770 9344 19113 9131 1521 24462 20718 13361 18444 7039 26089 31688 1105 22531 1804 22794 17220 2146 15205 6656 27963 10498 14392 32522 11011 21182 26454 4982 31996 79 31752 31176 25306 24806 14905 3743 20228 11414 27331 10868 18939 31555 22236 19277 31181 32075 19641 2277 22818 16358 18153 17691 21593 5913 15678 25088 21676 23596 13401 8605 15537 19081 10141 21394 13166 12121 25022 27254 29866 22188 4114 27304 18523 8184 18262 20509 17592 26507 2039 1744 8742 27567 22296 6455 11742 13946 15481 21333 991 8764 18344 17148 1782 26156 17339 8698 21667 32157 12259 22119 15470 13315 23701 24070 28943 17442 23385 5026 1284 19861 10392 28832 28909 10011 32167 19341 32684 23609 25716 3471 29216 24206 26246 24614 358 16335 26177 29060 21220 3139 790 30262 27684 2452 14238 18724 9484 32391 23870 11414 20553 1285 5510 11464 16926 19729 19567 7368 19161 15403 13855 13411 19732 16017 29415 27478 23414 6209 1202 4046 19159 26288 
3948 13713 12000 28133 21964 20584 6862 10949 850 16865 24642 14644 11461 14486 2870 22855 5357 9552 31653 9586 8261 20209 20821 22967 6567 31301 15855 9546 5416 19572 10046 27707 19690 25792 13594 24150 30772 31668 15854 29656 4482 12447 7848 31703 20984 26701 18276 14912 30951 14183 4079 8389 6011 31607 14086 32578 21142 2319 20943 24304 20471 15859 21420 27000 27026 26985 24103 12928 22117 3620 12308 5378 2066 27691 26873 25983 32561 11147 25476 7973 20311 31545 20902 495 16585 4885 14 7414 23504 19691 32193 5698 22426 31963 13201 15434 1395 10589 18098 6656 10147 2788 19776 31282 24338 5292 11945 9951 9783 11897 25118 17255 21617 17210 21027 22827 1149 32059 10100 1159 27462 25575 7483 12750 30105 2324 29315 29527 6973 23983 15896 14893 31595 18684 13583 14424 21766 10187 20040 15235 15784 31773 13071 24521 29975 14112 26182 8092 17764 24735 28597 31867 3822 25734 22114 31451 17085 8272 1257 1613 21262 29825 28933 18520 7653 32179 15239 24153 10477 29303 12591 6881 27522 30556 18970 11889 13212 4337 20812 21828 32280 7637 10378 22948 9624 13771 14612 17407 32722 3565 14310 21632 701 28383 7989 6371 16905 23406 27678 8995 30386 31302 26449 13258 31370 22425 6477 25904 5355 8927 20999 9578 24689 27403 6014 10295 7651 23352 16136 24469 27821 12534 9092 3388 9006 19522 9378 18143 21186 23249 26915 24717 24760 25960 12743 4580 5366 10925 27945 22391 15012 10264 1665 10328 6730 17529 14869 30211 21006 10434 8219 21153 9558 954 22081 14101 6439 13467 10825 11719 27988 17038 8179 17307 31146 11949 3864 30019 21990 13791 26420 32260 32667 6195 4758 16866 25270 390 9966 10216 16623 25678 18042 13321 20650 23886 4286 16189 21558 19176 23896 30485 26201 7860 26249 726 27824 5085 20184 22499 
27410 15344 25387 16212 18449 15113 15890 3603 20553 26809 17716 2867 30820 6264 16286 24146 24944 31263 18161 32291 2984 49 2910 23533 5329 29484 21303 1072 31513 13112 24849 22099 29729 31904 3191 3371 2216 28327 30858 3074 7206 18735 28378 26599 8096 23407 17312 16661 17340 8570 13217 21039 20342 21014 21206 16108 12204 11690 554 23467 2735 9843 13075 4736 2579 15745 26933 32280 17979 28455 1686 12992 30187 4012 3953 20640 9835 32264 16495 9954 10021 22026 4445 32007 32546 2585 30295 17173 10099 27941 18005 4212 10959 28216 7556 29880 23132 29455 21661 29553 18231 126 8862 17235 27403 23528 8825 7602 8266 8057 1210 9189 4302 3654 21362 31519 11023 22892 5614 11707 3525 19565 20833 18676 10674 21334 17946 21491 27063 6558 6715 24866 3884 8441 18097 21122 8752 2338 32746 8283 20442 6711 32049 10509 20085 23118 2303 26493 12462 29762 38 15660 21789 1992 20624 16319 15639 28011 27941 11903 22571 18990 16778 19392 5407 7650 18383 31867 7581 7131 7574 10832 27881 23061 19409 2179 12200 13933 13898 7160 15778 20154 20696 1828 5269 20187 18355 31180 18091 5445 18238 10886 11099 21335 3871 24308 5635 15373 6464 23139 10664 32245 874 16907 17719 8228 16140 9721 30772 19501 14968 15110 26874 3709 20350 13744 9515 29638 12469 9719 31045 11083 13599 11143 20200 26549 4091 26842 31661 12728 23189 9475 8401 2385 11862 27890 1091 11942 27268 988 22788 1665 15104 24556 10315 28280 6358 18149 29565 13638 8254 28177 7752 25104 22301 24647 3680 28259 9048 9538 17696 18641 21371 6557 27314 28904 13343 28716 12239 22154 4593 20690 8365 29280 16863 26472 27951 31650 20743 5949 8014 20115 15183 1004 21209 4343 1538 23273 31387 23105 11439 17015 10610 1265 8128 22982 18518 25294 28444 10107 
27740 11867 1507 14231 4607 4371 6869 30578 19757 18533 14597 27329 2240 17424 20944 11373 4509 25488 18474 5315 15224 22720 15889 21993 18005 8160 32603 15478 2449 19720 9330 10381 30585 10525 4873 26427 17826 22613 114 4949 27769 29293 29265 12340 466 13121 4325 4125 23596 18803 21839 16618 22351 10960 11770 21094 22840 519 16491 27927 18275 18369 6112 6226 18292 12907 1056 6644 21931 17795 29880 5338 24925 4854 31370 29762 15918 11253 1708 10927 5123 23302 26354 21573 6452 9901 21728 8815 1477 25326 14662 28372 8278 1447 13401 1125 17132 622 29530 9897 15465 1965 3890 5967 19992 17396 14092 24579 27114 3671 24331 29451 12751 15011 29287 26453 13196 8610 29580 9050 13081 19662 19964 21594 10219 3461 16160 30300 16351 1506 32755 27139 8406 19581 3840 9911 6466 739 11584 13873 28234 13160 20265 12812 10413 11920 11322 21082 24153 3625 7411 20533 22237 8618 29644 20821 27386 32490 1388 14304 14161 14950 7663 29552 32385 23633 8778 12777 18204 31731 10209 6900 32266 28532 30349 12996 14158 2193 11518 17135 31547 21331 11559 17224 21713 22315 22313 11471 13837 32467 4669 22841 8571 23860 26682 31811 31019 698 2925 14808 25775 20877 23418 25424 8323 3303 10648 697 13166 8597 22599 31187 18257 31663 22310 23849 13003 12220 3020 27977 15553 18438 1138 25471 20035 21692 25257 666 22950 25797 4575 15858 28925 23326 24637 17775 3736 19758 13477 17264 15612 30460 27321 21729 7074 30811 26264 26655 23249 3704 29527 26285 26819 1423 16430 971 7572 11123 22310 21792 31727 20056 15422 3384 1989 2566 18913 455 11702 13694 14584 21926 17778 15742 2058 4478 27215 25003 19301 13251 32548 23140 7169 32466 18364 31138 28872 9095 32743 17306 9093 21766 1462 8642 17128 525 5314 28714 21225 20010 
640 31317 23248 22978 6227 8114 28015 27356 3071 10146 2923 30305 16164 3176 14160 11888 14038 29713 5889 20675 270 27006 17977 15169 9806 21626 31618 18644 21697 27141 15669 25600 15334 30857 29523 18999 20307 28728 15034 27706 25811 15080 14449 21815 28961 8882 5385 12396 25791 7657 17946 7461 8854 7995 11586 20392 29108 15391 4800 3328 3219 20951 22397 27498 21080 14522 27006 32184 4291 26951 6207 30974 14884 4972 11680 29244 14495 3933 16809 3220 30226 9232 31314 8772 12813 8323 27619 29914 10075 11043 2832 12271 26472 25017 28082 21706 5985 16035 14894 3077 268 9090 17539 15000 23168 29957 23970 31596 25675 14407 15699 18400 6474 32461 27968 11426 18749 21949 16715 6071 21127 29438 16027 28998 154 29281 19975 13686 26787 29244 3551 15770 21180 23359 27632 4503 7442 23700 2506 20281 21420 26490 24825 210 21483 21403 5233 31530 11897 17715 22964 23278 13000 18240 12219 10814 24944 12226 10632 21710 15182 751 28568 15233 17025 30343 22824 8281 7919 26211 287 20269 7327 22503 4102 16245 12656 14656 5111 577 22581 17702 7970 23412 26753 18060 16561 14937 16021 12143 1613 20891 1789 8856 24052 24363 12567 488 17388 9114 7793 7146 17774 22677 9862 24668 8804 16983 3779 4640 21977 7153 26732 18540 18838 28725 15857 28273 23451 23830 27793 12529 7447 10367 14246 530 17245 3493 1881 24202 6965 20561 20921 5032 8224 4066 29149 15859 16141 11334 5345 28216 9674 25815 7953 14409 10321 29537 4990 29909 10181 28011 2962 7235 7745 28642 10829 8400 25130 783 25594 30147 18571 27996 14976 10508 15023 3435 21706 14302 8370 30120 20654 12816 25218 8293 8639 14402 30726 25453 8859 3836 32003 7817 4898 5479 21938 6183 5196 4535 29855 32044 13117 28497 11237 14063 6591 8855 17069 20275 
3226 20333 1131 21958 12904 26332 7044 29621 21673 19564 11101 7621 11739 270 25555 14974 19441 6975 13793 26462 7899 5697 18382 27372 24410 23795 6705 6660 4262 11404 17938 13876 20094 30989 3333 30508 6803 31556 25179 22362 13810 10132 24717 29441 27983 8554 22271 9733 2860 29333 28414 8403 8528 24501 3401 7276 3910 16429 28915 9725 23219 12100 20284 22719 16564 13888 16927 8113 9572 28758 4993 29783 9612 16697 5780 16456 13997 26465 25976 28133 4101 10529 19443 31354 12254 17040 5762 18824 2790 16326 16232 22276 1675 30786 18052 20458 29779 14154 11966 4136 12649 12739 7169 14305 15482 22443 7130 7530 12593 10085 13273 19100 18725 18595 2067 16380 5856 24848 24629 31050 28179 14011 24030 13537 7278 28858 14781 6390 1090 31204 3018 13904 7610 15182 4347 8156 32448 31901 6309 3957 20720 17889 16740 28581 11446 9422 22214 3796 11432 9502 22250 20253 23990 11348 17671 7016 9029 15676 30286 26785 7539 17717 12444 5751 29508 616 21125 11117 15597 29082 11850 8296 29018 24543 3591 24644 15827 13865 8407 30012 594 4169 2676 6848 9457 29107 451 28479 418 8402 9386 6702 7881 15655 18380 18658 2318 20427 28196 16427 32043 5161 19497 27442 19448 28289 13771 17483 12309 26575 30158 12647 14094 15320 15708 19522 7926 27816 25072 26714 14763 7185 17119 2504 31864 10527 5626 3872 16080 11123 22813 9395 1680 23380 29576 27326 2075 28439 27160 30131 4103 2771 24541 20394 12989 879 15000 24860 7153 28159 22027 22276 8750 5043 14532 23251 8936 16451 15393 19091 9894 23025 11874 5455 10432 28656 25691 27744 26357 24538 25879 26363 15338 19501 31860 27203 11371 30749 23891 5066 17040 20658 23038 20530 8996 1651 20865 28230 12025 24137 8665 16665 23920 287 17533 6232 31017 31367 14736 11516 
13300 24822 3807 11204 11339 6890 22832 26430 22004 13386 32125 29778 5825 21446 15094 954 14649 83 4946 29408 8465 9508 13709 16211 29440 22169 13159 6888 20327 31785 28519 2449 4884 32511 7316 692 14165 17234 28348 20154 7280 26705 17339 25458 8116 23873 26365 13879 13432 21713 25900 20463 3555 21460 10468 15486 27987 17289 10989 5067 25056 29448 24778 14781 20314 9453 30862 12556 22603 6340 1964 18253 1701 1663 1027 30661 15789 25321 22519 8905 4127 25660 15155 23119 70 5906 29119 32396 22601 25545 20968 23418 12708 32111 28181 9857 26656 31005 10116 27555 12054 11292 18707 16783 6834 27089 11594 15570 1630 32534 455 19755 8010 12217 30101 9579 6399 17472 3667 6773 2790 2022 2422 16468 5613 28821 2329 15626 8370 25341 26207 9443 21968 9098 2784 23205 2918 7310 8722 22350 11288 3413 7229 26595 20906 17281 29624 6510 23768 11900 16833 21210 9638 32034 16468 8306 13960 6386 15134 1147 4988 30278 29425 25725 26110 9116 9389 12763 17649 11925 22976 9264 25607 9264 25352 12956 14120 31894 12590 21398 26070 16550 18269 29499 21980 14485 15145 24872 9836 31419 14762 5897 22012 7709 3788 18072 29674 12065 13379 14355 18683 7371 13826 20575 3911 498 23827 7842 21455 4902 3384 18070 19183 20731 31427 15058 12263 866 15981 28735 4197 25270 27767 25462 16744 24689 7652 31428 10171 10581 15841 13039 25482 26687 31939 20233 11160 9171 22445 9185 19915 28379 1746 25366 21002 9802 18222 19999 32201 17745 32362 14717 9558 3262 760 22952 8404 29110 27723 28120 3975 20040 15509 32764 3068 10126 2405 22224 26471 4767 18490 20642 17728 12637 13065 716 30498 14279 2283 7567 8156 27915 20612 22459 26492 8296 228 5698 27634 15152 20879 22813 10322 4278 2067 3138 26955 31999 32530 3621 
6933 24385 29643 9300 26667 6447 31971 20026 17390 13143 7787 32477 27266 15521 20428 22230 29162 10947 5446 17236 9342 24703 4144 23066 13004 4931 26613 11689 30625 1885 10768 16147 390 22772 5989 17227 28489 26259 4078 4014 26738 30371 8336 5953 7357 14111 30440 4930 11912 29214 23901 3165 4150 26577 1773 2022 2631 13010 25055 1260 1217 23677 24756 19883 12883 8553 316 30021 8440 6970 28647 24617 25607 16569 3153 13426 28220 11414 31874 22324 18490 12588 30618 15185 17279 5360 7943 29779 15365 8621 4487 6227 16262 12753 25392 22117 10492 17356 11350 9039 24651 15269 21584 24991 16895 14476 3760 20081 21664 26201 14474 17393 15165 19430 4252 28182 25753 21879 10942 7285 9905 3466 22244 15643 4507 21142 32356 7444 27753 27819 25335 18116 11026 31551 12605 5214 15127 15657 25523 276 26402 20206 22634 6892 23252 14317 28481 10406 9699 631 31167 24912 734 3130 23408 10405 25543 7359 17183 9326 25894 2433 9657 15356 16214 22773 15578 14438 5373 31776 5579 6921 19383 20337 9198 1582 11630 25404 5540 17164 5724 1116 3908 4585 31622 18662 19094 30776 13353 8458 3434 25395 23740 5343 3484 3685 20133 11201 28257 11703 10400 9707 19972 15694 3403 26116 31852 26363 14818 17324 15522 21005 3438 25048 19940 20983 8205 12792 9917 13028 25376 24667 5486 5849 31043 27167 32551 10502 32146 32248 17232 8812 23570 31360 30965 14534 32694 26753 20633 27701 30466 28596 1777 1559 32124 15478 18409 29493 7182 9244 30870 28599 8145 7812 25983 27597 11419 19247 12540 23774 20675 18311 29637 7627 16444 14649 2818 7089 29070 24475 17110 29586 22682 5812 653 219 5086 20698 23448 20841 12716 26865 11405 32395 31404 31162 11279 9799 5335 32436 21347 20413 30774 26947 4811 7804 5317 8942 21721 8268 
10739 28519 21865 80 3689 31178 21429 1486 12661 28015 10164 2313 24580 29490 31025 15836 3716 13186 20046 23883 28519 6960 8815 22330 27913 24190 17920 519 2228 17210 15051 20756 18112 6823 5509 27738 19933 28667 16652 15860 25145 26884 25887 25541 19438 6950 28671 21466 5304 5983 19555 20169 30303 943 20583 23457 26069 20271 28028 20906 14794 16967 29313 29314 12900 2612 29012 19797 4672 5496 30756 15672 17704 19858 24236 22506 1419 28657 14159 2547 3732 11849 17962 22058 31484 10988 16133 3918 19854 14471 22526 16767 10979 30146 2321 29307 14345 16435 15266 22121 32028 15905 17384 5706 18815 15204 4709 7923 16198 24345 11367 15482 23681 31403 32537 9921 28143 27693 10532 29777 19320 5052 27119 29766 28592 22980 25994 5285 3522 26930 23622 18115 28019 9088 16505 5620 847 31294 2513 1255 12202 28532 16519 23331 22987 28912 12955 8702 31593 22548 6316 11586 18397 13183 25842 22884 9679 2208 1884 5662 23382 6501 32247 9182 12012 11696 16848 10945 30096 21511 20542 18137 25407 28526 25771 30921 22862 7430 9315 27642 27986 22790 13310 21015 17650 27106 20846 31841 27342 4893 27894 28911 15596 20994 6171 20529 19500 28927 8931 4517 20816 22416 14749 20895 13408 11789 17976 1406 32607 12117 9896 11107 8445 10623 25129 14963 2834 12763 7100 25238 26080 23147 11723 31280 25149 11129 86 15754 17019 5388 4496 21766 9458 24818 370 26205 2712 27213 8395 210 31778 2789 32293 20419 26232 16897 18456 32604 11966 17340 8447 12099 22150 19879 25420 1639 17671 3259 12576 413 12426 12666 26295 16783 16672 4087 20076 4513 18336 15305 26157 18506 18098 6305 4161 20667 27759 10662 17409 9659 31435 10039 14557 29826 22275 5627 23458 8287 3123 26685 15270 11781 6503 296 11708 31387 8260 29840 27066 7932 
11549 13146 3770 24186 11777 823 20711 10540 17039 22688 4285 9409 19727 1084 22230 3823 6445 27333 3254 1676 2795 2298 16806 8309 18674 18606 17668 12561 21641 7946 17763 19886 19639 28988 30297 10343 18552 14176 8696 22664 29806 31969 10134 18276 29531 5072 12696 16248 14388 9049 32717 20715 15392 24271 30612 19945 29668 13236 3313 21847 4243 23114 12510 29939 31321 15018 5759 2924 32070 22838 24448 24245 16484 9529 26768 23984 5541 9300 561 14226 16029 13959 32596 17634 32574 191 2808 24588 3523 30309 21383 13316 423 25710 2022 24619 31320 15593 12023 21373 25781 30553 29885 11024 4518 22178 8128 16125 28432 32047 28586 3217 331 27694 11065 25656 23396 18352 14763 17429 9493 30107 16940 8420 12239 31680 3024 22732 8480 11294 752 13559 19778 27713 8319 8639 13250 9305 5252 16293 20364 19241 8698 9371 21239 22820 19757 16549 15823 22097 21668 18061 2045 6283 2561 15257 15627 26349 7869 10551 7405 19315 10622 13576 2657 24855 22518 26132 126 19104 8064 24654 2502 14715 3223 121 1482 18987 32753 8595 18191 3431 2021 18899 8290 15141 25358 11137 13032 23023 29309 31371 17655 1097 3076 20832 23424 117 16708 24543 17029 1563 6444 23211 12834 2355 12856 14044 2819 9002 24483 15859 7353 18051 16493 29857 20331 20730 19161 2182 26087 20449 18986 4283 18102 10527 9151 22338 5257 3511 31875 14150 19348 26981 29964 28364 30313 27833 22563 26286 59 25317 30408 24551 5762 5224 16932 2314 26902 23581 23637 11093 24579 11573 2002 8797 10971 25631 14139 17641 10318 28312 21119 7609 24933 22463 5810 6806 23876 3376 7706 8078 30432 20593 691 2536 2807 16997 7113 28927 5971 18144 17016 8859 16937 14563 12077 6616 27898 12024 25570 25962 24818 18084 22090 12878 31456 16897 12178 26982 
31509 18222 32021 12131 23044 30934 27435 9712 6791 1646 4630 3631 17570 17647 22621 17025 5797 15017 26926 13547 4477 9781 31763 29041 15726 9599 22267 1400 109 29912 31204 20602 7683 29992 14449 24972 6734 13110 2045 29213 31780 18875 6745 17854 3443 15105 5903 17940 29791 18032 10722 18734 16461 16785 5833 30764 27023 17818 21453 7919 20716 25153 19115 26695 30827 263 21203 22669 29351 1525 7737 32503 19133 23300 14881 26020 32107 494 11967 25284 27112 8422 1216 12920 16464 3503 32318 14103 46 7967 15661 26132 23339 23760 27743 8622 11180 25515 165 319 5287 23107 19519 8258 16939 15654 30591 25800 32711 18623 29046 32465 18727 1521 10012 9647 13643 23539 21145 3925 16793 25281 4671 12276 7843 32605 5881 7628 12516 11156 28362 14472 11470 17480 4064 21942 1631 18058 27129 6002 8107 7321 2526 24426 7787 26841 7951 9675 12006 5167 13640 20070 11540 22230 30793 12231 9988 11388 2647 26633 18321 4232 1491 13121 20188 12420 9066 30875 31418 25994 9989 11808 7238 11105 10801 15635 3861 12446 23467 22627 31856 11770 31628 19785 2941 26015 27579 3758 14386 1265 23020 1277 17746 31381 13209 8930 25795 11129 29248 14350 7971 13478 17991 19239 24262 5328 3692 27626 1988 28644 11970 23705 1401 17805 25532 17074 27240 3160 21331 13157 19197 30435 1829 24857 30929 24788 22802 26780 31862 7908 7579 11093 19109 5647 20716 27055 9878 20402 22246 28925 26896 321 16772 12451 25218 12118 1736 18991 641 13032 28597 26805 7841 31164 5677 26475 17450 1673 15244 32233 28021 7962 32621 3223 10198 11639 30615 30781 20033 15215 31421 6421 4022 28370 3905 10565 195 962 31403 30021 25586 26921 11201 21404 19087 23926 27050 24575 23391 11279 29340 28033 352 5416 23211 10365 27001 8454 10735 17837 
24965 31145 28744 27375 31833 515 1135 1493 11504 31144 11604 25459 11295 13690 32766 24206 9837 23442 4528 24402 16574 5993 14306 19913 23236 10644 6324 22065 32205 7640 7012 7943 11547 25871 11741 3171 31982 31440 22424 24969 26254 6383 4537 15245 5721 17637 29032 2521 10921 15890 32662 17276 14734 12679 32078 27973 1661 32227 12871 28935 21723 13254 21431 27385 11223 10114 8430 2116 5505 8070 16265 28130 19839 18890 23401 31785 18019 28940 8155 3375 16865 28342 8078 15247 24365 26474 21970 30352 16370 9019 27882 13605 2415 26541 9297 17657 27356 634 29605 31490 14874 8798 22006 28278 18875 11135 24866 28055 12595 28116 11973 18002 30795 21290 29178 479 22074 18212 8865 26270 26394 30155 17431 2790 13656 1656 7286 11671 18477 7599 6453 5580 10540 12444 26713 1303 29577 20521 7320 22182 22573 14319 1148 16995 23592 22872 557 6369 22501 6410 11242 1131 11280 4744 19403 7986 20634 11434 473 30596 6284 7357 10064 31085 17493 278 793 19171 14581 23359 2909 7353 25419 11661 3257 17398 22208 31205 20949 25907 30941 30714 6421 26333 10759 4354 30665 31796 14724 7406 17476 3372 3885 2711 32034 10039 405 32504 21817 23594 32598 9708 29240 12505 8635 9369 26396 3077 29341 5398 25570 29104 22694 24016 28329 18927 12657 31716 6653 28864 29187 9759 28519 29598 30769 26376 16629 5573 1723 10905 15995 6934 19125 2747 20136 18060 6147 3286 28866 9927 12446 2052 22742 14139 32092 23547 28068 3549 7272 16508 21400 22626 24671 12940 18338 27855 8007 8122 3117 24566 20603 30685 7650 377 27313 6837 19130 14647 9891 26405 3450 26884 19856 25398 26681 5607 28984 20180 1309 24015 11374 20801 30336 11623 28444 23788 7690 28636 28791 23591 790 827 12005 20795 31585 16628 9752 4496 7475 15192 
23769 14988 32425 23047 11067 18749 12318 5498 6308 24700 22390 1099 22770 23342 23886 25318 18221 16643 6287 19241 25778 24275 25121 13191 1469 17368 14504 27010 11905 19083 28433 29548 27556 29092 10903 15090 5961 15756 8085 20516 20327 2914 13512 31325 19425 10255 17341 1165 20643 8021 7493 30150 19825 16307 23044 10443 28447 2202 5302 21753 22267 19777 23 6838 18012 31347 29148 13369 23070 3077 28790 28312 20687 2618 3545 22589 15394 27793 10050 30320 15256 27531 6103 28286 31469 8804 20299 10167 16751 20527 7668 19318 23429 25883 21050 20872 5335 14360 20179 16722 8277 21237 27649 12615 7664 18493 28876 25097 10681 4997 13275 25084 20217 28213 15730 23921 12478 4163 6352 24128 29780 14384 8042 9550 10916 3911 32020 18864 29965 22047 26695 31649 21213 19077 2675 11623 21599 101 13764 14061 22613 18402 22438 20368 26292 17071 27253 18780 16092 22478 17710 27911 9158 609 23083 24570 26727 32141 24742 470 19602 4439 25957 18730 23958 3858 16009 27424 3132 23746 32707 30842 25467 24357 15727 8701 12226 2778 16096 17764 23477 3158 25710 16745 6078 21962 8625 7285 14322 31962 27611 15296 25306 16533 21328 6231 28373 31662 13044 7766 29841 9206 2838 3329 8828 10540 19960 10751 3801 27590 26613 27260 25963 16382 16642 25041 32484 7179 34 12973 17803 2073 8789 8045 2770 18857 26534 11593 20545 8503 26481 31176 361 25725 18115 13532 28117 28738 23748 342 12747 16885 11159 26876 22032 13013 16173 14120 2124 26880 1728 11322 8917 17315 26766 29305 9961 23905 21783 24414 25247 14773 9344 22558 13555 20468 2289 28949 8034 11701 15898 25899 5148 24173 28739 2468 28938 13602 17135 5217 29631 29672 11032 26047 1085 13052 25943 10090 25064 5580 14943 24099 28083 7304 15450 1563 12725 3978 2791 23868 
23238 4429 5299 14237 25374 10534 21779 17325 26426 26861 30783 3230 21546 31367 27540 29350 7172 16827 10211 22291 444 7259 23313 15100 8322 4692 19121 11825 22751 19477 1042 18515 15409 19407 23183 256 14835 28220 7971 28240 12033 7426 16750 25276 1814 11280 18188 32525 4194 3257 18415 9018 25364 11414 20562 16244 5338 8833 14707 12085 23212 32192 7003 15598 3545 21349 9864 6988 14883 2313 6830 32007 13958 336 15225 30276 9400 32399 4193 14153 11833 8907 15164 21342 15430 2067 28385 1990 30397 22644 19546 2084 25955 27817 10168 31532 1468 12963 5688 28231 4410 18798 16916 1474 24731 7632 29896 16151 20148 13812 30323 17878 24433 9805 548 18367 18372 24880 29035 4662 10691 662 27015 29510 10377 31671 16686 20174 21830 17657 26689 24492 18713 19423 1753 30521 19378 7579 4955 7017 24819 32663 3097 28332 16758 32305 2234 7035 5000 2697 7856 26399 22961 20486 23685 14542 19693 28311 32150 32039 11844 26992 10652 12379 18405 14174 30575 12100 21596 27181 10257 28122 16062 24220 6880 20607 11640 20359 12983 10950 23519 30046 21412 5747 19442 21033 6453 28769 8681 22552 24670 10688 32578 16162 9382 19488 20282 32478 29007 14004 6396 29305 25052 3221 17381 453 30267 1064 20524 19660 7427 21399 10984 29664 27411 14959 19878 9790 23302 9780 32756 2788 13805 8208 9763 23172 16887 16405 31986 32647 9274 5593 10874 12730 25967 9122 32375 13053 5539 6590 20742 25276 143 30145 20588 12765 32112 17029 2075 7445 14013 4849 16134 32349 5125 4420 7072 10206 14245 31469 30270 23312 10493 14933 24831 1130 706 16896 11841 9430 19395 12649 4167 28793 15961 26220 10929 14320 28649 28368 339 18446 20221 20480 16464 8214 23296 973 27376 3866 12228 8799 1167 2727 2431 16676 28490 24857 22066 28297 
30776 11098 28787 6200 706 9609 29172 28700 284 14650 21836 11223 17297 1066 29746 2756 3454 19775 29274 12969 19377 20820 12310 4090 1278 12940 27701 8685 28088 6997 19061 30271 538 4573 10197 16854 10305 18686 15580 3250 59 8386 7101 30961 1343 25811 8869 776 25631 3538 7588 6770 2539 1053 26523 10964 27624 7249 30147 32399 20223 9054 19191 14249 15444 14931 17191 14342 4222 17602 31288 23559 21456 31048 24118 15726 2394 17831 29440 11674 565 2248 18466 12095 16069 31873 13755 16343 31905 14105 11318 10965 29491 23035 28031 4662 25648 1234 23730 4662 3809 22906 31874 18037 28362 7423 24520 30352 13104 12418 26862 28707 27266 25458 18218 3200 28585 29739 6260 1630 1857 7021 29414 15163 29751 22736 11147 13943 29951 22870 2788 26980 3406 17247 23332 4617 7267 12185 1435 29126 20251 30728 30942 21302 8877 25541 30680 19738 23422 29093 30071 26561 10290 28739 11113 11775 19239 9251 27097 31662 17598 15460 25357 7073 18056 2108 31959 5977 20503 13776 1037 24138 27491 22927 10388 5302 9868 27748 3417 25028 12459 26014 19279 24116 5416 11393 2624 1107 24161 20047 17871 21060 16112 31419 23365 7032 23401 1434 25152 8548 25848 6978 15795 22956 22930 23689 5080 246 17820 15647 23062 31038 32412 12064 9972 24307 2812 29296 5768 2529 12165 22622 16376 19232 8208 18718 1790 22385 29512 9057 19595 5673 17997 25133 21633 14307 5541 18051 31042 29794 6505 8214 12943 2801 12331 25691 20501 27786 9375 9301 755 19974 30703 11816 15182 23633 25723 24791 25524 21193 4278 5788 9617 31153 3319 18374 29727 19599 27056 14271 31517 25825 5785 18240 21822 22833 9398 28926 32313 6462 17423 28081 9594 23474 30395 16894 11481 16308 4580 5831 8877 3820 22434 25973 6683 15554 11896 18576 3263 30535 
1062 24516 4401 16466 20546 12361 2180 27585 9159 14260 8977 30281 2934 20248 27550 21880 15710 8557 18122 1931 5277 20703 1143 6418 12880 5073 16120 12839 8151 27211 27179 29252 19870 7767 32355 2177 22333 10969 8360 5510 6915 19050 23579 6963 750 15994 5894 2123 19475 21434 21139 13859 31662 9177 1662 18987 3506 25085 18211 11065 15867 16505 13715 31592 29869 11164 30151 19581 4192 2288 31043 28017 11325 26959 15990 14461 31250 13613 24896 4123 23371 28495 9348 20372 22326 22697 11714 12677 32144 11902 26748 29953 23298 4536 25600 7289 12056 28329 25133 23589 13216 15249 7075 27569 28861 7600 3793 3900 13415 29369 7495 6227 15248 10576 21213 22750 5349 28173 11859 8482 6315 29823 23314 17909 3029 25377 31439 21811 15071 6400 3806 16655 25857 32004 17342 24012 9658 6554 19495 6673 3888 19634 20817 16780 19049 28520 7472 15458 16878 7732 28022 6449 94 2712 22158 16895 4660 18415 12362 11708 31591 31016 19676 20990 32133 5884 17061 5656 19969 26369 23983 32674 17022 1819 4201 4587 19435 14845 19144 18645 17153 15523 16227 32194 4271 8741 26945 12167 24967 7079 23622 10336 6426 27362 25694 29428 22749 9812 30375 15954 15879 15077 8230 16778 102 7439 13996 32288 27547 8591 3095 20372 21921 13794 6784 3263 15777 26178 4772 30154 7460 26496 4448 8285 27247 4148 7563 5315 17038 18755 11010 15316 16325 31348 21060 8176 23327 15768 18935 24297 22566 15909 29578 14730 27227 21422 5865 3568 14642 13669 30120 22846 15638 16868 20729 20515 18218 27771 11506 17064 17398 30209 23101 1044 8356 22298 30771 1767 10450 21177 9282 15275 24718 10299 19447 1023 8762 8341 26030 24478 1411 502 13683 11189 5701 14438 324 8873 30287 21746 11178 7136 27706 30134 15213 6598 8897 29113 29495 23240 
29354 5044 22892 31648 7522 15862 18533 18374 21510 9377 32100 24432 23930 19022 1464 21834 7813 7294 30545 24674 8016 3709 16672 6522 11251 22663 12548 22084 31834 17277 19807 1729 10752 10117 5648 1600 27896 28781 5993 5667 10194 10696 27742 14796 29026 31097 13504 27058 6740 18080 3460 29931 8035 14520 9437 23548 23535 22414 28742 6313 15480 10333 7383 9205 28145 32030 6294 10249 30013 18556 22404 17061 32565 12324 20580 12640 23832 7352 4046 17165 7278 24456 21231 2199 9349 916 28679 29640 27838 3476 12927 12000 21399 10715 28259 31649 31519 15167 1537 11935 9423 15235 13309 31952 32588 23288 28307 29476 11229 24498 9870 22241 13146 14650 20601 2214 2716 15197 3186 21332 3001 26587 17820 14089 9088 28584 7077 11616 23281 14020 11128 31754 1094 18671 4620 3951 18336 10869 17474 18804 1922 13510 28559 8090 4359 32372 19731 11484 23053 21952 19744 777 11421 10609 1601 7292 9738 8228 12437 26415 20007 21844 29289 3516 7979 8700 19694 24683 5289 8937 1788 10340 2860 30024 6537 7582 2351 7119 202 9830 16337 27639 26044 17377 14473 31349 8966 11627 17229 15522 30987 463 19331 16286 16160 23678 15180 1557 16397 32067 28278 10672 13031 21689 27754 22078 6565 30759 20353 27902 22401 28251 20814 734 7588 12757 25443 6511 27858 8646 19961 5380 27877 24285 19244 4184 4649 20224 32479 6833 8503 28907 10398 27430 19985 29232 26388 13368 2136 4196 20297 16464 24616 8787 18890 25569 24397 3976 20213 23709 1813 23708 31228 27258 19117 14411 12290 26019 3782 18292 27720 2195 26309 7861 1054 5828 14393 16865 27329 26669 6971 11911 32601 6724 17197 284 25228 9153 19370 9210 15932 32151 6199 16042 26741 21072 30534 26342 19653 10360 32363 1549 19330 26748 8229 19770 12992 11890 22701 24219 
18686 10670 20516 28839 24074 25428 7181 32632 31733 29586 6816 8000 19578 2206 11815 299 5441 16889 8328 8446 1460 9192 17580 24249 26088 22284 31865 27482 2440 14303 26280 29586 27157 8098 6838 3919 28321 24748 21430 26734 3528 18191 355 11152 9486 18417 22887 15294 16878 6997 27623 16309 12093 29098 28386 16473 26802 21753 595 13781 28433 26172 3995 11056 27506 23538 8028 17818 750 5439 907 26499 11961 3897 13854 21755 15452 25045 28897 30730 14133 12503 4330 11358 8007 1874 3811 4781 29242 31949 23474 25007 22198 1385 13099 29729 28851 27304 31093 15253 7695 32609 14164 14169 15238 10455 4764 14086 12504 23877 426 13279 18244 15962 17265 10325 17667 8333 8489 10266 25580 7266 25414 577 5857 12344 3551 948 8307 25851 32506 1794 30377 23262 16041 10797 7265 25065 29407 26371 21747 32245 8915 12402 10667 18215 26475 27025 14264 20845 25445 6260 25162 25105 24960 5165 25674 1188 13801 23751 10146 8293 15169 3217 25652 19025 5752 2593 1023 11933 12725 29283 23260 29199 25571 3373 16766 23549 409 1563 17002 23750 29692 31674 537 31334 3787 6050 30002 26341 3395 129 577 10087 5296 1676 15030 18852 3335 25266 11554 16095 32452 22412 30426 28361 28570 5853 3868 7259 9194 29026 27205 2648 32497 28827 608 9931 9644 4774 25681 388 8307 4340 23878 13832 24613 13867 31673 5364 1242 31573 18149 3544 20179 21695 30570 24253 26650 29750 18810 27091 32521 22773 24910 14381 22962 11148 24434 32014 25232 11743 31888 15936 185 7180 26313 29429 15061 416 8321 2233 13934 2704 28685 8654 7437 23666 27585 25771 1163 26487 12687 14660 18274 11125 30072 30199 8177 15939 9991 9822 28034 18920 3763 16857 29438 12711 20693 25933 23784 4234 23791 1015 12094 17317 25351 28088 13428 6302 
19335 24943 10527 13071 5943 3022 27996 32508 2420 27862 20059 8763 2774 23425 30366 31759 5689 32672 20983 611 9092 13038 13366 7013 4351 17838 12006 19323 18142 25578 6970 23506 26682 5124 1834 1805 22944 12855 14560 5895 5890 23022 7820 9604 24815 12463 4284 16962 8588 21131 10176 8052 11297 22718 22123 30773 16143 14321 32047 11637 15770 30124 16601 14333 232 2092 16590 1864 22933 7593 19233 12059 3707 2798 12374 13652 15489 28447 10693 6840 4239 18162 8361 26617 16976 30218 29830 12794 18711 19390 20562 16978 21874 15005 3477 30724 18656 25745 14113 427 11279 9194 22955 13267 30200 19785 15889 7205 4323 24883 20501 7059 1772 14072 27019 27397 13223 7190 6270 6679 11814 28520 5998 3591 29180 5791 2171 25492 22312 2482 20533 618 16829 10256 32421 30589 30920 21080 6298 23366 27021 14453 11686 25543 30366 5631 4413 18859 26860 2156 10916 24642 1638 8486 23570 18487 2475 4259 2245 23889 32041 28147 12148 17618 19220 22440 3286 21108 19750 2120 9343 15634 3346 25310 12612 22101 18521 3475 6582 12566 30369 13786 25544 16504 25378 32499 20371 7426 15483 11748 16618 28405 27403 3971 23988 20131 6433 26324 26233 29704 15379 20366 25576 25421 16871 26887 17853 6072 31671 28212 23835 5706 11873 9960 11242 21924 9773 15993 5294 27777 18188 14139 11365 19650 17797 5319 15993 32539 11981 14217 1404 18543 15599 23676 29097 14320 12825 11390 662 18249 23337 19629 32382 21699 29300 21688 21036 2035 15080 26108 21006 4914 8966 22422 18496 18874 17786 24034 15290 5437 11707 16763 28489 3108 21226 31183 25938 18874 4395 31592 14339 7834 1405 116 20131 32000 22825 79 10070 13685 18737 32697 26076 9054 20752 18746 11887 27149 25944 6436 17551 4547 9953 25766 31243 29947 19836 10697 17979 206 
15712 5242 10203 11479 11179 18037 29149 5255 7336 31540 18456 7991 23233 10463 18955 2747 1608 28673 13512 17971 20739 2202 6289 3275 25988 10482 3214 24363 12639 31391 14950 1103 27883 479 20391 26063 14842 6268 18946 32673 20251 14272 15769 17186 26188 29041 8106 9053 25373 24308 11733 30734 11696 1256 31269 8339 16885 29865 16140 2880 15736 8159 1668 10166 18543 31395 28208 28940 9954 5254 26067 12009 20755 8407 8722 7497 29879 20192 634 29722 27796 23869 655 16693 30436 19096 30457 7458 21322 25553 30461 5593 32276 8570 23815 4851 18876 19123 19659 14919 1793 5120 31151 8597 2521 19781 9253 25468 17025 3519 28185 15484 11892 26249 16347 5212 3379 29033 26465 1053 31890 11034 10490 23343 14418 12949 31579 31368 22637 28364 425 19049 23452 19962 32294 29190 14326 5966 1629 9276 8996 31676 16649 2625 20505 18775 17116 15220 13534 29520 14049 48 6666 12545 28388 8779 26203 23896 25331 20782 28257 24034 29738 22963 2598 14719 6587 27710 25121 14969 17807 13816 30857 22901 16119 3898 14340 28533 15052 5479 16 14382 1403 12230 90 478 6854 17914 19949 31312 5839 23473 23328 2420 5642 24402 18995 14042 7673 21811 32154 21230 23699 1418 12773 20721 15512 26992 25806 27587 20726 31682 18612 32069 1453 21206 10448 6546 13728 24839 1794 20897 17133 20308 24820 1125 2539 26763 933 9066 8332 9893 26458 5509 32547 20503 9427 13097 15707 30328 3846 7067 29744 27992 19779 6279 5787 7639 16140 31597 9296 25737 27154 22974 26514 30795 18889 30320 18943 5589 12894 14227 27006 30224 21011 8585 12529 9460 23305 3060 30047 753 20634 29863 1497 25572 4030 9948 23320 5348 7566 2884 7805 22416 1872 11621 26221 25391 23801 32425 14385 7588 23088 18369 16777 32310 2458 2974 15843 27684 
11734 26829 6797 32392 31594 31067 11677 31822 17770 15489 17023 22847 7999 11908 13305 8852 14932 20356 18920 30220 10608 10658 25036 19921 11816 11651 28038 3475 17370 22031 14256 20211 30490 3146 30710 16829 13226 25849 27555 18285 10233 17619 27898 17285 7104 25835 744 12170 27651 7721 32245 30676 28770 25058 11083 10905 19432 3435 12784 9289 21211 20914 29905 25105 1100 11398 17847 31606 18517 4946 3392 1934 14850 702 26619 31647 16656 2864 28747 9844 30970 13703 6181 13850 25711 18360 4546 8864 22842 29263 2708 1469 30582 7413 24565 1923 24467 14239 31588 24901 18487 15109 28495 12993 12876 28748 18868 1015 1288 9641 14862 5726 8391 6805 5251 20268 19635 26809 5636 11101 21951 6019 13823 30406 461 6778 25896 10969 22058 31246 31104 17513 2741 18904 28431 2767 19632 30825 14297 6912 14560 25678 5201 26343 19126 14594 6557 4447 5070 31361 1832 12958 1842 16148 20406 26654 29392 15169 26924 23254 24367 25928 13209 30787 1513 24456 17761 8647 23181 26812 18406 5613 6372 2906 29405 10139 23665 8500 804 29190 3558 11831 6927 7796 24297 28425 12665 19643 6176 5354 12599 32510 7699 26369 9623 32537 30912 23815 3143 1927 18337 6021 1131 11175 29165 11176 124 4607 9478 1764 15439 14017 18007 2267 15951 9825 12051 10411 19937 19651 14928 5060 7386 12202 24504 26725 596 29815 20366 23622 28729 75 26958 18755 21339 6161 22572 1562 27922 8761 23439 13695 4071 11478 5423 16664 28572 13746 6853 7417 20868 28992 12148 25305 32168 10193 11220 28751 20555 11628 20382 21122 12040 25176 452 28145 27861 18586 19488 21340 30253 974 8867 25603 15195 2898 3839 18914 25073 30637 5376 6292 11290 14617 6661 51 27562 19803 18227 27357 3093 22212 6576 10369 16574 24037 14955 17379 21781 29672 
2264 25222 19862 18991 30650 20175 28969 18689 5953 21795 11645 6104 14281 8868 9308 30322 27742 30113 18597 4443 17252 4474 5706 19009 19308 20276 512 16484 17017 24478 29119 9616 23956 14297 14363 7870 31977 30054 6735 14707 26141 19126 28210 3763 23799 32041 21060 18247 4523 13855 21303 29252 29509 13280 1166 285 7051 31418 4500 3919 26568 510 8051 24576 28716 25344 8983 29724 25958 30971 16303 22620 31280 15048 17619 17649 20329 1343 29572 1870 7259 15576 21748 6285 5178 8944 16238 25112 10977 28181 22049 23578 32121 27978 20035 9021 3873 17532 647 32429 11100 3415 16768 25952 473 26031 2657 7645 24925 3343 2475 2904 5185 3215 9672 1252 11933 15117 17074 26606 11631 11824 14005 26289 31438 762 4939 29597 5748 19806 2640 6082 9023 19780 23966 16835 15991 6502 181 26297 31070 26223 26087 25518 22004 5444 11335 30226 7370 7499 20795 18342 31654 10713 5951 24774 1210 19919 26187 4587 13843 27982 8076 26117 9411 21169 24496 5615 20214 7843 19029 3005 22364 11089 14007 2618 14517 2878 24830 11111 25742 11252 26675 6265 12611 25787 12245 9606 4268 30992 22795 29658 19903 12773 30286 32406 8263 11612 26094 15327 11936 12200 5168 15296 940 4479 24657 28675 10195 10398 2186 18652 26783 13532 25028 17409 21199 24581 30635 14055 4184 27991 15028 20796 9083 1860 15977 24370 21802 7338 21582 5570 17269 13798 32508 9794 32207 14500 1456 10962 430 18202 6528 12605 26327 4235 26086 13742 23336 22931 17448 22742 8865 7669 14856 7644 22780 22836 24861 1543 30001 712 17762 26683 89 20759 1124 3364 16332 28396 21345 32409 569 25208 11009 13650 11404 28403 17619 434 2216 31247 23795 20992 28344 8618 8034 11761 1905 1948 7542 19392 15389 5239 16665 31671 14691 16439 11767 12896 
13917 28309 16377 29928 19105 31586 5890 2458 17340 17094 27022 19719 18747 29394 19761 29949 17555 280 13976 10442 15414 25305 12780 26906 218 29531 23769 8774 13812 24555 15389 1611 18719 7069 16129 14623 26957 29680 25958 29154 12543 10604 30873 19561 12249 5307 6476 3542 19722 3862 29908 31047 2771 1817 772 27819 13663 2494 22710 14784 15826 8835 11841 21619 15545 21325 27719 15905 30539 30706 16351 27948 8450 20627 12848 25861 3033 25125 3305 29842 24270 10944 26220 31562 496 15599 31688 16778 23419 9858 2114 13098 5643 1914 20029 32348 13148 19321 31004 31137 8543 11858 14578 23121 18425 29047 20925 5695 13098 25532 4096 19255 14112 2596 3233 23741 21887 11291 29776 6628 2297 31034 2710 17150 4015 13649 1153 10979 14982 24078 7958 5302 15494 26078 8097 17659 13151 2436 10083 24390 1619 21586 29301 12413 28635 23257 16166 10849 7282 14116 1889 688 19376 17932 12922 27161 118 31746 6264 30204 11947 15988 5101 28998 30321 14515 527 21286 6456 3075 16960 4739 15212 12448 9386 736 31388 15893 3275 26474 20613 21326 6823 25977 32348 14978 26538 9876 21579 14997 16545 20747 30858 16440 14796 24999 26818 28839 17077 16 31192 8878 14766 16410 5942 25623 21824 14521 8178 17363 16958 19996 13590 29524 23481 31626 22390 11099 18714 12987 30619 7237 100 4606 12673 21083 15090 3742 30063 4773 16132 24717 31563 26239 7175 29564 21466 14453 26511 22300 5840 15676 5174 26346 2328 475 14467 24875 26827 26910 7210 3321 21334 11671 16478 11072 6940 12275 29253 5815 21701 18959 267 23419 13644 2161 28385 26456 18703 17941 13264 2004 2264 23345 8470 14343 3535 19481 18935 15964 32161 11454 25183 16649 22900 9023 29589 19390 24559 17916 28070 20147 12433 17181 16481 27589 3167 7508 19448 31585 
20123 24414 6876 28036 1903 8343 17683 29871 29307 11544 11338 22897 1894 29919 3659 10962 26056 24673 21502 18479 10877 6712 5917 24210 15468 31305 18428 2702 19315 2623 14828 27265 20745 10925 2625 9159 7296 17549 14232 31437 20057 26108 30523 18609 27066 30610 6794 18137 2719 21453 9105 23824 526 21279 22685 30459 2093 27638 1752 26367 29425 24898 31230 17090 18566 17392 26189 9886 14991 24876 29486 22870 2489 13654 17075 1450 13206 1698 11043 12303 4239 30093 7813 610 31968 6057 13090 8857 27058 22267 641 1650 7116 28286 15751 22827 14693 22812 18127 28934 20144 31790 12798 13720 14896 7864 12042 28204 24879 2619 748 21629 1024 4788 1649 10664 31511 10579 5678 14035 31223 27587 1392 24710 15687 23754 1444 16356 3442 2098 28454 14794 15760 3378 17728 10910 23656 3793 988 13793 11504 17364 18195 6168 30623 20739 5767 15022 10072 31851 2480 21430 2994 13690 5992 28034 25714 4442 22577 21402 26799 10466 4166 8370 3365 10606 16207 19328 25490 5023 19018 31509 26553 32739 14513 13330 32658 10387 9163 26093 20179 18370 12578 27981 2273 31781 18907 8049 15186 30431 20185 10545 30919 23450 30721 8710 9078 12162 18934 6602 19635 19623 26262 19528 1582 28093 28621 14992 27810 30608 7359 10205 9311 31501 19683 6245 29217 31946 8022 1757 30531 20098 10628 5617 27601 2063 13576 31456 22836 4598 27318 18727 7870 32608 22707 31951 28818 28818 25435 6416 17036 32237 31554 2255 23022 15650 28647 1770 32431 15474 32498 8036 6772 26898 31300 23781 9493 28351 4921 8032 4604 9690 3904 2707 29720 12542 1760 22041 17146 13658 5032 15106 937 7726 22095 25172 20238 12972 10645 26518 3785 10624 15120 20608 17267 21089 14208 17475 12204 23712 6376 10896 11522 28529 24858 24230 17012 30517 777 19878 
2959 937 9834 20164 1304 14061 28080 28294 13579 21105 27074 29133 13700 6703 20646 5935 21796 30067 16788 13988 3208 10550 14582 12668 26901 8692 502 23143 3566 32237 3399 27876 2420 11135 31995 153 6628 1280 3337 16783 26069 18481 24560 8757 9611 12299 15962 25197 21630 12222 27547 21189 7001 15480 3418 21944 6482 29626 2288 15111 18140 4718 24071 29889 20530 9515 32550 2708 29535 2819 757 15721 19948 25849 27895 22155 17126 5118 12229 14858 11319 20929 1516 6154 6568 9382 24080 9568 26654 15330 18956 967 22805 13626 18032 26896 21350 3842 21610 27099 4184 11685 18629 17848 479 31854 14497 24653 14907 29968 26172 2827 3210 13107 12458 17767 7071 13291 18042 31247 21861 22267 22150 31966 25572 1236 32013 15748 7063 29773 19708 26714 5189 10353 28374 30150 25271 5372 4956 12110 21313 28814 3730 30539 24525 301 32185 35 16176 26633 27557 13827 30618 16148 7941 24860 20433 5329 3818 19122 15949 15913 9429 32347 11257 12947 16922 23971 18001 6488 12809 3527 25706 5021 29134 3991 20061 24302 14714 3212 8744 28836 13140 10110 11779 6500 14628 8267 12493 10370 22991 31613 9245 20860 2210 10952 24321 11176 9506 1062 1687 939 7599 14533 29997 16383 4463 2398 10878 19406 15241 19989 19712 677 23931 5382 1737 18925 18975 2982 3561 1844 21866 31512 32031 23972 14390 24551 21408 15313 29143 23634 30050 17340 30457 10398 901 7670 16224 24980 3240 2839 30512 17424 218 30232 15161 4095 6943 28542 30429 4547 4436 12842 7925 11457 23701 31915 7636 23484 28472 12129 13433 26715 17261 29136 1751 1090 19834 12375 8654 10841 32647 31090 24766 18352 11658 23050 12810 16651 12464 2279 31595 22484 28176 20197 4379 5679 7704 21426 7117 4881 15266 32618 16381 1218 4955 28134 24480 1504 
16323 9148 22959 27294 12945 25138 12927 30990 13387 11611 31640 19032 18603 20115 23843 16232 18118 14439 20633 19075 20292 11606 21450 6735 5330 27226 1462 23976 17601 2218 28359 28632 18520 18711 26477 13906 8464 1796 14507 23540 25070 9708 14364 28166 22587 16019 15997 9089 17510 31876 4646 4497 10267 28571 22760 3166 16614 19295 7088 27689 23241 19448 3876 7058 6588 24706 30655 19047 24105 10133 1428 19930 5607 592 2266 12636 1864 9368 11457 9365 21347 30160 16559 27846 19239 24317 1624 13035 3456 22105 8387 29482 29037 8157 10079 11044 18126 32716 32562 4747 11636 10026 14355 31256 29005 21362 514 22587 11148 27926 21422 26986 8808 26577 8853 24595 15778 3499 28378 10401 23704 22193 6241 864 20654 30995 4397 24229 12946 12987 3764 15033 26741 24421 28902 13158 10839 12378 3730 28810 19724 5873 11376 20825 2041 19189 663 15464 6213 6098 32723 14549 7881 25797 18297 26210 11194 29907 22549 814 20114 30784 15163 9437 13638 25238 17371 24551 18752 3241 1782 27114 28164 28688 1833 2 14837 18311 2345 1354 6178 15524 11148 15818 31184 13401 27579 9626 31667 25398 24409 28818 12613 28911 20341 5229 9061 6542 27498 14896 9466 30794 14821 23080 31051 32291 7417 27678 24790 31052 18304 32316 4817 16782 32737 7432 27611 28117 16681 16813 27418 17111 9511 31510 1227 30444 29179 5117 13275 7945 22355 13604 27708 29594 12881 816 7825 7921 14762 831 4925 25357 32106 28360 12251 5015 23673 1417 5257 14069 32709 10638 27961 25744 24159 10738 21896 29816 19346 11954 24989 15929 19862 8871 28500 20836 26645 29405 6384 13595 20725 30621 13563 8079 530 5551 24059 23954 16281 18711 24076 26189 6732 31978 5779 20275 1990 5940 24087 10971 22570 6853 23531 18964 4575 12416 11713 12706 7868 29109 
14795 16142 11729 11816 27819 9452 23609 92 32702 16152 24312 24162 12035 14510 28889 14086 26222 16368 7254 14901 20253 7986 19455 1852 25170 19425 10625 21173 10235 917 23750 3627 24076 29637 29417 5955 473 10155 7942 13892 32229 19996 5860 18261 16083 14049 3139 2163 7240 26235 15606 30748 9007 11796 17373 31119 2736 7781 3423 27775 24017 17039 6036 24386 25539 18404 25462 22967 2978 24083 14422 116 8460 29341 24065 397 11723 25435 17089 27897 30127 23556 23803 25632 12528 14540 28044 30016 15539 22422 2024 3723 25883 6405 20781 13802 25658 18469 26988 18802 11918 3460 23664 3904 17945 13458 23529 8868 20950 9452 18051 28655 389 31100 30212 28040 22816 12703 2256 1149 3699 17525 2801 12771 23994 1445 13998 3222 5179 9968 28430 32664 8591 705 28057 25767 24666 15210 32201 24565 19316 23085 5940 23430 25279 8 12471 25531 18469 28497 20489 30560 26518 8106 10694 26213 5361 18416 3744 2007 21748 23764 25039 21025 19724 3328 16945 28160 6726 14794 29353 4223 8053 24959 31302 6838 25050 28358 25039 17258 907 17515 32099 13624 26895 31711 12833 25597 25341 2857 9934 28605 1073 9298 6780 29941 8237 3186 5884 31610 5833 15886 21807 5474 15229 5028 7205 4546 13953 10406 27450 19302 14159 848 32681 9726 17263 24604 2564 1251 9916 18824 27937 30183 32700 20796 10175 24877 32246 29980 13588 14647 2588 9702 5154 3602 4204 24355 17213 29791 4438 4409 30907 14969 23413 29514 21104 3384 13731 27512 4213 22095 18099 6943 24758 660 18325 3555 8381 23077 9300 28653 23707 24573 22246 14331 32468 20570 31732 22154 3155 29175 1045 18805 25344 5387 16574 30408 13188 1273 22754 11084 5776 25887 5401 20175 10555 10298 11263 28390 26577 11100 8479 14506 22717 9766 23886 14762 32508 9669 
5121 63 27819 5670 22760 8383 4441 10722 3573 6396 10242 5239 16329 30178 25262 24016 18795 21906 28847 25290 16509 23059 13900 7362 3675 27181 20763 28094 9076 32307 19405 20873 5641 25819 13641 30926 3138 31414 14678 706 24699 8823 28846 8713 1912 26307 8841 19632 31607 4788 24544 3273 19842 17337 17135 21158 7528 28530 22988 13065 16251 12666 15635 12253 14452 11803 5967 21233 28806 24614 19023 29805 14934 23962 31911 6643 7942 1063 27531 19258 27418 18169 21050 374 31154 16932 27734 15748 5899 6699 712 32316 17777 16505 21434 26918 5901 20088 19611 18383 26090 19346 5347 20820 4318 6313 24281 11173 1920 18241 25981 8620 4226 21408 30142 24056 602 30082 23692 29840 853 7166 5811 3037 11819 23584 20393 15592 22557 1447 31851 228 18716 21498 15114 16347 21766 7667 3218 162 2176 29861 2379 8107 4581 1294 13434 1691 2384 11014 19089 23760 5283 18746 28004 17456 12624 11553 15705 7991 15257 20361 16973 19636 8412 17233 10190 7005 214 21807 8521 17651 22073 616 15193 15776 13998 12113 15291 10228 28147 1167 17330 17943 26519 21549 11119 8170 21610 30506 18997 30807 11308 2090 29562 32276 16119 4339 23891 25521 4770 5812 10951 22418 15654 19563 4707 30763 3937 14881 1159 18878 24711 24268 17016 28251 12229 31459 7290 13788 12285 12582 26104 4095 27945 14950 27882 26214 17201 5371 18725 32031 23137 31061 25698 11929 22923 32222 15503 22486 13928 27019 22452 25824 24434 1916 2383 16074 5915 14442 16140 9550 5288 29426 23155 17650 19670 4290 173 21271 6474 32677 10156 20608 30058 28863 21305 17626 22906 11703 25857 11783 8708 16047 27803 15116 11700 23698 13305 14480 8869 3508 28960 26186 22818 24832 16265 7631 7976 7256 24239 11248 31261 27700 25296 19523 3619 12400 28355 24428 
6992 25427 5169 30336 18006 8743 20973 13988 24957 3649 25100 240 32169 21343 31109 5402 11953 27606 26193 18218 20015 19036 12997 29753 3551 32591 26343 218 23635 23519 27803 22054 13577 7028 15537 29851 29414 29133 4907 10094 32700 2174 20335 4853 22250 28701 28532 11291 18251 26335 16198 32729 12826 31092 18466 31371 20168 28231 24807 23960 13844 1253 24590 21020 3427 15080 9889 32613 3557 9945 25104 30785 8340 1435 22943 12334 21576 21848 30867 277 30141 32123 5555 7199 25271 3047 27891 2206 1114 31607 25068 8756 2143 14384 11867 20340 29479 31170 18486 7846 16122 19013 11810 861 10983 5982 27278 13780 9160 22648 16769 29660 14626 27245 10908 1614 6898 3330 8237 20527 14346 16585 12472 25104 21865 25553 1293 19893 9514 31813 6871 29316 23163 29939 8088 5507 19109 22840 30209 5336 18235 8028 5083 2040 4720 5878 13997 4928 1768 17854 32032 26511 25541 5599 9741 16999 7493 11555 31166 28276 15612 3409 27293 4684 11711 11226 24722 26446 19108 30304 7231 17541 10275 26399 4754 21249 26813 24330 4601 18232 10821 27730 30802 20441 3291 20252 16998 5577 6040 15352 20468 1181 3207 11294 26594 25336 11932 30332 4603 6510 17233 18456 15679 11660 25804 26440 32125 13477 21414 26267 30108 6143 18641 30006 14007 8182 11408 3405 3552 1725 32013 8167 24252 11414 4158 8640 12217 8962 3788 10453 18450 10896 1209 16689 19041 32513 15732 2530 13581 6775 15680 13943 18692 13992 30019 19294 11064 2305 25907 3885 21593 7549 1704 12417 25307 2415 12111 12014 29805 10679 23340 2446 27566 13426 15983 14671 15397 8543 10327 29245 4179 31865 25174 9937 16815 26775 4193 13684 18755 4329 20625 16780 9472 8359 9521 27317 14906 8728 16394 19265 29232 12333 18227 3879 10261 19408 11310 15394 27102 28866 
26583 27053 21411 25670 17276 11927 1291 13531 12037 16262 12232 25632 3930 718 27034 2394 18055 17448 17366 13854 23799 29101 30665 17204 27784 18443 25403 2406 9410 24047 8330 5528 29484 17509 16602 4889 17938 5007 3190 11307 15237 12228 15774 22026 10303 17928 1948 3674 24318 26592 17333 26512 12347 27875 11075 7235 12868 30124 407 16370 11650 4810 11071 23302 1591 29896 5793 23701 17904 14508 20977 26456 7921 20220 4718 21796 6500 19151 29932 30741 8341 21383 11698 8694 31281 17381 8600 3632 27338 5239 25295 22610 21437 8334 9771 27965 24794 18067 22258 20849 29197 5504 5665 28086 21188 19047 18649 31481 26226 4655 14453 20269 8225 6809 22735 9022 11974 26566 1457 29573 13109 23092 31961 8380 6392 8527 21346 20616 4350 30258 8544 16174 8648 13910 13686 19009 18613 32457 28119 30351 20387 10338 32 27802 6209 2786 28063 24828 21308 685 22625 29093 792 6107 30214 5195 11212 17959 3002 20172 4895 4695 23363 14012 31172 6383 6075 3614 13744 5376 2264 31041 27873 26115 3290 31301 1389 19922 11528 3635 32705 25075 19351 16976 10873 3580 21496 3253 13945 4046 19171 32062 4800 23924 29120 27300 1136 17245 29019 16066 10010 394 30168 13163 17328 17180 5020 20122 14563 11808 26710 23609 29339 17058 10580 12855 31307 26442 3394 15337 31621 8583 12277 31632 31124 2274 32513 21793 360 32409 21504 18133 27411 30627 30561 8878 10100 8033 13730 18587 26576 30940 17345 18882 12216 23653 14728 7233 32102 31623 4613 3698 31687 5576 21543 11935 15522 11661 20316 17827 28698 1208 11373 2335 5383 16885 3767 474 968 27484 10069 16475 28461 20505 29348 10985 31330 17224 14658 29799 17508 2729 3494 32656 30591 168 25653 259 13729 25540 25950 19056 24612 11747 26043 21552 17363 16152 8642 31778 
18169 25001 10686 12091 23628 29779 5559 22762 6195 16950 11270 398 1941 27885 4845 29222 24004 11078 14480 6284 13640 5286 27269 27071 10165 20911 23111 9980 16272 16304 31018 25663 9457 4436 23252 21921 9087 2956 1017 113 3919 18501 5902 18335 11608 24310 21490 4568 10895 25515 23921 25208 582 14258 8826 20543 7212 20653 19504 29407 21988 28989 20789 15276 12807 31768 30242 25932 15486 8249 28262 22990 19700 19754 21108 27984 4090 18278 29385 3534 5014 24508 8088 7600 9044 20348 5230 4656 31431 22030 28528 24396 15283 13834 27173 8497 19234 21445 20443 29828 13872 26902 28793 30439 7091 24634 28798 26086 14151 18747 7717 31698 18164 22303 15904 19384 15007 24427 1755 8077 24516 18147 1590 32278 8759 16816 2901 15528 18899 8564 15620 28347 12705 7952 16165 28028 27862 3786 31039 1773 22787 15428 14225 3021 14987 6153 6030 30201 32428 8478 1794 24437 21595 14078 25448 4004 10491 25923 25 2597 15035 25770 25863 26321 27381 28886 8946 22561 9031 18555 1954 29886 25577 27317 16778 5833 23174 18374 30330 30405 26707 16786 30272 10722 31779 27233 32661 18217 296 6643 32124 714 28821 23488 23867 8769 7070 24150 1177 21789 2179 1460 10355 7447 16425 507 12371 29869 14656 13056 15117 28036 26195 19753 23555 13735 26467 15457 7109 32217 21533 11453 31670 19764 31679 21450 8606 4687 12726 29551 32225 24389 19809 32171 11062 28446 24857 7448 18148 29511 9318 8702 12092 15795 17037 18604 25193 17751 11804 10424 1350 7914 18904 27268 31379 27037 27683 20427 26347 31114 11425 29922 7006 3444 16726 20971 31070 18722 1161 16392 18727 4693 2723 12875 14111 2980 9397 11403 27223 15681 12080 19935 25500 19621 5070 31923 2634 22409 28499 17974 20547 25552 9609 30021 26683 23713 16135 32550 15002 13419 
24629 3389 22241 3933 5681 14847 17233 15713 19345 9336 11547 29241 26288 2875 32362 5475 7743 8276 19869 4135 625 28852 24013 436 7728 15206 31545 31874 10833 24027 17980 32398 5065 15805 12267 20932 18489 24647 6919 2032 27571 5919 25057 24032 22162 12333 23161 6550 3472 31000 8996 719 18977 24698 25905 24856 9377 4594 2576 32685 13004 5413 13974 24625 28819 9076 13029 27639 19765 24667 20375 9150 21348 31089 22350 3870 8471 6226 5637 20820 27288 31914 31020 25720 25767 3761 4005 8709 6056 22531 28079 22169 19118 20894 26903 32120 7583 3294 22370 12923 19221 4989 14594 28651 22792 10337 4590 6660 24910 15865 9548 16445 29933 8233 19115 3037 9104 24090 21035 19792 8600 16784 27584 32217 11121 12992 15091 253 31569 15642 32161 7329 8439 24563 28212 13400 8385 7510 9389 4473 19099 13674 29800 11505 17756 26587 25699 4197 22173 4577 1963 14976 10259 9851 767 30208 8692 825 2247 27115 6289 487 15483 26187 11752 6066 17376 26265 351 12757 8216 18951 22723 11612 13388 3959 22422 28813 30481 6983 1229 1247 17588 18167 20666 22621 32124 3520 2105 29544 5411 22211 30063 246 5860 2306 10592 31995 20487 14925 23897 13300 312 2902 2985 17948 4138 16335 23286 30732 5229 3724 10953 23508 26714 21564 15502 8794 24432 4040 21398 29160 8270 18436 25218 10659 3189 13422 23429 7191 28391 11583 9561 10990 5953 21363 12223 28044 24977 9456 29533 23234 27965 10933 14191 30890 6870 17708 3852 29963 4091 30692 21204 28673 18586 20491 25057 22763 17114 28545 17300 28295 8321 248 6016 11992 1147 8333 19065 31508 6808 19431 23326 19554 27956 19126 2742 10491 30298 18517 31925 31764 16824 25343 6013 21809 31001 30681 7133 19329 6635 2182 6707 1122 7505 9014 5666 2349 3114 27344 
21748 17636 30579 6994 655 9470 32382 21648 3554 12986 10759 4886 31068 4036 22793 6457 22976 2015 28935 24644 28859 10531 11506 875 32038 32362 9198 27364 21302 5102 27154 23983 6599 13256 3688 15355 3402 10426 24314 31295 31286 32056 18108 25363 2572 21720 31750 6456 9538 26545 25390 409 31169 14922 8452 6196 26292 25800 25129 21753 803 8469 7857 31662 18243 2472 3830 15558 7346 6479 5789 18581 27732 20206 5216 14035 17108 27007 1569 23703 24714 17513 31398 20284 22369 30629 31514 12918 16609 11785 11721 25081 23106 373 3619 14162 27473 10535 9691 23362 1787 32167 6572 17221 31094 29406 24684 10075 13726 14820 7301 21169 8287 30782 20727 984 8166 20092 29683 20893 30390 25145 5311 18837 2158 10734 8677 29448 16109 26994 14063 25744 29058 12475 15801 11693 4966 15365 21245 28638 27071 25221 30297 15672 15748 6356 9374 7274 20451 28797 21858 1080 16106 3000 19004 12418 19440 32084 9324 14052 10249 31544 15257 17190 11142 18724 20657 30394 8830 13119 19204 22991 13795 16873 18738 26411 20205 26864 27491 27535 3932 6335 15289 24727 17136 30490 21945 9881 22314 26288 13857 9152 32516 10353 609 12570 4105 25010 5346 13168 12723 10802 15993 12036 32418 25619 10115 9525 9007 11948 28581 27630 26297 26301 16722 4452 8189 15338 7234 29077 32254 14372 23984 4462 6739 7743 4590 18258 26240 9102 6346 1688 15260 6036 16886 32181 20612 17896 10135 31321 9819 12035 1634 26994 15879 22493 18201 8318 32148 15106 20487 12075 24995 4657 28370 21490 19462 11656 18146 29302 6119 32421 21722 21788 2485 4062 18167 20295 23149 15658 21050 24815 13488 11753 6891 8736 29658 27933 32713 26058 31623 11313 26119 1025 14150 8137 8520 7231 21804 9413 9066 13497 29503 10226 30847 28837 18338 19183 25354 5466 
7967 25681 8948 32120 26242 4837 28875 15296 24649 22366 20843 29126 28650 10343 1611 23160 2086 3220 9174 13201 10223 28844 29454 29142 31823 11618 12944 30241 6606 29515 32489 29129 11853 28896 20662 19600 10711 8919 4658 10617 22710 9568 6959 11501 17825 26727 7417 25622 3432 11639 26638 2456 9303 1209 21514 29260 13586 20197 27044 962 13880 28776 9502 22274 7582 32596 24498 24669 12504 29733 28457 12226 16933 56 1155 15178 2842 7063 7581 32615 7943 21348 21052 10760 6475 26808 21248 8013 6959 22693 26702 23506 17546 14407 6584 12524 11950 30928 26194 6095 21113 8773 12745 14705 27 3607 11240 26409 7698 6329 18146 169 2333 1519 14200 3310 11880 27897 15406 11117 20829 14969 29808 18850 21341 9396 12175 14834 3347 15743 911 6099 12870 9000 5017 29029 14730 5156 14371 15984 29501 30417 22302 15599 10461 30719 24125 30379 10192 21675 20047 30686 21049 32241 6100 27818 23824 2356 5745 7061 15634 11246 12734 25234 6995 20686 166 6568 31511 10469 24133 16167 29431 3509 19253 26776 27037 29569 27415 10106 24210 5927 28071 1030 15655 30477 20949 24161 21208 24228 4253 27758 11225 19398 3545 29999 8887 13337 11898 32204 32699 10664 30664 32229 15067 15795 85 29854 2568 7192 2177 7679 27632 6103 7840 2235 5897 31539 15966 1342 31329 712 15249 6590 30870 5523 3716 26436 18661 25169 14844 15192 4362 21603 2298 2424 28194 12775 6811 10028 20736 14790 26041 30749 15008 23957 13184 16336 24728 26434 31647 14283 3430 16346 18457 20714 8018 27934 9121 6526 12513 9521 1490 13911 27343 24862 32131 492 32552 16385 13899 30279 22842 2938 2088 7539 18602 2933 30167 13567 26366 23607 18185 3499 26793 23933 4926 4895 26295 22261 16907 13164 31883 22100 31555 11127 30532 14368 1648 24226 
30370 9047 20200 20782 2818 4328 7179 11805 13096 866 24435 19665 7232 18417 26400 3607 21093 2066 2794 23307 9306 11451 8620 29565 15780 22362 6560 22550 27105 16073 28292 24652 23139 22677 3478 1218 14567 10040 18987 11098 30193 29278 6250 2219 12371 5777 18267 16102 23117 6842 19923 19094 10509 19216 26721 32054 13541 31938 12249 26396 18878 16156 20177 18876 8519 1135 20669 29664 4399 1770 23043 6928 4582 1672 13648 28242 29229 4829 2114 164 15078 26709 7588 1581 21550 25515 29949 21825 4903 5493 30187 31946 12787 2239 21180 14224 19375 18569 5452 12292 29976 2372 14863 16403 2672 1563 5829 3963 15394 31442 28714 10034 32457 32578 17121 15480 23252 22125 18779 6799 6814 14381 14479 17426 2195 11491 30731 9359 25652 14263 8073 21992 28747 4751 20982 5700 22438 17837 26680 916 30278 25433 7140 30707 25518 32254 13726 8948 5771 8637 5426 23981 11415 28760 16108 23699 11852 24056 12741 29260 24763 30206 205 3215 17360 3097 2706 32149 10601 14001 10629 22907 14273 23726 30970 6802 3092 481 18311 4306 820 1503 9852 12533 24426 23834 25025 11849 25058 3682 26228 32571 7241 2836 16698 11651 18232 14430 6818 21213 30027 27239 3557 13901 11669 4217 24141 11375 21992 32534 5835 27918 8970 19496 22816 12286 20241 8835 29351 7712 15437 14950 27405 31439 1599 3269 18080 26381 19476 30725 31707 21997 19603 16887 24183 20603 8351 29959 10227 23942 24033 30004 23355 27609 31418 19958 13140 5863 24861 27646 25733 9643 22551 32748 8614 22020 17835 6144 224 6102 4254 2847 11197 2804 18259 19541 21316 13447 31468 19337 13521 32715 21089 30819 2498 18173 22953 28396 17807 23145 29879 12082 15490 25144 12961 1305 1937 27379 5777 5988 14781 5699 17726 5170 305 4904 2745 2168 31433 15981 
31546 7889 11942 17138 11173 6768 28648 5069 25581 19362 18222 11603 11937 1544 10321 15625 14684 2834 8127 24832 19948 28252 30487 10005 13318 23275 22166 24528 4755 5878 11853 970 13541 12691 7382 12516 13098 7708 7898 23420 9030 13084 20335 21661 9769 26701 27555 1538 26967 17015 9407 10739 5893 11973 22613 10600 21109 27691 31527 28656 29163 7477 27609 8347 13840 12931 20701 25047 3292 27524 23739 8316 6263 8122 10597 32107 26293 7447 11443 13264 17092 3446 30545 10995 22460 32249 12283 1663 1583 25534 16611 12216 15699 12839 27526 711 4724 20117 19220 21389 29476 6669 26268 24964 10902 31247 14683 20751 32363 10588 3699 707 7300 1355 17047 16463 18900 30205 29382 7116 15027 13421 19763 32458 1729 16447 1514 25815 2805 30495 24446 8694 29399 26948 7385 7982 17554 4419 25745 17902 26790 17051 26488 23624 29900 21056 2867 9906 26861 5154 24834 693 14001 18127 15056 24667 15276 28482 8600 18917 25735 26788 12022 12654 27768 4265 12218 5262 3947 17454 28032 20196 13423 738 25761 23817 3154 26581 31541 29981 31133 5869 16834 8254 5366 30892 1203 2163 31847 23116 10751 13847 10824 455 14093 13934 15773 2053 31671 1300 7687 25408 2271 15754 19568 16355 21606 1905 21946 6773 13995 24924 9299 20091 25036 1354 23315 22000 23078 22303 5586 19802 459 9082 7822 22951 1245 11350 28880 23850 23595 145 31646 3693 23747 12253 23502 4240 12535 20920 27166 26590 17515 11175 9320 3914 850 2971 25023 7044 21374 9890 26148 9683 3599 1456 12018 22233 3350 891 13876 1536 13106 32375 18377 7140 3440 10185 8280 14832 13314 20706 31622 12312 3365 4599 3568 9019 3117 12892 12463 13865 2085 31519 4198 20165 32255 8644 9893 29730 26598 9691 30940 27493 8144 24689 24013 5953 5782 16565 
16467 20881 3632 9004 25191 26344 21986 2523 25399 2400 7183 11782 23579 2414 4069 23340 21196 676 10048 28246 6711 11755 31392 25576 1047 20458 15832 29134 26327 21283 7799 11478 18287 27433 4047 28443 26315 3565 4042 21046 22581 4175 6668 13180 9700 7675 8061 28930 31212 16908 25639 8628 28294 16042 3606 17134 15675 17141 26964 30136 16574 30689 17693 32474 30969 6868 11828 9748 14070 4769 22273 25357 24799 31851 25713 19572 899 21292 32096 16026 26711 4465 26424 9984 13380 30427 16042 26476 31256 8690 26233 7500 26586 9678 4461 22684 11301 8919 32190 2158 18590 3256 14435 15215 31100 7855 32570 26945 17982 25401 21890 22759 17437 9111 2470 18424 23426 21472 12423 16605 19301 7782 24757 812 4272 24271 10579 2518 21740 1756 19466 17533 7917 31131 26369 32241 14034 23753 1470 22091 17689 16423 6878 9495 29002 13202 22761 5004 5084 6706 20605 16928 25058 21539 22934 28718 2984 27767 20073 17625 31944 19989 23770 16773 13428 26671 22098 14349 12316 30230 14271 6593 27376 10202 15955 10948 17773 8417 27617 3051 21107 22919 21226 12690 30310 31273 13789 22025 10035 21283 24212 18314 10869 1027 21017 27608 2098 17085 32356 19335 21058 16897 9069 2748 28542 21013 14828 31602 14170 21886 25558 10197 12943 12442 5763 13245 30907 3856 4600 3237 14073 10307 18359 806 9381 3856 20472 19081 653 4755 4504 14563 361 19713 17274 20814 29392 22399 11917 24255 11330 4907 20416 11369 5167 31762 7296 26092 27275 25540 16794 28169 3347 16065 10369 7803 17339 23388 28890 19759 7340 28797 29897 32659 642 2903 14298 21887 2827 27897 12381 1016 28371 9395 28917 27396 29383 21560 26521 6875 23264 1389 21784 29852 2171 2506 9276 18204 16942 7843 9559 24228 28450 5208 13530 5318 8386 15951 20132 22837 
25644 28699 18303 28967 15509 6001 24658 17327 29115 20511 9185 18071 24807 11154 3869 22232 1778 32366 8494 1619 1130 1536 7518 1447 12205 8773 31577 2279 24986 6583 24627 11787 2810 8388 216 26308 18951 3103 5633 3279 4716 28182 15308 4620 27683 10491 9267 28374 31003 25471 10908 26341 9294 23108 32539 4863 9504 20629 18574 7008 27919 19694 6167 30378 13277 8991 20872 8534 14566 19988 29446 17645 25591 25112 30095 20500 14219 1579 26601 23827 19378 9258 24875 29324 7564 23136 24132 6332 6598 8207 31117 19665 27230 23323 32599 8313 15152 22186 8008 6492 11070 31521 17629 31603 10315 19869 29602 30107 15998 3368 24646 10919 12030 12179 20798 8316 26667 17840 27608 15596 11676 9880 19140 19023 21709 14965 2510 27945 4365 32424 266 22169 15592 19654 19269 10647 5186 30224 17350 17623 25537 10189 22002 25948 16909 7095 22609 17196 31979 14130 17185 11225 1281 3366 32052 24308 23065 24307 11599 31629 11616 21360 11428 10286 869 8361 13947 29513 18994 5636 28414 13863 663 29616 11287 11236 22579 14677 26384 6306 21335 16885 2738 9554 1717 29609 24618 32235 17187 20202 11420 24234 27515 17174 26357 28367 29471 28148 19689 15783 701 10213 7896 10442 23230 25998 13887 17253 4031 31354 28105 28915 31712 15074 1694 12149 13677 29562 15975 11324 3688 20475 14155 31803 32522 16426 15499 7063 9037 2893 26253 17488 15211 12603 2178 28142 9074 1449 21890 28129 27457 28339 23564 355 2766 32171 23424 13124 23778 28548 13447 16153 31529 20510 14580 22033 25521 23951 12400 27069 16928 11413 2647 16498 9598 16635 8812 23029 31628 12194 16804 2204 3104 778 21115 20081 26148 31480 2994 28031 10651 14515 10845 5351 8823 19587 1464 22133 15820 7807 3728 20809 3101 15800 22186 17355 1992 11505 30948 27977 
23728 13150 11857 14204 24473 13229 21098 1265 32300 20258 26329 18678 28558 22106 18881 110 14886 11379 31924 16745 7072 26701 2888 21827 19234 7486 31818 6458 29585 22980 30088 32643 5801 2535 21382 14813 17549 9720 12979 5409 208 19440 16961 8694 10732 15651 825 5184 29642 10338 14724 23188 27015 12539 31146 19400 3677 954 30685 3988 21095 30651 14567 11170 26968 25505 9052 831 31135 3333 10099 24404 19305 20524 3413 29572 29623 31796 27236 22200 24544 10424 6452 3532 14487 6789 12389 27466 18759 29360 16639 6855 4164 23041 26781 31106 7032 11872 11510 8928 24422 15899 28532 29716 13988 30347 13630 22477 6635 3029 24928 25419 20253 24132 16183 18258 1970 27626 9018 19229 2690 13480 5252 14720 3520 5691 7540 26256 2639 10360 789 28770 23179 31764 24168 23960 24001 28144 28746 10150 14520 4566 16050 32298 5507 7528 23660 27807 2003 23778 15860 1738 30018 27316 7978 16838 15773 16278 5549 3646 13076 4078 23854 1339 12024 13977 7567 28291 14031 20457 21210 30403 6400 16952 12464 12466 29956 8354 13355 29310 12501 4361 7759 142 18272 26978 13593 20216 8632 12367 4859 15738 28437 25058 4243 18851 1105 23257 28067 29201 30026 13823 4087 10007 17900 212 25357 19192 30372 9374 1874 15191 6043 13087 7800 21208 14445 29977 2238 31173 18569 4047 3793 12124 18563 11612 7470 25156 8675 24808 32203 27378 3404 16177 1200 32209 15051 2389 30597 19365 1236 632 16096 2530 13542 11984 27618 26094 15958 13097 10118 3813 13912 24992 23446 18652 23263 28728 26702 30508 5411 5652 13559 5434 31222 20770 16397 28913 14087 1654 18973 17804 32493 17339 30856 9623 2891 29948 19264 19386 379 25830 15548 21960 16718 19716 3353 13131 22395 18120 1842 27652 4484 3935 8051 29831 11105 16294 9462 24182 
8265 9341 29923 27845 9581 18333 3277 2772 14603 28700 16770 11562 28900 6829 738 30859 12416 12517 28289 142 23494 22778 24193 21727 21904 7576 30497 21750 10593 12225 19512 20465 4892 4516 21973 203 20590 1460 11762 27884 5489 12024 775 10611 22157 8073 5786 31041 10959 197 30844 23397 16337 11845 7911 13873 20190 23764 27527 26446 6469 18657 11874 31645 27360 23723 13241 6558 15271 13019 30620 29283 22979 1678 21391 22163 6285 5523 21404 21674 27486 19836 32064 129 4113 677 14215 1398 19044 28610 2480 8440 28872 8528 25636 8877 11889 32259 13650 29915 26795 11602 8862 28898 15545 4461 31417 15646 19343 12173 31189 2385 26067 2897 21178 31647 7784 28517 5048 20428 18582 24373 2870 10898 23978 22300 2519 13154 28021 7404 30412 28997 25054 15496 5301 1798 19241 13810 15190 20921 13299 8807 22370 6097 19045 10012 23852 30550 31732 12588 4063 8433 7542 1907 4051 32039 5705 16535 16614 28217 32676 15342 28540 23889 30797 25276 3998 62 22463 13024 27262 2727 10846 11979 2150 16332 2350 16658 26455 29394 11377 6195 19716 15294 16662 21339 17240 19191 21470 2500 21667 21443 14535 25187 12993 13012 635 13191 8204 7713 14504 20604 10264 22445 20675 14790 1435 15036 25760 2422 22921 16705 18041 5081 29404 5433 16102 3559 2325 4945 18550 16659 21676 8705 15343 14650 7956 28755 2310 20248 24163 19305 1405 13334 25758 31664 4729 18294 14913 19947 21492 8625 11223 22485 24998 29482 32088 1217 22397 2012 307 10782 23787 27439 19199 17010 14586 11377 22319 22590 26488 18757 14319 9718 23710 17998 26261 2032 32641 26424 22544 22248 28920 4484 7782 23081 27758 19415 17962 3258 29603 2521 21960 27864 20352 11193 25115 13440 13875 1238 28847 22136 7710 28268 30407 17240 10234 16598 9625 23758 
19566 14202 16053 12836 31078 22928 4581 28194 6535 30565 20150 5358 12912 27781 30965 21974 17855 20683 18612 17787 19598 12739 9822 24403 5902 21695 19071 2319 11112 29843 16314 9669 2635 25032 10185 7158 17144 4380 18523 25853 28556 17864 7566 14730 24826 24727 22679 11063 27649 25565 27833 131 12050 7090 12696 14466 1512 3702 13156 13745 21746 7704 26044 16851 32026 28416 22481 10972 13322 30258 32053 1506 4948 15273 29273 25520 4922 27942 26074 32601 9137 13055 1095 28148 12027 7978 20813 12549 24925 8937 32667 11196 12861 23397 5635 1028 7663 17617 121 8093 15704 9868 24853 24301 26609 20492 19858 20777 4794 16849 26265 11480 20761 32484 4373 22181 1553 23588 9439 9548 24501 10449 3486 15392 5019 31995 24501 2426 29925 8472 24117 28603 32175 28167 29855 19537 2907 12553 2307 19739 17437 24264 28945 6804 15939 23751 1478 24818 29200 27786 12722 15973 15188 14750 24021 9444 31363 5149 18522 26407 6091 20711 31700 4019 1555 21280 14853 22908 25100 1655 31580 31769 27984 29834 16501 21933 27655 11986 7123 4072 25901 27577 19900 1642 26272 24520 1116 15036 29236 29591 17685 4060 27409 15500 17090 21031 31418 21684 21325 11370 31798 16588 12945 9830 23401 27301 4870 1499 5826 14891 11862 24173 9626 7730 27451 856 15227 8818 13505 14268 21808 20973 15628 8364 9462 10424 16002 9064 12496 16965 17908 2474 2839 28016 8017 32618 2970 3023 14219 11221 13609 6217 1838 30281 31637 25799 8734 4124 29479 9211 25572 717 21535 26183 2039 15680 18683 24436 29125 11522 4130 21823 13382 1196 28850 17095 6003 24068 6548 5676 23176 1370 29808 31276 26270 14412 16380 17275 17660 1581 488 9468 26789 360 23849 3254 1939 14329 17148 22334 17670 21417 14179 5581 12973 7630 16618 24401 16669 11327 
14113 571 12810 29267 7207 3305 9832 26826 15817 30744 11386 6646 14013 6657 8331 5653 19495 29243 13117 12563 7659 32648 1619 5457 7730 19913 1248 16714 1601 17977 12734 28644 16609 10942 9394 6268 19548 15372 8261 2314 15544 26888 13478 30602 8159 5435 22430 18399 7586 19420 14051 6898 5609 6309 3707 28222 22358 26231 8775 4301 27417 10883 23639 4752 29712 19254 30271 4523 21167 8377 12383 21364 23431 1772 21122 17490 6829 8014 6074 21112 18542 11466 28027 16149 19129 13265 15414 16824 14049 10764 31838 22672 489 3777 2687 32032 22045 15248 19321 18336 2712 117 31794 31126 18012 12215 26262 16174 10832 17259 29741 14814 25363 22126 31282 24021 19794 45 29850 5976 22090 21907 11299 14119 30366 7895 10390 9316 30879 27698 15864 12938 5613 29074 24696 31018 15733 20140 14758 14665 29494 30716 6626 13376 14319 13176 28203 21593 9381 14961 13568 11474 24733 15768 11233 31524 10717 1023 22157 22736 6032 24864 3409 27738 25367 11494 4755 11454 16518 18404 280 1538 24774 25117 19259 12590 14599 4465 28665 14505 19446 7711 8641 18590 22792 2704 1457 11402 10179 21361 23173 29906 14283 27681 5199 31080 18272 29018 17176 13591 3077 25240 23329 25562 16182 18017 17360 26506 9626 23106 8811 8632 7566 30599 13015 17310 19317 871 23908 14566 31965 14472 23621 12197 23012 28729 15679 21791 17032 29003 12068 13627 27854 16183 5616 18723 27714 24672 13205 26595 14213 4624 227 23449 3023 31736 2326 27862 28713 20339 23932 11783 28369 8482 3825 15957 31221 19591 17223 11272 24210 11817 22651 25026 12090 13098 22995 7929 11723 7296 19692 15036 21503 5272 23720 22531 6948 22842 26519 28320 5489 755 2473 19074 8639 3771 5827 27175 28081 19894 17079 14645 30824 28012 1234 15023 20422 14081 29682 1332 
24359 23676 669 6283 10474 22717 7801 14464 20056 19612 9901 15374 10038 11177 15683 25183 32626 17938 23770 21256 7124 18742 13682 4249 24575 11252 14239 19457 8804 28500 24334 24418 32501 20695 3098 1245 20003 9163 14313 3173 30444 2164 4937 16737 5923 28497 12368 26734 22906 23471 31545 808 30183 24843 23432 21553 23102 30841 26379 5026 13172 6475 25138 9821 17071 29458 20948 24791 12857 7293 13060 13768 24604 5132 21559 19029 22079 21268 27435 10530 25807 6930 1565 12561 11308 25605 20363 16115 32682 4970 14125 15795 20575 3025 18441 14687 30280 31075 22413 24744 20723 14658 14303 11911 17329 21276 22524 16620 15166 7064 9244 5270 18960 4118 32013 1013 3768 16419 29826 3650 7409 19022 13487 14370 15070 11411 20521 3076 11533 27621 13408 27146 18842 1582 16806 28254 28918 6679 31062 8170 2530 13013 19721 21990 12517 25651 13060 29346 25556 8033 28394 7468 21071 14630 17673 21071 23784 4259 21314 22957 6433 20019 26946 30200 19646 13719 15217 32556 28693 4293 23732 14829 6819 382 23641 14013 8412 28146 20350 28753 15816 22487 23930 29916 23971 11458 25609 31053 12231 19223 8226 14282 6143 17276 24976 15691 6960 23501 3330 4316 12488 3171 27155 19122 32594 19546 22504 11207 622 11927 8199 17712 28062 7408 21180 29407 3232 19875 23169 10581 11727 18574 30861 11862 30301 11980 32694 6262 23985 21069 23767 1716 26345 435 8197 2051 18332 19979 19019 12218 12220 22174 24045 2731 20374 13677 22401 4175 7297 15279 28452 6646 16004 9416 28223 13731 1083 1555 6873 3104 16674 12250 20214 3182 9537 29580 18551 9439 31785 587 27520 23690 16483 8139 30324 7643 17348 15438 25115 4094 11891 25696 29888 4666 30672 10806 12213 6618 5758 2413 2892 6381 27660 3871 15195 15137 32614 19584 6105 8622 
4776 2170 24507 21728 10106 4107 32609 30288 21723 18946 6235 7695 30507 21526 17772 3903 12271 24777 29635 7583 10374 23303 2212 24922 29113 28971 21866 15572 31389 1582 18451 11288 22729 21826 1924 12954 2230 15976 11683 10869 3169 7690 20185 24086 22379 18853 17942 30871 438 11191 22188 16241 3593 2238 4031 30112 1468 25637 27331 20071 11781 22924 19954 24417 24155 29566 11711 2586 15300 7914 20522 24283 25272 27950 12919 23972 29834 22519 1777 24029 4848 22670 25875 23762 13802 21133 15395 31344 7448 28428 13487 16740 24054 12556 18075 20890 13473 2125 23235 30637 16360 29816 10917 11537 28096 7597 23408 15637 18560 7140 32333 1132 31622 18430 8527 2298 22669 11515 29498 14288 32402 13505 17660 26307 23628 32346 5382 3655 21371 6840 4573 21238 8040 23241 22499 14992 4822 7014 32649 5223 14553 7963 5508 32373 28501 7915 9083 24186 12285 4088 15452 4379 5336 1748 2654 15847 19031 28597 24420 4269 23170 14207 8640 32517 8514 3330 21902 26763 30137 29053 16781 27735 5214 29267 14527 27942 4120 32520 9867 32765 14452 14072 19637 8055 22334 22352 9026 28704 30266 5360 8563 11349 10003 10415 1594 3204 31380 14990 5936 24876 15071 22817 23567 17190 29998 27609 9147 5779 19389 6256 3291 13547 23701 3891 23454 1006 17615 22245 7516 3879 19052 6999 31138 3638 7287 19444 15558 5543 10891 18063 31964 26187 17201 16359 29942 15414 20035 14872 31012 5061 27273 26021 18915 13802 3906 26756 10003 3011 31439 1338 27214 12580 11543 14782 4773 548 25819 15343 22069 17160 20592 3009 29237 5185 7323 9522 5103 4441 29826 29595 28354 6435 23509 1583 29091 23717 12534 466 14544 30697 8517 23280 4593 28019 19551 28789 7616 4987 20101 13915 18255 3866 12409 3017 18026 6146 10748 25727 17827 8047 
19440 6159 4420 4936 8652 11201 26437 11421 31335 15232 26722 6442 28957 30808 3775 13487 3255 28801 25731 7015 29477 8417 15872 29683 28442 21353 26613 20024 8876 27423 13206 2395 23795 15841 8214 21512 12014 25675 5501 7740 15403 16 19394 17906 24581 2219 16418 10441 383 31385 166 25435 27019 1530 2252 17685 5056 32498 3732 1445 26167 1332 29310 30581 10169 27668 12047 15162 13062 7191 6251 13208 27140 22291 351 4226 23960 30199 25964 20757 18768 6836 1496 7242 12182 30497 10071 23530 24245 20724 12477 7979 21599 16230 26578 3001 23601 1604 21967 11502 28631 16020 32488 22511 25964 23524 25560 10231 21947 28108 14029 30698 26717 7228 27572 16490 18005 17176 12895 15132 7576 2750 18517 24467 4407 3415 32182 30573 4182 15592 21710 6259 20925 21268 5382 10945 24746 18427 14514 4612 8741 17734 23663 14670 3518 2543 23109 4428 9210 23992 1308 31764 30750 11526 26277 22993 21287 5801 28422 24794 9912 11850 21769 24719 8608 9074 19551 1945 21773 30907 1042 29895 25987 6376 14305 28979 8636 13635 13894 11793 7116 20539 7971 24274 27960 28223 9037 16482 22143 16461 7399 10108 12916 30398 8039 21212 19871 21059 4730 12496 24231 19082 7168 5499 7084 11884 27540 10175 15102 30620 13636 2020 25199 5116 5898 30887 31844 2354 5104 18988 14900 11089 4570 8519 6220 31294 22045 24717 17010 11121 26275 14063 20268 31235 2999 12554 8707 5924 2736 28026 8590 29827 12975 6089 24198 11723 15886 26841 4383 18122 30009 1931 13351 16366 19611 2667 16913 15357 434 31995 32639 16421 2537 25760 5014 17108 22807 18268 3823 15810 10497 28091 1067 9310 9456 20164 7238 22804 26956 1439 27099 4363 17755 30341 24091 16656 16689 2915 16984 15721 29360 12513 13912 561 28016 23376 24977 2131 26042 21996 
28495 21101 27744 962 18931 20251 1102 13659 32741 20429 4265 8563 11793 22985 18153 19087 13978 2576 25124 4424 27992 24850 23144 14455 2849 4964 15428 17214 17627 28629 28404 24861 19456 6989 29086 27977 12826 17626 14497 8965 27166 7250 5254 13874 19931 24726 8288 9682 32266 25273 3453 19075 13107 28573 26783 31187 23536 12810 6168 22421 15309 25743 12440 29125 24228 5433 8883 27768 25251 547 23158 24721 11463 5879 2393 31288 4263 12732 10701 21207 6393 24224 5180 3436 1661 2602 31603 32005 12919 696 32228 12238 14478 12128 20752 32326 16535 1659 10543 13613 9328 28005 8906 7133 17391 3974 9853 11274 29977 10699 18342 15922 12413 12849 13011 16080 21369 13830 2884 20155 21444 11803 20148 14843 11276 15813 24144 1554 6201 5892 30537 22908 18395 27838 20909 7561 17467 27573 11110 9364 8958 20849 28282 18115 21904 8066 20669 31850 27296 5539 29407 548 29289 21483 15068 21400 25583 12718 19510 7329 17331 28050 15038 2076 9545 23777 15 16524 20207 6756 5745 26944 5101 32662 26602 28392 24179 26852 29047 16580 2712 14503 19869 26308 17303 1642 7545 3526 13993 18200 26257 17953 4385 7047 15631 18714 26731 2313 16382 7350 28701 4504 27438 11684 28162 2952 9656 6240 9932 4119 16625 21124 17380 2317 31039 8493 19270 2677 8587 24046 15795 11665 68 29938 31006 18334 15827 23237 2040 9307 5649 22375 10660 9104 29016 3918 1385 21027 6953 32584 9354 10782 15193 15777 21062 30528 20625 1138 8819 8192 26178 2844 17950 30917 19366 15094 7692 16010 846 10258 21542 21579 15055 31833 11952 2914 7687 8125 27721 26987 32012 19130 21943 9609 7546 5294 20928 18147 31574 26987 15470 7005 20869 5672 25696 27308 24795 28426 9823 8966 16743 29311 1128 31989 24638 10768 13202 5874 10127 11451 
32645 23477 6854 11415 11061 5733 9142 28253 24046 16893 2473 29965 27235 23565 9882 18983 12617 20197 32384 19199 60 14949 21149 10608 3614 6445 10970 18755 29569 3551 31089 21874 18913 18337 13719 322 18186 23144 17183 27028 12574 12828 23067 18494 22327 8987 22451 11162 24782 801 2742 2696 17873 11381 15078 16285 31147 30176 30708 21669 32413 16845 8744 29678 20778 21888 32675 8770 2232 13089 32598 11344 20422 12120 2572 8139 4015 3749 16307 31504 23789 11138 20897 17402 279 6866 4973 19665 10526 27290 6769 26056 27569 27115 21744 20065 30970 19527 25212 1061 31950 24867 27123 23259 28325 7537 24151 7978 25326 20793 30661 7908 6987 10297 25769 2540 21576 30936 30543 30866 29846 6988 22149 20593 22242 3608 2606 29681 6499 23509 27812 19882 28389 344 8218 19137 16514 11045 16392 4359 1431 15346 20996 25583 4880 14325 9952 19116 30353 5871 16402 10539 5295 2548 3390 1737 9789 20176 5157 13439 11385 22390 32741 9137 9984 19076 23506 2052 17223 25114 16337 20444 28351 24666 24938 8807 23474 22195 20262 18155 28674 12242 27637 12730 25607 8093 5297 14022 28475 13381 29899 20155 6578 30673 7087 31961 13322 23463 6694 31507 20393 6902 30796 26756 30324 141 28335 17051 27225 8228 24256 21852 8662 26772 72 22632 8657 24979 10969 15215 25172 15869 18880 22923 21485 29107 16568 18023 23318 23921 3097 868 19695 1267 8109 10829 25322 17225 7448 31628 12744 2329 11655 30592 28227 27837 18783 28879 32047 15397 16139 26235 3233 25843 5643 5600 16494 28342 17573 13303 14206 26419 21454 25337 31005 16500 1879 29648 10853 23337 26511 21870 958 7051 29539 19541 1142 32760 26840 28470 17221 4952 15962 21381 17869 18714 10726 1720 27995 20944 15949 6145 15234 15551 16814 29486 31425 28314 3861 5294 
11855 7746 28439 153 13241 23528 26743 27742 15201 13779 13135 28412 21043 9093 20288 13030 13188 28770 10646 16978 20136 19556 31744 25354 4737 153 1775 918 13016 26618 14904 24185 5322 31953 17646 28812 19746 29900 20768 11473 21460 16495 5303 32055 26986 11584 32766 20112 12998 29712 1861 12676 31571 26618 9667 5389 14828 16071 20839 6814 21792 20142 3870 2292 5781 9898 10016 24159 8137 6925 7307 29064 25043 26018 26905 28029 7509 5803 24465 6081 12705 26070 10401 11999 3082 8569 6192 22473 27116 15335 2271 24294 7409 12495 2815 16171 8849 15040 10045 10998 28082 21166 20245 12937 29402 21370 6624 1766 2022 2298 4827 30252 19 28552 14878 13613 14520 21238 10576 26681 31384 697 6937 24891 14921 14333 29426 1557 8759 14160 31753 30519 24644 20664 26345 1874 24141 2577 4065 5629 14591 24700 27871 7574 21878 30554 23446 31252 8833 19276 5431 32153 808 16404 26374 12484 19823 4657 30027 25302 8649 13996 10806 28591 13789 18708 24447 31940 7338 5603 2844 501 31437 10861 32618 9497 4133 19998 9128 23393 10186 3260 11907 15265 18299 17471 30711 31991 7078 20397 7655 23237 22656 10995 41 26985 14513 32268 24475 79 22362 31751 11455 28734 11443 28891 19825 7509 3559 8554 24095 28868 1402 21608 8067 7103 5838 8420 15728 11652 21268 20676 12738 24516 29152 23091 3936 23103 14320 30082 5039 10532 16525 23460 31810 31403 23415 11631 27281 8158 21820 22407 22920 3407 2669 27079 2992 13417 4470 30205 29226 4282 3752 12243 28532 29676 23560 26229 24532 31304 21688 6233 43 26441 10801 14301 14893 24815 123 9445 10451 19939 23308 29291 1513 3507 20363 12500 17585 23967 19016 9576 30604 4820 25608 23999 4049 3215 12829 32087 15833 4389 27691 1205 16399 26823 10471 13547 972 17760 
8722 24373 21098 5978 17112 28310 6893 23677 23532 1120 5724 11867 27372 9281 22644 18292 22377 16563 17698 7888 14889 15367 30779 8855 13810 2281 1477 15593 22620 20084 1771 22646 13627 28125 15562 12889 12321 18296 10626 18338 3564 11702 21998 27638 24647 29284 1316 20320 2281 2339 19177 5804 29240 16339 19947 12152 9214 21759 1023 25338 24265 1029 31666 2341 7504 9161 30571 17312 18707 30680 4455 24634 21301 12516 15656 2234 17925 812 25584 8890 2566 8723 20751 21413 32171 27199 13725 18461 7675 3151 10318 18563 30617 14957 1086 20016 30327 15276 16653 24964 20655 16938 23044 18106 31867 21364 1741 13632 13989 10205 18597 12692 11514 32647 741 25628 25968 32650 4853 24997 17871 31881 15151 22066 12458 19155 17073 3894 10050 23399 20693 6221 28395 12147 31469 10313 9738 16703 14992 23863 18846 20729 18790 7217 29436 29172 19874 12527 5313 27251 582 20648 28633 16831 31291 14469 31289 17143 23541 2120 29382 15791 8474 24662 6305 24440 28915 6030 8016 8942 3846 4196 25342 24317 8298 7958 14661 29570 13669 29548 19967 11505 30622 21092 22510 25718 23978 7902 11457 24198 3547 3955 4414 2060 10686 4827 28656 19113 13017 15923 24747 26296 10556 1263 21703 30604 17878 16312 27856 30563 1634 18329 14243 19682 3047 31351 28547 13030 13760 21758 10759 16602 4719 2751 2426 25738 10789 18365 20036 16360 4611 2744 5996 16390 27555 6602 8513 31698 13205 8515 8867 20608 2039 12199 15639 16953 15643 6955 8866 18847 16050 21488 23865 26860 27317 5675 1133 7776 20764 32017 24133 10857 21815 806 18027 22709 10472 2876 29981 17462 31714 1296 12770 23595 15195 18529 16895 24702 29520 28594 24337 27919 484 18586 9619 18989 30008 12813 20455 30684 21599 26361 20845 17888 14105 18226 18506 26418 26677 31334 
13243 11199 6940 29326 6664 20731 5163 3454 5271 31948 11244 25951 19262 13745 15083 14731 25057 23797 29003 12025 16232 5168 23309 2426 24671 7578 21513 16668 28175 7459 14645 8614 19039 24354 5006 5874 32321 30505 14127 14513 29595 19490 7475 4765 8983 4954 27527 15738 30410 11747 613 23799 28407 6406 1226 2732 6960 16085 17062 5847 609 16799 3299 14341 32002 30527 23003 16882 20531 7280 24805 4402 27069 22192 13568 21043 9614 7937 19296 1027 7911 7651 23745 14604 3564 23674 25726 12622 14075 2393 5737 23364 15830 19311 7328 1943 32713 3243 24898 10380 9445 30875 29893 8625 26078 7268 16309 29347 31146 5957 19142 5235 8821 29283 18728 3810 21950 30057 30822 29411 17736 31858 26612 13324 27932 31112 12042 19154 27218 30501 25367 22087 17417 28442 27610 18696 25308 10255 8563 22116 14191 16958 10751 3090 11057 19644 13013 12104 25029 5653 28520 29395 29564 2239 31497 3811 29593 7867 1803 11421 32112 28127 17561 14963 29254 3793 11145 7197 28921 23844 25037 26364 2939 24858 19671 23395 7712 19107 12415 5325 27294 23322 10458 27657 11266 12917 5330 19322 32410 21930 5703 6228 15217 25056 29064 20256 18203 20588 22140 32042 28071 8516 6932 9888 23909 9991 18047 2541 20421 4747 29452 13702 10983 3713 13367 19826 25968 32667 5070 1264 13680 18871 20025 17051 3339 17328 29679 8542 25608 17189 16433 27982 7956 833 12937 10103 9607 3226 17018 7817 24086 11877 30656 1502 8349 9156 21650 4092 10170 20305 22257 19430 19386 19719 14380 1797 18815 16167 3553 12765 26055 14248 30979 29761 1513 19231 10151 18929 31664 4055 16817 2422 29425 26128 12214 30172 25425 1665 29690 12615 15115 5338 8225 20424 24944 25018 21015 24317 24389 30333 31705 28449 28574 17021 22141 9014 708 16566 20346 24311 
29841 19017 13554 21237 16599 1112 24930 14234 18278 6566 27204 26856 25753 2163 24953 12212 2888 27968 17104 26461 17230 3208 858 20928 16685 2673 8487 9001 29673 4875 6807 6542 219 4466 14807 5710 9292 1233 638 30087 32724 23653 20273 20967 5216 7076 5374 26205 1842 11737 22488 23497 4652 30110 15771 5432 32696 21937 13713 3483 18255 23702 29292 28255 12639 11594 5438 12048 25325 3740 15334 32084 8561 1870 14616 9199 16681 24052 2951 19215 7095 4565 21033 24878 12752 8520 16118 7488 24074 32319 11222 21912 20936 31698 15522 19771 11865 26566 6254 20869 26249 23072 1804 32192 26410 9848 31706 30979 15632 18784 9610 28545 7479 8899 8150 25841 11898 28 16094 14532 15577 4149 13732 23211 22993 27778 24442 13767 30404 27194 32324 21682 30723 30907 18005 23112 16543 4712 23657 27692 4107 5649 19635 6999 20313 15299 1582 5813 3553 4937 1918 19884 13154 21184 9702 14882 29291 14502 8937 8118 13777 22565 29293 17882 2866 31642 1968 30690 22782 7551 29598 13443 13203 30831 24352 31824 23070 21086 10961 26325 1173 7460 216 3233 2885 6719 4862 25812 22166 20929 28680 28699 6526 24710 6798 25361 12851 14471 30077 6371 19 27869 25288 11457 5910 15479 15688 32565 12832 5858 27987 18048 28714 25188 2811 27582 16518 31727 18473 14685 6562 11912 18412 308 770 26562 21372 23025 23515 16114 8002 28195 5470 24952 2619 1163 31072 19094 21180 4590 20573 3120 8930 9769 16931 6785 9748 27554 18702 31618 8757 5049 5673 10682 17358 14031 5448 15511 10212 24056 18075 283 25123 24958 6579 10932 24821 15507 14163 30898 31374 2037 22051 18407 9977 11816 23244 18308 12844 32532 17194 407 10440 5861 23163 11021 24635 29092 7505 20466 8204 19422 19336 12059 5739 32755 27118 20303 12981 2575 
28274 509 4185 16742 19524 32429 32153 10067 18446 3764 13677 5667 25173 25920 8891 726 32501 27498 15834 3178 16670 24495 6886 30298 25273 11823 21338 19129 15759 19491 9941 750 28167 24500 25775 22375 9396 21398 8483 21483 11015 22923 16133 22825 13212 2027 19628 25621 2064 3805 4248 397 3599 19120 724 23851 12610 30194 20786 9411 19888 12115 1767 9721 30458 5481 23656 12752 26544 3576 9481 20766 27479 25734 9744 27446 9810 27255 30183 19634 20660 2525 14443 8817 8231 4649 25177 32136 24639 29750 10483 13442 14057 20589 22947 28815 28374 24857 14916 22265 6819 8626 3218 27295 28786 632 3712 9658 15284 1953 15026 1662 1219 19026 16925 15201 23345 16422 8447 1958 31928 15893 13953 24280 236 24059 17456 20438 15395 19902 21038 30632 18887 30565 27538 8227 8384 4312 1417 6743 7098 28234 6243 3618 21981 662 1484 24317 26970 18962 2131 16445 16166 20295 18170 29234 15480 893 23656 23256 4619 29559 18508 24254 6484 10639 6641 24182 11715 15857 12443 14888 22023 29345 14211 22795 7496 4053 30759 2791 19175 24028 31744 14264 350 6510 290 11434 15041 3961 31474 16157 141 29271 8260 22180 4728 22531 10610 27397 20130 30355 15657 14889 7312 20607 21350 9652 13502 31700 29027 31284 17889 14201 17799 23163 1045 12293 24375 21454 8545 23867 9387 3585 28274 22952 8408 12209 8524 32228 22751 31683 3119 15126 6923 31348 21645 22217 10622 19148 23965 4578 6376 19626 31365 26064 20871 31509 27836 24783 3211 1691 17451 8482 31772 22277 24646 11194 29465 31351 10052 8896 1431 23793 31995 3607 2051 19850 19715 13356 16002 18476 2495 13634 17172 5262 14259 25290 14950 32239 23851 28928 14526 21676 22393 14996 10504 6454 10001 7585 840 13027 30596 10068 28383 8494 19980 12577 24083 10906 
5456 16448 16812 25048 23602 17558 25729 8480 15691 21699 32500 19873 24897 16698 24985 4540 25104 16251 14044 19767 18655 17306 21787 16001 7486 18926 26924 30448 9712 23526 3336 1629 30920 11899 20208 5131 2421 18191 29867 19270 15279 12339 2514 11704 11735 25702 1490 10850 17939 22636 31319 17520 3224 14871 32485 18160 17430 23597 2869 986 8179 2924 18338 25940 24802 746 10193 12364 9499 31015 30637 12503 19585 16954 16197 31121 29308 25631 11914 5891 8905 681 14179 23404 26261 6433 12343 31527 30442 415 4713 7744 19911 19778 20981 7405 25789 12021 16046 4847 2261 16566 24906 6089 31591 27300 25695 23626 1571 24443 7642 776 23831 24566 18820 31047 4128 16661 29240 17858 12431 15677 6038 12095 13482 7211 27121 6429 31333 6879 29475 19141 30886 18146 30885 19189 10429 30884 12422 25989 6787 86 9918 15621 32341 4836 13288 6255 30878 6894 9777 26267 30805 2960 5752 13655 23755 245 484 13714 24485 26052 8731 15336 12848 15329 14911 3594 29648 931 14655 29198 29348 14633 19494 24236 32472 1677 22065 8481 2966 13338 27046 13788 4166 18077 25577 12519 30037 25014 29591 3304 25854 30212 9735 30110 29439 16036 15998 11388 16470 3168 4498 609 23563 4913 31207 20609 5017 12813 10891 4319 30059 16041 23524 19439 3546 24182 647 6530 14629 13571 10288 3868 4074 31125 2375 15295 21554 14877 14411 15295 7687 20643 20716 23360 12794 28966 3401 5673 6368 30039 6225 2110 24801 15740 14668 353 5339 14357 8242 4514 13091 30843 2206 12216 16580 9845 25678 11099 13681 14684 25724 12987 19003 15315 20962 30279 18570 27508 74 18279 24104 2632 19586 26761 1557 10801 13514 5499 31991 14085 11334 12338 29817 31611 26986 13007 32619 8600 9666 24973 25776 5827 14280 9304 25490 5207 2747 29316 
13881 10802 16544 7941 14769 21220 24565 15954 371 18131 28040 12746 24307 15869 15511 7449 4470 28512 26304 14256 24328 31735 7741 21863 27766 31601 27037 19680 17061 6841 29569 28168 12043 9253 15703 27889 30347 24685 671 31075 25523 6711 23145 28339 27403 400 13015 15081 22426 8198 11470 30057 10942 25052 4419 32405 26426 24639 1848 20193 11171 23074 18490 25030 2135 1320 12463 24843 21589 20426 17678 10487 11013 9587 3927 4504 22874 16307 23066 27392 17432 9993 11533 30058 14932 23287 10207 5209 7994 22743 17200 20270 11456 22848 23370 22928 21207 10621 1533 19431 20861 9452 9338 23984 15944 17020 5363 848 9414 6807 17601 25050 19307 24679 30036 10326 23694 21607 19066 1073 31682 3963 19177 30667 4065 18079 8683 2570 25066 20484 22228 17816 11235 457 17228 16666 7353 10468 26599 8385 29204 12041 16211 30236 19717 23196 941 11579 504 32197 9185 31719 21843 2146 16897 3547 12709 19600 3887 18203 20510 29232 18269 10634 9910 15959 17076 19078 21104 10167 20033 30300 1664 2300 22423 757 7531 11065 16529 25793 17867 836 5185 3834 4562 31860 28727 16362 26732 25871 1122 19615 10518 22802 8063 11420 11672 13427 30669 13356 6699 15873 20280 24087 29809 28029 16144 10491 24657 20383 14756 4980 26300 4341 26820 6102 18916 31024 21612 14726 26637 24767 6314 12541 10085 4755 14684 8313 585 6383 17608 15360 27274 14009 28947 21047 23868 28791 12340 7979 23555 24620 13790 20255 23896 31331 22253 3267 22387 11228 10700 29599 23600 23412 1531 5264 29079 22291 6855 18973 26217 6887 6731 1220 28749 1873 28109 5331 10602 28663 32533 18846 10498 12137 6096 16187 11241 26728 19437 31480 30898 20481 6415 32705 22289 29624 21309 24710 12769 9473 7871 18711 13611 4101 12897 17355 32414 28719 12886 19790 
17296 24487 182 28662 1134 18632 2705 11126 23285 6015 1796 17202 17434 28250 22663 10565 28981 14970 645 24789 16562 21861 6811 23036 11998 15067 2412 12793 22670 2300 10352 18219 31083 20024 20842 11511 17523 8596 29506 18811 25686 13373 7955 24884 7324 14593 7424 6553 5291 31152 19111 5300 30067 29992 30582 7562 21339 7605 27194 18064 19289 20514 923 5066 13269 7733 14543 4633 31512 21934 29346 6498 2779 13274 18060 10350 17522 10921 3101 18460 28334 13301 1928 23230 235 18372 25004 2725 12877 7017 22067 3908 31089 10079 8222 16606 24622 10639 21772 30080 15583 14927 10791 7674 17128 20154 10328 30545 10769 31610 7493 16130 30820 22141 19845 12501 22857 29213 9229 21958 10373 29756 22403 2922 4373 760 23252 15029 29784 3931 3397 15004 18836 30228 30071 22267 974 29020 9734 11245 12187 23424 26433 23530 17056 2876 25212 29752 3859 345 12049 13211 3434 9580 26931 1663 30020 18047 14398 23973 12420 30355 7909 22465 12048 21192 4412 21339 13141 27356 32070 26656 30953 22283 3691 7077 3981 20276 17426 23885 17772 24237 20954 21028 20948 8537 17050 4347 13902 257 25295 4316 2539 30554 6939 21579 2350 26073 11653 28995 4967 16321 15919 30119 5820 14803 11204 1475 24583 879 14047 13085 83 27988 8413 22212 43 19717 31126 18198 29227 9824 10164 27535 18462 17906 12527 31413 18830 4251 28979 17250 1897 24237 4975 10858 5193 28299 18025 15721 14725 31892 6676 26633 32324 8785 28697 8045 16523 13406 30594 13769 14713 27638 6211 7500 11156 3576 19734 28722 13982 28865 22265 8125 17679 24975 15128 27462 3060 2803 32684 2224 876 20126 7042 28490 531 13326 16843 25531 8757 6348 8024 14245 18935 32365 11644 22936 22869 16300 28469 24833 21181 10312 10175 22413 13436 4649 26611 1057 
27474 15826 26122 19899 26570 21085 14348 24905 17410 15130 28736 27424 30940 530 27669 29169 8039 23417 133 20695 16948 8905 9265 17488 14300 13388 24744 9275 25452 4759 2361 31803 2496 3874 16168 30593 26470 19949 10560 9570 1738 5261 17825 13560 14578 810 14943 27136 1089 20302 25543 23279 15062 17775 21321 13692 29142 3168 19212 9482 31943 10976 4390 39 1907 27835 666 32290 2724 12851 12458 6148 11323 28048 30073 25924 11449 8739 23331 11740 3378 4363 16379 24167 17936 9126 26005 11989 7315 12048 10575 31043 22611 1566 28640 12727 25199 5542 73 5329 22668 8897 25693 11569 22913 27879 21627 23070 22089 25692 31031 67 12843 20190 1198 3974 26818 6515 11167 14860 407 25773 16484 544 15231 16178 25986 20355 27327 31707 25160 2398 22678 9771 28405 1502 6934 22525 8011 29347 6616 27710 11802 2943 9960 17975 18074 19747 7688 26049 11109 29135 8111 2113 9426 11368 10027 5374 11211 12809 31100 23014 10083 32248 21211 18870 15568 30363 2855 25790 28206 12304 7937 21347 27752 31997 12257 19137 27292 5080 2149 5598 5661 20537 5219 10026 25420 14890 28764 2563 25844 768 18345 8302 16064 13274 32242 25010 18792 7310 4352 515 23611 30993 23283 22304 16214 17957 29965 10276 30075 26703 3141 13236 3710 19826 13528 13187 30577 13170 28105 8901 26911 23345 9839 2600 4860 10452 9837 10093 22778 22426 5531 8625 31645 12903 6695 9248 31345 11518 19118 29612 29870 16086 2068 297 417 25020 15657 17644 14340 22715 29706 27107 4960 11015 2420 28037 5375 1209 12520 16727 10396 31936 18350 26113 11514 20537 14607 3349 21072 7211 208 15049 24653 18931 29226 23243 29034 26137 1421 28641 4336 12656 19190 31072 4350 23459 29529 7215 2767 32399 7147 539 12563 3882 6745 29611 23982 31199 
25245 9234 15352 31707 29455 10552 20916 19666 8348 29132 366 10929 26270 9862 12404 14531 14748 15013 8126 5784 32145 11672 10109 4707 2282 4304 14220 21532 5856 25463 5305 30721 32253 18829 5430 6906 6199 12406 8003 20751 975 2137 15228 23367 23676 9681 22938 6232 5969 18243 4749 16586 10483 22277 32544 30510 25455 28759 9956 26137 1695 399 14727 9531 22475 7842 712 14502 14165 24063 28694 24915 9726 15497 24781 28311 18344 23015 28102 22313 20698 20300 28757 11650 24463 20988 26995 22503 6842 1736 24312 32187 15366 22470 19667 22698 27752 2673 22469 13418 15426 22386 24869 4902 25731 10954 10191 14568 22061 26264 15528 2951 13527 5550 208 10284 31867 30111 1915 29292 21064 28807 5097 9163 13816 11213 29605 9302 31457 3489 25127 12909 27975 23642 30075 4099 29735 16582 23820 18954 13511 21474 31354 32273 16392 24967 18630 7996 19378 10631 7189 4983 2325 20298 27517 6750 16876 15745 16188 1917 16058 26186 24143 27682 12642 1223 20506 12944 3885 9714 28099 19512 10166 25303 15423 13415 25156 11124 20337 22846 12448 14299 25707 30517 26647 19139 22839 27980 4433 31342 24139 15605 13094 23386 29381 5875 1239 22926 9194 26621 2944 3649 15736 23539 12268 11279 7522 24532 8825 31529 21105 21190 30288 26473 12934 7738 28615 29761 28224 20749 13833 30601 24111 4492 18720 31665 11273 4235 22894 8923 11203 25650 13188 7944 31933 15609 19598 25939 23853 24120 15744 7571 8457 18463 28888 2348 17623 3007 18431 29717 5349 25556 18185 15922 23407 32455 20845 30662 11721 2032 24404 26330 5058 6821 25134 7854 22795 6353 13653 15450 4319 6075 11401 5514 3408 434 8792 31585 351 29692 31295 28467 12367 21868 12237 14014 13646 6991 15461 11441 26712 7877 9177 5413 21503 6127 9718 22194 20478 9381 
26156 13737 25352 28434 21244 21969 26472 26493 14890 2472 3572 29076 9016 16167 11627 16969 26466 20619 3552 8944 18688 21131 11032 5353 1850 13849 25615 2147 14038 32611 984 11890 22773 18022 22568 8931 14882 19756 21710 7787 23676 31153 14018 13864 26131 31906 18282 4537 22698 4025 237 13096 1907 19238 30569 26855 29716 28185 32051 13126 23871 10924 31480 11937 7947 8436 16656 30257 3576 9920 18668 25791 16658 31855 30997 570 21315 7858 27398 20618 15852 20222 29956 30388 19627 24627 30659 20932 17740 1044 10499 5818 19791 24700 3391 1013 5317 25101 14068 28862 32402 16873 28837 12545 2751 8643 10396 28569 8172 15172 12594 4980 12991 4179 3074 32365 10935 29513 173 3027 2070 5852 2526 9081 30301 31183 995 10936 11234 21809 27159 31774 5806 8652 31846 11923 12506 18883 16160 7043 31619 22537 9483 27433 23779 15445 1557 16875 28396 32180 18418 12094 8982 31515 6758 32278 30918 27082 6403 18874 31918 16289 868 4399 20577 28101 3622 1168 30906 21189 13088 26177 1058 31635 8217 5280 30085 743 8843 30160 24630 28627 17869 23377 7869 28561 24308 27754 7481 27345 31644 22878 24769 22471 6696 14302 23062 17490 31185 12143 16358 6020 17190 32609 17401 12159 31663 21877 22979 7473 16611 26016 3643 15879 32271 17222 28990 4330 23868 3294 22734 4705 23008 26204 3118 15159 30652 13986 11950 11160 25535 6899 14073 20880 7740 18337 6424 5722 14629 18469 10602 4139 26978 8043 17485 30138 28559 17622 23130 28795 22243 1152 8326 11459 13536 8835 25968 17450 31010 6425 29056 14021 9430 28467 31976 2276 9446 4574 28807 31315 20812 3999 14468 7869 4501 7661 24527 13568 32064 6642 8921 14168 21274 23983 26483 23381 18536 9130 27064 15167 14226 31011 11274 7540 9661 6345 13198 15908 31513 22538 
16304 10699 30095 17914 27978 1000 13220 31251 8045 27305 21328 28185 8600 25385 11517 24051 8298 17842 19954 16757 16838 19792 7786 28201 11353 23064 13840 29880 19782 1465 5692 32663 10097 7503 29683 19825 21055 27311 14925 16818 14179 1870 32253 20795 23591 12697 31730 26894 32611 21346 27970 1152 17418 8527 9828 1901 4573 29193 8615 1921 23376 18885 1856 9884 19631 24342 10088 7890 215 20573 29681 11805 19351 26226 27099 25336 19516 411 19286 13902 32709 31559 21345 30642 16497 17517 5195 31966 27986 13296 2945 16290 17035 9652 3212 2827 15825 19426 10861 28820 10265 26444 12400 8530 19625 31621 8678 14229 8083 16998 27331 15478 23712 25051 17323 30047 27914 24077 16277 30092 11173 22806 1684 21153 8472 31630 15710 1906 8830 24018 8921 6017 15373 24480 30666 24013 19807 2758 29892 19620 10361 11826 22621 14208 21365 11005 3150 29508 31841 8399 17342 30030 22817 11690 1536 9174 19361 31671 6636 26435 7926 23216 6326 27119 276 17780 18522 21949 2044 31689 13844 11854 1335 6042 26734 9877 6418 7031 10753 6739 5628 21809 29318 27086 16598 23123 3501 31287 5606 26322 9638 13445 13445 22169 25155 13431 17917 708 24660 25808 9371 1440 16886 15921 15366 21434 9210 18593 26146 11320 8582 4019 17856 32511 7755 24066 8454 30969 21979 9408 8806 7631 1521 1429 5313 22821 6882 26100 32407 12668 4597 5308 25933 10841 21573 25388 10743 32254 28272 26146 5709 7012 14755 29117 19372 9023 26460 4870 22065 22031 22018 19725 5133 24086 10838 23050 32231 13187 27779 18246 16046 20714 25555 26576 11183 147 7107 9978 4252 19428 15953 19012 30112 4745 19193 13294 20352 7897 5576 19316 5228 14270 3523 10506 27282 28373 6245 6461 20181 12166 31183 22672 68 23253 30386 24003 31591 25263 30453 4373 
29257 16690 30026 876 31096 23992 9252 19440 26778 2111 16606 4178 7521 17318 16293 26853 21234 14598 1603 18289 9523 6937 22345 1537 16755 28945 18135 23948 13477 4360 25956 29008 20081 6179 5784 21350 3397 15713 2897 18102 16571 31088 31090 22723 6404 32152 609 29850 15353 13196 6514 13184 15780 3454 14648 6039 31798 20690 2802 2695 6491 17666 20727 29875 4858 23153 17155 10550 19253 9678 10947 28578 29784 29223 7099 28529 10968 3109 21652 32439 3382 4565 13961 19398 21806 9572 20363 23889 505 11614 10863 1850 22885 5711 30690 13737 11105 15685 17043 21220 3300 7598 9254 32333 30224 5602 3934 19909 21835 19613 26500 24463 11424 29384 6699 18874 14104 32300 26518 20979 8207 16014 13472 11808 9745 18060 4777 31606 31609 13508 11351 23347 14168 3134 11893 24401 6975 22635 571 9786 27457 7855 10319 26946 2440 9534 17399 23537 3603 28250 1797 23795 22342 6661 25853 2904 8190 8822 3805 19128 8915 8410 17719 23067 11485 28791 24907 1928 6433 31681 15511 2400 5225 2806 23489 11172 2936 6643 28310 31429 20271 28726 633 9397 4212 22015 5366 31745 25834 29879 24929 26268 16013 31617 8579 30006 27334 2330 4714 31708 32367 27029 15935 22656 11381 5593 23176 31600 487 9060 27161 8679 2149 26241 24246 2299 23673 32537 24358 29077 1725 20178 23820 10424 21344 9149 5103 14190 1863 28199 1612 9449 12917 9427 12487 17787 7333 3275 29739 596 10731 11523 19839 22214 1145 13313 18894 29534 28696 16838 26072 19565 29173 20855 3239 7747 9604 21364 16306 14277 13211 5228 25887 12136 2962 26297 323 14576 9116 11124 27066 21489 24851 13724 13176 5936 7933 5221 17893 20453 9351 13156 32624 15754 5 1204 22227 20429 1500 12163 9287 9913 21311 13258 22244 18650 31864 29076 4501 12688 
7976 268 14078 27164 6425 21437 11537 14314 7717 139 15303 28837 31276 32528 4139 14536 16840 23385 118 15161 18350 4871 140 30222 9690 24296 582 989 8146 18395 14254 9562 27502 22379 23162 24793 23877 14864 23176 17141 14689 29040 27022 23552 24067 5599 3667 6999 26334 4992 5618 17748 23357 9270 5207 22281 1027 17881 20613 11216 13743 19044 25903 13925 10122 27491 20160 7988 15626 6135 16127 30481 30647 22260 27421 10854 4046 16550 30307 12020 163 4348 11807 18757 12058 24464 3467 7880 23378 32260 27079 7847 15594 21119 19530 22856 11287 2644 11127 727 15103 28614 31191 2276 20529 19267 32109 6730 624 26198 25620 15869 19455 16120 17353 19576 24959 20837 17648 14579 31781 30148 12365 22845 6758 8155 5441 11123 12910 9657 31900 23253 29230 12265 24625 31598 27672 11534 17733 17749 23740 22596 19168 17828 21772 12253 172 9469 4389 11922 6684 20711 28213 10834 14548 24099 32048 18932 15445 14367 13713 5629 19659 41 25029 10105 18005 7449 26598 4310 2788 24613 4698 14579 8132 28168 7523 4006 725 14146 8625 8691 15252 11366 23207 31239 27248 29755 20729 24398 26859 27981 26734 31571 478 6748 1678 4749 28806 10296 17443 19920 17378 9268 3139 15791 20126 28120 2691 13777 2554 11945 5853 24321 19260 12274 21124 27475 15012 1234 2177 2491 7569 15849 23652 23903 3250 2702 31287 29005 3738 7485 22891 15665 15256 25239 32 26659 25210 27938 25514 26975 18885 13065 17866 21161 11527 27123 20412 30978 17053 31264 22606 17873 5767 25514 26164 4762 28203 15227 31935 6440 7204 14663 27135 7832 27133 13440 11747 19188 31957 16208 8252 6650 21476 17992 25724 23649 10785 27069 31686 29601 10928 9932 15530 8939 22970 31447 11632 9440 14516 985 6889 22528 9003 29952 30150 5670 31515 5723 
18659 11903 15029 19309 30963 19741 5308 11918 2766 9529 27697 28611 14544 13633 21655 11241 23249 22751 26882 28959 27602 10976 3394 12575 29833 5370 8298 27834 10511 21471 4665 25369 259 8702 18592 14565 9909 7905 14326 1935 30750 4313 9239 25371 16721 11211 8429 8490 939 16096 27119 20937 5036 11127 10617 23302 31992 8543 1862 21222 20322 13033 935 20523 10712 21877 17057 22590 32597 25784 17761 3942 23908 3405 3216 19592 26192 19368 27288 10222 1097 13942 23642 28479 355 8682 22240 20008 12032 7215 17083 29373 20750 9300 32532 27283 30281 5609 24418 21902 30423 17038 23060 22057 3460 9798 19836 22672 7973 26822 25398 6007 11795 31824 6911 9398 31750 25148 25643 5860 7569 4253 32379 10837 15784 17143 7972 12410 28545 2466 27817 31442 14556 15454 2294 29619 689 6294 17396 9051 1047 2714 28490 20297 3295 28574 16792 30224 26754 14535 23452 5861 11545 23944 21810 30689 26460 15274 24912 12654 28732 12712 31943 1272 30223 12987 11949 30890 8500 28146 29088 22821 2250 220 17914 585 10445 19968 6255 18809 17227 7428 4386 20113 16619 25633 23328 31018 19807 19049 13211 3296 8121 24865 11621 24041 17284 26334 21754 14851 3348 17866 23755 5717 27395 20230 2584 1135 27239 16896 4719 2554 26589 7110 30039 21520 24473 20775 19092 17996 15908 19839 18363 5598 25940 12831 14304 18398 25 14439 15222 30663 24599 28510 32541 18600 30811 14948 5790 3978 22341 10844 26722 16011 8297 27263 575 15203 526 1366 16976 1229 13095 19828 10004 9651 10269 20920 4049 11363 15215 18707 7832 24405 9042 18894 5998 12519 17509 32473 21600 18502 14748 456 670 17979 5162 23135 17499 29161 26003 5618 32398 9383 8194 11080 11004 28253 8547 4059 15972 4547 28410 10584 26870 5162 24813 17088 21481 26239 
32443 8421 10920 6492 12886 23953 16972 23226 6778 23595 12885 10640 27386 21766 7056 26861 31126 28614 4570 21047 10733 15267 11582 6484 28733 18048 27643 15841 27694 16851 5210 11666 9661 29293 9183 11987 20414 24732 13382 17419 31984 2869 21458 18638 31506 21419 7968 3819 15341 22172 29106 9904 3277 6142 23829 25421 23008 20043 1449 27845 32694 16819 9739 29399 22327 28701 7042 4757 29189 20950 22074 12625 28721 11918 19687 30710 27476 18965 32236 7597 25250 18427 8210 14855 5459 7819 10009 30897 16315 7895 8119 11831 20545 12872 25909 27113 14828 10686 29161 6550 14811 4477 20227 20130 9232 23802 14037 30685 24898 14387 27167 26909 21248 20235 9689 22222 10638 2635 7404 25873 24699 7807 30852 5515 32373 26577 1715 20365 7457 8976 17673 29991 22466 18882 8625 24075 3250 974 22381 31055 7604 17218 8187 21016 25857 20530 32199 21588 18649 22334 16146 14816 14354 20395 30911 380 8799 11451 3600 14942 344 30174 20445 7566 8870 11372 2935 20815 30235 19124 961 13920 32196 25451 17286 16223 30342 27400 20555 26301 16828 18062 17333 31684 16293 17906 32220 24638 1766 12206 26240 17017 12088 24633 30877 27049 32464 30198 23083 7098 10100 9143 11340 22666 18277 24097 27700 13637 26450 6329 5616 339 22335 29969 5713 6691 20697 21926 13329 17325 13333 15569 12560 29962 17740 13566 12767 9894 10193 5783 32484 6491 29209 10943 7143 24500 6992 19 23772 13202 17017 10798 4888 30741 12337 28151 28658 4467 1409 14894 11498 27203 18927 27439 16327 29839 11056 7821 16803 9699 29104 6673 3755 18020 22930 28572 8782 32685 2673 1906 30052 1590 31696 15934 27971 20877 13011 13696 4050 22596 29334 9995 16908 23141 13445 26428 32136 30171 14688 16251 894 4716 28036 14413 19927 4208 7229 5385 28751 7684 
22038 698 13878 18712 29676 22782 26454 16834 5730 21507 16491 10215 3769 5494 17718 14139 15797 18484 26404 29506 5499 26920 6488 28464 3331 25912 10119 19433 21912 17871 12931 31412 12026 26810 29993 26715 2418 10446 30557 3536 9907 17877 1768 20346 25489 14766 24818 706 1334 15973 29597 10917 7901 2021 2321 10554 31946 8155 21139 16108 3740 14511 17702 7313 4930 28428 4321 30488 20619 26142 24172 27385 24795 32704 25003 27551 23891 10383 6830 7853 22623 25719 26070 17723 4193 19813 25765 32309 26246 31073 17781 6371 25938 2747 30819 18762 10104 14952 24213 19258 20975 5702 2703 16221 145 801 4826 13104 6172 21335 4174 9299 172 25508 5133 9792 19856 15046 11596 18960 15246 22398 23094 27912 7704 8540 25028 24884 12251 14109 21581 24531 8999 9163 25073 9951 24598 3610 16146 21604 2884 16168 10358 20671 32601 3424 24071 16426 25175 4565 13035 27616 15436 7298 11313 11760 15409 12962 8916 2523 7035 17193 521 30836 26335 14808 18692 6251 2681 24047 21793 5935 19547 32698 4978 20715 31539 32404 11658 23059 28857 11054 8705 26262 12897 5602 6841 13679 22769 23699 12200 30266 30996 28957 6490 18860 27975 28345 29256 21928 5921 3481 31956 17012 23581 10425 1390 9117 1976 26504 9250 22391 15682 3831 14569 6449 6309 4784 1719 17017 24847 19698 21904 8950 8684 7774 20926 12560 14244 30524 18350 15561 7890 17358 14497 22594 15536 32503 25963 9516 9737 18754 29515 28332 20109 10386 5552 18193 24316 10439 8695 30005 21133 14721 15597 32617 929 23211 35 9918 11914 6024 20294 24591 3108 20063 21092 13283 19992 1647 13901 6001 15231 12649 22999 15000 29948 22417 10654 16879 5149 7496 17537 10490 2162 15244 7589 26575 10935 31940 32548 629 13203 13906 5158 15875 12360 20697 16530 18208 
29718 12065 12835 28411 22320 18858 3477 8959 4258 4265 20852 24445 12092 12461 17545 26594 15508 15223 21558 23511 19783 1220 12931 17498 23433 17375 8069 11250 26820 8101 16586 9888 24685 13545 18896 32086 30136 710 2128 19396 9967 8270 32042 2135 949 24312 32312 12852 1412 27143 9626 16845 13251 31048 24708 32060 16693 8946 16606 20424 14666 11266 6571 32029 21188 28321 5984 2685 27812 8727 25220 4724 23776 28193 31367 11788 17508 12994 19108 10055 12567 11103 24692 22467 26155 9456 6930 12868 13818 24140 19297 11028 32528 18736 29524 619 2379 133 27900 12185 5469 8075 19973 3364 20795 7548 22907 14518 12497 9485 11327 6174 24510 5662 7758 11558 9487 2134 25345 10589 27529 11484 7778 8737 20342 8802 31569 5048 24785 11202 2683 10088 24391 9547 8798 19445 24588 1470 20831 14336 31860 13804 8581 24667 2537 22600 7579 23533 16000 19317 10965 16046 4273 27832 4472 23681 8557 2559 16615 1218 20893 11581 31971 15258 741 32546 13046 9804 27759 21297 16546 16187 5107 15674 8162 5767 3308 24160 26387 12113 27229 21819 785 19688 13802 30014 26068 17581 22910 31999 18609 29649 23764 24201 9293 13516 18114 19775 3023 20239 6048 6042 14315 20205 28439 22440 12760 23362 4365 16341 30721 28615 14836 6113 30481 23059 4250 32674 31886 27858 10512 9474 29350 22246 11778 20744 3807 11837 30742 18446 5264 3685 17741 21069 17423 1297 31315 8918 19773 16660 20 4004 21649 3477 31381 3010 6019 11751 20872 19315 22620 391 6833 4143 12926 31403 21131 95 28222 26266 19923 12974 29460 5851 22774 3975 13492 25757 13233 11660 1519 28423 12381 1729 6669 30820 13782 2211 29848 21893 18110 23330 17134 4968 5699 676 29984 26348 24385 17390 26075 6338 6452 8477 7155 19633 2666 135 3689 30996 
30576 28284 20175 7954 20220 21786 30057 26650 9119 21420 4284 10403 9537 2559 32190 17162 6855 7824 12468 20398 17133 23046 27999 21082 4611 21969 17186 4417 29856 10241 13538 6390 27402 1896 15330 23776 30179 12903 1049 23807 28252 25678 21856 23011 12229 6 29357 21091 9232 16743 31228 30530 21899 17260 10773 29249 22049 29388 25238 1120 462 9552 19968 22241 25388 16336 26224 9506 28949 26364 5606 30420 26931 499 27159 32371 10072 13140 19131 4950 28072 23469 30415 18750 2601 10297 20109 7782 25711 23865 20921 8746 23932 27340 4011 760 17528 13290 14918 17930 5432 21021 6800 30019 7209 26268 15228 22848 11641 17781 3849 30542 11897 11881 27290 5591 18460 16371 18193 11125 8035 9928 1756 14896 16973 10990 24115 23913 5711 23385 28545 8779 21286 21478 2922 11056 14611 2417 16098 8928 15079 24235 31627 19680 11006 14059 9942 9815 23678 9907 6053 11736 26069 4381 14296 15795 25814 31587 17869 23971 12108 6109 6893 30954 6103 26143 22002 10312 9095 917 16015 30667 11070 28647 13591 18241 2690 8513 31220 11155 8498 3474 4285 13768 851 28824 4035 25339 6353 18314 6935 12858 24319 27287 17108 18895 18226 23505 28244 681 32554 20922 28771 10934 21231 4050 20858 25431 6904 21875 8003 10400 15978 30770 29617 1962 15988 17118 15354 25160 4760 25503 10777 823 6314 26502 28962 32280 17144 17199 3425 14130 13344 10094 28426 19774 17114 16637 26225 24351 10386 6268 32725 22988 3475 29417 17414 31006 23050 19031 19323 16338 4696 27978 22538 24680 21568 13898 20121 9063 5638 8817 13127 22046 6695 20943 4625 31877 11032 22910 29474 6453 14861 32213 7778 30445 16380 16410 22097 12625 28974 21758 19825 22402 7624 9837 8931 30928 12506 19414 3064 24437 17946 14309 12654 22528 3530 27458 29388 15630 
18217 5991 16439 32483 481 25083 27674 18418 27645 7118 7189 9670 7065 30818 27626 16320 8329 13233 19117 14235 30317 29262 7045 649 31765 27413 14087 30581 24085 7688 20191 6463 15312 25059 23459 23335 18007 32569 5744 22192 16689 8337 30938 8926 5953 30410 4329 19392 24597 23225 452 23495 29395 20105 10423 29172 5632 6806 23500 8970 12519 30033 21449 2958 16837 24171 5530 4281 10962 2393 31476 29330 4520 30537 2952 13780 10475 21402 21285 19822 16766 21509 12904 27481 15781 30375 24158 5666 13853 31385 28739 7956 23325 17254 2209 27754 7361 29809 9326 13414 23657 8998 29954 1862 20271 19760 22283 24052 20196 25061 4387 5390 24157 22832 29938 23487 26649 32762 10133 22851 30910 20113 21908 1538 2135 29306 14977 26956 5843 20096 8719 26938 25197 13386 1867 28803 27164 30166 29391 26214 31267 25605 23043 32545 5639 30828 12301 29930 14897 3277 5670 30982 10046 26413 31427 19863 25710 1955 13377 22853 14151 22557 24861 22294 21071 18498 27159 23503 3683 10476 13440 774 18771 12878 3525 591 26564 11087 7879 2834 10534 7852 2384 20942 24255 1226 29799 847 23369 32605 16407 2109 29119 20808 2093 5578 13491 5094 2254 22383 31807 2163 16887 19882 29771 19707 8320 1800 29830 19280 10416 12611 5910 35 2190 26898 3162 10395 3112 25773 4331 19141 7568 693 29364 15771 6797 1757 19469 21621 22733 17840 12746 17102 23358 23672 27644 11791 28088 21622 2957 28054 3538 29753 2330 9789 11931 32552 12460 7012 1811 25050 22189 30117 18092 8346 31608 7315 2656 14161 24623 11111 19990 20549 26974 4471 9970 11678 29137 27673 32649 5786 9185 1593 4618 8198 6771 27647 16215 6756 31683 17817 31796 16259 30825 17972 32431 30507 27041 31124 1605 16153 899 1481 7001 21778 22992 8342 21313 17262 
6017 31815 24111 30427 25574 629 19256 27896 20718 13386 23053 1476 8536 9509 22341 3156 21452 7197 5262 29429 11342 23314 21948 23518 1240 11136 11587 23664 15564 8799 1404 18235 7100 7122 17330 2954 129 3339 7481 6975 1087 19970 9657 22963 11562 12401 6076 2454 6520 14054 28648 4601 990 12027 15230 3898 8982 9739 1540 11185 31271 22461 4708 21568 27700 10496 18977 16398 14201 8381 7583 21317 19428 8777 8665 26335 7547 29048 25750 32371 32211 13054 21223 907 24921 10171 10812 23525 14960 32597 20207 18091 31184 14044 15125 25282 26894 7403 32472 30020 11462 514 4652 5617 13675 25133 21932 22989 911 13324 15881 5161 15580 21708 27854 20047 3393 11515 2256 28446 9262 27856 3757 15355 28018 10456 3919 31890 22838 18911 15926 12882 25047 22259 2061 15631 14166 25498 11360 26428 24288 6573 18704 11634 5267 753 1605 11218 6674 3801 21505 17298 13548 23644 29966 26936 23773 18720 23807 13606 2350 18321 8136 1569 834 28935 23587 19982 7557 31667 28941 28533 10270 1438 20047 9267 23105 168 23526 22075 10517 3783 11173 19635 26761 3019 19161 23715 7801 32646 13463 14086 6374 21079 15729 10414 23096 25940 28608 14210 2645 22714 31788 15768 19819 23007 31686 16955 4108 4819 23417 15667 14546 7334 31063 4258 12765 18540 2627 1721 13233 8972 26811 5487 14873 5412 22030 17302 20216 11997 7000 4418 19728 14839 29549 30438 2749 16776 1985 2109 28453 4636 24700 21882 16486 17067 17791 25791 13063 23789 2958 19857 1472 22818 24050 10362 23557 32633 30055 18970 22785 20381 13962 17133 18494 21992 29054 18013 1492 22252 17416 13273 3766 3725 12848 26272 23328 27418 10799 29255 31699 12233 7814 8880 22813 30371 25281 5294 25717 9320 13930 8812 11952 18944 4094 9124 24159 32502 16052 30317 
1638 18125 17186 26035 677 24996 12591 11665 26179 13136 672 19082 27627 20989 29905 30560 13620 16181 16716 16289 458 4808 1956 29302 2501 23177 15181 21388 27535 13257 17152 21221 16482 4437 31620 4380 23283 20877 19467 11672 3595 24237 16254 8921 23737 11712 2661 17004 21318 5022 30009 7814 24010 19870 24973 31119 14945 18079 21479 30034 19902 9564 15689 8002 17049 11740 22772 18409 17047 27908 31827 31297 20547 7018 13608 28774 8225 22824 9269 29665 1338 1522 2589 9904 19034 14651 11849 11259 15292 16209 27516 26157 30615 11616 6991 28030 16617 17650 30436 7593 8057 2720 17267 22522 8447 19614 12194 4631 4880 6266 21040 23758 30877 30079 28470 13854 5280 23655 13548 29925 18943 2446 6831 29602 7093 26586 27586 29338 16040 31534 17276 8416 9020 5756 24967 31692 8046 24352 17270 11266 17141 9440 32715 24890 29017 12806 8018 19421 32098 6931 23700 24866 685 4937 2425 11881 25547 22404 5637 1784 14558 5425 10265 16804 30974 17093 14687 2269 13267 10607 22971 10543 14602 7922 20947 3210 24590 32683 6270 4163 15585 28412 24746 24554 23228 13247 14668 17681 11998 21445 27447 14276 9438 1447 4891 977 22569 30575 3522 19713 8653 18138 12800 22447 17057 16704 20639 25446 14976 19742 18930 23972 4907 6705 11723 17399 22728 11371 19977 10800 26000 16247 10348 32161 17303 8061 18036 6596 28366 996 17469 5141 21848 2645 13813 27206 15005 5588 15207 29605 25495 12360 16168 31966 28419 18490 8337 17874 9638 12487 201 4608 24126 32715 15954 3451 26598 20003 6062 15826 10301 6701 11554 17261 3078 18573 3402 3207 11278 124 27710 23500 25178 19582 13893 10792 16000 20228 27353 30720 13561 1183 26823 28342 19181 26575 3049 21475 12948 6709 16977 2303 16139 24157 32371 27809 24443 28825 8698 18729 
9718 4606 21482 10812 63 23540 27669 28949 8470 23173 9266 4924 14405 9055 20941 32683 3278 19500 31575 7216 29643 27476 9535 3248 30151 5203 7527 22306 23594 20304 24652 29675 7211 27899 23331 8777 16385 678 10090 30447 25872 22566 23066 18598 16824 16818 19731 24038 31255 17348 16074 29814 14856 28614 13430 6668 23784 9698 9289 13206 25161 5714 26827 25873 25648 121 29309 5902 17998 12986 19972 28348 16614 13118 855 5637 4761 5079 5033 26577 25858 30450 4990 18163 14748 22471 25987 18693 22061 14217 1654 16576 113 28082 15538 31938 11063 19582 23492 11186 30805 17884 9347 10408 13970 19057 30105 20376 31511 7378 7389 6128 18370 21590 30057 20941 8839 17372 479 17293 15302 32211 31000 32382 26205 17989 28999 30728 9484 4902 19446 6076 10969 6616 4883 27395 3658 17902 523 23032 25545 5587 27340 13636 21479 6694 11883 305 21129 7125 10405 25943 31398 27989 6254 17007 2767 10613 19787 4929 16430 27528 987 647 10547 2163 32364 1886 5813 3600 445 14240 13169 32112 4265 9003 21078 28823 10638 9792 26414 32371 31700 16741 25444 5074 13266 19331 14912 14893 29259 30361 27605 10801 6831 7453 15823 21152 1190 8397 5891 19764 5111 31837 24530 25045 32098 26932 27950 27046 3469 1932 22354 98 24621 22610 9641 10394 28860 16563 17695 58 2619 21013 10024 29143 30281 30760 15967 18568 30059 10831 749 2941 16358 22054 27248 16761 14536 31496 10299 23593 6409 27144 27636 1048 30737 25150 8688 13101 20270 23494 8818 7061 8623 30108 22589 30656 23385 1662 16032 20186 7874 3795 9012 29635 9411 184 29145 29202 29709 23362 5008 18292 25905 23053 17707 22096 20798 20615 20029 28944 29197 13320 9448 11950 21356 26343 13424 3212 28499 5018 3256 25926 6439 30623 11700 26323 14621 11615 
15455 7146 21555 31075 4209 859 20385 28912 3531 4716 24841 505 20394 18835 19394 21230 8999 31818 12600 7786 26042 6936 19295 19067 16327 2995 31560 11536 32236 12510 19248 2790 4294 27454 14265 18672 8866 23927 20719 15655 18607 7491 15761 31537 4055 17208 25762 14087 6247 387 8652 30265 1413 30820 28967 21346 28819 31229 30633 19513 25577 17495 19835 21849 21713 921 350 14051 22609 13832 18173 5903 993 11791 9973 17575 18702 12481 21107 2973 2024 30309 25462 18076 4126 13906 7393 2134 26610 21989 19196 18803 29575 12544 31625 15403 7195 7407 20789 21023 26954 28026 3784 31731 1281 18266 923 1728 27179 12165 30459 7897 25835 8275 28831 23192 30887 2755 10993 5331 3418 2360 14075 11007 18469 15286 6285 8294 19388 28123 689 6790 32617 26179 14922 19920 1923 31921 1866 18477 10595 7584 11009 17581 4721 8977 17788 11880 430 29835 14683 6299 21576 11136 3353 19208 19729 30126 8331 22918 28528 6730 14417 9540 11010 4512 22186 27494 18029 26610 9465 11846 16327 31199 23884 32192 9364 32025 15526 23078 27679 30260 28991 28213 6706 14503 13794 6380 27902 27407 29629 12050 30382 16724 3658 1581 13594 11363 14237 7204 9012 5310 14507 19713 21861 1287 22320 2991 22409 16716 28389 25579 11636 16573 6568 11535 26975 1448 28479 12917 4993 30867 27387 15010 11445 32627 32402 2552 19241 16767 24778 6389 11617 20328 28514 996 3338 12838 31105 9815 15356 17315 16686 9212 29068 26658 20130 4819 31823 16638 32682 10874 7951 29982 18195 7705 24325 5007 2871 17288 6769 21076 15348 4381 26298 1345 26201 1468 31025 17454 9234 6016 13749 16731 26543 11776 9486 965 27138 29336 20810 11867 12294 17547 5191 29439 5141 30558 18917 19520 618 22042 25990 21724 5998 15145 18565 22147 28420 6196 
1176 25967 2673 4536 23701 12869 23088 17289 28753 4272 21486 2121 22519 30408 3022 6950 3648 13844 25436 32421 4222 28653 11267 7713 15238 24893 21593 16878 4055 13717 26611 9586 2932 10200 7463 1880 13501 16616 16605 28429 5971 22161 25556 25085 28840 28049 29888 18950 22150 29626 11012 31081 29507 1662 31360 22774 29824 28194 9726 9182 3872 9909 2622 3612 6332 8965 9074 13744 13534 5502 16908 21502 20945 11955 14490 32305 244 26493 10190 31462 10466 32615 4249 23713 9259 2475 15513 16211 879 23836 15726 14840 26572 8721 28602 23376 4602 21996 3790 27200 15984 8134 5764 1614 21709 31540 2429 18794 16521 9369 26690 26618 14572 18040 19844 24940 22724 15863 20812 12793 31863 26532 31115 15347 19 13751 25650 22450 9366 20976 30384 4220 5097 2852 20792 30055 25726 21446 6609 29522 17231 27812 19804 31774 13913 11559 21388 32756 11700 1289 11378 10750 16414 11257 20767 9670 17334 15223 448 32213 14357 2340 10650 30752 27398 3713 19494 23078 18530 22029 11924 12098 26753 29968 31811 17273 17461 11437 11522 22546 6334 27768 3389 13853 12687 6332 26221 16181 24280 11429 29723 16241 7198 1502 14555 31448 28687 22660 15641 8959 18346 15113 8716 23033 17960 22894 30351 22247 20623 29071 8189 26347 9926 14546 19109 18987 878 11930 29219 4221 29255 19644 30055 2814 20831 777 29159 30207 27201 29717 6536 23095 22784 23538 14489 29790 27406 24224 5008 16917 6742 13671 19228 11728 14586 12497 23402 30099 20759 21105 18966 12642 18997 11441 32596 11649 6181 6041 24825 14831 30260 27566 27379 14659 14305 617 23218 5721 15969 6018 16502 9817 1002 1498 15372 13919 17439 117 8153 15904 4752 2916 10810 4961 11900 24725 8464 26409 23613 16141 24321 11001 23602 11768 5130 8521 18948 8160 30773 24887 
129 32214 32324 14110 27161 6159 29294 3896 2821 16560 5667 19826 20266 27467 16005 7847 11968 3873 1726 17903 7121 26058 24851 1270 24513 26123 1238 11661 2028 32452 1491 16807 15720 27137 5303 17634 7298 23148 18167 7438 10796 16256 23091 14996 21830 12793 19743 19055 20979 31073 76 14580 10362 13139 23153 11691 10693 19199 6658 6410 8099 21593 31086 22975 1224 32526 16829 2652 11597 21901 15953 279 1111 23250 28275 12335 6218 22739 2670 6156 12106 16282 14209 6105 16073 30888 31265 15844 4737 32244 982 15149 23326 22610 1230 20316 23134 12682 20882 5535 23230 6898 24614 6976 14103 9572 6659 6730 10476 249 4936 10271 30264 29357 5782 25628 660 24659 977 13282 22622 21787 13920 26942 4931 10994 30513 13460 21441 3485 15376 28287 14172 23387 11546 24229 17669 10007 8793 32213 22728 29890 16670 2096 20055 60 16729 9513 13831 6991 27236 7264 20385 25637 29298 9178 8869 2857 7793 256 20339 17134 22108 27925 9733 1261 12788 4777 22070 29481 20753 21136 32661 14257 19014 21292 14507 31769 24531 31538 32050 8339 17323 13328 30524 31753 28014 12173 26553 16089 19334 26560 13546 15689 3226 20582 9171 27522 7102 29598 11733 21401 11196 4715 19160 26702 19447 26902 27801 29495 27961 31072 26056 19103 24549 29890 24509 1024 14504 15993 2497 14601 6844 5100 19645 14635 7143 16943 5618 2550 1550 25795 31263 16111 20529 16197 30584 8995 5284 14069 6125 11157 11185 31506 10451 10040 4528 7343 30446 12827 3428 28372 16400 25463 1563 29231 31699 30731 15679 19560 21592 8053 22576 2992 14914 444 28435 3973 8083 29653 13031 29682 23256 16542 18932 13737 13156 19698 13449 24777 30449 5987 4327 18899 11637 30458 14909 19169 5403 19171 18117 23908 26939 745 6797 13026 4335 22863 7443 27590 
30067 15157 21241 31141 9479 17384 24222 21502 15032 1461 12131 16006 24126 11577 27523 2865 4238 4458 26434 18244 15215 10789 6067 20184 2366 797 12322 26211 5606 24152 10421 9078 32187 8981 15988 2838 4242 18878 15327 23287 5728 31473 8670 12203 31829 24081 25974 7542 21817 6881 11878 5917 20360 23624 24384 19200 21864 6628 19313 30149 25839 23903 20667 4315 3620 24328 18945 1832 12695 27908 1229 28643 31543 17268 14467 1605 22106 26894 17915 1834 27536 17549 9493 8185 17349 15223 137 1410 8262 28930 30259 25940 20265 11775 4628 29674 24679 18918 17238 10049 31655 10808 7063 30078 10247 12658 32765 15500 27708 29878 363 7364 15425 23788 25952 28006 19106 4198 21396 20782 2916 28213 15053 15554 7648 22088 27749 4729 29015 27281 18035 32149 11590 3414 16986 18180 32161 25493 1450 13867 6444 29079 25485 15970 23633 27969 26947 13886 4087 5797 26215 7926 7703 19342 5572 13632 25067 10224 11770 31798 4255 26398 1196 8865 20706 10138 19797 13390 7484 21385 12580 14157 16795 25420 31220 17273 2207 17226 31611 26687 25176 2114 23498 24511 19457 26478 11892 32564 14033 30949 26861 12291 6017 7167 31185 1317 6943 25905 10367 12703 15897 1568 21023 550 11843 1060 14061 11171 29036 5935 15839 29090 21419 144 3428 18747 6672 12022 14978 5659 15089 17167 17065 4436 14288 13708 7553 22780 1274 10161 20489 8324 27999 32625 17009 12814 22856 30151 13938 24623 20356 834 11076 10286 15800 31658 14188 17046 14182 21370 4078 26066 30558 9867 29897 19392 4405 13657 8277 6947 23790 22171 688 2624 11792 2361 32303 17571 15253 995 20343 7044 18527 19645 26509 986 15910 13049 23247 20872 24108 5106 27327 6139 762 963 25967 28819 15633 10571 3161 24375 7053 2423 7737 10311 24951 24739 12911 4159 
3091 15451 28080 12290 13296 20240 26190 5132 6151 21056 539 11402 30624 12310 8585 4959 27991 29676 10901 16760 17940 8391 9142 28306 1577 21769 22013 18927 25331 16731 13566 11248 9255 9726 25504 26938 3115 14699 28821 25380 25071 19091 20019 605 24635 1118 1099 7422 22224 26582 5925 28406 3780 24920 9182 30411 26107 5715 2549 27402 23888 13386 12623 32544 23767 6578 5020 28865 5807 18468 6883 23103 22092 10889 25547 12804 29088 8327 7603 11390 31665 11493 27336 6640 3724 23029 32203 30152 6883 29652 19483 24147 10038 27975 14213 23312 8997 7183 6292 30262 24081 297 28449 6785 27843 18189 11937 8927 14169 15754 750 2177 8911 574 32728 26908 19675 14251 22283 4548 6858 20573 26276 4313 23528 19131 17073 2120 26184 6905 4106 3789 18412 8133 23872 19160 13950 21926 10453 5376 13962 10458 13145 20414 20705 11555 14247 24812 30909 25978 4818 25088 29696 9423 6451 6045 27027 9143 13594 14231 27270 7350 123 32212 1912 10185 12017 25603 32331 4360 21713 22869 30420 20756 28135 17511 511 9898 24006 653 19163 21043 24263 10043 54 10864 23721 24601 12024 30074 14632 14095 18077 31824 25084 22326 5713 29453 21840 15137 14905 20621 31421 18816 21962 8489 14437 14776 383 11844 10217 30353 11543 27837 8301 8645 11918 27161 15778 2255 10677 7929 28139 5345 23509 20306 14075 5356 2980 20568 30420 1114 26849 195 975 27279 2230 24608 10566 17863 12968 6591 25014 8346 16208 16218 4241 22657 4441 9083 26490 1458 2840 15931 28796 18718 3843 24035 11100 14672 6982 30323 8680 14636 11978 22307 5551 18153 16921 23936 31889 13591 2124 9252 12025 8512 26588 13625 18790 4374 24 5098 20110 15081 10844 22808 9371 2305 17707 25770 5814 11980 10802 3096 31175 13982 15577 13455 24820 724 
12776 21758 29703 7768 18337 3257 21582 13891 700 20413 16199 4941 5387 22760 31155 17147 28675 8299 1310 20053 22674 24199 25589 23964 1561 10698 9080 29635 7953 14111 17099 26022 19046 11941 1132 20693 12833 30981 32466 14374 23845 30132 26120 29027 20788 18339 15265 4386 13667 23626 32365 9043 13636 21107 6749 14385 22971 27968 28583 6657 24095 7869 32571 29572 13870 25916 30635 30538 9207 19531 28912 1697 8784 29520 19902 14071 8929 2807 7748 23224 7639 19043 32424 20922 9977 23157 6388 17924 12137 10564 12356 23184 3393 12990 744 3714 5514 30058 27911 27199 12441 16582 30803 32260 18183 19117 32261 5679 28872 7796 16993 17062 2032 19501 15262 7035 20039 23113 6393 18252 13367 27167 800 3976 31650 12736 19347 20007 31131 19441 23639 9974 15603 17783 5196 12442 21013 3889 29861 27509 18243 7004 2220 30814 18503 18400 1697 8130 26662 7928 23999 20849 11173 32065 21048 20700 21552 14430 18646 22050 24743 5630 1905 12971 7664 16526 13023 22528 9989 3917 22316 390 27808 19953 17512 23695 32595 28811 12125 21904 22537 11824 1828 19563 28080 6979 20919 19391 14581 2920 5690 28418 13805 22773 32073 28628 4467 3334 419 32409 15985 1028 22457 28137 13671 14508 14902 23968 4582 28496 1718 6607 20468 26479 13326 20800 14491 3807 11375 2941 18107 29220 1580 18734 705 24596 8257 30026 18701 21621 18750 3884 14622 20803 293 13656 17925 31995 14964 28126 32046 24855 30807 22747 28791 30222 16839 25684 20124 459 27435 29307 29866 6013 25921 2927 25904 5267 13994 10360 27702 28360 32525 5629 24973 16236 5271 19425 14239 8980 9590 7926 10554 4814 13133 4890 13299 11271 27698 5763 25404 11601 15780 15275 27369 10642 21787 26660 16765 20315 27003 2018 21228 9598 519 4984 25781 31728 28083 32581 
32743 21717 624 19138 22296 11636 12902 19663 15444 4834 14265 23800 16362 8785 25224 14003 3145 25967 6786 12357 4930 17937 15161 7292 27560 28562 8527 28896 14070 4199 19934 16338 18878 31680 9835 67 17754 21098 17142 29205 13662 17723 24534 12555 12279 24584 12502 3083 23361 20849 254 5732 28045 2678 32203 4715 18571 21102 16230 9419 7694 16414 30751 11527 28971 19519 6375 10318 20389 12643 5621 22953 15317 24712 13800 2108 23624 18414 17060 24579 2740 18677 23467 20410 2348 28291 19124 7390 13648 8667 26293 29657 20222 540 10649 20886 15609 18387 11850 2564 32432 31743 25444 30927 6539 10982 17808 29782 2829 6443 7047 6683 6852 22259 20425 21343 6928 17602 17501 2510 7914 31047 8123 18944 140 200 21082 22769 11941 14146 3743 26007 11502 5784 23989 10254 1699 7704 7700 12545 29907 11351 2643 29604 12902 26973 26193 6206 5243 19641 14705 10112 1227 2157 13767 13164 30230 7374 12012 19728 6079 24770 12516 17323 1220 10814 6874 9343 26276 19043 2206 21475 19974 18092 25598 6471 4637 24764 4764 27783 5793 2969 21541 17442 3818 9770 7238 1284 924 31451 11737 29706 11756 23447 1707 11127 18906 2395 22177 19061 2857 21327 4709 31488 11907 4267 2000 4212 6355 28162 7644 12873 22985 19991 11631 173 3354 27272 26312 4025 128 23736 4856 23498 27165 20132 15254 30755 32467 24264 18163 29064 7170 23815 30483 28602 5659 404 31686 27558 21686 28838 11555 11567 28893 7769 12262 15514 951 7766 18641 10810 20595 24296 23273 11341 8058 31839 18670 30546 3398 16727 6890 507 27408 28215 11367 28425 5161 8268 25979 20020 3978 32392 8944 17149 24913 31239 3953 11350 26763 20069 18304 9169 32674 21702 5118 12885 26111 9684 24001 14772 15610 782 21211 14602 14308 11094 14206 5758 
4846 12346 7940 8372 22396 19131 29104 28804 30865 11143 20329 11507 27814 29348 11206 14961 20468 22719 20171 19000 17513 23971 18500 18241 11411 10934 18953 10279 6759 8466 14221 1924 27164 12187 16985 3211 3067 24922 10798 10231 17628 11304 11384 3392 22363 17851 18858 21470 23062 1215 13511 8222 6828 30404 1869 32592 19274 20523 24933 16007 19137 7345 21496 10020 29808 31341 30262 6751 25108 4538 14992 4938 7908 28467 18782 6208 22369 20646 13641 29301 19108 4669 10989 29686 15397 30183 19738 15889 14209 21957 8265 464 5230 31348 17451 17515 12060 26713 17543 6901 11250 32013 31718 26673 30836 22739 4019 9158 187 30474 28431 16061 6765 2799 1981 4522 16971 20063 25077 9533 20374 18975 28810 16297 17644 3201 10303 10852 16990 1972 25703 16587 8639 10144 3768 25624 12541 22018 21691 32140 6062 20980 30702 11972 23111 9535 24395 24118 23661 31647 14697 20515 28318 12444 22690 22499 24515 24998 28147 10335 10995 24638 15118 3773 29651 10104 30841 17631 3559 22591 5046 18346 4593 5572 29018 19186 11512 4958 14428 26010 25114 31707 29790 14276 4696 27678 30458 17488 10127 17764 12713 8804 23307 29261 1563 27789 4884 32609 26131 4329 9094 11914 30397 31285 8793 26726 26656 32758 14914 14134 15887 32084 2812 15841 4900 30243 22824 22250 21367 22274 1948 26694 18026 25590 28962 19259 28950 19400 8222 16402 9558 3304 14289 19031 29099 25735 15937 19912 17343 9838 12952 22726 26635 1754 22259 25664 551 18223 30966 23431 26740 2822 29324 6074 1080 5204 17821 5449 25411 2693 15967 27200 7926 11553 29600 27982 12920 18281 8678 25917 9029 6937 9467 26960 15682 18406 4112 31240 18826 15565 9997 4111 4739 16231 20269 17634 31391 30339 22588 22390 26201 2449 7141 29303 29085 21032 22773 13052 11364 15476 
3140 9212 21075 5138 13507 25483 25541 12087 29187 16824 16184 32234 2061 24021 3190 22154 23615 26055 3822 16785 27233 1841 28249 9735 18116 3267 27604 1901 6600 30341 29565 23816 30216 26128 29887 12972 26838 16479 16710 16186 7230 30528 9191 27095 10727 23164 23863 31537 31122 23705 20054 27616 3405 13259 11597 18118 23878 21480 6523 9798 24155 2627 15292 31289 13526 24611 25677 22862 13290 25917 19655 9567 4382 3904 1224 17233 12865 19080 18904 29889 4487 2073 16851 5313 31711 21942 27987 8889 1315 5248 6359 16038 15035 25698 15071 14060 3987 21609 21040 30156 11005 30422 26436 14797 10026 26338 15948 21132 15118 20806 7618 9355 21802 30235 3956 28462 4184 10565 13123 10553 26906 3059 8198 9869 4253 13685 9955 31866 21855 15592 2347 24252 29116 18382 3608 12634 15651 19958 6332 5280 5514 15437 13938 10263 17643 14744 23134 5630 17807 19790 3648 26405 12073 7245 999 2703 1368 20840 1718 758 16904 32277 28170 10874 15758 571 23211 3074 23874 20528 11205 4220 1728 8063 203 20421 14947 17334 18256 3553 13832 23905 23166 30919 12334 588 10049 28125 2841 32057 1111 16117 16485 10749 19969 19047 19445 3005 8323 29910 26152 11082 29713 2205 30957 3312 26153 6174 3873 19570 18947 16574 19 13584 19078 5806 1267 29642 2426 18078 31729 21685 27003 10936 15039 27335 6979 31938 28293 11697 27456 21849 18899 28814 12660 4362 21761 3257 1012 22646 30215 1937 6584 2396 22007 2602 6668 5505 18315 14189 22501 6692 21502 10891 22933 5859 3267 11710 21333 22713 31603 24928 18782 13791 29452 28199 12686 20479 21303 1469 9984 16568 31338 24561 21741 31263 19184 4781 27148 600 4544 20243 6762 817 14131 16577 1636 2164 4794 7278 5764 10575 4889 14211 10997 17242 31457 21375 1518 3780 
2380 16430 523 27142 686 32338 19668 32130 29694 1677 13534 8170 15889 7938 32272 2905 1721 29620 5965 23709 5179 27962 1712 15400 6289 15511 23698 25723 27518 17906 20731 16718 5899 27796 4058 29565 19343 11535 23518 24798 1138 32697 22959 11654 12917 9026 15245 26981 6138 7770 7980 30018 30334 4067 15174 688 2693 9325 14684 18274 17807 25694 9925 2736 7417 19126 10934 4732 6771 30099 22122 17871 9211 6453 25849 2601 9062 18266 28249 8453 8690 19354 17914 13970 23440 11059 16830 7262 1637 10305 28513 10480 20608 23299 26009 8933 4753 8265 5893 5400 23870 14361 2042 28511 32699 5992 495 14934 20900 13895 15026 21607 11408 19174 17097 18624 15346 20092 26621 29867 9022 11484 32285 20549 22316 13065 79 9111 7555 29348 13991 293 12643 4638 22765 10044 5418 29957 13180 17136 14789 4072 25822 2086 15138 25397 5031 667 1512 4899 19548 16670 27993 6036 16783 1886 18788 4411 25170 2823 24067 10431 2583 14385 3256 20805 14295 21475 24349 4012 23600 729 23672 5455 15081 27977 19250 16823 18553 23989 15680 31146 585 26405 1817 4157 10009 17210 15031 25633 28659 29668 14185 8969 12012 24527 5008 20932 7614 12265 31973 14602 1169 15536 3130 1986 26954 25218 4303 27080 30470 12166 8723 8453 11072 25703 20404 28356 9584 29272 10290 19583 29614 18775 22139 27829 5169 4608 18792 29807 5419 7415 31942 2822 14643 14866 18447 18191 4070 17237 6253 22483 4182 27814 7875 12030 29108 10450 4483 15791 17702 7265 5505 28863 15499 12680 44 8896 4015 805 7416 1059 13603 2242 11601 12175 10167 547 18572 4388 17036 9979 5812 1973 18714 9284 1878 10700 31818 27216 16184 27596 27509 20072 18740 14343 9405 1396 4065 18894 5524 11636 13430 334 6935 19625 29056 18918 28877 10166 
20617 4356 28656 23503 24279 19293 5071 32001 23019 16949 78 18226 27365 16747 19664 7709 24818 27131 8990 11339 6771 14642 2486 23187 8098 14330 27029 19050 6124 13611 22384 7378 20070 24796 28025 3120 6550 24055 21762 32452 15425 14354 11110 22537 16016 14966 11080 17415 9456 17620 20863 13884 14293 12284 27761 597 29584 13718 309 1956 11385 1602 31129 17067 22698 8657 14496 548 5205 15527 22079 9269 21101 9249 29138 8116 27219 24959 27594 25261 755 28009 25560 28489 18803 32708 12123 8089 18744 23257 3307 10010 26459 13401 25133 5875 13920 13229 14982 28643 7567 23414 29970 29342 14212 10777 7170 6724 7329 7318 14090 21376 6321 17890 8639 21406 13771 12087 29795 18752 10209 24308 12818 14951 26548 22600 22978 19957 4511 27969 5099 6538 22217 29835 19218 1812 27039 32578 13309 5444 14275 13560 32007 7933 1232 13056 20096 11905 2338 19564 29578 29869 3686 27676 9577 21255 14974 12097 26602 26992 26098 27453 1253 14720 16229 19232 29164 20160 31938 13890 29582 2078 11402 17496 9146 27760 26927 23736 31173 13800 1429 16193 3543 14135 11177 11432 21126 24480 2629 14062 26576 19340 2318 4328 31004 20800 12602 25598 29713 14999 4238 15438 19317 30522 18994 3976 22306 25213 29766 29930 20272 11671 10937 19555 26200 13353 27901 31455 15156 10202 18163 5222 32359 28147 31814 12043 15331 24326 7015 8046 32021 8645 26985 23517 31771 6656 7709 9691 19788 14484 29152 31490 7501 1907 32201 22790 27663 11660 5080 15593 26427 20404 8143 6154 7863 1415 12571 15159 9913 533 13520 19207 30062 23986 14654 32377 3923 26596 19258 26722 21299 22975 8480 10073 23764 29571 12437 16922 26115 7935 32089 27647 16830 19075 28991 30947 25503 21165 571 12343 23894 27603 1103 10172 5408 20115 11822 7186 11722 26867 
26751 26009 11602 20956 9136 14981 25382 22284 16140 22980 6911 8554 24139 18986 5128 5422 26866 21787 1823 25046 4642 20135 24630 14236 29929 26549 16532 12468 14900 24228 21593 18874 5533 24361 27519 9231 20646 19823 18069 2121 16745 22865 23012 16127 21417 30042 27049 16632 23510 15399 6791 29453 28430 25594 24229 16360 15267 25891 30230 8180 30501 2929 28650 21335 3047 8351 24228 2436 27311 15466 17138 14101 27609 4000 3244 23131 14326 10037 3338 18620 10173 13328 28105 8801 7208 25515 22568 27527 15046 2816 32302 17828 18831 20038 2063 9819 19483 6080 13149 1559 9774 3177 5575 15182 18319 11242 14747 20536 3789 8510 7659 17288 31400 24036 28222 17815 14078 17074 1737 5595 31865 19682 30812 6297 1705 28704 7970 23299 10423 5007 19605 9184 22333 11269 29486 20966 8091 8642 14033 13075 5801 6773 6312 27344 20664 21886 2723 2062 16283 28244 15927 17825 763 29102 28270 31181 20496 10566 772 21954 23387 20622 16766 5869 23875 15060 17302 7485 1609 13350 20620 10656 26052 28423 4007 16535 16562 8273 16088 8634 23304 8308 10075 23451 23628 19346 2679 7705 12576 10501 2159 24249 14559 29416 25427 3468 29680 1209 25986 5352 21386 20692 14895 226 12240 31397 27165 10190 6263 9749 28291 12589 27199 9324 30735 20248 12806 347 32691 3200 8429 15355 1929 13541 27840 4878 15455 15176 30533 17325 13970 11672 30362 7319 4449 27751 31920 27807 19909 13127 24652 2646 26586 6790 21902 27942 12826 20602 29026 6243 3905 13606 27453 26769 9912 19835 20794 1691 17693 27407 30058 20651 11163 32407 3269 28528 17029 21655 18001 17562 790 18669 4127 25621 31007 9541 17712 29297 15028 30266 16876 7609 4414 30074 6777 30715 12187 6040 8993 25898 22795 17722 4420 29805 5827 20215 27697 17547 5908 13484 
27940 8495 15753 22998 12591 8511 23814 22374 16123 11930 30250 1041 20405 19219 16988 32550 6353 1590 3351 24852 28679 8575 7517 13238 32317 12960 31527 3964 6862 5041 15399 18534 19086 11658 8244 19106 13013 15551 5858 677 3578 11666 16992 12644 27113 25923 4778 23503 26392 22355 32659 10602 14424 5766 8690 6334 28170 12229 8262 7107 14172 7774 9452 7792 22379 14107 8446 4550 32162 448 31901 16227 17626 30555 1023 16793 14743 9772 5202 16704 11024 23126 28651 6779 14316 3714 22461 30148 11896 18006 8767 18207 6184 8068 28849 7554 12112 305 3030 8643 23674 3268 11133 7416 25006 8953 11514 11126 15750 8938 20955 13090 17334 24191 19147 9500 12031 15429 12711 122 3045 30824 1803 28229 15955 579 7588 27029 12974 31543 24662 13713 24016 17023 19464 7110 27509 12803 25619 11778 5935 26401 22622 7269 880 4327 26844 26062 20851 15213 8182 4893 13527 15407 14908 14886 9066 8373 22085 8207 6465 18257 17877 7792 754 30382 2884 4834 30542 796 1261 24796 18268 32320 1182 30241 12777 5119 31037 15028 7192 7062 14086 28737 9440 23952 20089 5157 15988 2711 10228 19466 29860 2165 5260 12904 10730 22771 1347 8921 20563 8361 8563 21134 30797 27701 26740 28297 22336 13469 19795 13076 31900 12216 30238 20897 16990 16379 42 16670 14447 2260 7779 30119 32603 22687 8480 12567 24159 27641 19835 9254 15686 23722 25885 2882 8012 26725 30079 3080 31130 17901 31267 1199 16253 6362 15693 31477 24282 8864 19585 4577 12350 8862 28144 14113 1101 31964 11206 1481 8416 29732 25973 24316 8969 18819 26310 8258 30438 29343 8160 24009 24363 31932 20875 12663 1812 7549 17049 1469 14585 15288 8095 9406 17200 27651 16049 898 30740 10630 25378 12996 21996 23111 29443 19389 4754 9058 21829 6299 
5589 28349 5969 20711 16349 3365 13520 10259 29319 31855 28723 29843 13112 18590 30856 6764 25975 23986 20191 3046 32443 12145 10123 22991 32586 24722 18223 15151 24995 21244 30229 18092 1805 12294 27836 15171 1673 20275 20700 15344 8253 31237 2702 10623 23066 22510 7861 14516 17389 3108 14011 22488 12167 12998 1317 28549 26694 4664 9203 6323 16919 22929 28299 31508 6260 28422 24244 24815 7996 14711 824 16337 24047 24398 25782 26257 25230 31584 28953 22689 13241 29941 8138 7901 13582 9671 13 32533 19503 8095 22303 32146 5457 13604 2796 30876 31344 20292 4158 16763 6706 11699 18500 7691 5644 5816 14061 4329 18660 29366 12684 12848 5080 23807 13954 6329 4159 25542 2119 21262 2219 8685 30875 18408 21054 24994 22602 6229 5216 21387 16279 10285 24052 7125 4592 17307 2463 18817 24968 13006 28121 7108 10602 11128 2006 2254 31462 2432 15275 255 10439 10809 11860 30057 2797 25632 23963 31397 7249 15554 27324 32223 17445 21537 32681 15440 14094 16166 6899 17129 22726 27189 11075 28716 23762 25021 2305 6830 25675 20797 23554 13726 3276 8260 29636 7747 28525 4396 14906 5208 7272 5214 29627 23043 19940 29711 9502 1758 24038 12215 8584 13338 27161 9164 4126 16322 25444 14655 21878 29678 215 16093 2691 12084 30772 3750 14674 12043 3082 17251 31867 5437 10587 6167 25605 5215 31059 15884 14971 802 6722 23000 24882 518 11459 23256 8973 1254 16888 31068 17198 22459 11719 30028 3937 24641 27552 19536 27217 27197 18408 31695 18396 12088 27946 12475 9100 3585 14593 10314 8461 1093 15580 8217 17317 29479 25420 1391 16567 1939 6748 21089 31124 23426 26851 23312 944 31771 18157 21898 27881 19615 4212 21059 10947 22176 8424 14185 9771 10286 8903 11481 6605 11862 4274 18713 30151 27885 28724 19342 
2690 11624 9647 27757 23648 697 3974 925 8810 5541 7500 4861 24705 1147 22480 3842 7919 7229 6109 32759 25409 26126 20669 21919 31392 22898 12504 15292 29608 31227 13943 24685 2369 28845 16722 14192 6580 22738 14865 3999 2172 18590 12147 12996 19751 19443 4445 32159 19332 26936 7135 14974 4977 16871 13981 5259 7442 6286 30285 7616 26095 21528 7249 6401 21774 15214 24859 18705 16413 12357 18270 10168 15365 606 18244 21351 12674 5382 26968 5354 25980 1997 11594 3616 2383 29536 1809 15219 30303 22706 28382 3395 20338 11123 7428 81 18823 9043 30698 18765 1769 12674 30408 16079 13985 14657 15867 19830 18693 6891 23644 21317 21443 29210 31685 32048 8034 19414 15079 32705 11980 12621 15808 27011 17032 24429 20474 16185 14007 15690 29935 8625 21320 13599 26923 12416 32562 13439 7342 4766 24759 23118 30216 6733 7654 18431 9882 5191 3423 28340 8616 22220 21806 10796 28794 28149 14044 29796 8156 2921 9738 15245 20064 22098 18595 17983 19853 23628 7198 18460 648 27521 12127 9877 4322 31936 15222 17631 30857 26261 20641 1940 15430 22999 10018 10911 4612 8562 5745 23368 3681 8039 4380 6325 13495 23841 831 23378 29190 24162 1423 678 27680 10135 6626 22405 27971 30937 726 3475 14579 11229 7700 4209 15988 7373 13442 5980 14913 14048 1731 14143 29213 20827 16115 10385 12796 26553 22330 14034 18996 30198 25104 23099 22475 402 29450 19492 22838 22392 17252 246 27705 29581 25406 19926 23160 3369 26839 8743 22323 29953 8149 6179 30796 15579 619 3279 24764 24858 9635 24931 32749 26650 17599 8007 6982 16820 7719 19689 8965 26254 2001 18153 13579 7695 19031 7458 24565 9479 26080 2844 18411 18564 26991 31246 22653 9610 25519 29476 31524 11260 31836 32370 27741 24434 7959 1370 18220 14313 
9189 24504 29904 18949 8217 23373 22374 989 17998 27173 777 29496 8542 7406 5985 24887 2644 23171 5209 22433 1231 12202 4521 10307 21468 7865 17291 11391 4914 5271 7256 6611 22763 22713 13863 14182 10035 3906 13292 5020 2302 31644 29670 11083 14921 6514 27194 3047 7383 23230 7821 27051 29563 14504 267 25611 19226 6155 24393 21416 20458 25643 27609 12077 22001 15840 22032 16116 5062 3536 26255 2996 22907 8136 31746 2457 15503 14324 3500 25926 1797 30615 25875 9495 28667 20809 20219 6880 15313 16835 31055 20853 28955 20101 17299 32490 18493 19218 12295 20904 5536 8994 26735 30405 29084 1851 5 19241 3106 4333 14346 14944 16892 15817 1722 27404 26205 2761 24320 16979 4211 7854 29288 1293 24167 19772 13242 2072 29975 17474 8417 22793 18684 17830 28818 965 4188 5490 15024 16727 13839 13060 19022 18801 6466 29760 5984 13182 6523 13923 5352 17990 15138 14896 29100 26746 9107 18959 12900 21499 10189 32094 26730 3342 1209 25718 2621 12909 2391 10622 12437 2324 7798 25647 30241 24946 17195 15323 1760 12905 22178 6086 20980 27289 4092 24558 11625 25654 756 20425 16581 11484 20847 1485 596 16358 20141 16208 11684 12923 31424 20443 11845 20516 16594 24672 21432 21575 12549 238 32080 22260 7540 147 17387 19291 1616 3124 8665 25009 3593 28656 3186 21950 26528 7118 10584 23059 31118 11802 22712 23605 13907 5197 28557 1513 6297 21158 9370 15310 17079 24986 10290 18811 15615 4357 32073 7812 8372 26914 15599 5388 16646 32087 32011 31147 29712 16106 16576 20829 5163 25943 11846 29797 6905 2679 19444 12425 11781 2364 26875 22904 15101 14603 23287 22980 2532 30028 25651 12098 5466 6616 13683 7995 28939 25068 32566 9278 19349 2868 30084 15553 5050 12233 18436 14528 25732 9520 12902 26764 
26365 28698 11256 9776 14980 2603 22143 28724 25179 9937 18233 32556 5841 23371 7517 15564 26290 28996 22390 13047 17439 23293 8983 1554 14561 4686 13785 4329 881 28098 14361 17177 9578 23990 11753 5588 4902 14713 8630 30544 7811 8314 31824 10132 6774 479 6596 14152 12583 19210 8485 22464 21827 18719 8711 14248 2068 4819 30737 23226 8061 7500 15756 31905 19200 384 5649 6413 28966 1379 13747 4303 10499 16722 7464 10458 11281 11436 14895 20692 5768 8812 6791 11675 29011 9362 15170 23932 20323 7942 31404 15339 3538 3197 23047 24530 28212 5836 4743 28620 25794 28234 16574 25214 9297 18595 23009 18797 24956 9615 32003 15573 26946 20536 24004 20817 17670 19168 20426 11721 16703 28375 408 31435 27370 31472 20294 22357 20792 2072 22078 10672 19339 14915 15510 9179 1025 32378 17469 23089 11187 23246 5695 27561 22272 59 13284 28331 27972 9010 26655 8739 6033 15970 31625 28590 14312 13016 4850 27412 18881 29347 15663 692 2998 8153 5270 12756 18412 16487 14343 23017 9366 9427 17687 31251 3975 16733 8165 21069 14900 275 256 24416 12065 6405 27961 24139 31991 14172 27602 25412 21301 141 1875 3887 6496 17637 12832 17747 997 30215 24514 5656 21120 26547 28304 22138 8615 5908 28060 29672 16643 19614 10904 18280 9541 8977 16392 29664 18885 10702 24341 22891 5513 1617 27018 20326 13083 24419 29362 12807 1143 20022 17233 28330 8687 3309 3329 29327 25973 28665 4402 2797 7840 18499 1115 18082 17396 16628 2952 13414 31505 27376 19294 5439 13715 18885 2933 16869 13080 29971 1323 2373 8778 17566 25655 21399 20852 9563 27057 26967 7519 2691 27466 1049 11298 3526 18416 12563 10413 32446 2404 31006 1284 22471 26654 20102 25644 16549 19372 27066 9004 27993 60 31045 10894 26740 28253 6756 
4256 22370 30671 6860 27525 18628 16655 19739 19125 21105 8933 364 31480 12733 30310 2956 24851 32115 4665 11558 18095 21704 31124 22029 11447 22956 18840 32185 6126 9731 7830 28569 21182 32222 15416 5496 119 21807 19333 9200 20698 14751 17794 17583 4603 26103 10422 20039 9602 3976 29131 22161 10857 6505 1843 27699 10617 17057 3481 14510 18700 549 13308 13936 25169 18399 11706 3009 2188 26703 27243 6854 16158 5606 23928 28670 23081 28018 5190 1116 26671 15835 5613 4011 9445 21230 21178 28353 1166 16918 16144 13272 22941 29096 8689 25594 16928 24917 15667 25826 12177 27828 23357 22037 22091 11413 11814 29328 29550 18137 18038 16585 27061 5541 19547 31726 14262 15664 2668 32089 32704 16400 2973 14636 22324 28032 19887 8839 5673 920 3920 4820 2024 17629 2084 27667 5687 2997 5794 24791 25997 4027 11245 19411 10676 22405 30454 20245 11216 19155 373 8208 7877 16025 15828 31247 30246 17352 27949 11747 24082 20732 20565 3489 5252 15031 50 9530 12145 25533 11375 3710 12748 21654 30693 23814 25408 32333 4061 18253 11182 7680 12263 11140 8161 13889 4497 17208 13611 20496 3148 13459 22792 16321 14296 24592 25058 15216 24650 22180 22860 29701 10470 12836 8711 9077 27224 12976 8362 19309 14778 7977 22680 20697 14853 30903 11109 26894 14653 7861 23418 32666 15607 18272 27168 9331 28932 3649 3177 29966 5686 18333 8725 2319 23500 659 5519 273 26973 13603 28360 14736 4192 16155 16421 15691 19585 13268 1162 4920 6261 92 14656 26580 5562 22301 19497 1398 5510 9124 15541 9423 31662 29046 21393 311 18455 27002 9135 31102 23212 1408 8985 11516 27321 12034 20306 7542 1697 29749 32120 32751 10294 2408 27162 8505 21924 29604 14233 16283 2030 23720 21573 7887 29075 18017 25485 23271 29043 6225 
8502 8802 28299 20334 30871 9648 26774 17363 29738 30216 21304 457 7576 15909 9803 14422 17223 27094 12648 19584 1568 3636 21647 26626 16842 12542 14935 18926 12830 32513 32204 22220 27043 2737 10690 31 4686 590 1891 17652 24246 5133 15008 9384 24881 26112 2232 9498 29829 6195 30012 32705 5356 2870 16507 4291 31345 13535 7031 11097 15109 28673 4403 28275 14589 1644 31658 11829 1381 7984 14538 21638 24388 38 4531 21733 23235 13860 16219 23008 10340 3685 14206 6719 18156 21403 20432 5661 22394 17782 3704 8603 2682 18668 5682 20569 2462 9835 10876 27773 5162 3223 514 21357 13475 20012 12000 5854 22871 23425 7228 20342 15573 30306 597 4460 23474 15370 3387 31301 27047 10185 20563 26696 12501 26076 26088 25500 24830 13827 14476 26184 30062 29559 31159 16851 11995 31762 9204 1287 6167 30781 7504 10132 1336 1009 20446 5596 2383 27390 20132 28039 23205 32695 21038 15491 31117 9888 6645 31127 351 24253 495 14833 8813 14628 18970 5830 32563 4896 10297 10611 13672 15266 5849 1694 16584 10356 31317 14652 26257 8644 1040 24141 29274 9949 17427 10201 30549 22182 15923 20120 30223 15410 17920 16311 13924 10766 9689 27120 16908 31675 19268 5295 32060 613 20218 7601 7592 17173 8081 9054 13621 6812 31549 30852 30400 24480 26502 847 23090 15927 18693 24040 16028 18639 27495 10611 8764 30736 19068 21494 7280 102 22204 5948 19246 23135 24581 20816 31109 31329 8120 25169 11749 8290 7564 5459 2287 20847 26858 18014 4711 20802 1255 8625 8485 8454 26257 9540 19912 31436 31885 15814 15577 14803 10117 1588 1415 11608 4879 11612 13503 31914 4908 21840 247 16349 2210 10526 26768 10692 20334 21701 11190 630 31057 14955 24698 7316 17831 27894 10597 15861 20412 6340 4082 23119 3709 3387 
15161 16055 25130 19052 5602 25260 7153 20352 13508 2155 12338 21541 28701 14237 1631 12829 28217 29290 4649 2817 23375 10664 26584 193 12971 14106 10497 1625 3098 4948 22062 13474 2424 3080 28857 15353 15492 14979 5612 27920 5205 28620 5147 46 4412 11230 2692 2364 2690 22685 6275 22092 2055 19413 8979 8515 27062 17408 23435 2809 19869 9429 4802 12206 10768 14908 5624 189 25544 8329 12142 30884 12354 18992 6654 30137 10920 8765 13408 12691 7515 17031 477 5590 29378 4798 18300 722 21229 21575 20392 9857 1927 3841 21962 9015 4925 10170 29774 937 9029 25241 3697 5057 11770 10957 25594 19878 25742 31774 5326 5888 28963 23047 30611 9368 27181 29264 19364 25233 18345 8700 12502 6835 15673 14370 1212 16573 5435 26234 837 7428 25896 25926 636 25263 16590 1631 13602 29687 26536 30799 23410 22529 2248 14197 18163 6447 5443 10770 2984 22960 26663 17939 19935 23362 7129 14162 28373 14947 13691 25605 4179 12920 10350 17214 12578 20015 18264 16520 8229 1083 31119 13960 5639 6736 21525 12850 24304 9103 1044 18883 16334 30561 22993 3386 6842 22645 20712 22524 19311 18475 12213 32335 13735 16462 26086 15624 21365 19587 6287 798 8648 6380 31583 25665 1691 7345 22925 29419 6124 6782 26719 20709 20691 27994 20843 4383 11791 14435 15608 18908 13246 31021 13298 26633 7715 7340 29956 18761 30799 22074 2926 10749 26843 16703 6764 25139 30314 1705 2063 8019 3090 18424 32453 3079 8694 10184 18989 32440 997 19568 28500 24816 30614 27678 23373 12972 21424 27530 4467 21591 4 25116 31923 27901 7442 30656 24052 6389 4588 1908 31967 172 14309 30902 26876 6496 24324 10701 10756 3247 16111 9663 5037 16518 28287 20846 30456 26288 30805 7757 9299 29558 19415 7383 32763 7644 8412 20034 
18836 16913 28415 23992 19840 26579 15085 13086 14651 28182 1197 14187 18855 12236 8894 15513 3974 28869 12154 10179 26858 27232 10527 21926 12583 9453 12376 19182 11710 31641 16013 5801 20109 3144 23632 25102 22213 5338 25513 30263 7592 22932 27650 28143 4686 21396 14514 17532 23417 11238 31775 11904 16440 25989 31528 27483 18279 9022 15962 7568 15282 30058 24817 23407 710 5704 7020 29942 27086 22302 11199 7860 10707 10111 771 20373 16762 31245 13410 8323 31418 2404 28151 11408 17339 20531 19645 16887 17791 11309 30557 5917 12874 20096 748 11662 28235 28230 9808 28261 8596 10080 483 4736 32175 18692 5690 861 28093 5010 9513 15030 16888 31429 27847 27699 21086 14202 23703 23008 3057 26759 7309 24465 1989 19157 10414 153 16338 5466 31361 30310 29047 621 22624 961 7744 27488 10310 6477 26418 13316 30029 21089 21977 19161 14838 22238 19502 837 19551 12246 5523 2421 10626 24572 2669 26672 25930 2261 12228 9995 13991 22904 21172 4601 15343 22857 23615 25934 32759 3447 32384 13968 29127 19597 2124 20005 7301 2838 30467 16267 32310 29957 171 8218 1784 21159 26004 20179 22242 2855 11701 23347 24714 10840 31849 8558 17841 23860 27120 29043 9061 26613 16543 29190 10902 7959 25311 21794 26850 6307 3430 26561 28380 1323 22593 32644 20155 11850 30936 22815 22311 11814 21642 26217 22986 8845 30853 20472 12148 27749 13684 3659 25247 3149 27455 30609 8345 5811 19988 20829 6202 22218 20472 25680 14589 25431 25467 29221 496 12997 3325 30495 30968 1935 121 16919 8618 74 8146 8335 23378 13668 18352 8304 9675 31221 7736 21542 12511 31657 8146 29705 16753 11012 27008 14841 16546 9099 9128 13197 31336 7573 28017 23871 18759 3954 9451 14263 5069 1418 1309 4821 1979 25531 18790 17922 6809 28931 
20972 11507 17033 22809 20727 10268 23042 25142 9281 10018 16906 20839 13112 3521 31262 30882 23721 23061 17911 20113 31432 19699 11912 32425 15404 24379 27761 6105 3566 915 15830 19530 18788 10980 25293 29347 30711 32753 29251 24515 29442 22507 21371 12654 717 26565 2423 25617 28436 32069 17025 22262 4859 929 13545 8069 17030 15833 11269 4522 28734 11002 6299 7272 19711 2351 25514 19163 32753 15110 9844 11291 7544 8065 3059 27320 8087 2782 12842 12732 15697 20360 20777 5345 10761 3679 20352 19321 5091 29623 4971 24110 29922 12027 11494 8213 31821 16388 27562 32626 15717 32363 14826 9153 27456 9619 6734 32370 8163 16971 7558 29034 4924 1225 29504 17416 8667 10775 2328 25990 30159 6109 13906 22365 11745 32294 5868 20437 18217 9283 30728 25883 20089 16568 17640 27179 21014 32665 31738 16747 19295 22930 15235 27827 31679 18254 14776 13275 6389 6769 27583 27213 3310 12128 4379 24090 32331 5464 2884 5938 6092 1582 2371 12706 7746 12480 19152 12102 10813 32564 28327 11917 19292 14564 32476 5154 5797 16854 12863 20516 23784 14685 1253 31016 30076 8541 25537 10809 4779 19068 27809 15503 21599 4135 30408 15255 6542 9764 13153 13852 8500 24668 9482 23970 10012 261 6355 26086 10836 28646 28587 17996 28493 6150 2743 22043 29775 3981 9533 2144 15624 1570 17969 3528 13448 13581 30527 29433 11273 9912 24612 6687 28286 6029 20208 21969 20110 8893 6991 5228 7607 3179 3577 6656 14153 748 31450 17270 14721 781 9294 23709 17646 26807 19047 32653 20208 11893 24259 19382 18270 7715 27812 3112 22830 26530 27100 26532 13496 20757 25190 30932 16387 12874 27197 25602 6047 20147 22029 3577 24675 11828 26230 21874 25968 10540 12634 8859 16671 15033 31719 18419 26023 1339 20494 10234 13602 19667 25887 12123 
21332 2963 15360 603 8134 1179 23334 32508 12131 20069 24372 1994 28678 17155 10758 20188 31076 6186 12605 16080 12331 22327 25719 7994 18921 3379 24523 25064 24040 31273 28522 15115 10853 18839 30764 9668 26382 29201 24579 17989 7837 3254 19897 7126 21033 6827 15318 14674 26800 21117 8005 15506 1662 25808 31500 19283 1726 29796 11275 2008 6393 2127 4155 14193 2493 18569 11853 14918 9807 29680 9768 29671 32135 13358 1671 28246 15116 18460 28872 19186 15928 17900 27665 13027 209 16613 17967 27102 31153 13875 32387 7193 13967 25056 12473 18275 23870 16579 31442 26054 12311 4127 18041 11559 13833 10958 8594 28164 30844 8379 28702 15703 10823 4494 30596 16649 12014 26246 19745 2196 10982 17435 26603 19538 335 16153 12857 124 25923 24453 13276 14819 15961 1832 9662 555 19683 19430 353 31388 6566 14578 24770 11613 27358 32196 1043 13354 31161 20264 7216 20334 5969 14197 17236 31359 31239 15957 12770 7984 12710 18311 28118 12175 11143 26204 5235 21853 25846 12151 31368 27424 17982 30540 18187 3430 7182 28919 1212 5522 18881 14855 4417 16105 16385 20400 11732 9000 5928 26202 22324 17137 16424 24375 368 1889 24942 10349 3136 18433 7631 28380 4444 2648 20545 12007 8682 27083 2288 1446 21565 10100 1124 21526 10927 23420 20593 23829 29771 22217 20170 20833 4669 943 21666 9766 1394 14547 29702 17362 12357 28994 8360 13061 23551 18811 5032 30111 13725 11526 4353 7943 3664 18055 17301 4445 22659 11848 22891 18400 24455 7576 29419 28849 6933 16300 8526 10979 29250 10105 27974 6811 3287 5822 11532 10759 23556 32056 9739 8023 10229 21703 18483 6938 32356 12929 16138 4976 8123 9337 28067 31392 27285 27727 29145 14293 31657 13688 25793 12865 22804 27363 12168 16145 6741 3099 11723 26017 23504 4245 
27296 26605 7558 6501 14077 827 28830 5318 24856 21928 20572 21591 7932 4222 23921 22150 27366 17871 22880 21574 12540 5159 3286 7844 16387 24820 17735 8850 13808 14532 24184 17703 9919 30386 22739 20139 7980 20941 28813 29465 2926 9425 21600 29585 8128 8460 15096 16350 13246 9095 12731 11166 20677 286 13315 20159 22005 6680 24555 20305 28716 28278 21107 16712 24538 31369 18130 2826 5702 14645 25781 1544 1072 16003 11851 18142 13847 14878 20098 7265 24949 25315 12219 27427 4126 21403 18047 3540 3750 27584 17723 30369 10917 21905 25951 21809 17211 13103 15879 25849 10362 19094 10430 27588 29130 2864 27980 13667 946 906 17840 31377 30959 26577 28623 16289 17687 29505 8887 1317 3559 20500 21859 29869 3850 11492 11066 25294 17946 25821 7643 2253 32536 11544 21415 6557 2129 22469 12789 3167 25379 19980 12927 29413 32155 28252 22153 22446 28746 20623 29539 27258 2583 633 14428 25707 27403 17506 13517 2100 4511 23489 11103 6439 10584 24242 19064 28252 3267 2337 112 20766 2465 24597 18270 24615 20349 20573 10126 21074 20789 10706 19686 10508 22467 29869 10027 20299 8028 11737 7134 10250 31216 21499 23264 8503 10905 7159 9639 2387 32067 10185 12707 17034 27885 9730 14376 24807 31105 3816 12645 5127 15966 16673 3435 4156 6339 23815 23521 20035 29360 13420 13629 31736 29998 11762 3611 31962 28672 19397 7480 8254 28202 24384 12121 8347 9182 8158 17793 27600 1995 2152 24196 22540 21669 29075 14819 13614 10096 7957 26657 3096 5520 6190 6248 26502 18295 17701 30763 22233 11872 27981 27731 13594 30110 24864 29571 14390 10211 6805 3242 14995 23717 32262 1537 31600 4415 32372 5018 7996 4326 583 9494 23138 24234 849 25484 24519 6 30799 25499 2832 26689 24109 12338 8462 13605 23262 22703 17784 
10175 16209 4537 10758 29123 7563 17623 11561 21661 7017 11925 28556 12382 24965 11995 15615 1428 26046 5069 32526 20991 13363 13675 12228 13440 11389 28951 19494 29063 30374 16653 20693 31969 3313 23330 5924 6872 5697 9276 25677 12433 4487 25253 31252 15594 5019 30228 25105 14398 10214 15634 7987 3059 15147 21231 22152 13312 28668 14833 21978 29588 18444 2750 18178 15478 2911 25176 24945 21599 13425 6423 4428 4655 832 7114 9544 14970 5384 28109 2136 32752 110 10323 9497 5962 29452 14827 28536 15170 14221 10642 7625 24129 20834 13024 21894 765 2292 28537 29933 19819 21288 10639 7218 21849 27581 29183 15288 7198 16558 23376 29388 16867 6534 786 31366 32618 8949 13898 18191 25811 556 8963 8127 29924 19979 7325 25166 23981 963 26671 30353 21606 6156 19193 6113 10561 2005 27370 31996 20444 14860 10104 18914 24679 12641 23094 7784 19227 21387 10168 29487 7566 27829 8210 17485 31950 13893 10087 2707 11163 12469 15300 24408 13442 24389 18117 32484 26950 5008 19935 20024 31769 14094 10826 25240 24181 27250 22234 30917 23412 20937 19774 28912 26087 24559 25562 32139 9728 23185 25851 30160 28473 19696 21470 14716 22668 11275 11690 2286 25133 25437 12722 4497 1709 539 9846 25303 25104 31971 26301 12722 1596 177 17181 27663 22322 14398 2876 13741 13769 18482 24223 26463 20006 21531 3688 6109 6829 19716 6444 31484 4198 22036 13877 17836 12434 32692 975 12376 21855 19640 19588 18517 25808 18646 3943 28616 14690 31492 18687 23661 28258 1360 2859 23540 8206 24386 7675 32766 7698 26 10961 12129 17987 1278 31130 28980 31260 15369 13349 12321 14668 32567 31564 22454 11929 14452 19289 21862 13760 19367 22685 29982 19865 29815 26072 10732 11697 17998 24451 3002 20046 1276 2788 15840 16137 28304 26090 5643 
1983 29539 19502 22053 19372 30771 15568 28385 9766 17014 17709 21886 14983 29414 30513 1306 6259 30176 5354 29190 3128 15995 6315 12220 28584 21474 5020 11745 21096 6082 23705 14799 23165 27229 5068 11273 31190 20789 22692 15030 32068 11396 20390 5318 7791 3401 10261 32651 29409 13281 26782 9840 31628 5594 24626 7001 13780 21915 7559 6990 10559 25780 21893 7820 21118 13000 20765 10041 8135 10992 21725 20826 8618 2650 19656 30919 1788 555 15458 23786 32552 9286 25623 6177 23261 12827 11369 18226 10108 28370 6476 9665 11094 2048 30294 19714 24499 7126 9058 16395 15534 8400 28281 1118 407 1973 10033 2266 27306 3593 18483 17645 8131 17972 10211 3186 2949 31512 19159 32753 2306 32276 31427 30603 16185 10423 27203 32127 1552 17597 2322 13786 31289 15091 24477 17027 15809 16263 23854 15875 7325 29049 4392 16044 80 7295 27450 1710 2751 5745 14346 6717 26461 32246 31664 30828 17337 17182 18113 5091 20861 7740 3966 22828 27701 1976 21980 24488 14442 15191 32640 6482 19306 13954 10801 31179 25984 18126 19684 9525 25059 25047 7278 24642 23821 2119 28133 25187 17702 23662 638 9461 14128 30579 6375 17347 12355 469 17621 2314 9671 24814 22546 3031 28030 14251 19558 13370 3211 11104 19417 30644 23117 19157 24722 7535 9608 24934 30900 955 23561 20700 13924 14081 20644 24885 15184 5244 18101 6663 2099 12176 12397 13514 30032 614 32198 4835 21899 31985 25403 8679 20822 15703 30456 29919 32138 17354 24755 11759 20860 19722 20541 14737 2438 22058 19516 21558 22721 32654 1156 43 26682 17621 15209 16184 10812 8613 23467 32143 12690 13567 12994 5029 8905 25989 27107 21324 22006 23733 29817 12685 16748 18132 30365 6999 17835 22580 9771 13845 20533 27551 23492 9477 9926 30170 15911 31827 28084 400 
20392 23004 32412 13917 18394 26429 18721 17917 6284 30922 6382 22696 7020 10882 30205 1494 18588 108 20066 17873 27394 30273 13622 4882 14343 31999 9159 1444 4589 13828 17753 23648 12693 8061 23430 29307 18389 29283 7497 19176 30219 773 22712 11827 11280 1440 18656 20344 20302 1778 22114 30807 6049 28732 21257 10753 31688 7405 25358 5387 26272 26956 22925 26722 10026 10981 6338 29065 28270 564 14642 4680 15525 32537 31486 24627 14381 22349 1898 6764 25779 30509 202 8774 19373 26726 30831 11666 8321 22398 1314 25321 11727 2197 6258 1213 30239 27700 6996 17225 6347 27193 15840 20421 6693 8107 31183 13970 2528 25437 18716 22406 29762 14940 23353 8177 1296 16149 164 9772 16102 5020 2235 32303 21013 5320 21756 12531 20484 23566 1759 29278 1708 1596 470 20649 13209 21372 23686 12423 4802 16091 8349 30478 28502 9486 1703 25104 8289 19305 3895 8056 8522 25124 30399 9568 16029 7639 26611 25010 25044 14347 28867 1472 24407 28723 14151 4869 27288 26836 31362 10722 30900 23882 9178 11362 16679 5567 5649 7780 345 23067 31076 12434 17501 27711 17096 30783 21743 19834 13230 30139 30243 29798 29973 23474 27625 7774 27970 21601 7522 23997 26637 24042 26540 27745 30090 23520 16294 14275 6984 5043 22209 4080 5062 3059 29999 27638 25667 21659 21026 11366 22496 14576 25729 288 1488 6090 28613 7206 8289 30022 13004 25308 7785 29790 669 31821 31545 6234 9362 3714 23515 3013 5859 21597 28363 22874 17083 3519 25619 19280 4533 26628 9489 32610 5518 25322 10078 30536 30465 32377 24875 9722 5251 22331 6587 17366 11687 20297 15914 14364 28887 7802 28364 260 21154 15633 5106 16102 28866 559 14585 2632 26759 8399 23975 9566 8373 22319 20234 27194 9189 4916 31635 18301 16535 23311 18270 11815 
10798 21893 28336 9873 22471 15379 28320 25389 7943 22123 12109 24826 22152 25560 19331 10747 20687 3436 27898 25115 13353 359 30296 8394 6847 10187 21753 20715 1028 32377 20071 26766 23684 32190 26106 26055 18919 25674 9775 16091 23824 14536 25301 16502 10330 1532 7942 18542 7261 23994 9652 31522 19789 19609 18288 10937 21180 13253 7005 7852 26938 29008 15130 14655 17283 5358 8212 12271 22363 26917 26209 17940 14505 1448 19494 14854 11762 1410 3685 5981 2092 150 4199 21293 804 29339 22520 10422 17274 30719 3387 730 4811 6463 12643 10483 19907 23099 2091 31797 17034 32498 7562 25598 5365 21724 22161 6325 18212 24597 26974 29670 18042 9440 10608 9566 23745 18423 10072 10206 7512 6163 14797 13268 21201 12543 30416 26161 24982 16337 15967 1107 19526 14163 7295 24447 8551 5826 27274 26191 8063 19128 9465 8425 18948 23046 11685 20206 22330 25495 26151 21833 16548 9695 24341 31626 32099 25078 12510 14780 24401 18762 20391 23828 27925 12094 1979 19947 1406 11736 11852 31455 4393 12744 2705 28333 29272 1671 19462 26743 6302 540 17119 19307 28153 16541 29762 9246 13381 23029 22111 21667 15934 11218 16368 12100 27035 2356 19445 7667 30536 10848 9051 9640 8033 15872 24997 16500 9956 9628 11428 12829 6428 14530 2498 11966 8918 22971 15969 4889 7789 27119 28113 20089 21199 2132 4962 27328 3556 3910 7449 5219 5963 3962 14863 16131 7938 18103 15693 21033 20288 8562 25048 19243 15190 19384 18600 20110 24419 4043 21770 28634 10705 4372 31814 14190 27544 507 32419 8165 32214 27504 16564 9804 29286 32064 12454 29558 14516 32715 26601 32082 2658 26759 29733 3666 11644 5997 31680 17215 18749 16029 30551 10149 2956 31164 26138 3447 16897 27192 364 15078 29846 1933 1129 13347 3419 21799 32420 27553 
25472 2340 28669 11255 2043 31722 17364 31364 14151 4922 3308 20604 29030 27908 25480 8367 23234 1470 30184 15108 22492 22036 4178 12255 20546 27052 4110 27579 1113 26394 5417 31603 14733 27715 710 6936 10079 7357 18088 2829 17691 31774 22132 17630 27650 31233 5111 24067 5628 19808 30204 1452 21213 30233 1503 10903 25154 22200 21237 16100 21522 15276 2318 8584 27960 24566 8721 1174 1565 1981 9949 15488 31340 24255 23534 20784 6661 23513 3046 15083 26324 21543 10913 27835 19935 25318 7276 28175 23095 15846 12666 21265 23330 13786 16092 11018 2119 9414 32384 25001 9921 29168 7817 18078 24789 16788 16285 31064 3342 26283 2574 9102 29059 2024 24783 24229 16197 4321 6080 29903 1880 3667 11794 26728 2106 29245 14908 28414 23611 2549 17504 29767 2808 31438 15220 19451 5028 20965 19285 17400 29150 27707 26053 16857 31605 29728 499 17017 15179 26690 1286 2850 25790 26241 5431 14696 22724 24966 6867 30460 7803 28440 11060 5620 28088 8347 21238 8649 29249 19860 23863 14906 30207 10455 19285 3048 5676 31923 6099 21690 21844 32170 14706 19445 11730 131 7957 8131 3075 9816 11078 6501 493 15782 26904 23152 16192 24463 22501 11737 10614 2301 2581 18890 15155 31893 23089 1942 30099 6921 19643 6237 10688 19824 2355 434 32717 30237 13357 2085 15710 11394 2472 2646 17213 32480 4829 19858 20746 4402 31843 2092 16958 13020 12341 21756 31325 20412 32757 19353 30484 11654 16862 9841 15749 24288 27489 13840 11631 2211 25349 30767 16940 26702 491 25133 11697 10284 6565 5438 17135 17570 25329 25831 32103 29283 10083 26257 11199 7516 25909 12226 19968 27265 9572 21049 7592 14467 20466 23799 23763 8289 10481 13344 8628 28875 7712 5840 19641 14216 25826 15108 30164 30495 28336 17205 27465 12136 14424 28676 
21062 25989 17809 28592 19642 19634 28020 12297 16254 31349 2109 28430 9196 12358 17889 21076 23285 11740 25605 30133 15303 3719 13911 24114 12405 12141 29706 22962 8643 2235 20942 21565 25724 1098 12275 19036 11723 29006 18065 14465 14468 5111 27571 9485 18943 9951 21592 3110 19954 10349 2353 16874 31249 22472 2543 26786 28371 787 12458 19425 26001 9698 18383 21950 5031 28654 487 21553 17009 17566 8373 7875 4857 732 3507 13316 22828 10014 19937 32293 32493 10697 22547 6966 5262 19385 27289 25375 16533 23358 14405 18344 15408 7047 13294 6094 13297 30831 20852 24786 7796 2517 12402 6995 9537 32581 28752 19770 11737 29290 20819 17531 29237 7123 31976 16889 8280 13202 9089 5760 22883 16754 27801 11366 10327 28242 22700 31049 6744 8900 1954 7470 609 23920 3666 24475 22307 26325 30520 11662 11497 22438 7415 11136 28746 8907 1584 20467 7187 4514 19830 8698 2791 19685 26984 29502 7557 24805 25650 16146 29900 5067 16634 19502 22486 4800 15872 14227 32320 21340 25803 31635 22361 10702 15165 14977 20259 11005 20350 28152 30653 23074 1729 20699 13091 19312 2075 32460 15400 25921 10926 5453 30318 13140 3933 9364 27293 22562 8638 30738 7961 14976 8796 9734 10319 22871 28222 9932 13708 4872 8496 9522 8784 14957 8118 3992 20603 11644 26138 10213 25577 15918 28513 4854 461 26538 1953 6628 12548 26680 3156 7671 18192 18116 5846 14021 6299 5536 29673 26807 22614 1987 12319 25795 20434 18708 31478 1328 4937 18769 16149 3878 29323 28790 25732 32446 15237 15768 21843 12348 24355 16294 24463 28350 23379 27201 7761 11805 6255 5106 30465 31074 32188 1433 27095 26413 8737 16831 10418 10216 15006 32597 6090 14283 17227 20782 9562 1807 30585 9059 21566 4867 14692 19879 3531 17551 93 538 7944 1030 
31223 28763 23149 17062 22631 12389 32292 15552 15361 2708 27676 20514 22119 9749 3838 10407 5655 19921 31340 19986 24182 32206 28883 215 14431 524 21400 4594 28222 7833 24512 22177 6461 402 681 5510 18924 17975 12061 26394 10083 3589 18379 26541 22588 27153 23263 23061 18682 7078 266 13280 3815 10524 19484 18623 17238 25963 1836 9310 4652 9797 2440 30774 14181 1482 26929 9895 23291 25256 9271 10139 21028 22302 1657 32739 12807 5536 25787 26103 7564 12771 32254 29320 2013 17469 13468 5462 14226 12035 29069 26045 23244 13827 4183 16105 29693 22519 31936 21686 15836 22267 6588 17821 29507 20625 22356 7085 19006 2859 10397 32556 10764 21335 4089 18237 32051 31267 15172 6047 3627 8415 13012 24386 5545 11773 6358 15864 100 852 1816 3266 27587 5556 17295 22328 28979 29023 14009 17072 3362 26895 20706 26975 13626 18258 28264 12502 15543 15724 26092 28867 16949 24088 9805 15108 20935 30583 22467 17370 14382 30273 23409 8088 14423 18353 1180 27945 23351 25482 23338 6085 30302 15341 18800 6055 20207 11499 2507 2450 20806 12487 3144 31816 13779 3837 7223 27556 13165 1265 17177 30272 10348 5453 13081 25214 10717 17907 4623 9513 20469 22472 26749 3814 2867 20251 12014 18901 24240 3159 29174 1999 5946 10806 22378 3716 14547 15418 32579 3254 16328 24030 15612 22700 13054 24624 13018 16417 6237 30906 69 3505 15818 15629 23321 27484 29861 11666 25188 12058 21449 22052 12906 23550 12121 18295 22148 9160 18769 28543 21727 20359 22953 21389 12569 28525 18541 32230 32551 23527 17249 11373 24292 31006 22526 8738 22612 1562 26095 3384 32674 27289 16873 23368 30763 30690 18839 20164 14217 25430 6592 22903 12510 25126 874 10412 26642 24498 6540 7679 21283 9545 30425 3522 15595 21388 27823 20648 7673 13623 
5801 13119 993 25511 20561 7240 24143 23700 4636 5423 29836 23527 27547 31023 8636 22603 19977 20111 3615 15180 23935 31874 15878 157 5352 29779 9736 24169 6691 31710 29159 31172 17075 2179 6359 16910 13260 28386 18939 30411 17637 8139 32443 13556 31137 25649 21002 6303 15902 20092 6958 12352 5998 287 19188 12484 12833 24035 23016 18861 14469 16427 12194 25524 20446 23944 4971 1367 14832 20205 11025 32550 11531 5954 30678 11000 8700 11920 31911 30510 2099 27094 1602 31099 21342 25508 29356 7783 30708 26621 10176 7021 10590 7542 10141 30195 12155 17108 4941 2549 26962 8314 21119 24416 23007 20089 25331 26747 32698 983 1738 31033 22999 8930 30759 9501 24987 12434 21773 6572 13515 8533 16413 25050 13860 8982 7716 4346 18984 21525 8019 21494 29341 7029 25917 30846 8882 8716 9338 636 8877 16073 28074 5346 21534 26652 11772 27546 2416 26259 24918 17666 15839 30342 30232 3574 1585 28808 5716 21167 24259 9325 25400 29534 31019 10450 8932 1192 13840 15127 20022 24328 16803 7649 11452 19228 17609 11595 26852 22358 14275 11068 9682 22210 29717 19018 6357 3406 31342 5406 11309 3840 19317 2327 16581 12466 21905 26382 23216 6043 6115 5428 26788 30156 10659 28506 29987 15192 28312 8882 23472 1209 26637 10168 2309 7711 21156 5948 31011 15724 7328 31119 12389 21679 27160 30754 16391 21597 12561 30992 29247 31891 3596 27738 30232 22066 11913 19773 15271 26601 20803 25290 29666 7021 22047 12786 16262 20330 26145 5250 3857 24995 22679 12014 26257 5055 13334 10369 30686 23062 4966 24689 30247 27493 16188 31096 14649 4519 18328 4441 28219 12723 26871 32279 15588 13191 16896 16121 22549 2702 30233 28519 4515 6599 10648 2547 14386 2504 9667 26258 15109 20238 21774 17061 215 19030 22044 10250 1891 23998 
20822 3653 3286 5285 25472 7264 19567 9627 27374 18540 1348 20962 6413 31766 5466 18978 17459 23909 22939 32766 30929 22928 25483 9749 19466 32493 28877 9558 16054 26732 8867 14346 31389 29800 11508 27358 24511 22986 638 2938 10131 13000 29878 9313 3624 13038 17586 24807 25942 24876 30836 20191 17762 21566 23831 9570 4453 9134 17396 1000 1320 454 15620 18557 18306 2881 23147 11595 25201 29468 3337 28181 32341 11234 27617 3967 15555 7895 213 22757 12616 23052 17044 2185 25555 2334 4533 155 19083 28804 23565 6713 14380 7580 20315 4442 17229 29134 9095 21594 7157 25463 3839 3453 1483 22605 17949 29122 32242 13799 16617 4188 6311 28001 10872 6199 23652 13021 25036 28827 29283 8011 136 14067 20905 18417 30144 21565 14905 28658 13899 29332 13603 2355 19602 12127 27364 29137 12977 5370 16704 1702 24757 18547 16868 2372 30354 495 3959 28114 6818 23689 11980 15834 21325 13305 114 2199 13827 20731 17763 24072 11699 32552 25868 729 7228 3760 23122 9692 23366 3532 22695 4001 3279 13651 28500 633 20489 24043 1924 6291 17163 22630 19327 5588 19102 15439 31382 2156 12399 16749 6604 16894 28287 2357 23277 6382 1069 2774 26922 29306 29057 18014 15064 2169 10185 4040 24339 12091 13869 7642 8095 13856 8747 16867 1469 27062 9430 248 9679 30337 23119 29030 5250 24125 3277 23277 21517 17337 20275 28608 29686 30896 30503 13624 30017 16296 5417 14925 29493 13096 14800 1824 31655 21783 15168 12802 8548 347 17865 11113 13327 14636 6275 23038 16932 25934 21451 22587 88 30263 14607 29757 11883 6746 29711 23112 14465 22123 5278 17573 29715 12090 1638 4055 22253 13429 12118 19866 34 7291 5290 31580 15500 22478 21467 3836 14452 10917 3706 5681 8943 7180 15176 23361 23840 29934 205 26083 
7534 2117 9372 2401 29555 25995 31012 31675 29950 1554 31752 13517 21829 15231 4598 12623 10045 3026 13131 11972 14907 2673 9740 5484 23798 12034 8323 17054 30553 7612 28979 19834 10515 2323 16968 12839 23057 28529 27362 32623 17338 15734 11717 4209 15892 8517 30697 23452 5944 21255 23311 14839 26843 19737 9490 14725 10121 26524 17381 15506 546 25994 2020 16406 25714 31456 28345 26565 6613 8672 32419 11032 26482 10402 18687 9822 12892 12091 11633 4249 18384 32500 18742 20010 20422 10651 3378 31025 13647 21215 12047 9411 13429 29945 32469 22830 12743 19953 10295 20020 66 20531 20976 25680 4580 8131 23174 896 18882 15750 31386 5364 32519 6778 5863 439 18458 17530 22106 30269 27711 24176 9620 25716 17303 13816 17643 29600 13201 20483 28443 14093 17554 11369 29798 22321 14804 25268 6535 15852 23326 804 5881 18109 27866 217 21364 30086 3055 14608 31198 9706 30335 29952 20350 7007 25409 8433 27882 5927 10745 10718 30977 29814 14804 7042 22827 18459 17422 406 31740 27450 32546 21064 15923 5322 9264 12493 1972 22615 18554 1465 13398 20973 21153 13585 18302 21669 23725 521 9860 27849 22493 27788 16655 18181 7074 15991 31635 23200 21006 24459 28015 19138 31899 2027 10731 25421 18766 27704 16322 26548 5578 27235 7137 9564 2682 5655 14007 30614 20859 32546 30028 14903 625 4186 5071 17022 1150 654 2968 32406 9119 22745 13231 22159 7398 23297 2992 8348 25619 5127 18222 14513 28331 16707 21973 29412 30297 2505 10865 9960 4288 20446 31722 5973 3978 7289 18009 52 4044 29642 18665 25661 17470 18690 31083 29587 22964 21353 26130 13 31368 11692 29006 12650 31996 4239 16946 21459 21328 2057 2031 22739 8039 31493 8211 2859 4569 13434 5696 23464 14264 10861 23751 19688 13579 22619 20955 15675 
15354 29175 29726 11213 29548 14052 8288 7996 28699 12052 27122 25152 14393 29029 27788 30048 6571 18064 17561 16072 1727 10622 8870 17263 25362 5290 25846 27567 984 6868 2567 10921 7426 30337 17906 17506 17561 32111 8573 20370 11319 12894 4455 10798 14272 13192 28605 3654 4258 28460 29435 22445 25858 26784 14391 10332 20701 4486 5413 19287 16251 22076 14975 19391 12132 22457 22388 13438 8945 8946 13895 5257 655 21764 18104 12438 28371 14750 30131 3038 12604 15900 1262 3162 23186 20601 21929 8704 1662 6679 32082 2783 18845 31278 3345 22221 1067 4629 20243 876 9439 19522 14206 30972 27984 24963 24400 23460 2929 5278 28639 26669 6439 4329 16482 5856 9116 26653 26955 22931 28928 29227 18366 2705 7349 31604 841 12672 19127 23203 19549 21477 19981 18692 12235 21047 11671 13146 32397 3550 1216 30322 4912 18642 29335 6129 5474 29770 25711 18889 7804 18767 10542 8722 536 20931 29449 15474 14262 8857 1911 28377 15232 27312 10987 15984 5957 12294 24549 31491 20011 23757 27560 2583 8773 2494 19909 8558 8844 6746 29415 18575 30492 12329 3777 27907 26121 19352 5776 22894 17747 2189 25098 14355 15192 6076 7974 30692 26741 14306 18894 7179 19811 19021 13322 10615 22328 17591 24825 7481 10100 17277 2372 21816 21384 20904 22590 4060 31604 6854 14395 2082 1283 18064 28609 11106 5 25779 12116 7823 2900 21679 3977 15092 31415 18932 26897 31719 14345 24868 11667 1386 20029 26567 25483 24726 27638 12067 24078 16565 6110 21759 14487 17034 29179 18922 12978 12637 2548 14505 12711 10093 29317 3913 3215 26909 17326 24116 30388 24545 12585 19568 19626 3987 32251 21037 21949 21760 12194 32060 1669 474 8900 15809 12469 8902 6464 7083 14476 1025 3899 24372 3382 7704 1610 29766 19916 8130 25609 4930 
1744 29871 13256 17642 7814 10359 23924 32472 12024 25602 20200 11407 23176 18518 6905 18307 19204 16302 13546 25702 27192 1078 29845 5133 15866 3713 2664 9292 14968 14417 29084 169 18349 6382 26377 30172 32197 24112 23338 15222 4635 16574 10254 15323 27589 31033 24291 1261 1728 32512 21739 29687 27603 2882 21290 20869 15466 24771 4099 28351 18570 10811 14363 2712 7274 28351 19752 23002 16696 7852 15720 23102 3456 12675 13001 26837 5890 28624 15193 28377 21069 31660 14569 19902 19171 102 32028 15088 8829 30252 24878 20142 21361 5346 48 16215 8050 14884 7121 974 27486 7918 12485 14740 1215 20151 2461 24281 1123 12440 6013 20586 12940 5669 17462 18972 26239 27542 8412 30305 13642 15028 17467 30964 10039 695 24642 13799 12716 15806 19855 819 13542 5115 18209 22105 2307 31446 7548 3590 26201 26966 12748 25064 30076 6842 7608 24583 17775 19830 32010 25245 3551 18811 29632 2420 3209 29905 7039 23667 21523 7384 18480 6329 23888 14877 16142 8763 22739 26991 32766 30001 15681 13698 16332 20772 17818 18284 27947 4865 19488 3759 3507 6743 22993 13893 2070 28998 24103 13482 9948 9328 12704 27919 18875 10404 26845 24744 31125 4115 11524 8834 13818 20981 25731 26835 25159 32144 6541 25595 31021 17110 8347 26139 27827 30244 1738 14152 1984 11830 3831 20469 5521 22457 7488 3385 11189 12260 29748 23826 6572 14561 422 30910 9506 23543 28070 10108 23358 17695 1834 7848 24477 23078 9260 25066 17198 6614 7573 27743 18228 32382 22224 9899 3638 22276 11081 11002 12941 19811 10421 19173 23975 8610 7580 29737 14846 27497 21217 15189 28895 12147 14249 14134 3361 4213 3525 20087 10981 13779 1585 1787 1703 15797 4488 28435 27545 27786 28025 22879 2487 12446 1328 30542 25638 5396 12442 21269 7349 4445 
19120 640 30846 15081 4766 3480 25690 23570 13798 20435 31036 16431 17451 17531 31287 14644 27691 3945 24218 30172 21145 9539 3474 3615 2209 21746 13889 1787 26710 25211 12275 31803 13875 26950 26000 24496 19571 13669 12386 19069 14418 25100 24870 31587 26276 19446 30645 3552 7970 10119 12562 2299 9549 18285 28152 19099 29039 28641 11780 9486 10616 29544 27706 27160 13660 31739 12015 24607 16054 3609 32388 13058 22687 3233 30514 384 18997 11110 24742 3017 4441 19159 25537 29826 9255 26462 10760 1664 17531 17647 32551 27001 29920 27202 27587 30095 5127 8274 6940 31821 5666 30106 17432 32633 4691 31386 4163 5703 24012 1860 6262 20302 26318 3618 29816 14453 31821 10804 6651 13374 26812 27743 17803 23932 20437 14086 11264 686 18754 1934 29952 14371 4962 18462 14716 14357 13751 25411 15282 30135 17772 15427 30472 3935 3578 26860 7728 11583 15283 18948 16642 10013 24800 14376 3724 11343 25746 9568 4565 9381 11214 3641 12767 20476 3683 4584 16065 19809 5082 3734 18907 20331 30526 19118 25381 25886 10 26609 21314 12444 17099 15994 6479 18091 28116 12542 30157 20600 1255 26772 26531 1510 10500 22120 3812 11357 15292 30084 19957 22666 18238 6799 32213 22862 15097 1725 8201 23671 32210 23926 2522 12019 11821 4135 30169 15887 13376 8299 13058 28072 9947 28878 32155 19742 16815 649 31901 23163 15473 4913 26323 19256 26996 3462 14510 21610 120 18364 29591 24371 17283 23876 584 15378 10644 18349 20075 27 29665 5049 5060 13333 6759 11324 26404 19476 12131 9498 24269 363 7408 29301 19740 1882 5017 23189 30390 29834 5408 8807 17786 19694 2225 16962 24404 23746 30123 31005 2056 29676 22016 95 7719 28469 24974 6596 15449 3583 12727 18803 29924 16529 22409 24995 5832 1419 23798 20200 12077 8174 
5243 23574 1645 1744 15218 20752 28954 31757 11589 12146 29363 11637 10227 13941 11717 21398 17529 29381 13865 29616 27346 5729 25842 24071 1243 16545 11319 16499 18296 22217 25239 1607 26529 17578 11458 7313 29404 2611 20080 24919 27178 8865 11935 10388 22784 4176 25528 25012 22314 5300 16767 6900 18247 21240 31326 30920 19489 5827 6484 31582 32731 11595 21435 7155 9572 8192 12474 18051 29370 4839 23440 16523 692 19781 5024 28025 25532 3276 7441 22311 26594 4899 23405 15091 24638 2581 30284 13147 9061 2262 14682 5162 2229 2067 5750 21800 24799 7978 29331 10071 8945 20986 32663 13394 26466 22385 30655 21564 27773 8462 9953 6867 17453 10716 6530 19620 15803 10671 25088 24607 26895 24920 25339 25417 22548 13246 3926 27854 18382 7445 5050 9157 17139 25547 12743 24690 30155 25105 31491 8082 11518 19814 9299 17561 660 25587 28286 24956 13093 2906 30390 24907 10587 32737 25697 15585 29439 32207 11098 4770 20744 32216 17465 21642 8396 28791 22708 30216 4239 21982 31944 242 30999 7382 4573 29477 14015 21499 5471 19675 23879 17019 23841 11434 7474 18475 18735 13132 16067 13723 22512 19028 9050 2508 26570 15869 19042 3858 8893 5456 27368 21252 14291 19577 16202 10876 6320 14132 31908 21267 4354 9666 20013 31155 13594 26262 5054 31821 19135 25837 17261 30021 4438 27525 31239 16349 25810 25703 1195 11708 997 5538 32414 16499 1762 21722 25399 16643 25819 17828 21433 29964 11252 32546 13320 24329 4876 16057 14929 3443 18865 8346 9651 24661 32354 17713 17595 506 17204 30536 30349 27445 21710 18697 11920 12851 17188 27271 15975 7694 8708 8293 17060 31602 2035 10358 12770 22486 16080 2935 11768 14774 1185 1062 32524 10515 13350 23916 24332 14037 12654 1963 23373 5821 9992 7369 32193 28639 5344 14834 
1958 32606 11671 23395 14537 7988 27183 9350 2116 12963 28233 23513 1336 4671 3644 11699 9307 29285 14289 22954 2293 12703 2527 14692 8452 23493 23935 18088 337 29283 3133 591 12655 9695 729 7877 30063 17672 15301 19176 10480 9450 8916 23363 610 15944 30097 2693 28026 29058 30479 11414 3598 12087 30463 7576 7099 19797 20682 14277 13327 7283 21277 18766 18052 16151 30764 27674 19960 246 20210 14975 10197 26789 17157 3694 4239 28030 13158 15540 2105 9514 8688 9561 10727 25492 13487 5593 8259 23247 5472 18511 19742 16283 1860 7103 9462 10867 30969 8402 10657 3877 12344 10645 4913 2060 7672 28250 15118 22504 28835 21442 10430 22127 10967 11518 23509 4451 469 4123 3628 29304 2146 10988 3784 16637 24357 8700 19610 8765 14410 8085 15561 28700 10525 13966 29807 10243 12241 7428 25459 28853 3429 2637 22019 18072 26326 19315 21455 13104 14175 4081 10423 32409 23340 21516 29130 19475 16799 25489 24098 14022 2080 21108 13386 8494 19845 21057 11711 9133 8176 16885 11296 17420 4379 4 19194 12820 3758 23297 26741 14836 28769 26827 30103 16195 28400 29742 32335 13466 13735 18259 515 17746 1392 30133 32182 3513 15829 4590 17787 32091 26900 9721 1067 9540 28160 13762 26208 13432 20509 5060 7911 27543 16503 15037 27389 13656 4407 20901 11174 14498 15165 16951 12974 8511 26478 23158 26884 30429 28790 21811 3259 22073 14756 3826 1651 31241 27401 23509 1275 8283 19255 12244 13484 10791 30774 2073 15913 20499 403 18529 28541 17437 25695 6742 26764 19943 10372 7729 15803 32751 8066 20174 5076 8423 14451 19458 4653 22332 30051 10034 15590 23174 26925 16106 13560 18509 30387 29407 3061 18706 25301 30627 4982 14562 11293 30214 13195 25816 1927 6173 32436 6201 24993 13276 2702 32765 31804 22789 
24566 31180 2419 11214 15207 5620 7096 24016 15637 8483 4170 11066 1339 15210 15369 15753 9068 26120 25847 22642 8329 17251 31445 22106 4285 20208 21778 21477 4886 21696 31335 14499 1732 4053 2103 26118 962 21058 29191 1082 27886 28938 9831 27310 14256 31999 2930 27987 24177 20963 10367 30464 18155 26570 24538 32631 19714 26080 25971 30134 27689 18717 18726 25548 32154 26255 31974 25074 19927 16575 20106 10420 6779 8891 4134 27090 16663 3768 23280 4774 29707 28160 24398 26535 12028 23326 30370 4416 1516 25065 21422 3898 27651 10220 9954 1043 13430 28339 18861 17722 8342 12533 11944 7206 3634 14845 32053 5050 2211 15311 17191 31825 9802 24454 27383 31717 950 11392 28917 26311 13841 1436 10564 30959 9322 14569 21615 4853 25426 9843 9011 18178 18836 7109 6976 6656 8658 32017 18787 28461 26491 17227 13298 3256 14828 7534 3274 27309 29243 8387 2101 6364 12673 2383 14749 20608 8531 16907 26323 2400 6166 10540 20498 24415 3638 4780 26669 4585 13102 12562 22744 3589 20025 3416 999 14260 19579 23508 24227 2131 16058 11845 20826 18493 31564 8106 7434 15814 3346 11967 30518 22294 30939 17239 16854 4597 12415 1794 28302 27993 21065 23022 15271 1173 2810 23277 28315 20677 22564 29651 31535 21510 14269 3273 30625 25379 16015 30447 8223 25949 23950 11098 23004 8745 3710 20184 2699 32739 25792 28217 22458 18568 18268 20150 2754 1294 11836 30929 22490 22056 14583 12018 32559 30131 26755 14841 18589 8378 7154 14388 5363 7862 1852 30305 25669 14678 13427 23720 18566 12735 24761 11223 21187 10075 19567 29309 24427 17863 11625 29018 12005 23451 3184 15192 18063 9879 29437 29626 16827 26122 16644 9933 11135 26601 27038 18308 3883 7541 23005 17034 19529 2542 1608 16738 18541 5388 14535 5547 18976 18726 
24618 27171 26289 1463 31398 27128 28733 4055 18772 3813 12269 4759 22260 1291 12506 28698 6616 24648 26225 5584 5678 20375 31172 17059 28102 10844 23497 20829 10794 12635 1582 242 4697 7334 3416 10879 29784 30558 13434 15596 13560 13834 14313 823 15344 501 1274 26851 32417 3569 6952 29911 16995 26386 28870 18646 32727 22985 23031 18537 12565 14550 5479 26062 5762 7105 11443 16988 10940 20966 17241 28792 26833 15006 23593 17880 20082 26757 10099 2980 2929 11713 13245 19696 30417 3091 17217 17140 26365 4731 19629 11277 5333 17853 32590 30372 1038 13935 30919 26955 30615 4747 15339 23040 24293 2690 13204 11948 1080 25031 19478 5846 29333 13387 13370 31939 6031 18679 20699 27550 14615 12067 18976 24070 28520 14823 16936 26201 585 24443 10818 27111 31222 8692 22048 10867 1262 26218 22772 12786 29325 29031 31490 20327 19478 12078 7740 10678 17119 32166 27880 30096 11412 12501 29597 11172 10694 12400 17257 19797 4613 31235 12 5944 3595 29247 713 4456 20787 16905 2198 23704 12148 7161 596 29643 17902 18160 23028 2474 7364 378 7707 16592 2287 22749 30867 7222 10639 2686 30023 22401 18891 9228 795 24083 27331 12158 24959 12749 30617 30981 30892 26155 26276 17783 8357 20533 30320 6372 5706 26590 19613 8467 22892 8105 3600 28781 22407 21287 15750 17447 18136 16691 3697 19189 20221 4522 31480 22104 17298 2503 26630 4810 19923 21955 19162 31925 6419 23565 20200 6124 20196 29339 12917 8349 6819 25139 9442 19356 1689 30034 6035 31297 29139 30906 17982 31979 16895 18889 8344 9364 1187 12451 19037 31503 9987 23189 5665 8265 13260 14744 23469 14527 13377 20597 4989 3026 30553 21285 26517 10395 28735 32743 25176 32646 27839 12715 16229 23714 22473 31391 4854 29452 7775 31051 4649 12950 28010 3769 
29644 21146 1812 16401 7762 8394 671 11530 5379 9843 21330 6068 22352 23768 16038 11524 25144 23895 25251 16634 8489 19020 12797 15793 24090 14932 5320 26757 8726 6173 12667 29849 28668 32622 28409 14337 16090 14765 26593 12754 14391 29244 29798 30256 22820 20440 21877 20857 21081 11779 28172 24187 21942 16716 12969 12538 4709 18172 28887 1669 31537 5550 28363 17619 14178 13804 26040 2773 6439 5232 28711 12920 24820 16885 32535 27309 11650 6655 9005 31357 32606 5678 1462 30123 5745 13625 16910 4993 22226 8006 24500 17666 2914 21352 28675 3391 6523 26424 9105 21585 31726 22190 3821 18487 23753 18500 5762 18795 25834 24053 14878 15105 4218 15800 22365 4186 12842 13835 7731 23915 4770 11925 24264 22530 11386 24441 21722 18587 30540 31486 32034 1989 1403 30020 20052 22701 31560 16502 4895 67 5623 26312 22465 13193 14665 21403 8554 22839 28261 1784 12257 30452 3262 30503 22303 29362 26727 27578 20283 5883 12907 21945 13435 19929 17385 3398 14862 1294 32112 8633 19102 19552 18647 19775 21860 31354 8313 28454 24078 31808 19646 11870 6535 10784 660 5786 10838 32294 18191 9734 26944 8423 1664 15464 20963 14019 2017 32118 3851 32600 16298 32266 19257 22346 8093 13675 5440 18218 27041 14895 3685 14002 31324 1219 5023 32225 10431 27581 31048 32109 4851 10267 25656 8451 19944 27984 4321 8844 28958 29851 9512 31896 19940 20921 9218 7248 18288 17567 21401 30312 692 14832 13538 28706 23481 21607 17927 12258 245 15608 18708 5342 18876 10146 8818 3291 28059 2169 28425 26076 1722 27928 15610 30255 3557 13334 23339 25125 17588 6757 3056 15737 6478 17424 23505 30224 17533 30206 14878 2308 17682 27713 9881 16407 27114 14243 15428 12896 12553 19141 1919 9838 8282 12099 18204 28796 17001 23277 20404 9490 
15209 23462 19127 30594 11247 3705 13346 14086 23836 389 10247 31306 580 18783 13353 18644 4968 26954 1861 7456 1125 21811 3329 23586 28358 22600 29621 3530 24886 22664 21117 23669 9391 29050 28789 7031 24948 14859 13241 1575 19366 17181 20120 24493 29553 19312 2316 6607 2855 13409 31888 17684 10543 9530 6788 30212 31533 22772 25926 21966 12807 16832 10164 3688 32612 14871 15534 4253 14888 14022 4446 19542 31338 28925 25047 23267 7903 26161 26058 28997 11700 27749 22810 32611 2679 20401 27010 10140 27498 6842 4841 4093 30196 32194 20121 9087 31939 27417 30632 6022 30482 27143 15116 28573 9022 18214 26904 22088 23336 31805 23994 15014 26626 27083 4672 22536 14039 9637 23604 1575 25586 28129 22419 6488 21444 8040 20494 14435 18215 4850 27001 6286 30622 26311 6985 23864 2815 8518 31249 8258 21831 9794 2784 32708 12312 30449 11101 27767 13835 29291 10437 12176 32535 1098 1301 26832 9767 4634 11548 16647 16670 20146 28461 18805 11876 16305 12848 15327 28863 7321 2120 16323 7795 6480 21256 8400 24516 16065 23768 16042 2239 14410 18903 15848 29377 24788 3617 26888 20674 14692 15112 14679 22355 19115 30980 24992 8664 21403 2330 1513 359 5864 24637 9544 28426 26151 19982 29674 16285 30707 1126 2737 18683 7146 28245 11604 31149 27449 1575 23352 22222 3316 25398 20530 10339 12730 1587 17784 25212 30570 24595 2572 15764 19484 32119 771 9882 3390 15265 21751 18576 26115 20376 12706 16559 30840 14182 27143 5352 5129 5569 4394 31262 3961 11645 7736 28518 29133 599 28232 13847 15419 3048 9940 13892 8536 330 493 3421 6111 26856 27190 7854 14900 13036 30076 23458 5215 15740 25670 5678 20688 14249 2680 30319 20385 18082 12247 12611 17217 1140 4720 29953 22140 32610 4364 2556 15213 5872 12036 
3216 7144 23868 28397 10885 8617 17756 2885 26220 922 6734 13040 29176 18152 27741 14636 31792 15155 16536 3429 18029 4246 23800 3852 4156 29667 18077 12169 5671 13082 13263 6407 9936 18742 15718 17915 4913 32645 20807 4835 199 19453 25636 26887 15788 26187 14639 29143 22307 10871 1204 24624 6971 13798 6065 10061 12615 6483 32402 3413 9909 31006 21327 27341 28826 25455 25243 13325 24107 3696 24933 19283 6255 14929 27735 18901 4746 14388 32237 28424 2318 22404 7417 2756 9172 18097 28637 29517 16829 30963 8786 3364 13609 12262 18006 26249 20911 11579 25213 18977 6979 3022 28809 3746 31209 31393 16472 14698 2465 2667 16122 10641 7855 4723 16981 28977 18418 21064 23442 7974 29858 22303 3884 27910 17934 4850 27583 23816 13539 30519 24036 17205 1785 29964 26765 11286 17730 20157 3344 30393 13962 8027 21617 19319 30058 21352 17624 19157 30112 23751 12469 5181 9546 8489 10325 26362 17888 24260 4057 4484 6127 28378 24328 13213 10928 20002 32450 24866 14794 2099 15254 29944 25641 15565 15693 13957 18548 31918 24188 18370 18566 27732 12525 21622 15311 16668 28806 9930 1155 26570 25686 18356 20028 2940 20778 23997 398 26855 11715 31304 14929 32537 19725 10973 31730 22622 32523 20098 1250 16205 25739 7067 28835 25596 15654 5311 27073 28254 11599 9057 28376 12527 27574 22797 7940 8333 378 1712 2566 4507 26003 14619 15015 10051 31871 19550 3494 30639 7404 10385 2531 4014 16177 7254 14422 26445 4610 835 11051 14481 14612 20050 20683 23654 24940 17077 10998 15804 3241 17138 729 31301 32226 1891 30577 14228 4528 19776 26273 32605 19661 27805 9505 1276 14606 9123 14535 7581 14558 14801 815 30804 6718 9536 21049 28959 9859 29317 14199 32303 24326 3383 2292 29447 19732 27961 8263 17934 14608 6265 
520 8749 2217 23981 17528 9150 8245 28381 11631 20407 6996 32446 30243 4019 5882 4737 8292 5240 10917 943 8662 14813 8750 13373 20633 6096 6801 32765 6324 6401 15531 19119 32302 3616 8139 17716 20583 17433 18962 13899 30818 26616 16053 31198 26560 14883 17237 16006 3538 27362 18484 25163 3646 14736 12467 15440 4747 13915 19662 10373 31164 7561 6575 14165 15729 11085 1601 3160 11180 29295 20083 13322 20801 6320 12045 18746 25274 19251 30657 1961 22022 13541 6456 25973 24737 23646 7756 20833 1041 25534 29407 25759 20345 19320 9263 3107 14853 14127 24 31674 31091 30525 2636 12383 12979 29414 3395 9910 29260 1477 27598 11641 4423 29148 16259 29242 6204 1461 11815 18880 24367 2421 15474 32079 26465 7309 20768 16468 26801 17714 28380 4773 23583 3916 17656 2434 2962 18816 10850 20758 4110 23895 22216 17748 8308 5904 22232 24574 15837 19302 13106 17641 3052 10750 7346 11432 20399 3431 1813 22572 26958 6358 4825 24073 22084 21457 3934 30952 26331 8279 9561 28073 19204 1998 4253 9686 19252 6724 1864 14598 30300 9820 16214 14351 20637 10212 21155 26298 7464 20458 1259 24023 29248 21776 6636 875 10497 11826 23443 29996 10769 30093 5892 31241 4559 3843 15649 13118 31285 15379 21652 32253 12132 28410 12238 2836 15484 18413 5973 14403 21628 18574 10342 6996 3785 3794 29351 32415 28563 13538 23640 13230 19838 8151 22106 23167 2811 12435 28202 19039 12767 63 17043 8566 15665 885 18068 29768 2034 29964 24101 4504 21283 18723 4174 21562 18288 8858 32158 25530 10596 1517 23780 12071 13513 22134 31701 21593 2123 199 9899 22288 7352 13417 24947 23996 17480 14055 17241 1347 7830 23656 22651 31829 5827 32393 32608 21980 18411 1497 13113 30508 18240 16339 10007 28431 13645 27903 25060 30146 
7697 10198 2698 19456 7184 5639 15244 31561 15922 22908 11671 4968 20105 25647 2127 16906 20239 26901 1725 11551 463 17119 4264 9058 13266 17588 15332 6995 9421 5818 10200 28957 3270 19424 13329 20160 24984 4733 6109 15795 11486 20881 4106 7178 4954 5852 32404 8240 1119 14105 15815 30090 5839 15546 32108 29239 7420 11549 26120 29821 26076 31696 19384 26310 10329 3958 14305 32117 28464 4355 2530 1493 16807 30486 25694 25190 24517 29529 23080 16455 20476 7919 8284 4765 30391 18739 28283 19573 32634 27926 24646 21264 9999 23750 818 16019 4181 9296 17106 6780 13239 21822 23900 31847 27135 19840 2107 30971 18297 18978 25946 30918 20281 29233 11602 20941 29391 3595 21501 21524 11171 22246 11558 4036 10285 10484 4452 19237 2581 8620 5295 11170 15745 17451 18711 31553 3257 5650 23580 28138 3336 22146 19457 12486 23600 32115 10853 29198 9811 7157 25408 14857 21674 12218 19770 20758 15297 16562 2730 24281 9953 1738 31048 9820 3359 8146 20692 6929 1114 31264 649 20805 18542 28708 19564 7075 30939 8628 9133 12553 18335 14669 29601 2748 14184 15600 22788 10301 213 32277 2942 17888 28748 31372 10693 21043 22602 25421 28776 15048 26117 7632 21339 16 5025 27159 3312 1009 10344 7719 7059 32240 18626 22437 6417 6270 31058 25169 9526 23043 28505 826 6623 21075 23428 3461 4155 29445 17456 2649 30309 8590 16311 24160 9615 23176 13801 24806 20241 30985 13229 15347 15447 21338 7570 15044 20342 14019 14640 11275 32124 9161 16015 12613 30859 11357 24940 28520 19538 12493 19672 24079 18157 24017 8741 18655 28907 912 23401 10010 28545 5450 1038 31177 9010 32474 25651 29168 10890 12798 10635 18236 17955 19415 6903 5715 24823 29634 22490 21981 3615 29165 21561 27741 25104 18711 16406 26062 30109 3192 
32009 29767 773 10633 9444 22287 28784 1174 77 29920 13894 5995 3034 21506 13479 23317 3896 32400 14258 959 2608 11821 17525 19041 30917 9555 785 18555 28400 24731 17139 23601 17041 3008 253 32406 23947 442 15492 21750 11805 1373 31215 7020 16586 28162 20618 5615 11823 1768 3489 491 6972 8280 11182 13697 19996 23901 279 7049 8354 28098 25669 19855 20999 5807 24885 28785 20209 5261 3969 25882 19656 24387 20226 21669 29679 16041 10804 13112 12951 1297 12481 28711 26252 15914 30074 23839 3122 9513 2753 1164 12980 31556 28784 32477 14434 1097 27277 17688 16753 27473 24583 419 18242 9300 25376 26969 21257 13792 12757 25098 19236 21763 30200 18666 4991 443 5372 4045 28876 18318 981 23426 15694 6867 31481 28025 748 24739 15646 7794 10808 15148 16785 11171 7039 1211 30165 11517 32052 25193 4779 16331 22582 22143 12664 27064 17407 21423 20449 8616 18906 7277 28739 29097 31737 13179 28598 25792 15112 2008 31990 21636 17223 23661 3153 16265 14340 17563 20495 10877 7673 29599 21245 18132 12993 6049 25502 10382 23582 30675 12238 7386 1717 3180 23626 14572 5827 2496 807 30167 4635 25123 18418 5965 26600 5067 2987 10903 12626 23630 28093 31155 11417 7630 9369 24210 25149 1396 29495 8227 6609 9755 22355 20785 25732 25846 22334 25910 13223 16130 4303 9044 29534 3015 11096 32369 369 22006 26350 18916 31166 18859 8781 19148 28178 28993 20678 25095 6485 26365 32320 23850 11114 19835 14819 19160 1337 19018 13580 10465 20686 15093 11684 17911 10483 6665 3812 20859 7592 9665 29484 26940 17506 26734 24040 6668 12281 16348 13842 5933 9084 1546 4990 32726 15211 15761 14383 27679 10100 27222 23104 10521 15110 22449 14345 1712 18589 6322 9791 17905 27288 32540 29604 7506 10646 16917 25419 622 
30975 14515 8633 13087 30669 23248 31395 18979 21846 5617 22021 26228 25633 3376 17524 27443 160 1531 6862 17682 17315 27859 31978 5556 6184 4542 23883 28965 11255 4343 17055 4965 23415 27121 32733 21077 17679 6983 3525 14288 26094 23327 23537 3009 7710 27371 24066 25430 6199 31393 26996 6960 626 3151 28996 19204 29113 4813 25472 889 31088 32540 23723 31695 568 27195 12463 16016 32089 20763 27359 24643 28407 26818 16517 13206 13482 24887 5608 5474 25446 1864 21430 237 14915 30648 29071 26429 29819 18161 32544 28434 18834 31298 28132 13916 19706 9451 19013 1632 17004 27823 10488 13964 4522 2503 4671 32728 1056 7658 10705 14977 24823 11297 29311 24905 4121 21511 16570 16192 30685 18887 2874 23885 11879 14926 27638 5827 26382 24828 5032 30089 25541 14637 1357 18543 32351 1923 3132 17213 2342 17885 8022 20803 31559 29390 21070 30695 30250 16095 6614 24155 16679 23536 17541 2798 5062 11502 17391 11448 28773 21307 14953 1929 8662 20031 24043 20100 182 25689 7011 25120 28893 29673 27976 14886 2894 4772 25687 1217 4093 4637 3800 30318 32753 20323 9174 2086 14828 22871 26060 9792 18116 4353 30702 6220 27324 23498 20402 19935 4279 3595 10521 7689 7309 872 26342 31772 23548 559 19258 5688 11816 13708 11827 1440 32673 12236 25472 15660 20655 16917 22552 12044 2232 9075 10423 8005 11932 13355 13800 11795 15037 28791 9134 24600 20633 9916 25549 3400 17720 6055 14358 32639 14533 13908 13983 6922 3032 20577 2391 12821 15494 25449 29152 23108 28311 18595 16583 10969 31733 20620 25729 3738 28276 22169 26749 26585 26941 1387 20054 688 4800 14567 7091 1253 19721 1635 954 14551 32093 30416 11095 13861 19497 15015 25972 8754 12056 31632 18254 15260 12713 22192 10835 12552 7836 5070 8720 7409 
31084 24314 30522 19892 12393 29463 30030 8159 14227 18136 12922 22244 1710 137 7306 13516 16836 5962 9746 28449 14947 21961 6906 32271 23264 22314 6960 18609 13145 8244 25268 15041 1271 24906 18996 569 6843 10451 30560 29061 16908 28328 25932 10167 10553 19944 2975 19531 22707 16816 11307 897 22277 26556 31690 21502 5077 3817 22807 4102 305 31834 15655 4802 21316 29534 1594 8307 14392 19729 6444 32696 1350 16328 2471 16044 15991 11746 29230 14673 24044 21814 10719 12930 13732 21255 21270 29792 15371 12451 22101 17524 10201 10589 1382 22553 32610 30454 12490 7792 2271 10648 6993 21611 19269 6453 17993 18344 21765 10998 31143 8830 7954 2499 23460 14718 1662 12373 23865 6901 24487 20052 23209 30163 11196 11891 28737 25150 30060 29475 27101 7636 30883 2131 20737 2908 29920 16634 17626 27367 9246 9228 32529 11411 29361 19950 12381 32006 1678 838 26853 32313 14142 19226 16483 19673 9826 7086 4188 29292 3285 12247 15420 31850 2821 9703 1471 23513 28676 26968 5345 21734 26157 17641 28955 28550 30416 27965 7200 13867 8132 23001 16355 26851 20758 26518 26140 14432 25975 2191 17467 6610 7615 3475 31076 15299 9393 930 18184 23634 26915 21449 17595 7743 14683 8299 28829 29221 24885 7651 26053 16942 3053 25291 7084 1525 20554 31726 5183 28530 5925 29803 3085 15338 25583 6765 17389 19204 13933 13108 8894 27324 714 24532 17078 10459 6244 5655 22406 545 13272 31422 26884 8890 10511 22898 14253 27875 2557 26734 30725 13269 32726 7104 12646 5097 19159 23510 25065 16715 28404 22025 15197 9991 21680 7889 14567 15659 3516 10154 24412 7704 10211 18181 3940 15188 22710 4826 18638 17468 2371 21541 26248 23254 13598 27736 32085 25033 11667 19524 25485 27569 9416 2447 10616 16271 28060 23991 6855 13825 
24293 19291 1676 31017 3849 25206 19420 1884 928 21445 20986 3354 26696 27937 31057 17506 7828 17804 15064 10096 24722 31187 17747 27547 15852 28776 11030 3885 10350 30234 27840 30930 19091 11925 13576 28839 28059 25742 12137 29565 32229 30533 16390 31662 1240 26455 7694 27179 27459 12210 5345 24476 6019 2270 1710 5145 21135 15669 20924 29152 26369 31205 32049 5431 9279 1176 16426 9778 6573 31265 10733 7787 1593 18782 5941 11736 9288 27984 4526 4511 20553 29482 22006 22260 6535 2233 11295 20347 27079 25489 23397 3396 22038 19187 15679 28466 8312 21690 19661 6560 27283 13224 916 18994 32265 2901 32669 25148 28008 25787 24300 15377 16522 28360 22900 4408 10159 16176 29496 20089 6336 8974 26690 26706 5152 25256 2820 25016 3679 24248 12254 28290 5096 15596 25402 16204 4472 30742 5000 23263 10481 31797 14561 3924 5794 26617 8400 6187 26875 2852 22641 24738 3254 20647 16890 6801 30297 23968 17509 5842 2769 31842 16623 24328 14817 18620 3780 1756 28965 30814 15479 30231 20593 14882 6968 8898 7246 28608 12944 6730 18130 1698 22751 1957 4342 11853 6423 19554 6289 5389 17003 21706 18387 2705 2679 28118 7664 27332 31579 8533 26575 9741 30228 19807 1035 4077 10318 10649 30048 13090 22930 2079 9951 19667 21921 598 8981 31411 13251 29181 29037 27473 20270 3849 13568 26782 27539 19742 5791 9515 3002 17798 27111 21815 28211 7965 7630 25769 20902 680 583 17221 4789 5664 26398 22662 9902 29908 26422 5757 29992 1035 10609 25301 3183 26040 27895 19846 10792 14454 15664 7436 5154 20257 380 28009 23145 5406 30272 17574 7266 11429 8540 16692 27352 26595 24712 21953 32541 15000 30268 13042 15422 4346 10962 16577 22789 30727 5996 14068 2223 31676 15486 4419 10954 9480 1219 5067 26257 30224 
7802 21249 24230 3720 29892 8057 65 27136 21969 2647 21095 18191 23032 17165 8777 19329 5804 18911 8762 16082 11021 14256 14142 24749 12814 29588 5954 8283 30658 16652 26488 25360 22162 29651 25832 14582 31479 18467 11596 28626 18439 6150 15712 6975 16262 17156 20570 3020 21842 125 9832 24477 13205 5383 15301 3315 11360 26183 5282 30167 31656 15978 4452 26729 10631 10481 20101 29165 13325 24189 28789 4847 11061 26301 32256 1531 17705 24365 30385 29077 26713 10507 12075 32606 14430 11345 6713 27916 10012 14570 25497 29243 30492 10696 29480 6671 26725 9369 17485 29242 29595 29657 3903 14601 20981 11173 23275 19443 29311 32692 21337 24753 9339 12445 14384 14642 20373 15077 11326 21687 4780 16456 2445 1195 26795 3212 13506 30525 22639 23532 28321 13248 18508 26254 6889 19221 14159 27167 5607 18304 24269 27940 26280 1084 8825 14382 30686 32456 16073 4126 19217 25388 645 19955 18713 15856 9429 22121 18027 1028 13418 2662 3906 18112 15403 25849 425 29159 27384 30071 23124 23039 17545 25878 8102 24636 6463 8601 16671 30082 25419 23204 30920 32349 18559 30535 4963 8893 460 21012 3303 9719 24910 14256 8550 10745 4216 7698 21665 15588 17918 17221 7897 28410 18780 16524 24655 4279 6267 8995 3459 14345 14650 2456 6502 32000 2532 11764 19595 31685 30750 2545 16774 19461 31549 7090 8777 21901 17829 29170 12703 10224 19253 29753 30560 10121 13054 15556 6208 19688 6776 28799 31926 17441 17178 15863 3882 18355 3057 3426 32577 21662 23430 23468 20776 21357 20154 7387 12595 11579 25699 5386 27645 28683 19164 7833 27159 16659 10281 26866 1852 9788 31717 20875 5223 28990 27365 23839 25412 6111 6249 5957 29470 12188 17884 25740 31337 3120 2161 16764 32300 22741 3207 22223 20519 14761 20047 30624 20250 14494 
12109 20430 22878 14037 2298 20567 7867 31576 17706 31718 4134 23690 18239 24480 8338 26484 31495 9695 5624 12125 28325 23731 26123 8826 3355 7447 2139 30064 21407 30619 7951 17610 18932 16326 30247 29422 2265 7314 19257 17969 9411 9852 29548 4348 21028 20626 22062 21126 28536 19001 10939 2920 29676 13296 16857 21666 15692 21711 19274 24920 28378 18733 2712 6692 3485 23156 30301 10109 19101 8654 19154 22249 17643 11660 12464 21614 26480 2247 26319 20995 27163 3059 12174 14000 24575 24824 17299 9169 14696 17629 6287 18208 3794 9001 1376 20443 7835 17634 1819 9609 15107 15762 25757 1481 5282 19943 29181 18005 13086 4080 15779 25095 10769 8934 30221 15995 30347 22705 27834 6448 27275 5706 10499 20133 29377 11212 24749 14167 11964 21462 19470 8654 27489 32183 23043 29140 5614 23397 3968 7881 22677 31375 26257 11741 23479 12066 23315 29413 32404 21133 30983 7565 20335 239 10691 23314 14162 12555 17731 24333 8751 10926 1043 5500 32130 3202 22539 22139 30871 24147 18554 20826 16479 26043 7061 11820 26869 24433 28704 20732 14295 27650 12684 11642 32190 2711 3640 8118 16641 25362 16742 6891 31407 3763 12201 16419 2674 12554 7119 11269 16691 4306 32389 3102 10476 4523 28321 2640 12823 23026 3452 70 21794 3667 1890 26773 17612 23999 8245 15344 5258 24520 25741 17139 4748 17303 30305 24128 9516 5130 31482 27572 28477 30167 17913 25185 23547 10702 17286 23575 28244 7540 5132 9680 22687 12668 4018 12819 8257 27517 4502 886 11428 11673 15582 13105 31748 27396 7991 6793 4031 14667 2334 7713 10836 16655 1162 2308 31791 16749 22604 3192 11535 13 26415 16498 14099 25066 632 26101 9269 27901 12428 20137 8407 27043 7709 31782 19174 17361 9906 16124 2379 6998 27595 24375 23839 29838 1560 22001 
22897 32396 32229 31007 12473 32554 4724 9276 32080 11056 27532 111 15975 15994 14122 13483 20562 6484 12334 8365 28502 23552 25137 27728 3074 11442 23414 6128 18773 30179 27265 18721 9926 24924 13964 25162 8817 27090 13481 26246 18668 7800 7692 13409 26618 10140 13552 28876 25774 402 21572 27256 2387 18524 28407 5732 15139 11172 28056 9271 18740 30441 15069 27715 31579 17079 31604 26121 8193 14943 21471 24631 19835 656 21560 32406 23851 24243 3536 21108 9934 17369 22885 9159 19838 30076 893 5917 9344 14002 12285 6769 11619 12139 21377 4624 5995 8747 23540 29151 9746 29373 16047 25853 27795 6979 4470 5035 3883 31453 6619 15741 27348 19203 7107 11613 8860 12621 19561 13598 3205 16799 8953 10767 13527 4961 25585 28883 29132 26746 15890 11962 12390 11245 2661 25796 18331 17491 8461 6445 13461 603 26462 4780 18700 15034 13239 25585 21999 30495 22970 9515 15428 29580 18977 15659 17879 25598 12704 32685 30473 16984 26494 11666 26247 19241 14895 15109 19893 21934 17700 20052 4564 4314 13525 22766 25036 4438 15739 22518 1332 5009 12582 22878 24210 13832 1883 14559 3323 27695 25554 25878 4647 32153 8925 15559 21824 4934 571 1427 24947 27004 22126 14896 8949 10952 6425 12678 11157 26129 23776 27953 22855 32233 31630 12001 7994 13002 23185 28210 8752 29538 26367 1496 3877 5565 19232 29587 30749 11339 16346 4229 6126 14272 5767 25567 4869 13083 14422 15431 31141 169 20846 20623 2298 15991 28248 22322 22989 16033 24595 8628 28900 29656 3932 25432 7031 15068 27168 7042 7743 25890 13287 20762 7843 13564 26669 28701 11029 10765 14858 6192 18640 6998 15014 13022 554 16281 830 11864 15988 31941 32001 27187 32049 20361 11650 31867 31450 20566 26172 24166 27610 5346 3223 25477 20812 25944 6534 10471 
2689 20440 26216 23577 2662 967 16143 16625 2605 7917 13880 2859 21093 21438 1645 1968 8880 1252 27498 15169 15984 18488 28968 2814 3127 32722 18446 2063 11554 5533 17745 4649 32727 17677 25352 26799 13029 31408 4562 32047 14106 18275 15528 1749 13834 29765 14079 26972 30796 25201 3193 3559 15533 14878 26828 23577 15034 25472 9131 29123 23091 14174 15732 10672 32344 11261 20738 4352 18241 13942 23230 17042 19769 28317 11802 15523 334 8885 21473 1367 18183 4634 21527 29843 28517 11110 1357 15452 29725 6269 3301 30258 6934 27910 14718 1127 10680 22433 26439 15563 15142 4231 16465 13402 25120 1854 24998 26718 14387 25980 5382 9648 22168 28212 29240 22890 19839 19614 21222 23294 7686 11605 26743 27970 29355 13454 29605 18942 3577 31866 28521 1922 25265 30167 22621 2500 10177 32482 29996 30629 13151 4813 21873 9876 18898 1402 6101 17361 16136 28306 13562 28829 4248 11665 15235 2671 22361 3097 6653 25391 28178 21298 14877 15620 12509 17367 10227 346 15597 31526 8563 28566 8886 29813 25904 8185 25231 20886 10693 19707 14569 12195 17556 598 20888 29153 15169 14950 478 21468 7262 13511 3755 27925 4612 20622 22802 9189 10910 13682 11203 1144 9411 1836 19992 25460 12577 26430 13656 6726 9354 2607 21174 17142 15317 22054 23985 29826 31209 10458 11599 19934 4210 18222 12676 30201 12237 21211 25980 24605 4547 11071 20616 29761 32156 21776 27579 11065 14215 32154 26719 21036 8952 19111 27800 23436 27326 11850 21081 11190 12041 32578 533 29832 11304 113 20039 9512 29346 32644 23930 23125 8566 12879 29730 14693 12070 21838 9233 14920 31623 19850 28144 9391 1687 13778 6642 27522 3276 7493 732 9250 658 32523 14318 16472 10824 18930 6967 31860 16551 2848 22110 27187 2363 16277 15690 24036 7693 4396 
20267 27226 22851 30383 31495 16700 26281 14798 16450 6401 10249 17022 3095 32188 9792 23817 22187 18243 2189 13169 12317 22491 19716 31362 15472 22033 20705 6067 32277 6953 28949 10432 23309 30645 785 4646 30366 3333 4323 29054 22585 20532 31738 3468 5025 5469 9369 29914 25677 4895 9710 5778 5630 19648 24919 28823 24157 6680 15859 24717 71 16011 25883 16306 24528 6358 9947 19586 6014 22164 19519 5399 6008 3605 4104 4149 28632 19198 917 10802 987 20582 31881 25801 27247 26903 14610 3545 23804 30941 5653 24666 2431 16100 274 19812 14831 1133 19787 23748 12171 30659 8190 30895 8479 24871 32118 7308 19620 406 23343 20873 21729 7212 12822 5805 7029 1880 27670 853 5926 3021 4953 21363 2682 6527 8253 27882 18095 48 17333 4746 18410 10204 28178 30721 18739 26920 6859 21237 28456 4074 14562 25636 2267 7410 22731 30750 4086 7694 5557 7298 10481 28454 16229 4998 24015 30321 8615 9366 6331 13317 9754 23243 25056 22871 11926 31002 32598 4291 5219 14769 26540 8626 13158 2214 23287 22073 23785 2571 3696 23231 1243 30799 5567 9421 12077 9165 17882 1829 29100 23603 5389 8080 3953 7544 20792 7886 3602 30019 3592 13312 30982 13238 7953 4609 20571 15748 640 4029 9208 31921 16018 9427 16466 27619 19062 13876 23565 8075 30451 15848 27798 21313 13371 8124 22377 6307 11587 16762 5325 14655 16543 806 30541 11652 25015 26481 11224 12806 27397 26854 28621 12001 1078 2861 6262 7506 22816 11666 7995 6611 20882 26008 23011 29380 26344 9908 3165 30387 32632 13751 7463 6169 22311 2491 888 10869 29181 23171 13517 411 9560 23199 5774 5808 3408 16280 10802 17199 6538 2678 24169 30777 30803 25178 31300 32570 6895 19826 22654 25139 24953 6596 17094 13969 9301 7027 6907 27897 
8143 13497 10110 7566 7290 14671 20479 917 6399 19842 25108 6860 11016 21114 7277 1830 3614 27437 4085 8761 12196 24383 4980 13678 7767 3066 23254 29538 5725 23280 26318 18 7092 19807 9720 25309 20072 22944 17695 27666 28401 14572 7117 27235 18133 7033 4303 18687 13734 15298 28731 14181 7624 4791 22190 31799 8147 14348 10812 22241 17797 4292 14551 13116 18489 25588 13476 4008 2303 10509 17483 13305 18227 9379 31686 12541 22745 412 19222 13728 22785 12519 6753 16900 19189 2786 22310 15975 1247 9753 4649 15818 26839 19795 10319 4279 31587 13315 20908 7203 22508 30989 17488 22876 10267 26054 10123 10634 25947 28845 30256 29556 937 12651 5182 25286 14476 13496 24905 15963 28456 5435 18929 12797 13832 8824 6176 14536 31728 26298 28443 10223 22942 14975 23760 20027 18873 17180 10569 24890 5411 27555 30646 31163 18548 26981 23333 266 4712 26754 445 22094 27508 26022 29866 26427 1929 12586 11911 5024 6179 10851 32246 11134 12008 17668 30419 6964 10980 22937 12728 19543 9794 15602 17764 20377 27465 22149 7323 6127 9591 13562 32400 19024 27289 3755 20641 23359 32385 2173 29142 19566 5753 17209 30271 4762 32584 30856 1106 11844 7840 25190 9465 12469 21198 8963 13116 14942 1327 22111 17432 20266 3179 12396 32701 5509 11556 8054 16106 31741 18437 1246 26534 7395 17376 30771 1546 28844 12902 24701 32409 9878 1485 19835 1044 896 3003 28490 6407 14701 24995 32027 14533 28409 29924 12064 21107 26242 8329 6304 19621 15870 15547 15930 1748 14145 21900 19951 8820 15145 8006 31135 10895 22567 7253 18326 15743 511 9580 2655 15320 26737 26345 10237 24953 18681 24389 15608 520 10968 28905 20578 26837 3255 28827 13031 14195 9820 3669 10463 26139 479 6376 27951 17548 7076 9541 580 6804 4683 
24722 20670 11484 4309 10045 27786 24899 9927 10729 1533 308 20188 26241 28208 28425 17712 766 21666 4255 27494 18745 27316 19116 29972 414 902 28696 8899 23466 21982 12265 8544 7702 25713 28975 3323 32403 25678 30134 16075 23588 11322 21437 26688 32178 23890 8024 11687 29790 22620 16995 13355 3886 22406 1501 17256 10150 8496 14483 23356 24621 17666 29473 23478 19657 4276 19539 23913 4574 6416 26999 15071 6394 4709 19623 32048 16228 26662 24058 2516 71 17158 18806 15274 15402 12169 3709 27363 21507 31013 20911 1066 20041 32115 27509 3558 129 10779 31326 25178 24044 26399 5903 31100 21217 22008 25617 9154 15206 28642 4270 11778 28927 21292 3966 17036 11282 9376 21206 21881 12474 14790 18700 5764 15018 19741 12590 28035 14085 12749 27570 2846 6423 8906 27226 1797 1911 17312 8646 10887 22729 20055 16697 10876 31004 28632 9804 13043 32657 10055 29754 32614 10117 21519 3511 19439 10073 11023 1070 18821 1773 9578 4279 31667 22495 8462 32468 6258 24557 11112 615 31335 31592 3784 31421 15273 27491 3853 26040 807 12985 17507 5816 6017 19856 22491 13908 14659 22617 2264 19297 1284 2094 14185 18348 7134 9587 16258 13937 2200 19504 13513 27915 6042 26462 18907 5380 24170 6641 2467 10770 21321 32737 9936 32544 2054 22071 21587 19104 13042 31196 26482 19562 15014 22290 22844 21972 27366 25623 29268 28176 12457 19585 26731 9635 19823 23151 32708 22695 29629 4005 30561 21810 20873 28843 13681 3433 18198 10833 7817 6047 9557 17988 13586 8096 28327 8348 14497 7307 17580 11546 7361 14436 1513 91 30792 9831 19537 10073 2068 27223 22446 28559 8956 0 24330 2785 16833 21802 12468 3191 31962 4181 24890 4734 9300 31758 177 1893 10039 10604 10930 28550 22632 32666 9454 30837 8836 24489 16243 
12560 31501 3043 22352 25317 17019 24958 7449 4716 23517 31184 19080 6974 25409 6823 25114 10742 19707 23848 20031 13265 6815 13362 9874 10782 756 9227 9217 521 20703 31344 11510 3728 18112 12095 5007 9473 31834 421 5125 21434 28049 1706 10090 22559 14762 7265 14408 7269 28422 8436 2927 30069 17626 12073 657 13015 23425 22565 26334 1915 32150 3813 19037 3144 24997 6775 15832 24683 28465 1505 27557 25092 1192 22073 36 1924 25843 21296 13687 16345 10002 3185 27182 24276 32743 30960 4527 15182 32590 27722 7603 15389 12490 21178 20612 29823 10440 29302 11685 30373 31468 8350 4647 29414 10405 30638 28364 6159 28358 17863 27622 12472 19543 6677 22866 13762 14461 11353 23004 10695 24725 26083 19653 18527 776 16246 15076 15671 707 10632 26395 12781 781 21722 27698 24920 32024 2234 8704 1728 32754 4111 27785 11247 1810 5870 30636 9564 5024 8589 8696 19472 32503 10794 32304 15154 2192 21079 10388 28387 7387 16994 7310 4868 24824 8263 29854 26898 17301 4089 8136 9920 7462 1560 4146 14905 4548 17575 32299 28855 25909 5216 29975 16701 13828 28574 28878 4106 12536 14299 16461 31342 6488 30275 30216 11032 27996 17193 4265 1606 24679 322 25971 28641 29460 19860 16280 4382 13574 9216 13566 16558 24706 23234 25334 3428 15738 14720 16848 16892 11938 30784 28819 32412 25257 17910 11626 18987 18748 18824 17937 14798 25871 25631 13747 4930 4464 4948 8936 7718 30285 28638 5082 29228 18020 2684 19327 15565 20747 12904 1005 15549 29284 10109 7345 30297 16035 26376 16414 14259 4766 14592 4971 27795 22790 24519 4954 13302 32232 31994 9168 234 7580 4747 22702 9962 1402 1760 32106 13232 14357 25231 14315 25178 8823 19192 25000 17002 22999 20170 2623 8802 13491 24662 20381 14220 13423 2738 2455 
23250 2387 14360 29748 5906 1036 14495 29247 27137 6913 2115 26100 5390 31321 7171 25201 21359 1123 7822 7120 21795 18015 14146 27654 7584 32748 14200 11728 13948 25180 24244 7714 957 6062 30677 30944 17638 23148 14859 24617 26368 10905 24786 15811 7497 3159 29728 17231 8358 14411 31399 5322 20021 22452 4735 25336 4156 6980 25743 14150 18882 2726 6348 14557 25772 2116 13245 29248 22618 19499 24139 24173 15714 21781 28645 28928 16495 29208 15259 31275 20272 5861 30844 18551 10973 2102 16838 24336 29947 1545 14792 28632 25675 15310 6450 3553 32110 24088 25113 5616 14050 21275 2518 1425 2762 29391 17033 23401 23017 31639 1147 24166 607 24538 15202 5467 18187 26002 9721 16346 1043 6762 13226 27048 13356 12329 2856 29165 18442 5904 1463 26959 22548 5553 16625 8084 826 11335 17894 27873 18533 21726 26269 24333 29975 9321 5647 17744 19083 14253 26598 977 32500 3976 8438 18121 29024 21683 2479 2192 25679 3389 11060 19340 2052 24497 18461 2146 10022 28983 25276 29150 31977 27570 21831 30980 21138 25842 18856 106 25043 8999 12673 6876 19009 19370 4676 9537 3303 31305 29202 6386 4705 19271 25962 16869 3709 8206 9185 11796 23056 7197 13771 8016 22183 29175 14530 22911 22004 18501 18856 19163 99 22083 21757 1044 14310 19495 26757 30827 26684 15400 9255 31871 2825 20653 31543 28460 10656 7341 19796 20125 14390 12129 24406 144 18333 10425 11527 4676 18778 29984 28469 12886 18193 6749 18002 21633 10505 8817 3334 23879 16093 15649 6531 8725 12310 14787 4241 6384 32190 32333 2796 26452 16001 13807 15172 9168 27474 24854 8339 27849 2004 18891 16241 9815 4087 20307 28545 20878 22113 10616 8471 3882 22825 20614 19582 31994 31720 4945 30462 10639 21932 9601 16334 7586 25883 22207 5670 6855 
29207 1617 27392 19999 17866 21335 16207 17825 24586 18247 37 29992 5449 931 2646 27420 17778 5926 16915 26234 5258 16294 21664 12686 779 10528 12014 10271 23354 13575 28429 12855 10271 28175 23322 10839 6032 28076 8373 31021 25693 12211 30208 13933 32284 17777 12610 8903 7961 9581 11414 14596 27582 15612 6568 27122 7854 25586 9121 29731 8053 21894 32669 20913 28447 20882 17241 3346 12951 15336 22599 20552 7290 18560 17951 4838 31377 2955 23627 3118 16971 16279 2763 11237 27052 22965 11203 1326 6191 32095 7085 21966 6755 11184 14614 28272 12504 11690 8371 3475 23444 25297 7353 22957 5824 11419 22357 2708 12106 13570 14081 26810 23281 23731 336 6198 6465 30880 7132 31662 15615 22789 22117 21275 4303 14100 27853 1349 32652 32164 22950 4770 22030 14772 14169 5253 15000 11379 21365 12364 20439 368 13909 14747 12820 21366 13216 28828 24225 26812 15834 3520 6316 6833 16111 23906 11928 18559 27917 27843 15124 31541 9424 21279 25944 21488 9880 27505 17939 19057 8449 25615 13881 2353 12121 25487 23833 14576 17046 31839 15453 16443 2506 22155 5971 28374 15703 21637 23726 11144 58 24401 7043 19483 9839 24142 19729 3365 28140 8700 7166 25119 5270 31315 316 19169 15880 603 8003 10169 25933 7453 18696 7398 29949 8734 26455 14657 27232 8781 4735 28878 28871 5282 7011 20779 10259 10306 9874 9788 988 15877 4047 745 19967 7321 28392 1531 27827 6738 11413 4789 14194 8893 13107 23835 18243 25457 11091 17126 9508 7489 6344 18562 11561 27885 8838 32463 15075 11983 12992 31164 5671 5548 9226 7756 21494 32616 11813 12808 24132 729 17859 17202 10560 17358 24514 31906 24379 26652 18071 32233 369 18896 2326 6722 26547 26572 23665 4915 19270 3444 8305 7408 21968 26035 8054 10565 24318 2608 
31314 16623 21576 26928 16160 18207 16920 3213 17972 18971 24287 23753 22371 8594 29490 9761 11617 15292 8830 14202 27796 25143 11186 8147 10194 32244 3333 28419 15374 6922 16704 19986 29922 16694 4114 18378 7291 8838 28912 22428 5310 8102 16789 15686 4892 29350 15846 14566 19850 31210 23683 1684 4503 18320 4581 4005 23922 13998 9904 10170 24397 3130 20249 18741 23366 12044 23963 32024 11573 28555 7191 28354 29463 3080 1592 20429 16789 19342 23675 31305 28982 31409 12765 11423 27874 21437 22088 17723 30019 1618 1257 13229 158 17561 16680 10274 6943 4860 13240 17003 23945 13684 9170 31456 17324 11207 20899 24037 16027 10275 14914 6745 6672 20266 3674 25509 12440 1178 5348 30235 3296 2405 25281 16606 30721 25955 27978 26170 20830 19385 26791 6978 29324 26246 12046 4701 19707 6521 26387 3920 21951 15870 17215 28576 6985 29057 4907 20481 23881 9634 22132 24662 22243 14580 18401 23943 18278 1271 15964 18489 884 7645 20318 4259 15338 24558 16480 31051 7672 15850 26289 2043 22830 19260 15146 4349 20099 7227 18084 3928 947 267 17800 25505 22623 15699 20226 21457 2856 20734 22721 24884 15318 6903 6671 5065 3470 10747 2820 8183 7855 16350 24189 13351 31244 3165 6994 1360 25204 24023 16568 30483 32617 10395 17640 30192 13222 7774 10216 3216 23948 7623 9925 23789 19252 5426 24220 6434 22536 8874 19099 12392 5957 28278 12892 27180 20315 23421 3561 5868 28811 23800 3923 12006 30317 530 2201 15580 6818 22191 23372 7961 6874 10343 6632 613 13428 17976 17979 9333 1381 23823 15411 2410 27608 19636 18816 3953 14563 25936 17644 30097 11893 21268 3210 15365 7498 30072 21110 8119 2676 16131 23995 14927 5830 3704 28268 737 20770 5577 9442 28039 8103 28167 5400 4889 31909 21080 16033 17364 
2402 20066 30505 13639 16132 20416 6615 10877 16418 27278 18321 24141 3354 16611 4167 1970 5423 13149 3873 29440 17596 29249 23264 19430 20038 22335 24541 24536 5713 32125 25058 16129 6465 17251 985 9118 2631 11210 30777 30436 23802 2797 9521 31800 17773 23169 15488 3768 29712 6838 16701 21536 14264 6095 23482 27558 14419 1673 758 29479 18285 23889 1783 19535 2160 11995 26175 31934 2397 23035 20745 1720 717 25767 19722 32227 14278 14147 17653 12538 6179 10257 18366 29951 14807 14879 12460 3069 24047 30497 32337 18568 21055 13981 7873 13934 32052 9815 12940 29734 15432 29168 25405 5467 20418 2689 13626 21736 20943 11039 2451 15759 29036 1394 24623 29467 3905 13751 28057 30677 11479 64 20399 30285 23913 1749 24645 23810 25769 15656 26910 12562 12284 13338 21435 29333 13160 18758 8613 16546 10941 22754 14548 15969 23930 15682 21157 28557 15245 1881 2516 31210 28534 13539 23446 10453 6742 24873 30113 6447 8070 2589 17113 597 29676 1037 9759 20821 23857 16940 22847 11002 8591 23517 6627 20880 25326 12853 1286 15108 3252 14350 18266 369 30648 6865 15403 16803 8200 16309 9562 863 24583 14654 12175 30409 24208 5382 16758 25176 12546 16878 20002 6560 27140 22865 17994 12181 25755 14078 30612 29555 396 8628 24252 10079 16710 22398 13312 25045 18090 4687 27940 8101 15152 7729 2098 32246 28972 17839 5420 3128 8937 22651 24631 28980 12654 983 30364 30008 16472 10721 17141 32501 17347 17700 30050 14962 8920 21943 22527 5459 21446 31802 23969 14714 15400 19699 15943 24684 2799 17579 1917 29400 13985 32529 10870 19205 7120 22288 29027 22935 30048 14339 11467 23612 2126 3911 5421 25817 11686 27543 5340 20411 17543 6129 5778 4041 8888 8189 28911 17624 2612 3013 31460 32418 5016 29560 19737 934 
9791 16055 23921 6562 1503 9328 12378 21116 5228 32228 15466 19395 30383 4818 30178 11588 18558 8240 21987 22642 6488 8994 592 1921 17422 14501 8039 21782 17985 15854 23096 2435 15275 21714 31216 10327 22551 29838 5738 8339 3271 10992 9199 3274 30457 19272 7498 9810 18425 19290 8180 1188 3673 3373 4121 26405 23930 13249 10715 647 5283 15432 30326 15836 19487 27727 25192 9534 17812 14602 22806 14465 32180 22042 3842 15009 3939 14931 22640 28789 31486 14669 17475 11552 21878 29473 28863 27436 27769 6307 11399 10329 24264 20536 5696 5581 27905 12279 19806 7353 15774 2712 21262 12865 3088 20591 21849 22458 14751 31120 18785 6204 25636 7029 13270 24599 17857 32423 27672 18608 16238 16964 6581 8435 17032 25777 23670 412 24422 16327 26458 8347 22543 13933 11891 30737 3411 31800 29117 23212 22137 9510 30672 22061 23195 23020 2314 455 2508 21142 11688 23697 10993 11490 28181 15337 6917 21998 29200 32461 15743 25802 23889 27389 5084 22547 26745 10132 31919 5066 2068 3957 27756 8904 10431 1970 15134 27243 10351 30402 5941 32368 14014 16640 16106 1524 22364 10246 5091 27036 23437 13682 3720 21891 17315 7132 15465 23508 22717 12749 5253 2140 960 7089 959 21256 7921 24248 24435 29761 2636 13618 17252 30746 7979 29164 13336 4001 4533 19805 28545 28353 9420 10385 8165 2541 5964 3419 13868 5837 26779 31489 28495 12216 13602 9556 11424 20858 27036 5949 14052 22772 23981 12785 25439 18434 22354 30143 4255 29161 20455 21869 11648 28198 16558 19033 12186 21762 26892 5496 26667 11218 21646 21715 11303 912 8852 28374 20369 1040 2637 17737 29387 12309 20053 14542 28743 1385 21170 21703 24986 18485 30358 28051 8179 24800 11520 21806 28638 8488 16972 29998 3218 27441 13732 20464 384 5558 20325 32323 
14339 24860 31140 23210 5386 27282 20901 4027 23056 25957 14480 19374 13158 16421 12234 4466 11721 21679 7210 10866 23323 11126 19293 3710 29086 23247 21645 21182 8411 18286 17548 16702 21975 21539 18783 29911 30997 28207 21610 25347 11785 2484 25875 29471 4207 17087 12035 6065 3073 27296 30662 21437 10534 24782 1734 22956 27036 11134 1517 2948 18058 13764 27154 27787 19705 8009 15911 12949 16028 23831 17581 28010 15430 26409 5149 21171 26243 1139 3360 17673 9501 25580 31658 30149 9620 19416 21519 4436 12302 15187 28492 26283 3836 14712 11350 13864 3822 5849 28879 814 13562 17670 27908 14125 9878 26443 5287 14054 9613 14198 16550 13467 10073 23482 11933 17185 17048 1382 7537 3688 29569 2380 21760 1060 22604 14789 8080 25292 11625 30359 30559 19919 12230 5719 26682 19668 4429 9737 29332 31008 18446 15755 10995 28116 11618 2299 6918 10535 2141 30657 14781 21399 28658 3086 30851 30918 23933 3446 4904 21997 10810 3197 17718 10640 25692 23602 14305 28960 21270 21948 24379 14606 14148 31854 32143 21234 7613 18785 23292 5845 12424 18692 10861 16430 9102 25455 16050 258 7058 18872 32265 7287 3541 2916 4268 20923 6458 7834 23719 4995 14775 30520 20855 16548 9283 24653 19921 42 14837 16721 24707 20545 3729 9384 9970 20920 3390 32411 8460 21684 23585 18654 21966 123 32162 6825 25774 21965 7210 32400 26366 15584 11323 31180 13782 24917 15416 19417 30157 17960 698 10310 13819 16847 5689 751 9478 24456 9618 24225 20565 24284 16048 20905 3063 5314 14733 32560 509 13244 31504 6566 2308 6559 7868 6117 16326 28300 21215 6750 27677 32419 3968 5065 4159 17211 10543 31781 19581 21498 23044 3536 701 22760 15551 24242 9957 25592 16312 26741 13690 8364 28698 10047 24844 16269 18781 19743 1077 11533 
16439 7847 2595 3937 20611 22281 12424 10725 30849 30499 6455 15957 4447 5508 15040 16652 14666 9604 13828 16028 18499 1481 21763 31638 13882 12110 3994 21672 4656 6258 19051 11457 25454 17453 31201 11062 25818 6089 16213 2912 30036 8917 30635 4660 3008 28939 24113 17628 29348 2729 11966 10379 11019 10979 592 19865 15427 18920 350 15827 27781 9887 15779 9512 18104 29463 28945 6337 28132 13365 6106 9850 8442 15953 13317 25313 20480 3349 14020 16533 700 21289 2286 31215 2950 16620 24118 27912 30822 5788 28092 939 26563 18162 31274 21202 13900 18185 19220 1992 16560 19263 11124 30609 7278 25721 4018 27891 7309 8905 25052 18747 9725 19339 23712 30893 147 7219 9405 6075 17033 22891 23629 27435 23189 9309 12791 348 6405 11937 10608 11580 5571 19821 913 15140 2825 677 2106 27663 18960 29640 9690 18980 14130 21110 23923 16861 19427 10016 26699 19816 21387 21684 6054 5250 30736 22182 32216 18799 24283 9593 18039 22184 27567 19548 11467 3813 28548 8814 11386 31948 21716 9296 22516 31404 14707 24803 22477 11858 30841 31289 12509 21070 1977 16563 2958 27391 26438 2597 24071 555 5950 26334 3648 14656 6695 4828 15090 29263 23125 18617 13672 23669 4938 31531 25292 12418 20225 4562 3561 23543 25818 25194 30406 18808 10794 20203 26108 4189 8204 17845 15358 25058 9833 17517 32754 29868 15981 20064 2167 7586 176 17951 3705 29163 25788 18857 14072 14739 23844 13933 21299 29739 23200 3033 16496 30678 21359 24311 390 8055 10540 21278 25529 31035 6661 4531 26042 21878 30761 7836 24967 15166 5458 29368 11942 24629 14391 4523 10851 30653 15504 10502 65 6974 15066 32009 1720 12248 28421 7992 5809 28790 31024 25706 11904 30819 19293 21501 15343 28789 16321 2692 24294 406 26414 24763 23937 16807 
1330 29001 14002 11740 24062 2742 20906 474 30010 13751 11790 17779 20761 28359 20999 15300 1379 2689 11687 17906 12291 29621 18541 9939 20867 16192 22199 14968 13586 28525 12801 25192 15796 18964 21100 14443 14064 22801 13271 18071 6142 32372 772 13922 29753 661 11386 209 22687 27920 19378 10805 17481 15057 4344 8454 10782 20490 11423 32536 8922 2159 10135 894 5204 8262 10142 30574 15562 20720 22861 21666 23265 25538 3470 1654 20762 14928 30842 3374 633 27929 32567 815 15148 32082 15619 19256 8188 28489 21744 14980 16695 10633 18384 23255 8606 26290 31410 11470 2145 23915 13414 18915 29154 18954 17054 20231 486 24560 15155 11886 25770 29114 7290 15801 27640 16729 16916 8079 32044 16259 11133 7044 27504 30217 26552 27834 16802 18151 16368 26663 11582 10381 28832 6918 15351 21058 543 13779 12447 4331 18295 452 13089 15480 11362 22841 1719 738 8607 11182 18046 31736 23887 9493 21789 20470 23711 14542 13115 21734 12518 6391 7995 2696 9498 32308 18210 4361 11244 20789 25221 3404 14346 19090 12791 1305 3070 20490 17858 6115 19136 1484 27563 6823 30004 30548 32681 23568 7091 30192 13644 6328 31428 13023 20422 21459 23809 17122 4849 6305 3769 17928 13675 15939 17049 1232 16387 25713 2022 22373 14269 15722 20478 31177 20135 7753 2389 14977 5605 17348 18814 8971 28094 24163 299 139 19625 5508 25448 13551 19658 6785 8788 4879 9160 32588 30129 17261 17043 2056 15252 13102 12117 14302 21432 896 2090 24565 21005 23422 23441 6574 14951 22016 16571 20721 25076 24463 6083 26821 22605 30071 19112 1848 2837 16328 28338 15966 22053 31251 20265 11800 1076 21679 21987 9884 25215 16618 28627 23971 4464 14243 21575 29367 23687 22871 11610 91 9328 8825 18357 5235 13212 22159 15235 2899 17088 12581 
25991 17017 31701 4969 27480 2383 8169 20605 20106 26416 28617 21495 31906 22284 27199 1358 19147 200 27641 28313 30290 31384 28318 9776 28514 628 17717 30396 30904 23308 8695 15893 13870 26817 29982 19560 11601 1461 9252 23533 31040 27352 1579 6622 6271 4964 26293 27010 2609 14547 6700 6436 25885 17719 5366 2033 17176 22123 10594 18577 1684 2469 14686 7491 29399 31503 26976 30125 15754 645 10899 19722 5578 9604 5352 4203 17603 30317 31741 32340 17468 2842 12862 28614 15669 1916 8685 552 15837 32494 17306 28445 13451 11180 26197 1623 28526 13088 3800 11122 161 30746 22509 27203 27742 3389 2038 32014 21801 14440 31670 10110 4676 30413 5454 7898 18003 12634 5269 16772 22112 19892 4592 22530 12165 30369 19053 30651 19709 7661 22923 1606 25054 32054 4869 32130 29565 23938 24451 9748 13670 20431 26334 3285 27477 21818 31644 27308 29029 31996 7579 28034 17453 7394 26178 28367 28023 8494 10777 30790 17355 26680 25031 11425 7465 19114 22365 29042 11376 22746 2145 25330 6163 30790 9009 24066 11753 1478 17843 8466 14183 12802 10230 27080 4567 18564 10735 27250 28229 12321 18035 18144 12248 26436 1683 6431 6957 16015 17497 16588 6121 23202 8399 4987 25375 12647 2546 1994 23285 25086 22540 8406 13394 31950 11998 21854 26459 22755 12721 3205 27430 5630 25652 5588 7989 20506 29542 22858 2059 24433 6392 26194 8610 17559 9003 30190 19795 19846 25079 26219 489 19837 32749 8132 28253 16229 14573 14611 8342 22046 26059 16749 8084 12658 31347 12104 15803 25916 6464 13655 4477 18258 26070 14246 7980 28125 30244 18286 30316 7836 15343 19823 6957 17834 11158 10002 31696 16367 30367 6954 20692 7288 10091 1949 19992 9202 21121 8669 11449 18945 21878 3623 21281 22986 8891 31921 6084 20488 11643 18807 
31179 16963 26817 30831 30239 16922 28918 25360 31553 13347 6517 4976 19839 30968 10291 28471 6478 30910 32395 4670 14790 27699 19423 6943 19180 23605 15970 23987 19125 23297 10427 10671 1588 20302 16797 27242 23386 10085 29202 2496 256 24397 31964 15094 7839 9411 244 7369 16625 17186 23936 6525 20875 11589 28686 355 23607 12345 10031 13990 5288 22871 23741 2969 12177 18190 1669 2351 6611 25761 17072 11807 14324 582 12498 11080 12903 23517 22879 3284 27939 21028 2737 7799 4911 5642 27420 5249 18389 6584 18905 32507 1616 8347 21673 25710 827 9272 24009 32428 3255 1889 22907 5682 30570 1141 1000 13162 28242 29399 17179 575 31446 14991 28266 5268 21933 27233 11125 6955 8822 30738 27517 5391 18771 23875 5062 25674 15131 18033 377 1136 24193 29710 22362 15836 24494 26022 11039 15479 15634 31985 31292 15987 26395 13492 22683 25502 21277 27784 18008 1539 26378 12294 29022 16632 4494 13281 10107 7417 31081 11435 17543 15043 779 30662 29307 29941 1279 6044 28572 28083 5525 27424 27598 22676 22366 1572 26516 2368 7433 26355 25007 30916 28689 23569 17211 9952 32149 5641 17821 26706 12023 18731 4755 5337 8548 15225 10280 11551 24185 12455 14487 5839 3277 10113 5873 13551 7703 7919 7933 16618 14425 13633 30966 13499 25093 18593 9579 27002 18313 3326 24717 5143 31541 28471 6309 26224 2578 6458 17848 14887 27300 15400 8244 11340 6728 329 27815 11340 17874 21046 5148 29564 4668 25495 1485 30572 3857 3087 26077 4868 28570 27530 16560 4390 7158 18502 20708 19153 10022 2753 15387 19050 26546 10774 30102 9453 28913 2451 15311 4602 21003 16870 18652 16803 1347 32400 4607 19971 9637 6862 8941 19003 28426 12169 10895 5591 22897 20634 3946 11332 19902 2539 14321 17752 25389 7215 5458 23698 
3279 21286 3645 28006 18096 30912 5291 27244 14960 30012 31702 20987 8135 24823 10356 27854 15292 21042 28830 25516 11372 3408 10821 15450 30142 5243 28746 28645 10476 8934 26612 22935 27780 5660 27528 962 31232 19841 2423 15720 26928 3907 9446 3278 17589 16186 26277 10735 17805 3397 16131 3382 14666 7545 4212 6420 17216 6115 3334 5560 23356 27557 5583 31044 25171 79 19625 17224 21586 8990 31191 1754 23589 1710 22853 16115 17283 3178 9216 15923 17631 32711 3314 4701 31677 31165 29573 23616 13748 5874 14013 16815 4330 23113 3716 17786 10834 6402 19836 25305 6231 3396 28947 26178 839 22832 20242 16402 24149 24201 15488 10811 32721 19864 4069 605 13569 21678 31432 23262 9725 8536 21814 3587 17261 31240 6969 1112 4433 7630 15731 30405 12290 2373 6616 4826 22226 23194 24079 13430 19250 27100 18844 23235 9045 17172 2807 2447 6418 5421 28024 24516 13175 29347 27798 18076 8148 11158 19654 10455 1242 31432 18344 26960 4635 25625 14528 3864 12099 11529 23439 13795 13705 24263 1203 14264 12493 22053 13220 23744 9713 29794 21199 32352 23619 32617 31776 13397 27627 16471 14430 12222 24554 3279 25176 4775 10651 13914 15677 11918 16553 23056 3611 26159 18573 29378 5531 4015 28936 1292 23100 6807 4996 8977 22797 19657 24999 20114 18551 22249 1402 3323 11512 1752 20966 798 31313 30694 32592 5734 5258 14588 20277 10694 11523 14144 9812 30839 3519 3300 1992 26455 16288 9913 8525 14516 13009 1319 27449 1197 4024 18171 22438 26913 25056 31356 11600 3158 32267 14269 27604 16277 29121 27939 788 10885 3092 14627 3065 30699 4428 11191 20469 32674 22565 16845 4740 8013 4892 659 11716 3687 31310 20032 8949 2597 13942 11799 29694 13147 19184 4300 4671 22831 9511 15661 211 29574 15691 19127 
2693 32180 9795 7031 31254 26684 5851 453 9259 26186 16154 22234 4234 14578 32328 22677 21455 12192 30939 25444 15963 5914 32545 24493 2163 6797 31530 20268 17652 21693 6153 6057 19346 15368 15981 27665 9656 7477 5635 16535 20201 12104 11815 6963 30837 31068 2383 22077 18713 5171 27887 16059 11844 7694 14779 20046 9874 1364 29707 3701 26964 26451 1623 498 513 1053 18713 15927 11611 23806 28507 24211 7017 6025 25688 508 6091 4575 17471 19746 23441 32144 27072 12569 8234 23834 5970 25125 14975 9020 12978 3117 3032 32763 26355 16930 1643 5376 24041 2857 12342 7336 21572 21702 10104 17508 28609 20063 15507 27781 22458 4236 28686 15963 14495 7170 7613 29263 5466 23133 13941 26056 10470 18952 13327 3565 529 32699 15746 4970 29591 10994 21958 16169 15499 6623 1489 7933 17332 17575 14099 15079 17459 18019 22103 17039 19908 2124 7212 1406 25988 1471 2212 32081 664 22542 19116 28331 7766 13781 5613 5903 30013 8856 27282 2679 16001 16086 23133 11751 28988 2202 22265 23074 5388 32615 32196 6552 2096 17439 31078 14532 29730 10535 1071 14183 26571 467 28252 5196 12272 72 23499 2366 13261 26783 19908 22834 18745 22563 10491 2246 27333 22567 17672 31894 26592 7267 14884 29274 20152 29897 19954 9183 6121 16273 32342 12082 17685 5347 28983 16004 16237 19311 23860 20786 11837 13762 31529 3432 23624 30249 24352 17637 11344 1962 10911 16354 28141 6045 18116 2043 26409 14149 9830 5204 18037 6170 6862 32140 1984 8297 15898 30503 26596 19529 14283 24560 3045 22183 32248 3532 17804 6144 29155 11075 9230 24359 1962 25235 1375 11831 16851 26054 26408 25626 10859 21011 4074 27921 32735 434 29191 5789 11987 27492 30847 15564 18233 31513 23855 30565 19058 25657 9387 3891 1587 32083 20168 5601 
3894 23043 345 25981 7275 13119 4095 16581 25865 25160 6040 30318 23418 31545 20251 8224 25741 22252 26419 7704 26753 13211 20821 1187 24346 6043 24912 17287 4907 23554 8097 2796 1466 20129 29397 31898 6569 23408 15990 8052 18456 20112 11384 4242 29877 2303 6156 29900 21195 6349 14266 30762 27115 19112 6550 907 27979 14035 5394 21569 22976 27131 6606 14823 20963 17155 22466 10537 17320 31082 24598 824 31439 5045 27862 17410 29343 939 2733 24646 17107 15556 21479 13312 24641 10787 32638 10801 8979 18348 26658 27719 28117 33 13228 10480 11724 3563 4567 570 6399 10565 2849 18451 11106 28114 24259 9962 32160 32471 11770 809 957 19722 13780 25899 26484 10067 17140 18964 906 31830 29653 22621 620 389 13594 513 24280 2502 3045 32244 17043 25873 4947 2033 31322 15209 28804 25830 14216 11818 28334 15948 5827 2483 30840 5966 3310 16117 23930 4738 30237 25456 13623 31766 14402 14418 19101 12629 14088 12213 20623 12852 17186 217 3234 17656 8240 764 29383 10811 13635 1080 31651 12337 5140 21255 19375 22036 20443 3624 23232 25894 11257 19923 10631 22252 25659 2570 20133 17410 2518 28856 22387 2331 28499 32396 32340 28159 15454 28881 21492 28007 25755 10446 7274 20007 13656 6692 32609 14139 25837 6622 9068 17243 12778 242 27714 25135 21223 31561 28961 28631 3077 13708 6846 9295 7526 665 22612 584 10079 10628 6792 5326 2256 3588 31834 30051 24186 8241 10532 161 11501 17173 2434 9580 30452 31205 25377 4711 20211 12770 15933 20683 30507 26001 4166 8837 18958 24163 12363 13336 5882 9227 16958 15724 20798 20464 12639 11073 12890 28711 31292 1186 29838 5584 19183 10695 2148 13869 22793 30358 17849 17279 18396 14545 29337 1284 2440 11046 3989 20550 6773 23931 28058 22771 12242 10833 
8603 3297 7760 8819 21174 28120 30646 205 2096 3820 23870 1964 19955 31867 21995 11042 24711 21448 21670 15660 22811 25021 8052 29255 31654 26227 722 28912 18365 635 17868 16786 18293 15854 440 12561 10843 9236 18810 1764 4616 9842 28237 10514 11828 4886 13006 5469 31702 3684 13549 27347 9612 10177 22811 12894 6228 10065 297 32251 28310 9379 27903 15504 6520 3801 13724 7942 21587 3808 22961 16195 14471 22567 20217 16758 3375 19285 12566 2655 21058 18217 28635 24305 3268 26571 9519 22774 4024 120 31597 5809 23028 24107 30390 10598 2131 32491 1035 25564 2843 32193 26616 14908 19316 20452 22342 11846 14599 7613 5708 25892 28481 23208 10359 21827 30469 28246 491 28336 3257 17702 7448 2255 14383 26322 25713 15815 24790 19725 31782 22612 18876 21610 13980 10483 21401 6573 29352 17523 73 14711 21095 14262 32751 3797 13648 22113 19296 2806 22897 25426 25989 25766 21648 12548 31904 1899 22607 1212 6241 4976 21772 20382 3924 17235 23322 1314 17324 23097 21768 23227 14064 12769 17905 9198 16014 6499 12639 23912 7662 11935 14001 28312 13238 29606 18876 9158 30931 19842 15714 10814 13481 15652 26827 3285 14614 24767 7882 30729 29162 30069 1491 5637 15700 31863 23764 9998 21983 12974 12419 13546 24615 7845 20338 19882 1262 1697 21423 26185 27559 21086 8906 6409 10729 18465 17750 1849 19984 8883 2223 8395 13632 1141 8349 8319 28673 12422 8872 20650 5740 28068 30249 11690 30227 21888 29439 24819 8535 11679 32691 5700 15335 20692 3096 19042 14378 28590 32080 25990 1365 21879 30837 9836 14382 9419 6548 3620 20400 18357 14651 6781 5655 29311 9434 15590 3300 14769 1537 29359 17243 23723 23215 26617 582 1773 434 32270 19697 8072 32647 10069 23288 8377 22047 2835 22231 9670 26633 882 
5775 3215 21199 3373 16237 17163 2739 7440 16489 31979 8944 10229 3815 4575 16341 26132 20639 19666 23812 16789 4293 257 953 1237 24430 4699 32741 4607 7802 5025 2303 12359 10444 4250 253 31825 25852 6266 8623 23116 11309 6375 10 26308 17907 222 7119 1526 19636 21217 22403 31110 10121 12423 14909 20399 24401 15411 25242 28961 443 21419 29575 6213 9166 27455 6212 20586 28634 18061 1579 16216 6558 8410 2953 25028 25204 7851 29110 11514 9028 22252 19229 10902 12080 4900 10962 13114 11931 23996 4185 6539 32391 28619 26209 27397 32288 11039 9052 26464 32609 19294 6542 14093 4546 1177 24253 8492 7180 26059 31185 2499 11753 12718 21475 22604 12781 22410 19973 21059 8340 18120 27557 6530 20601 16811 1403 18604 6539 2950 7892 17884 18800 17277 26268 11987 5128 7401 13640 2915 31567 5323 13753 25805 31585 15460 5182 3334 15723 22087 3483 891 18455 15473 30038 10608 27645 10053 26298 8841 14691 11760 5164 24509 15120 6511 6821 18215 12152 12269 9646 7890 22881 8232 21015 26201 16761 10315 30224 25140 14171 26319 29352 6737 20102 30957 20832 8005 7505 12055 10718 26937 23235 31814 28050 31346 13368 19169 23487 5585 1049 2298 4472 7352 12038 10307 5456 27323 24051 17266 17312 13967 6987 24454 13541 4383 24083 4943 17202 13478 19346 16420 27893 807 18615 28016 20264 29661 10657 25830 18772 13339 7157 30110 13425 24093 20250 19100 4098 20218 23756 3489 9717 9390 10077 10146 1860 13845 17656 22003 23132 1445 6874 24852 19933 23881 2797 20783 29911 18358 18027 8528 16001 2213 16484 15201 28862 11384 31989 18017 13538 24641 233 1412 22479 18217 21275 31206 23630 22246 12813 31364 18854 158 13284 8501 10657 4914 21103 11198 30334 15679 26606 17284 13957 27000 12124 16992 23398 15741 
5630 23450 25538 32657 20901 907 28110 9538 4544 27639 11067 25596 16274 24949 31944 5001 1285 13390 29234 24670 16805 10832 12130 12865 3860 28524 2700 9913 17355 4582 2229 29164 1946 14408 6039 15656 27989 31639 5508 13650 21474 19859 11105 21741 6043 16991 19442 13999 31916 28537 18669 16591 10439 3890 26055 4861 7514 26978 7363 22676 25952 12962 27618 27124 12071 14006 10413 12126 23026 25944 23217 3842 20112 32406 19988 8875 11250 26833 20650 2733 3575 3525 12214 3748 17218 18605 7789 32042 15431 10663 11856 24541 399 329 30308 26698 21105 10677 20296 17586 7294 19385 29827 32678 32278 7804 11975 27793 10643 24521 10749 23197 31948 20061 5499 29602 11037 8398 14507 20613 18188 19594 1403 23349 23393 2130 15196 18676 16902 25087 8410 22926 16286 25539 16473 31417 13120 506 22544 12652 28234 15488 3979 5294 3645 9593 6372 18724 23802 15204 2242 24988 10550 19585 325 1645 32054 14866 23119 16941 24674 17866 30116 22456 8948 1153 16335 11264 8562 16345 18248 21166 14004 24858 12852 13445 10593 5332 19306 25900 17941 13965 1189 5656 8637 20974 15436 3428 14892 9247 5260 30515 4474 15217 6543 20588 5428 23165 29928 11585 16961 7746 19319 8810 26234 7699 14976 31749 24650 20486 13941 26078 9847 9696 23063 28100 30995 10328 848 26885 26672 2168 119 31700 25233 8544 28591 17791 2427 22113 19767 23207 10532 6071 9633 18116 27160 25738 15137 1859 14453 16219 29407 9244 30316 14536 593 5989 26913 1125 5072 13565 2122 1541 12396 32426 16530 8959 14907 9970 18367 24195 1069 9156 14998 28398 20137 26134 5031 25232 25684 8349 8106 11014 14791 8819 21615 8257 5660 31160 19768 32632 12278 1397 15007 19786 15574 26914 6838 29354 19109 3098 4496 17709 653 13116 6453 15037 14327 25689 
31093 32576 14341 29973 4713 1289 1043 3847 29134 18035 30064 515 5093 3063 31803 19485 28746 10894 10482 15573 13728 2510 14589 8862 4359 17768 25904 31794 9461 19300 4058 51 11529 3920 4675 25415 18079 8930 32510 32248 19766 24357 13493 3039 9198 10593 25181 17929 9343 28612 29867 6035 18298 16746 29026 16738 5463 21118 11131 17516 7507 23774 17862 17704 17456 11414 26246 8131 18491 20822 11056 15426 18071 14005 26116 22443 2147 28734 25053 24918 13865 4865 31983 9479 20147 16485 2971 3772 26532 527 21021 8364 24836 9583 24526 13479 11058 26295 7283 8635 27053 29493 5631 14352 22943 8952 13024 27418 30460 7924 23924 2323 4994 22719 11490 32073 12923 19498 26255 270 29248 15552 18855 3154 10824 15763 12891 9016 18171 28950 28286 28062 9790 30987 14288 16920 4370 407 24176 17455 18776 5966 24823 10851 27559 4165 15772 15105 32404 1622 26541 11235 3685 9635 15808 10485 12602 11863 24933 27043 16377 15832 21867 28475 26317 14070 15700 26444 19016 6866 17495 27566 2248 27961 1880 31695 16150 11179 9068 22944 6231 13289 27429 16948 27550 17374 13594 8329 31203 12389 6277 22950 4150 7749 26979 515 8409 5149 3824 17300 9690 10800 860 16094 7962 29730 23848 18160 25846 6719 21543 4927 2630 6141 10161 18503 28486 20817 15467 31404 28349 10887 2624 20087 2466 30504 3007 11966 8331 31390 2280 8680 18955 6544 17608 6397 25642 19565 31489 18819 30869 32057 18788 4023 2853 21171 14100 31798 31035 4725 4878 9838 3049 461 9263 31435 17163 27343 6253 25864 28254 6850 28293 13451 9092 27455 7836 7104 12931 14810 14428 23865 28753 13751 3709 30142 2068 14886 24958 1738 16689 4449 1936 6626 9887 11559 23039 3346 5638 8192 21764 27243 26791 20398 464 12209 10178 21265 5829 24057 
17210 7396 13290 19537 8872 11327 27324 11305 19007 5211 13545 4335 25951 32136 17910 20180 18880 26019 1340 18877 2904 22647 23131 32310 19608 32543 11209 1427 16914 30007 28184 6883 18 19072 24998 16504 8236 10669 22264 31509 3417 8880 1936 18137 26650 24694 18874 21228 25044 18539 15626 13287 8258 31492 21377 641 20792 30767 2235 23033 31038 8664 13097 3226 15527 32576 9794 30833 5748 29537 14737 12681 16044 28520 22430 637 5191 23335 24475 18304 17385 6411 765 25371 3193 16006 4535 25882 10987 22775 27488 8531 13631 24957 12331 26072 3260 1770 27881 10794 9614 27141 17896 8884 4347 19497 8950 13896 11834 1393 20107 29933 18008 2203 3732 21635 22899 29752 11573 3174 17446 14762 11853 30941 27047 28905 17545 15027 26104 32446 8733 1636 29403 28884 12968 7901 2128 29141 16079 22125 16943 31571 26169 6224 32108 27867 13989 19216 4829 169 16595 21216 593 4855 27476 18917 27760 24316 8180 18460 26160 32241 943 25963 15581 18783 21103 31460 9829 15763 23600 25961 28381 4810 24012 10406 25877 18380 19898 23323 10476 11007 30701 24322 32008 22365 15708 1196 3086 11319 28610 20060 6621 26094 13629 23607 6603 3525 10812 27462 2195 6549 1197 10696 21041 8568 16677 28385 19397 18698 1354 7338 8073 21176 25252 13471 14194 28335 9233 12567 17612 5139 18495 29082 13443 13230 19859 12235 28224 29367 9008 32401 6954 22379 1747 30831 7722 11385 23050 14821 12541 13612 8567 31434 1701 25644 23951 28179 21313 8042 14348 5345 23707 29175 7597 27023 29025 17013 15877 18967 272 2172 17006 30366 27673 29054 18845 13790 9671 7737 666 26439 13750 5716 18806 7144 17826 2362 6518 19104 6047 15204 10258 18724 23837 28988 3602 12485 12187 20904 31909 2873 6302 2759 3313 15131 28392 22938 19769 228 
13985 20705 26206 27431 9567 31193 15315 16942 3425 20085 17250 5961 28171 17334 26881 28794 10880 25401 8 19558 11999 16184 2716 23507 13846 26487 11609 14113 24767 24077 27051 16958 30559 7708 9210 28914 31046 2049 16342 11453 21580 22851 19683 25971 3300 29510 10656 3425 5855 16587 27405 20313 13536 25193 27138 23300 10938 7073 5227 11447 2086 1210 23070 419 24367 17591 27773 19754 23825 6128 22595 31850 31044 10941 17522 2456 27829 20069 6032 2079 9021 24070 8447 15195 16829 1782 14897 6321 7885 8232 13719 2457 24139 24127 19349 24383 12179 7791 6049 31608 20316 23077 25245 30701 4099 10273 11697 6813 6535 6756 7239 23135 10852 18209 25069 25135 30150 3443 20662 2862 10965 10295 27982 4066 19671 850 20785 20006 31998 18755 17569 28100 4065 18730 30621 22373 13754 26437 12369 21487 23309 23284 28268 3525 25426 15443 28705 5492 11997 15155 1601 22287 21053 27130 887 6279 21130 14272 24145 30572 15219 3416 13693 3993 25982 13498 21253 27460 15603 6721 7020 9295 24412 19670 9655 26836 9781 17178 4605 1948 31831 1518 15556 27907 18229 22506 25767 16218 10007 15998 12531 29216 5461 24697 9097 6455 31036 5979 28171 26950 20700 22031 7912 19778 8710 16294 10387 15119 15553 18709 32334 10154 15624 15370 22313 20669 27412 22322 122 18620 2980 1997 11048 31745 6402 22042 21248 25789 8305 19440 10307 4872 748 6259 14568 1355 19526 3475 23645 26251 21500 8008 28071 14101 6329 1648 2746 23635 26603 10023 24447 28239 13881 28518 31926 28378 27585 24814 18856 20781 24898 30196 14886 26943 32107 29737 3676 24250 3766 5445 11668 29649 19465 17630 11282 15125 23227 1489 16811 30198 15968 703 32020 20291 28923 16589 21343 29941 29685 23241 26618 16059 14270 22861 23786 28604 5259 26572 16769 32515 
5189 3505 22775 30225 24487 1759 10931 28056 1920 17806 553 23796 16533 22481 2296 7945 8391 20037 29057 12348 17676 10835 20998 24476 25475 18176 21470 28571 21946 4487 32326 31942 30150 5920 16908 32293 23567 14997 4029 22354 21547 20938 29782 14579 16930 6615 9519 14303 30493 9188 8243 18626 4521 12046 13546 32451 16154 13591 9829 6607 12347 20763 57 25207 7721 431 1643 5291 27390 21460 11554 25087 20914 29443 1249 9115 21705 4313 20514 9437 10973 18790 17126 1163 20977 3620 10493 3654 8096 18307 18022 9545 29745 5316 13176 22824 25472 12868 11973 30008 9197 32650 16854 5275 18401 4089 7044 20868 23289 24537 18492 3155 13193 3608 3799 11237 4275 23341 8431 30183 785 12490 30683 27183 775 17065 1838 18929 15068 17420 10926 3841 4332 83 3443 24741 25215 22920 31581 6773 15877 19675 8190 12462 4739 29745 12272 27688 19493 12654 19732 2253 14830 18862 10365 3207 24053 30485 15303 12931 19319 30837 12672 28201 14503 9450 18357 25696 7796 8814 26749 19651 21507 19845 13354 31469 18056 3038 7054 7471 30788 26140 12953 27421 9067 7039 5507 3716 23279 3781 612 28414 18944 21146 24480 10714 16340 6195 15082 14538 6772 20420 32222 32373 27286 25530 29454 16670 27922 21241 3675 22313 16627 30896 13244 9146 11578 28238 12839 23122 27814 2251 14920 8812 26227 18676 9728 11896 26295 12987 27081 395 16901 17966 26143 19482 23471 3356 13301 6145 22856 12596 15322 32729 16542 15570 1473 30901 13781 24666 23626 24532 7038 9885 14381 28286 29411 13887 31633 6732 7881 13387 27861 3479 11056 14900 9632 5522 400 2324 9004 27370 7063 8008 23738 1113 32405 16240 2575 14688 29913 21854 30593 8488 22514 15848 5839 20035 25997 18388 20304 19628 22370 5741 28218 7779 10834 18166 22812 10053 
31720 29076 23727 16358 14262 27905 2091 4636 24386 5650 25890 16746 20416 24735 9413 9762 9204 14928 32651 22623 2218 31399 14547 27850 1014 26874 15820 17925 4622 8156 1923 20625 29003 28862 2568 13785 18581 20478 19641 17180 10748 11788 2903 14089 7515 20343 25665 12188 14340 12701 27146 15420 13488 15514 7039 1326 12591 15268 7237 16654 27334 27780 2066 21575 9881 15080 29961 1165 1459 27152 15162 22416 26619 8481 10727 29221 3720 1505 21620 10590 31680 6517 18826 15981 23854 8773 31020 10134 22208 13858 9002 3954 26628 15461 29214 29945 29457 26026 111 31482 20580 22329 859 4943 22531 31535 11284 28818 12839 4225 26499 6087 3937 17864 27922 29770 24875 25498 31661 27084 21922 27850 479 6522 17193 21869 31899 9845 2056 12301 15925 20956 9938 1654 13863 25238 25037 21713 14273 24255 22059 32403 31870 21594 1972 11601 14667 9043 14530 7650 9307 20109 29753 20646 17098 7247 30367 10362 25223 15549 31794 24077 16973 30093 22616 24306 25000 10723 548 6177 30023 6304 15063 15447 5721 16892 20247 23061 21177 4315 17704 31959 2169 27822 23386 28197 371 10700 29566 32643 20306 18624 30133 5021 11263 14630 14243 12422 28315 23657 27798 23864 27253 8077 15208 13885 2882 5081 25803 14354 18617 7542 19270 6317 993 11734 17993 19625 20734 29189 29601 24023 26360 10087 12753 6525 2568 4946 11379 16406 179 20639 5405 9473 18272 22831 10725 12020 11639 19906 16080 32603 8877 4050 6315 29447 25140 7006 3811 337 31318 26691 14181 3341 165 3918 20857 7785 15393 5734 1422 7615 11243 12848 15902 7038 24118 585 26706 10564 21360 13313 12368 20341 30802 26449 7492 15567 26715 15726 28340 19342 16162 11764 23209 16726 16482 5557 29193 13439 14005 16258 569 6254 28179 13909 29961 17851 10531 24517 
20261 11436 10270 23298 27314 15562 31561 15719 4333 25619 19566 29492 10942 10277 19917 27048 912 31777 985 12256 31443 1808 12856 17665 32491 9840 12800 2571 30826 20189 26764 17954 14373 4475 25310 24150 18003 15805 6187 23530 16402 2956 2331 22909 27622 17752 4109 30087 6052 15371 588 13395 10404 9654 13225 17096 9134 1221 3813 19051 11200 18451 14385 16294 19026 28574 4625 19527 8509 32265 18931 10687 11513 6567 1724 11918 4680 26400 31761 6757 24113 27170 2331 1671 18864 765 27080 30538 22175 6653 5785 25073 17692 22558 28472 4471 2038 28034 12002 24690 2795 12274 353 6534 5410 8703 25426 24273 6033 935 21039 31475 4896 2220 25909 31780 8136 5197 26924 14629 26013 8056 29820 14911 15735 23880 30864 26535 7009 18000 20898 31914 6870 23638 24812 9212 15050 14313 15864 32430 11502 27729 1480 22592 6631 14020 26140 20470 4018 1857 3791 4758 14351 27412 8964 24817 5184 25709 14316 9785 12636 30181 7335 27863 26565 6145 5573 19189 26076 7345 838 11095 30797 10002 30913 32580 29158 6992 16176 8142 408 8363 26663 715 29513 6658 11442 24043 13913 29500 13361 2981 9950 27140 15204 18200 14199 14401 25139 18047 31291 29989 6824 32525 23012 9312 24242 7087 21763 3013 4215 31505 957 23379 9856 28470 31919 7159 8726 13937 14946 27929 20107 26377 14279 17178 12493 32483 23728 22337 16957 20081 6901 3949 1829 18665 1100 28758 3706 18977 3643 17025 27092 30726 7266 7174 3625 19347 12383 26889 8561 19213 20017 12347 23032 31815 498 14306 13596 23722 9549 19242 23311 15642 16809 13462 1186 27157 29274 6182 28779 13647 13233 17776 5432 30294 12173 6191 10488 1331 8269 5638 14915 24810 15487 15037 29056 9659 25170 3629 13401 18056 31129 30491 10043 29801 13650 9695 9214 12400 
18759 17815 20520 2641 10104 16137 30552 1978 24801 11053 7091 21290 5700 23170 20128 7983 8864 31898 9114 25471 4724 11805 175 18405 2812 26379 29985 29037 9644 22774 6424 9170 27233 7108 14493 29938 19013 30349 28603 19440 26433 24464 4583 16402 10476 6258 19799 28247 29241 21631 24155 22657 4544 2450 2921 7718 21240 31733 2773 7281 30110 4545 25802 25843 5393 13405 4054 32571 24949 14490 15295 20188 28050 17366 15053 11388 2956 28876 23904 25016 2371 26072 22220 8031 10344 25535 13212 14892 21723 6828 11476 319 289 20311 23606 2773 13896 29729 970 32423 18061 31575 29970 12566 23095 13215 554 4477 18879 20489 8879 14607 30837 5870 108 28012 19522 22295 30311 6702 16518 4359 26216 11524 23454 19653 24868 8471 26056 15501 1498 10698 278 29705 28 23918 16777 26064 20189 23159 3993 31439 133 2142 17549 14784 16730 3204 21083 12320 29362 31743 4154 416 669 1091 17458 15910 28248 12987 10893 1601 19341 306 18084 26006 15395 2993 24983 8375 22042 17895 21479 27557 16200 27548 21231 8862 6513 13459 30683 14796 15576 13446 9425 18302 8698 17014 20764 3106 16968 16960 7316 8870 19255 10437 7469 7982 30465 12503 10932 11953 7085 24469 11457 14086 11436 18131 1044 26674 806 29325 1524 22399 5216 31341 3799 19429 6690 28321 26115 3428 1921 6652 26900 20283 8937 5744 28931 121 25415 5738 6358 10882 29386 9333 2937 9019 9020 7400 6875 21490 3350 22530 3045 32080 32128 31081 29394 6948 31195 20219 29034 9297 6593 23247 9223 6679 11123 14018 13654 26342 26610 2147 12558 5458 15551 27335 1880 30816 26228 15829 7445 3924 28721 24333 6636 14458 424 6391 31166 10663 14836 6256 29814 26198 1308 3305 6426 27812 8761 28865 31475 30315 5724 22379 12622 1266 16558 28350 
1837 13614 29704 12951 28937 21948 19448 19912 15525 18881 8414 14677 7256 15662 31511 10140 22672 22749 8038 21585 16940 16750 17047 10131 22363 15185 4520 29897 14119 14633 28856 32500 28063 10046 62 14974 28547 1316 1879 23592 3961 32393 7206 170 19247 3573 13686 15000 12058 18411 29154 2108 12220 25920 26089 26819 22787 4489 2792 13678 6302 10928 6901 11283 22441 27064 11911 24627 23565 9713 27095 30825 17938 32643 30627 2097 22962 24861 5986 26625 27158 25691 17280 29467 27200 549 25575 14643 18375 20856 11167 8065 27383 5537 30540 29949 16695 27502 31581 31244 14636 24200 19133 7204 30892 16452 29416 6380 17152 23005 7758 17837 32446 32686 9383 16798 777 6848 31919 6399 26222 1809 29800 1391 13950 11280 6059 22778 11414 18430 27363 16229 6282 23642 14055 4827 24298 31921 22772 26747 3901 8225 5795 38 16497 1903 25894 19374 19340 10429 24434 23369 14583 23832 5558 8107 9432 14288 8074 30365 13567 11733 31471 3529 21176 11175 11386 27901 8413 15555 24446 29773 11351 25643 17460 27021 120 1938 30924 2089 2305 8448 3633 12528 27946 8080 2979 31337 18883 4021 11289 26848 12964 28234 32409 4906 14581 3927 30939 28669 3116 10701 18438 23602 16440 4812 19302 2414 167 16587 30939 28650 11951 27393 8828 1060 19654 24894 20700 27061 23696 16634 6999 26568 16863 17385 31799 11198 26484 26039 15586 25658 10912 22569 9342 350 21052 31521 26592 16242 28356 24388 15141 18135 31648 17459 5517 26413 32735 386 26547 10187 14471 179 31964 9799 30487 7295 26743 25967 21018 10563 29419 12205 14930 82 3868 25969 1808 16061 27760 13001 9700 16106 18263 20878 12497 30363 12060 20873 30626 8456 20969 17886 2992 31305 9041 7800 24614 18489 19365 4114 15627 6058 19855 20492 16269 9822 29351 23005 
9028 12307 17731 17158 4909 17279 23988 20377 30191 13899 22931 31083 14304 22602 24239 7620 22324 8315 31525 2868 22278 23201 3226 24269 18841 21057 13802 10606 13254 12356 3358 31565 30189 21371 8225 22861 17227 17893 7050 7269 21761 26894 17174 32181 24590 19252 20930 14068 24951 22636 16232 26871 24122 9695 16017 25013 10905 30975 27264 4589 12527 13371 26711 6483 4811 30257 24865 27905 32259 17935 26414 16641 2354 9339 32407 23564 4223 19457 7739 31504 5498 30089 10199 16751 3501 28133 380 30022 18488 39 32695 18678 30143 6514 2339 23655 21515 13766 30850 19436 14763 21546 20720 10047 1762 15398 23824 32086 23615 280 11139 22492 23858 7714 23997 21850 12781 28937 20887 3946 19197 28472 667 5186 16384 14832 9653 23282 12401 16285 30464 28513 5949 2383 16615 17734 10398 431 13385 14299 16779 18489 2307 23147 28051 9573 3074 24059 29283 10820 2143 35 11781 4769 11133 12826 28880 6368 16722 21903 7670 8278 18307 13771 15603 27648 9698 23507 10624 16941 28321 28249 4550 29888 2333 381 3662 29359 31107 11789 8900 10248 512 16378 15921 31978 31891 25627 7179 17610 32495 20426 31294 15880 32328 26062 9026 19240 9142 11187 24859 5228 28037 26877 911 12710 30053 18448 15039 2561 32133 9107 25955 23995 13768 12921 3042 11083 25077 10624 21785 25819 10711 5392 29171 2037 26802 11172 12212 1867 11520 28975 14057 14315 19052 4736 342 27130 10830 2832 26287 8252 5071 30444 2042 13513 3634 19893 7817 804 21030 29877 18749 17173 6319 3372 6407 15334 15155 7070 18361 1243 23139 12256 22193 12997 18225 1432 21837 24752 6214 5364 26352 6503 18300 2024 21037 5260 23803 11769 32344 30122 2809 3363 10588 10324 23108 30732 21783 1995 18019 5153 25949 28621 7011 5658 17774 17209 829 32609 
9239 2588 18853 10812 30719 4342 23394 16724 21174 7785 30551 31986 440 23118 613 14612 6975 20831 24869 14195 15890 20064 26888 24170 20088 12840 28294 21093 15410 10783 9755 30475 2496 16145 13732 11857 29382 12715 18101 20819 24438 7466 30983 3898 22581 12614 10454 12373 7595 3220 14919 7796 16834 23080 4680 9310 16372 30080 8823 12019 22688 12166 5995 23278 24678 2238 27662 4433 20182 25950 17089 32017 11794 25752 24817 14179 7923 5747 25990 14783 14424 23165 19840 11196 14394 30987 5791 14230 3369 22255 29203 9229 4239 8799 20724 27981 14850 16136 9920 25174 9562 339 26011 12130 15635 15178 25749 1046 29681 29198 15965 10243 25508 1865 1393 17872 5192 7120 6854 17200 15708 10068 28382 12850 15406 1114 15962 19314 18349 6729 23096 9584 30263 26333 27592 8338 24531 28691 11248 21942 27076 32093 16017 11457 29796 7364 10522 7728 19563 19542 24923 4493 30123 7599 10800 10794 12060 13113 10284 7258 12431 10332 12220 31469 6074 27297 23720 26627 19251 30562 17960 24358 32511 9280 6446 3272 28014 21267 8162 29723 23611 29909 22428 15861 28611 14694 24881 2953 21679 29888 26585 13298 23735 13188 28814 13502 10174 8076 30999 3468 29456 28629 11017 19218 31363 17491 20311 16836 24250 28455 9447 22336 30259 9386 8555 27337 12375 16949 6716 17929 8664 16652 8944 18437 7651 11009 18771 19673 32466 9273 32190 23397 32118 19726 5003 3232 2326 9639 14823 9870 15837 12019 2630 10280 20673 19576 29858 16197 18922 17055 17149 24729 10081 18035 30545 16040 32182 28159 4884 2716 21568 30593 5985 16031 32560 15126 6595 5011 20238 6870 890 23251 25088 13085 21025 28596 6335 20362 13699 29445 30099 30316 24570 8635 19120 6965 21409 20015 23702 28694 24771 2641 28931 2351 2480 7619 3523 21303 9514 12363 
747 14799 1012 7286 5635 7910 24754 26799 4500 23263 9072 12060 6576 3079 18574 12025 23195 26744 8522 2626 30024 19533 31216 11447 25006 24069 28551 29806 7165 27521 11915 23837 6533 3335 17017 12698 4005 7152 7518 18081 350 24865 28397 30318 29785 5479 22078 26830 10057 32507 3296 6645 22489 11623 6423 8355 19096 21449 9242 1957 4898 10431 1821 32398 22563 12773 16398 3791 21452 28382 12511 21956 2303 7517 22615 13134 10218 29603 22786 13659 30405 20835 32088 22480 9063 14462 5457 7693 21061 21284 9574 9165 794 20445 29632 5028 18806 10607 10646 16906 3055 26029 3532 31862 26960 885 27616 31069 14955 12645 3347 787 5772 27637 12521 18622 17555 18820 27617 22944 5595 15581 28634 744 14231 8399 13160 4865 2835 5616 20798 15266 9801 28353 12724 7065 7534 29087 20074 14696 22789 17878 16830 15 18378 12915 22052 21651 17265 18942 22784 7256 10753 20996 8041 12214 17836 14587 25355 9423 3058 9064 6327 9939 22351 23152 9635 19791 10844 25743 18398 6623 17420 14665 12442 25301 18421 19970 26946 6296 20737 13309 30771 25306 17062 6404 24644 2846 6093 24748 26036 16966 1277 24324 8069 9518 29457 28236 3455 5149 29324 15707 7627 19640 7632 20643 8730 27267 15501 24122 11903 13244 28017 23802 26085 8525 29816 21268 25834 24802 14469 5750 29855 12269 4505 16986 6432 24419 5278 7271 18183 1668 27963 20738 22513 1948 17873 6426 19090 16967 6934 23622 29297 7456 3185 2299 12284 16765 2579 27456 32723 4214 1769 3035 29842 17224 28062 15194 2634 354 27712 19226 3611 26872 20053 9446 22180 10796 22971 26715 29750 27511 27747 4123 28537 15352 23293 6784 18882 8948 26313 6528 4555 25888 20462 3595 1641 8170 28816 31571 13359 10760 16460 1300 4038 21649 17932 12623 3616 12371 
8615 22503 32757 6414 28893 6396 15495 11322 29634 6263 14712 27324 399 9101 25387 6442 3026 571 24744 10692 3364 18823 26894 8513 15255 9430 17615 2133 14583 12716 22186 30748 11788 20082 10059 9049 2859 11041 27750 7143 26195 1957 29105 7878 10944 7467 29278 4295 23800 30695 10566 18113 6790 8532 12831 5372 6598 1770 21985 585 12106 8727 1739 9268 21946 14507 6076 31526 31106 26270 30394 29862 12065 2485 1358 4176 9988 15332 31236 30218 23386 6866 24479 21988 9888 24049 14833 27734 28468 25811 9124 16773 5698 28975 24762 5832 26051 25772 21539 18094 17449 2327 13215 17442 11854 10830 10949 30417 9371 1521 3939 15953 29593 17767 7259 23629 30682 25293 8544 1 49 23620 24827 5825 13290 11528 21889 11958 31446 1305 6424 22245 1342 24939 25835 2295 13491 1959 2037 16296 9278 23283 8852 11117 23342 31766 21738 22388 3210 32677 6512 21523 27122 6258 24758 10263 29829 13364 18026 13994 16046 5996 13900 5980 10225 24981 32442 28470 5730 7669 16041 627 32411 30137 10038 13915 4492 24837 4010 9228 9227 22163 944 14763 30008 10478 10233 25085 8504 26478 2254 1968 28656 2243 25651 29702 7275 18265 20589 30108 14001 14841 14426 13896 3464 15330 22294 18907 30607 1255 25624 26745 23258 8274 17967 7367 18018 13674 30194 31358 12656 11761 6063 25959 18611 26384 18414 8171 23613 2282 26936 11413 17919 4299 6145 16979 3995 5275 1930 19367 6748 100 30303 15336 77 10941 6260 860 4178 20190 23393 29932 29819 29912 13404 31803 3588 11882 12894 6648 6203 3280 10974 30994 24715 21815 13121 24879 8194 9989 7955 17376 4191 17689 23208 616 12866 3847 5844 18449 20235 13004 14379 7328 3394 21719 3742 13439 3556 10856 21475 12274 26233 7598 16105 4840 14808 15521 2702 28609 
16747 17195 12393 28590 15871 19542 31956 26747 15498 25743 10483 31192 12974 17962 20831 27771 9003 1130 12719 13757 2176 19064 17077 8829 13036 21475 13954 5632 27748 5358 2341 11625 343 7824 20963 4467 28078 4400 24420 23901 10036 9349 32031 21950 11577 18338 10262 8361 31039 6347 11442 31210 13896 19404 8939 22070 29668 11386 29905 1048 19482 13539 21725 26624 23571 16754 29068 3317 9252 23300 2708 4133 3475 28633 26831 30569 23161 13213 5353 20000 18911 21735 15500 19253 11965 19533 30200 1901 18126 9167 18746 16908 25672 16600 16786 30235 22805 21562 13820 19309 4272 29755 18904 28800 14496 13524 22534 2010 29461 2779 8064 25792 19516 30299 27391 17549 9953 6719 6333 14492 252 13918 5161 17166 29483 24003 6576 29425 9134 8712 12191 17625 12795 9673 11009 15726 12596 8175 6742 19833 3575 32401 27434 31411 8286 5388 12801 14599 1332 10804 14351 27 1255 20870 18332 31130 3484 16645 11085 19578 8175 25162 1020 4716 19011 27394 23327 1419 15551 21092 2424 13780 13868 1118 26359 7759 20070 6324 19130 9324 17073 9250 29353 14235 17349 24246 968 4745 20007 32653 17647 24637 18178 4775 28908 7864 9007 14932 8220 16286 20311 31642 16232 9528 10598 16036 31408 20274 6453 22516 28081 17429 15283 2412 9706 31330 29711 15407 23715 31665 7923 5011 16589 31845 4025 1790 27738 12166 9518 16844 5347 29018 7068 22119 7016 11087 122 463 7600 18155 1378 12147 22853 2938 16467 489 23541 25947 13924 1246 423 12963 19458 23581 23646 21073 21101 15947 5719 13600 14961 16539 6536 14495 4686 27038 9686 4911 17734 15315 10134 8422 25864 865 2661 20599 16872 11565 18636 3632 22584 31630 14758 23633 24938 7847 2867 19009 3008 18261 16784 21175 2587 22785 26152 6275 1216 11518 5730 5005 
17443 6684 9455 28096 15916 25773 6765 2742 32174 12041 16782 24347 23433 17703 23764 27799 4289 9820 16144 12098 27659 20195 1709 22532 30267 116 12713 684 6469 10966 17373 18344 21993 23002 28858 25078 17651 31795 27302 10338 17976 7757 1072 1585 4543 32552 11279 11605 23942 5528 29492 28219 31438 21620 21309 8611 27617 15356 7421 1417 12177 14523 10773 23959 5569 2176 25298 18829 23256 29181 6849 29576 22919 25570 22681 26713 29988 1758 30791 5819 2739 27575 8509 22465 20013 7175 16798 25621 30247 30244 29305 28783 15790 10299 5692 2354 49 21312 28060 21633 15301 27592 9503 18553 26095 11665 12421 12450 22365 30095 13199 14006 26205 30902 28421 21709 21452 7929 8182 16822 7805 21365 21273 5405 28905 18061 10791 12726 23975 19844 18622 2180 23994 21934 22113 28112 18276 29180 8252 6007 27336 7738 18657 16796 27891 29850 26212 20650 14149 2951 30443 19444 18890 26312 21730 9921 20025 18496 99 4293 12827 15851 11785 2511 2738 14358 6250 27115 12379 18411 16354 31043 29262 3922 3424 19107 3860 24646 26435 9408 24637 15647 31868 7566 9238 29763 25741 30717 23601 31573 3315 2221 6681 5955 28596 10296 15660 15082 283 19931 2682 18814 23716 7020 6417 28660 5924 15536 16532 13827 13156 4679 8314 9540 14527 5533 19938 6352 3687 23604 5505 16100 13720 25165 9568 7242 23830 7731 26818 29496 4072 13852 2327 4759 1056 7086 12120 28139 17907 19195 15189 14698 8711 14267 24432 25141 28055 23875 23452 9751 32131 27129 15132 14968 31907 19675 7299 24809 24686 31718 950 17224 29391 13991 15944 11857 14072 2550 20114 11282 3456 2759 12747 3696 18377 16229 21760 7228 17681 409 17759 15928 4109 22990 4251 27782 15639 2775 23232 15141 22356 27644 14058 9440 32464 17797 5196 26001 6794 6638 
31238 16527 10664 30310 282 992 20573 27466 15285 15244 23856 28784 267 32696 14535 18571 13697 14293 10931 17044 14705 3548 16079 24664 8531 25884 31528 5271 24715 26957 28084 14082 19490 20278 6768 9449 24879 29169 26997 7609 21410 11411 12229 479 9072 24819 12219 30946 12481 10887 14431 21586 27478 8028 3229 23584 3103 5307 8840 18625 8318 10568 8431 3150 15964 455 32368 17102 18145 1325 4750 3722 13518 14745 11253 29112 5536 3708 4610 22223 8567 5265 19766 29172 6906 12528 20673 25377 5652 16737 19622 17777 5524 7381 32330 25440 5709 1389 18948 11708 19674 4837 9145 123 16958 4577 30616 25537 25301 508 30122 1673 20862 1046 28291 25883 28949 1351 24724 19904 18539 19099 25103 31240 13085 19483 5222 10035 11029 15259 17039 12821 15591 4579 6160 32044 15585 2780 2979 23706 3779 6075 18779 6507 20717 16347 15339 6707 26925 4419 20 31255 4012 16054 2219 26405 6181 1095 7205 12429 10811 17792 25150 23563 1689 2797 8992 31503 27018 12967 26873 28430 2222 26372 10823 3970 14824 3289 15596 2498 26659 23007 10396 19849 22651 13580 21628 26259 21109 18686 17028 5435 1677 17104 7688 6496 1132 27085 30283 19362 32407 18518 14077 14520 25835 26843 23872 2309 18068 25846 20793 14770 3321 2058 30648 23908 17749 20 3011 32590 20554 5877 5152 18858 25041 11176 24869 11223 26216 29012 12117 13479 10183 8028 29925 23091 13708 10267 31387 24095 12991 12407 21641 11827 10948 26082 23050 15571 23417 22758 13649 1130 22403 16228 16297 15451 1041 4791 5715 23082 18559 21506 13175 8328 11963 12742 27298 21493 3934 11598 19909 30636 17006 27313 25983 19991 10649 8649 29354 6932 1332 25755 27487 9186 29627 26795 4107 21108 12147 4320 26544 13581 14182 6658 3585 29929 20210 11683 2917 19861 
15655 9878 25197 2537 12334 28828 23037 11421 21786 22360 10474 17024 27523 25833 136 20819 17244 26692 9363 23172 23713 25727 19109 297 13376 817 29901 4176 32293 20893 25172 4673 29289 1581 27019 12395 18555 7080 9497 9604 10350 7723 19336 16439 24167 27538 240 31083 19420 17743 31048 27120 28001 4366 17350 9343 23508 11402 5022 22149 17204 16889 21598 32641 10391 19950 12478 26550 2688 28739 24538 18128 1499 8959 4715 25381 7083 14706 22289 6964 10210 18553 6030 20079 30452 14233 10535 10037 13241 28078 10372 20852 2910 18372 22623 10124 7161 3431 9005 29438 32668 10282 7717 5766 24636 20884 19674 10695 27619 14367 26266 26293 20660 10864 22679 27202 21772 31098 2439 19596 14662 8119 29851 9672 27845 23436 22846 31110 14933 2491 4472 29279 21411 2163 1477 20867 28468 4849 9716 19113 28953 14643 29452 6848 5465 1552 7788 12357 14830 18347 19910 10478 17660 7770 25988 13126 17927 14956 19544 15291 12801 13492 15126 17671 23549 2622 19761 2233 12212 31893 1626 15391 27357 26648 13425 21021 22628 6755 20984 30648 17728 13112 29621 11315 29432 15969 31234 1902 18674 14002 22744 30501 12565 1514 862 32262 590 32503 28779 5843 23816 9450 4981 10848 20831 15557 18821 20204 20189 24972 18572 11639 500 4307 3839 17222 3047 25056 23651 7080 15983 20276 7121 1390 25029 26744 15900 23719 3066 11568 5670 4752 23159 12489 27978 18341 32079 31797 21916 29039 23800 12333 25848 32297 12412 16903 24848 8443 7214 10257 5094 25419 3396 21801 2507 29823 10846 2159 18952 6223 13438 9039 26861 8773 29758 27404 17871 13151 24069 26314 27282 14670 8676 152 4632 13683 30199 17014 30737 21661 2285 21940 22833 29765 31625 20316 7365 17105 4570 10794 4748 16111 29078 9783 23343 20404 864 30933 15907 30169 
20762 21803 372 31993 9527 31825 14708 736 25153 16251 25645 17317 27152 5211 13177 21520 6660 6902 31609 30039 8809 17772 12201 7446 15681 23805 19482 19981 11567 2203 12991 9099 3216 28494 15734 9140 28363 1226 13491 11342 448 30633 16522 10218 28062 1789 28436 7375 5970 18305 11866 23805 13958 22278 13955 24099 4516 21600 6212 27405 15908 21584 27065 13003 26195 16751 18818 5550 19850 15135 9749 5317 31748 4944 13350 27936 17819 24665 13213 798 3976 9301 20493 16098 16918 14869 15344 7798 30794 8518 8980 14571 7586 24235 29873 11796 30689 7803 11422 18491 10693 5776 2023 30840 27386 4950 20150 16647 8109 20970 20589 12123 29023 18314 19997 30667 12363 12422 12028 15238 23059 7086 18715 21935 23517 16739 17729 11046 21961 10169 14144 16364 15680 16279 24866 16013 7045 5490 23124 11990 27515 26441 17325 23847 1280 16932 22615 2151 16404 27866 22989 4374 31565 26261 12644 4668 17660 17483 6856 10539 11223 12087 22084 29780 6321 22636 5065 25175 1056 22665 29252 20969 6615 6423 6760 21305 1739 962 10045 3290 31875 5559 27582 2876 9222 32483 15828 22112 16771 26483 24986 15096 23660 22031 17920 20671 23368 23990 386 23485 9970 21983 20917 4408 9053 27782 4156 32337 3199 30810 18358 15007 16759 28142 28070 3943 22749 28086 4140 15224 9641 20929 8141 23531 11608 18008 19935 7290 6678 23409 11574 30561 23831 22184 16350 26240 8373 12710 12396 5767 31046 18856 19955 27443 7564 3966 19022 16475 27145 22855 27325 7853 6890 14036 24964 28474 4571 19354 12634 2481 3170 24210 9706 17612 24626 321 20998 14508 31867 5317 8586 32260 9505 26611 17684 5536 4849 28618 25458 24664 22413 29048 29089 20911 28284 8710 8854 2365 3374 21469 28177 16596 375 25685 15041 29241 19506 23968 5294 13613 
1350 13181 15136 18994 10786 906 26206 5077 12705 16464 5425 4469 18864 17542 13917 3789 17880 1092 19436 19819 31842 12533 2746 16527 17539 26591 6198 5107 12680 17041 26323 13622 15294 28899 19248 11925 6792 22879 27938 3067 24858 20300 10816 14963 7298 18196 28577 16824 20515 13233 16494 29501 16114 10507 21126 22399 9738 24128 5534 29230 7718 24772 30965 16180 21590 30876 13670 3434 5764 29931 5110 13522 10826 21410 20714 31276 29481 8348 12222 20281 5726 28968 25424 19867 2115 10088 29693 20609 21753 25768 13244 21863 11786 5062 9708 6035 11693 2816 15224 13753 4485 1124 25022 12887 20708 22191 27494 15548 18830 29409 22968 22095 22205 12401 31537 17725 26301 31037 16108 2904 3213 31075 26693 11383 30929 7497 18103 26394 14556 5211 6583 26611 21218 7919 25953 1861 5902 12304 18635 32450 20679 15047 20128 2546 12638 27165 9581 14383 21950 29042 23152 6522 12086 29418 28403 29636 12160 13876 31862 14151 22441 2171 28515 9719 2230 14003 26962 3858 6947 3490 14194 20074 20623 12630 18244 24973 27590 1869 4165 3995 30652 9809 29741 15125 17337 31269 9407 16532 23835 7293 27251 29131 29562 18147 22034 28119 5296 20665 23449 5207 13462 30100 5217 22196 22225 20421 25434 19155 648 22867 32568 27699 27485 31447 3980 18967 32429 18225 8823 29221 29185 8228 17720 24060 5555 13323 23831 2137 24580 1202 29869 27258 23933 20189 6060 5859 17903 24863 16097 25392 10355 23180 20478 14146 5085 31860 902 13414 14022 14972 21733 13563 32047 31079 30497 21565 27022 3765 7304 23463 2732 25397 19559 18447 3129 4233 19264 30388 17791 14130 19887 22379 6274 9346 15590 678 6412 1878 23672 1334 26885 22788 19545 28750 22439 25164 28213 15724 17881 15507 9760 3076 28715 9540 13060 24369 31271 32373 4363 27091 
2017 22113 25143 23197 566 18787 19633 20123 14824 25320 17376 17335 18959 20794 30018 9825 30097 13197 24653 20712 3212 6071 2488 15528 8833 27836 23124 23863 27390 11452 20469 21299 15657 7426 12980 24981 16190 746 24566 3638 30540 20688 24752 13491 23507 11067 23471 3141 11144 3745 28348 16275 11118 16407 27094 18120 953 19390 28479 2716 14495 15958 4754 19787 7742 7807 7378 22163 13526 13215 29504 6856 6841 13117 31234 19771 15685 22367 32547 32088 26127 29629 24725 7788 1417 12682 4333 30854 824 671 7880 21513 18403 4994 6005 17958 31765 27399 17194 15577 5864 32266 12317 15466 23553 9623 30911 18220 8557 8705 30254 24118 32022 27754 18244 15098 9835 5968 29427 15782 10507 3877 8625 24707 16122 2962 16625 11827 10800 16004 30722 5875 18461 7091 28706 13745 22962 6167 24279 21982 14671 6702 6312 5300 975 20345 13099 239 4703 10430 8003 9651 12618 24886 16299 21623 16595 731 29613 17015 17417 31922 1048 25896 32439 7641 7597 25213 30917 13195 20894 10619 19392 14707 29437 24053 12477 4101 27597 2593 23469 19022 13634 3479 14588 14635 30562 19769 2427 9872 25687 4916 4550 24638 21582 10470 4300 10753 15052 10832 4429 1791 6651 6209 9901 27216 21680 16263 16818 5951 24196 5642 21227 23073 1821 26708 23051 14303 32003 15217 19554 10859 3675 27224 21119 7017 6076 23645 28912 20552 29349 75 7562 23219 29936 28375 11905 24963 3601 31375 21123 23906 21286 31165 29850 18930 5257 29680 14715 26321 1380 27590 28079 24448 9987 21896 18560 5653 5662 18117 6739 23194 13615 2211 30226 26434 17057 7209 13115 18533 18708 1333 24453 30531 5931 19670 19888 13800 26354 31567 24362 26002 8741 11151 18430 10033 13742 1783 9853 29347 922 12959 9423 28649 21253 14130 3652 30678 4915 32189 
25725 21122 5239 8657 27844 29221 1658 30976 214 10150 13235 8723 22147 21814 2256 14633 11484 23607 4726 20561 11979 32141 27163 21204 13951 2484 14579 30506 8661 26807 6088 27076 4534 21077 13381 17821 9591 27506 14787 27039 11752 29060 17123 1378 1174 16447 28047 3310 27732 30339 31360 6940 8739 19249 12515 5833 20831 17319 30298 30122 3716 28830 7327 1760 22543 1118 25956 18320 13474 30236 13935 20018 25287 21077 3929 21962 21201 26793 18277 21706 496 32517 21813 31651 13154 10236 13651 7843 22745 11990 7348 14662 12987 4240 7951 15158 14929 31772 6134 5428 782 17479 22033 30272 10960 14503 30051 6642 6888 28107 12421 21506 8040 31824 8631 6256 7502 10935 27884 5320 25159 16339 5564 17020 9673 9371 29980 14650 29441 8909 32632 1350 18382 22082 29582 14129 13642 29648 3308 14759 23218 13425 7349 27278 12110 14589 8870 4130 24851 7343 7478 24205 16431 9096 18490 22078 6549 9873 31626 30565 14139 29472 19652 2029 21781 27060 17586 31647 10727 2431 4859 29753 23929 25961 29823 32220 18807 6297 4377 915 1105 12432 6077 24148 8925 31515 15174 18250 31804 16773 12630 21659 15431 5798 5970 6247 14072 15663 21508 23581 8369 10936 6567 25902 16888 12302 13325 19016 12249 31113 23955 27973 17092 28322 15499 23056 13576 17835 11440 18123 2413 2182 2112 6279 17548 10002 19355 27669 28314 19282 30308 26118 23911 1268 397 2742 20347 15040 30934 2910 31057 18157 21550 20143 4013 14132 11501 17250 22495 2164 25627 5775 21470 32294 17163 18505 11348 9714 21710 8385 27139 3334 5307 22555 31503 24318 6521 4683 8647 21542 31013 1195 7339 15289 9029 9111 24756 26462 25193 2554 32110 10491 1558 1927 28962 1142 20717 6334 13468 6046 6310 20846 1851 12208 22819 16692 23095 12827 17723 7346 
11289 2215 4338 22225 15358 17476 7384 24732 22607 20186 22979 27787 12761 31032 3998 4512 1053 28624 10209 25202 21754 12852 28869 8576 19272 23516 16593 16503 19090 25054 28051 27618 16711 442 25192 31981 7581 18614 27261 431 25909 23597 3046 6603 7388 11846 20659 17273 22301 31914 4048 3609 4635 22467 31998 1871 21190 20585 17720 14831 14267 530 3889 8549 25627 10402 20054 11688 3431 26577 28103 15174 463 29748 24329 5505 15600 32277 605 18189 22679 29001 15862 30997 1438 22015 1303 6671 2380 13682 16193 4149 17841 10282 29592 2488 26036 15073 55 27595 17869 23164 6772 2581 20904 22629 7206 15896 3584 23393 28889 26836 8407 20416 21862 30654 11507 9059 2573 25669 28717 4570 12386 4993 21262 20892 18046 14166 9917 1255 4963 12303 20035 20232 3313 12748 28445 25850 11521 13327 13560 22359 20169 14352 15580 26585 16545 26300 31181 11635 28964 6484 27226 16454 21704 20991 9113 5037 16353 26638 2843 23772 4410 19892 27754 18487 9498 17136 32035 24923 22204 5448 28679 30307 373 32210 16416 20842 17118 9080 20934 27554 8953 22546 29681 21396 1095 56 26445 5168 13313 4180 21379 8626 20990 6337 8338 13739 6782 7991 31090 14039 8769 31282 17803 27085 21480 17963 16524 26739 32519 14450 11656 8321 31637 23913 28304 1778 14986 32513 3263 17536 27521 29366 10526 31787 6232 26743 3985 21691 25108 32594 31897 31836 30692 5363 27905 19833 20501 12694 10228 11336 4996 6054 17848 29859 9248 10277 25616 21175 5033 32456 5306 4574 13999 516 23433 11969 9840 11392 11446 7501 15870 10046 2071 11569 25952 21682 14640 18981 6297 5920 11441 16642 8440 6383 21476 17199 9780 28491 11030 31104 17748 32113 27816 658 3717 4808 6433 20774 27160 15396 13964 9918 28887 4573 24184 5221 19343 26050 
6803 1822 15783 24959 2474 25166 15268 11098 28814 15491 30000 27087 13652 23031 3836 2470 11505 12258 29931 1857 32734 4718 5773 28742 28052 3728 16695 29090 7946 4308 25184 28814 3595 4461 11848 16485 12352 20074 32272 17546 23247 2188 28615 8511 17821 27209 31304 20155 21948 26105 18154 25844 15594 12314 31341 27523 25952 12065 17174 15481 18458 1876 15591 4057 4467 16416 30040 23589 8032 15218 26559 16031 3000 478 28953 14012 25968 25955 13190 31949 3961 20457 4033 2190 2550 5838 10818 30625 16482 16278 7456 14980 27663 25411 9126 10701 12083 7231 2849 9787 16402 26095 4771 6581 24459 23278 11297 9329 3717 5593 2811 19204 2594 29257 27685 27898 8055 24119 20082 15081 16056 20733 16619 4017 27813 18142 24723 5474 8590 24944 4459 1754 11567 23710 10467 4931 7184 10976 11480 9117 20435 22872 25060 10392 9336 11086 31073 6133 16581 13140 4295 11319 10674 1465 520 8620 16631 21640 21913 2021 29460 26421 5418 22288 30905 10271 29943 25307 31385 23494 9287 24746 15362 23761 24922 29300 8185 2456 32679 19121 16185 31164 22758 22161 30406 9554 18746 11316 6180 27332 28082 3152 7036 27899 13588 30488 15992 2338 16612 14847 8179 15279 400 19732 25872 24583 12281 7229 16678 15632 5338 30636 7793 15547 8003 18660 20638 14918 32208 20675 8306 16676 10399 20665 30374 24975 27969 22034 16343 4437 17942 2374 8291 12634 26357 16610 22823 20004 32716 7592 15532 14240 15558 2178 21423 20233 22012 5676 22049 32416 18869 18368 15332 29328 23099 22824 26663 5688 27818 14819 18050 8349 3619 1455 10939 14301 496 26613 28325 8727 30861 8797 28222 12210 5732 6940 23108 23279 21899 20285 16366 24575 22653 18575 26795 5818 29217 9768 26170 8140 19538 15563 19965 1566 11252 5971 27508 24218 899 29006 
28570 23849 14053 3179 1614 21934 7749 747 3327 31392 17235 13531 27494 22570 5757 26373 17538 10881 31461 9143 25396 26096 18049 28299 10599 19813 25550 2915 5111 25324 29405 21225 9592 1722 19033 8944 4985 16802 14484 17704 20752 31581 19053 31200 26165 28422 7057 31978 16579 25218 32054 19523 12770 13177 12976 11248 22560 20092 21085 6763 18309 17075 15625 15518 26776 4885 7305 27594 30237 28583 20380 23576 21655 11789 29814 3747 29489 8473 22125 30251 3567 21261 23134 8683 14811 19354 32243 9165 28510 10134 5792 29325 20232 24985 15252 4956 4850 22632 14428 6368 17335 30586 25186 3829 6990 29127 3960 10366 17142 27276 28552 20562 31936 27370 32010 22305 12862 3893 6064 30966 8 9808 2720 31583 23340 7783 31605 13984 1211 7854 27343 18873 14508 4140 27980 32347 15836 21524 32441 30119 18844 31277 14144 27998 17947 24536 22128 29053 17999 6944 28875 4077 15708 1209 27567 26033 21174 14733 16361 15588 8795 7729 19665 30430 30952 21329 30896 28281 31696 30532 10690 26630 9832 30074 30185 18157 1084 18202 5940 8674 20775 421 21498 9708 12316 23067 4464 25660 26741 482 29717 16301 14835 5500 15543 9373 1940 24434 23849 30888 3387 19911 26834 1543 9564 2407 22320 1584 7360 4794 28715 27987 12998 20488 22283 18122 17087 14802 1717 8844 26976 31973 1009 10811 941 14721 24103 4986 13631 4767 3689 30378 7087 3662 30782 32014 26650 9815 3649 982 12764 12840 20798 18297 11599 6370 4381 22803 8180 30751 12929 14571 16518 18193 19633 16576 12666 26454 14585 15590 26543 22714 9724 28699 22221 28551 2222 25690 6992 7606 15116 24343 24408 21868 5169 1027 21430 10860 11360 30351 7938 14105 23176 17038 25370 17749 3681 13914 31039 28757 29206 15184 4100 31300 20351 31159 22462 19564 24025 6825 
18662 30512 30986 30737 12662 9418 6691 28618 5401 4299 8954 5714 11916 22752 18572 29459 12045 27434 23991 15572 20917 19590 9875 11225 24517 12474 26004 7336 965 4426 27724 5024 2057 7334 31119 31893 15363 2905 8460 27161 7145 25935 13837 29186 15185 31250 14843 1751 16207 21882 22530 27584 19048 1343 18803 9627 14704 18984 7862 25038 7017 19375 21036 13344 32557 11488 19815 11435 25806 2956 14091 22509 18524 11986 21315 4222 17030 22516 29835 20069 15525 16301 18755 14541 4182 4733 20950 32369 13637 6055 30032 6878 25060 9458 2065 2600 14981 19960 31383 24450 32624 30007 17468 6858 26659 7079 8921 8491 16443 15586 22683 6501 18855 27776 5092 26991 29802 12237 21298 22785 1944 10554 5822 8257 16554 25082 7906 28558 2350 10590 10723 7749 475 6434 30605 1679 17671 21523 30672 8540 7265 4290 18268 16786 29645 29881 29073 32730 14129 31317 22425 1691 20445 3352 21575 516 15099 10098 26192 27186 29306 1168 31354 18608 3563 3857 8723 12925 2541 23801 5472 13140 13842 24880 154 27170 14908 7699 20391 31591 23821 13013 4353 30144 22014 1505 22929 426 14844 21723 12023 23287 27895 6911 7780 14486 23582 28108 27146 9505 12822 21729 8197 19560 1728 21818 21384 17554 8522 20713 29709 21237 2890 23508 1277 14772 2793 13694 19958 12990 28374 28973 5265 26888 23325 20293 27545 4946 7964 3503 19938 20893 31734 546 17971 21036 7684 25852 20256 14703 29914 29105 20290 7598 9025 7094 17615 1831 25426 31673 28432 8363 13903 24052 20717 21558 27307 19518 12851 21371 9930 511 30546 18308 22495 32665 25008 16556 22468 7164 22734 18794 15390 28919 24935 25239 14199 19847 23243 9328 29712 17261 4192 11115 3516 11982 18104 23730 23236 32739 26763 22341 22613 14162 12094 9361 30307 19507 24838 29164 
10491 23719 28929 22421 4334 26887 28755 21026 7688 3313 23824 28495 30155 30080 5199 15217 20331 23246 20714 2445 25624 27917 20750 26330 23762 25520 26769 22126 29079 10709 14478 11575 6178 19009 14263 16424 10342 16449 5325 26816 4664 14490 29824 9495 31542 30523 4309 10479 30041 24447 22862 25176 27320 1418 11037 15422 22208 29764 7993 26363 31678 24802 22640 23368 29754 18629 19114 8503 13418 11853 17572 6796 32240 11837 20329 704 29166 29201 6097 18666 3162 15413 13299 12924 10585 15125 9824 11111 1582 20332 30426 24722 27441 19825 6664 3490 32093 14094 9242 10625 26553 28064 16718 21486 32586 7845 5717 22551 4423 17407 28412 5459 11696 20275 2486 29227 25068 20140 7825 29903 21871 30450 27867 26681 27961 15504 6671 19307 1213 3156 1002 12659 13881 27742 30743 21092 1745 19670 9912 10120 8217 4096 10731 18528 6115 31045 29487 10730 2648 9751 25968 21510 28251 24897 28751 4944 29034 11588 24110 25489 32587 262 2556 2597 22612 6967 5111 17989 16433 25602 3349 3516 16994 18772 32560 6752 16064 24766 26236 10262 1610 7260 1327 29002 10059 13902 5860 18467 12511 8427 29657 31975 823 2240 6014 27936 13713 24173 10748 1192 22528 19283 15274 29363 28964 9251 13999 4994 9148 29766 20270 28051 24660 1431 8794 24715 9369 27112 6710 9568 20449 19186 1933 13858 29888 126 29638 4339 7011 21467 28203 11966 24715 4126 17758 27498 17102 15022 19383 16318 30141 28 27753 5333 32514 11885 21784 30232 174 1226 8737 21866 5193 17872 22632 27565 2017 12725 6111 25814 11649 15824 2064 8830 15668 7124 17713 16928 23555 19629 4280 20138 31335 30421 20813 20095 21428 27401 27786 20616 10757 4038 6487 15981 14459 13334 28517 28811 27788 32477 27792 10491 23622 21325 25597 25198 15006 4102 5794 6222 
20067 4996 4007 0 4248 30213 6072 18203 28827 5246 10603 1279 9110 3531 11505 25644 16678 7694 1889 20761 23944 28677 26400 25141 24299 15854 30729 3826 24965 17283 23557 17041 7717 1456 4570 15859 25684 19209 7186 9898 13791 5806 17799 7288 30661 26102 8556 23067 9334 16187 31444 27863 8590 8134 879 28282 20941 27406 10738 7373 12569 30703 13412 16872 26634 27690 11720 11992 18876 4590 5059 28433 10692 15783 2369 5742 19059 2509 28982 889 17239 10190 27777 14274 2312 11984 15169 9414 13542 11458 28787 25700 25928 9526 21216 16907 13960 18906 29376 13619 16010 129 6158 5749 23973 18184 15441 11313 636 31126 3113 5197 21480 4726 28126 32318 4654 11900 24137 15138 17655 5349 16572 13562 11033 7381 5272 24528 28754 20412 23949 23637 16964 30530 23819 29424 1745 11896 10774 22775 11126 6201 4788 28952 7192 1624 13310 19238 8340 18742 561 24545 13384 212 22961 1421 23317 24796 24009 4321 19000 17617 11480 15512 6367 25145 7703 3044 28719 20818 6846 15658 6157 14473 16208 19329 22200 1690 13522 8806 15657 17025 6862 28854 4711 14464 1449 6989 10107 31705 22357 712 23387 26917 25035 28666 10138 25344 26036 30082 5490 30462 24058 21361 16482 12169 22313 90 22053 6586 1048 32320 24112 31966 31708 24632 7384 17999 4155 26882 11284 7239 6483 30877 3274 15584 25799 13008 24294 16527 2025 17955 21518 9985 21893 17858 17098 2624 2218 3667 6179 22310 28806 15904 22239 14488 26911 24836 7631 5966 8207 32735 19567 30773 25569 28198 11553 20694 28757 16360 11361 11358 1836 4076 5814 30060 5631 6636 1805 28255 19012 21985 3014 847 19250 4609 25008 27824 5740 24103 22498 4805 22433 86 12617 11971 8821 24635 30205 23578 7415 30032 14291 4594 20692 16640 16154 14935 12957 31399 
21651 12597 22828 10509 12393 22098 1702 11787 25644 28705 26801 22617 8019 1726 24894 26121 28160 26601 16810 6377 4482 26536 7646 1776 11967 8766 17976 18119 19272 29488 11252 28144 32305 10817 16923 3630 19633 15305 10386 28126 14297 15986 22046 21302 3311 27980 23248 6599 22 32497 3618 27144 28154 26563 22315 23273 30663 11502 25928 26879 7210 1031 14968 14403 27275 32135 31881 18417 10300 2741 25395 23376 1666 16962 20849 2934 9434 17520 26486 29948 1973 10728 31144 19186 10892 4663 26802 13732 857 16885 9005 5448 3945 6392 4785 19994 11140 32026 13438 31952 5879 8087 31084 22068 19805 31855 27574 24975 4833 20324 16076 15913 21424 14170 28807 16620 8356 5176 8024 32633 31206 28498 21663 5538 1880 16494 29758 594 22333 11451 3665 14992 4229 27227 22595 13992 14801 9370 18164 15802 4400 1019 22034 11005 20105 11442 18570 18839 4731 68 19734 13546 10838 24489 30150 22622 12686 10771 1805 11083 7829 7612 22985 1142 1520 29054 14769 16004 24832 23450 19788 24881 18836 497 20035 18188 16336 6742 30308 10510 32616 5950 7509 25219 29918 26512 10884 21811 28558 1565 17229 24093 24476 17254 26565 14077 28031 9462 3301 4335 14535 9060 27219 25619 14211 21511 16788 17833 12696 5794 17335 11363 7457 17423 9574 4099 10331 22723 24388 10852 28036 6512 13549 16020 14451 21905 8740 13878 14879 19044 2332 29346 29509 20803 2064 24837 19658 11343 13836 8451 21781 26389 12841 30042 3382 21695 28459 13423 17462 4541 28277 23159 21935 31742 25803 5256 22548 14108 13681 4831 14639 7422 32195 27015 14835 13294 32212 21887 28210 22726 5811 19050 24941 7405 24770 30740 13859 28571 1241 31013 28925 21556 5363 22684 24189 20732 11577 23443 15798 31562 14355 9299 32690 24443 3881 31849 27649 4786 16354 28467 
16762 1833 25771 31544 892 4083 24454 8228 29704 5712 7397 12409 20610 28996 32072 3609 29779 394 6065 32379 18947 3584 27030 10982 22476 13541 25653 15761 2189 25590 26589 23966 22602 6340 26931 4719 32464 6097 32089 22711 26059 25944 17486 9521 8000 23463 3049 14714 31623 972 11068 6766 28262 24032 31837 3526 22632 17722 32610 27948 8191 1929 12002 27749 29444 28067 20804 22023 2163 874 6062 22771 13054 15138 11799 28544 5882 18993 19014 15422 8530 1887 28203 873 15051 23687 18155 21870 25249 21787 1830 9344 31240 24702 27166 9194 29274 29787 22815 16250 17043 26393 17849 18647 28824 9205 26683 15252 19580 1249 29227 32622 30036 14005 30591 21642 8680 11646 2407 23011 31558 25541 20967 925 28556 3392 17813 20067 14450 2451 24941 31017 17535 5629 31956 2837 18766 6884 12342 30476 8853 1654 2861 2603 21984 15048 6238 9468 31123 10697 13387 23125 24883 14488 10407 19982 6955 29629 1196 27769 20306 5772 26362 185 7280 18497 21149 31018 4964 22983 26476 9583 3307 20460 17278 25582 9951 18206 2204 18624 16774 8295 20186 16067 5867 4306 7456 9349 2421 12620 9935 28474 22215 16587 19949 9423 31184 962 3357 4181 14829 19622 6195 1273 10002 6701 23531 32314 6993 17398 5636 31003 19784 24364 8949 23814 10114 25918 374 5208 27244 13351 18939 16699 3481 18003 16299 27726 18653 5912 25538 18570 28548 21665 30468 26795 8901 4130 30380 25820 25573 6530 32728 19928 31011 29493 23901 17529 6409 29385 2365 4445 24818 2437 6317 17474 17381 12530 7288 14211 369 10904 19642 14563 28915 15252 5967 30251 28769 22191 1570 27220 32482 9726 5415 6200 11609 5606 23014 13385 2511 9190 17975 13252 2180 30578 30571 2490 13710 10791 21998 18403 20182 18439 16545 6549 4660 6282 12235 12111 
32111 23916 7481 11277 1913 32608 30392 7995 21095 19987 30970 29379 24069 4407 30338 31343 4806 15634 7888 22965 17443 16105 11937 19410 21192 10155 27796 8138 17085 22258 4706 3142 23754 27468 32751 20148 19636 14828 7447 19077 25177 17036 28642 16282 10343 15424 23587 4434 27931 29521 4366 4674 31340 27194 4954 25287 24461 1513 16922 21987 18059 15605 10956 29937 23371 11932 5500 11659 2450 10646 25598 4484 6938 25801 4399 13993 26612 6014 27106 10095 28612 8976 13777 24178 27548 9445 1392 30453 12969 18085 20642 3932 22763 26932 30213 8977 19751 22422 6112 16024 4341 16197 23968 10021 15894 15328 4688 19607 29276 2992 1419 12088 14733 24676 26220 20676 6675 28219 2176 32095 29901 27427 13401 22864 19519 17568 29554 12515 19465 28794 8378 20870 6864 32637 19835 23020 25106 18798 29797 6378 21862 26412 18486 19293 1479 11254 3148 14455 11264 16883 25112 28705 28163 15689 6149 24405 281 4215 23362 15725 3006 7948 1920 4403 9272 23144 30787 27140 26126 7041 2493 16798 29418 10714 26018 30104 13327 14938 18483 25861 10085 16712 2655 30523 11867 23431 3645 20253 4093 17030 29327 20800 21489 28881 3187 18920 8863 651 26607 8305 12596 15907 12810 30706 14181 4320 10036 368 23505 12710 15107 1250 9040 8980 25206 15714 6748 23367 21466 11191 21433 12248 13226 10955 13575 13428 29810 29027 25778 681 21621 5097 5995 20410 14622 4199 21170 28297 5974 15476 18791 28395 17709 25777 17942 20052 23445 31016 26563 32626 21894 12443 22083 13753 25140 31736 21511 21525 2895 14177 26249 22372 3438 22025 7683 26468 8318 7910 4439 32252 30593 14413 4841 10555 27039 14145 26890 3930 30537 22915 4244 8591 15855 2896 30905 32103 22580 2662 26579 7368 25244 22775 5521 7710 16498 26570 12890 2581 5680 18312 
6759 1670 28045 2531 1730 11775 10385 18107 3197 11459 22216 28726 31745 1606 24186 26585 29520 4282 21866 18524 6927 25845 6848 20027 30002 31400 31475 1243 14461 29019 17136 23447 5407 6631 959 29145 21115 1034 10383 7357 13014 30999 9941 26679 9859 15371 5803 13851 5493 5398 25423 10192 19638 32305 28901 17191 4027 31073 4283 1585 25134 20894 16532 7095 19664 1000 1895 29012 24233 25459 19216 13331 26815 14182 32394 27068 12821 28272 16156 23668 24645 29766 28638 802 11723 13070 2270 24681 29342 13201 14747 8002 9808 2391 18052 1703 26008 31494 27522 4617 29408 26436 30337 10528 2191 13381 29501 29299 16489 15577 29365 27994 3501 2507 4766 30382 16529 12563 27874 15433 22203 26194 28199 20402 20258 10020 9762 11639 2810 15327 11537 32170 2224 30360 5921 14469 18963 28235 21858 3861 11156 25777 25238 16616 11986 20639 14422 3540 21729 29159 21212 5662 3360 22303 24575 13646 10983 32089 32562 26622 18913 19670 32160 31090 2976 32716 3559 15167 31971 32397 11878 21157 5329 29854 14854 18944 18785 15586 13407 21928 8461 31703 13177 9083 24413 17868 900 11768 10640 23535 16696 24318 14825 30344 11940 18928 14476 21207 12090 22064 30924 10662 22415 15114 22172 26353 11707 18237 19047 22074 3606 17583 25532 21315 28279 27483 18748 10294 6224 24771 11451 13218 15377 26139 29316 5803 27724 27571 8692 20119 10555 13802 893 460 17354 31358 8830 23204 24446 5591 26422 16316 144 10204 3905 8851 30881 28571 28267 23857 24491 18247 24317 23607 30806 22781 31581 19654 10265 23917 23779 7760 24419 15186 26796 28554 19151 21193 26275 13345 21360 21504 19869 667 17831 4922 9823 8592 30007 23559 13316 27882 1748 24371 9661 5972 25537 30478 32027 18859 6693 5331 24456 13479 8830 26086 11022 30522 21960 19155 
5240 220 23903 30444 27832 1657 32665 32084 5548 20705 8913 10980 23156 8064 32190 267 15894 14297 27295 8743 5577 20238 31515 691 32200 25490 2124 9325 2097 25214 14067 3776 27146 31614 20852 11997 25643 5361 18465 17234 25685 4635 13060 9237 4439 4093 30352 3115 31228 20591 28932 16617 30404 11781 9533 18664 21918 27205 30561 22423 31413 2557 31436 12814 9100 8282 26123 5307 25549 21386 20532 10541 18133 22277 30084 20848 8454 17927 1224 3692 15119 8330 24037 189 29727 8144 27514 10626 18108 16887 17175 30273 10803 18789 26837 4916 18035 2541 24838 9360 23699 29800 13434 24464 26628 9440 25494 27352 12647 31151 5284 20819 12466 24297 5571 26224 10919 7763 31137 29929 5785 3199 25572 24267 17802 8450 17232 11095 28975 27716 1521 6412 16567 30858 478 19237 21701 11457 19955 11191 30541 27100 5844 32764 891 25165 31294 2856 10574 15594 3428 11668 4155 9349 23558 121 6682 1156 4870 13692 21272 14516 16385 22428 28405 14783 30871 6605 9410 16562 2253 4314 8531 19171 14667 9610 12488 7806 4393 26624 29866 28388 31383 27454 5447 31750 5387 30629 13197 22181 1170 9238 9869 4737 23730 27514 30103 13537 21835 24555 12364 469 19427 32443 31809 21541 22464 23154 8505 8250 3392 16735 2908 7491 32369 10376 7525 20151 19948 7550 15293 5148 25990 30676 32673 8696 22768 22942 21392 26838 20139 27705 4023 1394 18316 24252 25902 17499 15190 23934 9373 28687 11599 25118 15401 14593 7613 5394 11544 4600 11426 12882 20211 14998 21841 10732 14358 2297 5248 14978 8406 3105 9540 3389 16015 12257 32715 14779 22084 17207 981 15727 27493 31113 23774 2988 26636 12387 31543 21335 18455 24390 27314 17865 9205 15985 16634 29016 27448 32107 1293 31319 24990 8327 26996 9532 14532 9496 13962 6982 
1394 26967 24771 29236 7434 1129 15186 1039 12045 8847 10036 8070 7195 24607 31065 9954 15719 6514 28892 27375 6372 25361 14667 29924 22901 20788 6375 3880 18403 16388 12305 27834 9043 8665 29846 2742 19203 19078 16570 23796 18304 28666 31953 30650 28136 3409 2716 24594 16840 22099 30239 25880 6163 28848 11542 9863 5208 24916 23017 26446 1331 29164 15770 30078 1899 19871 7569 20587 23610 18426 32286 4227 20368 23894 32020 167 26486 15361 27274 10839 14979 30316 2794 25078 1168 29079 24831 19120 21014 8252 23468 12028 797 23968 13003 7551 4543 5427 10302 26328 4345 25668 31002 4873 20317 19263 11130 5784 31394 5214 11520 12743 15475 18356 15054 22212 26135 24969 3159 12497 25362 18010 29651 29476 1914 27683 8585 18829 14942 31239 30839 6090 4473 6860 881 12927 15197 7114 9424 553 3377 2388 19807 21144 22378 21939 15892 19009 19020 17312 24578 10135 22995 2827 25195 13639 21030 14443 25953 20485 4317 30063 10872 32669 6564 10556 27036 19072 26437 5434 20957 5132 15626 8568 1007 12736 31831 22557 27832 21991 6455 23667 1186 3179 20726 8867 2289 27898 5515 29016 11841 7435 28314 23608 32337 7223 32303 15591 15299 19743 18287 9130 22092 31720 8604 1699 16912 10453 28952 2481 21017 7376 28175 10916 6762 30964 20611 30417 18345 19357 5513 6134 15155 20109 1601 17944 4469 2243 1353 17956 14234 23090 6289 27172 14507 17388 2748 25355 14582 22563 23381 13377 17449 17457 11196 6832 13975 11654 8988 3336 26412 1393 21085 31106 28914 13029 2889 3171 24249 4985 1135 13976 17942 11300 17652 21276 17320 27108 17731 25245 9985 32171 22373 4547 15252 9993 8896 12227 32278 7670 11790 22087 16310 10829 19291 21331 8694 30435 25431 8151 14572 27400 19925 29598 11496 23813 31197 23876 423 11272 
2023 12778 22828 3404 20099 2507 25856 28089 20229 24501 15087 29575 24703 30897 8236 17192 11990 21728 26362 5322 14889 14819 9612 23746 9508 13678 29606 30514 1153 6993 19689 28064 32617 23772 14101 10099 24459 20266 13866 15913 20034 8651 12056 29106 6430 30282 28557 23926 9588 8970 19956 22910 5542 32202 24928 12563 30348 3429 15257 7917 13533 5722 22019 11796 10105 22731 23226 2554 4558 26856 29036 22059 32716 8516 9570 18469 31878 3334 7146 22353 13114 15882 24058 1031 31195 21116 14641 22631 9505 4650 12133 29169 3288 14371 14002 16394 23017 15270 8561 24775 18923 8085 18815 11134 20108 26879 27960 2868 27938 25910 12582 28491 25903 31329 21616 28229 11257 31967 9768 25879 10567 15221 1316 20295 8164 10989 16896 23164 3251 10407 13917 28948 28482 21328 9312 13555 20037 507 31328 1224 9154 10930 8164 21094 3964 12854 26980 16045 32724 7232 18375 12686 27198 4011 1040 12405 25404 1554 19139 31744 13173 16362 8339 221 30479 2251 11199 8804 13368 21693 23632 30900 26701 11035 2892 24795 177 7402 22954 16868 22824 16361 12603 23114 23206 24688 6128 18132 6620 9215 30378 1954 31281 22965 32532 32604 30830 9336 1060 100 525 7960 31722 32531 20593 21949 1268 2979 4674 29064 10983 6374 20659 28275 23561 23746 3220 26875 29711 20021 26157 27180 4740 18155 10997 13911 28899 13088 10103 8934 2261 22020 17360 15402 27063 29767 173 14085 27657 30027 7951 14037 24569 23505 6047 10348 1726 8030 2034 20268 17561 20126 18895 2006 9607 7345 11878 12312 11982 19066 9642 25189 5716 29803 1043 6698 22798 18649 9257 9305 3232 1573 25370 19507 13494 5597 17567 6142 10442 10568 3127 25950 19909 12543 5604 2593 32683 21868 30589 11604 3894 23676 9773 23265 32674 16368 2029 30797 11726 2015 
11259 18723 28513 1286 4785 13597 20633 30240 25919 15300 11931 2267 27349 28257 4445 5821 8711 10462 11714 13078 22532 18839 17354 14049 7443 2946 26621 12520 1025 20987 32006 26510 2544 19656 29319 8565 23656 3271 6400 18252 30249 12159 32127 13289 9879 6641 9351 23086 24953 2816 25996 26344 17555 12120 29504 29140 2498 9022 21413 18136 32114 21389 26747 20198 11838 25305 10239 24392 15963 20993 2762 16488 23288 24262 29499 27558 25088 24906 22289 32439 24084 18438 16725 20548 20068 1919 17067 26296 8561 17059 25290 13163 14479 14106 19435 12254 18785 5690 13021 4319 9525 18817 737 15059 12815 28187 25425 388 1372 12079 15877 11400 14854 1637 16718 31808 1200 1569 20638 12703 10496 3506 10132 18656 18256 4228 5945 25683 11252 11006 27194 14312 11384 28577 20474 14174 4791 20317 12410 30156 25222 10301 7118 14993 22875 1521 3570 26543 9544 8111 14702 29375 31883 2848 2815 8439 20079 31118 29552 10738 13918 501 12795 3117 18076 1932 9994 1395 19491 6902 15459 31046 7518 923 6881 24305 32221 26156 3588 31800 13987 21497 24074 20332 8861 22395 4585 18211 12536 1589 30507 9508 14986 8674 30057 21832 13336 6553 31186 17770 19327 21079 19475 927 24807 15091 19984 16805 30272 21626 13932 17177 12207 861 4958 21992 8383 12932 4585 8449 21134 8483 14260 17739 18447 18496 14354 15880 29277 32250 20212 4940 26725 32587 21128 20285 22483 27356 6921 5029 25791 24437 12140 14089 12322 31027 26326 16291 32243 9404 9758 21044 6543 2830 23982 4787 23918 10980 30157 8726 13533 10630 18587 1269 9524 30182 26185 24846 5977 216 6813 18209 23432 17874 9077 8038 10591 26278 11968 27404 7652 25066 12635 13061 19757 30391 21370 16358 2209 14245 13359 11119 8289 16931 5114 3289 8752 27687 10892 26907 
3710 10800 26924 17766 15036 7023 20122 18508 32637 31279 23770 13795 16698 13995 13108 13970 22295 25778 13985 17013 22898 16045 6803 6876 3571 23937 31110 6761 32297 27315 20579 11257 3943 30703 32108 19018 18775 28529 7584 31451 31141 31184 1424 4820 12435 19554 3586 25731 29026 202 28265 28882 10740 14601 8719 16547 21010 22183 16274 9740 111 7686 21810 3372 9017 29985 22691 28186 26422 14618 31608 41 27814 17829 18817 14130 21287 14425 30672 1327 21408 19458 28955 11896 11217 16761 27052 2944 14701 28978 4327 29603 12046 31488 30944 12019 31267 857 25426 14316 32331 28996 1855 5066 26900 31954 7049 14722 2422 11062 22614 31231 32328 14661 18507 14772 20846 17738 7614 25455 18485 11281 18340 4503 2753 26578 10833 28710 16910 25754 26802 2056 26717 21564 6860 26164 22307 415 5534 16172 13094 2350 9999 14357 9321 15628 23215 15428 3288 20130 28142 29990 209 20721 23706 20812 23795 10725 2843 784 7616 1681 24532 29660 31028 19151 1375 2807 15028 22088 16068 20668 305 6699 21767 22160 5404 11242 15708 10125 8581 10594 525 14316 31104 29014 24742 5587 4004 838 4844 20081 3244 29321 11174 28239 30005 30354 22516 25862 20458 28641 5847 597 15338 16250 20121 21978 15870 5235 10440 9635 10275 1877 25948 23361 23591 18355 20805 9842 14786 31177 18499 5149 338 11416 31545 14546 32193 20157 14160 26899 30412 15165 31185 20604 4147 8706 26585 12887 2019 27658 31146 26019 18839 4786 15912 14663 11079 26653 15424 18324 20414 16523 7327 23148 21793 30384 32615 29791 5097 15400 29589 17830 21223 4570 6756 22959 16053 22986 3536 23438 4889 27524 281 23754 957 22754 403 23912 3568 11921 27522 20816 24252 3929 9769 27447 25031 17337 4250 27213 16430 22812 3137 15251 15926 14275 19186 17269 
16972 21818 17969 23773 24472 31605 7101 3578 12966 17018 299 3625 597 29124 19455 14703 28917 15421 17535 14094 19920 9020 13822 21901 19382 27213 16082 20430 11495 27582 27173 31307 16640 19606 22001 1207 31714 7392 1296 997 26849 2862 18193 21024 4666 17324 26859 26507 13352 14447 8776 17260 5817 18987 16736 31818 29302 28300 21932 31130 13088 20376 15090 15562 17063 8927 20156 20895 68 28936 2177 5352 32111 9681 29435 30377 26620 26732 20584 8656 10348 3735 27213 27337 5468 13895 30761 32448 6784 6395 15559 4875 21268 2752 18753 28357 4263 20574 20173 26259 14845 6202 9508 16139 2713 15188 23081 9101 10380 16226 20092 6114 24914 14996 17792 13218 26726 28474 32444 19130 12888 23095 22781 9293 25126 1579 17181 14657 15475 13600 10708 9926 23590 17905 31995 19602 16798 32047 22336 32298 29461 29295 11716 27085 14409 17038 9863 32515 10127 29900 27020 11003 2057 29993 19563 29863 24746 26419 15436 26501 14438 12286 4304 28462 12332 14549 24447 30279 5195 15115 25345 5654 26177 563 21151 19204 26442 1604 7094 22826 1765 4134 7794 8559 22910 26311 30962 30550 22235 11779 29358 7983 21732 28550 16349 628 14497 1757 23884 31546 10075 26020 26481 28888 29724 706 26692 4835 26790 13805 15290 19504 27333 9726 29317 12588 5532 10717 17651 614 3094 21598 30764 5826 15744 13146 23721 18024 25832 12095 2872 28399 1458 6057 23785 775 1377 16609 3539 6383 30018 28191 17725 9161 8919 23954 32675 4205 31175 4985 25381 31805 17728 28718 28133 8997 24340 24418 13681 10235 970 26365 29766 32495 27996 10769 19762 18607 32497 5927 19105 13707 5732 32288 2782 31030 10702 12147 12518 2660 30447 10077 24955 22153 21361 26800 10299 7199 9592 16675 5871 2339 11787 3883 26686 9164 30708 26436 10610 17117 
30409 12804 6853 5960 30218 29324 30289 21057 7958 27134 3251 18050 4259 24470 31523 29586 18364 16910 9569 10709 32518 32765 4989 20671 15189 29633 29276 29600 30181 19220 8182 6308 9096 4958 20116 22460 24455 18404 18565 16875 15112 4318 16947 7758 22760 1126 27540 27969 2180 2459 22758 27738 21846 26189 8515 535 28258 192 12783 25137 12981 30046 5243 15291 7514 30183 8852 12803 15468 12042 31 22457 14675 26875 14133 9273 6080 1147 9644 22031 2097 25848 29328 15885 28456 16549 17050 2326 180 7255 18539 29754 17813 9168 4210 26904 9447 10200 8744 21460 8790 17783 3239 18323 10506 27840 25977 8856 23118 28878 31009 22294 7892 751 17437 19097 14258 30884 29002 30000 5053 1078 9847 9064 10410 19327 18790 25266 7000 28010 12127 11342 11316 15679 7541 25960 14144 32213 7356 6397 79 24866 24885 30108 13029 23955 10211 2377 29232 22672 23044 15702 9502 8896 22923 13248 26218 21252 7743 3295 15938 1126 32677 23602 21302 30497 23728 8234 30005 7214 6591 9446 4868 30203 27783 21820 4337 6823 23876 28651 22429 3172 15179 20925 15931 32541 18931 16877 25943 25284 25707 24275 30524 18117 27173 19502 767 5040 19380 9317 27806 14407 16868 25119 31714 31818 21020 15475 20945 21358 17015 29320 1648 25793 16914 2858 1145 7420 4422 32179 10199 29445 6201 12727 14524 3584 30662 15220 12580 22485 26981 16496 29585 2992 32484 12608 19200 14450 31748 13973 7059 1818 23134 12124 23385 5100 0 27255 27249 840 9353 7186 29906 23199 30533 21648 5624 11087 17162 11082 24248 28166 23247 3453 29456 23484 26773 28098 1079 5282 17363 8213 10782 19092 9615 9884 8687 18454 28274 4529 10537 28471 4947 22181 7627 15247 4601 29618 22016 31770 26869 23127 24333 14267 28949 1507 3566 20231 19904 10089 
9809 2831 9976 18899 11189 2922 12411 29684 10766 31873 8342 675 11190 26685 32654 21778 31853 15807 22884 28592 11911 30696 9574 20955 21103 5211 12898 2189 8198 19716 9983 18028 2671 14185 26275 2079 19303 31905 10112 10559 12383 28740 23957 10652 1112 19268 29717 27861 28940 26756 27930 9557 30166 22832 17424 6134 28255 2945 29011 31122 10783 1566 6813 32005 20181 22128 20810 30310 7865 25741 27209 24744 28083 16921 15345 21191 18785 6268 4800 13890 13412 22356 31700 31285 13318 1053 5710 3829 17860 18857 25936 31745 5695 18963 6921 9156 24673 31459 5814 1160 13742 9056 24250 22375 28535 5145 8238 29529 29012 11781 20805 798 19940 17460 20039 2997 27864 17015 25402 26110 12048 21324 27003 20982 22780 5227 29333 31011 26151 23782 28404 30947 26605 23194 3809 30095 4161 17775 22088 31370 179 1631 17754 5563 3704 23887 27798 30264 4880 14162 32087 10176 26262 15775 13835 9793 14471 11590 9241 29588 5010 2454 32396 8937 26186 13734 30902 20915 14797 6646 13627 14410 27386 8797 23268 13595 9441 5974 13552 16448 1996 16111 3924 6352 1323 14754 8244 21538 31035 31853 20426 13451 14794 18499 17043 12823 31879 6543 6860 19007 21284 31679 31496 15775 27057 21334 21546 24247 16251 30073 26357 17567 6476 24534 19949 672 11516 26177 26388 14912 28070 9582 21997 1569 6133 4870 12299 27338 31294 11064 29923 28648 12686 1324 10986 21343 28725 5788 24399 24220 1250 9503 13863 22707 27558 10034 30858 10151 18345 23848 32544 8129 11597 31141 11979 18870 5768 27411 32024 15062 19839 28003 11590 6033 32661 18488 20340 5508 8551 3416 13345 20911 19866 17075 29799 14220 10612 2515 25364 5813 9302 5230 26624 25950 27216 8877 5432 8895 23743 16405 26900 4283 20182 5833 28754 29857 26203 1450 19259 10145 
15182 8912 27187 4915 17038 5771 25092 825 4469 20937 28878 20162 3633 10011 20808 4585 2443 14607 13431 3592 12973 2683 2577 13708 10109 1410 9746 4784 18092 1368 5236 11707 21074 13409 5691 15641 31408 26150 18974 7318 22898 10427 15592 10994 26550 21624 12043 11454 18182 3721 1073 19562 13555 28836 12834 26539 26603 22065 13880 18929 20687 21707 14453 19351 15470 32439 17208 32204 9868 6249 31486 154 32613 10489 1159 25508 22897 11383 17721 11419 20648 27699 15061 29631 22475 8771 12544 13148 4093 20913 3915 32077 15234 15787 8658 4285 7696 23144 29782 14484 31231 23326 25952 21446 3691 24292 16419 25974 31284 6656 20947 2288 15301 13704 8070 11539 23965 2960 668 23002 15172 6679 6213 31656 8195 27546 18028 15098 16978 6061 27060 10898 29936 15444 18293 31694 14039 173 5155 9287 846 10128 25989 24023 8853 1471 7280 26448 16959 32346 2438 8730 32337 1358 27044 9557 18361 4782 12041 24538 8516 32561 9485 32760 9079 18587 9137 27713 5232 19719 22020 31995 28988 4289 26309 14995 12638 6587 24508 19638 3556 26160 10079 16955 1878 16600 1221 18608 4533 20134 32282 23413 18537 14894 21371 6801 25160 22282 30165 18130 10370 6527 17856 24085 17018 23054 27795 14156 31999 6677 17300 2311 26990 12964 1567 23980 6645 12321 538 11804 4452 4842 12272 29310 28302 1122 10882 19918 22431 9534 6250 25223 5118 19389 19757 20094 19700 30553 8349 11278 9743 25868 25700 14318 31954 29844 32383 10391 3709 944 5745 17046 5401 28548 11780 14371 19988 4158 17304 26301 13310 15386 10755 4221 15236 18294 13839 17190 11426 12012 26478 28148 990 13022 29719 11508 23949 17711 18786 11869 10601 30225 5864 7210 6171 25411 32706 6156 10756 19545 11683 32662 23306 29905 13271 5041 21737 5759 28932 19311 
17197 31862 31799 347 21795 2775 27713 16313 32347 29506 27647 28287 13637 15381 5092 26648 26295 10523 10790 27460 16766 29176 6261 17310 9678 24378 17501 6876 7143 18 7700 11836 4249 6422 14923 31996 31521 10341 4727 12089 14590 19940 18964 19658 3372 27062 2709 7420 22855 29660 12903 30021 9912 10761 5142 31372 61 18590 3496 11735 504 6687 3525 12951 8969 17843 23409 22328 4512 10315 15841 11174 73 30354 29119 11630 8025 18460 10715 29798 10244 1557 12218 24 26801 16779 11104 17217 24242 22488 87 15465 17677 2474 21517 24684 10605 12632 11682 30174 4198 9559 31898 28823 955 19606 3272 31743 455 7284 30866 17717 22780 28541 6066 6019 5256 24737 14147 23473 8055 6531 7129 32552 21193 2887 3509 100 27261 30966 27846 24551 25066 30747 31992 21217 5411 12594 32124 31334 25150 9448 21657 15337 19441 29268 11148 25364 28805 12992 10689 15523 15152 23243 28918 1803 23710 13458 10413 25800 23511 21721 15341 7200 14062 29540 13539 20036 26584 25342 20281 28371 19044 19155 31592 7103 4821 31339 26592 858 8692 31780 1748 32496 8616 30425 20556 24980 23968 16308 15662 27540 9768 6761 15437 5262 32678 4733 14438 20259 5575 27687 10858 32551 4694 24840 31838 24298 2506 2076 29108 14836 23078 24691 23987 20254 20342 2763 19343 22751 17077 22810 5751 21195 19633 8233 5742 24514 24091 2855 130 29237 28201 14586 31151 29270 28057 27633 29674 21527 27490 6200 13796 11067 21444 11829 30776 25812 27035 22020 25008 11000 6119 18538 23128 3069 17157 23458 6063 26930 14548 4849 26296 2657 424 27338 29761 1340 21882 25698 20260 31301 14207 22599 949 6427 10752 14485 29449 25219 30835 25041 21452 5161 28839 13931 22358 11292 31513 20400 18157 3962 31188 4040 12078 1233 15309 22110 25447 8342 
14185 28967 1663 2680 6281 20014 1371 5262 17982 3553 25026 23013 5699 17703 32048 1911 100 3036 4259 1517 9695 5314 24551 31198 3948 25290 370 1332 24012 15700 25190 28534 25556 16237 21086 8776 28584 27760 4569 15836 3626 25598 299 4463 19877 30100 19426 10992 2114 30448 27376 18356 22296 11408 15769 30173 19748 472 17882 13228 16666 11264 2332 1925 8972 14881 28994 23911 8479 10161 20248 24000 4672 6818 22131 17469 103 30514 13806 12744 28422 20260 16576 27644 3631 21380 18033 30050 32101 18963 28828 23362 19454 19676 13814 747 19709 8985 24279 9044 11148 10843 7501 25771 31773 22567 10413 19881 27092 23324 6722 21923 25893 1582 6738 25316 21248 27080 24044 29451 5444 25823 21113 740 9889 1986 1233 9437 9611 23626 23970 30299 26166 1761 28082 30936 31780 6319 7704 24967 24593 16360 17769 9730 7668 18939 13139 8654 23 21471 17740 15331 21447 24157 18339 936 14410 30603 2997 12455 28543 183 4495 27820 30906 10594 9263 8024 4714 2381 3485 19703 11340 26618 7570 30441 12011 30170 25978 14267 19318 32169 18161 14369 3852 28812 14075 21685 17656 24830 2731 11159 14931 8642 10572 30035 14590 14724 3003 31210 19654 23855 11699 28794 616 5828 25705 20496 23502 29749 21521 24029 21073 27735 15010 6527 30408 22752 32292 17913 7866 19748 6470 29977 23904 20233 14440 10294 5448 24736 26166 6335 26914 15885 4164 27123 7706 12026 31668 12542 15885 14227 23213 23601 10746 18469 24386 32522 13774 18371 7154 21308 23144 1057 21950 32278 20688 21410 702 29506 16188 31340 15284 4390 17498 14836 13589 1249 24225 10354 4542 2136 30920 23459 2260 11243 9991 912 1670 22146 17918 28005 18169 26662 10924 18490 24304 3306 30096 7164 25661 32572 17260 23503 3224 20379 31203 28869 4379 12398 
