24662 28127 10437 23228 17258 18730 9970 29445 14220 30051 24294 30814 19759 23638 28007 7984 20469 25531 20500 14626 21999 3863 18481 31682 15976 11191 8018 15933 30192 10784 22270 2191 10345 13720 291 25714 21140 12424 24904 23979 17280 16883 2101 16064 21988 121 19703 30947 402 11264 4030 30127 26804 7542 24611 30658 9191 8066 20795 9329 9086 20056 12328 31285 11134 19767 2551 31357 28505 21123 13335 31257 7948 31465 1342 1884 32718 27203 10053 1798 1384 14623 12040 20064 19692 26859 25111 17891 17734 4488 9502 12922 925 1016 6110 23473 24155 7914 10351 31119 18008 32242 27802 4416 9531 7292 24037 17309 16534 3124 27298 13946 32412 20213 17538 5730 2199 12389 31977 27810 14779 12969 12065 9706 5586 18 4076 27323 4919 6742 4516 28880 31425 14807 12177 2922 25980 9559 26030 22677 3909 5463 18778 17708 22695 29976 26249 17410 16716 31214 21706 21377 1929 1585 18272 919 13769 9374 32221 23948 19459 12908 6541 927 8666 20732 8647 23689 19045 14988 17896 32046 16921 23920 22094 3202 14554 23955 2213 477 28254 14789 4821 26774 6475 6204 19715 20725 13003 30663 16114 28626 18483 992 6544 11259 24258 4745 23352 69 22767 846 19350 27184 3464 16913 8923 23906 27715 26054 13371 21447 25368 16153 26705 1291 28937 32360 19436 17204 3010 28261 9102 27280 30139 18266 7455 32481 31032 17860 13666 30997 13369 25497 17567 22101 14578 28189 32204 25416 1297 6290 11642 29334 18141 23965 13746 2241 576 9096 24191 199 25469 18711 21364 22367 22989 19926 19841 17679 14510 16859 13537 18551 12685 30601 30689 7670 24770 13123 38 746 15910 23700 22777 5587 25134 1904 3464 11379 29436 25750 21125 19025 15736 5504 6497 13050 27918 9645 20206 11642 31521 23131 30052 18806 7336 15103 20179 21889 18810 32029 29332 14876 27866 10336 19599 24853 10669 23532 32704 9632 31995 8127 3748 15116 25698 20451 2630 22713 23593 16965 5585 8200 7432 26726 8605 20972 18485 11564 27266 13447 25246 30891 32147 16541 24817 24927 11695 2254 12103 10300 20941 28332 5647 20245 31775 13477 14845 21243 3125 17198 26097 23433 9411 27481 29722 17239 10161 2611 17670 28949 6712 3127 26792 22292 13831 27306 8488 22076 23622 31833 13496 24376 6045 12903 11998 19753 13070 5474 11214 28632 22483 21076 21983 16375 9304 21921 5869 13088 22581 1702 23810 7327 15413 15811 20941 17694 1113 10562 
28243 21943 15771 31994 19360 14218 3136 17936 3189 30560 24077 23161 15903 26530 23961 433 7584 20714 18034 4895 29098 29869 29474 25152 11718 13051 17914 15783 28028 22636 23356 7288 1833 26816 14818 12641 6627 20663 19699 17574 15653 26254 28742 29444 29396 26327 31573 30784 14061 139 20486 2662 23862 9806 3653 25349 15983 24726 25180 30734 24005 20201 11705 17946 29809 18325 29381 24536 904 4183 3042 6664 28332 20087 7196 944 10511 24803 21946 28370 24842 28859 2448 15238 433 207 25907 8695 30130 7321 17916 2142 24332 909 7999 26999 16555 26285 21925 616 958 26947 3244 17441 1961 24580 9218 10715 6647 19001 12228 175 23437 17762 7752 9818 17499 24397 5167 19414 2772 2183 17238 25330 4529 14131 20636 6900 17555 8715 6743 2156 22407 22923 13981 25419 8761 4815 22381 8952 22183 26438 6306 31202 16563 63 9615 21143 6099 3391 24466 9253 25728 19048 29614 6877 11927 6935 25736 16512 28564 3432 17446 2372 11137 25300 26319 14070 1474 7540 28128 13802 27282 31178 21586 7665 29087 27591 2588 15664 30675 19048 32638 21745 16656 24785 23558 651 23656 6986 16962 17618 3934 26865 9989 8498 27129 5704 1951 31843 1128 26912 32673 30801 15829 16780 30715 1647 24395 21836 7356 27994 3835 22292 3796 8653 7826 29278 24544 20275 30981 2124 27288 2202 19564 4890 22020 29494 8540 31197 32143 31639 5916 7319 25347 15749 19909 18560 1905 10414 26616 25361 8234 23810 6853 6873 13066 1905 18096 22851 17666 19555 26719 7331 24897 8943 2326 30010 15324 24005 1324 17403 16862 29252 22964 24070 7640 18769 18373 15866 9203 17621 5709 5165 19602 24312 5200 3090 19851 19848 21387 17127 13374 4327 23932 32276 6744 2457 8281 27097 14046 6677 1670 6409 4872 30730 16277 32310 30170 9599 15544 4339 21386 19497 15626 4614 13698 30939 23934 22216 6702 28256 30439 22833 15027 25112 29051 18414 15328 15946 27440 31810 9335 1263 13753 10546 32366 15287 12968 6472 15203 2842 4417 27439 32257 1975 12528 23072 25377 16836 15124 32493 11031 29918 26418 16299 18382 32382 6763 30089 3744 10361 921 10053 29882 32429 31269 6554 4374 32361 16075 192 4072 29128 11611 1348 11545 844 24483 12197 15639 7636 6466 30545 24826 3726 13419 25327 959 10251 917 8882 29793 28519 30411 17800 21593 16502 21725 21769 7008 26472 27217 13759 5809 373 24334 2123 2575 320 
13089 15674 7591 14634 29312 9184 10216 25285 30761 22293 23047 23033 26510 5507 6129 11398 20281 30986 15522 8467 17863 26245 22415 19857 9130 8746 9909 3043 3616 14610 23979 19133 9958 27081 4773 24559 21191 16747 3518 23399 12141 5909 11306 1735 10765 31805 14509 7029 11683 18139 25646 11867 13597 15831 6036 14418 30116 424 25294 943 15156 13406 29679 8383 16298 22172 1560 30856 28059 5364 24697 18630 24876 19161 7226 18848 23023 32260 5895 25980 29295 19970 7703 17030 20180 18191 21961 28498 5126 213 16226 8583 31150 31755 1445 15460 982 28964 32018 11302 13225 8315 28092 4059 29751 13747 11695 14972 20045 21757 6172 20982 11734 25479 17803 4015 22554 19757 21463 21609 9137 12203 7466 846 15466 13344 22556 1405 20036 29264 25108 9031 5875 29547 4879 236 12256 31847 26393 4508 15935 22071 8045 29517 29605 19344 6694 10463 12754 18445 99 3317 23571 19203 9498 26056 3034 25179 957 7022 13628 1893 8204 6041 29979 14442 11706 4977 30933 22001 20050 26948 6110 22761 23704 19725 27585 28095 11818 32685 19745 26792 22875 17115 12940 23704 5476 8591 11066 16251 28754 22204 12082 26045 15704 2259 26331 29503 30263 19435 19798 2749 28388 22410 5871 21780 7014 21692 28049 4169 9950 23167 28513 13230 5594 29943 8016 15955 30883 14204 18701 27375 28278 25217 19280 9998 16013 27248 6506 29478 27906 29008 23112 402 5965 17827 22311 8161 2874 29383 8266 25080 14439 10488 21638 7533 13442 13963 3939 6358 17040 22948 1817 7497 25465 5214 24952 26022 16475 16905 7667 31567 16952 4991 25774 1616 29835 16322 9167 5352 27042 24056 30799 9747 7077 24506 13995 8651 1926 27337 16474 4560 11199 16681 14088 18799 29840 13925 29042 29808 19240 32187 23844 30301 15045 30551 29039 3293 25485 30341 26003 27908 12070 12641 29934 19311 2057 27014 25119 18541 12016 32228 30686 2414 27712 17910 27418 22745 13833 29735 13722 17850 26208 8255 1006 8666 17163 11227 10664 31171 8885 30732 9585 16281 7555 15944 22550 12825 29690 15098 17219 13749 23025 21054 30778 27164 13448 3059 22572 8131 28572 1890 31208 20816 1867 12852 31973 31056 10216 29091 20323 5885 4640 1676 1008 3711 26398 2397 5558 8584 407 10541 26571 2259 23670 6488 25206 16718 28964 10401 9755 1384 12639 4426 4387 20134 11418 24933 19405 20040 18651 15778 1458 15390 14991 13540 10506 3508 12507 16818 
16244 31463 25044 10237 21665 5590 12831 23681 2362 9271 29270 25073 20399 9636 17687 32239 29532 16804 32472 18033 13442 16447 7445 31711 15422 1770 16010 24444 23823 1773 24840 30042 13350 16152 11402 5429 7886 32080 4885 762 6083 18975 16363 23504 4774 20751 10758 17286 13020 24311 21708 5780 16509 15648 17035 7396 3417 294 32554 10348 20040 15380 8813 18763 2444 9259 10214 3383 1056 31833 15148 10280 25967 31675 7563 15970 10938 12714 19276 9690 15686 8659 24382 27920 19185 20334 32470 7984 31771 31973 32087 14990 577 28663 15436 22402 21839 14822 22406 19263 20147 22243 5123 23050 18384 12497 596 5840 4770 30610 18938 27923 20751 30095 15562 23405 31282 29536 21338 7654 24771 20273 14621 10959 6096 23383 23294 22348 31440 22347 27970 27957 26391 25109 10893 10548 25974 28986 22637 20579 26438 5211 10577 24182 17358 10812 6778 22099 29292 10960 17280 11541 12220 3988 20875 20400 2882 27368 18805 20670 6073 22631 19912 17601 6198 15535 12008 15749 29494 18624 10883 24935 27137 10247 12472 10606 18841 19946 282 11804 4297 19234 3637 27105 28900 5443 25035 14012 21103 30279 6111 26428 19980 15813 25930 10690 28085 9439 27152 23361 31686 29054 3394 25595 8119 6502 6508 22840 12796 3807 32305 1727 25259 15206 19727 29820 31610 31737 26945 9672 830 30977 8283 10855 27389 25381 30884 2706 28547 11759 12601 5396 7662 13257 3262 26478 4514 26593 9505 5883 14705 8248 30622 12873 7100 9230 18431 11562 19483 11402 8790 10133 18702 22867 32321 20878 28264 23102 22143 15152 15853 30655 32699 30854 1179 24795 6558 17991 28091 17354 11122 7763 20368 988 31616 2254 4754 9114 25561 18822 18820 21605 9204 26351 132 16993 21144 22311 16740 29506 21815 22234 23999 3598 20862 3859 5313 8146 28389 22252 18 12941 369 8978 31043 30074 4840 18074 31638 2276 21805 14931 19727 17485 21293 24995 32309 11408 19183 29126 4907 29472 21371 28456 27363 16300 23218 6298 7875 8356 30208 21047 26721 25574 3602 19881 3859 13213 18443 11355 3274 1590 29343 14599 27181 30338 3250 7102 25938 29329 7207 18517 5084 1093 9285 30233 13300 27154 17441 30075 26683 24294 27626 8 11226 4546 13178 9922 2372 20680 29916 22054 1660 3529 16169 19833 24001 20172 6051 13657 14356 5829 21021 26092 7192 584 20525 6902 12219 2295 3143 4398 19882 10010 24892 10868 30882 17584 19682 12689 
26172 5599 21331 19404 28833 13086 25563 9776 856 18104 30873 3254 26183 27903 19877 24359 3237 7826 18923 18019 28941 18092 11697 32630 12603 20137 31949 279 5501 21772 22518 4561 26912 11144 11874 15018 12823 15362 18573 6210 11241 21208 4451 20349 3669 5680 16375 12621 194 21394 6329 4887 2553 5468 488 25180 4622 30032 17184 17601 20871 16395 18047 15628 20411 24991 10428 17271 25901 2915 7588 6067 5072 11688 11245 13359 7241 7276 12839 22088 17114 20731 5559 4492 13196 14630 28820 4165 26843 14201 27908 20651 10702 26106 28822 21907 21716 28376 22573 32566 25169 23271 11406 23859 3047 17203 5784 16050 12263 16859 5652 11609 1458 11041 7932 12013 20096 22011 24714 31948 16967 31744 14729 25509 14775 13314 23201 31540 27059 20514 19406 21068 2760 28821 24647 28338 27239 31777 18603 1417 2116 13667 11375 1942 3950 10509 20486 4734 26079 31987 28536 5258 122 19118 5369 221 10475 9814 2181 24443 15840 24701 31734 18596 22673 13553 8456 23169 23158 31925 7117 5379 31633 22801 19396 20370 18739 14277 2944 11018 21186 10835 23593 17000 6578 23953 31060 18656 4967 21639 15343 30688 23432 12777 11423 13142 21437 23685 18442 28210 19236 11802 11476 12510 21613 19357 14724 24826 1780 522 23806 15320 23408 5197 20978 25516 6293 15932 26010 32547 30796 3423 23003 10631 2069 31548 3267 3391 6583 486 17087 20076 11218 27011 27585 18215 10444 31931 7405 25304 57 11962 7879 22882 23120 27841 11821 20924 26514 5017 1705 28606 6891 3307 30211 9272 13126 13671 16953 31955 7826 27165 10645 2765 9932 30993 23822 16315 31461 10221 15361 17030 13394 24278 26006 2680 22933 3826 24398 12586 15720 11989 20007 21806 24263 1812 23881 1846 22015 14668 697 17435 26142 4694 6694 24726 24281 20491 20782 20776 17451 23125 5976 14954 7051 16432 203 20834 13698 22329 21809 7484 19212 2679 20409 27306 27722 16869 7378 23961 8167 16641 17909 4555 9171 4172 31269 8477 7165 15994 1750 2903 26459 6979 10047 25150 28974 14653 4433 2748 2833 14897 8700 31403 30058 24806 18904 21589 7030 10225 14104 27903 29392 15650 5478 2096 20225 29770 23544 25007 23505 17481 23496 23281 11586 9332 11976 18872 21400 1871 27708 30841 25555 25113 16400 18064 29189 23219 5351 15864 13671 24038 5194 14893 6378 31462 9920 4873 6975 27340 3168 6337 10827 15458 7793 26885 31959 26348 9491 13117 
27981 11996 31821 26327 32668 19417 14184 12812 8264 19542 1353 5147 18846 2195 18615 24355 4995 16901 13284 32112 2137 18417 13553 30134 27106 4303 27206 28508 19601 32331 31107 11239 9706 8785 19199 10405 2801 31169 7625 11010 15432 14753 23147 19641 2778 18147 2424 14687 20057 7649 2282 5987 9377 25791 16968 236 28908 18249 6306 22551 16822 7315 16557 19386 27462 17606 30927 28855 25111 27862 21038 15460 21796 30608 5956 10146 10437 19325 42 31478 31516 30 20654 13661 24160 18748 16695 6710 155 29614 17235 928 6178 10941 15101 7096 7257 23366 276 15818 6231 7241 989 20202 22021 20804 14966 22291 16753 30453 28266 28028 18949 4224 18234 1994 4213 4789 14528 17209 20560 11595 28517 19208 853 32240 2712 21565 21628 32730 1128 6183 27053 5027 12483 15686 30898 25653 16469 31275 16094 31968 7281 19389 24902 28975 12770 21456 30719 27224 28233 26050 27703 8656 16768 22019 27810 5471 11946 27253 30011 6300 8928 22324 16642 2303 25470 6121 30160 32426 2789 9558 30738 12306 15900 29542 30309 9727 8039 25901 21909 4044 10294 29811 17100 7243 26383 23681 26847 663 8522 26199 16870 29604 7201 27369 20694 12748 32309 32386 6709 23730 6407 14119 1451 4540 22351 24748 3675 738 4965 3164 17996 2826 6995 14088 24216 867 7205 5656 10186 24399 11928 18840 17148 19804 24785 8914 1443 20971 8718 23379 2056 4747 11203 25841 14145 21365 881 21465 4383 12075 24382 29126 9042 15856 23712 25259 14057 12682 23458 6276 9674 10625 15869 26534 20097 9026 5503 10175 10098 22187 14896 8963 11857 20752 17978 17514 12791 186 30946 3547 20404 21370 10673 5408 10735 25892 22616 27718 32440 3087 21260 6393 26404 15181 4419 30773 15080 15278 20934 8509 6794 20562 16246 15746 14474 23603 28558 18501 16497 965 8223 20863 28537 7275 18137 20606 31225 4635 25832 28357 8407 19662 23439 15127 17106 6546 21525 24896 10224 8959 30709 20708 12273 29445 16227 2497 15971 174 13195 18130 8167 29158 28517 28173 28577 4856 18947 29329 27418 2406 21166 11178 23636 8684 13611 22456 26328 7601 16305 20182 25498 10905 5095 22832 15296 16531 17614 10839 31210 27300 18324 9845 24137 14037 15608 11757 24458 30531 4368 6225 10552 30266 18888 11224 30373 3576 19768 3948 5507 20515 21137 26469 9647 29714 32603 24826 4248 18583 31141 13685 16004 14559 17462 8760 376 13702 2415 27179 
410 3368 3409 28704 25168 21209 12915 26472 4028 944 23824 6772 26841 31878 2956 26621 12991 27752 25969 21049 27938 11448 24668 10170 26922 19209 28063 7191 27438 22462 7584 17057 11620 8175 9779 10080 2053 22298 26745 748 17484 22948 11827 2232 2791 5194 16482 24864 17926 2800 6448 31291 2614 1961 294 31540 19568 9135 16898 24685 3166 1305 10368 4431 30991 24754 6695 19110 9457 11235 4409 9229 30561 23520 5014 11813 7541 31442 872 24461 21785 7668 4434 3572 2589 27122 32196 18153 25647 10251 7985 3906 9502 15152 26244 12653 11404 13923 25006 4871 2426 161 26853 13858 1066 346 4940 22259 31256 13729 21826 13596 6978 711 28897 21644 2593 13214 4417 3468 11549 14636 13977 38 22352 29321 18711 22799 8934 29023 3081 27766 19074 11101 19832 14642 23458 20340 683 27890 2495 23033 16579 26460 8941 13369 29205 18580 20708 21899 9693 7810 25106 31306 8348 25745 632 31918 6865 19591 8034 22564 9587 23855 10396 29146 1755 4708 19602 21218 31257 18959 22702 15977 2286 6440 14749 3092 21723 16682 28660 7579 30995 3281 16429 17552 3158 9540 8277 2608 22189 22418 7316 16727 24651 16358 10569 12479 8610 9649 22810 25139 1949 6616 2612 5368 30997 19230 16949 17320 887 13176 11948 17634 8984 18211 23772 21952 3912 15294 30737 23629 2039 1993 129 11955 24437 436 22580 27076 5659 22908 12953 11117 24010 12297 29862 5587 31674 32756 23695 12244 10007 9852 18975 12915 31352 11684 22134 8715 14831 28313 12581 17550 27468 14634 16575 5649 9320 12073 1115 11047 13845 8475 25479 23805 25106 22978 1389 8185 20854 6139 22850 2483 3288 1195 19876 17316 12770 21783 31701 25609 22950 12633 32663 5190 28837 18830 12409 24510 32251 20929 11046 3018 3668 6934 29801 28634 2981 20447 1547 17929 18980 28525 7619 16637 5016 15719 17986 26445 4510 30382 14144 15658 12824 11743 8192 8022 31167 24662 21116 785 27437 5427 21689 6468 11729 4355 1615 605 28067 14493 3706 7183 27299 21926 6138 8981 24542 19540 1444 27203 2626 25219 27603 30651 11431 21181 733 28215 849 15977 26359 10503 11795 26139 16329 30171 23983 21104 27812 28177 19497 17018 15061 8072 12229 29943 19834 19318 12453 23570 3008 15336 17252 29343 23350 14748 21308 6695 31134 9688 6003 26854 28212 6698 30734 25109 3241 14653 28906 14200 22221 3191 12671 31675 20136 8572 530 16953 
2085 26436 31657 1446 24354 2164 32578 17977 22914 21823 5437 3344 17119 22881 5718 15181 16645 12806 11839 3826 10571 22993 1251 24639 7767 27876 27929 10345 14679 681 15725 26220 21730 29516 22151 13062 9722 4916 9577 506 28995 8164 5421 1161 16737 2886 17179 17015 22627 8050 27802 20235 4940 22924 7345 18848 3820 13386 2576 1682 993 26001 28902 13619 7974 31982 25172 6447 12793 22000 31790 25521 26394 3731 22331 4185 23721 20404 28641 15936 19269 28817 1405 31829 5491 32726 18783 17748 8709 4143 12692 4665 16419 19691 31076 29879 20903 25693 2803 27712 18315 8127 18174 4731 23913 15895 5872 21896 14234 7575 23162 15794 29043 26941 19303 1930 9000 32493 196 8884 27508 22926 20963 29699 19047 5098 14702 1266 23307 26138 26042 19840 23024 1617 30536 11963 12688 11995 12479 4561 23898 28293 16130 32132 1081 11787 21220 22405 7766 28966 9802 4911 980 408 9441 30979 10681 11446 21253 970 10976 16230 12229 5675 32035 8069 9200 991 20942 6709 14231 4466 28050 5557 32457 24319 27317 28827 15588 17029 26694 8330 373 17756 4738 15034 24724 30490 13722 3723 17 29263 32745 10390 12778 26964 19318 30259 8318 22091 13344 7672 9322 31314 25024 8421 17102 3797 5323 9876 31315 3813 1128 883 13709 7036 23647 13799 11547 9802 10608 23945 2298 26502 20633 2587 1324 8966 4978 10814 15775 5721 27627 27290 2276 6367 31793 28931 15643 24773 105 2689 4555 30038 29950 23926 24212 29287 25050 18804 8013 19622 14082 6169 27593 18412 60 27026 11382 1266 32755 28470 11196 11548 15030 19994 2649 30564 14024 28423 7852 24758 12567 2430 19491 21801 6570 3294 16528 15910 31727 11695 20948 14320 9990 27646 6236 3910 2315 12189 13838 857 19150 7930 14281 16136 21407 15709 19394 14061 30174 16371 15025 14823 15733 14504 12700 23898 20952 26305 2617 4195 11623 10863 11393 27542 3500 32437 5235 31747 25833 12307 3606 25710 19288 5019 5142 20513 832 3069 17487 7468 9361 16021 15227 18275 3881 9991 13537 15580 7149 2157 9823 4892 13712 21052 2900 1848 6162 18462 13316 28248 7820 26952 5815 19417 26682 7191 22098 30086 31080 7796 25144 28076 2580 5857 26607 13283 26845 5782 19626 19498 19204 30617 30967 19984 9506 22875 11711 7943 22973 14024 4036 196 6136 28987 13172 8862 20549 24757 24604 23705 13512 1353 15902 21008 22634 21170 1088 29371 
21631 27050 8510 21769 30970 7754 27490 16335 11028 21925 12817 3695 24897 12385 20675 5393 30573 6061 22791 21153 27653 1666 13131 16037 25325 307 4474 6978 4927 26104 29535 24833 3473 12602 8044 2930 8477 23892 4392 1213 6613 27574 11160 11959 24326 12006 21063 23004 26506 15230 7217 26517 19083 5104 18740 29888 22085 7213 7128 1932 25621 24118 22370 12325 15618 6077 12639 25429 4061 16864 25045 7520 27555 8178 32179 9570 14486 12214 5713 25622 24394 4490 1231 20206 17431 12759 12566 5966 18268 15822 15546 25753 20443 6273 16534 28088 18805 16952 23625 22507 1780 11935 6034 14494 12570 14392 11972 8868 11346 4195 13823 9390 26210 21612 24157 24700 3066 5406 10803 5877 13289 4347 23439 5381 20724 7148 12616 30231 28115 12784 23781 8447 7069 23251 10140 16427 27727 16813 29440 32102 7352 20916 16227 5693 13406 14371 26132 5990 24251 23985 2975 24605 9177 23173 6208 12957 22204 16113 32687 29602 25580 19933 4830 4951 21676 10664 29629 10623 26774 1240 2398 19910 3515 25022 12193 26864 19947 6818 22507 16271 12693 24108 13283 8934 325 435 31112 22394 5267 26977 18498 29846 8187 11617 6796 25182 16780 12700 19996 29741 10219 20679 30793 21654 19377 4585 13602 21184 31484 26652 28018 24183 29866 5966 25531 2868 10632 23047 7518 23138 14571 9626 30335 28821 7259 18095 2451 19052 5339 30370 28575 32473 14242 9857 10982 10877 2027 10643 4119 3294 12066 19413 237 21082 27824 10137 8523 17067 23507 10102 15753 30425 21287 10221 6600 2515 4956 21221 14947 24526 10740 22383 23436 16444 32677 915 7656 11811 4821 30292 25076 32241 13109 13868 18593 18488 26766 10263 17404 27880 20445 25629 29229 15676 9887 23575 4371 11606 3298 26674 25795 302 462 17870 9076 5616 21490 31606 5481 6568 15267 26475 13635 22866 16324 10361 23842 18439 4995 9175 20320 32322 23338 1632 727 8394 19902 5578 26458 8495 32195 18517 26107 18621 19811 17433 30828 19591 19026 15843 31469 22035 32679 11357 23915 27369 5891 5216 8535 1818 32250 18774 32653 25703 22931 7330 3666 12689 32252 18102 28277 16039 22690 5296 26469 14200 10693 32270 3049 17261 11143 18731 31256 15280 1230 16453 27311 25021 28834 17087 1068 16640 14594 17165 30613 2198 32251 10837 13611 4663 16943 27932 18580 24818 8596 30226 5730 22000 6306 28841 16473 9211 8709 17209 16214 5951 7730 3107 1508 12332 
13702 32048 555 28968 3760 1963 13718 24687 13795 31370 32025 15062 4551 14001 27951 12482 22743 7812 30949 29252 16708 23642 17980 906 391 834 1539 29390 26938 27911 1889 23722 2955 4952 31367 31478 12073 26748 8398 22564 25572 27810 32719 11445 15714 11121 29190 18455 3918 25181 16717 15783 311 30798 145 30437 25157 22083 28083 23588 23462 3900 1506 25847 21724 4394 3062 29739 19063 3681 15982 14255 27743 17844 6444 23331 1098 27922 10733 6251 25406 31506 5846 30384 8282 15582 29663 17239 26461 28044 22667 25463 19651 28094 29980 13157 29869 32012 9923 25416 6883 25934 6486 27825 32309 25470 30 11207 5599 8576 13324 21223 12405 30885 31693 32401 25591 9010 13802 13973 16313 1708 4824 5894 4437 20287 298 25887 28652 27082 8736 6605 30441 5082 16351 5573 28732 15218 24957 11440 30836 18016 25791 21920 1487 28659 10432 22949 30237 21181 19864 17117 28924 22327 26379 536 8123 4597 22772 8943 9919 12537 13378 25713 16718 3944 7605 4330 11444 26259 13056 18353 19429 2774 11068 28138 17508 28373 20944 30130 24600 5370 23711 13502 14366 7537 17413 7700 29299 17891 25109 4800 29749 11621 16311 13651 17607 26369 13385 4815 23712 25622 20677 18964 4135 9023 24902 16843 16043 416 15597 18238 5756 381 13178 8489 23090 6418 15357 24720 19572 23800 31611 12221 1951 3825 25522 31885 32312 14336 24678 22395 18800 18737 15948 1867 3237 16718 21272 3528 14539 2831 8080 2685 11867 30209 32039 27906 7906 4407 14086 3679 22320 7013 9887 5148 11781 14931 11464 32679 5746 30723 8770 22711 6445 21250 27023 6847 10750 7155 20418 3960 17257 16993 1658 4147 16572 6049 11382 8229 10283 15219 17132 17999 19144 13309 1822 31212 19757 20940 6030 28242 25603 12983 6027 22333 31222 7649 13902 17382 15777 789 1098 15187 25640 13252 25222 21172 29091 8338 9270 19145 24329 12587 32505 17389 3085 26935 22723 23817 13041 22518 5226 24565 12208 25817 17671 32540 25195 4058 8209 17808 5091 18139 6101 8271 26663 16540 27446 14875 15935 32218 9278 12384 29279 6035 25007 19467 6643 17906 31676 14566 17039 15850 1261 25379 8722 30081 31428 8327 12727 22138 18413 22793 6819 3479 10057 23326 3030 11532 12908 2155 27524 23820 18873 6833 15947 25979 16002 31438 30582 3276 19827 25338 6176 16113 19926 30807 19190 15397 15714 25189 20073 20420 8448 6549 25759 18124 819 19324 
18717 22929 21386 29360 12056 20122 8723 31487 25101 12389 23585 10588 29656 14854 14711 31486 11898 31004 9961 17458 16224 8706 732 1417 2363 2393 26861 463 31715 18548 691 30192 16096 19884 25226 2745 6761 15360 31726 19921 627 17640 21396 20617 23038 28629 6711 8553 4211 23507 18998 12719 9272 22824 10072 14803 18271 31502 28831 16181 17008 29028 7130 20775 10432 21284 22532 25848 5359 1246 7777 5682 8640 31752 30389 16837 25471 9268 2813 26681 26075 10308 171 2691 27055 14371 31883 6231 27132 17043 6630 1023 18021 20883 30070 31156 20564 589 23168 24001 19681 2822 2260 1884 11984 28176 13980 2990 28641 22074 3824 1167 23943 16435 24561 15763 882 13683 8243 32598 19937 8051 21683 13909 27884 24650 17469 14626 5004 20616 8987 29807 20751 24874 3636 6617 19866 26711 8365 20202 31755 7461 3280 30428 17574 21171 26149 10765 32015 6440 107 17441 27948 11704 17764 1637 8584 23870 19962 32694 14293 12848 5709 6524 29462 3468 13074 10511 10418 30995 24058 5891 26637 20715 13034 24706 26048 18087 21128 24509 14629 7999 6873 31102 4731 2624 24134 31069 9777 6449 16459 21870 21104 27603 24018 24060 26396 1880 11499 4922 9288 6761 9407 24039 22213 11022 8953 18708 10247 22722 4795 11632 13967 23921 19087 24982 30834 12837 7267 23385 3451 12072 4427 28364 18586 19246 16560 21025 21701 3356 12613 10235 31868 23428 20643 3854 23804 1168 2263 2649 162 17715 4851 13679 22365 21390 5015 18363 10859 23609 8846 26516 6127 11312 12078 8920 25840 13789 2042 21680 14376 421 19390 21732 146 1658 14678 24332 6635 8055 14716 29600 8844 10450 5095 10433 13501 10004 19108 17575 1387 25514 20098 9102 25070 17451 23834 13647 2857 25989 28929 854 8486 27812 17714 30020 6230 26133 5861 15672 21520 7936 22584 30111 7280 26932 27866 31637 22769 11693 17026 10352 11079 20299 14883 7754 22954 19899 7341 19409 26857 22564 17042 182 12 14536 14998 22611 28485 17778 1094 22308 21672 20078 14635 21478 19817 13323 24895 8041 2492 15482 31957 24492 10076 19546 32493 12240 27038 24080 32593 16485 4084 18247 2755 11139 32173 21794 20248 8790 32351 25704 21679 10490 14248 23463 29946 5469 21474 24550 31853 24750 11953 23924 4773 7602 21535 1629 30734 11714 17868 23394 15240 32299 9347 18348 31022 11740 316 29172 20778 20838 24494 18716 28134 28668 16539 4309 16271 19575 
9980 18791 8946 36 10902 24565 5693 2968 9321 31993 24726 28488 13400 1344 24008 12318 31014 25001 7106 6245 26355 10635 20219 8036 22621 4801 17049 24178 22680 13109 9164 15247 26786 32033 8960 26511 24616 14191 13475 21764 29805 17701 4084 22249 9666 506 3379 4584 21723 30733 12335 17520 28721 30349 1238 20454 19154 18535 22063 16494 30407 32028 28868 2985 32220 27707 11428 22608 9671 2647 20662 29719 11891 3305 16390 15030 21848 10721 24766 29061 14108 21954 14136 1588 5601 22828 470 15866 2892 3335 15251 3669 22999 18929 18496 4555 12571 21639 4666 868 26329 12565 3712 19247 7713 17390 7482 26074 11066 2751 13507 18452 19883 17924 5108 30838 16488 11888 17849 31246 766 25736 11559 24316 10435 7115 32325 5360 1107 12453 17275 20126 16499 20885 10580 7974 7901 13111 14680 4939 14111 28204 26876 11759 14114 7932 17747 8188 97 24828 27627 22599 4242 10975 32224 3701 3893 7737 18180 32616 8395 30548 22433 30007 8684 284 20934 16431 31366 4246 15113 25791 2793 25753 31826 11853 14884 16684 16247 8848 22854 3868 16808 23049 15285 31892 22882 25282 7535 19124 27565 32418 2124 7080 27050 26851 7923 12158 7190 22841 7353 27092 1735 23801 17125 28478 20598 13950 28012 13644 16222 17317 19505 24781 32660 28424 6581 6187 1082 6977 17142 10701 6804 31810 2104 19754 5885 32511 32159 27109 22701 21354 28191 5538 4035 19737 17975 11785 20397 833 30297 10284 2937 17147 23651 4479 20092 15829 30088 22423 5149 24372 30910 13386 21496 21358 26172 31919 14628 18025 19003 11599 5432 14133 23995 4256 24180 8493 23168 28564 27468 20122 16198 29082 23877 27289 24974 14456 16095 16687 20445 2405 12316 5967 25596 30722 21579 20481 28250 11665 26382 2363 14154 22498 13068 28193 14878 15179 12510 1250 31288 28491 19580 12538 31204 24349 14221 25158 20135 3431 23754 16546 32196 28211 3998 12399 19246 29637 32259 12209 7127 13592 6990 13524 1317 12058 29595 17417 13910 19716 13802 5754 16460 1218 9154 4207 17574 14428 28661 22788 10850 31084 26772 25200 2110 703 25681 25702 22534 30719 12936 26421 15675 18127 13104 28888 20135 9021 14896 3770 16063 4787 8932 22452 14643 10484 15953 13499 12339 27282 744 10998 15101 27589 23119 18036 31533 13936 30948 2284 18023 10092 24569 12720 19874 25210 6239 12138 1530 19501 27193 26193 7873 19687 20233 23462 28151 26293 8824 13766 
20544 6107 8442 32728 23589 18672 31893 24515 2671 1639 19431 13634 31026 16205 26696 5279 23976 11442 25860 11237 19635 28571 23840 32210 2925 18786 22148 21116 24690 17272 15423 18475 17802 30671 19959 25483 15681 21171 6813 755 28898 31260 13996 24692 989 13858 8410 23704 3408 12443 6939 24139 3990 20131 8749 26987 24151 10255 1751 21074 454 4214 20162 1217 12826 24877 11929 15678 3675 25480 24866 9038 9012 29119 18440 24779 27677 10247 18006 27733 31235 7931 557 3499 24199 8672 19121 21924 29532 4074 31360 25188 18996 16263 16582 18732 636 22242 4317 13549 25339 17769 8449 24593 25274 10157 29021 30635 30112 14309 23733 17000 16791 8079 29004 17786 6811 5963 28159 17058 16154 9285 3007 24092 24662 1613 9004 17715 4894 19891 9109 16952 16172 3721 11190 3443 25161 10052 10 12779 32532 28735 9454 28759 20663 17275 2494 13390 7906 12633 12169 26669 554 29684 32085 21530 28870 27912 4886 24507 13796 19002 19455 6287 17201 1430 8178 6361 25101 10214 28671 13616 9755 32385 8411 359 16970 28194 12958 20302 23596 28091 6339 23310 16272 23347 6021 8138 7533 13141 26360 13125 26294 20662 21810 7924 13971 19913 30366 10556 11102 9917 32069 4919 30699 21042 5130 21962 27770 1142 24984 25568 5819 1923 31599 824 30088 16016 19489 26133 17239 28420 16770 27493 6422 19359 21197 10146 23203 16020 24261 25584 7100 26592 27910 19299 20055 6631 21245 30176 11257 15290 21171 28428 7155 9560 3950 24324 12027 19772 12704 10534 15975 13712 20115 4515 8043 19363 8329 817 713 19427 22051 6170 491 23672 11366 26234 5674 19658 17997 17510 13850 875 25261 28472 11549 7293 15055 21493 24669 10078 27839 25772 11191 3826 31247 24567 1068 3102 27955 4763 5380 32332 21510 19960 25817 30594 11752 16482 30155 10887 27153 6242 2338 31495 12326 32358 13231 25951 11083 19478 20122 13229 32515 30705 23579 24260 7180 5149 9810 2532 14185 5327 13161 791 14477 10771 26514 30176 21555 23817 9352 11159 21757 25567 28312 5244 19479 1028 19087 26097 29421 19790 28811 23496 4603 32533 15100 17631 19574 9468 8445 31712 32456 4817 3899 1863 27305 1030 5730 836 29036 24023 6714 20243 31852 14138 9160 3470 11504 6061 32549 27286 30362 25903 20242 14344 4290 32639 26688 7390 15033 30689 29963 11856 5849 20254 32511 16318 26392 20399 14003 31867 28546 4830 19877 8715 21699 12929 
18085 7441 31886 30369 23042 10814 1157 16602 28203 8368 10240 29987 25707 17459 12614 24061 25416 4457 10577 31080 31941 4895 24825 7817 2675 23245 21248 594 18447 31487 11736 16757 20264 24930 19145 3827 4925 11516 18211 26180 22542 28615 8371 25817 4911 9065 25130 13547 7165 20991 3004 5393 4126 29108 31835 20713 1371 30898 21933 19491 28351 13185 31873 24265 8788 6793 24716 31834 8521 31122 31757 18810 17067 25136 21631 3027 14968 6994 7498 30649 25064 27648 12649 17657 16039 11990 25631 1963 19720 1196 2274 17140 7818 1528 2952 21946 25040 9670 12824 9470 2524 6680 29692 9125 10802 14245 13393 15329 26584 28063 22161 7853 29722 20411 4267 30716 17882 12663 9943 11111 15257 7562 19314 9250 11384 31711 19425 32117 12697 32003 2820 18520 27637 13140 1356 6166 4272 14303 1554 9425 19389 29431 3 5213 28007 13150 22431 17456 5896 13749 24485 11652 12758 24522 18129 17179 15079 22675 11609 9693 29774 30181 2985 15106 8082 27866 12451 20112 13561 13957 19730 6094 8770 21664 29404 2662 6392 27843 30038 11448 2699 29602 16146 32148 8675 27718 6718 7937 32156 21489 22958 12916 905 14379 23216 27509 7293 16027 22314 15895 28646 23172 11604 16598 1212 4421 30818 5811 15303 27668 18680 15897 13262 4786 26246 29504 2803 10643 6125 14736 15205 6237 10381 15603 4185 15040 31673 31142 7137 9345 25742 10828 26707 31086 5417 557 22333 26171 19983 16265 25690 16793 16725 1835 30866 14411 12210 16877 13193 2403 13009 8566 10435 16939 1808 27566 3980 20803 7018 26482 119 28027 9872 4072 19382 4154 26800 11747 15672 223 12657 2266 10118 18643 18782 30877 24289 31490 19589 17962 19832 7064 8972 7066 26923 5031 29550 25132 4230 954 657 13639 10480 7000 13166 14658 14930 8224 13619 27833 12237 27648 23935 30857 8321 6574 31903 27209 22502 9827 5807 28801 6534 15956 18451 28858 22784 373 9178 18752 27621 12787 21051 13015 30475 13034 3753 9748 24260 4058 6661 2838 25296 18320 3511 10672 6364 13562 23107 32739 17972 22882 30612 17932 32554 29491 16329 17605 5010 15556 32339 15700 6690 13492 28544 16481 1512 25410 14871 26397 30003 20139 15455 15758 19107 7843 28121 2753 23987 7876 1759 1839 31656 23148 6665 23255 2577 9392 14695 30703 10105 18808 13083 24120 20129 23208 26960 27630 19670 577 22366 322 25042 17668 6540 50 15449 29853 25049 27384 
28564 22797 14191 29224 2348 17768 8106 1165 2203 19549 28613 24822 28834 27789 12056 7927 37 13908 11888 27042 21847 2092 32607 2321 8126 14544 23144 3553 30352 26119 31243 26579 24549 10914 24577 10348 3026 7244 12256 9892 514 11358 5320 30053 29563 26123 4411 1644 30449 7829 14179 15454 26200 19789 28609 15487 28237 32579 2617 6255 15348 20977 14457 16549 6971 21218 22912 6713 1164 4170 14917 13998 6898 5438 5710 1369 17588 23165 19223 27222 11742 25219 29404 26396 5005 989 9266 4801 28116 22313 25215 17742 29144 13405 19950 6247 10877 3993 5929 29408 1606 19139 31628 25485 30556 24969 5354 15398 25761 7253 15570 9595 310 21381 31298 9391 6466 23101 7743 28549 9328 24199 28154 3516 10517 21286 8465 31085 1669 29200 19565 3974 4130 3053 30433 17474 31175 5149 4982 32130 17433 6317 21761 19241 25082 13965 11218 26292 27878 10897 5667 19260 14868 27758 13508 17927 16709 20412 24511 17147 26425 26326 17503 7211 9877 18508 16503 28138 26067 27343 4898 20375 15317 5018 29783 13180 1709 26103 19143 12595 28063 28979 10822 199 13713 11374 1606 18378 25253 3944 23481 9216 20767 22110 25386 5308 26507 17039 21362 14003 15305 27051 27413 6483 8522 9111 10789 27197 15819 14850 3517 1660 22750 29621 11760 11343 21884 20345 4588 18978 4235 23895 27698 15637 1471 12337 17163 16322 29102 21051 31060 10496 4851 2535 2743 7913 29416 20047 551 25013 600 31551 30968 13608 27935 30811 11354 16492 32077 31599 14453 18030 16908 449 2251 30911 19465 13880 12170 6674 4954 24001 9908 22803 21128 10616 29927 3995 17042 27641 26871 9105 25341 5555 20751 6541 28526 26967 16305 18474 11699 14517 3695 17103 32604 30567 24604 23320 22692 15289 15018 13936 31506 22845 3664 9257 8036 17151 30320 18741 13722 17287 4937 31406 16605 6407 8583 7165 3225 10613 20086 5575 32190 27593 9556 31392 30034 6532 16799 22268 29581 11163 25999 1578 13148 24649 18889 26281 1609 29074 4314 11764 22662 5190 22075 22927 4153 13260 24011 3185 2340 9440 26112 14173 2430 10208 29643 28438 14923 9118 31103 7842 25284 23043 12865 19005 26261 14376 12925 27812 30962 12422 12841 29983 30551 18885 11573 422 17634 14482 9740 20914 17979 5790 22226 16644 29623 27288 11951 3363 9013 26819 9830 27422 6244 32550 14807 12531 11876 10452 29403 8373 24951 14098 14738 13051 14078 29785 4269 28158 
11813 22593 1452 30502 790 7173 3070 12865 22793 15877 28985 22916 10130 25437 29587 29591 13594 20802 17113 8233 18974 7516 13688 28494 2267 26201 23746 12829 2372 8344 9948 13847 14587 17201 4092 8270 4170 9407 31639 20825 28527 14352 18873 26573 6945 8541 5634 29252 17476 7328 18037 31158 28638 19897 23894 8830 11436 5340 16772 5984 24383 15225 2162 21283 22942 7817 6516 11774 2540 23658 26397 31705 30963 26610 8462 27258 26211 27268 18319 8204 17274 11938 19770 1739 30717 29895 3577 23310 7271 3748 24280 20488 19160 29106 24674 20637 2939 29671 7456 24642 6033 26184 659 27483 26022 4814 30143 8696 32496 11056 12303 26987 23163 29915 14220 20534 20841 25521 8166 7957 16092 13177 1726 5526 14216 20503 5924 28968 15123 26299 24301 9685 20283 8006 23651 17768 20109 10580 24600 4566 12313 31917 19000 9639 29772 26099 8183 13614 30839 11417 15096 28634 26163 9039 17436 11988 23613 17401 24757 22903 29405 3828 15434 19202 3683 22996 27466 786 5390 29782 1724 28483 29155 12507 10614 12698 27056 22398 21538 12041 27897 30385 61 24041 26267 2993 28873 23672 2328 3833 4988 19887 9322 1177 26875 7688 30824 11652 20877 17812 21352 3423 8754 10789 32636 30651 24326 25443 14306 28601 16315 29901 3844 28159 1807 14991 13551 30325 11904 951 15838 13232 30167 10302 16199 21164 815 13619 10658 18142 18667 17711 4377 20940 4637 10584 10496 1491 9522 10907 7912 10987 6086 1865 22657 28986 7034 14374 10339 1810 9363 28507 18339 27606 14102 23824 32377 14451 4625 15252 872 29085 15413 30709 31459 4161 21556 738 31549 23806 11199 31804 28399 6833 30966 3931 2100 7173 11522 10220 3569 20749 9162 18694 6520 18478 25903 28793 8007 24206 20159 15884 2295 10068 4520 11986 20154 11884 21279 22709 15807 27997 3233 22194 25219 30507 24748 4024 15302 9469 2740 25764 17449 17934 14753 5735 13766 8931 31462 22876 31656 18363 10736 14709 24730 1493 28530 16975 11686 8037 27299 2727 9933 24870 24357 31604 16042 31168 11936 20236 12266 18735 8122 4470 28100 8760 18082 27985 23685 17508 21798 7422 2085 2136 7798 848 13893 4938 4155 30482 9924 2964 32385 7168 25983 3755 32351 18602 23153 12713 28651 3753 723 4416 5555 4372 9080 17163 5813 15263 5647 10126 4150 20067 8509 13716 17530 19862 8670 844 18611 13610 27467 2011 16943 15018 11283 6214 6493 3855 
4194 27932 5303 29955 22827 4584 21422 31699 2812 18790 30303 16697 23897 27883 31185 32329 7066 26497 5273 20596 20394 8518 32485 4808 15085 10267 28312 3508 15111 8459 2984 24260 13891 22100 12570 21600 18633 19891 21971 11121 27107 7424 3473 2211 12852 13362 18551 28833 7021 22672 17794 10738 19573 31997 1527 17088 18378 25587 6576 26939 22264 3783 9006 22823 15343 13906 288 31899 16469 10268 22075 7190 4212 6287 27099 13680 3915 11292 10231 7401 218 18083 14038 22607 23629 3956 23564 17014 31461 26051 14174 368 22286 32650 20666 30018 29611 29732 21182 26173 15695 6808 10974 12551 17839 32249 598 28809 27869 10801 25012 7424 4689 3295 9647 30821 28890 9321 5139 25044 21065 2967 27015 11443 6446 28201 2048 32759 17468 19762 13533 28232 6454 14874 10895 14215 19706 30654 20825 1539 4024 22816 19747 29001 18540 32481 6351 25637 25617 1924 12102 2939 28822 13671 8552 24595 31054 5755 19040 1121 9248 18349 5121 15069 24749 22984 22091 31561 5546 11995 24000 25826 24419 5966 6696 1009 14854 25259 14982 5985 11445 23851 15825 6970 21721 4157 25379 1486 13700 4667 1450 26277 32251 4225 17594 18391 24657 32419 23051 10912 22262 25931 1169 2142 12665 12058 17535 18395 23802 7455 4443 22638 26161 8352 28897 31821 19534 30276 20874 13444 12771 22251 18827 20632 938 16167 1785 19251 4107 8210 6513 21819 4244 26374 26470 22816 14656 6907 22740 11281 21415 24191 21255 5907 32635 15246 19835 14307 27341 4999 16860 24494 32686 1706 9528 228 10834 12260 17020 32323 22198 12119 7329 2054 5087 27166 1807 21278 13804 3818 5680 29540 26571 16166 5911 25458 2762 7033 14457 3293 4103 20749 24683 2902 8731 32564 3829 31487 31532 4559 6085 18710 30502 17261 26033 15356 6404 31076 16141 15827 12162 9512 20235 31636 32124 7899 158 13265 16098 19537 23303 25311 17220 25960 17529 18504 30832 30920 5944 1528 29593 2095 17239 2797 27053 3626 12248 26420 27205 8584 5578 32559 11500 22488 28918 7319 7296 13729 16272 13468 14256 30155 11339 18916 18372 22692 3100 12224 20946 22408 14609 20167 19503 163 2733 8930 9374 29996 23554 1607 25972 18475 9381 8196 12353 3495 29752 16477 24584 23171 22509 10844 7567 8875 19252 21707 26401 19822 27183 24261 17923 8728 1577 451 8135 110 26206 26551 5563 29058 24745 2476 13963 2042 30513 27442 16763 13556 17736 24169 
23927 7431 6651 2910 23092 14041 19734 14409 23504 20179 18460 6690 12909 9268 18852 23554 14760 18504 22343 8251 24465 7960 23677 26744 3107 6494 17380 1352 27171 142 19569 22221 381 32402 25820 28587 10572 13163 20879 26039 26920 13989 4307 16579 11898 18614 32113 3280 22088 12047 29277 25335 2881 934 17499 9962 7745 2302 20313 14424 19600 22586 11636 6973 30882 26684 12349 7106 11635 11775 9964 31785 21942 9258 16163 13787 29047 18842 7660 25246 12816 2186 17235 5089 5749 16990 25177 26338 18429 14056 19516 14717 19281 32411 7536 7932 20122 17322 28768 7081 5608 18714 4050 19245 28911 6683 18396 142 20010 11436 409 4745 16324 9628 18111 18448 27913 12178 19441 26075 29199 19250 3608 12121 7422 3066 21740 2973 22172 13920 8344 30982 15671 24021 26698 13528 22035 19541 23048 10262 28463 20506 4993 20984 7148 21729 27590 832 31109 12394 26124 32241 19579 3253 562 31718 25044 6423 29739 15115 23134 10229 9776 23403 1317 20781 4485 27548 21316 28752 17192 9084 20209 11286 3543 3797 12391 13408 25542 28668 27215 17428 923 6662 828 3941 19009 17252 12551 15411 368 20955 8697 18176 25411 6030 10609 9491 3011 24895 1721 28814 9129 255 24315 25132 32445 32272 22782 1622 9719 8197 7948 12087 32258 8194 23009 7410 21235 6693 30519 14028 29850 25427 16906 13802 32579 1633 19176 4228 14018 1089 3641 32005 19744 14497 736 14192 13102 912 30854 27119 21923 22483 79 22089 11607 480 28929 25271 15661 30147 13397 28409 4560 12161 6282 30582 23056 29970 9047 151 23907 5341 8757 5200 20040 8032 4359 18336 4930 10015 25499 10598 4924 3394 8692 24782 18866 25307 24807 25683 3147 2407 26317 29774 13271 6707 15999 15257 8823 5196 31239 28974 11699 13305 14553 26417 28319 11766 7046 21047 15655 1138 22023 11911 31214 8504 13109 31226 24639 18844 26720 20761 16034 15877 20730 16360 22038 8758 2907 2851 11356 8355 10551 4368 17789 20498 32182 4258 5031 26173 27502 8447 3540 16641 11709 16211 17786 25250 10128 23097 9416 31722 22505 12928 18433 12243 19918 5849 31414 8115 6757 18791 6745 7819 29912 4006 1745 15091 11681 10264 3647 21833 9903 6562 22406 18188 1563 17195 12668 5937 15741 22724 17488 30440 5952 26518 3864 8558 6973 11127 19068 14852 15575 23642 11452 29871 24581 10030 28893 15713 28965 25445 481 9578 18356 14 7815 23231 
24214 23241 25286 26782 3872 13135 21734 21987 2803 29033 20750 16089 4157 13344 22667 3439 15119 14348 32586 3047 7383 13652 1757 31376 12672 30067 30334 11317 18056 25822 5110 11537 19383 29394 1202 10889 13859 22265 25566 13692 7890 9531 21102 1239 6182 17279 1806 21244 3361 12697 18018 30944 17186 2140 2663 8707 21444 10738 18430 11311 18110 25364 21128 13012 8574 27376 25097 32539 7204 9099 29103 18538 27027 15677 13278 25659 25804 14611 12011 28054 10898 7659 6921 31145 1353 10719 18053 14317 19445 10030 3258 26277 18127 17706 4082 7403 10964 17572 25265 24108 1306 27681 23738 31565 13132 12429 24655 31846 21013 3555 12388 28603 29147 12129 30986 27153 20781 23579 20655 7098 24067 1192 808 20377 22328 2935 26582 25303 13909 22928 22244 9816 15710 24964 13668 22943 11243 21826 31891 5046 13261 28711 16518 840 30327 4367 12877 533 413 26456 994 24201 30518 16352 1380 5602 22155 10114 5291 6996 17604 24188 8970 4834 9695 19206 27478 15926 26479 19616 31657 8707 14177 5955 24522 10326 24514 11900 1695 11251 16877 12607 3290 28448 28146 6921 28604 3044 20763 30620 9171 8572 7548 8396 25019 19097 1536 1653 19101 18585 25629 24887 21648 10716 6612 32201 23065 2728 7302 758 27559 27959 28447 25327 21440 8641 10 7085 30079 24833 20073 9849 23206 26681 13754 8557 23953 19237 10178 13692 13502 22824 26699 26465 31193 9182 6912 12308 23226 15338 31638 25681 28433 25020 31751 7348 4132 8333 31946 31459 17797 31653 26132 29036 9543 10463 14626 29681 9962 20279 12432 12550 30696 12353 9314 29928 5841 21095 20395 726 32311 25142 14031 20086 23926 25707 20315 25590 774 9346 10951 16355 16327 23903 15542 8329 18668 26342 10532 11595 7637 15154 7090 24278 22378 16474 1748 8970 11607 14695 28601 20779 23272 2175 30021 8752 3618 29733 32135 20008 3418 32666 30672 7238 7828 27894 15925 27544 882 16095 9779 28656 28772 17333 31264 2613 24953 31763 17955 16064 9601 7103 18850 12127 23151 2596 19286 571 16661 19883 17457 7454 12219 27923 9182 1020 25813 30246 11100 6803 5085 14482 6273 16409 9003 24977 10751 32611 2219 8523 1881 12286 1877 30432 10643 6145 19199 17146 16007 850 4586 27805 11905 1311 30419 3857 29870 28508 21951 4339 11033 29517 4518 31002 3976 3256 3093 31828 10095 30891 18774 4395 19834 6803 26393 1168 24247 14061 14045 16480 
2072 31545 14446 29498 28407 1099 30329 28508 24351 5190 24335 9986 4628 8694 7356 12172 13818 12834 14041 9049 15127 30989 5076 15890 26079 32445 4296 24788 3929 6483 21373 30428 23494 12181 13396 29588 8221 20489 11814 864 24090 3718 18056 17619 14188 29497 29290 19219 25578 9443 13640 30651 4981 22595 6808 19459 29749 24228 26461 7414 23235 28676 21353 29561 12979 15970 22845 29290 2339 958 3148 30735 30979 13866 4596 12796 30505 24565 27533 7800 9649 11581 8215 10695 25959 20129 28365 29224 22827 7005 7515 25402 15243 2078 24315 9540 23480 10428 15992 4116 7692 18958 13330 23570 6752 24568 3155 18664 21724 23602 14602 3607 6610 25780 724 3706 13725 27956 30998 30673 11070 11507 16021 25924 16354 27457 11464 24552 22544 31435 9510 29632 29307 8032 30695 16190 14647 16600 19263 4243 13302 23556 26610 3984 31290 22224 17955 4568 28352 13329 19430 3983 3725 12459 1567 8082 14583 194 23302 21263 28484 25378 18649 20618 30596 32280 9418 18878 8167 10929 8930 19351 16372 30234 31657 30280 31541 21835 17953 27641 7989 21052 11621 7589 7193 865 1083 14164 4032 29107 20133 17346 2736 22789 25990 20855 29281 30436 8175 17436 19699 5496 25724 27373 15678 16389 794 2972 2401 30318 2339 19693 11258 26985 14233 10465 6720 7576 18686 5984 28258 3395 16320 10812 9850 20292 3506 22886 14556 8050 9964 9586 31127 27171 12352 31186 25736 7344 3241 22284 12024 1466 1415 27113 4069 11859 18002 12085 12537 32118 20483 23636 18339 1286 27888 13602 19314 29175 18912 28880 21170 4056 26973 21177 13697 20458 3301 3423 30885 27182 28245 27638 19546 11966 32454 6151 3364 18394 7552 22846 10212 23261 7544 2841 14713 8314 28463 31383 20237 23138 15081 12523 24734 18740 15786 23187 25464 23871 4787 7066 19411 19327 31105 20252 25859 5413 9692 20436 32169 30081 22263 2852 15501 9432 285 32376 19192 11940 14472 25036 30816 22346 28616 23421 5675 32652 9315 19058 16338 11123 20917 6271 14615 11789 31782 27399 12342 13754 18028 19406 21653 6471 23453 28907 26917 7682 23596 19102 15089 3854 29028 17482 29279 30006 11474 13846 26187 22587 763 10850 31020 30861 2400 27181 2236 17676 25218 12653 18166 12603 26193 31876 23743 25804 15071 2861 13571 6427 26089 16112 19704 22393 21754 15487 8468 30159 9131 23325 5751 2775 25061 1357 18672 26559 4822 30453 20230 2122 28780 14083 
23165 1003 17197 15559 12045 25591 15204 6975 2971 21462 14562 14713 25983 16943 30653 30131 1481 30545 3248 30248 12274 23538 9764 12931 879 8620 6478 17470 26230 25050 15051 19852 53 23367 21047 15993 7260 26926 11827 3403 4535 25906 4177 29490 30834 26786 15292 6687 6890 21290 25978 4554 2480 537 18577 2538 11778 11864 9645 12691 25708 3218 24033 5348 28039 16861 9489 17793 30626 5673 1148 2911 19010 23308 27823 616 14435 28804 7158 23048 17068 4995 15350 5427 19447 6419 259 2096 17611 26045 9209 8415 26159 24578 24747 14215 20922 4157 37 27307 17782 18271 5481 11408 7403 15275 3468 27970 20467 7074 30572 2874 1632 2582 22507 13369 27084 16187 27372 16890 23690 1896 27308 8115 22955 15272 13590 29427 24057 10343 19588 29438 7460 29758 14959 16240 4629 24925 6264 10152 29227 23495 12212 10411 17391 26625 17864 8217 20077 30547 13058 1931 8594 15015 25412 14096 20568 18578 29499 24442 26065 30240 21951 18167 1268 19194 6442 22343 18598 3082 11778 9103 4895 22240 1996 27015 32359 17110 16250 15198 5182 17445 31743 10083 25350 15597 9196 8979 1928 22651 15796 32461 27150 17106 7100 17899 20521 12547 22114 32161 32003 12339 5235 23743 3269 10250 30627 13429 5450 30489 7804 4814 18146 13600 23136 21288 13876 11602 28320 3625 25628 18180 27723 29532 71 18346 4050 13423 30503 10430 25136 29818 14054 22310 12239 2931 28846 18612 31440 29993 4580 15742 22731 31768 29940 26444 15300 2158 8219 21472 23483 29513 32581 22973 17471 11961 22722 1894 28373 28090 7752 20941 27563 10622 26941 6283 18141 7010 16183 26791 18754 32342 16992 8842 17098 16014 14980 13398 29898 17567 22339 27231 26920 6160 31879 7491 11097 8816 17680 1267 23367 6818 20188 14203 15761 25203 22431 32444 32510 28161 9834 26782 32217 21802 31595 25189 2458 13632 7289 18452 6258 32230 18787 23179 3920 12418 21517 21208 17066 18614 4661 31463 14501 318 21289 30737 7158 885 26451 22661 26597 11683 13206 9884 1497 5358 9057 275 14833 8769 4452 26229 13728 28881 29895 24198 5854 27148 14000 1336 6145 31620 2218 25811 26066 13300 19646 627 31497 21915 2730 10961 23634 5977 18679 5707 27409 14791 16911 14689 29578 4243 2847 29819 21050 7799 24356 29701 21108 5025 32532 18201 25651 26437 22996 7571 18137 29306 1842 23273 16229 18504 29381 12414 24131 3554 1338 13502 15444 17164 
29565 32441 22764 15902 2566 10750 13986 25733 16195 7229 20849 11451 23870 26659 11444 4701 360 6854 25378 17263 23297 16205 24094 21103 6255 28212 8733 1304 25210 19532 30714 17173 2870 10595 23898 7675 2570 7538 4108 4928 31561 26225 8895 865 1090 10526 27680 17891 16630 31941 31071 15190 24742 4487 31957 9201 23599 20597 25747 9540 11144 14463 24012 26016 23985 32658 21555 19752 17453 2551 8023 8531 15949 6837 9198 31169 11500 27541 31630 12157 15831 18643 836 25849 29613 21308 24213 17190 17747 6835 2717 8415 8639 23230 25707 8104 8124 31828 5338 14233 29730 18554 13325 6382 8786 16066 17804 8552 1991 14280 9959 14482 29377 23082 8176 22879 19501 1220 28630 27059 15093 27117 29277 25144 14951 11923 21175 12945 6683 16679 32586 31602 10278 21833 28777 18350 14216 2332 23660 8823 27510 1233 10772 11236 26959 31717 16913 27335 7896 29997 19264 131 8136 23426 929 9451 1861 7395 10570 26652 27842 26391 784 7618 8970 26447 27456 27204 20551 27620 31839 25823 17461 29659 19621 1152 6195 10117 26015 30530 27520 19374 26459 8557 7439 10014 19949 16542 5687 2221 249 30042 15400 7060 31567 11186 15064 16296 20219 5413 26692 20397 16343 23102 31657 3778 3694 26404 22739 27300 20616 32687 10475 10398 26765 7520 3669 12050 26590 27126 28127 5639 20696 28397 4050 17414 2875 6819 5433 22871 4081 25761 6304 7891 27905 25025 27004 1221 5687 15347 6825 8705 22141 24038 11258 23127 27421 15599 1662 31982 16519 26544 11012 140 3358 9768 28535 17125 14541 21925 8737 17033 9015 10115 8316 23001 17604 15381 2360 21767 15675 23275 338 25028 1725 14286 23648 721 8371 16223 5292 26801 32461 27360 22050 18729 27367 22936 9327 20615 11816 26697 18575 23738 11847 15289 15523 16068 18616 27781 2294 20799 20945 12493 16859 14183 787 6455 14687 8234 22643 14030 5934 27375 14928 2511 11822 10536 1256 32406 11129 1196 13226 21378 5689 8703 23560 24121 3387 10681 30375 32432 22753 12254 2664 4313 24265 23700 11789 3576 5740 17330 3399 17825 23408 20712 20693 28165 8628 11675 6186 25823 231 6108 3037 23336 5420 17696 15610 14557 19743 13226 14958 1662 31094 20868 32587 20455 23488 20476 5316 8019 12363 22589 29653 458 10235 29334 8842 19695 1377 15217 30000 7551 24730 24535 27105 3538 21219 707 4263 27677 20724 1392 14015 6305 15790 24889 17998 9396 
24460 22591 21373 4049 2967 32202 22343 27640 30986 30370 20596 10266 16067 14206 19429 29584 21880 9918 15466 22092 20288 13775 6471 32440 12833 2939 30423 30452 21880 2769 12681 19199 20012 21231 9397 13392 30245 22078 7433 10154 26818 857 32092 30508 18138 12797 1401 7599 16140 23864 11232 31621 15962 21196 14078 32626 28759 18933 14927 30212 3262 15543 7816 11134 22555 4387 26370 30923 21949 16769 32659 29099 27263 2745 32008 14717 29890 18944 10450 13080 10640 17431 25620 15747 25983 27979 13397 10368 18158 32 1563 23520 10784 21122 9601 15277 323 21167 5225 29348 5512 11655 24455 5499 7361 18793 13308 28356 2432 18590 16034 19749 5855 11009 31418 32565 1177 29708 22757 129 24494 12991 24843 22824 1379 29661 31536 1678 2507 20396 17159 13551 16760 28144 8170 10409 265 9043 19249 4006 13401 5868 23977 24043 21855 5567 9190 16276 28166 20215 16355 30602 28571 10994 32413 5215 26388 21857 9747 27323 13137 31244 32047 19854 694 24653 933 29198 31536 15066 20310 21050 22943 26613 7719 29110 12463 29575 12700 15453 28952 7034 24392 32062 9401 23712 22353 891 18212 1085 22616 20917 8661 601 16817 24583 14833 21251 14991 19782 19346 15526 15510 16583 606 25654 13964 14025 2960 17272 11499 26504 13440 7728 21933 9729 25329 5118 16207 27595 28323 4383 20150 18570 29107 20363 1868 7111 2379 9063 3066 2298 23394 10437 4977 3678 20870 3411 15566 10284 10944 2705 10437 14916 24282 15512 28361 4543 2092 5031 3549 18465 29078 6235 22350 7103 1220 3366 863 13071 25684 18940 32246 16305 16909 11409 26403 3808 10418 3073 5408 17606 29724 26339 21859 26527 10730 3706 8421 19904 26493 32738 6819 12244 32487 3608 20981 3200 10764 19727 7733 17100 13209 18949 29255 6303 5684 29040 21162 24552 3731 20339 21430 10681 14738 29412 19291 29662 24201 2063 27045 4545 872 32483 8776 29422 8577 19911 23941 16478 7209 20673 8652 23717 25860 176 27329 9459 21667 22979 12200 23994 1242 4283 13722 6542 6039 28878 7717 5124 25210 19216 23124 23796 4586 12106 7148 20775 18804 2936 17163 18437 32464 26528 19439 4823 19257 20968 12752 17527 2610 25921 27875 21103 7000 18139 18179 18155 22897 3897 18539 4577 22429 1524 17417 10077 30333 5234 11685 30611 29497 20315 29518 29967 13428 10255 6846 828 16281 20914 15480 22945 11262 9241 26022 32025 8092 19650 17007 20881 
23235 31718 4135 108 32165 6579 30893 5185 19747 10224 5609 1061 28558 1836 9261 19217 23728 18113 7117 9324 12506 9639 1602 11591 16969 13965 9408 32652 21574 6627 27142 19669 9462 28338 20431 26461 23372 10768 13350 28562 17700 6708 8290 20641 1110 21273 26119 24256 6739 20664 18254 17924 11655 9289 25570 9403 23303 27318 3740 13791 4160 1708 11048 5625 15407 29124 14782 20436 20976 31135 20614 3742 19669 13452 395 903 24810 26601 22346 6057 2069 22078 19310 179 8648 27646 14794 25922 11737 2724 21512 14929 19716 12664 22586 28591 4212 32419 7566 10828 11499 9175 19413 22075 27171 5038 29993 18543 32358 21770 11739 16136 29939 18988 17461 19758 31234 12458 28050 15728 7236 27083 21449 16538 8078 4961 6735 18094 16472 31979 30895 31825 26380 6652 25626 11815 9810 19921 13594 9063 19509 19289 250 8264 22880 2992 10046 30461 6291 21652 2814 4644 24541 28347 3289 31915 20563 17627 9697 22831 15253 20773 13439 28668 11521 9050 14289 21445 3874 14662 30695 26561 28034 8360 32240 7173 7475 3612 6467 8434 32192 1075 3932 22977 18066 27689 18482 24427 3752 3002 13177 25707 3950 20145 18014 4845 28972 24537 21472 14160 8289 10855 1513 6970 6503 29084 18993 31547 17750 3592 4556 4267 944 22676 16656 13473 18917 2900 10766 25629 21092 17909 31793 10267 23835 5213 15820 7050 21533 15947 15843 10282 14799 1211 30893 2131 16671 15491 30838 2429 21174 28514 4423 16493 6882 32726 1219 12918 18875 18703 3615 5129 29928 3161 92 30415 21673 509 331 6450 28580 12017 10119 10507 30806 21819 32371 9588 11625 2785 22105 6383 30206 24850 6500 11907 26240 14265 12557 26811 21365 1930 25753 7061 20366 6140 20537 13276 22815 32531 8183 29760 24565 4285 15266 1875 20558 14895 28761 31353 30142 23260 4419 145 2512 22535 21554 24350 16725 283 15686 24296 31956 2045 14608 12633 14666 241 22668 9793 11969 25460 92 919 19365 8764 23097 14001 2021 9023 24867 7943 23462 9703 8143 28165 9847 28654 2637 30247 32678 1621 679 6232 17012 15068 27053 5721 15364 12771 16596 23299 8148 21035 15329 793 18224 3966 25411 22974 26879 22078 11034 4422 30818 14978 28709 2883 4663 13876 4477 11866 20644 6155 29820 28956 32626 11731 5739 2030 17448 2996 28340 1887 13003 24255 6650 18539 9215 1689 3562 13434 15222 9619 22864 5308 28464 22802 8796 14915 
6584 19102 113 24794 10579 10054 21485 29779 11056 30213 9952 20222 23947 19535 30601 30489 656 10678 17144 27311 27506 20353 14178 15227 18577 20508 5797 12051 21839 31683 6601 12610 5382 14963 15180 32096 8818 13740 14800 12868 23934 21988 24446 12508 3302 6931 10123 14922 5454 19325 15171 19291 19804 32140 29987 14427 21439 30812 25376 19711 13445 14608 14322 11855 25965 552 14463 4889 20905 18492 19709 13685 18375 7026 15890 21263 24739 32167 25794 5024 7465 32755 3685 15166 23198 21169 1647 7808 20111 25773 28370 28429 19968 23212 28594 25336 16970 18634 4395 7503 4629 9527 2911 7010 32383 12719 13290 4952 20374 24819 21681 22210 2652 26203 3196 17626 32655 2274 10210 22516 8733 933 979 2366 30764 9544 1753 24870 21760 21514 5981 859 13975 3370 19106 27942 32704 15372 17520 18329 31677 28091 4655 21713 20023 15526 10168 20195 4274 1655 4130 8276 7960 26797 14629 16050 13371 11394 3618 789 5796 23536 10033 1288 6149 18946 23186 1379 11191 11663 28199 8923 13866 24186 31088 28793 24157 30316 12386 27985 28633 26220 24612 15234 12282 31663 5042 2108 7583 28497 26926 31380 20967 16171 8449 18950 8959 8825 4713 16570 13218 14871 5008 21608 23825 23493 28524 28344 1305 21146 11660 900 23406 31693 12939 2754 21959 29477 18846 6242 16229 16836 32511 5354 24906 25348 19339 23114 21419 16889 16059 23344 28589 5791 22996 32516 28168 13347 10950 17958 31812 5259 24876 12693 12144 3475 22316 27683 13462 5720 27159 22072 2753 12925 29082 1070 6970 10999 6950 15231 1614 25286 1218 16818 26793 1938 21270 29128 26579 10146 26268 12692 10318 14537 11493 855 2505 8200 23904 13985 195 17473 31623 12418 1982 26999 17361 10062 27978 27719 19436 5337 13451 16189 26303 5516 4310 7148 18743 1559 3892 16918 7248 11969 21243 30942 24237 19027 10540 21346 31427 28104 1283 24006 19421 18951 31758 8961 1916 21168 29102 8532 31514 29473 13692 17689 29005 19503 26355 15380 25851 12171 17699 30758 26992 8441 7181 179 7672 29113 26309 26820 1547 5389 7312 21510 15084 32749 23847 31334 29307 28822 25761 22839 18390 5527 24192 9445 22275 3948 1528 13641 3273 14746 22096 12456 14351 18596 29909 6790 2244 14821 9865 24897 16311 7197 26107 17054 17843 2315 15717 11641 27977 13141 29076 7942 14687 16359 9918 8783 2822 8268 28268 21957 19926 11590 5522 16970 5072 17220 
27450 29547 9043 16577 13495 60 8506 17673 13194 8235 32410 27097 14568 30533 15852 21317 22806 11989 13575 30225 3783 18993 11934 16221 7282 9155 30047 9630 3655 16753 31480 28139 20186 3343 30257 19376 14484 28139 12370 8029 9403 25850 23542 19124 5947 31896 3520 16914 13053 21014 1858 21391 27999 564 13885 23108 11349 19374 5861 5077 28499 32 10164 29118 32126 9984 4150 2057 17538 5922 7958 25460 6865 246 26135 8016 5935 30052 18903 13549 22958 10123 9269 14396 8723 23126 2701 18999 11657 27137 15770 25400 17451 27625 23369 19312 23251 10896 26978 4991 6235 8108 9344 28861 30001 21184 11883 25452 2481 26876 31637 27361 9012 16717 10483 31789 19644 28133 17301 24970 23673 5998 11658 25130 26154 20473 24182 15349 26595 5091 21710 19457 16694 29105 23315 18294 22064 25688 28436 7600 8710 10677 6043 13215 1290 20198 4257 3463 14643 8374 10704 32086 8386 4709 24443 3733 29738 22992 24748 11810 21836 11802 4584 23732 23914 26518 13535 26548 10233 25745 6337 18457 499 10101 1287 8092 17380 17757 18460 29379 5904 21159 32131 28457 6279 12118 16349 2781 19356 4292 30866 30779 10895 7070 22587 27638 32396 22122 16429 23449 29150 5078 20998 18076 25072 32569 16308 19657 21262 21538 6532 9905 8441 9211 6896 10825 16857 14320 19985 29950 27021 9190 4457 14227 12915 15678 3333 25667 21421 17950 6547 11149 7873 18623 31478 22061 28733 6114 26979 30387 12056 22538 6540 10260 20644 16299 31138 16353 29087 12423 5477 30144 17835 3261 14201 21852 30329 4661 4273 24469 16001 26285 31412 29024 5101 6326 31211 16363 19082 13615 24110 12062 24799 32039 19714 2964 5677 6837 1373 31410 2481 3985 115 29466 12117 31919 31870 9640 1209 18675 5652 3058 22174 18430 2415 7394 26856 28396 19679 18152 13666 5855 28274 25218 17126 31876 10401 16680 3500 27130 6158 5678 28993 29937 14465 13581 24079 9645 30252 8331 15020 30953 31957 5618 18367 5008 21682 21897 6599 5163 13801 19420 10598 25020 13269 23007 18974 30714 62 2643 31133 17445 10620 11106 20476 27975 8977 3196 31630 32653 20128 4801 21233 20833 31525 13286 11652 16329 30953 32731 29619 28247 6712 26559 21654 2964 3500 1145 18872 19856 17009 9871 3869 27573 31367 9264 4776 1059 25300 26636 20009 19097 28024 22351 28243 8766 7444 23381 11667 3642 30810 8088 13735 21660 7923 20690 5949 16838 14848 1045 
16634 6856 4252 18841 3343 26477 5874 1310 4601 21441 21947 17214 31336 2726 23810 2758 28522 19533 32072 16814 27164 6436 24692 14751 31997 27702 19877 7273 32014 27767 12130 19214 544 23224 18028 569 9958 10541 15062 11669 21308 32186 28826 1216 21581 455 31272 30849 31758 18085 29431 10560 27145 14892 443 26196 12937 13790 20632 27257 22115 13740 6610 32277 107 11378 10486 3123 3240 9800 29912 31060 4764 25982 5967 4456 24265 12726 3461 15111 25220 21202 16644 4480 2433 679 9854 4126 8160 32007 1998 16054 4214 1782 14294 28055 4966 21267 6339 1272 3815 7932 15077 30649 16037 8042 17666 21933 13343 26500 15436 30917 2370 8311 27251 16130 4517 19969 6645 18264 13157 30705 9703 12587 14233 1605 6369 18160 7936 8812 3565 21241 5686 11451 1829 19468 13673 9466 24041 29178 24330 13627 841 15649 30194 29920 4501 28451 3556 18813 3469 17406 26531 19684 28284 8345 5335 12816 20204 1837 11611 17938 20554 16184 5869 22680 12603 7399 23325 12359 1264 17143 9363 1685 25477 16958 11182 13640 19960 7164 543 31621 14573 10090 12086 27628 6465 16743 3358 4285 2163 25365 16474 16548 24480 8102 10416 17108 10952 20857 18629 21284 19953 29935 18678 1099 32535 24369 13306 32294 10880 12191 19695 24223 2199 23405 8196 29290 30314 16102 10653 9094 1650 9716 22342 28115 6333 28582 2809 19290 10612 23791 22955 3169 24606 20110 31366 18467 28788 28532 1871 8722 3277 21020 5959 21488 3351 12115 27358 12904 14888 25048 11243 4676 17407 16816 19812 30439 5485 7282 18292 8508 20808 11263 21233 12808 26998 424 4975 18145 10496 7788 28855 19750 21628 14038 9962 2840 18780 29543 7063 14637 12297 23574 4472 26213 8512 4648 30875 29948 27378 23030 31479 22397 3612 28744 30578 29053 19728 4661 17629 8031 32155 15266 2408 1659 16403 7181 10871 26616 6797 27372 21197 13130 6328 26442 15017 28874 19106 12535 22381 2499 7735 10783 12974 4592 16111 23037 4154 16394 21153 17294 23696 1892 14048 23479 22135 18752 8170 30133 3219 5467 8048 19600 6256 22261 8975 27680 30462 17054 18355 7253 20001 18260 20087 29377 19409 22907 30688 15177 32624 5405 24604 28055 8403 14286 28606 13149 1518 20009 23301 10513 28116 12562 616 15735 30117 32159 3701 24025 8979 12560 31206 8694 29297 29870 11522 6087 17220 4359 28989 13490 2426 5783 14855 12342 6605 13591 23858 26657 
17701 11384 26813 17453 2825 19311 16202 3068 28079 17272 4244 1585 24611 15743 9265 29427 6854 23980 20711 21827 30710 32503 6146 31615 28810 20564 10915 21789 14704 5793 5151 15094 2863 2366 25092 7622 14628 8957 17126 9876 10369 22405 24780 22861 29712 12426 14565 29334 9779 1247 25659 17268 3444 22948 12494 32235 607 11346 18653 6997 15452 19831 3002 28933 3791 22039 2825 31756 25510 23227 19411 25386 26147 3410 9992 24274 23937 27443 10491 32442 23186 27132 5167 13866 10040 28930 28895 15236 19461 528 16713 6026 2647 23754 30684 13060 22490 21326 981 18146 16124 30260 31530 26934 26948 24661 28008 29671 449 2461 16324 32558 28806 19223 6740 21944 19773 20236 13315 21040 14212 19871 24461 8394 21898 24607 27618 23911 7839 2310 9299 17590 21620 16213 25010 11232 2211 22056 24172 17511 32334 25020 6175 3142 5271 29024 4477 11703 29231 9485 31164 28448 9349 14714 1173 29522 13146 28503 1318 30523 14702 13950 21926 11443 31838 14538 4246 2389 23596 18291 8799 21083 25853 1306 26500 31172 5242 16305 10135 18940 19932 13893 30887 10868 30410 16081 19157 29492 10513 8799 28621 2651 5024 11229 12378 14483 9576 31943 22932 14507 15782 6420 26918 15477 29062 24717 29104 4306 25204 28732 8759 15532 23192 12501 17286 2479 8394 31525 5761 8822 7126 26009 22525 19685 27203 29174 20747 21337 16947 22408 25021 21228 9681 25744 27635 6819 31969 16001 24855 13200 17550 5045 2116 9890 14926 27332 5662 30550 9691 8090 8286 19954 18053 29808 3593 17337 6510 32506 6249 6745 176 4440 5739 7865 18335 5925 3808 13880 27261 16594 11884 12099 10949 26171 3976 5707 5613 7803 27667 17947 27233 17630 17456 25138 6126 17255 10295 4162 31695 14938 16015 3772 14167 25600 22481 29780 5105 1848 3093 3360 28801 712 30788 7494 17042 23964 184 24443 19553 22819 1222 15984 31705 17282 8718 32483 6444 24885 24348 9243 21992 25831 29877 10489 223 20697 20913 30212 20432 26287 17107 11587 844 14787 16531 18054 22858 28335 9902 4010 614 13418 24459 32292 16026 14287 23415 28477 18053 16618 31254 6931 16803 9307 1774 29783 14553 26297 11319 895 28169 19930 6972 24251 19017 31299 11724 24649 25979 18991 12416 7333 21831 25568 18072 29339 25544 4568 24130 17696 22917 26535 15153 29828 19289 29313 3872 28244 30341 18019 10369 25482 13362 7499 978 26230 5625 23912 10547 25568 
24655 17548 23340 31952 2118 15336 9445 22476 16412 18197 15888 19516 9483 6349 5247 16038 3556 26723 20220 18566 31692 2128 20659 22608 6609 2883 23726 11903 2296 5324 26693 1840 24950 23810 19992 3643 18487 6277 28653 8082 2021 7858 10070 934 4075 2488 22926 6675 16740 24662 27738 2781 3815 21838 14236 1771 26754 16694 11171 6821 26306 3418 22792 16476 20034 30233 15566 12125 15131 11683 3895 8184 9317 2906 16568 8637 12007 8118 8431 20515 28955 7518 31781 21433 1060 10398 16728 56 5313 24066 30707 25494 29775 16504 25779 1947 25082 12870 15241 26701 18021 22990 5751 17789 26767 5905 5430 18264 12779 31599 26141 18543 9107 8582 5967 29426 30236 23026 329 25652 23601 13231 8601 31670 10061 8307 4661 6971 7755 13342 19557 7249 1968 29896 28044 16536 29730 26961 10369 9535 15932 16647 19931 22871 15117 26862 6223 21907 13835 9525 6749 32555 25221 30891 14353 26969 13727 2227 19206 30030 12852 23942 27800 30815 18926 26605 9650 4107 24691 18348 16377 6693 17948 29482 31503 31544 18019 1573 11880 4421 1766 4127 31739 12191 5458 400 15824 19879 1172 4508 19236 17191 3157 26272 13000 15129 6285 29806 31066 20261 14369 13150 29351 12021 20023 22600 32027 25292 12089 15926 7279 1219 11769 7770 7782 5884 18929 11396 31168 23340 27011 14906 6566 17288 478 13063 19616 32083 5162 9613 21764 28019 18817 10051 22399 30802 9064 2702 19107 7769 29193 30170 26985 26739 17546 4294 31421 18979 26139 1117 8292 98 11904 11682 16545 13351 4554 25310 25248 21889 9559 7960 11138 22303 11029 16925 14860 11850 4525 21425 32239 14053 17016 2690 19559 29805 14537 24732 31053 12658 6358 19950 24586 29496 10425 24410 23551 6787 28343 9309 8191 7257 7069 8163 4655 9096 22968 20834 20797 23641 20765 26188 6463 24957 26057 19028 8932 28567 22208 945 3438 21523 4119 11324 6106 14931 59 26254 7092 31489 20828 31800 28674 23604 9422 17285 13769 23265 8864 2362 31137 15306 929 7563 27556 12567 8689 31913 26400 4102 26631 7033 3671 15128 14512 18950 6710 17902 32387 30487 3176 23781 63 25970 9436 31357 11776 17561 24922 32020 6308 6049 18062 10644 5326 1088 11061 25513 4981 9530 8382 4039 169 30878 15570 32207 28300 22519 28941 23603 10607 5773 29310 2216 9448 31471 31414 12175 29819 28039 19669 20932 26851 31961 21417 18214 29475 16265 9892 4527 
4604 9872 16150 16387 6556 27926 2875 20349 26703 9267 16237 23220 16680 12474 26477 31848 16410 11387 22541 3454 17194 30579 28530 6156 27635 7037 32657 25982 27884 24822 19572 4543 15123 1306 14816 717 24764 21629 2818 23584 9692 656 1181 19911 8066 16023 21068 3510 2094 8649 26443 15088 32455 26218 15897 29064 18610 12585 16860 4763 23475 22900 25618 8911 6912 10327 17928 3027 26157 30041 11548 15852 2678 6588 17753 8656 13184 9277 14688 28936 4789 20334 4460 3820 5749 14812 4186 31125 429 23658 15495 10513 25017 8657 27012 8766 13189 18705 12352 24122 1473 22656 29049 7052 11781 16524 3374 31629 6158 19275 11881 9487 13646 11610 28166 4257 29043 229 9435 25965 24840 31231 13336 22966 23485 9286 25987 31919 12007 5913 1728 26002 7080 10199 10724 11364 30500 23350 22333 26516 22816 21844 13187 16946 18694 1947 27360 11029 31933 21636 7140 16048 31910 5324 30759 1523 7241 28644 10872 8826 10568 25762 12851 12230 7187 18761 9681 28581 19124 25716 11953 32555 20366 3527 32489 24831 21274 29563 1859 25832 27785 19369 8360 29028 29980 27945 7977 26599 20868 807 5307 10461 3095 8294 30494 19567 36 22689 15795 8540 6443 1907 31626 28962 31987 7327 17169 26534 16824 3390 14926 30517 17776 7748 26131 6996 19694 7360 11537 16757 17776 23829 28238 10747 31899 22372 672 28092 113 2189 31277 3623 10939 17377 3523 20029 26274 24933 24815 3272 3246 8009 25924 8685 8705 27484 27547 13643 15734 15030 19504 26950 18614 21443 28697 30105 28408 32292 7952 14784 15900 9983 7275 24789 19846 19609 14629 21647 22450 7435 16633 9620 15051 31423 17640 31879 2577 30526 25770 27601 7552 14259 12635 28788 1418 15246 29899 10616 22025 16525 6549 8088 22771 2726 17538 10006 721 1787 13705 22698 15863 19219 9758 718 11616 19765 18215 19353 10318 31613 86 24093 28774 14894 29541 11326 23727 11461 27514 19872 19803 15293 3926 24754 2277 14249 18977 4155 18932 6365 32652 28327 30114 26990 22146 17666 18052 22690 13043 5071 27384 5847 7677 13004 7775 21272 6296 6544 8656 9028 6974 10790 5876 26664 16276 12009 9579 6067 6858 2761 6521 32544 228 18717 30600 13992 27039 2598 3431 31271 13282 17096 5086 13039 23914 19031 863 11796 2556 1209 31515 10199 12904 3318 15892 30914 14727 31893 13211 15373 17339 32240 26002 23851 5302 14033 731 28995 21286 596 
13787 11666 10442 1406 32199 10015 11356 22899 27601 28499 6863 2619 13894 5615 7626 3779 29689 18866 26620 1182 29967 9866 22605 16634 380 6290 11351 20334 10948 15759 18510 28095 32641 6371 1218 28487 10768 1806 12011 30790 2767 5860 32102 25155 14025 3784 15137 18471 29534 6860 9690 22108 33 3777 2684 20492 28204 24673 20049 31698 25518 1031 26855 31947 16894 12398 4228 30408 3714 26326 17124 14686 23353 12276 20202 15154 11219 29078 2867 26192 1619 17860 11968 7404 27435 11927 29444 28971 15216 28076 22821 8399 2334 32570 1417 17186 22983 12477 3171 24223 29472 28806 9827 29352 10516 2795 11753 5455 32507 4304 7881 5466 27973 7657 13170 4796 957 10183 4133 8629 9088 14083 11527 28932 2626 26039 23877 11990 329 5591 26136 6069 23502 2433 15030 26111 9813 7669 184 13202 16753 30845 24312 26952 9033 22520 1594 25599 9588 6064 23917 30807 13674 14636 25022 14200 4865 20122 23785 30464 25102 28008 27825 14685 22714 27343 5415 30555 19865 22110 5799 5659 676 10083 24932 861 10723 24201 24705 25553 13275 6534 2203 6536 21462 29161 19268 714 8270 1589 15497 23972 14814 25649 18135 17668 29534 27297 16105 5067 10998 29968 11923 5584 8724 23252 4240 23400 9427 5607 23809 6534 16935 14856 18469 9943 20459 9354 19162 4587 29593 32525 10813 24672 3680 12295 5757 18350 18638 3861 276 1449 11344 2392 19546 25517 19815 2615 15492 23948 16797 22583 17757 3895 28103 28929 15562 22781 21517 2762 10331 6321 14789 26490 22875 29047 23210 22421 8786 10162 17330 362 11262 15039 14089 3958 2178 18639 17836 6339 14656 19024 20900 28746 17927 3009 26424 5950 19286 1681 14626 9446 16368 26460 3703 4551 24019 3875 26696 12467 20009 13819 6563 18541 21838 3315 29373 17161 1272 19758 31765 25207 21645 25529 23965 22875 30265 2328 16563 8910 27994 11880 3796 30325 28425 18076 7263 10657 26213 24445 17752 3094 9628 28210 30535 5920 32070 31761 14329 30533 19894 5982 26727 7600 31493 20486 13152 11851 4155 20840 10735 15711 11703 24228 3341 20689 11889 22415 418 32008 7817 17635 28689 27457 20306 569 52 15775 1691 18308 891 31174 30254 25243 2751 14960 22052 5081 3121 31491 21518 11725 31981 27569 27232 21375 31128 26474 4166 12831 6914 2188 25713 26224 23330 31562 2588 17141 5243 27111 14727 22196 15227 3732 23605 9959 11412 23188 9833 7681 
31340 14776 29258 29221 29582 19737 3861 11783 30982 12842 30251 16387 5940 4703 22760 17653 15702 11644 24530 19614 11941 31133 745 19242 1638 31144 29617 16524 22830 21035 6023 21949 30005 7737 22565 27371 19941 31841 9709 22179 26474 3319 13658 31613 11735 23388 4218 7960 23723 27410 18180 28597 1053 17149 26848 10215 29392 20740 21524 17053 24467 24228 16912 9035 431 15357 19611 21347 28595 27570 29617 31252 18193 1163 11628 8700 17479 12543 32181 4191 2794 14854 7597 11973 32757 22762 12508 16034 30580 11053 22126 21645 25295 12396 29403 19729 14525 27314 23191 15682 29546 10061 10177 1189 6869 20213 21350 12038 1518 6054 1096 25243 4211 51 1115 12312 25171 13329 29847 21197 31864 11582 11398 311 13302 12201 25740 7784 17670 30797 29473 30536 5721 19894 28720 19104 20532 30718 10323 925 453 9747 8059 15394 17116 22037 21925 6861 2038 16758 20473 1341 18350 17769 7553 16134 30810 15857 16822 10131 22065 6858 9462 15228 14502 9965 14727 2909 20711 22999 11943 32551 23422 7457 26550 3417 9087 29580 3419 14121 23623 21451 29752 24847 13916 25100 23983 30203 6644 31952 24704 3249 11111 8395 25893 12193 24700 7804 13001 9301 89 8113 7755 23327 1289 9330 21164 13222 23402 26843 6306 1929 20012 15109 10891 2027 31671 14267 2984 12786 7421 21166 418 341 19163 14780 19656 502 20685 19053 27702 23522 2334 17315 3206 27391 12392 19100 8692 24714 26244 23866 22008 13532 29337 4653 6402 16645 28835 28888 6697 3681 12230 20390 15482 29854 24784 10459 27637 14022 235 23474 16974 27534 21383 15198 24613 8661 1525 27518 24220 4360 25874 30883 3694 15529 5256 22315 13856 20201 20558 14955 16457 216 26574 16368 17315 31174 13662 3495 6846 21359 16248 9598 670 26835 21630 16505 31860 17480 26153 13597 26069 7102 22247 26082 18501 31000 1042 6733 31023 9751 10895 10287 12068 14369 20900 596 27868 29388 25691 16108 14799 13963 28276 30549 17702 1303 3088 15163 12934 32692 22959 17960 4372 30135 19820 2536 15694 9524 21819 8363 26802 17273 10636 23465 24632 26925 11019 13794 3300 30116 2292 25474 32154 19042 8897 23108 13588 29656 6990 27025 9704 7543 1348 32263 11771 23612 29368 30177 19631 1438 10403 17777 11356 2767 9394 12184 16808 31752 5763 8058 4678 30725 21208 29730 18349 16252 6013 16038 26242 4293 5273 10536 27222 12102 12048 17770 2213 18434 
17508 19494 22837 19335 23865 27822 13166 26794 2956 26242 5155 5130 8322 6766 14676 18773 4933 13700 15683 22776 24537 27234 12408 23162 26701 15003 6324 17135 23607 7175 9255 22811 3826 23225 31416 2155 328 7336 70 22720 5819 18454 28288 1462 5998 23912 30833 17372 6469 2717 26446 21769 19466 9669 13686 29972 18705 2125 16875 10281 21872 28805 17123 13970 18322 23646 27452 9453 17765 17448 2125 12212 24283 14896 29551 25745 30470 20676 1656 30659 314 8447 12380 13026 22574 13796 13065 28963 5077 4696 12089 2897 17808 1205 9647 14310 8789 129 24170 27359 24203 29843 12200 17910 11553 23348 9164 27542 30511 19636 26920 17754 29373 30958 671 20127 4093 10341 23500 30686 31412 5885 5060 19769 30418 10133 2759 16502 15606 29386 1784 31122 4466 15203 29627 13193 31033 11383 7814 22288 21032 11587 11502 20166 15796 31129 12941 4578 30996 11801 19423 3262 4246 27523 5722 14801 11845 14989 18527 8669 22207 12141 15053 10634 12804 10456 12869 26469 20539 14248 15573 30952 7220 5740 10274 29697 1825 14934 29467 18981 29315 12308 645 25045 27762 1118 3048 5108 23484 32490 30932 18787 23316 22130 18520 179 19100 14626 1771 29120 8320 26533 9111 215 11656 30929 6391 12294 4306 8216 27104 29019 18772 23327 23730 25355 5600 20029 19518 24983 15826 18017 7207 26560 23418 3558 5537 24324 19199 11006 28901 14473 7813 13254 2276 22193 5006 24617 30538 17712 7398 2047 1901 7342 29989 7281 7793 22518 4996 9288 12423 19558 23375 3267 28213 6426 28717 15640 14676 28296 21290 4425 27895 23932 23934 19726 14316 26035 6410 21708 20160 26745 24016 7224 15785 24470 18824 19848 2877 20575 9359 3040 15730 31020 29004 4583 28369 847 18442 5018 20842 18386 17657 16157 3999 11362 31683 24848 23909 19965 15623 22276 2789 27855 28111 30349 5722 12540 9732 29670 23415 27227 11263 12900 3387 13229 13511 16444 17763 24803 14058 1972 26845 20312 28540 27549 12626 9424 2511 9697 10932 6990 1182 28648 10917 29066 2015 21297 28809 6380 9913 28398 6500 5476 14807 4928 1591 25961 28049 14597 21266 17792 11844 18367 16088 12989 1205 11656 19609 14168 6712 8203 26536 16778 30257 20876 6032 3945 9084 21298 30013 21164 8640 9545 23870 30098 29269 28838 32431 1365 30996 17991 13845 26217 30342 6074 20526 14442 2894 18944 728 2931 4680 19960 32137 31612 6909 4382 17264 32337 
12819 26595 8827 2754 18253 10361 26224 16052 2263 5737 21829 7251 15149 18701 19247 19004 686 10181 17466 11219 29533 22383 11954 12443 2356 21409 10973 10890 971 25545 20624 29698 30867 16943 5883 10 24819 3826 5830 8549 15680 29420 15755 14221 23073 24753 20098 32641 12310 9393 8263 7470 18153 20182 22404 11780 3969 19817 25940 7147 6307 9148 13548 2062 22213 9421 29580 25001 284 10256 5822 4706 16322 26150 20563 28780 5924 12846 10121 32074 11659 24751 4938 11179 26665 30635 31824 31045 18816 28176 27495 19945 23273 5229 8990 3824 7655 7241 16027 5164 7046 18517 29775 26649 28444 27664 19582 16033 25844 3497 31431 27428 26303 13774 28843 24458 14774 3885 337 27912 22687 21811 204 22811 6621 5922 27511 8106 31288 17043 13424 656 9234 22397 12124 14146 10535 19899 25762 18948 28890 10720 31147 17724 17609 23275 21949 727 8935 5757 3026 25967 692 17914 9315 14707 5048 6996 29921 14326 13110 11713 10449 32144 10899 27934 31212 7026 28560 8016 8272 12727 24838 30330 9311 2667 5108 5829 15015 25244 16001 18345 17055 14088 15010 28273 6583 24071 16642 24938 13310 15448 26845 26470 11380 25104 3411 18514 29882 30296 8543 18277 543 25896 1391 19553 20496 20157 30820 13750 10871 31324 20662 24961 595 27183 31568 22159 3112 26597 21220 191 3126 25119 14488 4223 8884 16289 5897 19614 12885 10975 21958 21381 5517 26093 27810 12489 24233 25935 14241 22711 22399 13235 16036 32692 8615 12865 2588 30609 7763 20621 7923 27714 31301 30807 14543 30450 23743 27119 19854 948 2422 7911 32536 31205 3068 29998 15022 15099 2090 17460 20730 368 10750 27892 29085 11475 15447 5831 20289 27418 8941 14132 21702 8709 7623 7639 19597 30563 7234 18822 29762 27607 5468 7105 32472 10085 13609 17461 27674 14961 14953 13410 3403 15424 16194 1007 15381 13482 11467 15790 12248 16286 24952 28569 10722 27170 24354 20193 20127 7069 25339 7413 19876 15554 15368 10871 20322 18942 13197 2632 27492 10488 10420 18829 19167 15930 11075 32664 30915 13543 12255 14584 4351 14536 23486 9467 18539 27648 8414 12746 16978 21303 16748 18226 22335 6884 4689 28069 10482 30417 27996 27201 4260 28079 20808 21206 18561 10360 27784 18107 24612 26275 15844 6674 29210 29291 31930 15912 16602 8423 28329 2020 5102 2486 10387 9489 5610 15074 31205 20542 3798 18090 4547 28391 10751 7843 3936 8063 
12112 27413 4363 15039 3101 31082 18920 21435 21815 28452 32275 22375 15665 29796 12764 18517 9479 13427 32526 26683 31516 14702 25568 14232 9602 20205 29467 22269 26743 11909 10649 24390 2659 863 5005 26369 32329 11494 17608 11093 21800 2220 19023 4299 14003 1173 771 4856 25831 12248 17560 30002 26334 17905 13225 18913 21489 21791 21019 14340 1502 24654 444 11774 14930 16826 8178 21141 22021 5830 23068 23413 3733 4400 6199 13973 32603 30632 25990 27841 2176 1172 18637 8981 22886 14012 19498 10080 24258 26880 12817 8887 13961 18797 23252 26952 15265 24302 3960 4079 29760 14522 5032 6290 31037 27074 20553 17631 23861 4254 920 11006 17002 28756 3854 8396 6175 16347 16118 25690 26985 26161 13351 20843 26763 26779 20257 27015 21225 15379 11139 6544 9974 6543 27368 18808 17501 11342 7747 20655 29399 23267 28387 8281 22952 17225 10866 23141 24070 1911 2161 20528 22437 28584 1209 15590 16154 12828 22619 5034 3419 11528 21557 30502 4361 32721 30879 29944 31274 9322 3002 19708 3260 30547 24781 24206 3148 32267 2960 5941 29195 25030 27658 30279 26149 9880 4969 21104 17409 24903 2834 22797 31095 21227 18400 30331 24096 16364 12800 27532 25989 18115 19794 18052 24695 11742 4365 16005 27626 12007 27757 29063 12353 31551 26975 23642 2226 23803 20492 19760 2680 21823 3002 3241 1806 21749 860 1330 32689 29390 25875 1366 11889 11468 29285 30003 32405 17030 28886 5959 16691 16568 10593 29584 29318 24285 19733 13076 29806 29229 30908 14011 22293 10427 30743 25841 30488 1449 11560 13548 9992 3615 11112 31930 16234 14386 5399 20132 7094 13229 11289 17375 8930 1476 8538 32258 9236 22915 7050 16427 3929 20097 3766 24253 25330 20716 10894 11229 9303 126 31363 22077 17648 27635 17983 27404 7539 12122 18368 31374 24465 5702 9523 22698 20971 18868 24163 23694 32409 1099 13663 29864 4578 216 14464 30722 6510 14466 26558 32562 6639 20988 2243 24203 25741 7858 25614 185 2745 11196 14969 32298 14635 18626 21172 23735 21255 20074 11816 29849 31593 6507 26 1184 30963 17220 7859 23419 6194 31274 20455 4893 6951 24491 29125 20103 14108 21571 19886 13796 328 13281 28511 6950 13047 26470 14336 2286 23488 25306 4787 9196 30936 17622 9790 6225 6292 31060 19040 30731 17840 24958 18586 15360 30821 27921 18862 28778 24107 18479 20432 22304 577 6193 13341 12326 24430 8171 21455 17208 
2672 19440 136 25029 7977 17298 32068 25801 23324 22076 29775 30973 15547 12047 4714 28361 2641 18395 18898 23805 13910 11625 20125 31002 3438 19419 7670 25962 20562 14780 12204 5045 20010 3070 23061 12478 4485 2338 12723 25536 1112 223 27913 17105 14806 28662 11001 14839 9927 20385 25191 14541 11058 31666 15847 8723 18759 27380 20646 18820 31025 17407 8596 19335 14359 17349 11948 25567 23061 7130 8378 1291 21879 21543 22508 6755 12528 17424 9989 25055 14884 32446 14385 28802 4799 10091 17100 20226 9600 13459 6591 18689 16778 17314 28829 14396 8144 14188 11034 23322 17830 27252 6412 23253 19788 22032 2016 25737 26449 22809 25914 28146 25007 17028 1994 5366 29908 12483 24261 31248 8453 30769 2993 15121 16734 9398 14648 1273 18165 16416 7606 24812 7240 31665 558 9187 26261 27835 30236 19124 10965 12015 19372 12471 17783 31267 5616 21058 32315 26519 10886 4152 12547 23463 2343 12573 19554 8597 3707 29405 20860 3951 25278 29293 29140 19394 5342 22162 5233 9557 23950 31479 4080 705 17417 13534 6314 740 13173 6418 7416 20847 6992 1810 7636 25066 7124 27224 30247 27439 5248 8302 7852 27866 27550 704 14671 26164 29440 31496 1776 315 8232 7785 19365 9027 30604 27463 21006 10667 7314 6616 20949 11652 25701 2703 10026 27168 31539 31094 16429 20495 9874 15604 4790 18158 3780 31155 26827 19316 29143 18535 24720 1182 2339 27006 21876 27342 24488 8569 6443 3805 22177 12767 20236 28223 29366 11970 3875 10802 8638 27166 31005 26396 27635 2921 29593 4993 7125 29308 23075 10777 3661 4537 7293 2869 29353 29320 13184 1821 19526 9073 16044 2197 24452 19466 21365 27388 21278 19513 22895 24823 2852 12413 6722 10252 9871 3673 16061 18839 30299 32580 24117 27903 11541 28371 7184 9864 9131 19562 26086 8080 27004 15581 20014 12518 5227 10407 24429 27933 12666 23950 18847 19011 5269 15510 29608 8041 14989 7303 9057 22460 28917 21745 14418 4160 15864 27389 7964 22376 4116 19584 26020 13831 28743 15015 13599 25914 4278 16124 666 6892 19345 1489 4617 30475 965 2109 9138 6559 4552 3859 1214 25365 22016 8168 5193 31710 27624 7794 29795 8634 30389 15609 22441 8759 8383 32562 29136 30755 31480 3882 27129 14926 28680 27703 13770 2430 22124 4717 871 28168 11555 22460 26711 26288 12506 28493 24256 3582 30762 26032 3163 2582 16862 32442 3229 14084 11740 17980 
28537 19156 13641 6510 32005 10171 5064 6277 23095 29876 12875 17142 13539 30969 21590 25390 20830 14843 26673 9068 17372 19302 4018 28871 25165 32353 3535 30197 17493 1691 9081 23434 27151 22284 31451 5635 16730 27195 254 23150 18532 15333 26615 24596 31497 12171 20575 10960 7089 30315 30346 15348 17182 21769 21545 16294 26903 17414 40 18756 5201 7866 20958 18109 1837 10349 21764 18696 18780 2910 2245 32579 31948 25947 442 13298 2493 19381 23484 20920 18303 2465 11675 23275 25686 23363 16115 23218 18115 17947 26680 14233 26026 7313 29387 21100 1807 17032 29204 22166 21819 20425 27518 16020 12254 2276 25670 24569 18580 2913 2732 1359 10620 7407 24643 5175 23021 16320 11263 10433 15192 16646 8349 20394 32050 11959 18991 24923 21416 32329 15881 30622 9419 22678 15047 28602 29900 25992 2051 28718 5680 23782 8156 9291 8453 15648 290 25217 2276 14410 11261 17365 31991 5161 16308 1112 16785 7015 4502 31361 4663 18684 20317 13314 18296 3346 31188 12713 10407 15332 6610 20177 32418 749 2862 1773 20764 15455 20698 3871 4986 6847 15572 3768 8066 24938 27876 25832 13137 32767 719 25561 26003 28265 20881 23452 5495 6544 392 29838 28809 28746 28501 3837 28246 21283 17343 31981 13190 23077 16859 19091 1568 22676 11260 9180 5939 12497 24593 21324 16896 14473 51 17346 25564 23392 10047 31947 10646 21324 18677 2481 30240 30528 13775 21131 23956 32190 19777 7284 2851 3139 14796 26214 2517 32636 22935 5246 30262 6210 12665 14941 1697 13937 14465 9139 7166 6446 8504 8321 8839 5917 30854 4114 25022 1361 24649 91 9018 1732 12445 5762 29887 26952 4097 1347 7452 29368 12747 18307 25524 17742 4255 4175 6587 24661 30973 28003 1021 25444 9058 28667 32158 15737 25416 17602 32510 23378 8590 25692 17145 6120 29492 7441 26693 32740 31578 28044 30960 28477 14565 26337 25394 1677 9857 6326 16725 3189 6016 28678 13682 25671 7765 27588 17773 32148 28479 31664 29304 19860 10211 16879 5677 31325 6845 18668 27119 846 11317 15240 11281 3718 29796 26726 7568 16813 2542 18542 18282 30490 16194 26890 26849 24928 23705 27109 204 18242 14340 4442 29460 25367 27636 20980 2067 20915 10129 5441 3847 1195 2591 16293 31884 5509 31141 29217 28810 23258 25979 708 25885 21070 30948 16650 21887 2326 7435 6657 1008 13671 23401 15324 30765 3354 25000 24450 7341 26913 13054 1585 
22184 12680 15321 27656 17646 1542 29559 30229 10703 22076 25485 3776 22415 18594 10524 18525 1824 20238 12871 9111 7388 13498 22371 16686 15009 24517 26512 27037 17167 11492 25406 18618 28490 23987 25418 13734 4674 19178 31817 3140 7869 449 9974 22101 25891 7868 11531 23851 9694 18904 15333 23805 25269 20082 21309 21836 29550 10886 28297 3090 15466 5917 20854 26329 31109 22657 1662 18899 17096 29754 6190 11132 14618 22628 24602 10919 16506 30353 12668 24368 4065 18229 14438 8289 18970 25208 22350 9518 3667 5693 9152 12297 28434 2405 14674 3738 6298 9905 32002 20398 15387 28267 17538 9463 9847 11145 12571 25159 14356 24716 10462 4844 14205 27231 17630 12272 2051 17990 13721 1724 4918 4402 20362 14834 28509 9888 22527 27201 22199 30945 12201 1809 8444 6248 26608 1485 761 15146 3375 16737 18944 26786 13323 10888 24973 5881 10684 27398 10205 6784 9985 4795 79 30226 11649 13167 28439 8001 19933 14574 22294 12043 20128 8205 10544 24805 11616 19709 30323 21804 8589 29813 2782 13628 3534 29055 27208 2958 28244 15219 3265 2317 31118 22903 21455 15352 5344 5762 14031 31854 5475 6025 2898 4311 4098 18182 10818 9616 8712 27808 12141 13414 19337 31832 32125 714 27005 32185 18381 7906 24827 24181 24113 22635 27022 18649 6818 10415 13853 29575 8870 10784 9513 20258 11802 13342 26175 7236 9895 32339 10526 1978 27739 18602 12007 827 24911 30592 3098 13790 32160 21502 22482 21825 10609 6942 18002 31616 21234 360 16603 32683 22152 20920 13953 24069 11472 2377 19285 17273 21840 6782 3194 15942 7212 31158 11064 16698 15702 443 25856 30433 8807 11462 11570 15837 2629 20615 8019 28755 13621 25861 4003 23226 24355 25991 4139 6572 31397 29788 2564 28582 27764 21897 30240 31399 10339 16608 7396 23960 17873 14582 20474 24720 3557 4434 9696 2811 15011 301 15721 28106 20817 25280 10164 10751 17592 32763 5456 12584 25531 14060 23371 18469 23884 3457 8058 31338 4246 16109 9756 16364 28842 5589 2326 8389 26674 10950 17682 28461 13620 29615 19641 19802 18995 29957 6569 4082 3685 29620 10925 5277 26234 6840 1404 930 1444 32360 5847 10441 29616 7382 1570 14813 32282 21983 15909 11557 4234 9766 30461 21660 8921 2833 11348 14306 6806 8462 29953 2444 28625 4036 5130 16131 14475 27737 13952 17594 153 9197 9807 22246 17079 22962 32520 6434 15397 19681 25143 14758 
24252 25623 12648 20353 12664 30190 7143 5071 32571 31843 25689 426 26560 4927 24256 721 4509 11353 31304 21367 24501 3497 6484 28829 17458 22562 17739 16735 23154 9194 23775 21793 18725 23858 8347 398 19935 643 30884 23135 17020 5097 12570 29526 20105 31861 28954 10739 9936 22180 19862 1658 12375 11952 19590 27398 15464 26728 18622 3092 3970 6472 20448 6260 19588 12249 18372 21040 2591 14301 14183 28155 735 24446 3505 31580 13225 26727 8901 8879 31806 18643 5176 31006 19610 14879 5449 31595 2553 10735 9071 21369 31820 22770 9533 4211 7021 7625 12857 15797 31066 12630 20816 3035 26016 21012 10213 30564 9699 22902 32 24640 27429 26032 32385 18240 23058 18171 30402 15925 16080 8054 1196 26298 18863 26634 2375 21504 4951 12084 19126 28781 7638 15925 20258 2324 27149 6092 5972 281 1987 27567 32669 24544 11072 24574 3937 5483 25038 13462 5097 29479 31512 31236 25755 21018 6959 25034 23021 32084 23407 14873 26761 14454 7834 26590 1386 5422 30913 31977 29442 18402 23100 16592 15222 8929 18115 14995 24150 14672 2615 6693 26545 9597 24021 10682 8904 5330 28306 19621 25372 30929 3266 32419 29401 5578 15297 6882 24493 22513 9683 5429 8530 29711 7039 15854 9240 29050 5017 6819 25190 17373 22718 8078 14946 7993 15582 14105 31948 28707 3207 17049 26093 30537 20995 24351 20203 23730 1845 16295 22608 29327 8737 13999 24594 23574 23917 4567 10898 29193 30877 18666 15362 357 21072 152 25251 4496 29508 19752 13629 14144 30264 2108 27684 9299 28634 8667 3766 24275 29661 2359 11321 12116 30559 11884 32355 3384 5651 32458 15621 28777 21397 20305 24557 5997 20952 27670 20399 19978 24787 24730 14026 7842 30041 18900 29466 26908 17500 18264 12572 17000 13195 10014 17939 30181 15601 29798 5361 13591 18100 23335 30032 6899 29333 18053 14494 26955 3205 26849 5707 5099 2668 17770 14674 9895 31187 19128 23666 19854 21366 19492 22611 27450 27807 30131 21844 14227 4828 2061 30793 7088 8084 32460 12287 7367 133 3486 16189 11212 6379 16862 18734 9550 4678 12520 25081 28547 25353 19905 16914 26064 27046 27689 12283 12544 27257 25419 16195 27554 27349 3803 9891 5839 22150 299 3752 11719 2048 18454 24517 14620 11821 28703 12107 28368 30441 7501 29010 4951 3862 9469 14504 10577 31325 17375 24052 23839 22152 2983 8181 7269 15114 20319 27530 9641 9055 10693 23946 15068 
20090 6789 14823 22686 18241 19438 19590 14210 25102 25921 18111 28204 26514 5261 17783 4481 24647 12540 6673 957 25833 19586 24063 13276 28464 15304 23556 22642 15926 7849 12583 17247 31897 30096 10626 9655 19036 32386 18112 5209 27306 3445 25021 4757 6800 16975 17882 32074 20308 23385 26621 10431 10798 27067 12952 5306 8416 21862 11274 32084 7524 367 20729 27104 28821 32625 18926 1685 30000 22632 29688 4064 9250 29595 7300 22881 19693 16976 5351 22541 9238 13401 31636 7365 16403 4918 401 17363 6232 28278 23434 20126 5152 25227 18432 3548 30915 22130 18435 6453 1772 19288 32434 22150 32386 3339 17527 13342 13759 2070 3577 20730 226 16670 25531 10526 13261 10098 14550 27015 21050 30958 22068 18395 11107 25085 14163 14852 11360 20125 25067 12861 20180 27476 11232 14851 21457 30218 14264 18014 2889 9273 3924 650 25280 26900 23955 25694 5820 18559 19065 22395 10617 27335 19986 23137 12965 14411 25638 31336 8860 7213 20752 32272 11293 21047 18846 13365 2584 201 4986 27754 8007 22004 609 25710 27846 4332 28323 26853 27469 28419 431 26465 10263 28992 16998 23996 20480 26188 909 9633 28470 23528 30500 29664 6625 13335 1570 29735 25571 14531 13665 32296 14143 20453 18185 28509 27333 4823 17877 1575 27424 29428 12034 983 23125 18930 61 7836 25395 23768 22051 30744 6986 6445 3484 21257 17260 8043 29175 16647 9380 20658 13038 21520 7488 22839 19748 26841 17487 20982 17270 27493 3733 23940 15417 28996 30767 26976 26232 28968 21789 26589 27106 20415 10916 24412 12812 11334 30314 17021 14287 30990 17562 28791 10523 7035 14599 26329 19677 6128 28918 25701 16425 26249 16014 1933 9605 5188 12538 29964 28424 24691 13253 8404 2308 11674 12924 10687 225 11410 3987 15903 7705 26313 3867 10286 7948 19062 745 16268 685 26751 32728 24846 22913 26573 20013 32351 29637 9985 31673 21715 9036 9435 1908 32283 16117 3821 7948 23658 2359 25368 21328 7863 3963 20278 3218 16394 6800 17701 14377 12455 30328 26751 16785 10348 17878 23370 21537 9568 21322 27566 5440 20311 18815 18953 12189 28759 17715 13140 27849 7234 14772 16252 16046 4612 20615 9700 30292 26415 17228 22412 24878 22477 12804 10854 4600 10113 21074 8390 11019 16208 25619 14069 8726 2188 441 23155 5075 9797 2969 6793 23358 25103 6298 32255 22910 7347 26182 17898 2528 17687 29309 23870 7565 20496 5471 28496 
17978 12193 10270 20375 21432 11593 32177 32281 19690 27630 26033 2598 19715 24563 21884 28800 12132 18160 19995 2576 3828 10503 13101 13671 20874 30214 20948 31249 24620 10488 2988 22236 7207 425 27400 13293 227 6987 13188 302 12415 28023 7975 29124 30917 5687 8403 4269 4469 23217 8250 5195 108 5104 5963 21055 3512 31827 27752 12151 1509 12815 13017 30629 18765 30399 21880 15553 6288 26736 19419 16516 27058 24859 17978 23464 7548 21828 459 22445 11686 2891 30505 17631 17463 24321 17942 7129 14266 18072 5489 20550 19587 19450 2829 17426 17252 3719 22477 5794 22178 25228 13690 18310 20350 27112 19704 30155 1514 26617 15504 13159 28759 15729 30353 27832 2292 11120 31777 29638 9347 21326 15479 25185 7625 6934 7249 31842 23399 22646 14645 26170 19674 10442 20436 25230 17062 30603 16689 13216 20033 2786 26328 7891 31475 14469 11657 26082 21473 596 17346 18714 575 14516 31860 3235 31595 4210 24571 13465 16745 11949 1774 31222 3888 15666 20895 25868 18113 16404 5698 22858 16323 18481 5274 13770 20847 27552 17453 6647 10441 27980 29372 9554 18814 6639 3536 22674 27952 22913 4902 25654 9885 14688 17941 4125 23622 3148 17913 607 29437 3652 9258 13127 13891 14180 9946 5042 1797 25511 29333 6540 3461 3701 14217 13228 6852 11951 27935 18699 17830 7914 5794 14941 1955 13097 7522 22002 29112 10084 20948 4848 18108 8958 16438 20381 7060 23011 28739 29990 31576 10122 1309 11951 5830 22749 14145 8887 17113 28842 26986 25634 32338 8011 8883 8065 11133 4158 24616 12560 13232 7547 3493 27462 6240 18705 10400 23869 31985 31299 26837 10081 27244 7520 112 30293 30130 24954 16889 20371 32639 20102 5779 23131 386 108 29572 16969 26803 8091 21830 26863 11590 18191 7319 8736 6450 22668 31838 6142 26810 3266 15733 26836 29536 8766 5537 23713 11153 13166 14490 11376 1536 9652 6794 8238 23520 688 9561 17108 21696 26457 5960 1124 5155 15898 12426 3989 9166 17732 3381 28254 29092 7756 1803 3361 9993 31696 4535 15273 11606 26668 19038 13017 21375 21476 24588 20385 10704 1944 17657 14738 29008 689 26961 23158 6772 23438 4890 25339 5336 11947 12439 29196 21048 28852 25193 19901 23317 32632 11914 8704 30993 10653 20132 12475 15060 7960 1606 27461 24614 27007 4526 10052 3646 29627 4999 26391 21757 32128 10202 8774 26414 7096 23671 17579 7036 9402 19033 27980 
14428 605 32510 1767 14416 21218 2366 6322 22741 1715 2333 1558 21808 221 23949 12370 20832 9431 13745 31412 17928 13178 1048 27750 27262 9272 22178 7558 11752 20444 32230 7332 7422 29237 15104 19952 5830 21444 7668 9934 29931 8350 4450 20164 6055 16793 2362 31064 11960 9157 31039 18053 21575 18787 28496 8529 22339 8874 23681 2584 8980 5291 7557 14461 15705 2219 18597 19859 16558 27668 29952 14042 4243 11448 21079 6294 21928 26624 3895 17471 21313 9773 16440 10940 31635 13970 20403 27662 3756 12288 2308 10323 4034 5940 27645 19725 12669 6373 15972 4377 18992 11132 28629 183 29338 1848 24959 7238 31234 30184 15807 2940 25552 1417 31609 21399 29318 15307 2681 4878 8152 19864 24893 11580 12474 29636 22512 8556 29564 11883 21961 16961 16706 32612 31799 11345 23538 22464 13120 1980 10397 4674 3219 16712 13615 32307 26880 7105 13673 23622 15344 24848 642 4688 6264 9883 11867 23113 18202 20230 19463 30801 22324 16124 26314 6443 6267 8438 17410 10514 13533 32712 5749 25597 31850 5222 8201 20703 10872 6556 16908 21536 17517 23305 17084 12448 21594 23687 19152 3784 1949 238 17347 4793 25419 440 28613 9358 18196 27017 16803 20946 13943 3128 509 25297 19218 10572 16148 20366 5736 7820 6161 14491 21476 14888 7251 8996 9191 24373 30282 16057 25323 6937 8962 2914 5523 26115 24223 562 1224 27600 3532 8363 27231 546 8116 12885 21538 113 8710 31518 28757 72 16337 16578 4471 15748 2910 4 4833 10334 22661 31297 12755 5130 4884 10059 7321 9736 22165 6349 19727 4829 17521 17079 1861 4730 10432 22479 2716 24006 4976 7644 27878 22454 6802 14497 14494 28568 7778 17868 22445 19544 29206 6507 6426 26635 11151 17533 28844 5935 7241 4090 263 29819 32321 31113 12998 23082 9938 16185 21829 14363 23633 30218 19871 10008 13548 9344 9900 2019 4103 19964 9809 16290 14869 1764 25439 13252 31279 858 7121 18950 9944 4650 10006 31629 28626 10967 30898 4203 9533 683 11029 9178 10244 14607 9520 2188 28726 12647 509 28245 9371 2997 18148 21750 1289 19069 2461 11380 17941 13919 30145 5767 2339 17020 2482 7174 16643 15085 8846 18776 27138 15209 8139 29469 8153 26018 31106 21584 7511 15070 11290 10736 11463 25720 23900 14639 28797 15075 23129 15984 26739 22367 20259 20142 14579 9940 9071 19872 23614 31516 18728 15889 20795 28730 28256 19598 
29038 12248 14074 25223 5382 23075 29253 8152 20711 17017 9149 11037 11197 25824 16280 26158 6360 10773 20494 29113 7248 18318 17650 14797 3138 19954 16646 25340 27026 2036 29908 11294 30574 9199 1328 1264 16913 7242 27198 24619 24415 6431 28028 21256 15891 4701 12740 12919 822 22744 6649 7153 4159 25135 7173 28211 7224 13129 4711 12683 524 202 17234 29408 3454 6219 1776 22584 8701 3378 18268 4025 16530 12179 6701 26298 8716 10653 10343 1829 15429 29959 12306 11622 18585 18377 1358 31789 6818 9807 16771 5660 30677 30708 22431 11434 6614 31578 18067 25405 8645 30143 3087 20876 13909 13645 17758 17092 29302 5579 29413 11127 15292 28390 11005 4809 11663 1380 32120 32460 8361 12657 26957 26055 31107 25972 10094 10926 12415 29956 9278 12521 6300 3820 2522 10581 16234 8479 23792 32339 5006 20254 17000 4203 24886 21261 9178 27548 5355 19494 15915 1610 4139 3674 494 21683 30101 27288 14665 27557 27548 24829 21653 14816 22098 8809 3954 26544 27201 10237 9171 28130 15695 7517 2562 18203 27402 4350 27624 18982 29675 22659 28079 1602 15086 14372 1547 25549 29310 25730 26424 8844 17242 21880 564 30918 31337 7193 6123 21257 24348 20343 15522 19137 21157 23274 3100 911 18534 13729 22788 21062 7741 31171 19751 7708 14136 32078 14878 12253 3537 17549 27763 11462 2516 12854 303 12666 28490 1186 111 8125 26560 16515 12853 15828 30977 9131 4408 27943 23099 25536 17052 19799 31636 22282 20806 19296 24658 11545 102 20645 17246 10479 16678 17507 7698 24236 57 27128 14233 23925 16565 28994 27738 21589 27605 22186 16051 23394 2320 17970 31106 5183 17392 8379 18485 9234 14837 11479 2567 24076 15522 25894 17979 29414 19269 16629 12637 31175 28020 20968 19011 31005 31485 30624 29572 27253 3993 25694 1484 27642 8461 23683 4683 25551 4478 2608 15463 6922 15313 5456 20364 27449 5853 16261 10222 11008 29884 1470 4201 10398 21499 20628 22809 6165 15702 1331 14937 21470 4856 7279 13714 8352 28047 29510 21692 18791 5564 16980 17610 1303 13066 20486 4208 14673 513 22873 31634 1373 30217 7067 14620 23616 29840 23339 23916 1077 25296 20338 17935 4403 17659 31302 12261 18422 12037 24636 17020 829 22229 24250 8760 16333 28114 24957 2478 29398 13699 800 3289 12862 23165 12516 24314 20394 15687 18224 397 14394 22373 21969 16840 23668 5279 28658 22734 3976 3853 28133 
16120 10294 20310 2166 30759 24649 10581 16577 10303 32237 22095 16360 22343 27144 4351 4023 6213 9799 19379 18154 5550 9598 16077 22178 15881 2498 3291 31211 13631 7347 21317 11502 6778 5012 24656 25197 18490 5507 13387 4688 6390 22049 3763 8544 12404 8205 21727 8394 12879 21733 31523 24985 25868 24799 10539 21628 12267 15855 1475 15733 13000 24733 19345 376 12210 7004 7345 1253 29798 31310 7595 2314 16560 6074 16878 13819 22038 20705 16659 12241 13467 27366 30739 16897 29603 3390 22574 4716 9982 21424 23534 29181 12824 14723 21198 20187 692 31685 15429 8211 7893 32503 4820 18660 2302 694 1589 340 14342 3836 31571 15928 9587 32238 28852 2062 22377 19486 12124 18197 6430 32472 27172 21544 6074 17494 9141 17988 14270 29281 8875 26140 32040 4579 9962 10969 16019 21109 32341 32637 30585 611 1352 244 20049 511 16332 21183 831 7724 8188 21987 22016 13689 21156 21362 4456 39 23505 19504 30176 8089 15784 28671 14181 19617 16735 2177 6436 16523 4223 6146 25372 8654 9499 23004 18758 8556 18047 20085 29784 25161 15148 3132 15807 28601 11765 8338 5204 28700 26544 615 23018 250 16348 7263 14366 22165 18999 13757 1384 18407 5156 11535 27166 25087 2750 29572 20357 20061 9782 4629 7661 27024 18572 26469 19935 22071 23303 19463 6626 26571 14348 11724 1948 18186 2181 30718 20953 516 6859 30883 3778 22116 7555 7920 7004 11846 30225 17968 29045 27711 17453 26437 14642 23149 22788 6482 10641 7984 20271 28761 3738 17075 28334 4055 11238 9236 55 29195 10281 17159 17131 28812 8311 3933 6980 7394 11560 9334 20219 31549 22203 7650 9805 18381 7155 3982 22756 26559 18830 25263 3302 18944 788 23419 15105 4309 15788 12797 3728 17376 2116 17986 16087 28597 30879 281 11858 8444 10903 30877 10869 14523 12407 19942 10274 25120 6295 2255 5901 98 29226 8854 6590 6481 17786 30912 20475 28427 24139 10730 17381 8214 22143 7098 14086 19818 30087 28122 6076 8023 29516 32311 30332 14893 10278 4393 7950 23072 32386 5089 15205 22684 9576 17931 27568 14322 23773 6250 24684 21493 11493 6970 20056 25410 7370 24959 28631 30675 23108 19271 14775 18229 28269 3006 13828 22359 29085 5777 23135 29403 24684 11674 10971 32610 20231 1338 30702 29863 28017 4607 10926 8901 20027 21568 27747 29015 30447 32117 23390 5762 2403 3167 31718 22370 10334 18699 1254 17679 
29107 21255 28212 7510 5746 27480 5467 569 11517 14625 21033 7213 29541 5249 26846 3633 22720 15819 29785 22245 12272 16301 10626 20482 14064 2405 16922 19059 6624 1699 12843 11318 3752 2562 15367 18351 2184 6583 29769 12872 21153 23023 29522 23570 30112 15813 23155 11991 30210 27561 4529 32193 10724 6390 14036 2115 31246 513 9909 12447 5120 2020 4030 28584 13671 25889 32593 420 12713 2526 8758 2602 3253 15843 15104 22833 24067 17883 27310 1796 2859 14889 21433 31756 21970 26269 7819 10790 9165 16795 3689 18114 30687 32116 31281 29343 29600 25802 2238 4121 7625 4537 14545 16943 12397 21052 5337 12388 16047 20571 23503 16173 9776 4664 6016 14653 28338 19961 29367 12212 22442 31014 27704 21670 19979 30292 510 31255 24731 30238 6371 18291 5807 28625 29650 30677 23109 32331 4323 1909 19680 1477 3510 10314 7358 13480 31597 23331 21263 4564 25055 24505 29847 19874 738 23143 2745 30807 3684 29474 17452 31388 31547 19508 565 4347 23202 22981 6518 9348 7218 3237 15762 15936 3117 3691 8349 5675 4342 15402 3813 30311 8845 15907 19976 11996 9152 12539 11288 5649 29079 22054 8716 26195 18033 28373 28423 10852 26671 12597 32161 24591 17974 22793 30789 542 19941 16847 13585 30448 25304 24872 21071 15843 5223 7407 31135 24485 23287 13635 12221 24973 9450 7962 32435 29134 4943 10464 15270 30346 22929 3691 22215 31976 13581 10767 2017 3359 6242 18937 15856 28694 9506 30326 8541 20913 29195 12480 27815 6093 19750 11605 29575 30495 3751 14065 32137 8398 5515 9838 19487 13921 8120 25647 1495 18840 10267 9955 8653 7769 10139 12607 32503 6398 10972 26768 14461 26200 11143 599 12255 32729 12185 26325 13753 19366 21635 18693 32575 6746 32281 14491 5723 19643 31681 24692 9974 28213 18130 31606 17133 12209 17198 10113 12299 26358 9746 19904 31463 10295 26319 11952 26676 24026 20435 14347 12859 25159 425 127 11468 23317 24829 30665 9600 21039 26209 2141 17037 26397 16651 5443 5462 10170 11335 19970 10706 17525 3236 6765 1149 22000 6824 22079 11186 21359 17834 30507 998 9272 3227 5839 24450 30279 9604 12589 25692 8700 28016 18958 6624 15509 29340 27598 1467 31038 17816 5470 14804 21478 13928 3089 15967 11797 24328 31629 28240 2282 8742 15798 19387 18287 3745 7426 27489 19511 1833 8008 29111 5587 24268 9162 23365 28843 18472 15500 7274 4301 5865 10133 
14069 16060 15345 5124 4891 1494 24812 21411 20266 5535 18499 16220 16366 11835 14195 21109 10536 15139 29294 27204 12637 16245 19793 23020 29634 18011 1994 16412 21547 5662 27163 7381 6914 2345 2196 16428 3351 23950 25498 29219 510 7543 32624 11739 1734 22229 24648 25818 24796 364 21313 31298 16486 24275 13183 11832 12317 27019 21973 24670 17147 24069 23814 13854 22152 24751 10874 30923 7264 4641 8437 22123 19168 25567 21665 25233 17414 13206 13469 26139 1377 26459 23853 31715 21455 30144 27259 16048 10760 18479 25397 9622 15278 12502 14577 9062 5665 20519 23996 4683 461 110 2228 28442 5617 5468 16966 27689 4424 25531 26306 2089 23167 482 28970 29943 17203 29603 2699 27294 16044 30319 21648 13 5438 22002 31521 27271 29480 7182 32466 13945 1297 25330 26870 30763 11735 15291 27752 25464 18989 31223 25853 2320 2529 2623 706 17203 355 19790 13314 20276 10226 30050 1206 18754 8796 10096 12710 8378 12110 15210 2278 9164 5548 10227 13424 26283 14746 28309 242 18280 22030 18920 22766 25941 23399 3823 26583 11166 28644 3419 7866 3357 24560 12899 25102 7634 10673 4242 1322 22226 27509 6571 9246 4830 9631 16306 26241 31111 1589 24135 22346 28962 9547 27617 29924 16713 24588 159 20677 13886 21648 7323 7529 10874 25304 27798 557 13405 16432 16471 28028 19280 4840 715 24934 6578 3166 7690 30206 9425 31604 10758 27411 19261 31594 27940 18596 7318 17689 31477 30580 14992 15682 12497 17234 32020 27283 11670 8342 1094 24605 10759 5216 10887 21945 10434 6035 32073 19522 30397 11689 10801 9998 1200 17762 27644 29595 30238 13843 14775 14867 13138 19 8777 32459 10638 12986 21872 17282 11943 15826 4704 32546 18758 15433 22865 12293 1717 21159 21847 15162 20879 18050 21104 31016 3387 23925 3802 8616 26125 12928 16831 8380 7909 19403 17197 16603 11216 1903 3273 17319 10648 21211 32603 5327 30008 17977 21122 4828 32114 22955 12514 3924 6117 4068 3357 30441 30440 29054 5408 18659 9485 7020 20406 32539 20711 12883 11007 8173 3376 27975 14671 13270 20506 3546 18347 27028 13811 2839 28576 31447 15012 28187 31542 23645 8304 25084 6537 13299 11678 15724 1036 8845 31725 15167 22443 2725 31088 6918 7923 20742 12329 28032 16664 24645 4733 19866 12542 3184 2227 29835 2405 19122 5286 19605 33 31203 13631 32007 18645 25648 17331 7572 10071 27917 22793 3826 30126 
2329 30466 28146 2642 20885 22174 24973 17883 329 9204 6093 17227 26563 8542 854 24959 21516 20615 17419 22707 26204 3549 23063 9282 111 27116 27855 20473 3698 4502 19822 27118 29279 30984 13050 4793 23690 10801 9289 6471 32003 4074 20541 5509 22535 23906 507 16462 30486 17755 17925 8701 10401 9330 27911 15539 10099 19961 11189 1892 25589 9326 6317 2801 1214 23107 27066 2322 24849 26747 6371 31965 1156 16195 14298 15302 7758 25713 9222 8086 21121 3665 21152 23384 1498 19961 23860 30157 25201 25481 25204 24704 16345 13945 13058 10043 32763 25089 22007 14457 2397 18164 12193 31671 13689 24686 8023 11524 23112 28980 3539 20345 8661 5266 15465 22443 10739 23376 5771 21328 9813 9865 3026 31231 14073 3882 30261 27055 18886 3528 9257 9375 10377 5825 13761 3022 14939 19215 30188 27541 17043 7888 19050 6418 9669 16164 3833 7020 28400 19392 2508 5695 27015 26340 7108 18112 20210 8764 28598 30336 3430 6564 899 16956 3504 18713 26758 29388 23587 30010 3813 18704 5776 652 29114 3591 14955 13272 28342 1880 2102 12967 12439 26384 20736 31566 2660 1598 5030 28114 16370 16696 7424 8901 22448 537 2253 10952 15490 6931 11215 24891 31760 7566 14466 27856 3372 23609 18012 5549 1549 14840 22329 26322 22048 29644 21306 18592 10503 30909 3493 3158 22512 17199 741 30898 18988 12376 23219 6457 4972 21045 28358 16081 31329 1793 14045 855 14996 11391 19740 12626 22372 16664 14949 19979 8342 31548 4301 3824 9722 3909 6895 13938 12843 15616 7721 7297 29905 25141 22164 22160 29167 16868 27353 6435 12741 27331 30468 29211 15378 27716 4712 13275 24167 1595 14476 8161 9130 10566 10956 11655 4479 11233 21809 21112 1568 15881 32476 21685 6059 3062 18828 23056 22223 26192 18507 31180 31764 23803 5903 22797 1773 1174 5197 9423 31990 13628 30485 24080 13233 1514 6931 714 14717 13207 22334 30594 19540 29395 18001 4955 9598 7597 22143 10951 12642 5931 22315 3019 4149 19318 7343 25185 7682 2677 1056 30753 24748 8336 14586 10029 11193 28533 13454 10728 22959 20694 9181 7080 30819 12250 27512 1531 31650 6225 22733 31847 3917 11413 7453 19297 17341 23054 26267 25537 3732 21623 32068 21999 3651 3637 18114 28707 8994 26668 12157 29226 6870 25028 23867 6475 31264 2255 7964 18915 8895 28402 28072 25704 11237 12689 6790 29205 11984 30821 28275 24901 32699 8550 
6499 15679 19685 3971 29125 30394 4783 28313 22650 4962 18658 12138 6928 9452 5684 30134 5815 10164 10441 18112 12873 4188 16885 5695 10700 19929 27620 8124 24066 14224 18285 2775 2887 7564 13787 27561 5170 2700 13503 13226 24626 5939 6768 17031 16491 19319 9204 25032 18782 2145 14086 28971 31488 722 8036 4062 6094 6810 3603 4843 9430 31287 26442 4463 4715 4101 21860 7242 8835 4592 2555 11516 25396 20962 2061 5850 4810 21135 9193 11224 7686 17450 20685 24762 32323 18185 30317 13185 20919 26078 27942 29695 27243 51 23982 15350 27125 12790 15818 29011 10834 365 11757 6370 15683 10693 7830 19510 1237 27390 27511 27526 28295 26289 26891 2015 4606 5902 29444 26384 27122 29083 5991 27825 26526 13218 10845 13949 20067 27939 334 25974 10206 14520 82 27876 23190 32610 27765 20338 31366 4382 24307 28941 22871 7921 25600 1426 7683 26110 2894 4813 3752 13742 15738 8565 18222 19449 29525 29428 22477 22046 10990 16380 27476 10062 26163 66 11865 20841 13739 13000 20641 27646 11006 3317 22666 19827 26230 14598 10015 12469 20895 32022 12332 7230 14632 12760 5718 843 12137 28088 5844 25795 3895 31554 29530 26178 20976 18635 5061 21190 21555 24517 25592 17069 9056 23850 6955 11162 25116 27914 1119 10400 10436 11248 9541 24923 4246 944 6309 5591 28339 11177 530 3809 32704 12582 13016 14881 20815 26132 16891 15894 22662 10083 10782 14951 30088 16750 20932 5724 30977 13130 17292 2775 2099 15883 8637 16142 26678 6348 25970 486 17615 10337 27080 9044 31984 4012 21246 9474 16446 1267 9193 25427 20303 31566 27387 20171 22551 32308 9133 29920 25573 6721 13468 17103 29355 31469 11581 24956 8498 3159 19773 2422 13691 8657 5577 338 9627 10319 23731 26050 11110 30001 11211 26212 26653 14425 6774 25255 28280 18667 25006 28879 30498 9867 18 30144 7293 31406 13279 20944 20146 23630 24258 9856 15806 21638 3146 13736 5449 20606 1667 15197 9828 27313 1477 25026 28264 9584 17010 13169 27711 9354 3611 27565 21367 10969 11127 27378 10567 5632 17612 8492 20541 14851 29283 13364 9613 24654 20400 22332 6616 11472 29966 29001 24218 23337 24943 16489 23580 7412 7996 26998 5516 22966 8699 6829 17674 7758 15458 6140 14022 9377 8980 28624 19875 31994 15949 14627 17869 20101 12791 17957 13550 15571 8976 30210 220 24039 15586 26322 7020 15347 30486 15658 29405 31221 
25082 6828 29164 22439 3658 8089 13073 6220 17712 18982 13522 21662 6336 9980 8927 6526 6143 14509 23481 14722 2288 23625 12461 18966 27370 21737 21968 8679 30569 22170 31979 8494 28396 1587 13584 8930 14539 7751 21634 8684 6428 13296 29907 11297 26005 1867 9489 27906 4902 14953 12486 30960 3580 25655 17610 13050 30954 20821 11748 21805 2502 523 29290 6680 7314 30121 1020 14605 21794 14434 9072 25681 26830 7445 3977 31884 13400 21023 26753 17157 15871 7405 13895 7208 2660 23261 30296 28937 26327 24385 17459 26457 4160 9318 19515 570 9650 31320 16369 4681 13815 12526 12869 16626 30962 16606 10817 5019 5373 141 7442 1520 20892 30074 3256 26131 5246 25270 2699 15483 32222 6887 25758 23529 16365 8324 6401 28511 7353 27730 18599 10997 21861 29474 18684 15931 8235 28484 20397 4413 29133 1502 1002 25464 12268 7549 31778 12356 1102 28044 9000 31420 564 25823 24468 24969 27899 23094 5499 31184 12322 12679 1063 14140 1976 3133 27961 15965 1230 8437 13250 12128 13428 12811 22146 30946 23884 28933 29524 31602 15164 25797 23732 1948 11361 7681 25536 16503 20447 20970 24316 16952 1968 249 26317 6495 31820 32213 2196 14283 16247 26827 7809 30637 6976 21750 19850 7543 29584 20431 3728 5379 23274 817 25038 25805 13906 26961 6135 22059 17394 21866 29646 6840 19610 17167 11416 904 27775 12022 3804 14822 5956 5004 14265 24926 5071 15690 14365 18970 10345 14251 5584 2043 10407 21038 31503 13265 26993 10230 19340 17403 6171 9268 5133 21967 24265 28752 15611 4610 30576 28770 3411 30808 3717 27778 6405 8645 8768 3163 30362 22745 25932 26612 12677 2465 26558 15341 19749 21084 21747 27833 21789 20528 6172 545 4191 28013 21385 2630 3481 7463 26624 21251 32284 6449 7088 22466 4296 8499 19495 3855 1914 23822 1523 14077 16584 3170 20979 27571 27889 11202 11166 21818 28664 24838 31094 29222 28058 4911 294 25471 12742 4609 21100 29127 7393 30481 344 25050 8699 10442 24543 19270 12049 30453 29262 4659 32022 9271 20174 14242 22486 26541 4959 23400 23052 27483 8831 28416 25324 27301 18952 4381 13217 18184 27351 23618 27064 14085 29755 6283 24830 15864 17253 7517 16217 905 29574 16311 559 27012 8120 25599 14873 14793 21486 17674 10799 7131 25695 10104 18141 6776 3783 13698 10587 2883 23392 28923 5200 23724 31348 32705 30573 9974 5388 27529 13542 13045 
23197 32371 3894 25696 4501 16819 24978 2406 7418 28958 3597 7869 8573 16930 32675 29047 14591 16901 29779 28780 25491 29887 25214 10597 518 27243 22840 23674 29704 9508 23692 14645 19654 25865 9116 173 7347 20637 16816 6038 442 13115 19062 3629 9654 31472 5893 15770 253 30654 7120 9650 799 20204 29893 9970 30687 14261 10156 15932 19738 31546 6225 18384 7049 23098 7900 26903 18024 16827 4026 22828 2955 13657 18967 24655 31210 7182 4710 14291 1386 11942 25033 3581 26361 20255 20466 25480 1950 15178 309 3342 28225 9541 26361 19545 12986 30195 2396 10516 32725 14437 25738 7071 23964 14265 27092 5991 1841 12856 12959 30465 25001 3423 1181 1682 21997 183 9681 13245 4094 1113 22394 15643 16725 13236 30568 9971 21732 14845 23817 16764 11831 32374 27175 30654 9847 11136 2300 101 16751 12244 17992 29925 10324 21910 26170 16668 6755 6870 30301 11648 13645 26734 9390 12529 27801 3946 28328 27269 12939 24137 27727 22428 26319 32346 3875 26723 30056 480 8113 4883 14169 30883 32332 5213 25315 25621 5918 6190 394 517 25327 4586 2990 16532 525 10283 8943 29596 11975 18031 2982 26505 6002 5073 31614 26629 18348 18078 24771 28217 28202 27489 13409 29220 2674 8943 11064 26144 15694 30430 3294 2475 17119 12260 18182 21415 431 6801 15732 4705 23569 19320 24185 10463 5249 8291 7630 21186 4846 18459 19300 16646 3242 5190 28010 24360 10104 9792 27991 432 6338 27293 31272 25614 8360 26035 31678 17503 31450 29278 19281 21527 23484 9247 29988 14712 18585 792 9112 11787 25272 10983 5159 19233 8555 24850 16191 4598 2447 2895 4447 30857 2489 29530 11027 25848 819 27461 494 2847 6826 3023 2440 16966 17276 12216 25798 18907 21460 30552 30322 24788 22169 817 31744 32303 14841 816 23768 2717 1621 11757 12818 12847 22361 13043 2001 4693 10422 25372 9699 12013 26998 12879 14185 14227 29817 21344 2296 12609 17305 31352 31377 24342 14222 6493 8265 6976 32513 12598 19005 27836 14078 19102 23731 26381 6174 24717 16708 8370 27343 5116 20811 27570 19619 5284 29538 503 1040 28311 13999 20698 4063 26227 28663 19964 15999 5306 31029 20443 20559 3668 29512 73 6537 19449 19932 30385 30872 5322 28086 10545 3429 26793 11246 24643 20188 23313 24725 28825 30879 31866 29714 7410 3943 13577 13178 28039 14108 18237 12090 22120 27538 25459 14853 18190 23278 7509 
29586 7867 25395 13791 8697 26710 26200 1969 27168 376 4884 12147 25182 7867 23765 4992 15114 20333 9679 31563 31040 1926 16302 26619 27754 593 9130 19410 5839 15167 17236 9610 5843 46 16419 161 1338 11640 29383 27541 13700 1686 8419 23857 8466 16484 32214 13106 5483 15162 14427 25472 8044 22707 31919 12185 30464 16086 32501 17206 252 13936 16458 24591 20248 21123 24473 22808 32662 4665 12600 10077 24544 18881 7749 6114 28214 4304 4480 5484 16613 27634 28289 218 23209 24745 22134 5399 5947 24055 5366 11489 30394 6682 2585 24214 29696 6890 1449 8406 18143 21757 29367 29799 16332 21154 607 10745 30518 148 413 21137 12824 5653 21930 2644 6304 12603 19457 4817 6373 9116 12463 2400 10136 20570 28488 1645 9131 20326 31848 8547 15683 10259 31856 13019 10456 19182 5660 4059 3679 64 22505 6137 29502 4441 10319 29116 22948 2378 20999 25323 14528 31126 13939 7465 21576 22336 27817 30852 9168 17342 26640 19044 18252 25751 31544 25682 3136 17429 22157 11571 521 29653 28441 8272 6340 20599 7214 20989 370 16652 19657 32094 14453 26307 21992 6387 12473 25096 4512 7685 23938 26510 2276 14345 2083 14027 5242 23440 21989 17017 10628 27742 12314 22775 7351 6946 31426 24668 10122 8679 8752 23204 25131 13942 32070 14392 14776 9229 16102 10357 5232 26459 22499 4237 26642 14098 1587 19670 3718 292 4831 1817 25803 21945 7164 238 31632 15849 3697 31507 9999 32721 16644 30285 12780 19211 2806 16161 18423 14563 9817 19653 11520 18852 16122 2497 23003 17 7816 29597 14324 1412 10702 5544 1019 12931 23943 399 30936 30851 1901 23403 18646 13540 30444 9750 25945 30946 26931 25440 28410 25621 112 10287 16668 27037 3893 10513 30950 19348 7881 12931 21584 28923 31462 12979 30631 18919 12700 26321 12521 20187 1386 17304 15969 3136 11066 10791 18129 25339 22224 7965 29842 15912 849 14305 24404 4474 12033 21231 11988 9174 30301 21994 11474 3409 22483 23231 18107 19802 25637 12454 6902 25097 9166 22391 24868 1692 30353 26732 25119 10474 17454 18086 18350 3151 21 28869 13989 95 31428 11800 309 11822 12608 23178 10607 11551 20948 17825 32475 4807 26634 22561 18760 9815 21557 388 16657 24727 6676 28669 19540 421 11670 28308 17981 32104 30329 23226 20085 31298 4192 19202 18147 22121 11903 5902 17272 31867 30333 24915 8177 13182 30102 30877 24670 23354 
30440 19064 32598 23324 24264 5531 23380 11508 14698 27604 31702 27169 11874 11007 4079 20584 30560 31427 3740 23867 32280 30423 18250 32533 24990 780 29493 5269 269 29579 3896 24091 17526 172 11577 28443 10302 31480 30586 18971 3309 15408 4918 29603 19307 14131 18803 12586 27905 14974 25706 9925 32619 31269 5900 31754 11522 24135 3802 7791 5229 10260 29465 3042 1318 13867 19847 17131 16643 16881 1988 11363 29642 32295 25760 24962 4425 12739 7839 32216 6546 24645 30289 30059 13553 4869 30264 32349 25696 25328 21724 20658 19693 5704 17319 21185 1542 29139 13579 11407 9906 30905 3301 277 19750 2139 8327 11805 9376 15192 13528 16547 2831 23178 15344 13111 20368 10194 29431 21388 11358 18643 30833 17189 8134 19428 26851 7537 28980 29281 1381 12052 12632 16846 11769 24589 29532 20145 3240 5268 18385 19732 10306 1117 1145 4867 8182 1805 16058 8280 12577 12618 6326 11681 5811 772 3968 8719 25534 12344 9697 1201 2997 24344 13193 1444 24981 595 10929 30020 29003 21541 18772 22864 30214 32534 13735 8550 24226 15455 6868 32610 23733 12968 13141 23776 20832 22444 26065 13904 23876 23628 14443 4413 14849 16785 17565 30677 16552 22480 1211 28323 24805 7304 14262 8448 11840 30483 18815 4764 8515 2120 4320 27841 4822 31019 24325 25030 26989 9836 22579 7454 7882 5047 5158 11547 6210 16743 31874 25333 20581 904 22576 25535 9230 5025 10782 27175 27740 9796 11867 21308 8012 16800 7528 11340 24026 25897 11811 26125 17129 19196 15929 10539 2551 5539 21334 1318 3992 19382 13195 18077 29580 10924 24448 23760 15465 30368 8105 3163 7841 16081 28515 29752 21621 2545 17304 32149 3929 5674 21990 17020 10124 3643 1679 30347 23279 11650 14700 26694 26339 28025 31243 25654 17958 22239 26382 25566 4142 21411 24217 22854 15208 6597 2580 26244 8989 24770 26435 1910 18982 4338 22741 26835 10995 21103 119 21627 7684 6965 1304 30789 17309 23058 13181 222 16671 1888 10875 1661 21747 7068 24840 15046 21384 31898 24552 19217 9916 4900 24473 4044 31835 4495 18323 13127 14903 6978 20602 31504 28142 15230 20749 21720 25736 12363 2378 28061 1435 3785 29388 18338 28606 2252 23164 20791 28166 11611 15726 5381 23812 29031 24491 25137 24516 31847 24241 28287 31311 29686 4909 11710 18624 8546 4191 21562 29657 25941 26081 25452 7963 18801 15049 2420 21438 24605 11183 26529 6213 11203 
28840 913 10371 22241 3377 11190 29599 13071 5042 14796 2257 28837 16642 26853 26305 20838 117 514 9201 12788 6518 15661 21918 14011 20300 15926 28568 8805 12477 20731 30551 19806 18626 21896 28401 17947 4775 3687 20793 27640 3279 7179 8553 2308 31851 10214 2537 1746 1877 27289 8516 29578 28434 5603 8952 10204 812 16282 19992 8534 13844 13518 23302 20550 5440 12890 13100 23045 16204 29497 5332 18269 19065 12055 19506 2078 15986 19835 12541 15655 28186 31746 17631 32680 15349 29714 30114 1487 21491 11485 19456 24610 23813 19807 10088 16191 19893 30946 32678 23230 30387 23681 25573 2338 915 18264 17200 13843 14304 4212 4487 29948 19323 13738 453 12995 12906 11022 25001 16017 2666 19359 12714 32324 27539 24381 16033 11259 4510 2596 30391 25335 32425 22996 31298 14214 22387 6835 32673 5243 10338 20753 20217 3365 2275 25555 22084 17685 17928 27325 31297 23176 17662 4552 4286 1450 15866 17680 16304 21590 15754 10631 7981 18308 11581 8249 21733 22735 10426 1203 14493 6291 27338 30260 32595 29085 1841 22977 1429 28420 18944 29046 9580 29992 7360 24486 32294 23532 17152 19223 22665 26997 615 22390 25951 16710 19405 28456 17571 14756 10939 2005 24976 7282 13238 5954 25338 10306 14508 11767 5331 22474 30874 10271 17485 6458 19650 6747 22411 30993 5540 29358 12993 30690 28754 1659 3420 6304 5922 14157 19762 17453 4080 21608 18088 16152 17424 5113 6163 3873 13874 14605 23965 12825 22923 5276 12729 8163 29187 16981 27873 16871 32146 10537 5450 9283 19958 13895 19717 22152 32435 9575 17891 14551 19501 21756 10618 7823 7217 59 28125 18218 24504 11614 5686 15714 2857 21350 8472 7819 821 25471 8940 31861 6967 5894 14439 17085 10702 32107 22562 19077 14549 19210 25812 24355 16988 4959 17047 26793 5004 21427 11481 25048 2251 24404 28376 27892 20447 22464 27878 10654 2546 25286 30928 4218 8383 3990 12947 9691 12692 6711 11454 5407 15052 3033 2479 9293 17946 29687 31582 25593 5072 13268 5332 2377 32624 12522 7604 23414 8277 27309 10279 296 12324 7950 8663 21521 29844 628 30448 25489 22408 15034 13549 23847 17926 32479 31701 18004 29631 6252 7136 8640 14055 8943 23221 25037 26536 12724 13552 4703 4675 10052 7594 23257 4496 16150 29615 26608 16439 30747 16468 15854 28047 16144 27970 12157 5363 26614 18446 28556 20502 31738 30678 27360 5354 5039 22564 12177 
32393 29393 12444 27271 21257 14282 10917 7581 1780 16778 2948 4576 24400 2196 12018 30670 26517 14420 1425 340 31889 26058 13695 239 13050 26097 3468 7365 320 25706 12550 26486 31295 30422 1166 21380 12891 16030 21735 22087 32694 9220 5343 16746 5103 27292 6481 21524 539 1011 18446 31229 1151 11092 46 11121 29214 19354 11751 25751 5453 4576 19131 30599 31638 6459 25436 11641 18094 11914 31264 10126 27801 14610 5084 16182 27758 24945 14875 11700 12373 22443 17841 4457 30509 9155 25482 28619 29696 13004 31961 20403 9980 20950 26684 21209 13976 9046 12330 15663 30887 7537 7140 23345 25875 31080 1733 2417 29423 15705 11349 7990 27746 15182 13960 2937 1348 22089 6611 6346 11913 4032 9576 29155 14881 9286 24247 26178 24939 13411 4227 11693 9800 25328 20069 29346 24732 19578 32640 17169 29148 32085 13263 24632 23793 23008 26888 8971 18294 760 1401 18386 18858 3076 20993 23278 16704 12537 2559 24623 12053 18684 16467 5876 1211 23847 6965 18175 32103 15675 2798 27692 15715 13350 4840 17391 9028 14415 15938 11433 32203 18867 13288 5026 3182 21189 7612 15545 6764 13450 32767 17478 8442 27845 30496 23316 24667 14279 24470 24588 30217 22077 32630 29522 3435 11355 11963 27845 27066 31459 28575 5301 23089 956 27850 11549 32550 703 29934 16345 25055 27371 27079 12400 29669 30484 22119 14907 13636 1402 7801 21026 25058 25976 7218 7738 12665 5222 513 24051 21368 9439 12175 28163 23202 21067 10282 19179 4688 27076 11295 4360 16301 17149 15470 31195 21884 26434 17710 3326 17764 28745 31330 30835 13500 3257 19120 16038 26276 9973 8214 24351 19976 18793 13087 4956 14502 25037 31212 4801 22013 7048 32735 3166 11450 13782 1655 13332 17467 29163 4156 14999 24547 21161 13606 20409 15014 18823 29197 9867 27455 11840 555 11834 30397 31901 4272 17598 11225 23686 632 21708 15794 302 32728 23437 16169 16371 18624 11176 28783 9686 4097 11511 32667 29779 11275 3913 2249 22115 20226 6640 26514 12656 7416 4362 565 20650 13605 27525 20826 7822 18496 11258 18212 7790 14278 2815 32360 21622 31471 27101 2333 12361 26245 3534 9560 15730 12612 9515 9178 2738 27885 28950 16483 6230 27866 909 21031 24622 1240 13979 24775 14672 15697 11526 19394 14013 12147 4594 28268 27837 28869 20681 11367 13133 13425 30818 969 15974 23875 6476 23214 25415 13044 8529 8381 17636 5115 23489 
19672 17861 16576 1927 7904 12455 28873 32707 2062 5014 2648 25119 19896 18034 10354 19195 30380 16421 10137 14321 15141 23814 12026 11014 3747 6547 265 27537 20708 24663 24937 4360 27863 8010 18284 16966 26424 11717 24892 32199 25818 10213 23330 17450 2989 15427 17824 6573 15110 5461 17208 2134 9426 25730 1968 18725 2915 30853 10316 2708 6803 13941 31621 30105 165 20862 30703 24452 2072 8877 26450 2498 31316 7792 10685 21038 29154 18378 31971 9270 3519 18909 13079 29761 19276 24051 24516 10598 5812 13952 13256 21921 19020 550 23450 25489 18186 27193 22251 12010 23036 19901 8281 25465 27003 26280 18048 26570 8291 10661 2954 23818 25920 6970 20848 27157 15648 11955 22229 19216 2990 4327 20454 12633 30565 1298 5716 11406 22646 25314 5329 17942 12092 14417 6061 1544 11359 19695 11465 6793 13863 11283 11424 13093 9780 27211 5832 23357 18447 23098 7855 3804 365 28472 17484 19415 4347 12992 18813 27380 26173 28716 27906 13915 22609 7434 17477 23039 25620 4575 30349 3755 1820 22739 22665 27656 24397 11578 25407 1860 3749 17956 18544 19569 18439 1687 3407 21334 10472 23443 12666 3508 23425 24168 28457 1911 19077 12692 5422 12467 7485 29183 32519 7510 11533 12801 23501 9969 12372 16185 266 11285 15488 11556 18119 21412 24291 608 4578 1084 30658 18808 11109 20917 23285 18687 12203 19945 29570 4705 17732 2771 22660 10133 6547 26324 24015 4808 9463 13016 3843 31142 32118 31829 31995 7420 11522 5876 27734 24322 1691 15526 26501 16302 1182 22584 10255 4614 31582 11534 12197 4309 14838 32346 25882 14479 13922 23903 23192 15461 31961 22984 10841 4177 12918 8440 13149 15438 28941 21748 5763 18690 1005 774 31617 3998 16565 14320 16221 27395 20201 6954 10685 23959 16342 27601 7107 22181 20554 206 9618 14025 14537 7436 32414 1526 22198 2651 25792 26904 17144 3727 25780 4762 14945 17670 27356 30247 4660 29213 12525 7813 26515 26998 30981 14196 26337 15179 12032 23098 32238 5419 6374 16512 26970 20761 9227 28505 14215 16052 27879 3756 28061 15941 4832 25503 13482 29171 25737 445 14946 11139 15033 12868 8542 22039 12298 27652 21295 7645 12883 32374 28657 18802 9596 19875 21067 23060 12854 17318 25746 15392 10389 11427 29228 1652 207 11736 1946 25509 23847 4571 10630 8924 7463 31245 12140 22329 622 3887 20501 5915 22299 19634 31537 32018 28415 6564 11883 25209 
9777 22362 3176 2536 15637 9680 5418 31407 7134 8514 6021 17364 18867 3057 6709 23906 32083 26305 22499 4672 8490 31768 13329 32340 2906 3392 26402 30917 21617 3204 32386 18923 27949 13695 25772 30701 4051 19261 27947 8396 17234 19978 17523 6539 17643 15937 29028 26964 30602 14162 29021 15295 2099 28023 700 9482 18346 16770 8200 12979 1975 3119 5670 27994 25544 15075 17895 5465 17246 17316 14865 30358 28871 26861 12360 18285 26002 8450 3089 5749 26051 20579 29941 31960 20219 31535 9478 4032 12169 26399 17701 25081 4067 7472 10143 20522 8433 2906 6590 1852 31888 25592 14579 498 30211 29754 4758 32108 27806 17038 5989 23798 23362 25096 27566 11184 14163 4117 1688 7239 7806 6128 28236 25841 18896 14680 10997 6758 24230 19094 23600 22650 20581 24273 6266 10846 7994 26096 19364 30066 19135 18145 13392 18900 22351 22951 20042 19035 16572 30413 30271 13019 31654 7926 898 23178 17821 3213 32688 1201 26097 32502 2104 29330 10250 16620 19272 23116 18198 13394 24375 10451 4272 16853 4898 24396 18469 7811 11913 25429 2786 19891 2856 2302 16515 7420 13287 8733 660 9487 23932 1420 477 2568 8541 5601 28504 14183 31739 26251 10537 3188 17423 23639 11590 12700 6197 27663 29879 19235 4559 20190 29835 8878 26361 12392 24094 25745 5641 19843 28673 21742 24604 9818 3085 4608 17173 15288 17923 31069 19035 31071 9882 9673 7796 14958 27856 29450 27093 30317 13624 1357 18700 18992 16102 4278 18188 5994 10754 2407 9425 21354 15791 21629 21071 5458 1401 10899 13119 15646 6332 31206 28886 32295 31040 21233 23335 2178 1833 11383 27221 7368 11158 25637 4995 20185 14945 20219 9855 4775 18296 5255 3946 8250 21189 22489 10286 13784 30148 17221 30656 31619 20848 9010 24286 321 29579 5728 24114 12108 15452 19779 25096 19646 402 15120 10339 7838 26315 14690 28022 10183 9699 7584 23475 1692 11138 18331 28293 28860 29424 7525 31422 20564 14095 22091 9943 27558 8562 5404 17314 10395 16185 6032 18780 7815 30120 21611 14568 22157 9452 21239 7928 19161 6387 5364 1051 22520 26911 12548 15040 14592 29909 7648 1815 10617 9037 2161 20446 27782 6656 29282 911 22311 26041 11500 1371 15882 28239 13564 11628 24481 18280 1205 11443 19983 3358 28665 21600 17677 753 3346 10057 24092 12808 20796 10960 28947 4735 26423 24765 29939 20888 19267 20627 3439 8508 29989 7940 14234 
16764 9861 27313 17382 21792 2661 16885 1734 20832 4655 14866 18148 24804 577 18029 7960 17469 11297 30369 10266 7784 19649 17440 7570 8045 21638 8454 20976 12813 9579 10000 26181 20364 596 20611 30096 3197 12507 22493 24966 11446 31060 25738 24600 16118 8695 3001 23868 4039 29422 26224 9163 22122 28478 22984 16534 7949 28648 28752 7474 27526 9625 13731 232 16588 7551 29373 24692 28354 16681 14264 14989 1093 23192 20537 14329 6689 30592 22047 1135 13129 1110 4230 322 17010 29315 11447 6725 17559 7374 31138 25858 28660 25267 6594 31094 28841 27587 146 13398 18013 4197 31102 18573 29032 12080 9620 9263 20621 27956 12813 7317 8147 13500 2831 14848 28142 1694 6103 20225 2326 31295 13911 530 21214 22779 17368 22790 24841 5444 20950 28313 3442 232 13627 9956 10043 1962 28223 22268 27649 17994 13335 23992 14737 29169 13661 21866 29794 11883 0 19580 16991 13758 14076 10273 6198 28098 25843 1671 5070 32136 11290 19801 11560 22736 19852 25636 4877 1588 12513 23303 16227 20552 5028 5384 12890 17440 25726 30595 28652 6133 23117 11593 272 12213 10971 16041 15549 3462 5362 18866 18802 19536 13228 23436 13815 21042 25251 8725 21829 10400 23796 2654 16963 14440 5416 6814 29902 2046 17284 3989 7629 25602 31655 21995 9972 15056 1423 7499 4059 9810 19306 15662 8711 7421 22469 10848 15393 365 13837 31026 18371 20260 2095 197 25041 11004 31088 24691 22257 29619 2981 15310 4142 2512 26675 13708 29107 22849 21299 22243 20128 8010 27018 31125 12482 30603 6837 9301 5028 23580 17105 17865 16432 31657 13929 21744 8896 2852 28403 2565 3556 10529 14441 1182 22950 31888 19025 30867 21388 9105 30896 2129 28321 8694 22809 6197 812 16182 10678 4496 29542 22705 32195 27738 19263 10809 13159 10233 15783 23246 20372 20626 32359 27610 20109 5682 8661 3611 8587 24742 18671 26860 14639 5011 13206 20582 8288 15608 25550 10874 17037 24766 11032 26054 16065 11455 18462 15613 30960 4380 23981 23547 4832 21477 5033 29333 7729 26230 25787 26363 9012 30172 30837 8820 10966 28079 20121 22834 17062 2883 29912 32233 23774 4917 15890 24664 1088 32607 24470 17730 10224 20133 21591 9650 28768 30048 28952 30349 29368 15750 3090 16701 11009 18448 6316 31035 1336 25001 16402 25941 11486 18559 22651 28596 16766 14371 13229 19004 8225 11923 11817 29459 17858 1440 25888 3634 32632 1983 
11357 14287 15734 10494 3682 8838 8990 7119 11859 22026 16325 19278 17013 17508 18523 28187 8005 12769 4343 7511 13904 11898 14930 524 17850 27495 11368 29433 18880 17262 18565 8925 25412 31178 321 20380 25730 32743 9452 19489 26098 27345 8607 1862 3822 7375 4831 30109 4354 19252 12235 10385 4673 29641 30517 15742 4500 29980 10103 21630 30553 19522 14555 14324 29125 9918 12314 8282 31170 11578 1450 18579 6408 1004 22210 7921 25033 2339 26658 31557 31089 931 831 22785 13859 29440 10185 24367 13005 15149 7483 5900 7883 19840 16184 1808 17439 8746 9509 11278 18842 21977 24878 5768 7440 20956 1686 13713 2024 10430 3596 16083 32390 17302 23110 16423 12348 7783 26982 13314 4971 9473 16979 11493 8831 28209 6878 1892 1133 11574 27158 11992 6876 26441 22316 2802 158 3573 8486 11235 21643 13549 3313 27759 12747 20991 20550 22312 2962 19753 4719 3805 3470 6879 30269 9073 12589 27785 26680 32591 31505 27075 27753 5558 5646 16718 11317 714 10569 29956 13366 9855 26542 21686 12461 7146 1342 2388 9509 16153 2465 29632 12575 5118 16011 5377 22549 28369 29720 24757 18978 23265 2762 9149 21341 8718 4041 18425 23739 26282 28235 15026 4741 11776 30170 29623 21067 30744 1791 25991 25001 26056 27578 11420 5409 2378 14780 28994 32585 5187 19809 16543 10137 10302 25463 14849 9622 15814 641 6419 18357 28922 7512 5291 10563 11640 21219 18852 15539 15287 30209 18901 2912 19565 2880 11460 25888 16742 24820 14170 15231 9921 18128 1548 5727 2924 4504 5556 15780 30244 18484 32332 16987 29742 17116 4254 28402 17067 4977 7119 16363 29788 24757 13807 17843 6914 32272 22443 17569 5110 1071 7076 13727 7196 28602 30145 19032 32603 24915 30792 11413 19663 5692 31846 10952 8846 10276 15316 9654 13335 22270 745 1823 18490 15655 14344 31069 1159 30250 15428 12486 19070 20746 23963 15860 19638 3571 19680 18807 30589 17037 16957 3004 14748 14220 17712 18752 22727 5328 31027 28148 22571 15106 24763 18869 2243 4030 1587 22856 13558 27108 16528 14514 26153 11719 29140 30476 32468 6578 8382 18313 21070 15648 5709 3863 30548 12461 17399 22616 32265 6748 23017 24950 13940 15787 30485 31683 9788 4568 20041 10392 9132 19592 27686 18620 32729 10820 6012 20801 8220 5083 1238 12684 17303 2264 7550 8560 24359 6212 191 11309 8210 3181 9515 11169 24536 17751 17787 20766 24276 
20581 2398 29761 7326 383 2205 8799 18601 3471 22349 1154 20665 24804 30583 14390 13553 24418 5962 9298 26908 21161 15066 26339 4836 27845 13424 31476 18361 736 21313 6307 83 30091 23614 19029 15702 5083 3752 16529 7189 32649 17668 2173 13010 5077 20846 22816 9794 5067 10037 12453 23051 2654 15377 13262 19722 22804 717 2366 29059 28655 1676 25557 3533 23189 13482 1181 6629 32046 11831 28624 20078 23672 32747 23999 28189 10926 3269 27509 22502 30495 14502 15976 21020 9791 73 4291 22513 11576 23101 16446 26627 19131 24942 16564 12007 7432 4453 2550 6978 23259 27693 9609 15501 27303 22465 21516 11351 31108 18657 32396 32480 18167 8411 1804 20860 1624 5726 18002 1980 5722 21666 2532 23525 28676 4783 2521 15932 10292 17218 18311 29879 10644 24509 27026 27056 31038 13454 10974 10100 11498 25561 399 20402 12729 27885 17002 504 13085 7923 7520 17108 22254 1971 24890 20706 19187 16812 6387 12586 11229 20505 15131 25284 19383 10785 3615 25729 5342 6881 2941 23445 6962 27775 8466 29369 10505 737 30931 4208 19534 8777 6117 14826 26902 19439 12905 2771 13879 25140 22250 167 24913 1615 25736 22083 13024 20035 18965 30475 17757 19636 15030 30399 21672 28527 1228 8340 16350 13305 17781 3598 7236 9020 4739 28084 649 14167 7174 20670 13127 32636 30940 28917 11861 27332 11326 16461 362 19227 8353 14083 4771 29457 3898 4897 21803 19703 19644 1907 24077 4532 17609 28879 27697 23205 10814 27760 11479 2705 867 20279 4509 4788 32055 26658 18905 14488 1873 14009 1351 13340 4749 1429 5836 28914 8517 2003 18923 6347 7572 23683 6090 27590 7218 11613 13659 9404 31491 13640 21204 5060 28088 22764 6509 30285 27761 30011 1903 4306 31783 23071 22018 23151 13478 8278 32654 13842 14860 21367 32271 15623 13220 20239 25931 22155 3567 16292 2477 24913 3388 31298 30666 27069 17062 31093 11524 6924 26611 12797 15110 26464 15970 30891 14253 7001 10913 28519 21570 3148 15122 23388 27862 22779 30519 28060 10428 9313 32081 31183 31031 30458 15585 31319 6325 10882 23306 26809 24763 31959 16532 30906 14863 21092 3482 2658 25850 2478 30404 22282 20503 28927 29655 7221 14104 22550 20693 2072 23853 14580 3657 17219 19977 29759 12970 23695 21939 269 32433 5326 1676 7115 11643 1491 20318 30014 28522 13866 26760 1980 25263 21513 13128 14516 9609 19358 15911 10408 19425 20873 
16580 5635 12281 16889 16452 22065 16535 7794 8984 20411 15952 3058 4988 14697 12461 7707 20660 2435 31651 27320 30699 26411 22081 21788 15159 29767 27928 2667 21129 13888 22875 11634 7374 9138 23334 16396 9431 32069 26661 25853 14259 1057 18770 27555 14197 5520 16254 784 2385 23949 32681 13785 28857 31307 334 25268 7564 1533 12050 12824 24405 21551 25773 25414 32730 29006 14410 17527 31367 16452 9387 17765 6365 18881 15912 4219 25131 29475 6842 30875 25048 12020 24334 2511 32162 9009 18740 29452 30429 20194 23008 28269 9484 8341 9850 31222 27611 16024 61 6169 3602 18357 10077 14713 31690 6246 9049 22243 14388 31201 11089 9079 27620 7012 30088 31040 28199 8021 31540 24813 8812 19227 18495 12864 18201 3593 30779 12550 26844 27707 18353 67 24409 31235 32650 12241 1445 7572 28319 26652 16687 8111 19669 4004 12907 2507 7733 20265 13319 23038 10036 12252 29216 27093 5849 23897 23487 19767 1523 25950 26800 7755 5388 29461 21536 5495 1382 26854 28582 16959 11212 22181 4605 10509 19551 31591 17571 26012 6180 19573 641 21532 167 14073 31118 12483 7754 4293 22224 4490 24996 7586 30736 27584 25356 23453 8071 2395 27927 26481 28332 31438 29556 28146 6392 2720 15617 22158 9133 28489 12548 7802 20950 29243 1276 16889 20705 26652 9071 16327 27922 32185 24036 9244 31261 3568 24107 15559 7939 11780 30311 15662 16043 15781 15637 30353 6435 11829 10355 11021 12294 31048 22063 15359 5850 467 4553 1851 9443 27277 694 27280 23321 8330 25745 5813 16593 15314 24388 5199 1001 19878 26190 2323 20385 4524 7252 17246 22185 24543 6412 8174 16723 2221 29764 30756 32573 2462 31244 26903 19349 5302 7144 22035 6511 25891 26336 9862 14864 28337 23244 10020 15152 161 18070 5620 31161 9598 19860 28767 11410 496 5935 16262 25974 14293 8137 13262 13697 17564 3048 26727 8759 29420 9745 12078 522 26484 15040 28740 5815 22418 1014 7311 5765 11592 21400 32078 32317 13027 21945 31268 11442 12164 26960 29766 18870 15884 15613 7984 29362 25720 10104 24074 6595 18258 7916 25347 32433 19908 3862 2957 30468 16260 27880 5266 22216 24008 24935 6058 5398 17771 16499 11001 33 14668 24253 14969 6675 8706 19654 11955 31686 28991 27821 20755 10627 26205 31657 27620 17263 21061 983 8617 4826 18494 4223 32096 2088 2125 1338 4318 3267 30054 20583 22066 4974 14357 11521 24119 
6061 8645 14960 7798 22805 18896 23694 12325 20610 24901 1504 9006 12092 3814 8281 26031 30735 6627 24217 17802 14249 29245 30535 31501 24695 25752 13802 31172 23212 4967 16175 20537 6680 13179 31780 32321 29202 31245 16093 11571 23253 8305 111 7014 17759 26657 30846 15179 12492 27390 7413 22464 28440 12406 1865 8736 23808 32534 14513 31023 3212 25598 25559 8460 31753 20068 24804 14639 22479 32669 8185 27801 28268 737 2627 10576 4301 2247 22709 13059 1484 21386 3860 15471 27071 13537 8227 2341 9294 15475 8507 5983 27646 11195 16156 25714 578 15576 23625 30156 9084 13209 25637 11892 4947 13225 10357 25715 17882 12148 22892 22550 4325 22686 30635 13935 5916 27571 9118 15954 4916 1866 4625 20503 13043 19998 25525 30428 28303 23362 29966 15924 12555 23721 21679 27187 31117 25917 20805 5437 7430 19857 15775 16193 27695 17613 28106 10973 12124 6287 28655 31375 24891 15079 1875 712 19107 19360 9644 20302 19481 6222 12703 21147 30313 4200 10702 18865 9790 4096 23793 6649 29581 20387 26128 27353 22874 30254 24762 23249 118 11800 17304 23073 15178 30047 27582 13081 18351 26990 17674 5196 1746 15416 28502 23708 9142 28968 4638 28395 598 32222 14741 13065 29513 6082 24730 7240 32476 29630 6724 30146 1767 28520 1080 2494 23100 32362 16942 19832 16111 5152 22416 8219 24390 17439 19684 195 26230 17128 11816 30134 11776 16506 19671 14663 3135 28888 5665 1755 1798 27623 9521 17242 29792 23290 14566 4671 8900 26842 8448 12594 18693 11093 596 21353 8903 7782 14051 2030 23567 20832 16704 30358 3604 25518 16692 779 7834 23086 10800 12503 18054 14454 2731 2525 22002 16542 26854 6516 7226 1699 27235 3718 19547 23906 20290 27697 29230 31007 6406 5954 14390 20925 15517 2196 31956 23325 11338 13951 11238 5962 21886 26741 909 9953 11862 2899 3876 13693 25207 11380 24954 16583 15387 6929 2523 19163 23879 19582 4120 18205 21437 30515 16874 14472 1901 19786 18410 11687 23914 10626 9703 27862 17484 17299 9540 5171 26506 9152 14479 3639 1564 29298 20831 17124 6813 28665 26859 24484 9294 5363 25759 18225 22345 20938 4066 10616 807 12516 3952 25405 6461 12819 20745 1366 13168 29482 1286 6349 22408 18607 10692 3380 27633 2740 12056 3396 30425 15252 9568 693 2673 10481 21666 8684 25639 10429 1703 26337 5960 16358 3092 14329 19098 18546 15978 1714 2509 21534 
10688 1457 20411 19118 10662 262 25008 22662 5772 28365 19974 25099 16288 9658 30928 5982 2627 5302 15676 25651 12174 30946 55 15824 28557 19846 2095 17895 13135 26834 24105 14604 5202 12558 13487 21706 8803 13332 19493 5380 13924 22047 30845 23716 25256 353 15312 748 25198 30522 21526 17631 28165 21165 31652 8488 25077 3276 4851 4034 18717 24340 29696 2827 31640 2238 4365 17206 20432 10747 19407 7808 11145 16047 21202 22360 27572 14793 28767 9071 13966 26860 1642 5390 1560 2644 15265 25231 22957 226 8552 12432 3988 32083 12764 30206 29284 21435 27187 15699 31946 2623 20111 18214 10317 18108 13206 6612 13387 20200 386 30393 27689 29239 24262 1655 8123 12037 17323 26041 5430 12909 3933 31440 6027 21905 10003 17975 8034 9115 29782 19673 9989 301 21688 24411 10463 9593 25054 1335 31634 6194 12893 7452 11905 4038 15657 29734 12322 20191 30296 10879 18456 32121 26383 8856 6658 2406 1467 12552 23896 28785 2309 11519 10940 16222 25943 27693 18676 29198 5975 30988 6506 16265 27269 19187 22457 22555 7090 16017 17062 418 1766 19863 29711 1203 12586 5756 29383 5371 1084 19123 18518 13285 13576 31300 29198 25389 7187 24173 10202 5289 15041 5587 17797 13886 2750 1201 12174 14841 16770 11404 20659 21676 30813 10902 2232 28346 13262 30182 11442 6936 31364 7562 6503 24366 12926 6005 25430 14677 11479 10709 24705 20300 22825 26784 54 31654 17116 2421 3123 15963 20114 1472 7518 21826 27103 9657 32206 14895 3270 22923 10559 8289 29257 21019 22705 21129 24539 8001 2676 9789 514 4197 3526 4247 16467 13712 13922 23656 4618 7720 25115 8896 1213 23515 30891 6182 8769 25273 3957 14766 15200 4698 21839 30888 31441 20202 8048 12167 25631 18045 8382 28029 29499 29685 20889 6411 13884 1757 5906 27438 21041 4660 3708 3827 26884 21230 17441 28911 20419 16202 1376 7807 662 23292 19537 27950 8040 25502 30988 13066 15227 28829 14795 10383 23961 3687 32727 6579 22976 2551 9656 27053 9009 20789 12651 1482 22605 8820 18804 16150 31733 19627 301 26673 10639 2913 20065 28473 23815 17253 32767 31018 22440 22442 4075 8843 27619 22649 23356 31263 6155 21653 13518 28347 9945 27011 30357 2282 12321 21201 15102 35 29393 15743 27286 1658 5941 14045 31565 7402 28024 23198 5825 5669 32014 3934 7687 559 30784 30529 13842 3851 27766 6768 20270 5828 28752 28532 
15859 32655 30420 25343 21116 13529 3410 30839 11084 16677 14026 31142 1159 20512 25524 18800 23275 10500 14620 23774 4620 16818 30506 28231 15054 3482 13418 11755 15950 19560 16561 4771 7226 28761 30831 23509 5880 28920 32216 26737 3925 26247 20566 12262 30527 19298 10164 23018 10382 30702 30807 13234 1126 634 5835 14703 1088 29391 29352 22195 30731 25320 492 22156 28947 63 14206 16284 15054 3760 11921 17531 20576 29688 26417 16909 6362 31176 31829 11827 19027 21986 4957 20526 32394 5282 29575 2335 30286 3044 3812 18657 3339 28940 23605 15395 13012 13041 9370 7409 3581 20086 19674 17838 23559 14071 469 16960 25836 5495 11287 5202 12213 31448 11235 19744 17182 13117 7576 13746 8881 9685 9395 27031 28510 3850 18862 26415 13033 2199 15922 1249 11431 17675 24634 15354 25973 30652 29271 29367 22855 17238 15652 9974 28657 29274 26728 3984 6649 22433 4939 6836 31569 29271 7782 26618 32412 13295 19490 27783 29198 9412 17992 24794 10714 14297 25316 17549 6826 279 18184 15086 14801 27471 6087 2844 16871 11688 15904 24928 8807 11280 18210 17464 31689 1486 13380 5707 4062 32107 11839 14220 27947 15087 19211 11442 8086 27966 3661 10213 3159 13251 9119 28315 25832 17639 4284 8017 18323 2258 8219 25304 19106 20556 14530 12851 30639 15147 4400 13075 30481 13878 16201 3873 15852 28000 5000 20826 32364 1380 782 31297 30032 6030 6187 28714 29455 22011 14698 26181 17181 4153 490 17688 28669 12993 11656 11972 13664 21107 12091 235 9158 20796 21175 8452 32599 27791 5884 4540 29746 32052 3889 16651 30976 73 23200 24371 1320 32569 27983 20752 4822 0 12865 19926 24766 18600 20321 20729 18312 18928 15275 30698 19554 23095 29035 26735 23269 8219 20671 22348 30333 26757 4479 2469 23968 22036 13259 1735 22747 7096 9030 27462 30639 26267 29640 20012 27561 26341 17216 27411 12247 24036 22699 21451 25619 21385 23001 19158 1398 29233 19562 3837 869 14694 13940 665 4510 25029 6323 8757 545 25798 27205 6053 31294 1712 2767 22973 2165 26450 24823 2473 25234 1506 5315 21756 1965 12196 30262 31569 10230 13907 8229 14309 29025 17220 24026 11561 28724 12099 11441 21437 23157 1991 8610 25438 18593 30714 11405 14486 4397 26061 11855 31934 4118 27854 27712 6382 4027 30605 9362 18456 5717 22194 4813 23134 25239 21256 23234 22741 9105 10880 15716 2840 25303 23800 3082 7522 
24561 11591 25361 4492 32529 9703 14198 13263 23694 6882 16852 2213 14920 1131 1581 13762 955 31148 303 27069 4384 5621 4778 27669 16259 6278 30748 3411 4389 2977 28464 84 1256 6410 24968 22738 11254 13136 29938 26286 13163 23241 21692 12900 22963 17040 18235 741 27950 3393 16780 15476 16195 21398 28441 7391 9971 20020 30795 5179 14893 26217 12530 17021 17103 32223 28821 7020 30263 16938 9214 15468 4896 25841 31442 5021 4316 11136 32638 27560 7554 14227 11792 1522 7750 27095 26070 9364 10844 20275 17929 5250 27519 24322 4739 10364 24545 26478 1258 4085 25391 3812 21647 9378 15573 16394 17493 14507 3451 17968 10979 12244 1173 17156 17965 19137 10256 4310 23912 23070 15233 8640 18468 24101 295 24749 18073 8820 19731 4916 24422 7583 91 31214 31344 6576 1495 12074 25251 17309 23633 4893 28787 12082 23381 11536 18755 30204 32225 7315 20278 5734 14897 23811 13387 18477 4329 23856 17265 28807 3906 31102 29642 1094 2588 27743 2786 20067 8396 15154 1869 6446 19140 19738 20233 3241 28982 19778 26469 23115 5723 19030 25462 21111 17454 2867 14757 9400 23948 23511 13245 28090 7375 5061 1593 22448 13037 28511 22192 10803 13145 16052 18778 6446 26084 1935 6915 30578 6915 21245 8351 25155 8477 334 22337 7090 26482 23627 6094 24691 18896 19530 18186 22404 5257 7839 24743 23828 5781 6932 2319 4249 24502 14524 28964 32642 18339 2809 21890 26295 5472 17020 28884 7959 11230 6901 2928 4031 26855 8850 29490 32080 8240 9560 29429 20712 256 3590 2112 27968 1075 8938 27919 29501 26245 3049 29716 7545 29276 28392 13260 15411 11124 27217 20490 9427 26299 13932 25107 2589 17749 8611 29977 31887 501 18629 9383 10998 26878 8716 2501 31503 3133 18693 29748 16824 23308 29213 2215 23967 20286 27367 12857 19097 12648 10000 9397 25217 1790 31662 27275 27707 3528 7683 26720 15137 2588 19689 30976 22159 14026 6424 24503 21238 7011 30695 20097 8169 3419 29593 14587 6244 16908 1973 2489 26470 11613 31272 25302 30085 25141 905 5683 14201 14927 7813 31966 12394 25462 6640 17320 15479 29001 31482 16053 20063 32488 18582 29724 20871 1340 9426 2939 9748 16890 16061 18503 2921 18191 32204 30226 32588 18194 3597 29954 22376 5271 24235 17360 30739 24586 28183 20209 1648 21029 5516 31162 10408 23 9024 23947 13195 21268 23750 20948 18996 17268 16170 16156 27809 
13560 24985 6141 13748 7792 31645 4495 32386 12938 28269 3525 21707 30528 25389 5407 7111 8322 3187 16903 7957 26755 23307 1978 11547 2733 30955 26926 3354 26123 12994 26402 21817 10521 29022 28408 15030 12283 8012 654 15484 8585 16209 16680 11132 12295 26638 29537 7091 28098 1282 1615 23478 26219 28637 31136 31272 5736 26649 3611 25923 23142 27335 10433 23148 27686 17785 22262 23619 12785 26727 7859 9968 18325 27668 11879 10430 20931 25335 12609 24760 21885 1242 15711 7098 19055 22924 32100 26171 5964 31751 12726 8354 6641 6583 6828 15694 18275 26912 450 8939 19669 18438 22629 16985 7817 14052 27668 3524 12441 1293 26964 25227 2613 8613 22370 23710 3631 22041 29069 6115 8234 26556 26083 16885 11368 14234 12666 24310 28136 16818 29694 7210 18665 18488 22533 4777 3217 6579 30582 16972 31785 11833 31491 15896 3242 19960 5212 13601 13567 13346 1297 7992 12846 1854 27027 26592 13902 27769 21957 5951 32447 2474 12226 30465 340 8200 15253 7828 4246 24589 24275 9877 11320 5412 20407 3436 3991 17572 2390 8664 25116 2921 30467 31928 32756 22441 965 9370 7472 9065 1879 29328 3667 7078 5583 26613 3811 12476 12962 16769 18287 2565 979 14603 14588 30218 28984 4564 3582 20828 18400 23694 16281 9759 18538 16186 12011 29173 27073 21502 13287 13793 29094 2989 32692 21223 25109 26392 32447 3981 18893 3218 11599 17218 2860 3572 18043 20042 8645 11795 20258 27968 7972 23111 1850 15291 30606 10209 22034 32250 7203 25482 21586 22267 24161 24414 29920 18354 4513 10538 7280 22148 515 1478 2577 22893 4575 32730 20560 446 30964 10522 17338 22342 18627 24086 6672 7313 7548 19820 26717 10146 7575 14035 26069 23639 12827 20329 7839 15277 20351 5694 1127 29468 21142 10106 25399 31383 28240 2326 27247 29518 10365 31908 27895 29378 7498 12836 14286 9657 2817 9694 18315 28088 2901 26394 27231 11404 7248 30496 10635 1398 7898 19448 2413 2521 20742 11492 14107 23659 18632 23002 16226 908 20015 5401 32095 23090 20784 26269 15933 27576 1338 22299 19973 20761 31129 29951 15185 21807 30599 20226 16551 9163 4963 19568 13909 16217 18767 10644 10575 28812 7231 12892 24785 9031 18780 23490 12968 14478 23711 27944 1824 4178 32343 25541 10785 15530 15529 11872 15039 14859 3715 3221 13190 22661 29324 24965 21462 732 11544 19352 12338 32098 32255 2776 11694 29025 17720 26126 
21572 17298 2010 18499 31209 31685 3512 55 25527 4314 15360 29871 16438 4832 16337 16343 15287 31864 17576 12354 5639 27674 8404 23303 15759 27713 9244 14809 25794 29497 14614 844 1462 25248 25330 4328 18516 6944 32388 17807 9055 12677 14581 6268 2685 8557 10971 2026 26502 15644 5191 26083 8967 28622 24821 21000 15279 21191 8856 32204 10215 32371 1435 13322 10578 21696 14678 28904 2620 15576 18699 30643 29034 8877 30579 15540 19349 32292 31713 24043 23089 23144 4526 9603 7057 28791 9701 10876 28656 6662 18969 24738 17098 14607 13894 20789 20775 6160 22460 19782 3477 28909 7442 26301 12584 1925 23556 25886 16624 21583 4537 22606 2443 24835 16698 20218 14629 14632 14286 14975 4556 6843 7285 31369 31268 25352 30534 9596 23488 18996 10986 19697 11179 10085 8476 4631 18200 15505 10585 215 6121 1713 6783 14736 8276 24178 27538 23264 17115 14283 21545 991 15821 32288 1089 8829 14031 31901 27092 5432 13365 28241 20180 12907 13591 31057 27536 28508 15638 15109 4094 11581 4702 10715 23430 6710 32745 11168 31223 28300 17927 18932 1368 18261 4706 19131 2246 782 21064 32119 17478 10894 17621 17386 17747 9474 13664 4006 21541 18905 2059 19325 6748 25444 12616 405 19024 28397 5759 19952 24965 17372 16162 10640 3971 16554 14904 32441 7958 13245 21590 1604 28967 1425 12088 19405 21398 18406 26941 17534 28720 7953 21358 25849 21324 2979 21527 18974 20258 23747 21691 19172 24475 25454 5266 12551 23324 6829 10061 21118 24416 11005 29517 7712 32476 948 19408 8462 26907 32342 15769 21825 6895 26914 3060 19667 32723 6430 3212 23042 9909 14516 31513 7486 26224 30243 11800 1081 9868 9102 6572 17829 10684 20506 1817 28199 9417 19877 4087 21209 20944 5872 14709 23909 4229 30686 21416 20549 14679 9326 17103 4686 25461 18535 27902 13818 9106 1335 30418 16468 24477 15939 1620 17449 27812 30554 32284 25270 23032 30688 19222 2870 15404 17648 8043 31649 32402 21017 19099 1227 19238 21366 9330 26233 6343 3314 2722 26618 4090 25470 20462 114 30245 8289 17557 13303 29511 1948 26525 9240 9569 26837 16433 22657 4425 23162 4507 23858 796 10117 18228 23701 24741 32215 1127 14886 21832 9364 9535 21411 20163 30359 22531 15231 5514 21973 8970 6686 9767 30615 2503 13465 28359 24397 27453 29047 2735 12099 30285 32303 4042 18062 12277 5051 22441 20119 11665 26497 5827 31537 
17194 234 16745 25074 23542 3696 21826 11509 2343 31380 11967 31220 9699 5214 14810 14252 12468 9246 20893 7805 27055 8067 13271 12461 11644 31099 4586 31720 21422 32633 6621 21591 11163 5916 26112 29881 561 10124 13887 982 20707 9173 32559 15029 18469 31506 4300 1572 31398 8289 11559 16641 11269 28481 14153 31920 22029 16432 29411 12800 5757 12680 5343 9140 17230 19656 23419 30842 32271 7895 17890 15324 7952 8210 13609 9359 6512 18300 3042 10707 18999 10137 15361 29298 15195 11103 1322 5669 12521 771 17570 4074 20687 30866 4303 30430 8073 12775 13739 19961 29858 31943 25308 28248 22694 19481 1666 9291 6905 14431 18021 5233 6707 3090 26505 25636 21254 6083 22574 511 3220 11171 16995 22205 31772 10745 18882 5434 18005 17763 30437 15326 1711 23253 30011 2142 19777 8059 7182 17356 15498 21776 24366 24121 7569 16884 4666 25403 31559 30756 26859 31603 11233 17185 28514 28890 155 15464 4510 15943 17857 12869 7342 24240 21839 22334 24688 257 26102 11298 14532 14307 22319 21895 20748 757 7183 13661 21040 31078 1897 5186 12295 22833 29815 26406 20476 22960 25659 9468 27054 21423 14889 18119 30053 8157 10750 9234 7252 31652 27732 13340 8013 5330 18334 20362 945 19026 14982 23605 9274 2368 23725 2773 20666 23319 32518 27737 23243 9407 26570 12625 25187 25628 15834 4873 18612 28910 16677 14875 19865 8159 8038 12996 6720 6472 30565 4000 27240 7437 15351 5094 12886 23875 21157 28746 27756 5487 21402 18932 13824 2363 17496 15916 6851 9759 19160 5980 14443 3128 32177 3826 28540 16040 18038 23098 8100 17871 16728 19408 5437 27214 23081 25850 18172 8726 14336 26774 30656 28919 28033 25996 16745 25585 31416 5860 18946 31171 20170 2986 10408 11105 30339 4538 30237 4675 4039 20961 30487 26569 22694 31756 884 21943 5892 3989 26814 6696 6136 14712 25520 8894 26345 2273 10766 24907 32136 11879 1436 7939 16332 29924 32056 32389 19421 8124 29371 13946 29447 15496 19579 31756 9545 17495 14523 729 32561 28816 967 2255 5360 5878 5868 32174 28771 17918 27344 12782 3680 23625 6966 21089 20474 22593 15460 12371 18255 16496 8594 18001 18614 29823 22480 29507 32435 6711 7483 24927 13388 32693 19259 29084 20488 3081 28622 974 32657 17691 9138 1240 13463 32150 14007 15360 1433 27022 2152 23286 11552 10111 28293 10777 15292 27963 32236 3733 11895 17655 18758 7619 
24563 19690 20422 18330 23598 20038 2742 24430 16840 9668 26339 28013 1728 23501 16353 29111 12228 135 11872 2262 24633 4373 28128 32596 31626 1535 7532 15356 24124 29794 30944 31221 21994 5254 30687 11770 14564 18719 11041 2185 5481 9923 8608 12463 13684 8308 28236 2811 30096 7215 2480 3614 21282 17161 12170 107 3541 18199 11875 4457 18758 31122 6772 18433 5853 15782 28115 32370 26765 25206 12340 26782 5361 6307 14209 305 12402 9107 22773 19364 24082 6754 1075 20797 28452 13325 30776 17796 16322 2769 23767 21252 3588 7033 28621 2277 3369 20224 12752 1848 14422 13375 10618 26111 1939 16960 15184 16618 1676 29849 8503 14449 30067 6651 28097 5200 2799 10026 32755 512 14228 3006 14910 25176 19172 3476 2598 17628 31597 12845 3320 32272 11732 15848 26498 15589 25802 11105 15566 17450 18936 28704 26814 3439 20986 11595 32435 31620 8209 7295 16920 32039 17271 27350 16184 5555 28001 26076 24079 13252 18062 23497 8942 738 11252 15423 27221 10049 5359 13457 27950 13299 25629 13981 7135 2046 8161 17151 24724 3142 7443 11211 7135 15679 32717 24605 2380 2529 9065 25363 29307 9124 8084 30737 5101 29254 6148 15879 32636 993 30641 761 22669 14822 16976 25339 28971 3371 22310 28317 184 8062 66 6501 14200 31962 23535 14783 27709 32165 20172 24446 25148 9943 23818 15920 14042 15831 5997 20540 7162 15718 1293 18837 6316 26257 4960 31905 21224 17109 8022 23835 2707 25195 8758 31454 12301 12332 8234 59 422 10257 5212 28938 19005 1653 28606 24865 30384 24801 2289 20572 1131 31013 4758 19243 3760 7101 19833 9992 18900 28842 21272 20184 26844 10025 325 2261 17452 380 20377 25320 2353 5874 25138 21254 25911 6143 27020 29805 7829 9706 16143 9420 9618 11540 1186 7148 23372 28963 18895 29404 2817 16364 29269 26686 927 1893 2339 20223 10573 7347 9417 21891 18514 1077 12733 24479 30766 19153 3188 17748 19188 2536 6730 31037 25306 499 5988 21241 16998 14655 2292 9390 15269 16352 21500 21956 19337 880 32481 4851 49 2243 10648 29837 15538 197 837 4333 31846 6054 19706 13584 6655 30524 14642 8489 16843 24560 13116 20735 28633 6478 8066 13388 10175 10126 30881 9082 20755 7943 19746 17507 2909 24993 23739 4468 22381 19408 17923 29533 5250 8459 21956 18786 9714 460 14240 21378 4053 17054 4974 25376 18660 6196 2959 8259 5882 25233 
12584 6396 24297 26052 1151 2225 32761 5006 25704 23665 1293 18882 17498 26573 27006 27407 10898 19314 15812 24862 1536 31879 28945 10243 22661 11335 17254 17893 13105 27563 2274 22070 1296 8688 7422 15633 26968 11648 15957 10138 3886 14123 12408 22636 7570 1829 31074 15919 18139 5252 11339 32331 1485 16293 15557 27164 26976 7761 12075 18345 12274 4616 26740 5820 1938 32144 2406 19289 8383 21470 14106 15024 30746 21984 11209 10361 15592 1154 15700 6162 21493 27009 22884 15595 9489 22398 22442 16579 14444 30615 8174 2522 30043 14463 23204 22694 7163 6328 12035 3595 11658 15690 22286 13617 24392 15862 25363 12721 32313 32186 27936 15853 29870 19564 31734 3127 1388 22372 16536 12474 32396 31074 29354 22843 24292 13644 27880 19537 23285 19251 7032 1558 631 16157 8921 31384 31340 15847 1827 25160 20271 7078 2640 4188 4471 3352 8412 13929 12664 15106 31518 31340 12575 9243 9898 4553 24174 7729 7829 21203 12372 475 12601 12097 16355 7781 29168 13168 36 15467 29789 16422 9519 23412 13157 18291 8829 31195 4579 25038 2454 17603 21601 2501 3025 17198 19124 10758 10993 14439 13628 10953 918 23102 8552 1937 15139 18046 30540 20195 25592 17880 14459 26433 19357 560 4414 16933 20031 11157 9075 12719 28801 27025 2971 14437 18279 31015 16392 13324 9874 22075 32069 4447 8760 28236 27720 7061 22064 28111 2769 31675 8172 10166 7741 5292 16925 25692 7690 29894 13319 14948 9933 31157 24706 9946 12559 13848 5420 567 32067 16874 13610 8560 24414 28149 22927 3977 24749 22434 920 28440 18107 14618 23708 11196 32231 30237 14698 24914 12589 27133 11300 21390 14454 23330 29008 14153 26051 23259 5893 783 26482 2006 14323 5211 16971 12769 23754 6492 20744 12709 4230 30471 20160 30689 23273 12192 12018 6530 10202 30436 13245 30322 9352 23147 8283 22 29383 11379 29362 10057 13598 14765 26836 23109 21854 17685 10524 24768 26985 26558 25507 17788 20299 24480 18467 3656 5234 987 257 15500 17529 31593 24041 13465 23165 14468 5907 12192 29510 28464 11754 28763 12773 28934 25072 27877 19767 21600 24748 22266 27528 13581 11056 21006 9649 12442 8485 4317 14682 4594 25795 11756 22428 11029 6244 6874 23618 7542 25187 15636 24398 31086 26911 32738 14784 3113 5936 30402 12674 8060 22497 27714 32362 26856 29284 20962 12712 5378 3332 17313 4771 20239 2032 2676 839 5677 27485 16634 
2947 9233 7702 5498 13991 19375 13484 17346 2733 8907 29817 17640 24411 8488 9543 29913 13547 28138 28755 13686 2795 12589 22596 6706 23994 18852 1892 17865 23416 4188 10420 414 15560 1563 13303 9854 20241 14526 10814 4777 4755 745 20359 25059 23186 21362 28339 6994 8063 4161 19852 12659 28939 27232 29438 8224 24902 30928 11564 16987 26422 30092 15825 9825 3187 18400 14709 30310 22722 9548 31864 25070 6771 19772 17848 4759 2619 20368 30771 28510 720 22460 29521 1573 10334 24118 24190 17362 32054 25121 21434 4759 22270 16679 21482 22280 27859 7298 6991 26163 6016 9970 3349 16584 10002 17991 31340 16283 24933 13959 32522 28891 395 23257 32568 13089 12175 16543 2068 8365 18177 7968 4710 9684 14302 5310 27567 9457 1340 28724 28598 23004 18214 7238 24686 16218 31108 16332 512 30023 17256 5922 4530 24625 23735 13702 28418 6516 23774 18819 3613 24145 24619 10246 2314 20670 3483 15773 20956 22683 6743 27206 21389 3017 30771 9225 28757 26643 11236 23234 2776 12197 16751 6501 11544 13202 8464 23239 16858 25341 4317 15895 12785 27779 19138 31530 14177 18924 26156 11806 17366 3399 17609 24529 27247 9540 13628 20868 24479 28314 2575 14307 12494 30841 8095 31542 8843 11607 18734 17142 89 11340 19132 15741 17789 17032 1727 24265 9058 9247 27681 22800 29404 12729 543 25183 28317 17938 24471 1496 31934 21812 32575 4615 14373 137 28824 2120 28906 1046 13366 30566 12496 10517 3440 31239 8123 11848 13531 27976 19218 1013 28689 4892 24608 25500 21422 31598 1481 12324 13341 20685 31256 26628 29192 31876 16529 24001 27750 4197 9175 29357 22210 10425 18732 7892 4329 9374 18752 32338 31810 30086 27678 16835 3691 11336 4857 16929 19975 26176 29571 12037 7074 22378 23595 17030 22389 16853 2309 6749 16578 12358 29235 9195 32607 25515 1286 18139 12678 24296 30531 24068 23031 1249 13443 19138 13957 23305 27068 16144 17401 24410 29619 9740 30510 20871 10877 26176 25328 2389 31433 31324 16035 12816 24323 31662 25548 5381 14222 15638 23675 22483 15545 9277 22123 7157 19511 21394 13716 29111 23156 27863 3733 14636 3814 7913 32230 30512 12420 8953 25827 28190 25530 17700 288 24728 23310 13405 19730 28438 3643 7771 9310 23018 22510 29779 10627 4021 12125 27097 18570 26410 12390 6913 4010 14088 25433 12739 1973 3649 27232 12950 25356 15281 15418 12281 23635 24207 2741 17969 
2828 11722 14958 31416 10379 26930 26327 29657 26767 5276 16565 6998 20988 17054 10513 8569 17952 22007 32724 10276 7031 16683 12471 7621 17626 14004 29544 19381 29819 29726 14152 10321 15792 31997 15155 17350 15922 1648 31293 12165 32276 13373 31055 1284 15670 25308 27480 16377 17923 20870 28812 1549 10940 14500 21736 29323 23407 8549 26466 2031 2619 18016 2697 11767 12324 4741 19967 13251 18654 23289 30777 26752 30288 19578 20820 32328 5842 29714 29841 27686 24821 17464 3900 4751 12030 31327 6264 16281 10190 1749 16659 29971 26242 24391 28017 28009 700 32479 13846 2710 8682 25095 27447 1806 9139 8601 13129 9351 22254 3484 25290 15794 24577 1423 2668 21800 22612 22480 22153 10342 12133 31968 12479 5688 30708 14069 23356 20783 1310 4638 14745 9093 7622 2694 14665 19219 8016 1788 11039 17088 28572 29397 18114 8983 13631 10046 25001 9313 8268 3516 26828 12653 16011 1797 22468 13903 4377 1471 20076 32254 10537 4223 16593 7335 20575 4191 25187 27777 31659 22396 20121 31794 12013 9183 18397 29462 7992 13850 6535 24134 17826 15770 20446 18200 27838 11522 7781 19411 32261 30188 17860 30444 19748 10967 12505 23334 3999 23161 10840 28732 26964 312 25043 22613 26305 10041 3959 26955 21071 11214 10240 5589 9521 27988 29767 27548 26513 12883 32734 22388 842 27329 6268 2371 5187 26391 31687 31963 19491 248 16177 6278 489 27647 27437 27894 876 8068 12460 27185 25543 30507 32486 30810 17130 24226 22130 1348 29107 8242 26591 20593 4926 5789 21446 9100 25324 27787 9155 11730 11323 27173 1067 12795 25702 9284 13730 18462 8403 27226 11476 19968 30857 29292 14549 3366 18805 5372 30688 29391 10270 14113 28366 16371 27749 29231 558 11479 18220 1238 30592 4993 32605 14737 32354 13398 13821 5452 9240 4190 32637 17421 17614 30330 24131 7420 4822 28705 31902 19803 1819 5205 14512 17733 5530 29112 30625 1431 11388 12812 8624 25831 6489 25916 30316 10394 27517 7650 19984 28820 10715 27516 26817 18455 22166 17978 22698 8352 2440 17707 9574 7576 24748 25790 16589 23787 12078 14228 13976 3829 3838 14189 2055 17524 12027 18297 12255 13720 864 28672 4814 30833 1315 5363 26461 26670 21140 17792 2351 17159 14678 14014 19288 12617 29285 26700 9720 11376 20978 12388 12661 12419 22327 31037 23702 19178 19994 26452 1767 10970 21452 16534 11909 7968 29266 30721 3877 31340 581 5316 
20484 20163 23704 9418 14757 1497 24170 29155 27799 29968 21159 25415 16567 11364 22822 13983 1961 18800 23524 1091 9683 6853 8519 16012 3365 32700 21689 11322 2825 4877 30016 28423 32398 9212 8900 13508 288 16365 1668 22235 28640 24766 31147 20176 8160 18011 8918 24560 25437 23488 26519 18237 30080 12109 21732 11247 20602 21509 990 22521 3700 24178 3173 16040 29214 18399 30711 25058 9828 15360 25138 6828 16037 10980 17714 19954 18111 16266 30602 1095 31870 2171 31013 2755 2987 13089 27112 31406 5857 4684 5045 32193 22915 23281 32566 24550 22987 31344 18510 30412 16674 12125 15474 3253 13362 24413 2361 29083 6918 6256 27500 18654 28629 21976 13622 11944 31125 30978 18178 5587 16170 6404 24349 8829 20029 4003 30756 13223 32657 16697 24842 8642 19834 6283 1664 9313 22224 9716 7315 23232 29110 27086 20652 22140 19881 1639 7732 15453 11353 21729 3343 19455 9909 14538 23741 32512 9263 4795 8442 30905 1737 16431 4887 23860 8574 27351 2958 12984 27299 15799 7328 12566 9354 23658 5742 24213 26855 7679 24227 26171 26745 25536 26812 9929 15874 26188 19648 26512 5847 16591 2770 30462 19874 18828 18638 21003 25473 11147 14288 85 1879 12660 31900 3364 5095 21201 4536 20352 3041 25726 27552 16447 31560 28528 10952 29724 20307 17511 8166 31543 28840 15119 1059 27481 302 19638 4417 14242 22480 10028 7044 7027 9914 14053 32630 7160 696 4582 10980 8156 25196 10159 13805 7802 20143 29851 28148 12043 2358 31864 25689 32391 16284 29481 4996 16556 22175 31910 13469 1867 24246 1226 17508 3688 18737 32712 10568 12660 6452 22725 24653 30668 1564 2629 16471 7088 12782 30071 26725 3541 16231 26873 20326 6413 14832 19555 4095 13820 2504 28446 29746 12857 368 22482 17702 20962 22694 6489 4180 22133 3871 31953 27020 8336 24864 3970 1925 18535 29074 26105 20332 24074 23653 2832 14511 23008 28480 5956 9286 29045 11340 17772 23279 29220 21781 32383 10326 22637 12646 26021 2463 15087 10193 3770 1055 32511 12147 4726 5146 24155 3937 18709 10133 22401 7616 19937 6854 14586 3193 23964 32250 30085 5500 10557 27066 6662 23385 5471 5353 20604 384 27341 20165 18076 26661 30482 9565 18372 29854 29990 28017 18075 20656 12682 5377 15733 8552 21150 19333 8276 9174 29865 1356 11877 13592 23102 27147 10013 2203 13653 25330 17444 13243 23753 7296 27811 25134 28066 25829 4301 
14109 13785 31865 14452 32379 9232 4571 26620 16190 2961 6302 4929 14180 29147 17303 3490 16257 3676 21511 18173 9435 30931 9089 5308 5478 27512 3485 8244 3018 27857 20019 3351 18633 3639 27321 30163 6909 5621 19061 8856 16207 21844 4523 12369 23354 23459 7506 11575 13716 4350 20440 11267 15696 31338 21835 6795 31208 23740 29050 28834 5015 3328 12267 25941 26633 8812 16774 24266 18034 23037 25634 32509 31473 16067 11980 2954 22705 177 24303 16363 21860 32472 7684 16642 14263 20476 25100 32499 21758 1072 30814 4020 26468 27199 22025 20361 16475 31666 24046 22285 30892 9179 7427 21274 8504 17614 20213 25084 17628 12082 1093 32661 14266 13179 13897 30375 28903 16484 20173 25663 8114 27894 12129 3426 22808 22113 31808 13782 6278 4570 5993 3139 4620 18942 32596 29760 22777 8232 21790 31947 32634 401 1104 19095 32566 2122 2653 19960 24453 2328 3879 20377 3578 31841 6934 13590 27967 997 3601 15636 10012 15567 1787 31885 21212 17016 13460 28497 15566 18187 11194 6397 17585 28498 14216 30562 18439 13186 26303 16918 24219 22649 18077 1641 18635 29258 10854 8770 11471 9283 22884 24028 6778 30577 26702 8536 3006 31705 22524 16810 6715 1570 23283 1288 31844 32488 12436 22501 22340 13538 1655 17633 19122 21602 18331 28951 20075 2189 21320 17760 7923 21946 15758 14597 5921 10950 4039 1699 16797 16307 18998 15383 7154 18722 30815 3008 32467 23903 16809 17795 25828 7685 25770 16689 9618 32283 13376 7706 32569 6246 7457 23217 32419 27012 40 25239 21109 13904 2128 4034 11876 11555 5756 15521 27427 22087 17413 31900 5598 2718 21636 4204 30086 2483 28755 7085 25394 17435 5131 13628 18055 24199 18626 11417 6783 13108 16444 3371 17088 25503 30893 4173 31722 5483 8599 16753 25819 14742 8431 3797 10686 18376 16988 30691 3871 16726 8891 28836 22952 14793 15445 29014 19250 23974 4840 16272 19600 29231 7379 23946 32400 13001 23622 20174 11284 28242 16747 20763 25849 31585 25649 4314 17712 13463 3457 2495 4896 8016 5922 7183 7778 2096 8209 8966 15192 20142 30507 17189 28757 6373 24356 15003 11276 29893 21731 8837 4689 4824 1607 21372 22350 4130 18402 17148 24818 7911 26081 15984 17801 27832 5643 31008 23840 28688 29457 25900 18411 28128 28345 25873 23036 26045 9849 15254 22444 30982 9502 7825 447 9311 309 7649 8196 29467 10832 12458 19188 4298 21480 8387 
21207 999 24055 31311 23483 31614 1432 29177 8222 13993 24213 21476 15054 8647 1593 18650 1328 31741 5784 945 26434 6739 18125 21968 6254 27619 18412 24259 27504 24999 19584 9918 9823 11892 22962 25232 18945 26950 500 8143 22981 18170 4976 8961 11918 6431 3236 20044 20251 19578 24001 349 3264 12976 6241 21211 3870 3874 9476 11132 24984 9849 4883 26147 17626 19838 31174 30794 15322 22980 12279 18922 22367 32490 25937 29291 9248 5896 19206 11848 2744 7934 3176 21971 7419 17488 10388 2775 115 2953 289 24418 22060 17963 30916 25169 10419 15758 15379 6394 31030 17868 1737 18668 22348 6507 6204 29323 20412 25828 22626 1829 2124 10654 11977 4464 29357 19034 24628 29872 9209 21342 7384 12882 11464 27818 20472 31612 9931 6929 22915 2808 22730 13970 8733 24552 5399 24861 12050 3507 15668 6232 20044 13871 11203 14278 20697 17495 31852 28221 28534 10354 21391 25612 9204 622 31799 10512 5190 4564 11101 1773 13310 11236 13370 3077 3723 3231 13316 18047 1728 21601 13479 21103 4650 19512 6011 11858 2083 9023 28944 2251 24972 10006 6160 28826 25942 6321 25288 24698 27897 14382 10642 2755 8279 28061 12051 12034 8933 9729 7736 13671 31696 14229 4175 6957 610 14343 3629 17153 10649 13176 31597 21215 568 20181 30363 8621 9431 17750 14392 13255 5620 12840 1278 21414 8973 19769 13579 3000 16044 5196 20112 15628 30549 15088 17593 5085 93 10147 7070 19049 24396 4722 16848 17049 15493 6735 30583 12534 2479 27841 26805 30002 5693 5746 28284 13021 31720 23707 32582 25857 15490 8674 20031 20817 31634 26792 25179 21560 19099 30829 23078 30267 31624 5243 20369 29416 7378 27902 24305 10792 31368 15883 24342 2154 5630 21764 13094 23809 11148 24259 21839 10584 25869 26598 29296 23972 5869 23927 13853 27754 11480 20837 5332 28346 13793 31379 1846 29697 20704 4797 30241 12703 1281 16100 13609 24584 11604 11172 21329 29104 6929 29238 29237 31681 5728 21702 8928 25615 3433 27183 23127 4596 15554 2318 8824 28020 20641 827 31523 9616 22512 2658 27358 27461 29110 7073 5692 2281 3938 4281 4881 27382 29635 24662 10606 31934 12943 9455 11219 26513 8389 19390 6461 23375 28884 22517 26600 30003 14560 19016 2397 28968 6985 21823 31164 26705 13314 12619 32169 15214 18620 13202 13828 20905 1316 18031 15021 31659 3561 10912 16006 21145 6834 3384 20754 30419 11360 19190 
19663 28740 1261 17229 13618 358 17684 8189 12655 3365 21661 25594 25752 28530 11158 17233 31805 15402 18344 1931 26524 17988 2818 24816 30422 10814 28060 31113 11363 1216 14292 2349 10126 19421 10990 7485 3703 23739 11978 25455 31577 25238 13167 12246 27525 8567 3137 363 5268 25637 24512 14765 6901 11556 22349 26439 11961 3793 11938 11345 26212 5514 12297 15960 9805 416 717 22134 16350 10981 28631 21056 15383 6530 28987 459 252 5315 30059 7852 22608 16105 26555 11303 7719 29876 30190 25209 11314 14406 32340 5433 23775 10005 22609 31795 32331 17673 11244 1377 16773 28726 25924 13292 9365 13186 21434 14729 28190 24704 29767 29052 6470 13099 18386 23486 32700 21030 23856 1996 6124 10734 29368 8815 12342 10925 6203 11880 6110 11670 15844 2494 19503 6889 8995 27433 4553 4131 19745 14497 24760 29274 29400 15595 28377 30885 32270 12503 2461 7230 22320 2874 12193 13390 4781 26228 8759 26735 17865 993 676 7810 28278 17551 19656 31140 5045 15448 19279 4708 14183 12671 20908 19513 23249 17424 24249 30536 4608 2361 19771 13619 15906 11174 24905 13823 19994 30150 13220 18447 22438 14717 15465 14705 31630 14839 10721 579 24296 32015 916 32201 20287 17323 18144 15568 11329 17045 15666 21316 4329 6759 4891 32597 23969 20305 7753 27909 17466 8191 19117 29693 4461 17134 28057 2250 10639 7165 18112 10354 6408 14812 6439 7364 23487 17195 3171 4583 21866 23198 29420 8495 29595 11846 9319 19924 14369 7876 3952 30170 13126 16979 5572 28145 11566 17279 20755 28082 19351 32085 6566 30972 2041 3451 2948 27063 28382 20079 13959 26714 10482 3635 14801 16031 14078 12853 8279 22332 4011 5271 26994 18005 18203 31190 23408 10134 24019 9482 6999 13827 20094 13353 31767 19115 2683 11368 11501 5319 29562 20880 24820 17224 7628 10248 9918 21439 9537 22406 32697 32035 17126 31026 30953 5907 18123 7551 24293 1477 10897 16642 22913 23474 9371 14230 13972 24247 21450 15318 6655 5287 4497 24847 27416 3314 18985 19813 21313 10300 23096 32269 32665 9578 815 10485 10325 29139 10060 4851 27058 15602 25061 23451 25848 9858 12474 27492 15850 23199 23364 4309 4903 20436 25245 28632 12544 17169 20491 18445 15485 10806 27161 14710 3332 18555 5636 17774 16691 32448 3197 29332 3237 11455 19727 2299 3920 24790 27558 29346 26942 10455 29506 13396 19825 25479 32126 4113 15313 31035 1576 25949 
4468 7299 15176 16675 6994 3599 26787 27013 4852 21223 25419 13954 2652 15041 29449 6256 28014 12749 11579 18138 13747 16679 10419 22062 13580 11259 17085 3288 13224 2966 11563 18713 15746 3510 31977 18759 31272 30722 21625 19612 17010 18073 10559 8302 27334 26513 1470 29684 17972 22036 30032 22734 7576 7279 26370 11631 1606 22458 26540 8798 20256 11171 15312 7508 22323 23356 11839 5243 25094 12973 14808 14758 1709 29669 179 11910 9528 6548 1574 31939 25880 32264 13106 1995 5491 16958 1633 22042 9704 5136 6579 26654 5782 333 14915 20305 27669 13778 31368 1296 5676 16501 23125 23757 148 18755 1000 19460 2580 8524 23031 27748 16895 17519 23989 17526 664 16895 5350 23112 30212 10556 22687 23155 6449 27938 12236 28179 28946 5297 12880 27646 27184 22685 18197 27045 8904 1682 31646 13809 10857 16476 18245 4222 19159 5714 10591 26486 1920 23886 23645 10156 22541 27336 32748 6528 17372 16547 4342 29307 5887 6901 3655 9790 12847 30959 13572 8622 6718 24589 32209 32032 20251 12889 17192 3177 26111 3051 15970 8376 8061 10160 23702 32166 1612 16839 21682 21197 13062 29840 27850 9231 15276 16724 5707 29644 10427 25301 8244 30423 27372 12346 18462 24614 16182 4178 29577 15260 27825 6625 17309 28630 1906 3628 27561 8702 5445 19783 16518 3369 32194 14556 18668 22671 19926 24069 27029 25719 11935 5398 28900 16879 19298 10346 25609 32228 21445 27099 26361 32434 29249 17413 23962 22871 31557 6050 31049 8640 19381 16515 24353 29387 8504 27435 17243 28229 17551 29845 12065 11278 31018 9115 22086 32299 13041 15758 16300 11324 23583 22597 6957 8135 6241 2880 24749 9391 24878 2051 26422 23530 1800 31166 12615 32176 23497 21889 10720 4343 15587 21199 25167 24561 7765 27168 8240 11075 16992 10175 386 20119 2135 17428 5423 8601 22806 29316 11588 11116 11570 2385 5999 630 27219 4705 2766 24167 15573 18637 2425 18299 11590 29226 14242 28339 29566 6945 4075 3203 23472 7497 13844 10129 11126 5271 19464 11312 25578 2714 6811 19169 15051 5838 18578 30094 20483 26041 25654 926 24938 5303 29157 7537 14942 24653 7491 18689 6217 17611 16105 22821 22088 6240 14059 6903 1604 639 897 1704 16397 10480 15575 6152 13369 25227 10088 12033 11902 18028 3568 29475 8281 28618 28378 32360 32631 8608 2880 6299 31828 1410 382 24193 3465 11530 25386 26086 4227 4985 5024 14955 
29115 14233 6254 25442 11950 4583 988 21517 7799 6243 438 22707 13470 28197 23301 18261 12626 18541 19166 11396 6979 25528 4359 30233 10954 27234 13948 20731 17698 24715 15637 26887 25790 1508 18927 31140 11743 26691 19373 30405 26138 11134 25623 20959 7509 2078 30995 10499 3076 13683 29084 807 27077 17461 22381 1853 13675 12182 24890 11631 23721 6058 9596 19552 27638 5504 22618 11314 6426 1457 9937 23921 31040 14049 13911 5167 9870 27600 12375 2826 28012 16015 220 18396 19721 31590 7244 32401 20826 18915 31924 2729 20173 14819 4646 31536 28365 25039 2179 13720 3735 5522 12274 13571 22454 28145 22328 10170 27865 17218 3492 7996 20352 1482 18079 954 6259 13649 8832 15755 16453 9734 12496 13254 16653 3057 25440 21209 21737 11516 1473 964 4862 921 28674 7820 6213 29129 7770 6506 29095 15803 25232 5838 24064 26490 15901 29178 23079 9476 14723 1982 8111 24510 5533 28770 30810 29073 21658 13185 25288 9582 1474 8526 32523 27992 14877 12212 8983 22185 10032 18586 15603 5516 19588 30864 17061 8773 9112 6275 26473 15480 22295 13495 29511 16543 5070 26123 10558 31612 24894 20851 10551 25082 8977 4923 21556 11004 59 8132 5395 26565 14929 32220 3443 8360 15730 29744 20522 28676 8721 30771 16481 8908 11569 4832 32582 28400 8480 30394 480 2572 30174 6129 2110 20492 31740 21176 809 14753 22291 8967 4799 25553 16640 5494 24955 7336 12325 20060 9113 21400 13646 12444 7423 24495 3994 18985 25470 2614 2673 1444 23175 31604 15793 13651 6585 6591 24169 5653 23547 5669 29158 12755 10776 25304 9898 18068 15835 6992 3462 22 23508 14806 5389 27112 23031 4596 29940 21171 23160 19142 30105 10342 31807 27579 15339 10478 6824 18454 9784 14712 2032 1368 21827 4499 25898 27315 23350 8290 6026 8719 16711 29927 8213 13818 26428 8221 15675 104 6044 23692 738 22364 27748 27785 16905 25304 19493 13974 25957 26599 13236 10080 10903 10087 18039 20475 18455 8447 6272 11077 20533 25441 7954 11677 26446 20109 22643 3410 25459 17945 20983 18090 6088 4528 23706 32463 5656 18570 32118 10122 3984 29527 871 16819 2938 31063 1524 23244 11019 24412 14599 28589 21597 6582 31352 2971 31670 1082 27399 7061 9122 25686 12429 11575 8318 316 13548 27518 10001 26213 13042 28817 15111 8379 16680 7682 31529 27386 11636 27798 30350 17527 30349 11977 4117 7016 29032 28109 
30042 1138 20373 25589 11572 12891 1765 17766 21052 30141 117 26715 12319 4036 16235 21555 26684 133 29149 14354 20273 15356 23344 29284 16946 3688 26176 3082 10057 26802 6745 189 29161 18351 10963 29746 21515 24947 5146 18670 8103 16505 30820 27408 25761 15359 14232 8925 16846 25566 17230 10922 453 5849 31078 14950 21720 13249 23695 18852 7585 118 25089 17226 27743 741 25285 6169 31158 30162 16842 11507 22648 21530 12691 17747 28891 24868 23943 18726 17852 2864 13065 10152 25893 8775 25260 32069 32060 13801 6673 20330 19472 26735 16359 18603 21031 9061 2012 26198 10699 8498 19491 16194 30811 18788 27187 22755 25470 15380 12946 10671 8617 28337 32533 19394 10710 4418 28703 17627 30142 7970 556 9820 12090 18287 13843 22475 27985 10516 11179 31132 22571 17119 31092 22135 10932 3315 1093 22105 12001 30540 14995 25186 27272 21082 20159 25407 9980 8331 30713 3405 16685 11767 24452 27082 4060 22478 25725 31930 22266 63 18005 16460 17688 23395 18738 20501 20618 1360 20526 18875 4347 24013 27937 2459 21825 7807 27005 25622 14661 1222 15260 27894 9667 10071 10004 3995 22747 15359 5342 13932 28766 13806 13977 5097 5968 28127 937 10731 21559 6365 4582 17385 26222 26542 30153 31547 22376 12839 8475 24891 5248 26528 25164 13985 5229 23541 23292 20916 21756 19666 25001 9102 27900 9572 8905 7927 10311 23170 4805 23632 27953 21279 16559 4497 6599 10062 12020 3385 8789 21968 10553 31324 15451 26433 3056 1804 15252 11587 9238 3246 17526 24183 4918 29949 29975 24875 28668 1626 2695 21506 2881 24641 24058 376 15236 25459 29411 19837 11606 14541 28673 24637 8305 8472 8377 15598 19234 1721 26425 10844 4713 6039 20916 16968 28912 18949 15745 6504 26637 676 6889 25530 16394 535 19262 32386 6347 15286 13401 7713 9694 2532 4964 31573 18128 28658 5811 27625 6411 18735 26930 19618 14775 13294 5388 22935 14043 20966 20750 29864 3103 28813 12937 30888 18631 14042 22334 15774 23761 5146 32505 24251 7293 12892 20075 17701 9345 17016 23247 1715 32676 29337 25355 14516 20698 11108 27915 12850 31715 19177 129 7682 23023 736 12341 11529 11955 11037 20008 27801 16463 17177 16949 22363 4957 23545 15506 287 28492 21704 21316 17367 2046 15816 20115 21119 3029 16054 4033 18429 26632 13506 1456 23288 11163 23073 31418 32282 11854 31723 4583 20271 31575 13226 22269 2287 8820 13993 
10747 29928 29005 32495 13740 9638 544 6010 21917 19378 721 2887 29255 23923 20503 22029 7772 9281 26476 30649 7041 11922 897 984 25822 3975 1275 20842 31103 10315 18654 12247 17967 23981 8860 6364 20815 5271 29474 32149 12290 1918 30587 12357 8022 9083 11228 15593 2395 12882 4366 4186 21686 29802 3585 31318 12890 9265 30796 28899 6278 11997 19215 8457 32554 17745 3727 26002 30504 10204 868 24709 8335 13870 22376 8890 8961 4079 17955 26495 11237 19467 9505 20257 7661 32720 7492 22976 99 23874 15255 10994 24334 27074 15425 23427 32293 5158 12026 32575 24900 29920 7477 309 25038 23545 5500 4354 4083 719 15068 31038 3448 16256 10048 32101 4538 7047 20775 10511 22593 21669 16498 23788 30433 4044 2411 23501 21777 23049 22462 2851 10860 12719 8432 10873 3693 20349 19597 9839 5645 12793 17157 30052 21893 24108 15171 1441 12994 2192 25220 18268 29754 5953 3956 19334 5528 32199 2239 21960 25080 10142 30245 7393 25729 27218 5063 2138 27587 10556 28974 12725 6814 5231 8462 16143 32028 1432 17483 24604 17055 25445 2136 17535 18963 18298 1168 21113 8533 28992 28154 16981 5216 27993 4943 26032 20683 26089 30979 12319 26973 25819 3561 23400 2655 12474 15254 22788 27036 32753 3607 2509 22667 4291 32403 11606 19425 2865 16949 30183 3743 2786 17878 15379 11643 10667 19137 9225 7501 9353 12208 19661 2711 27314 12131 24978 20553 5233 11433 29182 26930 6748 4488 29729 13631 17638 15733 27176 31362 19071 19980 25481 31185 13704 20639 22658 14551 12065 6306 6997 32666 27369 28439 370 8411 18777 5741 3341 23374 20185 23960 8538 24144 16010 7343 25967 18485 2811 2210 3906 6173 31821 17587 6357 22460 25896 24235 4938 28042 27957 10129 15162 23755 26524 13930 13649 8092 21816 3885 29402 14342 13190 11880 2711 6392 28344 7960 23826 22197 13428 25412 11202 7794 19800 22487 25834 17211 6394 24244 2344 20931 30791 26510 1614 7670 18094 9880 12562 1477 9304 10660 24487 23315 23649 27423 29159 18066 448 17767 3065 6928 28978 31705 2812 26936 24171 18325 8526 10627 25658 30700 3132 5019 24232 12291 19781 18798 434 29853 16589 19035 18641 6533 793 32597 17525 26919 2823 24969 2105 31194 4746 13300 16807 12833 14147 10266 31371 31176 24232 21078 160 25948 26252 12577 2786 12783 667 28965 25816 4840 14032 28039 16653 19243 23520 25216 25978 5598 30637 
10944 5106 10458 32221 15195 12266 3173 8467 26092 27087 24075 20934 4700 6680 3225 14753 31347 9153 19699 5753 2472 8318 32497 26145 116 12568 10138 28139 10883 15520 15949 20809 12835 23614 3388 8044 21464 176 10926 19209 17227 30505 30568 12926 15226 26217 1616 11257 12732 2171 197 19784 29584 18767 19705 11875 16664 8083 14414 4651 23290 6074 3653 12658 6707 23122 3001 15396 4020 10319 26852 13703 28406 12112 28869 6938 16119 14165 20517 14145 31702 18351 16905 27433 24515 9739 26676 16871 29936 18425 28670 6601 7220 12587 25490 16543 11478 9274 14128 29035 7076 10369 4629 5759 24050 28192 14929 2717 14670 15219 2891 32172 26736 14963 24374 2708 16664 26849 29975 10880 30087 31490 9710 8384 19763 115 9653 28022 21849 17020 24264 14382 30929 30487 9986 26186 1545 11559 22816 31172 2771 3621 11435 2189 4464 7296 8110 15326 2238 1016 23614 19244 13942 24363 21077 24343 12686 8150 32149 8318 25755 13836 26771 833 30374 12218 32334 3472 641 627 8942 17931 27412 30040 27352 29388 21250 28901 29834 27172 4288 15982 12062 14046 25894 1045 25524 4979 22457 20045 1184 6945 2799 462 14874 27035 29309 31244 16805 17760 32018 23690 28501 31597 30448 18214 2167 6525 30497 2673 10952 9161 26946 28462 15906 8206 28640 29054 5375 32658 5928 24476 30570 29920 18590 17279 27577 31629 7327 15680 11717 944 30694 1601 11830 4681 29990 18460 8785 17629 8859 19106 12557 1193 11310 6715 15999 15206 21848 1801 4297 8192 12842 20962 17518 25176 16405 29348 8728 6022 11168 7635 21425 5303 18618 2995 30706 16389 11438 9124 3611 28659 29097 11272 28616 13335 4343 8103 21558 15684 29335 19841 22168 4603 28903 30539 26570 30290 20137 29941 22592 566 3592 13428 14027 12277 31176 29083 25844 27960 18221 12913 23680 627 30438 30616 14590 6410 29558 30763 1242 31970 18137 2181 22246 17110 22569 3437 7612 15031 11703 20207 29204 25606 10766 28410 29620 29864 19782 28329 17991 23176 28304 14178 1406 10470 14367 29068 31839 25221 25119 25218 20498 5397 2816 1874 2207 19047 25410 3325 32093 23112 30916 12427 31161 22934 1477 18084 13798 16606 8736 15863 16767 520 4915 1318 9682 7578 14154 28184 29895 3427 809 30657 7500 26913 19510 23722 7948 14800 23291 18661 23437 1688 19767 31146 25408 9664 14454 25754 4119 3523 13898 19484 333 30850 65 21717 1703 23480 
12634 4504 31095 8366 19614 7523 26766 14703 2730 24620 6339 6204 28840 30387 20785 869 5359 32393 17247 10957 651 5497 19341 17458 19578 13273 20186 10374 10857 7229 10104 32247 428 12589 16112 25063 19330 10917 19492 12253 30334 12164 7605 28229 4593 22307 10244 16653 1508 21473 15851 24290 7673 6545 29626 20050 4573 29351 27994 25885 20156 22435 8976 14942 26483 30679 9633 14236 17828 15856 24297 13640 26874 10581 1492 21385 20710 19388 21016 3957 4327 11920 23574 23359 31070 3365 25633 15481 22372 17300 10797 16781 4322 3424 18876 24817 2276 28160 30905 22590 3837 20900 32414 18946 29952 27620 14147 1986 26410 23731 27083 22536 9937 19319 24883 28241 22920 20497 9234 17179 5545 8039 6374 9443 14734 5810 4767 8504 10927 4652 20423 25831 13123 22201 31626 31598 29348 26972 21199 15546 8540 20595 11869 28381 12645 2521 5574 4968 9390 26031 20483 31104 8349 2931 225 5810 2988 2465 3792 3557 21825 20570 2747 28421 21063 3211 2175 16730 31260 11060 29703 16674 644 22552 7345 12839 30105 6858 21834 6372 8471 18427 16433 32374 12919 6900 833 20738 24708 6567 31316 6613 21073 13337 10801 17274 8312 4730 1980 26592 22308 23224 4733 27759 8439 13818 28089 24139 12371 6239 29746 30683 27567 4276 12974 28768 28645 4112 29207 5489 8532 5748 32295 16584 10863 20205 2283 2128 9726 316 22625 450 23834 464 7129 23500 12441 9395 19869 5210 25597 11601 11575 2291 17766 27915 30412 19200 2849 1364 17052 543 32389 30394 3852 25779 14165 11572 16318 4524 8672 10060 13373 29562 6420 15528 16904 15598 8827 18874 5587 19541 29521 6964 20533 3523 5879 30919 22604 29807 13212 31537 4205 2058 1941 22839 11857 26768 16304 32684 11661 19083 16469 25854 6041 11487 14750 4627 20640 19300 846 32679 12229 27789 15798 16736 6033 31069 23978 32293 8779 14467 10465 19275 6397 21119 32749 929 28136 20711 19536 21431 18773 1973 18998 14006 19386 21364 30857 8647 5490 13696 3882 3004 29434 16345 7181 26608 9380 29655 22223 12347 20027 14754 19781 17372 7506 28758 2433 21420 7658 31315 12328 22595 90 9644 21 10374 8286 29902 2497 3516 24164 4150 4284 24078 2283 6431 6445 28353 5592 22310 18836 26166 12801 22589 32673 26835 7293 24746 3269 16653 12734 3770 10116 1812 12407 14083 5235 4584 10429 16596 28566 20329 7398 20178 12244 2344 6800 3822 
5149 22534 24584 32489 14801 4824 23094 11150 27904 28981 6081 3612 29139 9787 21308 9178 12827 6741 22404 24891 22081 16906 5803 13414 17183 31980 16652 3649 7864 3068 5280 24147 13028 19984 26934 571 237 11071 17742 1763 21400 13983 9781 2898 18915 21707 27661 4394 29062 7132 29161 29813 18151 27397 13325 11571 25588 12685 21467 9851 21738 30667 21137 21749 13852 32650 32696 25808 20442 8774 17870 22120 29289 26043 18233 16608 19479 12877 6387 5963 17028 31097 4562 1541 8730 6438 8025 13718 27997 28097 20861 25332 25132 16084 21 32622 30753 1644 29069 19791 24679 22929 10791 3561 19761 26692 12990 13189 5876 18813 9311 33 25190 23170 7456 7958 5705 28971 17404 9752 17072 5374 18926 10633 32556 7562 18404 1165 26546 4269 12298 31076 27219 14981 32396 19503 20348 8699 26105 22589 10657 29878 15250 18193 22777 17674 11093 3180 18364 25998 1375 22089 6753 25092 1483 7401 3633 5411 22050 27716 3696 11997 5975 30171 26695 25655 2548 27354 9770 28540 13597 28222 32193 21364 4204 28236 5893 399 30566 26726 24514 21941 12055 8589 14195 29339 25167 3003 22618 18203 22909 15563 738 13110 22315 19723 20656 20512 4795 22522 11224 4138 26892 6218 5057 26651 17214 32586 18226 20564 5924 4480 29654 779 15572 30593 30430 13566 5861 23733 30515 3194 21935 17091 17936 6693 1530 15760 23990 8279 5009 24099 14722 6766 3342 18606 10982 22781 1654 25124 32613 17040 27942 18886 3201 24811 82 1165 18965 26158 24181 4578 26321 29251 28416 27312 8651 30901 25863 6716 297 11961 15452 19370 15247 22423 26858 4759 12828 16781 23260 30285 10754 15587 7618 19941 8600 654 14410 7790 10229 22477 14607 26995 18723 12668 31820 6712 19837 22424 6884 15276 26655 31376 5057 3174 13510 6897 23091 16607 14424 29767 32578 5083 4176 10705 30379 24253 29254 30208 27403 6828 29354 3034 5174 22267 17621 24888 2139 22895 12091 16581 25214 41 24021 14495 5879 20055 1679 15560 24554 10030 16724 6847 15429 11886 9911 19631 27266 24917 7866 3986 9241 15084 18088 690 28001 16573 24982 19222 18136 8288 17509 25619 15899 19609 24665 12368 1886 5775 17692 26407 30945 2625 6181 25676 32403 30159 12952 2894 32501 3241 31702 11959 23616 16 16432 3806 32484 16566 6457 10214 28714 28477 20924 17176 26416 23104 14416 323 22864 20692 17021 29111 19222 16829 7846 29122 22663 9056 
6322 32105 11646 27129 18585 7030 3703 2257 3165 5611 16261 12791 702 15047 4434 20549 22489 10831 14485 22521 17207 8027 12144 16407 1022 20207 29826 23337 18188 25160 22977 5806 25211 14323 7550 10569 15464 5524 3206 7478 1292 14502 11080 32739 15647 9600 23813 22824 13636 1199 17317 9830 23488 13609 30868 24574 29511 12427 10522 22042 16384 14737 11093 31348 20177 31245 31104 29299 27789 13148 21522 30065 28975 10426 11745 3869 20666 5015 28203 8299 31646 9599 29451 24199 17065 17197 2662 483 11440 8822 19222 21604 13656 24308 18045 10535 17375 21040 5524 996 10758 27731 19029 4930 723 15156 11221 2666 22563 22806 893 27124 7509 17728 4819 12432 9093 4708 6307 24237 21181 9803 5634 24272 23747 21130 22981 7755 14977 27411 10567 18543 496 22169 2973 15261 2081 5997 13127 799 30964 12605 19916 1203 7208 2796 19528 10509 29434 3143 14648 5512 20849 25691 8954 9351 17158 28000 15795 14909 11838 17057 15876 24324 19587 31772 13877 6168 17926 25420 32413 25246 1970 2208 14844 19233 31822 6816 28294 12007 379 1881 7954 4890 18883 28 14338 16871 27079 13498 3478 4694 7875 10583 30602 8232 27196 12084 5978 20584 10540 21019 16831 25668 23533 12250 7599 5396 17332 4229 2245 16005 24495 3893 3350 30723 3265 4885 23174 28743 16548 32028 10086 7907 28894 30122 7120 10654 10906 3066 7654 14507 13650 26180 14769 30065 23001 21727 19878 9556 30652 9620 4090 8248 17193 3578 14347 15414 11789 20777 9239 32376 30230 712 12819 31067 10394 5877 29870 31629 11996 32474 12227 11392 8849 2828 11428 19156 29191 10374 18091 15136 10890 15530 7983 15826 10996 19466 10497 12471 8340 17501 9833 24948 13533 27049 320 6265 24337 19712 21834 22506 12342 5188 22705 23025 2293 7608 25168 534 24977 21350 21612 2526 5526 28814 27259 3255 16030 12927 21258 16641 5544 4367 1526 12723 3229 18420 13219 22276 14536 25653 28202 28741 25365 4813 19921 1312 5451 32479 9279 887 31482 3989 24162 17243 28089 18219 13353 25992 26986 11413 4954 6204 8111 682 11685 22971 32533 16894 15186 26973 11648 15743 15332 28088 13858 14062 8079 17170 14492 6484 29813 31810 4644 26802 2619 5301 21711 31445 8863 6007 11139 11484 8450 29075 5554 21284 7463 10420 15927 7698 428 14635 28566 2210 5784 14796 28556 25667 1120 7024 11759 27281 14221 21555 860 128 26145 22416 
6996 6262 14978 16400 29340 26444 1000 29604 752 27426 20253 4915 8174 25176 26991 7148 24103 16918 1816 24483 20550 18896 8409 20218 7013 30438 3318 15321 13787 7880 28754 30795 8145 17251 8089 4699 31172 22710 8833 26744 26210 13681 28333 9329 9775 9490 26347 21680 15244 7714 14196 24751 28667 30592 5058 28425 19792 25091 7010 2333 1612 8487 10316 18588 30957 18427 25713 30662 4041 1852 4306 7775 19464 27525 30378 13245 23131 3020 32545 13504 1897 6365 23738 6680 5848 23866 1721 23684 29101 5636 7299 27319 9504 12068 25203 27179 10126 27710 680 12513 3151 18716 29585 12167 25572 21391 29537 9332 31361 4442 8011 4151 25713 12879 25589 29179 9888 31068 18655 12005 6899 5398 15272 21893 2165 19922 29152 25969 15562 5410 7 7613 30397 26015 27251 4387 16540 32112 20056 16195 12995 10260 19840 4932 20279 15871 30079 24838 29391 26587 7887 481 16376 17900 25362 55 29300 20856 9656 28819 29059 22375 141 7765 24765 1162 9226 6850 11492 14466 24888 8670 24518 16364 8601 174 28070 13509 27090 32538 22449 25241 20923 28143 32662 30682 21316 1845 12731 17278 27649 15609 32724 28917 31328 2557 1600 3578 8370 21176 18238 18576 20524 4941 17637 10207 14607 186 7317 24973 10828 17463 28500 12542 2441 31591 20009 13846 28502 20668 12502 2613 22383 12111 12197 29142 26649 30157 13810 12920 31721 25288 6430 24492 29906 2463 30220 932 23480 20887 12308 6854 8246 16231 10651 19773 28026 23553 6335 5114 13793 28382 4433 31509 3045 756 1211 8612 5126 14907 10683 11659 28572 29988 18504 9978 515 19280 32059 16722 30309 6386 31639 12723 8695 10883 18410 11667 31982 27555 4001 13028 10201 13924 21500 14173 11411 16411 31441 22621 13554 27076 12912 3799 5498 635 8851 7287 6514 19558 27893 25164 7638 7810 18158 24417 5456 18338 16732 8304 22443 14328 3513 9599 14983 23615 21079 8895 2813 29079 31541 29364 15309 22353 22814 21682 4961 11879 14717 28763 27689 5940 19710 30253 21212 23391 4519 10044 30999 6005 25810 3429 7295 20977 29388 4790 433 10189 15043 2514 25001 8199 29595 18420 12844 4970 29537 9707 29308 31242 6176 3343 8655 5398 12986 9070 23092 29772 24562 6450 10075 5496 25200 14903 737 23114 1904 7509 13011 26905 15518 6864 14017 17449 28800 29321 11013 32425 18808 13156 28395 24185 17411 7002 17372 20869 12806 29376 3412 161 
23681 13478 30778 28208 3695 17770 25652 27143 4377 25872 9502 26277 5432 7731 6140 30285 8210 7256 22252 14947 26285 23978 9444 30473 7058 19668 8014 23425 3408 29752 8086 3727 5756 7016 32122 22253 32549 77 22306 26027 25974 9443 25424 14541 8470 27093 10017 25953 18335 5850 11075 24279 32541 105 6384 1250 3734 27708 10887 21881 25883 29982 27373 25580 5023 17871 22618 7032 11864 18073 24604 15409 7609 4477 5654 8594 25443 8164 26512 22403 23342 8493 5806 15642 9901 12064 29029 23815 2647 23083 3820 27131 29617 9059 20333 20392 12602 20743 15330 20096 15082 2891 5169 17819 6897 21452 18020 25838 3234 25925 24379 7926 9619 7346 1389 9152 11716 24821 25640 4044 31799 728 19283 32659 9312 143 27138 904 26288 5065 27874 19500 13546 14709 26835 21969 5652 3703 28285 31925 17663 2580 7896 22023 23640 22801 19325 4134 5496 2328 7512 11232 11125 24038 14428 15941 13948 24830 23705 18328 14766 17951 22022 8105 7595 23137 8937 8788 14694 2479 7194 8836 25485 3238 15564 1914 1835 27062 10232 26823 6299 12543 29558 16163 26627 25700 9821 25180 32678 22492 10740 27892 29200 6844 7012 1101 26468 1825 7864 27270 31585 910 21520 29905 19055 10932 11612 769 30987 4655 31046 9716 14312 8276 14217 23517 9532 13620 644 29134 26795 10339 26479 12852 32462 24764 28092 21275 109 188 8355 12137 18169 14136 25285 17320 4261 3268 10231 9713 23942 25305 19380 30479 15439 13426 22512 4862 8934 21549 11706 28329 22565 3725 10818 15604 14173 32105 7805 6199 22595 4722 23882 19123 30637 25662 27632 26703 28504 14061 17334 32572 15703 18546 6444 21219 29321 17616 27253 13144 11241 18689 6955 20476 15685 32243 12390 24768 5237 19290 15248 22915 18475 17072 8191 14157 7652 23835 19714 26750 12912 6568 7493 27170 18585 11953 24255 22157 16680 25980 10991 14460 18307 27045 20 20834 6362 28057 15557 9667 11521 30383 13535 13608 9661 4137 17172 27519 11242 10515 31457 22127 12274 32484 14813 20000 2313 4352 7655 5505 6838 5795 22714 23833 19140 12292 31051 5145 26130 9804 10648 1365 25952 23142 32264 19759 11300 17546 17244 8282 20566 5992 21070 25865 3387 5115 24329 30756 8094 23507 25193 3551 2180 28772 5464 7600 30474 28118 21744 29282 1568 5037 8055 11333 26040 5684 11298 30754 636 19593 12625 7645 9292 714 10589 12099 20646 4449 8669 1791 
27039 1054 26236 16130 12243 25001 12556 32480 4375 13846 9345 17550 7279 25867 11161 10188 21046 14650 30264 24862 17277 5199 13097 28158 1171 26170 25050 13597 20162 20730 19851 15430 25205 30770 15812 15170 12357 410 16695 1012 9124 23264 144 19151 10097 6546 23976 12902 28340 12757 14626 8332 24562 12237 25968 24582 4724 8739 20397 25064 16219 4446 450 6524 14763 28377 2306 26775 20838 15266 30205 6609 600 11021 6978 11755 18535 13925 7416 5356 2351 12724 26041 3016 18604 14071 8169 7996 9771 22968 15126 5067 5960 32722 25334 17196 30233 8776 4472 30939 11029 24854 3974 26353 15062 9547 23659 5047 12323 6672 1521 18920 5847 3633 4058 8131 3865 24218 5880 596 8006 24701 14288 988 17712 5296 28342 29002 5027 11506 1658 11665 558 14431 19810 20926 17169 4413 21305 31445 28187 21305 3578 11982 32224 23112 5912 2674 8853 24958 18343 9570 31522 27596 20473 5375 20745 19998 25016 30597 3629 18878 25750 11076 25451 25790 1468 10525 20969 31304 25191 32583 28019 12858 6144 14696 9707 25700 30749 12516 3595 481 2606 25662 21758 1544 14989 3399 9105 6523 11753 20212 2532 6318 4022 32348 7665 24571 13924 1754 24591 21058 6674 13796 21633 11618 12867 601 4209 19367 1164 22521 4862 13069 27375 32522 17976 31072 14403 8739 7434 22061 2122 20994 27586 6802 1136 30957 32055 31021 19930 3657 2392 32028 21421 6480 10106 11566 18279 3478 8165 30847 17777 7610 4813 10994 4754 10324 4178 8976 14075 24732 31792 20163 29835 20415 10840 12693 8786 9388 7838 11795 3253 22318 20464 9124 4884 9130 24409 14126 32610 21961 23925 18703 10665 17270 32180 8764 16522 25604 7396 16091 30633 8143 8243 6212 14824 8788 17596 5287 16482 3120 30504 10739 20856 6886 14223 12303 20050 10177 26427 27662 31488 17081 2571 4922 4438 15132 2404 23052 30122 24609 10275 2822 4018 29725 6289 2365 28300 17763 13160 2370 7385 7121 17346 18260 14243 13405 21573 7593 1931 2621 17961 25759 7094 5869 29047 30198 21705 28282 16018 14525 5087 23350 21996 18172 7543 32034 18973 900 16899 3827 31006 17860 23530 12294 19106 4163 20946 25351 2386 26593 31151 30234 24280 10900 4582 28833 13189 10558 26148 2815 8892 5253 28834 15224 25335 23027 9781 19601 16397 31678 28001 27740 18182 8742 18000 16035 2785 11251 29136 12592 30067 31041 30404 6604 8434 10127 24537 27324 
9419 28328 30616 20666 259 23687 28238 23713 14762 17826 8024 30665 21828 6225 7248 24546 7943 12132 12047 17572 16624 21575 3654 8218 1615 14281 3297 18975 32617 13737 28109 5473 8644 31354 15195 9653 25959 32654 26235 21482 28639 4394 14379 28125 24344 32436 15794 9109 19855 30845 17744 23510 1475 11555 1732 8706 18721 1355 5801 25968 32036 9785 14 8017 27717 6974 138 16566 14939 11929 15760 24578 14061 4962 27867 22423 20382 9795 16759 3515 10902 17476 24720 21494 28742 13761 9806 335 12262 9886 15391 13313 9948 17921 5956 25812 16734 10017 10376 10638 7907 3928 29134 1146 28550 23327 12634 32040 18131 19823 4616 19545 22548 3293 675 22633 13905 32217 10702 6138 28165 11607 5728 10432 8128 14102 18048 5025 26401 7938 19521 31759 25772 27680 13999 22354 12730 2155 5605 27279 32553 27158 30671 27879 17010 2643 15919 13273 13002 17681 13353 26951 28994 22177 26161 19921 24399 14482 6404 10366 24756 6858 22312 30955 16343 13908 25188 21154 29763 20679 3359 13849 22888 1247 12370 16041 12652 7481 2948 2077 30052 8043 13437 3899 29479 691 31944 8906 12276 10881 8173 11120 2567 19153 14572 13751 24779 10518 20235 2664 883 21239 24374 9154 8429 21999 19969 22287 20264 6443 12002 11982 9299 21332 19566 7357 26117 18059 11615 30434 1135 20353 10488 19704 2498 30553 12287 9908 16712 28533 30256 22704 32620 4181 31322 16237 20180 15379 23556 109 10464 10716 11951 22342 5420 16222 19771 6970 19656 5478 9984 4224 12899 1548 24025 13995 28060 23831 11262 8979 21626 29111 10448 24813 27590 2618 10977 13650 7245 18335 14402 20290 933 27471 10751 6730 17660 11278 2732 30959 16487 25407 27706 10429 16068 8811 4593 26291 23986 8939 26478 13609 19620 3678 23706 6512 24886 10186 2015 21617 4656 11293 23142 21885 26004 836 29454 29611 11577 27033 11476 18455 6978 5146 13651 7332 23659 30845 18074 30198 15221 23327 25509 28919 10108 14406 19339 31136 10970 11247 29042 642 23371 29528 14421 1894 18226 27301 2330 1467 11073 4402 14561 18382 30198 12162 29671 10577 17949 23632 9015 22848 12235 20793 17397 4274 15353 13451 18687 10180 16119 24724 13760 24209 1276 27343 30551 8575 7833 1603 16573 21966 28192 7894 22624 20988 9708 4124 19775 31171 14384 27083 26998 25299 19435 22673 530 1180 14683 9379 13007 8725 5181 24284 2517 29272 463 25753 17636 19300 
31267 29173 1785 9355 4682 6244 18629 10606 19537 9020 6000 20852 28403 30151 19257 23839 2282 7082 3726 30245 18848 32464 10882 28965 8706 7472 23479 18675 20617 11859 155 8520 2331 28170 10302 7192 17181 29889 9383 11193 13085 20678 9218 7943 19724 29206 16720 12921 32045 5508 26379 18063 27479 21888 11526 4512 24187 21667 11952 20271 18650 23693 12733 9227 29895 18955 29761 17809 15985 2352 31884 15020 27665 27415 26741 27538 30976 15293 2920 28324 3342 10262 28776 30472 28921 31927 7839 9879 25617 23316 18813 27722 20233 25847 7887 16502 16209 16511 10192 25749 31334 32618 19774 8376 24032 10601 15192 12530 19607 21598 18147 4898 5283 9290 9809 20645 20908 28089 17769 12705 22880 24111 4022 12415 5170 1811 32016 25708 25920 15216 29236 21209 6098 29660 31714 16801 19467 3433 13584 9475 12979 9507 12834 17148 12491 22455 14925 18472 628 1781 32397 27381 22371 10165 23082 1609 22090 11332 22636 5031 6970 19127 7204 16757 4000 11013 27988 11759 2598 6963 6521 6420 56 4999 28449 15919 31225 18267 26280 17141 925 23623 32552 26389 12713 12974 22426 5989 21527 12436 25139 32636 9181 22759 8889 29504 7845 6989 21269 19601 30613 13869 20076 12444 11991 20285 26100 9863 23190 4112 21403 12731 5374 28006 18341 2381 6922 21719 4591 24671 17400 21239 6938 27962 15312 23807 1081 23940 13760 31385 20920 11012 6277 29583 16345 6168 1480 580 12863 32642 15776 3970 5037 18663 21827 29649 28697 13201 28109 29488 15033 25255 32536 18904 26975 8815 18378 14063 25659 6210 32078 747 10125 31014 18861 10334 28733 12106 16613 13459 7838 13449 15111 24568 5262 3136 22336 22031 8482 25783 19948 21006 26801 21892 13176 2325 18795 118 1057 22070 12417 29461 17027 5819 30837 27014 21933 22036 20684 32191 30168 23047 16133 28755 28900 11654 15510 2399 541 8077 12698 28911 26535 18855 1961 17305 16379 6471 2860 22018 16277 10997 12825 11141 6932 24223 27028 13507 10026 3280 27407 6936 27047 7457 17275 9683 29595 29217 12939 17751 7222 32522 10121 16207 485 7245 28603 17857 15161 12513 21206 13791 21352 28202 10325 18024 26620 3142 9381 23349 28035 20964 21794 15681 4710 16517 15044 18682 17787 22520 27347 28476 13737 6828 6900 27876 19859 14733 5818 17827 5407 17992 7251 20741 23777 28878 32553 22709 28017 20141 813 23938 22565 20937 14057 17758 30620 5229 12231 15530 
18939 28771 28030 16442 17741 28125 10777 2754 21129 25663 30925 3075 17286 25587 18583 13445 30874 29291 13528 10497 24725 25088 17986 29275 10235 15492 6287 2422 31118 1863 30573 1694 12286 22636 18772 22750 10796 12584 1367 31221 22365 22692 12435 30726 19037 25613 5915 6656 7614 12544 14508 17031 11801 7504 14874 7942 30334 20609 305 8901 24507 8203 20501 18297 2980 28152 30969 7180 15785 31329 18000 395 31617 12661 6612 6246 28157 15936 5832 17423 2492 10442 26297 2893 24890 17509 25547 26247 26176 19960 31177 17219 6533 29820 11936 12650 26977 25432 18907 8060 22446 22277 29975 18023 31667 899 2286 19914 12782 31085 30194 7148 19451 20837 1336 24482 564 25097 8587 762 23853 11700 27277 32422 8969 3135 10856 14411 16850 21864 20366 10485 31620 15691 16566 17651 27960 29831 193 32572 18480 13413 23597 27635 18918 27760 27752 14718 10307 6025 29605 25069 14268 11252 30309 13490 6613 28627 30605 9165 21180 9941 20956 4238 27946 26136 30979 1103 17912 18593 8182 25634 6453 11782 32502 10043 2362 30017 14780 4966 21730 29614 2207 28260 12665 19299 27863 19159 24395 30671 200 10553 6293 812 11656 13084 21253 21178 19866 3055 9376 13791 29032 25503 18248 12118 27744 9495 10167 31525 13996 27847 5892 10805 26556 28177 27761 23697 2174 2701 2471 13718 13850 27058 30832 31162 14193 18437 24167 12724 10235 9774 1000 4995 15539 32093 2690 14001 4296 3044 1647 26866 3822 27923 29799 15770 9683 17007 18646 32355 21679 446 18066 24941 432 32523 26979 21094 31219 20465 10584 15157 4326 18703 660 26863 26906 27807 11488 29298 25875 7551 15765 11608 10291 22686 21161 6464 4242 19670 17808 30427 8101 13260 24115 7368 19262 25886 17983 12832 10703 19365 5502 3232 3208 32407 7263 24456 15775 8077 26492 32237 2244 9792 12230 16529 8557 6081 2712 3912 19220 26631 3344 23287 5510 29014 11749 12910 912 24322 3076 32655 17971 680 6853 11580 22177 17308 19323 25838 11636 1266 1347 3953 12012 26807 12804 32368 16142 21488 14216 14427 31331 2628 20234 10854 26185 3704 29842 15677 5642 28154 6375 4000 29495 31923 15871 23882 7661 17443 7795 3900 6438 23366 16831 4718 23216 31559 32391 15237 29818 3578 8139 15737 25967 31920 2411 21248 22313 13884 18035 26644 11224 24759 9870 3155 29581 18628 10918 30759 27605 4448 5576 3791 12458 15864 18708 22720 1239 32204 
25132 16656 27439 11415 9765 10545 6424 29773 14765 19033 18669 15605 20835 22991 25057 18314 7792 11716 27175 22684 23731 5788 10291 13117 17818 20091 18803 10545 13662 6316 16410 5103 20723 24583 1944 25641 30995 28177 25660 23771 8748 5616 25567 14806 5752 12302 15407 26927 21668 27470 8310 11000 14294 22343 31344 12336 344 4932 19438 25798 2629 14049 2515 18884 21570 23879 4548 7956 10597 16783 22938 8887 19721 10839 30529 14350 31762 6422 1437 31331 11058 30249 24368 15191 10736 4175 13390 31804 13904 10096 2848 14736 1629 21156 21478 6523 4059 9160 8319 18464 16704 9358 28111 7978 2391 17595 1314 9552 31627 15834 26030 12459 17562 183 25825 32486 31922 5432 21290 21357 14310 24843 20008 31060 3895 20797 4935 2551 18031 7363 16472 17318 31456 28200 32610 31936 14362 3304 20019 18489 11864 8616 1622 13512 3155 9261 4222 8549 1487 10334 29475 15979 7708 29161 28787 27698 11484 92 13921 31817 10208 2813 29557 20496 20103 22850 22604 19864 28288 21113 11506 9137 25337 29819 29317 4311 18178 13402 18119 26993 10674 29313 26891 4258 16861 20852 17621 5836 25276 28640 26075 25943 28193 15955 13616 18618 17427 25395 31973 27978 30897 20622 3590 16749 31466 22924 30896 5396 17219 18280 22651 23093 17643 8711 27916 3849 27147 26607 21039 8208 24356 30278 15311 173 10604 2007 13846 19465 26980 22982 5610 268 29041 21690 3846 23147 2455 20542 8116 15688 12157 24131 13690 21445 3701 1573 27539 4547 174 29503 25643 20430 2770 21688 25370 3890 12442 23859 19775 28216 12408 12787 12873 6482 4384 194 13510 15897 26930 7684 14177 24854 18858 19968 22331 18750 20103 7491 11764 30618 23711 18751 11588 22144 17863 13786 7148 25883 29546 20617 8287 4917 16878 10680 10060 5952 6466 1917 9341 25013 9384 25977 16061 27312 8898 29828 6015 7835 16688 5091 19313 12850 25187 22832 22806 29587 18419 14411 13368 16655 25215 13731 27810 594 19924 25618 23000 16912 18465 6153 26886 24710 22263 17375 12026 2982 16162 13374 23665 4882 561 3022 23265 26724 21132 4700 3175 1284 29719 12255 31803 29415 29067 21001 28446 1838 5497 26845 22742 9859 8224 29588 7726 15650 16551 12776 23626 25247 6907 3942 19830 31075 1146 27251 27053 10500 24597 7070 31840 22246 774 19940 24879 8593 7648 30 3810 227 8493 8326 24243 8312 3860 6140 2659 22884 18027 10907 3881 12952 
10142 18574 14044 2413 5913 11887 29384 23230 9113 26284 16933 13513 13227 8447 32267 28331 6030 24602 3973 15173 15064 28685 21466 2394 4452 30436 26780 10835 420 15536 9412 14574 14123 4245 9721 642 26838 12515 11317 19285 2107 3699 14706 5819 6609 2067 21150 9542 12068 548 19048 6780 19639 16451 21654 22318 30819 22643 8846 28847 16543 22635 7719 20411 6312 631 28026 21078 983 21952 24097 5487 10509 8619 4583 10629 6090 23793 25234 16823 18775 20021 149 18865 16521 10037 31844 6019 11710 22920 31283 2403 18759 29953 18770 1581 30128 11063 9804 13073 6785 5160 27317 4967 983 20778 25470 6913 5623 26759 18817 28413 1674 15636 20370 16953 13067 13292 22499 25054 5196 25842 4618 24475 29795 4629 17854 20514 8193 14169 26169 19476 4334 2832 21786 3344 16874 13897 25568 13004 6860 26947 29186 744 7246 4368 7952 7186 23522 23666 22272 13942 18608 7064 17041 20054 17298 1840 30212 27013 22080 26884 21221 22504 31555 8850 19407 7456 6842 24705 12233 22393 5193 21927 25373 2225 32019 27567 5357 25555 5363 6598 2278 13510 14562 25572 1924 6437 4614 4492 19614 12906 11125 8508 3342 14183 24582 25556 24928 17547 22475 25508 18719 7700 29921 2988 19021 17305 4687 971 3118 15021 16230 21030 10798 24916 9248 19086 5332 5649 18991 7380 16318 32513 18052 8933 28844 20147 24941 17754 7627 30936 32430 12571 22274 2105 20875 26953 2971 10794 18458 21214 15028 19024 18616 11398 85 30522 30829 3083 23146 6261 31020 20787 3622 20934 29218 5359 10903 2003 1736 26684 9472 12442 30864 31759 19646 6206 7652 6625 20692 7349 3634 23226 20548 9916 8773 26354 15449 15530 17740 8223 23216 20264 15130 10311 19375 17138 22983 22211 18508 6146 30122 11910 28045 23152 19925 17775 29665 18462 9077 3132 23386 12967 11641 11018 2859 17346 27498 9336 618 937 28276 30805 761 4430 3580 5381 255 7232 1435 28930 25760 18302 8525 13722 26519 6278 16438 26351 25976 10427 11828 24271 9153 30671 27475 13663 3942 21939 10688 2162 15437 14647 18800 1845 6256 21807 6809 18346 9048 1080 32342 13837 21945 18507 1492 29937 2210 21466 14562 26930 28134 20632 8934 20713 7252 20303 3200 951 13514 15434 22232 1196 28214 15847 4303 2093 10035 32174 22795 26817 5748 7306 23289 12960 23393 31901 26743 17856 30941 5636 30485 16624 9476 20818 8318 17327 1048 858 
8080 22719 19370 7608 18784 28339 17148 9279 28712 8637 7827 27471 4669 15070 1307 23208 17 3571 6538 546 18809 24006 17034 12455 20462 10216 26423 2101 19918 31736 8666 9088 3058 4949 15516 23483 8447 17799 15544 30522 18625 676 6981 30341 8329 6645 28215 22957 12008 29835 27094 8203 6290 27242 20781 20506 2973 32741 29880 23609 6376 5497 8498 25272 24455 31700 26749 26215 26376 4286 27964 25366 16912 3 5161 7990 13869 21212 24429 24540 14128 2796 4647 24918 2303 29993 10283 271 3168 3863 10994 14836 2049 26133 23044 24592 31746 9886 12998 16459 17439 15966 5915 30000 16336 31005 13092 3740 1582 29269 12692 30095 14613 16008 30788 30948 28357 5598 10821 1779 29751 11085 16661 6353 5597 26491 25910 1973 4355 29333 17139 4410 26854 27489 29012 14351 28984 19335 24220 6967 14606 22947 3692 26295 1865 7200 25971 12613 16570 12629 23647 13387 10836 6417 796 8112 28051 18055 13125 21641 13099 10824 12002 3213 10868 16280 750 24968 29535 9982 5431 26987 5038 28203 563 4098 15859 12061 3948 31990 24854 3672 29409 28084 21235 28885 25847 30824 20586 24636 13495 17854 20108 25312 1239 3876 23828 12379 9620 27316 864 25568 26002 30760 245 25703 16356 4493 8892 26157 20502 30911 8640 14223 19144 15806 23764 9343 14033 19753 18899 20991 27626 22420 30676 10164 23467 24695 32130 27882 11629 30826 4094 29191 7960 22584 26442 5958 3039 7247 2969 19843 21032 11401 19661 1876 6162 14899 20243 5297 6225 7244 18072 4215 6848 12071 14865 25795 7141 21543 6174 4425 22958 29056 13370 20824 8616 29496 24709 3323 19106 1134 21440 17555 27772 5420 4610 4508 5318 14132 24977 18317 9280 2751 27115 3506 28837 23547 26036 25501 29607 10865 23338 28699 10086 26946 18289 21141 32210 12064 28801 29891 3943 32722 2209 29553 10114 9165 2897 28473 13470 28981 29094 23649 25677 15299 30198 18822 29830 16659 12657 1803 18127 12968 25617 4020 14890 2852 8940 24019 21570 25543 15028 2322 31200 23689 20852 12918 19980 32152 28434 5200 5124 4631 29705 31227 24491 3243 261 3144 13828 1406 1375 31462 14336 19788 18859 30234 4864 23901 31683 31113 9334 2314 8331 25105 30517 25132 17924 26432 28386 12990 19768 986 5028 4119 2139 5230 4235 22710 24370 16805 3238 10924 4331 12513 6422 22257 22161 7142 14550 14390 4569 24686 19388 461 14808 4660 4189 11508 
25604 19639 24581 21828 9471 10756 4450 9454 8600 5624 16953 24642 21700 18125 20652 638 30720 23016 9762 5015 11605 6652 24277 18797 31608 12760 16661 9453 16374 22497 13119 20356 6437 22250 1574 618 12618 26246 15852 19218 1904 16308 32412 2576 21178 8262 10399 18281 11055 27350 18702 8508 18100 25376 20501 18700 137 6920 27921 22478 956 9275 22255 2623 9394 1051 21125 10094 28835 1944 13185 17780 28087 2613 4992 25964 9527 12244 3591 1468 15230 10496 26323 23406 2943 891 14752 26799 18024 15270 22040 27838 31418 26917 20320 17548 9185 12488 16040 10424 6451 3563 29901 26922 4807 10301 2164 20408 32021 9893 25010 9736 25879 26503 22501 758 3139 5447 11538 30430 24072 27951 1924 2947 10324 24875 29950 10447 17859 3945 374 1451 18941 17558 30848 13411 10480 22194 24529 24147 21675 25381 29194 25182 368 6110 19657 28018 17533 7990 32567 5182 15919 18632 15261 9943 11692 20566 11441 14511 25475 3856 19325 12116 24355 15323 1909 19396 13136 17374 23843 30673 22055 8905 4505 8660 22710 5402 1699 3755 17854 26914 23875 1612 24615 14584 22232 29949 3439 13582 23498 17611 21098 32029 32642 21630 17403 9240 28793 25898 1820 7549 683 32030 22468 30939 13770 21362 9772 27634 13295 18691 11209 6900 20575 10060 13603 18438 14736 26179 7247 512 4617 9033 10638 3815 6239 29533 758 20354 14664 10271 9743 3056 11609 14836 24644 27782 21900 19279 31463 10537 31647 12019 5501 9139 8165 6128 15097 9943 28266 27507 23298 24728 390 18881 20627 19737 30362 6265 15920 20543 21793 471 29129 9431 28592 30519 1960 31221 12735 15419 5567 9091 7643 25300 19770 31628 5194 20059 9571 11766 1765 5812 20973 11202 29456 26115 32407 30429 18963 15020 5249 22132 15767 31011 22668 31488 12758 15531 12105 29111 20095 23046 5978 23248 11667 109 17306 3950 23198 1783 9381 30884 8522 21381 29335 10963 25642 26208 11512 7254 12738 13311 13200 636 8792 10128 4075 11067 5806 32764 7123 12825 26670 2893 3186 1102 2541 23891 31010 22995 25025 3317 1566 14470 18524 12523 16789 9188 17342 12463 16931 19903 12401 3934 6492 14727 6418 31612 2817 25708 24599 13733 1059 8706 14420 26995 5274 32494 28288 13545 6896 30189 28817 2445 21478 17651 15819 23531 6523 22205 10095 12373 19976 20245 13187 20361 20879 28479 21776 23322 28743 29222 18030 7875 4027 27655 13745 7688 
22526 663 17924 6931 12738 16220 16255 31006 2765 28179 2728 1138 15859 28350 26749 16261 8100 6481 18112 15207 5114 14447 24021 4100 21104 11400 5322 31798 14869 10897 7916 5885 6990 26854 8714 5406 15512 17910 12426 11146 27977 22095 19279 18381 14031 26579 14115 8319 5072 9283 2183 6772 7354 5625 25161 24500 24238 20694 11102 11867 25229 11807 19578 6711 26151 9235 14645 8648 16044 13634 13664 26540 17262 24574 28988 6044 541 2470 16010 3933 13172 19805 6682 7801 10382 30872 5836 22886 20790 6464 22078 16263 3445 9806 31953 7161 14175 17007 21353 23624 22967 8034 11736 28436 5751 9041 6876 19586 27033 28812 19314 9987 30438 9504 32275 25087 1524 9125 17846 1448 14683 31110 19830 7762 24540 4331 20165 18963 21822 28634 7683 19652 28930 21311 3333 30163 18122 29645 21356 7980 29621 571 20132 24823 14217 3552 3978 29404 11260 5018 12047 19009 5079 22708 17477 15897 9500 14975 7896 27837 19200 19644 25248 48 14670 5078 9031 27503 8694 11537 14111 11821 15004 3316 8342 22215 2940 31573 7446 24654 20178 8575 26192 16511 16865 10472 23646 2745 30548 21874 12495 14343 5932 30525 6084 20490 11155 5146 9040 20684 6672 16764 23596 16178 29013 5645 17749 6459 14514 14726 30658 29600 24258 17741 4569 10299 21434 29123 30207 29902 19617 22365 6381 3621 28651 27070 20867 24059 29954 8253 16778 28705 6097 4477 760 16080 13177 8601 3423 17409 21643 30434 27960 24882 1094 4995 31204 30376 17779 7683 7384 226 14230 7455 32007 13935 12460 4252 31558 21350 15300 17996 1514 1613 24329 21509 20622 15361 28864 16747 15261 9994 28022 17489 246 1900 23219 21711 3933 18548 7421 156 3036 29018 11617 21591 25964 10392 9814 1929 15300 3333 17934 6127 1079 9623 3310 951 29528 14393 10128 21378 8305 25935 32268 12738 15220 17430 3887 26407 4066 18422 23592 30427 8867 5531 12171 3382 12635 16008 12517 13294 21203 23896 19533 18293 10871 10175 31710 16175 30082 1380 24933 15547 11789 25201 22518 30575 1071 24072 14816 12915 25940 25040 20702 17055 14410 23451 21871 18102 14199 3258 26335 6453 13421 9203 32205 30381 17122 26213 2078 30460 13113 31597 11017 15513 19893 7479 30813 14850 5306 14408 15487 28271 21979 31151 27396 12702 27205 1677 17151 6753 27331 14072 31376 12244 694 11019 1577 13960 11245 19822 4711 23542 16584 16647 2791 94 14635 8986 
9929 29323 24640 14242 315 32399 8844 23690 7881 12080 32385 27434 20432 29953 10753 8339 13313 28219 29740 3608 1439 28263 8925 27853 30469 25954 7055 822 28925 1946 2872 25900 2381 20366 10160 4839 8748 2809 6942 30467 31299 24633 2250 2821 17231 3495 8166 1365 20255 31488 16852 31180 15178 22473 13474 15853 24074 1008 15746 17777 21493 2658 25859 23746 28603 1748 25890 12558 27115 9960 10474 5374 25921 7982 18356 11359 11472 28425 20485 6682 7396 23302 29600 2710 32404 7668 27649 27676 11171 20161 28171 14391 8166 10929 29154 22600 29678 11291 1815 14361 4727 29638 9482 25335 25941 24161 31226 10890 8925 1924 4364 11923 32519 23615 28858 7489 16576 32300 26325 15888 5923 32313 3734 21249 26818 30213 26063 25950 26866 7849 14377 20340 23804 18610 22902 10184 27631 8619 7636 2022 32048 19581 29117 7211 16524 4457 18811 9493 6146 13469 26421 8326 8613 16753 7513 10140 8271 15902 16091 3633 2932 15692 20987 12310 24029 9809 11995 7782 19180 26917 25570 5614 12862 16625 16056 3313 29905 26363 5663 14 5390 1734 10284 22075 28461 21930 16792 2624 16797 10601 25427 22126 6184 14148 21690 9272 23916 22793 20461 12202 20903 15935 185 19813 18751 25636 6956 15239 6033 11404 28898 6752 30063 2469 14100 9647 1664 29633 8091 27768 7659 26658 20343 17893 14265 2552 23370 2376 10904 2685 32456 16224 15814 2832 17332 28517 11646 3542 5438 13955 21047 1392 9184 10679 8729 498 13899 10168 31675 30571 27024 3832 20163 26314 19282 15363 16894 31887 23691 24211 1680 20187 13457 22329 20595 23089 5987 19374 140 25885 31415 17073 28087 24062 18977 28429 19118 29251 16205 28367 8872 3543 28597 3082 24435 32565 20632 29482 14282 31338 3846 7620 18777 30056 30978 28622 7299 22500 26567 23716 30470 2291 17206 22384 28277 18086 9416 17082 3400 19539 6996 148 30268 6017 4592 5092 8074 10077 20422 1521 24354 5150 9958 29393 23376 889 4747 18683 19203 8578 18169 31029 22228 14620 14743 1729 21479 4238 30429 15630 9705 11281 32144 16241 11227 19339 16602 27624 58 12269 7247 18700 6396 28020 2556 30154 13812 25231 27892 2747 30314 5469 17385 29841 29540 6362 31065 26817 12594 8100 21444 15797 30446 2468 14315 2161 19843 10247 18071 21923 4876 23974 17913 15687 3441 25088 18739 30608 13350 31862 5512 32626 15751 23775 14724 4502 11630 19774 26022 13014 
31996 1316 25428 5214 18787 2749 185 3733 10359 16645 23525 21360 4329 20670 4186 10724 21729 27571 12651 9599 11791 12501 27670 18053 19652 3976 11005 14896 10384 25389 8714 12610 11457 32470 32553 26355 8668 9846 18048 15958 29993 21986 7234 23400 4226 3341 22625 16915 25069 27664 9040 11366 15368 12194 17786 1677 1369 28718 22414 31072 21883 6801 11603 6228 16796 32380 495 29491 10715 11982 29993 1649 4213 26555 28796 4929 29346 7406 14643 16120 13456 23576 24525 2608 22332 25234 31454 18278 30316 9996 27897 32467 1696 7584 19833 11639 28117 21982 15227 1360 15391 17407 25287 27828 22457 27788 29021 20015 32653 25123 7225 16298 30504 19636 14144 27076 16919 10408 5043 22160 11868 12991 18082 9262 29762 8996 10437 17594 15179 26713 7191 32127 8284 6925 13621 7218 16889 4930 23672 5299 11490 17630 18512 11647 18700 4502 27741 19469 16208 31146 22525 13255 22086 9019 29484 27058 27271 28557 31723 17082 10423 2023 21761 21303 13856 17962 26554 12583 9393 636 8545 29456 22026 26240 4760 28653 3334 26318 11835 16767 14456 4001 18784 26989 403 23934 7751 23962 19684 24976 17000 1838 16973 21160 6360 10713 30897 26198 26239 139 8993 7170 6707 6891 16196 16557 28690 6449 10026 28950 822 1445 26287 29199 28625 17705 28903 4687 25324 4200 30096 2669 32750 27198 16417 24252 24178 4211 11492 19478 31359 31845 15324 19056 31865 31508 15421 10496 12863 6081 2163 2588 2601 3989 3461 19899 17907 18205 12532 27404 15779 865 23165 11000 22526 19599 28755 16355 29402 11143 24159 14690 20106 21980 3767 9400 20542 32618 16015 1037 44 22817 28178 11134 10044 27284 22773 24622 30010 27581 5777 13127 29975 7924 7133 27356 17981 19947 9748 15224 9858 13622 13924 27977 16370 16053 4294 30997 14790 3901 9960 24137 20153 19631 21829 16243 23205 18814 16006 9794 19392 17334 5288 2113 17570 22210 32713 9102 25767 15833 743 32737 23671 16859 2505 14333 24765 28347 25365 27369 3723 6326 23032 5289 1549 17078 20469 22744 23493 5209 28672 32589 1744 30365 24663 30633 9569 28390 21850 16461 10432 5998 7827 3971 2696 30785 4824 3158 9730 12075 6339 15373 6879 32528 23474 21929 28235 5011 8203 23164 1059 11122 29614 3616 13099 20967 22287 6987 18956 3512 10618 2074 8025 30916 19756 22943 3024 3582 17012 6619 20094 11759 3182 31209 17270 1536 26129 18454 8587 25728 
4546 21632 5028 8904 8586 17560 7314 16620 4632 24370 32545 20246 13918 22017 17539 26167 25180 13496 26338 12993 21994 28691 29291 22729 1266 147 22779 1264 21233 9924 14103 32270 14271 20908 18839 14940 23048 18249 1627 878 1609 24914 22844 31959 10507 31189 14452 3886 29010 9495 22895 17357 2208 25085 32344 7087 23692 29125 16414 14161 5606 26351 28039 20731 13688 15097 5886 30915 13402 22968 1529 14515 9608 174 19326 24155 25869 4256 27768 9516 22991 23053 24685 1058 2533 18011 4035 8040 16631 22214 8867 30358 30120 3136 19779 24465 5332 2069 19323 6622 6146 4203 31360 5514 8015 14262 2674 24343 30184 19099 9089 13161 27485 22346 31955 22922 21376 3145 30401 5793 12498 32583 11491 6437 21325 29564 19272 1310 32123 20591 29425 12827 13536 29640 2931 23352 12526 4153 25708 26931 1052 16614 3237 6272 22604 10608 30606 24314 10914 27081 12944 25644 23903 20925 8804 14913 4583 19322 26780 7498 25143 1628 11359 18366 21072 18316 3589 22976 25167 17910 17893 25410 6737 19419 11281 17277 4290 26994 12389 25192 30964 26049 9299 27739 24755 13604 8416 24941 12782 17442 12306 24556 16866 6738 23749 13973 9142 2310 16329 16070 17963 9428 13329 5341 19633 5913 907 10588 13069 23319 1030 7477 5792 26486 27606 13348 16485 4768 17334 20517 16917 46 27610 11596 19130 27632 22333 13161 27810 1753 2298 21462 4328 20338 11370 18010 4380 31252 23532 18196 24864 27034 23531 10264 3601 7728 6375 6923 22349 28849 11241 31979 3807 9785 30262 31362 3106 30882 9529 29053 573 32574 16799 9536 8201 23866 13487 32670 145 29264 7530 11287 32110 25915 17961 31676 9868 28621 2185 11019 5712 7956 30137 11750 20421 12227 19315 5168 25999 2823 13545 3184 13854 6534 23594 24868 27425 28630 23674 2639 21393 12492 23988 21030 12368 23278 6835 30824 17645 15267 24585 25490 3967 23467 2109 29997 32320 23184 22406 25554 26857 2960 32741 28338 9103 19318 14185 23890 2385 5475 22397 15628 31248 24649 4002 30947 30508 25594 4141 4596 16439 16834 19115 2926 7998 9024 17891 4909 5633 25356 6639 24956 8287 10519 30806 11158 29250 14641 30154 16992 1013 272 11746 2365 2826 4619 12655 796 4103 2739 21928 21879 10921 12287 27667 20287 21298 5021 9037 21390 30389 11679 18568 10353 12823 24327 8421 28358 30495 12221 23205 10133 5270 9194 25600 27930 20496 6641 22739 7601 
23491 25551 19809 16999 30026 11756 31858 28398 16529 6414 18178 25673 6333 26761 31894 2606 14040 11354 956 7832 29689 6392 32356 17551 13 17544 2718 30318 296 7489 28829 379 7831 20595 7394 27155 9486 11629 12258 27335 7775 21724 24298 17584 15713 20785 15283 19095 31701 1688 17146 1313 28167 1467 11260 25623 7217 27941 24465 17793 6205 13650 4692 18680 10832 14732 32190 4022 2233 11664 30174 20980 22547 5404 6956 16045 8927 16875 20719 16222 12814 12976 1401 29246 17656 25226 9799 4071 28652 10859 4049 688 11973 20729 20173 16652 18488 1976 6341 22553 26083 14022 23502 18986 22864 4957 28306 11245 24015 23252 16642 1754 27080 6994 14360 28758 32034 24187 1448 23248 13801 9627 1050 32194 20568 18811 26943 27184 12269 27493 23243 29343 20981 5788 32162 7990 18004 13027 9037 15249 30012 6776 24808 19457 6108 24318 313 31399 32133 8605 11895 25651 24982 17537 5058 20809 24923 6289 11941 26077 16718 3807 22947 17088 10998 8110 8567 7019 9070 27934 26169 7021 5538 7080 28074 13882 30219 14819 14170 16447 5835 3243 6594 26859 3920 27404 3759 617 17102 29558 15988 31505 23880 7354 3222 8270 10923 26618 28937 5181 10100 14643 12930 10630 19632 16185 1273 32569 29227 14442 19039 16984 23942 28533 4497 31127 9276 13335 15382 19075 4916 4708 1256 24225 15503 28637 13316 16117 32352 20979 14280 31244 4045 26355 18268 11179 16147 8016 18538 20251 27081 22272 5721 3497 21121 2466 26687 2906 25796 16179 18280 19319 21068 30850 26730 19697 14532 4778 28153 290 1116 9985 19619 18750 28223 18289 24555 13844 2708 7066 25939 11647 13650 11626 16855 19763 6293 27681 28649 30414 6089 30695 31069 22237 20610 23279 10245 3686 11078 20519 18115 14486 29508 27356 17444 27603 7600 20260 23131 12539 16348 24672 12966 21905 12833 19683 12357 22855 25882 28020 20868 22355 7332 3526 9213 25836 21095 8440 5237 23797 25710 4371 30898 7569 12017 30535 18757 17301 2912 3861 8351 15974 4042 30110 2550 28137 8976 13578 15733 13239 10749 11261 1157 4761 6839 15216 1751 20364 18344 27889 14264 28276 1997 22553 10042 31087 2215 18172 25561 10822 23023 28155 21717 27074 31323 22317 7825 24723 11163 9763 24201 30702 8615 7030 22796 19483 20524 8884 28122 22113 28341 12925 15601 5659 26388 28064 10438 27224 15578 17461 9657 22750 7411 22299 22025 30616 21725 17490 7447 7465 
25551 15011 23313 6862 28180 7954 2148 19160 31253 22384 13494 1477 23439 11136 31579 25500 26009 20807 8157 6445 4519 15555 25898 8423 8545 29667 15406 10938 9828 20230 24752 11936 7312 8387 3421 21728 5242 29873 23957 15724 30198 24626 27692 9279 23848 19803 21105 8035 31957 25288 146 7800 12029 31081 20821 20861 29473 3094 15096 25342 2339 29838 11875 19621 27235 19963 10910 19838 1683 26858 8723 14105 6442 8553 15261 6101 3863 9520 30354 19275 7692 17172 1092 21573 11861 32666 19929 31747 16120 5350 15584 4422 20945 9514 28136 20027 3013 28830 21216 21029 30752 28303 30725 18215 19154 7593 17576 10020 17617 9058 19276 30011 30327 32477 9335 29177 28956 17277 21607 30794 24497 4678 25265 22473 31324 7829 16541 3589 29880 8355 5755 17684 25672 11236 20207 20142 23596 14332 1452 19499 15308 10348 11516 12186 14755 2247 24805 4220 2724 3393 25218 8436 2036 16873 1611 32723 27916 25759 16702 26712 11759 29562 11913 26537 2207 7478 29272 27322 26879 16963 4789 17613 22949 22395 27680 803 23049 1566 30863 2582 19708 3174 21478 31453 20487 12629 14912 21739 10793 19358 31374 31829 14147 774 4367 18753 22476 8756 20730 21138 31010 1947 20878 202 19484 5002 449 12745 15652 26298 14741 1261 4020 31134 29470 27461 8960 14910 28176 22250 760 24437 17557 82 29267 24307 32203 2936 32683 9305 10899 18479 26959 307 30105 7838 26645 24894 12135 21077 25792 20813 16142 2437 14162 23366 9092 10087 11547 17869 15031 9789 29992 27685 19732 24067 31430 18659 891 4409 19138 20397 16499 15110 20664 15093 29127 23135 16144 8311 16807 3532 14449 1283 13688 16422 10539 14631 27895 26711 29124 23931 11403 17186 5537 8306 4851 10750 30915 3174 30464 8958 6381 6137 21332 22745 12744 8855 28856 2548 20642 2524 9658 32031 25436 12737 18535 28487 6222 25802 14453 28465 26164 7055 30502 30482 11506 16024 6882 636 18690 23277 23432 11053 467 32508 25456 9218 31599 19469 22927 11495 23788 22511 3115 18915 18572 12639 26528 8648 21527 14437 23113 10034 25154 5662 31786 14982 16311 6976 13124 11661 2630 11314 14128 16656 13238 14872 22467 18018 2806 27732 30224 11648 11384 10259 31433 30489 21628 9562 26059 4592 4266 5748 30238 15773 2118 25977 10386 24425 21614 7595 9011 18124 24474 7454 2969 17131 23445 20288 9452 21178 22831 25201 26706 10210 30502 30539 1715 24594 
31799 7984 26635 24326 16437 408 32725 10624 22422 5407 4205 23585 11861 19911 21354 10616 137 4028 1657 12775 17802 32419 2502 28430 22447 11448 9662 9056 21738 16161 908 14392 389 17477 23309 3917 3221 9816 11744 25217 1882 17272 5726 24687 30156 3331 19898 14295 32401 3116 19280 18113 16583 23092 8110 29000 29131 3876 15347 11136 8658 32515 22495 8013 13262 21235 5803 25215 14137 31585 7532 9063 3104 29677 8635 21199 17780 20371 17940 23847 30820 13324 32252 5463 20443 16369 2569 30491 4892 8549 9626 27157 4167 18930 17421 25095 29405 23335 1693 4263 20247 17237 24346 2242 12248 1543 20574 27081 8278 23901 18084 19694 32638 26479 1174 19942 22246 279 13530 24153 18245 2398 18037 690 5471 5967 13642 3759 27671 12296 16543 19459 28718 25379 8707 11413 22953 17043 7288 12759 23688 1978 26986 3782 19386 6185 8895 14098 952 9732 25117 27488 13186 14636 5765 215 16519 18205 28720 25118 4522 7869 148 1721 31633 18797 2262 23952 1829 26525 17706 21674 13879 19034 11482 7472 23179 9463 6849 16379 28402 25871 13022 15409 6833 23485 19519 7245 9043 29672 1299 15386 27760 32486 6649 14920 7317 20915 29325 4159 8471 32490 19591 15552 16317 13441 20968 8366 10932 88 10847 10486 22208 39 13548 25034 13609 14582 1262 1040 8921 31326 12078 29835 8457 28912 18016 30601 31339 32207 27580 8006 3366 16864 28687 7128 22841 11534 16528 12618 28260 22404 22307 20020 4388 881 15017 13832 21900 28796 11787 1652 9811 17303 20489 30968 15000 9062 11039 17053 11373 25899 30544 19904 13950 30952 30581 21416 28904 29983 29769 7618 28219 23780 31293 18080 11712 7005 15991 31162 28476 9129 32691 350 25941 25417 14555 15239 8733 20363 21595 30238 8244 5383 31414 12093 21518 27208 20049 22995 14527 22202 18819 15117 29206 13747 24930 9205 20263 5318 10321 21911 31623 22672 12286 11116 11568 6871 15867 26962 27188 10930 30389 22934 20443 10946 5696 9157 28002 24850 32097 3099 32418 4446 10758 3657 30407 12400 7247 26986 20845 1878 11503 607 9983 14682 12834 14430 6985 12386 14978 28114 20581 20525 30014 24063 26299 11452 25687 12588 16550 14679 29557 29068 16243 23448 1283 3023 10660 29150 351 1869 26824 3786 26478 24592 9153 531 9889 22773 1470 20806 13705 14786 8468 19534 3865 7138 31556 10343 14143 18779 2843 4805 12058 1358 29399 32646 12612 26557 
18732 17784 20365 2059 25957 22599 18171 30177 21070 562 29184 18435 16528 22543 1443 2844 30190 30313 17012 19625 28810 31521 24198 24374 13932 25023 5658 5300 9311 2040 7431 13347 11675 695 17988 6044 31840 14357 1018 2752 44 4430 7149 13269 5845 12737 29271 11881 7995 25162 23789 5576 17643 25918 23291 20361 22588 12858 5730 8409 1375 30980 480 14640 24052 8993 18428 4785 14726 506 17456 13301 5295 19133 14838 4180 7115 21376 23668 30923 271 30590 6928 15504 11538 25241 1264 20643 1770 22771 27361 24809 23280 30409 31503 7697 15901 23796 21818 21703 17361 2476 17235 1946 4392 17208 14213 14036 9250 22373 25968 14267 29814 9882 1256 14510 765 4632 326 20716 7297 19063 6884 4031 11745 12007 21108 2065 16246 14817 27338 19904 14494 570 11342 15710 11662 16620 886 32648 24098 23252 14162 18930 25423 31128 28475 31878 29799 31362 13598 27715 13947 24568 14516 827 29314 27073 23157 19581 10471 26300 21652 9002 28198 13165 30192 7608 19369 16624 28786 19466 11093 31996 13653 21481 6183 25735 24257 10858 20957 20553 6911 30752 15150 18217 27899 15244 14752 26632 13015 30876 29914 23464 22486 15153 5376 32293 12669 17908 5821 10386 11924 27126 32276 19707 3886 26133 2229 25693 32232 16081 17549 32206 4347 27426 20563 26596 5051 6323 28175 30125 26931 11650 14256 293 18232 6312 1904 27279 15472 19664 10980 26126 21052 27959 6657 25046 2495 32094 21806 19594 19947 303 14631 28481 27545 17013 6646 10987 22797 23068 13859 31233 26782 18525 32225 8778 4697 11086 23027 22109 7466 19868 25425 6290 13374 12521 19467 20255 9735 13450 27512 19380 7610 23120 14957 10066 15589 10947 22260 25201 19481 9280 29987 3474 23926 16214 13710 26924 30319 27205 4277 26534 11987 31364 7809 316 6925 26455 11150 8199 8668 19865 23413 31676 21937 19487 15357 5668 31374 4026 27752 14977 769 11537 23419 15033 21907 29728 9954 6540 30205 10576 23204 1689 3070 2048 12759 31983 22771 11835 11828 32019 6327 27398 19246 9384 11372 13655 27053 2818 25626 25509 6207 11813 4280 21053 11099 5504 29086 7165 2901 2878 2847 30635 24655 18107 25892 10968 15334 8769 5326 9328 20714 7695 18689 21021 11116 17801 26048 26533 5386 27689 10566 7966 19745 15873 24835 27274 29746 21010 30824 28183 11120 30608 3392 28146 20410 19490 11530 7876 28238 2604 5329 31744 22130 57 16464 15583 
12326 21142 1169 25964 4260 23131 360 17411 22570 21202 8911 15651 8422 14782 19704 26168 5703 8326 27593 10550 2215 17340 27180 25904 23841 3653 315 22246 7131 28132 12737 14316 21214 31395 411 23057 12140 5764 27356 28134 4715 12344 19209 25170 4082 20269 15891 14556 8728 12214 10864 27553 17819 17614 32764 21324 23824 31309 26838 31864 16305 24780 16525 5440 6018 29533 25449 17789 18858 17478 25347 18276 18246 23092 21103 12271 5334 10147 12987 8907 3676 30573 29453 3284 4946 17625 18006 13337 8588 11121 32715 14966 7962 27113 16156 22246 6173 27035 3716 3537 20938 22098 6844 6119 20352 26233 3992 7128 22209 1469 11666 23500 17460 29390 17579 11235 30478 14064 16303 2242 30595 14653 14707 13118 9170 8498 30133 21486 30445 25799 1221 1984 23940 9042 18175 7780 15872 16902 30472 28038 10750 1422 29123 23783 30641 7212 26452 15516 10107 20209 25202 20 13897 24417 29270 6937 2113 23670 32700 30152 16491 7851 9124 17307 3028 19146 25248 25531 30585 11174 31838 14014 25088 30894 10417 14026 2744 24576 15288 13067 9706 17217 22855 4750 10847 22242 3758 27117 15334 12496 18765 17305 18159 13686 2032 9710 23792 24599 13128 13814 23852 23125 13840 11169 28171 32242 8647 523 3548 3957 18692 32354 10086 11372 24318 10232 28962 20320 25172 2421 19939 17394 7417 16960 2847 8534 28378 15755 28092 23283 2829 295 4624 32607 15327 12081 5608 4632 22316 23474 9714 22085 19648 32100 15261 7883 25161 14021 6851 17710 32001 12031 30939 32042 5299 999 24791 2448 15638 16920 6799 18794 4467 16099 28623 19594 15220 2394 9618 11756 8683 29015 9981 19169 5571 9260 13611 18406 22448 21705 26103 11207 28019 4824 4506 26536 5883 9731 24598 14 31959 29033 18151 12373 11855 32170 13491 26290 25454 4702 3553 7148 8952 5781 6731 3419 11257 30726 18527 14705 32299 18727 19550 29025 21192 4514 31703 3500 30579 273 21054 3426 20502 8148 4831 2213 882 29369 3403 9076 87 16002 32392 17560 9226 6948 2729 17826 5464 24980 21917 22125 10442 10194 22907 12528 24053 6175 28530 2207 29225 27509 1106 27566 11708 3865 10109 24060 16406 993 17917 31160 17431 8279 31219 1033 1529 6798 2841 12065 3318 5583 5574 9729 9931 24368 14378 14513 25178 2970 15262 8661 753 19272 6062 27445 12994 8290 15767 25725 7591 7488 17082 29494 17381 11302 2968 29329 21102 26130 
28168 3971 29108 8256 8400 4699 13481 15991 28504 13884 8065 3406 16303 13498 11906 25491 25722 28525 25253 29644 31131 11222 21973 8031 25294 4663 15686 23779 8754 26508 27951 31784 31648 13054 19789 25367 12039 14329 18183 19263 25257 4623 19857 22627 8741 4746 9412 22610 20728 31346 13463 19243 28656 31789 25715 3037 12918 30468 9913 29306 22578 30243 21682 6137 24924 28238 22459 31364 2087 28676 1774 26142 12892 30575 9164 4724 17873 9864 28242 31940 21300 21764 23151 1892 16015 4483 27698 8288 16801 25431 3068 4559 11083 10611 26739 24734 25164 23932 15604 12260 3562 2802 15658 24134 3585 26170 738 7287 14780 8867 308 5694 1380 11674 19566 5144 24010 18068 2569 15015 8314 6670 6952 782 22063 4243 3097 4234 31886 15257 23146 31735 4728 15249 18231 31221 32274 4106 17412 14839 26529 13465 4817 29068 19832 10895 2819 10399 23635 27086 23038 22648 21040 27274 10635 23996 18795 4017 32174 15008 25900 11680 3290 30871 12121 28232 14632 6586 19823 519 10923 16791 2777 15820 29199 30928 26429 22715 27405 21364 11825 18442 20809 17228 17742 25365 20996 12804 31152 14665 29224 15408 8339 12455 2504 16158 3197 10281 30589 16972 1519 3960 4565 20320 6639 13977 31294 4464 27897 19590 5574 32583 16015 19353 22404 18501 15349 5598 425 29936 19725 14156 22021 15560 10017 9055 3595 6878 27161 26112 30426 16034 3073 22630 22301 3157 19994 8865 24183 16643 26243 24105 894 13178 4999 28250 17206 25217 5892 29766 14676 13347 9293 16004 5998 9531 24374 1705 28861 20263 16411 30017 9985 9369 16993 16798 10744 5810 549 4536 12739 6981 5818 32342 2933 30455 2166 32098 30337 4262 10540 14984 11703 17837 21873 26326 8195 22112 9356 27876 13714 32737 11392 8314 10138 13625 7987 1412 26403 20475 13560 8230 31528 10790 7297 30898 2060 26220 23593 22461 31580 2038 3817 21530 6663 6043 13294 23026 1400 31970 3397 15132 18086 25167 16063 6681 25641 22265 7531 15737 1995 21507 26040 27649 30278 27573 15662 4995 16923 9213 3841 17115 12605 32193 28904 8359 18428 1905 21494 4906 8372 19784 31970 13619 14733 17691 21098 21528 30996 24622 17131 3240 32690 7922 139 15024 17741 6276 20531 18036 7104 17626 29072 23248 26671 18230 2267 12636 5837 8378 4467 25763 18276 23405 8905 30213 11363 193 29479 29171 13653 24644 18358 15354 20811 30243 23994 32400 24524 16926 
18332 4323 31081 17198 4381 9911 23975 22344 2601 4440 6170 18327 20187 15852 26837 263 28680 25157 17961 27901 17249 19407 20671 16048 4313 30674 12554 15421 15240 19821 11151 4531 18937 14999 29769 14727 4847 15425 31397 12398 30429 17885 10256 8655 5277 16908 20719 27344 3646 24591 13668 27830 30799 29012 26022 21958 5762 19497 2404 17949 25381 16262 7344 28102 1253 15485 4698 19341 14612 30843 10684 6517 27628 20482 7618 15058 5978 32114 3507 25849 15893 11627 21161 10038 20614 30720 25040 28382 8442 28100 20545 24145 13913 3495 15201 9888 17582 18084 15690 20494 24785 31363 27838 14210 21996 25343 27230 10575 21927 4929 18209 24584 26644 11531 889 6134 22242 32262 11919 26136 6219 5605 1270 2559 18419 7332 15989 22128 19220 11229 19730 1448 4141 8967 9402 9451 12333 28957 20654 29845 17058 15782 6986 27957 9259 864 2033 25332 9390 21972 1768 28127 1982 10205 21583 27320 6677 17219 9465 13787 26029 14058 12167 1206 17738 25049 13689 21105 7115 27047 12433 32087 25691 23156 15817 17222 22637 5264 16840 7109 1242 28044 1305 1153 27826 28369 11896 13713 28865 22835 9843 1454 796 23087 32252 28034 30262 18745 5943 30169 29796 31130 21786 7207 1884 17904 30963 28055 374 28834 10250 32395 17557 23214 27363 19669 8255 5470 6368 16149 31248 22818 22584 14201 945 19428 10322 29856 30633 7701 21023 5891 17388 3744 30332 32071 4145 22075 6729 14444 11069 9380 22119 15657 22631 21049 30731 2008 25471 10234 16861 9112 30328 30402 7902 8532 18356 22122 29354 24006 13056 20205 30875 27549 4705 4694 20394 30538 2589 26679 31502 19090 9130 12120 15546 13999 4993 21706 28715 16214 12654 30402 29525 16828 11061 25739 13025 27759 25476 3001 21846 24769 4857 23009 30697 12919 2151 339 2188 7751 20976 25168 16576 5142 2152 23407 21435 10306 14178 16677 4718 20326 9024 8932 32578 31609 1778 5525 10368 10923 18264 14496 3076 26858 19472 5646 1719 14649 5339 21811 24686 13273 31269 173 10370 15381 31408 7839 26997 398 31078 14143 781 2767 26835 29519 29943 1780 16929 23031 1192 29553 21271 11251 5038 16575 23089 16072 799 23451 4857 29589 13243 17183 7724 28219 12031 10176 4346 1339 6278 22816 12111 4680 16896 10678 14561 14445 26239 4091 27419 30463 29248 27771 8580 1597 1210 17225 9990 2044 4168 15742 18185 8640 23766 25995 10997 14251 22895 869 
10243 24221 2978 2139 22493 11188 15850 17941 16866 4642 3102 10568 25800 6089 17273 13631 10761 32257 12357 20611 16725 14116 11451 20089 9593 22076 14861 17305 30456 10525 19112 3820 23849 22585 5088 18778 12181 16360 330 20000 12916 19086 16247 10610 14703 26680 19014 2962 3443 31626 6602 7823 30200 11260 1875 19843 18307 23169 9182 11709 22231 10977 10803 14559 26182 779 9836 13833 31572 22255 20710 23267 18348 18194 3971 4297 1853 15319 14753 28916 23751 26579 23325 19765 13257 10391 1532 29327 22657 26821 20701 24276 23910 13518 23094 21933 7753 14783 23312 3037 10949 20051 8440 12153 25452 30041 21532 24232 11988 32392 17823 27895 579 32379 30237 25483 25652 18540 24911 16035 7640 2557 2571 28535 18329 29600 12116 32052 31901 22143 7845 21761 5382 5520 1016 24397 26170 21690 13959 16481 895 2381 23058 31039 1242 25134 25288 14284 20570 432 28120 9782 26393 15593 31405 2756 29283 22235 4471 4599 2971 26020 11158 7445 27239 4185 4634 22470 18644 23413 5808 12038 19391 18904 5277 25097 26561 26054 9292 27085 11167 4774 10265 16936 294 25834 6083 15566 6575 23256 3722 14663 20921 28490 23967 30974 1573 1668 20920 17066 2834 1857 12370 21252 22258 28035 7214 16392 12672 18682 374 10529 19318 24235 29750 21351 16345 30188 9722 11342 1947 24 31454 23951 31291 2805 17077 17418 20197 11491 8312 11960 16638 6336 20167 27664 11514 21292 9253 11028 21216 14697 13129 13142 13385 32080 26851 14111 2267 27841 6425 22836 24230 1435 19192 5284 10947 30175 31460 8799 826 14508 892 1629 31498 8305 16462 19873 14022 19604 10553 5160 11465 22025 13644 14051 10192 30865 8591 10557 31904 8891 11161 23413 12434 18647 17049 8434 18061 6123 13715 32144 5003 21913 5163 21400 17788 9352 15101 7180 19853 12025 955 26590 20517 20196 22385 10347 21417 617 10635 4327 22705 19911 18769 27864 29051 32463 30332 13406 3155 6420 16455 11467 3357 22937 29307 9454 30014 13859 13911 977 10336 1667 14751 253 4348 31140 19424 14792 18396 3507 12699 7254 23002 29051 29924 16231 12708 13231 20165 31409 30503 8089 2900 31968 23716 281 3622 1816 19727 23633 23935 7155 19414 6478 3974 24043 16848 16013 12467 14278 23511 23944 17466 6678 7889 12169 13663 22057 27068 2496 1422 20070 15725 4782 28390 18092 25106 6331 26354 13811 30783 4450 14105 10168 5353 19134 29107 17037 
2840 20860 25474 19463 15677 25946 17480 21003 30261 3249 11733 22660 17699 23738 5218 29456 8890 24966 22210 5420 24660 11882 24301 22905 24641 11206 2110 11460 26836 7261 31199 824 7494 25705 4432 25631 21653 16879 28571 20067 12871 27592 2075 6351 17711 1886 29251 5676 13625 2276 18644 10208 31759 22372 26459 21585 14022 5328 12621 4798 26472 21308 26978 17736 28462 16173 750 32303 12706 30192 29257 1114 3299 28829 4519 11395 16998 25000 23799 27955 13813 31894 24156 17189 9376 4060 22061 31526 15434 3903 23845 26166 4937 24915 7558 2967 31009 24155 6035 16485 19381 12451 30334 1593 5143 19149 11621 24837 4529 5663 9697 10246 25169 23685 266 29548 7337 1732 15565 2117 25585 3109 1263 21494 6337 12440 10668 12158 16578 1857 2032 1746 16285 23998 25547 18905 32608 11978 27576 8246 27559 23809 30737 13557 24398 17116 26970 11321 5651 9681 6041 30002 12503 32127 32035 13878 25304 29513 24400 21029 11885 25797 24577 1178 21493 17173 24154 28530 17064 27700 6307 12805 32566 8564 18115 2966 835 24507 30873 22021 7814 25721 11442 25988 10210 7901 30776 25774 3421 7287 27092 18141 9985 53 29665 14162 4344 30508 30290 16340 26564 15147 6460 25855 26390 21187 1323 12143 29385 3633 6611 3448 6128 17732 17665 32418 18967 3889 29120 29967 18153 17886 11045 21972 239 19313 28615 20942 13032 5761 9394 15231 20959 14373 9594 25263 12484 23061 3583 7590 23824 18032 5877 2078 22229 1886 1985 19642 5086 270 25331 27591 24153 31236 23044 23448 15955 29582 4024 3492 8845 20617 26310 19967 23413 1971 2786 22937 25447 12196 20440 11756 2962 4750 675 28388 8641 15033 30418 11209 26194 32491 8553 26071 11091 12284 9639 862 9569 15056 1776 25275 18703 7436 22246 5547 31999 20132 26993 1932 15633 0 24265 24433 2439 27727 13714 16958 32549 30734 18818 4727 4609 24234 20257 16303 25411 9016 10724 10411 29767 17688 8344 6057 8832 124 13928 15717 22645 732 14369 14142 2970 29983 12730 25634 12901 3843 11092 20964 30877 21320 10652 6496 20325 11362 25504 29653 25814 25115 2062 29842 21668 8885 175 17068 11882 24610 1819 24107 29803 25287 1789 3818 22859 286 9498 21864 16351 31527 18501 7377 2420 3172 23235 16325 28945 5861 1724 12444 16720 2593 3638 9277 24905 28944 28817 22049 16902 16123 31668 2274 11946 28309 24562 12073 24747 5154 3788 13009 
19395 27245 9632 27884 13916 10898 29404 18802 22776 26158 14716 26886 11032 29416 13479 16797 7844 20283 25763 25631 16353 13787 28887 15278 26357 19637 14304 27138 15931 5699 32131 29496 26253 3341 18172 7778 16494 362 26965 19787 18851 11778 5347 23207 4944 25052 13766 14426 16064 25820 17667 24975 29471 19849 7378 9419 26954 9176 14711 2492 29478 13034 28526 28407 14192 11741 28021 24296 29946 27831 24838 32406 16931 10149 4846 21881 8290 18204 1913 24374 10136 20044 12813 28034 6290 357 5193 22529 21945 13902 23044 12536 24732 1875 3010 28798 26120 18686 5021 7189 5213 9637 18588 27335 27191 13649 9091 19966 14177 2239 9490 29822 14314 27546 9475 28268 5339 8020 10865 10975 1069 12147 10048 7756 3751 22960 13688 15958 17716 24792 2206 15630 18150 27596 26214 14224 28810 7749 5934 7359 6991 16818 28381 29706 16786 3935 21240 29275 29793 16587 17229 10320 17458 18979 25954 25713 11320 25590 9953 20703 29242 3974 19621 2475 25371 27104 1154 5092 11414 29535 11499 28791 16112 16685 5581 10971 22672 13768 26698 25970 28627 21234 15489 15154 12092 21691 25694 27701 14417 30936 27448 12566 26781 12075 25169 21475 21994 22987 24110 7129 4996 18566 6663 21100 3582 4320 26139 3142 12102 5071 29020 31910 15679 9558 21198 7604 26481 12162 13995 10619 2953 26128 20170 15204 11688 24052 27593 24428 14972 5608 1869 25585 28975 579 1322 20261 23878 573 266 29564 12949 9139 11846 28114 17116 3635 24009 31342 20004 24742 2411 4980 5818 8426 13020 17695 10671 22099 17748 23840 26040 28185 17212 23472 26406 5383 11220 13302 17170 15628 22886 14193 26488 718 19370 11781 8536 30270 3317 31205 31652 20063 23981 20551 22223 30316 25452 29786 6431 23672 12735 15664 31453 26293 7395 30272 5766 26244 22646 4169 28801 12754 10653 16153 4797 8526 12098 6545 19733 29052 10998 9228 3583 5711 9655 2602 25819 386 30867 16478 6958 13928 23470 1694 13909 25825 19824 9370 9 26968 15532 28718 25539 17697 23892 384 16270 15557 26321 30577 16560 26743 14409 13532 2002 23564 14297 14500 25065 22813 5455 32282 12097 29297 1371 25508 7002 21878 22300 5689 24837 8711 14177 6853 27572 3247 25912 7811 18119 18381 6851 2199 12643 23820 20456 28863 21809 5637 20453 23049 15254 23271 26087 24408 12304 20871 10672 26990 15019 22147 10234 3275 27958 3785 3542 22964 7665 2811 16852 18067 
27485 3386 26312 12885 12861 27376 4388 30224 197 20372 30519 28854 8256 25627 28080 22549 32149 22325 11680 25297 28743 7047 16147 16053 29753 1235 10042 15284 4984 31562 13581 1474 2886 3328 16254 18918 7822 21985 6363 10279 29082 442 19514 17288 23700 24474 7566 5535 1748 17566 10045 31035 25147 19912 24126 9454 27518 12691 26091 24326 32343 12924 5138 21521 19977 19241 9875 28269 11149 15441 11065 15183 5401 24931 23477 210 15298 1491 22236 20042 32348 8062 23695 30175 26099 12796 9271 21947 32388 31499 9324 399 18415 11015 29008 31731 3025 19309 24636 29352 15182 5587 25000 8633 17670 12052 8978 7384 19039 27257 1265 24097 11709 3452 18525 31313 14623 18191 3190 7676 8639 24132 14886 21394 19684 1515 29211 8922 11498 18123 7733 17159 2614 14501 26936 12170 21076 24836 12039 6113 27700 8778 28308 28290 25370 9319 19167 24375 25900 13776 30220 12324 12928 12438 31525 23507 3523 12237 2071 3416 26958 21206 10970 31007 26465 27039 25744 8767 14874 23396 11567 4965 613 15140 24671 11608 21566 24606 16285 10016 26963 19582 7185 5046 3807 27919 24340 15473 23886 27510 20016 20215 29025 23272 29380 3013 5228 12928 23008 17215 27604 25749 18759 5310 24579 7555 29103 22447 14697 31964 29028 28419 22430 25104 8970 8470 25319 17305 27701 7439 24608 19222 4845 10536 6596 20500 3591 27045 25944 26639 20236 28622 16596 26363 11608 17411 18729 6082 8300 29143 21606 26708 5258 26879 19644 9370 14812 22980 16639 20436 7151 11984 26420 3477 13602 23318 8739 21404 22582 18049 12488 13373 16390 8356 28888 24321 4277 27160 10372 28930 14123 22304 18398 8655 23548 32660 352 5293 18865 13880 22619 4391 29840 7489 16351 27298 22362 12925 3123 31668 1114 9914 31483 5151 15422 21933 13837 7197 24592 31258 29947 3388 7939 32518 7225 5403 4723 5453 30862 22335 2357 17197 31209 10923 17407 1049 3940 25956 8218 27270 10731 14877 30539 22438 31538 4317 6538 23455 6302 24234 15950 11903 8906 24252 4078 20231 217 12408 32519 21467 18532 12571 28289 32287 663 30803 16067 7553 3398 31747 7375 7397 16799 7815 7442 4193 4952 4543 32748 14510 4252 10188 8104 6976 32550 29034 23710 3603 21405 15295 29803 8602 28289 20421 24203 31798 20073 6042 13911 28416 7785 10994 18882 9418 16202 31664 11545 25151 15368 159 14541 28928 11912 31634 21165 13226 15873 6233 10403 382 
27919 26608 7123 30657 28220 2994 7664 19910 5315 18478 28290 5678 13630 22262 21349 22687 10517 12524 4495 22671 8838 10583 15887 29820 7731 12702 22495 3740 16901 16493 2627 25059 30596 12363 22456 303 31144 18325 15888 30243 30942 764 10219 6019 12376 31093 15878 2267 14893 3611 26107 19603 14997 9838 7468 3912 20157 25343 25404 11196 25181 659 22882 18798 7630 22697 4386 26948 6820 14987 8319 16259 22084 7535 14217 23037 23090 15001 13055 6810 10782 25189 19902 18353 20721 20198 10973 27289 4304 17343 21285 27101 9610 10813 24520 29229 30361 22845 32316 21192 28675 19799 8471 2536 13459 10200 201 10796 19852 8374 30530 24455 29769 15626 1836 19464 29869 29580 8641 4518 3800 23349 28450 8524 17024 16242 7431 14064 23589 25472 30882 2457 31197 25714 19955 25475 24274 9279 11513 15830 29203 23577 2114 10933 2139 11269 27946 13751 22039 27931 26343 25420 26599 26872 24659 27221 22831 6603 30627 1966 19394 13350 19348 2553 30509 18655 1709 28188 14507 15049 28770 28891 20400 14608 20407 17552 31186 19251 12439 21247 2716 19971 11259 15470 32385 20883 9122 28907 20598 21681 2078 23839 16440 29878 8154 2585 22819 9818 28014 31095 26773 15369 14642 27935 7909 31629 16869 21676 7881 28446 9406 4503 3622 31415 29338 12706 6469 6369 2289 11954 26194 9194 5701 29177 17053 27306 27193 14914 24288 8485 2165 4307 30643 12473 24659 31765 11196 2946 28540 29361 6804 27727 24176 16445 13851 23237 11401 27361 20336 28159 3646 27035 9932 5991 11540 26290 8070 20440 31212 20765 28658 11065 12830 22791 21357 30026 28961 19784 11638 8350 2047 5157 13588 25496 15131 28210 25830 19626 21680 24373 25022 25409 17290 10806 20076 31891 25877 26944 5118 18198 8483 18952 6236 28521 15850 8025 9646 3175 10638 24017 15283 30051 23820 29028 8101 5925 8763 25473 23651 566 24973 24085 6725 7122 3494 24410 24577 16775 1280 18976 10125 5440 14236 24290 2284 17034 17720 24624 3478 32434 28138 14010 32559 28617 25306 23939 7780 30776 28380 31626 29020 21947 21379 28541 30139 10060 32238 19800 11731 19634 25191 29312 12522 26213 14131 1522 1924 7242 30260 17638 6919 4525 1207 24383 6849 31628 28490 733 32704 4049 32695 23781 28223 4795 29282 22049 19145 3370 14422 15073 2241 2988 30540 4772 21688 10828 3119 6510 23994 12869 23926 22101 10699 17753 5996 5312 4682 27535 14444 1480 
14648 15196 25322 21991 26960 11883 17395 9212 15038 994 11564 24178 599 29350 5724 31321 27473 21455 18749 16274 10957 23511 7093 4836 32074 17501 14366 19637 800 22653 27431 16922 12737 26769 24743 3623 18358 11693 25739 9403 29497 2652 28675 8388 24019 3767 8197 25710 31401 29745 29443 9328 26735 13065 31892 9360 718 5159 21518 31614 2676 21636 21839 31644 30872 22532 29746 32686 27512 15839 24709 29744 2194 6287 25133 23149 2812 17504 9888 27160 31913 31576 25346 18714 9073 23442 29277 17843 31355 19073 20934 25240 15239 25489 17678 24652 15818 8064 7496 14565 26445 6006 18100 8806 13586 23792 16167 30663 15933 10865 24452 6080 3189 29328 432 26088 16790 28331 11804 26502 16956 10974 32574 30630 23256 20472 18589 26870 24621 19958 32032 13924 7838 17677 13187 13826 652 19615 14711 28085 30831 784 9768 18182 24681 4452 9361 16398 9834 9702 20158 14402 15207 1781 7161 570 14237 30886 12120 7550 3575 5081 11377 31630 5143 25019 16269 31617 10993 18130 13596 21624 7553 29099 5195 17417 15558 10946 18548 23989 29905 19078 24413 19655 24311 6384 27349 19387 26496 31086 26682 20663 4316 30837 23064 4063 24741 17807 2735 2749 20886 18208 16129 23948 10428 25061 20834 1536 2406 15677 20685 29955 23275 7735 29047 3026 14139 16582 27373 22842 11942 5133 28280 30741 1519 21020 2559 24144 19579 27396 20441 285 6881 25922 23493 21534 29160 749 20246 20478 14868 14913 19920 18040 12946 23649 9580 2698 11300 18993 3801 26664 18455 26817 14331 25038 16830 22651 20902 12129 3459 21666 9545 27203 16781 11407 3462 2341 4429 16571 24204 16782 10983 16933 15577 26110 28696 27701 26708 29118 5575 24316 18803 1439 13298 32482 26625 15408 6675 24863 8017 26912 32532 15858 22565 3950 3050 23333 20019 1147 1636 31188 6492 23482 10260 30967 26944 15293 30289 26944 31118 30517 7666 17173 14969 14402 17805 10489 3552 4027 7182 277 19181 10946 19334 7548 26997 30808 1164 32398 23615 11086 22096 11737 11832 29374 21865 2574 2991 17590 13207 22391 4274 27797 19782 14266 17264 26985 21410 13538 27749 9975 21687 2998 27397 16947 26628 8450 23890 10852 8829 11355 17370 30332 6679 9766 3937 12021 22597 13897 20601 13325 1381 24864 6982 8590 3830 2624 32449 5316 31690 8257 15238 22216 31280 21698 11046 32554 4800 32509 9193 1243 21306 23412 14972 17554 10666 6187 18643 7299 
1256 1513 27743 13280 1888 238 7397 14242 20076 21169 9035 25089 4699 14316 25722 12607 18482 15800 19405 5448 752 31013 17417 11499 31308 11615 17388 20043 1134 656 6528 1029 21361 16721 28022 16072 12072 24706 31189 22558 16108 11948 18446 14026 25198 8049 9905 22630 30603 2080 28980 5907 30059 17241 29307 22069 30459 320 19868 17361 30928 1692 20690 11068 16366 633 2441 10066 3940 23492 3780 9747 12456 28931 19755 4524 28513 27882 166 3030 27838 2269 22622 1561 32096 18113 7952 11219 11834 2634 1420 8862 1638 26637 28256 6081 17804 17150 2716 15858 5217 23562 3569 28254 31268 30109 19615 26075 289 23253 7200 17371 8577 29451 1263 28572 4610 25916 21643 21063 7008 10417 27285 27285 27957 7811 30746 28652 14916 32172 29712 21551 9033 10105 5251 32554 32637 13096 26346 1577 14013 30014 24081 3754 16239 15136 30824 1184 12010 15135 4583 9911 6273 13098 5662 13068 23778 23668 16429 25228 7509 29946 6249 720 1152 29868 6879 23100 10649 12846 20742 6964 14495 10669 10778 30210 24561 23151 19526 30261 32227 18233 11710 30485 20655 23711 19056 21769 12218 29322 7653 3368 18832 10801 18987 24519 15876 19869 6228 15476 13282 16434 30880 15102 14314 16951 3885 31803 30437 9095 3146 8549 15628 21217 6231 30685 10713 2982 431 27219 21024 10870 17212 26968 15568 22367 17907 25561 25369 4940 11685 4407 29782 21544 25817 11998 18820 16923 27494 8476 19151 15160 21475 68 19562 5063 13924 13995 824 10542 1183 10635 22191 22200 28718 25823 193 25299 17997 28737 1064 17910 14191 19722 30936 30600 21437 25747 18166 25399 18128 7132 32210 13329 25228 19138 80 18869 24411 21321 29700 2414 12121 28863 928 3181 351 8053 3221 3384 25262 3622 18439 31843 7532 32479 11042 13221 13252 16180 31974 9306 2269 17084 23358 3253 15685 13409 18413 19827 25473 10579 22400 2252 4876 11249 30134 23388 10541 25187 4695 4699 10100 14343 14239 2710 4489 28545 31418 2349 18545 1002 30272 18532 10213 4446 30558 24611 7909 3100 28400 160 32640 29347 24940 1095 9996 4781 18511 1142 14249 6347 7790 6395 29175 8522 26150 18814 16208 11688 17855 23163 30987 19364 28971 26503 1392 1952 16120 17243 32135 29124 6435 20638 30229 11697 16788 22738 13900 4542 10754 7891 28632 26197 6814 16253 6476 32576 10759 8486 9769 17077 16471 28104 16528 9835 25698 3227 32273 30164 
5939 2323 3461 8480 26430 21457 25028 27868 16035 25905 32085 13619 11223 15041 13455 27194 5724 24412 14676 15991 5277 10880 22072 27128 13448 11159 16596 26462 6105 8810 6723 12616 19117 1248 18803 10246 30244 2033 23739 5517 20606 7907 1895 10249 6859 13059 11082 29568 13529 12269 12214 13602 13907 20176 11670 12965 20647 15086 16286 3112 21203 342 27012 20102 12935 3456 10777 22317 15986 31601 8569 1990 32504 25190 9501 8534 15691 13896 24507 23294 14353 17659 28777 19057 1830 4212 18357 15966 27627 28745 12334 13620 664 20049 19146 15170 19504 18983 9201 6767 3210 7935 12484 30378 2388 23544 18790 19959 25964 18258 20276 8619 8399 15404 15004 17507 27447 11292 5701 5289 6694 3102 32219 32148 2741 3720 31857 23661 853 11314 18483 25474 28286 7028 6097 28114 30523 21364 4892 8360 30239 9957 5815 23078 2060 6933 21296 25407 11458 26798 16830 22666 7751 19448 31166 5884 19447 20633 4776 19699 9853 9322 3895 13617 18373 27285 694 18040 25477 6535 10468 24545 17925 1538 16243 16804 31358 25725 5133 2894 17617 6293 26417 26200 6462 17557 11156 12380 30942 32121 4775 8084 30667 17937 18655 2896 8511 30090 23577 19995 22987 31086 12988 23280 30532 32469 2133 12400 17120 9087 6060 232 31340 25400 2563 7716 23137 31888 10392 3554 3351 30401 27755 18556 31778 30907 24845 233 23064 5819 26622 25741 23680 1916 14548 683 32520 4801 24128 18521 14908 1866 22696 23904 8815 23054 28574 2750 8503 1830 26711 20507 20169 31950 5445 11566 28886 5028 15725 30467 23632 20731 15646 12894 24504 14302 10368 25205 12922 12380 5780 736 9780 5793 19616 28727 8050 10136 19397 10117 28290 28930 19288 27450 13277 32708 31757 611 409 27046 30937 5737 23398 684 1874 1749 24344 4646 13882 6891 20601 3743 10262 6152 27389 10352 6358 26106 1518 27699 27275 11905 13783 3292 31250 18522 11962 27018 19549 2487 18917 16263 13908 21610 17935 13867 2441 18307 21571 13253 31345 14809 32619 31405 9754 26055 12270 23257 11210 28823 10818 4098 19369 23315 17728 16110 28956 17791 18306 23894 11876 9959 27476 25151 17533 14297 27925 10008 32232 2865 22571 15961 18770 19177 23138 6422 30751 21628 0 17633 23941 4168 8698 18464 21424 15867 19671 27969 28103 2416 1955 32011 29125 17997 6790 5040 10695 9177 18869 28449 24515 14233 28010 14318 3430 30155 21405 29624 30590 4523 
19989 23260 29608 29521 11241 6667 3939 2055 23313 6690 7818 3704 17400 11450 24261 31001 9046 18305 1523 15157 1791 6964 30819 25529 6916 17904 31298 16397 8121 16319 4001 31667 11253 25850 15975 7691 24454 20094 5621 22073 13203 5247 31711 23915 24684 311 18132 12409 14708 31879 22872 17201 10879 31706 3278 6273 31336 27449 646 7910 28132 27847 16812 3466 13603 26820 11390 12313 6495 7513 19905 8935 25133 7314 29851 6712 22074 10052 21180 5306 15009 14090 26044 16878 26460 20439 31618 17970 5748 18949 16031 22650 32029 11514 15140 7692 16786 987 30831 13289 32508 5073 9737 13842 10599 30045 2875 6775 1837 31779 20167 3640 26418 2796 5931 27671 2176 14108 26672 26013 4158 9877 22326 13388 14007 27987 5317 6052 32281 31960 11092 15765 32130 11492 11813 13676 8870 11126 18836 15333 40 28521 31992 9261 9095 14567 31563 7995 32609 3983 19267 21510 3766 26044 21311 8994 3108 5824 11647 18884 7076 28193 1196 12670 21668 1509 20436 3385 19866 2772 15003 3896 9049 18482 21560 14073 3827 7769 8747 9126 19015 2682 16464 31535 31985 7262 32244 18721 8505 12988 1821 10537 3719 18462 20518 18877 29487 17749 212 18883 18341 25648 4433 8725 13103 12075 29700 19964 16846 22406 3633 1778 10533 27431 9693 11597 30042 32637 11631 20385 14521 29221 32675 30670 15726 12693 29443 21813 14839 23882 18679 25065 25559 32690 22132 27257 22856 541 12690 3823 1073 4906 17808 19335 15951 16938 19521 21664 18596 20384 22958 7388 23799 21932 5001 24882 31296 26260 17997 2596 30798 22544 20087 2600 21898 21581 3143 24232 21724 27345 164 27933 32564 27072 17037 30128 22567 13409 28362 22290 1011 19234 30602 23659 31015 31554 10276 16100 27916 10335 20830 9080 19968 31480 14522 22788 18904 24018 28259 17183 6053 2651 1247 12657 16792 29195 22774 21455 19070 13481 23207 1033 9533 18671 20399 32244 24406 2974 13979 20047 2379 6124 12848 18459 19182 22145 12817 19120 7220 31492 12644 19952 20267 14374 15567 30993 15219 618 14900 23094 13425 23188 6364 28322 26796 26413 11451 14168 22769 7439 20756 12568 19443 8225 9628 11289 4600 4978 31013 11867 1873 31307 15402 16606 6877 11431 23155 25185 28248 8019 13960 14965 25427 27272 21613 22737 29312 24282 3842 20187 19304 10074 11658 10201 21656 20509 12182 30543 21022 26064 2566 18997 32691 16404 16099 910 26595 16105 2338 20677 
24954 9992 20241 11260 18090 20520 18141 4633 18608 3735 3274 30568 15752 26014 29721 30599 17925 17592 15608 27928 5945 19935 16692 19989 19882 32703 9503 24992 6589 29828 19881 21982 20304 9907 27012 17460 8820 4093 11215 29020 18116 23534 30185 8692 7876 27799 26283 21440 24131 17927 24813 21942 10859 20915 16037 20514 18196 8837 18528 28790 20242 5968 22998 18462 14059 31910 21543 3476 18538 28984 5600 7556 1655 17705 10136 19579 22779 6399 15117 18358 5963 21947 7125 18582 25643 11830 13134 12768 10668 27893 23651 20112 22197 13810 19617 18094 8865 6363 4563 29537 21495 4594 21081 10586 31955 16803 11533 21808 21813 19932 25105 8728 12548 4001 9082 29720 10941 12722 16547 15522 12742 22185 3429 758 10686 1245 28467 31516 10495 8891 22764 2218 4304 12481 2514 32282 23397 20163 30015 23767 1803 3026 3906 8198 1676 13966 12473 13697 31152 29918 29861 19775 15337 25941 32171 14714 32481 14067 18090 28647 3269 6487 18342 8731 23928 7569 31962 19145 5560 29745 27140 18636 27733 7854 21460 9800 28155 30081 27699 7776 21089 4308 16097 19384 13547 9217 11817 13236 24866 11643 28225 1700 25449 32521 974 4007 20587 25472 17575 7797 28817 13431 19094 16310 22428 10096 11404 1876 19817 10449 5491 14724 26304 29016 16550 6868 9249 19613 19705 28889 25714 25423 10151 6927 29405 5974 20158 1278 32266 5843 18140 27595 19037 22358 4352 28602 7696 8493 3700 27992 20889 5860 19174 11006 19260 23315 22917 22927 29 22961 27174 7618 2935 28401 30774 7543 7121 13391 21819 30925 17724 25514 6617 30003 26007 11147 23670 5448 2133 19690 16260 8202 17935 15730 16558 4458 21990 14780 19359 10876 11657 6285 18881 13254 3608 19957 4981 13191 11929 3075 7265 7790 12426 28746 18053 31322 4925 24998 28847 29143 16965 24565 5935 11713 331 8764 25499 23642 2099 27918 13310 3060 11701 3179 29439 11220 16953 31237 32103 1936 31470 2528 10951 13321 8828 23100 11752 32508 12607 13705 26589 12096 30633 17255 28935 25217 24711 19464 3432 735 13290 14300 25672 3752 24062 5838 7045 31119 7190 11740 23786 14002 5754 23917 24469 23970 22919 16549 26024 11165 27793 20590 15387 26048 31361 8467 21926 4725 5935 18533 8593 21556 9811 22266 25079 28931 5401 31375 6241 7495 20551 20103 31728 4983 2032 1236 32187 11547 17308 3588 28190 15799 10832 13146 26256 32169 29916 4608 28473 9037 
24324 2371 18204 2012 21262 29272 1160 10671 25165 1596 1129 27965 17126 10468 4676 27324 8150 5868 20172 3759 11367 20285 20965 27139 19670 25875 21613 31635 981 3246 19797 2478 26395 20509 31087 22504 3080 6309 29981 13525 8000 24187 25532 22307 6157 21891 28396 14737 30145 13274 8844 4269 29187 1483 14077 6934 19615 15928 11741 11111 19872 3925 809 24072 9447 11048 22824 21121 7349 27780 404 1742 4502 10205 18373 9184 23908 18997 2914 8013 354 19076 24058 3606 1367 18778 1577 17251 29569 5504 6446 32726 30098 16437 9720 21811 2436 3537 821 4440 22075 26117 10191 2898 13487 1909 30220 17853 17669 14994 11030 20742 12325 2589 14967 13721 19817 15066 17403 11718 9018 25639 26313 22031 32573 22549 7625 28543 2413 2977 8523 17205 22814 23026 28636 2862 28 14101 28109 30022 1511 30764 32102 28082 19634 32653 8681 20217 24962 6734 18284 29722 27960 19205 467 23789 11378 19968 13314 30466 863 28485 17671 8044 7587 29854 9936 23575 10015 21767 29229 26708 4069 31604 15690 31729 6969 14453 18652 10112 30220 8826 19583 5630 4465 17478 29580 28521 18492 17305 21157 2514 15623 15856 29573 11273 11034 17311 26245 13270 29267 21722 18393 15766 30737 9496 5573 19974 18768 15092 28193 7019 20981 7505 16825 6525 3443 11123 23868 6381 11229 30130 1232 19588 10212 15760 11166 20467 7343 8057 21241 17290 28097 8191 15824 18246 22122 13960 31199 19669 23424 28249 16706 13525 26883 3920 20174 8018 15932 10753 7466 18574 14713 22849 16896 31144 10253 17403 11039 7730 19528 2933 20683 7508 143 23784 21731 10966 16788 29171 3113 12380 17172 8988 23788 8294 20149 28642 19631 10376 10735 6468 7633 4947 18479 24166 29886 30985 27183 11687 19748 5960 8205 27283 29405 22750 28446 26754 4907 13686 303 21780 21933 23667 31581 15788 11409 19283 28939 15613 15291 7494 32733 14910 18243 24678 1243 12796 4463 4660 217 17509 2283 30698 12841 22830 17594 24787 28209 12857 1113 83 8944 77 3148 13445 6892 18340 32103 27989 23722 2902 25338 15545 16237 32452 22120 12584 5006 7177 9049 10738 8008 3026 26899 31341 29302 16193 7582 10652 10500 6139 15469 822 17017 2785 27926 24551 22930 95 11167 2750 14989 15085 11404 25082 24687 11260 11372 23318 23008 18062 1362 30388 4434 22376 15450 25745 15820 5222 31191 1074 11490 27797 7253 13905 12372 27105 18409 18819 
19737 17383 14115 7740 2446 17700 9267 19602 27895 22514 22617 26909 15650 24816 10459 11651 17495 2870 18206 25882 11867 21974 14868 21821 12423 12490 9055 4362 17038 8156 4922 32685 17237 12621 30635 20069 14826 31420 13620 704 13250 6202 19470 9535 17681 15286 16980 25189 7999 20655 19565 27434 8277 27612 30397 22259 778 14094 20811 15777 32566 31717 11591 11306 31758 8766 17706 3748 17117 30322 32350 8481 30486 29655 5549 10301 22185 28466 7506 14682 8589 13080 17308 26447 7273 25866 32278 15887 626 574 8374 24234 24775 25742 21095 20182 23185 32322 7003 27978 18485 30691 12769 30644 6329 25722 14336 31010 6661 25057 23969 24556 8755 7349 13836 1036 32038 805 29164 5208 12027 13777 25169 9116 25502 11459 15246 28798 24370 19821 15943 17976 28017 12529 5033 20803 12537 3009 1499 4701 27290 25246 147 30240 5375 11078 18915 22054 29851 21983 31382 23562 5867 30717 20109 3834 5913 28784 17960 27102 32676 32607 10477 12383 12788 30104 16877 19746 25215 15358 15926 8713 17692 8437 26506 9391 13944 3318 5909 17836 18887 8221 7957 1231 19163 12632 31782 21993 7841 8330 22718 23768 18922 4663 3080 11809 18227 28123 28256 12015 20791 13710 724 4452 19919 1821 18623 29994 15349 13635 11567 10002 21986 32114 11926 8728 32698 19658 6730 20479 30105 4259 2743 3419 31496 12089 20055 24173 23237 27276 19140 22404 17768 19666 31169 9677 15673 8140 3040 28144 27918 15286 32232 29372 31915 16736 20289 19712 12260 24626 25788 9163 6417 8321 7210 32324 31852 20213 17549 19741 12539 1985 9488 2265 14991 5825 24652 28249 17079 11546 12293 18018 15327 31929 30031 2180 4619 20539 18065 32094 31136 22955 13377 28300 2197 809 28893 16320 19354 31780 26909 27140 8825 9277 11946 18089 18357 209 13494 8158 5037 5239 11588 21901 24013 22986 10864 13130 24598 17712 19330 27898 26859 2978 14291 7419 9363 5361 5933 14935 21386 815 22666 24746 4608 24710 30394 9783 23199 19524 6183 31494 29916 21662 10750 25024 28949 25755 25304 3113 7745 4500 25872 4561 15445 16768 15753 2261 24717 19026 28668 9222 15707 31393 1491 2802 31879 20989 31662 4227 27483 14507 23184 26045 32457 13209 24138 16515 31504 13439 18011 12674 22711 5356 30350 9323 3689 20483 14654 14948 5687 72 14390 19894 8940 7114 31244 2946 7431 12431 19458 3367 21416 18109 14445 13119 13625 8426 16237 3001 
2630 22432 11355 30100 19519 13158 11967 17408 26560 17652 31831 5892 12244 25601 9785 12906 12049 22890 25671 7374 14949 32223 11536 30948 11363 2474 922 31707 7391 29942 20816 19153 18945 29939 25388 12235 16604 32550 5827 10818 22436 25372 13913 29303 24902 12170 9162 28952 11957 10425 3679 15809 3785 16505 28690 25526 504 13604 17448 10877 19302 17944 20571 25258 15389 30180 24609 1739 25435 3812 7493 22892 451 15201 7147 22216 5647 29273 20031 8651 18020 14841 25483 20409 6333 3266 6934 4310 5863 23308 532 6910 21843 24828 26958 16114 19106 23260 27 25471 29321 28355 14817 29645 11356 4372 24316 26590 11922 330 27573 6173 11608 12635 15505 24051 30948 412 13994 8445 14088 20990 10480 19216 9232 5244 18965 21653 23071 9972 21739 10729 15544 1883 17505 24955 6212 20724 5778 10443 4797 12800 855 26627 1524 104 24128 6036 1601 26732 14472 5383 5745 19117 12225 30765 1113 2584 17727 2048 14705 10102 20598 9065 26277 3444 8633 11453 26447 4013 13653 28919 25938 18101 5290 14178 14087 5065 8091 1150 20796 8998 15544 48 18951 22018 26437 20059 5970 22993 24276 7270 4744 6455 23015 10775 23653 12703 14365 8661 18654 15770 28911 9280 8786 2466 21379 18055 12567 30773 8684 25099 4189 30084 28041 10524 8876 22034 25315 17459 10944 13194 17288 32217 4191 852 32706 19654 23112 19351 3069 17557 30083 2655 9912 25134 1508 14613 24766 10044 9116 8695 21692 25230 6283 21939 26392 9969 22962 1631 31041 17159 27828 31126 2420 9407 27550 26561 26675 4573 3942 15841 4758 19986 17107 12676 22435 29893 11798 15976 6360 23734 5287 13336 26291 31840 3628 17672 18810 30436 30137 6533 12313 2155 26555 15507 16703 13631 11205 23346 21517 15952 3076 14771 25610 3334 21430 11030 18126 689 30207 7373 8432 9952 5251 276 12094 2180 14682 20850 32335 4521 23809 21482 5155 7284 30301 10904 30054 15742 9331 7602 5862 20404 24740 17557 7925 651 12123 25984 11394 12971 12265 1441 9433 14732 25328 31968 10286 23061 11477 21318 16109 12428 15548 891 31904 27941 31986 19915 19666 3404 1536 6287 14521 20735 18047 28504 5896 14278 3248 19474 22494 28541 21037 5999 22027 6481 17846 5730 23135 23298 13592 125 29573 306 32001 13556 29006 7659 12071 5186 29872 32022 19881 3946 1505 1510 4141 7997 5116 12734 21381 2331 1213 18980 17009 14809 29885 23099 
9255 5636 22615 29350 26158 26388 19722 18601 29495 19058 22576 5159 10237 8116 19519 1764 15611 3202 13297 28280 28077 16493 2255 16831 7069 5620 27035 21074 7248 14463 18216 26948 29522 7385 13068 23955 30250 6866 8746 21833 24566 2799 21462 3946 10863 28599 3704 19109 13635 8007 6665 14802 12740 21276 9171 31938 18238 6635 17565 14706 2207 20574 22902 20484 11319 14293 19650 29054 25653 5972 19540 15556 11026 29292 15674 23026 19559 19839 1072 28239 29839 19267 9419 9674 4958 18509 6172 27605 9252 16225 16528 12627 23936 15792 22597 32700 17232 9054 11606 5791 10093 12202 14259 13358 28951 21810 1294 29179 30511 26199 30709 7440 19909 30251 17474 11088 12300 8767 13292 4107 20727 11184 1181 26388 1140 7273 27618 7152 18837 11323 2305 157 1276 18477 29285 12992 25897 19372 3977 6939 14981 3411 12130 26149 15169 11451 5432 12328 26990 4666 11926 25729 23914 31066 7377 31219 7771 11372 20402 25362 31304 32725 21827 18408 22643 8606 25185 32486 10282 9191 1091 6437 6937 9619 17296 20033 26411 2864 28137 31877 20880 31067 20808 20774 15805 6579 10045 19341 6674 31907 6406 28017 29371 2216 18825 18746 29075 27719 25339 14813 27762 13079 7623 24655 6373 403 5064 26777 5780 12013 14494 18901 31057 8333 14836 15775 12297 5892 31938 10388 22511 27990 5844 24782 21278 6769 11008 6412 14072 10501 26540 6971 8654 26110 18812 13551 25179 6743 20765 25836 8290 30652 8619 21612 21553 16950 3531 30578 1244 9893 6193 19952 11370 13532 14443 16623 14891 14898 4873 4428 1960 15154 18201 1821 19329 3752 15364 30919 16608 30613 12729 15057 6705 5049 2634 5691 24524 6625 20183 20005 13465 16292 8866 29535 28965 3255 14267 1430 19427 23993 19417 12281 22497 5589 23836 26586 22146 30927 14756 19935 9420 10951 22409 9674 15611 10793 8859 26029 15813 13277 19261 26994 29764 1504 14537 5725 4533 10274 11948 2772 11561 15365 30260 26296 8239 27629 26765 18751 28088 5662 4195 17474 15677 28914 26029 14451 20308 21675 4868 9844 11788 26936 2436 8547 31986 29415 6873 2603 2845 14334 184 15746 210 6325 15766 19670 9937 8609 741 16247 27489 28511 3587 1047 14712 21477 11335 2619 25422 28024 21051 10438 27845 8642 29501 13784 10776 3124 30929 29513 7146 22544 4104 17936 22547 667 31229 30311 31525 14287 4251 19819 12469 8204 12887 16115 31768 6268 13277 29920 
19391 25611 14315 15634 32009 2817 17922 386 13093 31797 5599 22663 17123 22690 20010 9906 9390 1101 12438 19893 25009 23965 1522 1716 31448 31103 29209 24600 31152 13765 3967 12980 11710 16471 11336 3419 13389 23939 24834 22074 260 22885 23610 5471 28096 3681 11400 4681 22892 2253 26527 11812 1534 23895 19458 5563 27224 13170 7147 3383 20962 17413 30600 31820 13223 9975 25029 12311 27938 11726 30209 9154 5135 5441 16852 8106 13644 21109 22241 28255 8273 27328 28786 7009 17032 8929 12872 32405 31083 31514 14207 22134 7267 22490 9644 31319 2292 1130 28907 17568 9858 26516 12793 27429 5548 2318 20066 15775 4323 30484 5568 1440 28882 10999 18607 20191 19181 27999 6978 3102 19596 12668 20499 32628 4784 31931 30768 30316 29930 31380 20806 24742 9501 2185 25627 18645 16931 22857 20324 28310 11550 25239 19661 20265 29214 28202 15781 9791 14523 23305 4826 20777 14455 24664 7648 707 22220 937 22126 10024 18782 28924 25503 15035 15753 1933 24083 20226 3286 1388 15715 9522 22853 14881 10085 12548 3412 26551 4410 23749 16793 8162 23080 20997 8673 3293 12407 24862 28752 5732 20938 19792 17561 1050 22119 22707 29475 18041 5395 16810 17727 27546 115 5024 6334 20084 29679 30028 29766 30497 2334 15039 15587 12615 19151 230 32428 25169 24425 31581 9390 15082 23443 18934 30963 14296 924 12797 17764 14052 13264 6766 14290 31712 8000 31643 26334 4729 32348 14635 20409 21681 5272 14134 14599 15112 6531 2176 7904 25187 12854 25082 15135 14501 19154 3862 2223 5650 28085 2155 10828 25601 15723 15979 19902 24661 9955 11465 27126 21548 17041 30599 28196 32470 27645 2414 21523 22916 29857 14340 18135 21199 21716 9751 15317 23927 23847 4444 12530 19032 6801 9352 31160 31303 31430 20203 318 4661 8241 30758 21552 7659 18357 23503 27755 9765 8253 25266 22180 17037 27572 13537 31262 19540 28329 27221 8001 23963 20069 30375 15437 28027 15193 29061 10319 13749 24516 10839 13168 193 13483 485 12420 2578 18850 24723 14450 22112 18092 27828 29399 24115 9029 16631 15530 11778 31252 18849 3596 7555 5567 11252 2288 14937 13727 19896 18614 1691 21075 21761 7581 12197 6233 2913 13091 3751 12464 27051 8672 10709 20101 26852 15427 21025 30842 24846 10594 31245 32654 8837 24242 26637 28923 10241 26075 22943 20639 30099 25013 24669 1068 9189 29583 4218 6073 32567 27508 5887 14950 28483 
1649 22714 5259 25225 22059 98 10532 8396 14566 9972 15903 9071 12134 14032 26577 19340 1028 32363 24492 23374 28951 15908 6286 28891 12137 27863 17223 25218 28091 28818 28341 2931 14569 27551 14093 19808 10555 16702 29053 23016 16389 19265 22065 32744 27992 6127 13169 1807 17752 16127 15993 27458 30764 3606 2141 26154 29247 18466 13106 31851 30809 3051 11674 17563 8402 14050 8505 19112 12189 18063 24137 26172 16110 31618 9053 14590 21626 22135 3315 18742 8908 18352 11721 7152 21761 23759 4367 26350 27466 16456 2503 14505 5406 1223 4518 144 24933 25518 21525 4264 16256 24633 9526 29044 15932 28943 27886 19244 17848 30740 2215 23263 22357 16622 9400 12574 29596 10098 24643 4273 28053 3574 5224 25099 6683 22393 21056 4935 2085 24126 25687 13743 7257 9841 26131 6049 1052 12066 13266 28774 11873 7561 13474 7693 26191 29793 13191 7182 27731 6102 12992 1825 6028 20209 31614 799 26860 27669 419 12206 2194 9877 21307 1301 2231 24847 31420 11270 17715 16014 12213 28828 31949 17907 29697 16792 6573 8099 10538 2999 29705 22398 32640 6520 24337 2657 19119 5417 27475 14223 4132 6717 14405 20592 14370 9416 18715 31145 30063 30143 22244 23941 1605 7410 20572 201 8686 20700 15659 32411 9485 14134 9853 28206 18810 18793 3707 3631 7869 8044 24494 16788 11736 30455 20502 19293 3715 2112 21281 23456 9878 11769 7254 7234 25775 6093 9090 587 15211 18782 24905 18830 28728 31637 7244 23777 466 14795 7881 30682 25346 3821 28478 30147 14520 26462 11598 18455 11498 21741 2954 2162 15099 23693 30087 4504 3797 8181 22516 10165 30874 2256 27609 6097 19197 20086 6421 28604 30323 5274 8177 17054 15275 9848 25978 8697 12827 31818 8499 20179 26498 1979 13800 1969 18210 31165 2829 18939 6981 2965 10031 23346 20212 24239 7306 8961 11260 26481 30358 16032 19539 6547 12711 14707 13308 6164 18570 32020 23039 21552 4282 1574 1487 29901 10110 30803 31073 8720 14030 5085 30229 10034 29640 11828 6067 22897 30281 8187 7788 23609 12779 24845 1301 3094 12966 15175 31201 9233 32108 21495 3166 22769 9996 7061 9074 26082 27239 14657 20290 9226 18693 1765 13401 21986 15829 5673 17762 24934 25956 18221 537 5833 29770 31132 26902 19092 284 28860 32098 14080 14135 24762 11464 12198 27695 20357 2784 22702 21226 4569 6430 7952 5084 23830 25831 27547 29520 17140 24917 23595 
20146 24846 20410 32352 28420 9536 5373 21375 30100 28363 29696 10361 11780 18710 28187 2609 12403 9682 4394 31725 26635 8112 9749 24699 31671 16511 10858 14847 8229 22319 27026 15366 10961 29092 8213 11615 15471 20634 19813 21765 7921 15959 13848 16608 22680 27416 27055 7139 16767 25688 1997 7278 18091 7162 17376 11260 21098 28671 22238 24519 12290 3443 14840 24162 4140 41 24812 5248 10424 10729 25641 26004 14497 28234 26776 914 7767 25243 31337 24674 10602 29659 13376 11475 19306 17231 24121 20369 31874 19937 12652 21145 3410 31528 6282 14145 32379 27533 21007 25927 13610 30749 7369 14760 12710 11683 4141 32012 12449 16889 7218 19664 23125 32406 5233 18963 17328 21082 13629 22742 16139 11614 7966 1132 7404 25855 27370 31456 1331 3363 11444 10731 20124 5710 29273 11222 21676 20651 6804 11573 20662 21553 14016 4602 4803 29504 31759 4941 2734 26133 32420 1754 3033 25981 28834 30358 23414 17462 3500 26690 6535 15603 16568 18711 11443 20264 32284 12569 10757 22669 6265 2096 11200 3250 12066 13909 31073 27735 9049 14120 27718 8164 16439 25705 27649 16986 28911 24545 26907 31565 9698 7617 24730 13380 24321 21761 28291 23899 18745 17805 9070 12231 8724 16798 26442 10636 30548 4978 3689 3654 32189 31385 30683 17975 9453 1056 1810 6774 15149 1394 13394 1761 14080 31285 24320 29946 8603 7629 16662 6726 12108 5339 9732 29238 638 14069 17850 12510 759 15711 18846 23677 31688 20283 4612 32735 3675 2875 23501 12646 24488 30894 32165 1945 9371 22231 32424 19974 19870 24244 14152 5094 413 21783 25515 23165 11349 15319 135 21751 22064 10016 14369 21288 30291 6672 22802 27933 18042 25939 29678 19151 22169 29891 11997 14125 20307 11138 12306 1479 31164 17505 12697 22377 20794 297 11336 3013 4806 22533 16845 20841 10016 24323 9252 8878 29024 14237 1525 16202 3180 18204 17144 32310 13856 8441 17361 7393 25509 5919 955 25850 1451 26928 18418 4740 6404 7325 8698 29900 14636 9945 1160 21547 29862 17448 28532 9171 17407 8242 9258 22784 21225 14774 2341 5547 11384 24862 3835 28226 2528 24036 12576 22549 30119 20003 3748 25739 29033 23059 4096 18333 853 14556 3842 12074 12708 13259 13184 16562 26580 1044 29943 23180 29245 17531 7927 29913 1808 24637 30015 7862 22025 15255 5373 1831 20778 31471 28391 28541 10587 31227 8018 31820 7477 30622 11922 14159 2996 12103 
24342 21520 11274 31930 28283 5080 18483 27658 10309 1697 23863 27337 17230 7823 1693 24099 28371 23602 25891 16121 32575 12799 18620 12965 3738 9605 233 3532 32146 15838 2980 26353 31428 8533 11024 17008 26066 9132 14760 3536 28022 32030 29457 12659 19549 19104 29778 13102 13455 31444 22814 24963 29233 4026 27415 25057 8115 31788 22890 14976 28740 23959 23352 19550 23154 22751 29514 29512 5165 4420 30112 30806 15855 24969 14416 14710 94 16283 1805 19128 32209 3233 2520 1123 32296 31268 18594 22294 12100 2301 31010 4730 12411 19515 25201 26134 23332 3673 23034 2864 22684 29417 21032 29782 24274 455 20591 32560 21451 22366 25572 2720 25643 17710 17452 12845 22079 4654 1162 14316 7319 4180 4008 2177 18244 12605 23490 4010 19047 25055 12990 23735 5368 12778 9400 65 3896 12613 18818 27912 16754 18191 19942 23941 1402 5472 12795 3665 15646 2110 19618 4082 19240 26349 766 21707 5222 12312 26036 26052 26002 23756 28912 23161 15317 17558 5967 6182 12402 23130 24432 17913 18665 22149 3204 1281 24308 8139 32142 21190 3185 12896 6189 6192 17956 7809 14232 15758 22295 18993 3924 11776 1921 19065 20509 27169 27521 711 24779 14335 22602 10367 21378 30547 8091 23268 26306 1318 23817 1928 16393 27893 2492 15992 3242 20199 10109 20015 10550 12670 9775 5339 9599 17070 10449 14128 24980 24967 15740 18137 16330 3621 18186 23524 3149 5787 16144 7656 6133 7713 28264 28982 30681 19716 31789 5829 28687 1072 16698 3308 6094 8193 14011 10002 20088 31346 7948 6646 16653 7512 27894 6418 19256 31355 351 2720 7107 11387 31343 9782 32303 9797 107 22280 24193 24694 13455 6718 11756 23210 6400 19589 19025 22668 3649 24487 30924 6317 28076 31298 5698 16045 24278 19009 2851 1774 2261 9470 27289 25974 1261 8298 26405 5004 9455 18520 984 29585 5067 25104 24477 9655 30717 21500 528 26546 18199 11674 18389 32472 5856 1791 13876 1771 23593 3388 2868 25042 1436 17807 10314 18212 25470 10839 22287 22311 4943 13648 24199 13984 27915 9866 6228 26426 21422 24330 4852 30437 32645 16105 16581 31687 15028 11850 8883 17475 29660 9790 20738 21812 9609 5471 15833 520 14704 12365 20045 4082 5917 29142 20672 6246 31534 7739 24901 25960 28083 12833 25625 25554 18567 22095 5391 15023 10510 24125 16733 2792 1684 29573 24821 21264 10121 12723 9660 2746 12239 3135 7532 18857 
23529 19504 4721 6250 13002 15768 10365 1343 30191 25551 31821 5961 5976 24871 14691 7581 6028 26294 18737 29560 25101 27198 1823 22574 10237 10317 2480 13984 993 13076 4080 648 28427 1690 21881 22209 1400 7528 32514 6277 8947 12533 15719 1891 9871 15082 23001 23146 20868 5933 22915 23399 9029 14538 24883 607 14846 3024 8965 13866 27679 17917 20091 12918 930 19945 11436 27652 17506 4263 18555 2032 8892 16298 27474 14610 22129 24583 2922 21543 26618 18105 22943 23379 23036 27232 29269 20413 15321 16638 13135 1519 2481 5001 22114 11793 13086 8583 6767 31010 26544 748 6129 15580 24105 14808 30517 9358 32696 15612 13445 19131 16004 7821 29522 25065 27363 5597 26387 2627 17426 28271 22274 23481 10194 11326 25012 12245 32175 31598 17561 15050 18974 8207 9460 32327 4825 16722 23845 5353 10568 25166 32162 9086 4776 32475 20058 9388 28527 6913 22261 15377 22129 10500 30811 31414 27969 6024 16837 15483 10318 26743 8565 643 17140 26375 29248 31849 3461 3127 18372 27589 12149 17336 31611 11462 26298 26033 22534 15895 1195 5006 31817 31677 10868 3247 27170 20610 30258 24670 4932 15671 2670 21117 7063 2745 22154 13664 22568 12335 28153 19666 2468 16985 27306 25114 26731 27456 20949 23563 32483 17796 13255 271 3713 18702 21479 10203 22496 16762 4318 12852 9735 27026 3456 24663 9487 9914 9836 21897 26658 17755 30297 19246 19118 21257 10222 8490 20661 7433 13490 13138 5032 21448 10355 5773 5688 8174 31576 21776 6383 12534 20924 6395 28869 11519 7550 929 11218 1011 19655 19559 22529 2046 24542 31899 26772 24397 30200 21660 29162 7580 23286 9970 20343 8942 12641 24877 30177 13327 4403 25824 708 1181 13603 28387 19740 12615 25148 22780 19314 7926 18343 708 8795 3814 6031 1715 27268 30156 10368 26290 22666 19219 16903 25909 8929 27373 20230 24664 13828 16231 3428 25635 19593 2502 487 686 29420 6381 25041 23753 22708 2638 12100 13108 2025 31928 12043 18867 4707 30828 22730 11560 23884 7603 27899 13522 16376 2687 25305 9434 14529 29382 2292 28649 7895 959 26807 21799 19985 7093 10522 25320 18292 22349 22450 25222 14703 5836 25589 25226 26762 17622 27374 31330 17288 19572 2009 23886 9910 22987 31222 14512 7899 8589 31313 21727 21654 24807 9665 13197 5751 10505 29600 24125 10092 10790 31444 5019 17979 165 1374 15212 32416 26130 1774 11761 19991 19419 
25056 24086 23052 14744 15500 3642 7983 21646 29071 25026 25590 17196 3133 21664 20425 165 12546 7435 3447 18186 9583 6479 3041 14522 16955 22193 6246 13041 22284 31947 5953 7045 29650 20420 15162 8350 20490 9044 20804 2975 22421 17410 1374 4946 9898 11570 22532 7404 21865 6900 29587 20551 16909 13248 14581 4169 7638 3472 23339 24656 23859 20409 8317 11889 32710 1986 4996 14408 11417 12560 18953 2665 4784 29755 16923 31713 12204 10918 10513 1595 27365 1318 15616 16358 19150 13948 6813 17165 1527 17459 17744 23690 1812 22575 18283 16487 26258 26127 9045 13219 10810 23971 21655 12435 25654 23872 16278 22438 24406 6823 10043 21319 25088 26747 1983 11726 16024 14644 1123 23383 3883 18810 21367 11031 20535 14429 24905 6003 22557 22850 1189 21218 12692 15888 9335 8423 19626 30307 31746 14461 29465 16035 15866 1393 640 723 7444 2880 21656 7772 25361 14076 24928 24974 31266 3205 20725 1800 31842 24205 3709 30965 4336 15621 31666 17168 1150 29790 21087 3619 16633 17266 15069 10968 11196 22041 21936 21748 24533 31672 17210 2039 31243 16853 18808 32356 8357 1084 31881 12353 19785 25449 12532 5525 16145 8844 27057 1520 8603 11882 7101 20069 20195 27675 32323 28782 14029 22703 9572 10246 4856 24855 6589 14603 18507 18748 2426 16141 7550 32288 23661 25635 13202 6873 3442 14360 11793 29944 18456 24130 2118 20988 27198 5106 8138 15319 15851 24042 20886 8490 28000 13809 12717 6965 11739 22633 27598 20132 5161 32231 23235 7020 12930 21514 915 9781 16463 19738 7993 1347 7344 28903 21047 18941 30506 18649 9809 18684 29539 22965 18440 24129 20797 2260 4233 1318 19432 7313 1088 16019 9187 2988 1304 15321 5901 3830 21551 28928 24190 32640 27593 2818 7837 19031 15595 21749 21077 26365 31400 30218 31046 26652 423 15959 26703 18067 31934 7294 26900 7765 25610 10 24540 5575 22340 10961 6942 26962 5462 20275 17411 8526 17311 29477 9840 14357 32354 13569 5803 1548 29428 550 8491 27864 2234 12492 6217 19063 26428 25383 21181 1198 29698 29229 7020 8028 32597 10715 4446 10629 32591 24449 30519 19876 27510 24568 685 27473 21445 7517 27596 8796 17320 274 2540 20838 18623 23531 6519 3177 4162 17614 16929 13041 23255 22391 21798 18664 12261 1667 19096 3043 7241 15206 8013 8639 27118 30 14831 11127 26864 20481 6932 2668 2232 14028 14548 3463 8761 2985 
26677 7169 15999 313 15174 24311 1581 5697 3414 7252 206 23156 11626 26482 26825 25375 22969 17716 21271 18288 8422 3005 2221 953 15589 13636 28065 15478 4780 8125 11382 9832 31978 17892 29055 3072 26563 23631 17795 2892 30004 21798 32747 32233 9996 1273 16732 19348 8472 23463 24559 13629 5698 10745 4100 11178 26951 9555 3086 25685 27786 17411 27256 31483 8884 18062 22586 23679 31057 20936 13435 24931 4265 21424 23730 3028 23817 10814 8341 32704 5801 26026 5198 9642 26816 4295 13470 25281 16613 31476 28243 6058 7415 13803 9158 9247 14861 16448 6302 24830 30104 30234 24151 19760 24086 17713 15675 28579 14215 1122 17977 14152 8230 30146 22456 31480 30075 8245 7753 30112 10907 22440 8273 7984 11016 13733 7234 22807 23686 6673 17358 14165 7913 25262 17929 17386 32648 18205 16499 5452 2894 23464 14518 27824 7934 22362 3769 25175 21372 24606 14435 26491 26211 11956 7832 18528 18831 23269 12004 11036 12463 11027 14817 1444 30588 16938 488 19951 11423 8405 6865 6585 19608 26027 8142 12182 28418 20984 23761 7804 29101 19276 24879 12053 19477 4832 3420 7953 4362 31341 11963 15866 10108 8591 24916 8536 5979 12350 9354 23462 508 19135 30706 27651 22801 29239 13109 18551 22601 18379 1943 14169 5295 20262 17224 5207 23603 28467 26159 18776 31459 23947 26867 25061 26997 13522 11602 30045 30758 6712 920 32332 23186 30349 28694 14210 9345 17398 15164 29827 13970 20444 18433 5887 10610 15386 9907 21192 23265 28015 25716 10544 15601 961 9044 22482 2585 25361 31353 659 24140 5096 20494 25012 7874 28640 27339 18280 20304 6133 5285 14760 21350 22760 24178 7168 21943 7265 2778 8929 26939 18208 15010 9579 4861 9310 30782 31343 14240 5707 15568 8810 10824 20537 22939 20034 18770 27442 15367 15262 13065 4228 2717 17913 28124 20473 9275 17792 17818 24883 31528 32728 32516 15054 2807 5688 24519 4411 27126 7063 16835 29292 18326 31647 15606 15075 9405 4483 15910 24008 12572 26142 19752 21691 16203 15759 7796 6582 16607 13381 16711 16641 19646 30595 17429 16886 21774 19223 31899 29686 11545 18454 4974 15133 5558 16527 17129 27405 83 7225 7074 15772 27961 17831 6059 10885 28841 61 20976 27912 7480 2946 17197 28337 11685 15019 20224 31426 8084 31728 15817 6834 17750 25953 17067 22340 3763 19530 1644 32295 25249 31480 3553 17311 1887 10055 5202 24997 15560 24626 
968 12702 21442 25981 18602 16534 3033 6822 10986 25442 10916 30548 4115 31536 6199 20030 21645 17036 12753 30581 12263 7145 18269 24514 2226 423 8739 4573 5442 26015 30566 26504 31289 21289 17199 28406 26127 13703 11480 27350 174 24876 17765 20191 11988 6010 17511 2697 22414 9017 8522 30790 5939 22149 2511 22796 10132 7595 14504 7536 15411 29008 10983 14134 27370 20420 19593 32096 15971 16123 29971 12347 25473 26622 15516 2372 28968 26562 18294 14733 353 22949 3019 26359 6787 29924 244 29638 2945 14381 2280 18144 6468 17010 17515 132 20196 32646 5615 24715 13494 790 11059 4582 19865 27119 15874 16424 27091 29188 13945 4237 15545 27893 2195 22333 16520 14525 19333 15669 29628 19039 15193 13430 7946 3665 13991 23317 19425 2907 5633 18473 10160 28068 3440 17481 16888 28705 31010 28421 10653 2134 15128 17157 14608 23732 27615 1917 28939 6828 14142 22353 26887 11731 12085 8280 6502 7617 26076 22175 10474 12925 24194 9262 9370 14045 9305 23019 21401 25557 27127 30170 12823 7116 14044 29035 25896 23966 13131 17353 7366 32148 14420 1656 20136 17330 8903 11333 31843 13847 9132 30904 13945 16964 17032 30394 28403 27913 3542 18265 17651 21003 14065 31047 20172 19745 5155 16986 6012 14155 20005 10567 27059 23351 22231 30700 27756 27682 32174 27923 19351 26079 24424 31729 4895 32286 22993 19569 13651 25742 19956 7685 21481 6315 16423 17491 4342 17031 3037 13541 10521 31288 2213 15593 32725 23552 8727 16600 3448 19215 22121 760 16661 5148 30461 23287 17271 5795 16683 211 5967 32653 16657 27058 19567 26319 21439 8198 12683 25700 635 10084 30929 31259 12292 2172 25589 28902 27226 3303 7184 15696 3823 25371 10027 1731 19857 13278 16097 19807 2122 26513 22491 18756 31788 27826 32326 3988 9114 30694 4966 585 714 561 16858 5467 23892 31884 15590 7317 21791 11476 18023 30305 15197 29867 19120 15054 23754 13830 17081 18866 9707 3333 16191 7515 8968 7000 32613 24293 3532 15441 26004 19006 31846 29376 6501 17922 25352 30092 15336 7087 2177 25335 7206 4041 18260 30629 17803 9144 24184 12549 21603 654 32387 28458 8433 31099 23206 18124 16626 1043 18784 19512 11028 29147 4238 25044 29811 12421 25844 1259 17270 28777 10169 17831 18562 25108 1902 10513 20053 19732 12181 7222 2434 10245 31729 29248 27311 15943 14096 26628 31283 6972 3262 4844 25025 5062 9585 23946 
18884 287 27294 32492 27988 6112 9002 18926 428 22572 9911 24158 29838 6566 16628 8102 15389 19264 22471 26991 3592 21698 187 26065 12478 28769 8300 29408 19565 24113 19205 13181 8235 20947 24544 15987 14552 11082 4186 2644 10143 1070 6743 13050 26628 32163 25002 9533 15570 21900 14027 28313 18985 7635 6060 27134 30605 22186 2875 10991 23048 24444 29399 590 15880 11267 15171 1379 28919 23290 18312 29255 22942 24708 11962 17045 10494 15401 20991 15095 12346 18463 13836 5294 24109 4980 7823 11815 4987 12205 26079 20017 16829 6446 246 7062 15598 2188 31421 23549 1871 13088 1491 5050 27344 21804 25982 15764 15114 14616 20111 27072 6213 25045 16085 4488 8592 32163 9372 31855 22024 12979 4070 25477 10954 19697 25568 5074 24794 26338 26194 17056 6656 31001 10944 1594 16607 23643 8122 27896 21074 5151 10757 10302 24616 21269 15400 2281 24796 20054 19356 31221 24129 30447 32671 4636 20140 22242 20248 13570 18098 8235 14065 32386 26491 17743 26720 5280 12100 8692 16186 10188 29553 15789 10373 24992 1078 27883 30706 29074 29599 30980 20883 10465 32381 20791 4532 31106 31431 21332 6538 26623 4715 32422 11481 20619 29115 10398 12514 27888 24595 18238 28267 21116 26593 2545 32427 25220 20013 8565 9687 15799 14775 18556 11710 4106 22910 22269 9351 20476 9786 5708 12885 16023 6033 23808 23579 22604 18825 31911 28903 16133 19178 26434 31718 18043 25692 1547 18489 32563 18326 22970 17427 4216 17353 19521 22021 21773 21557 14804 23852 2188 7561 5119 23877 11315 29759 25062 31403 18528 1616 14809 25610 23150 26588 15473 29035 1708 24593 7330 27281 22041 4304 23286 14422 4892 7214 24195 24516 16586 20374 14705 28062 25666 6141 11622 30485 13238 31878 17283 30221 21792 3427 11004 15170 5931 23637 25261 14384 2806 27207 4654 24297 25616 17309 11491 31469 18557 4523 26509 15145 20421 19536 19513 5685 3429 6496 17321 7397 6160 25899 13359 3637 19611 6191 8756 3592 26975 27201 26642 25698 29204 21562 22088 8247 16662 6092 25733 9795 14087 30153 11188 21153 5128 10138 15546 23890 18347 22062 25552 9345 32372 2690 12864 11422 27769 1312 19482 9737 20240 16944 25835 8597 20554 22470 6155 11681 17002 31481 10749 26079 691 15858 21820 2215 10706 10248 9212 23693 16582 26648 22344 25838 6796 29705 10600 14692 30192 7321 24208 889 1631 32687 9689 5528 25856 10037 2021 28014 3771 
22483 21530 32266 32676 23970 21289 25466 7086 618 14999 12772 29721 23997 17845 27781 20591 5488 3029 30297 15518 13204 22920 20642 5706 15116 15344 1870 25401 12713 14121 29212 2052 13466 12737 27331 14068 19113 32089 31417 8357 24362 2286 29106 25599 19685 4961 532 19363 29956 26953 27595 19336 16396 1378 10159 1114 24481 14065 24908 4652 22403 22922 19046 9196 30314 32589 25124 17315 8738 5069 9552 18128 30277 31318 14731 11110 1525 9033 19916 25806 5073 7496 9805 4629 8094 8941 707 30545 10998 23592 14798 6317 26326 28691 4517 29372 7957 5752 15361 15746 16404 32767 10572 4595 26853 28919 32433 25070 24510 2135 19365 30153 27234 6947 17111 10414 24260 25701 17003 22200 15555 20321 17224 17604 294 22843 4147 999 31326 13806 22263 18016 18428 20804 24700 22156 5356 24731 31516 8572 17741 32277 30463 8276 30503 2894 5355 5338 28049 29725 27954 9783 11368 19895 20023 29916 23571 919 15029 1830 3873 16400 18994 7840 10265 5799 19220 26048 31116 22318 6215 17528 27048 4876 14365 20664 18384 15975 32477 23134 31174 9642 24188 12557 12278 32337 26992 9949 6760 2437 24573 23533 19222 13044 10397 31572 17321 31941 26595 13271 27481 16748 2237 8159 5510 28604 6094 17062 23940 28746 11066 24258 5150 20747 32500 798 10785 13251 23832 8742 856 23114 6587 4491 25560 7622 9671 21785 32456 8721 19162 5941 4107 26291 8484 7523 16434 14049 28478 31753 28504 29281 27895 12733 27735 16814 28713 7287 11247 27829 12611 6012 17543 8942 17489 15977 20564 17948 8628 16184 24009 30567 31453 20120 6096 13129 30676 11518 29865 8330 5715 29925 27631 20959 27215 793 14184 6273 7289 3261 31782 18754 27684 857 24684 8771 30509 20634 12041 13479 23945 6329 16194 25855 17029 4744 18729 23437 18849 1972 17974 6237 25118 8185 9492 23512 27374 30360 16947 16033 29071 167 14889 22707 12099 6755 6572 26430 3782 4531 9011 22923 31130 32649 13406 4966 18533 27077 27750 30519 27990 2719 4500 8439 18057 5747 477 28952 10263 1933 17251 25688 29401 16189 7939 15219 4882 29903 4742 6057 15003 31924 28726 17704 13185 9650 21306 29680 32653 26996 6905 4406 6198 31811 3185 3896 10747 28859 7878 9466 32151 29914 25909 9728 13699 18570 26709 30569 30840 31517 12828 28899 17649 26340 27841 19920 25412 11307 32042 2447 26430 6130 16546 31812 4717 3527 19960 4078 10554 28532 
23642 1727 17089 25790 30762 21092 29516 20746 11965 1213 23478 1836 20556 26213 19616 20963 14066 31368 11409 24686 5570 7900 10954 26301 13424 3330 17704 14589 26866 22362 1732 30185 30538 15282 12036 13472 8800 19442 2817 8023 32283 5938 4171 18055 8073 29299 14469 19101 13344 9101 18506 21702 2044 8808 16215 10579 21360 14786 8967 8108 29931 11119 3823 741 23893 20584 401 22851 1137 2576 26943 10217 20485 13602 3953 23558 28765 11464 2404 1233 27552 4351 32275 25602 5184 24157 14314 6293 22945 15685 11782 5745 10840 3582 32071 23799 20960 19659 21742 1667 23980 31342 10893 17008 14254 19965 3501 26852 32762 6568 10686 18703 15231 7355 20013 32554 9876 27127 18413 29140 32662 27125 2349 11147 11271 10289 12473 4070 4984 1434 16095 22708 23383 8264 24351 9431 25848 11867 20400 21586 12887 15050 4582 9268 15419 3137 28755 26252 23625 866 26369 23961 28366 1223 1102 7523 12608 20734 17131 10338 4970 15371 29201 24035 26605 7033 30002 14611 3205 16390 8597 3761 12238 10380 26260 8007 23168 489 2561 22799 16679 20138 18799 16275 3960 4251 18046 28816 21456 24268 8619 6095 15474 1541 4319 9977 2488 4459 24183 32484 17593 8342 26557 750 12584 13528 10261 31804 13236 32191 14000 3089 32505 135 30186 14405 6106 4078 15416 29903 31625 3913 17729 25878 29548 6231 19864 29574 1081 27416 15151 25860 19366 23798 9442 31006 20544 29916 2134 9828 1352 12473 12970 29962 6196 29952 20485 8112 15775 30471 7989 17747 21773 29250 24122 14642 18213 27557 12176 5118 24938 27182 5537 15321 2437 7398 24095 14733 11741 31732 7987 8328 17177 29993 22028 27534 28969 3946 29059 21595 2716 9514 30388 4610 22987 16770 4669 4448 27330 17332 21542 3464 23739 23159 29248 848 31362 3296 23927 23914 24644 31303 5431 13551 27137 3580 9059 723 27843 1934 30361 6338 4665 27800 16554 30795 9248 29170 20109 6422 28185 28508 29189 1772 7623 9252 28093 24191 2235 16703 24704 1450 25657 94 13548 13452 24480 11750 11156 14187 21208 26481 27640 12668 16265 8229 24427 2212 8336 2617 21588 4308 9940 7044 16612 6450 24235 32122 23258 3919 13106 13446 22488 30125 18156 14344 30101 22599 20637 24427 24265 15857 26433 17228 23419 31189 3270 25561 3544 26663 27311 7185 1275 9411 8235 14709 7696 20165 1785 186 3950 19178 21202 27437 18631 25121 4306 15393 8628 20775 
1334 6451 20200 4907 4550 31465 17996 2641 8418 16603 10824 21809 22021 24413 7272 5250 3242 26353 29970 19273 9892 7761 22001 6305 28224 22531 16033 589 27560 2823 18061 15094 29317 2407 10972 25423 5548 27211 22428 10168 5737 15343 15992 3805 1948 14851 9141 12495 28420 10721 19644 18081 9827 14941 19465 7393 19076 8508 3466 10442 24828 10143 9509 18432 13744 1226 10160 24994 9987 4880 8645 28752 13984 15349 14909 6907 24531 7103 27451 16205 6847 31511 13115 25301 15560 19870 11854 5402 17931 2567 14282 12135 23564 444 12553 12126 806 19543 26692 10553 14399 25354 19282 20598 27117 16199 14682 8273 32697 8707 3283 21787 18683 24300 10447 31788 1786 18700 30542 11263 3165 23108 19938 22371 21626 31209 16133 27876 6145 4045 5643 9589 4696 22847 16490 4035 28656 32336 29841 30927 20268 22632 28530 16829 9631 2517 24402 15353 29643 660 16423 2120 5290 28250 9379 31125 14177 17597 29766 26315 19602 3652 16207 3736 3460 26945 16012 21665 82 32397 19231 16454 14154 744 25211 26962 24358 32674 9437 23050 27841 8006 30872 2959 11461 12057 2573 10260 15660 27117 20090 32480 3562 7312 28855 24684 25679 9417 8748 17191 3744 29196 7199 809 28130 28582 21443 11797 29921 6260 13142 12001 20911 2250 1222 23267 3713 22684 11652 18026 32181 1785 32115 31170 32165 7056 11539 14091 2015 20623 27391 5548 18416 32510 4249 18856 4981 18571 1335 18759 13122 15604 27544 32253 14333 18482 3681 28700 5431 8022 6415 12732 1119 5475 17709 9434 3131 11141 21710 30381 18344 31438 5910 31677 8888 30464 16044 14380 14459 1187 6252 7744 20419 30066 22879 21617 25946 25590 126 31992 31678 19853 29218 11163 27018 24314 31775 22425 1024 23155 29800 6791 24744 12854 21338 25043 30431 19296 24402 13626 4169 27306 29615 28749 7981 16353 26493 7032 19981 13511 23118 25713 8401 21291 17920 6995 16097 18287 12366 26881 15601 15944 23908 25544 16191 13494 6506 17386 23478 29873 16045 18415 31453 29416 28127 23472 21060 22751 4472 24832 5481 6317 18135 28075 32094 18816 25204 6017 29872 19300 31734 14588 28510 29494 8312 30109 21630 20528 23044 15567 11102 30650 7709 15481 21294 4542 21777 2366 30499 570 28772 31504 26931 230 17423 9995 19094 24160 19850 26382 16756 20414 6918 3575 3041 15 29841 3681 29117 4971 16653 12979 16442 12485 25947 15326 6173 19091 4391 11509 
15373 22979 27639 10150 14382 7196 6221 7140 5562 18081 24530 2698 17987 25739 28776 12715 32683 8998 23846 1049 31272 17997 30433 6417 10796 5843 29066 14550 9605 4490 8400 1911 4591 10543 11995 14835 7336 7052 28090 14125 7256 2173 19850 32160 8689 2207 9460 1517 21372 30213 20162 25456 1869 7504 6507 8350 4285 4928 11715 16767 3401 28199 30692 10750 16366 20456 29769 5462 11349 19173 31037 26785 8827 6329 22578 17930 15995 21494 29538 4859 20573 7452 15443 10099 16112 31239 13317 9277 30474 15616 14545 16992 7432 7010 19161 15135 10642 21884 7417 19315 5031 12777 29043 14717 24107 19566 9061 18233 9599 9858 2232 19222 8060 15294 22274 29714 16797 18995 21238 5171 24410 6517 1317 24598 4564 3014 7608 29679 11856 11307 24347 19606 11504 14922 18181 13394 3453 17638 9805 12257 16892 3155 26039 3603 22911 16864 29883 7056 22794 26294 13390 21709 27247 10955 27656 14488 18410 14938 25244 28315 20490 24919 32215 6708 8003 12845 11168 18393 25877 19202 30463 31865 7698 26481 17892 6872 10695 9018 16127 13913 18385 9518 12256 9503 14954 30258 9379 28298 15739 8335 15061 10669 10389 14075 14736 19153 12441 32273 2046 27136 27486 805 18332 27265 3814 5189 18362 2353 15067 3716 23471 19322 8445 3547 16566 31426 10005 15579 14064 6174 20309 15011 3770 24620 11695 9347 32113 12318 9073 6173 17385 28711 1993 27645 12076 21619 32541 22268 12572 26875 13427 5639 24377 9293 10834 23270 24580 32709 24152 10566 5328 19236 13184 12961 20427 535 19550 27573 28805 5387 13081 26224 20491 17764 1796 7147 28371 26250 6406 27512 30627 22382 13940 6100 5385 3692 4000 23668 6026 11565 19472 17288 8188 6024 13491 15224 16954 11346 8236 29287 23414 28610 32490 11349 12546 124 11432 7633 29270 1407 28910 12738 24489 32583 19639 1407 26116 4452 2555 11310 3267 24325 5398 24805 5639 21585 11073 1832 23130 86 3275 18618 1449 10272 26538 12986 22981 17055 16324 7065 23477 20457 4008 30875 20293 9509 14892 9752 6024 8608 31216 5507 9017 13810 9306 18961 26875 30550 10744 21749 5405 22103 7112 11942 22452 5131 11789 6018 12260 6979 24298 24833 32069 29339 1220 16253 13108 9807 15153 27082 11290 2729 8085 11031 4084 30103 12399 6329 10038 11231 20909 2612 28392 1688 788 12338 5187 20747 32324 15427 3461 20474 7560 20324 6119 25494 18598 24717 24696 14884 
15213 18633 13482 7590 13572 31907 5826 5377 21804 26449 16867 24688 16915 24952 13385 1576 26576 6703 475 2383 21545 6157 15940 28378 905 8954 22502 10619 13187 6422 10791 4223 275 7246 21402 28089 29127 6836 359 10784 13368 4155 19911 7974 23518 21110 7024 15545 9369 27651 19480 2987 32131 16264 2214 1818 15114 23035 21299 2026 9874 16718 13261 3257 19433 9147 19153 7164 9863 3473 19892 22012 20874 6508 11351 24258 11348 28777 30587 27753 24053 11748 17001 31119 17800 13884 11010 12661 15783 9614 29464 14903 16069 15173 27728 6953 17982 8454 2449 31164 22360 18299 530 17564 30163 1991 29421 30891 23405 29337 22063 13555 14367 25963 2551 30055 23229 15147 15632 4872 1992 7801 25185 11771 4907 23757 15927 17026 11607 31313 11258 11116 22406 14567 14423 11524 20034 12369 25416 27446 14566 17087 14699 30533 30069 25441 14160 14649 24655 23087 13212 7578 704 27477 9427 14372 25138 11778 23386 9364 25410 27518 13188 8237 27683 6942 4457 5827 17006 21762 8989 15967 18696 121 12313 176 15836 23240 16830 23834 14382 20492 30402 4834 17300 13832 27850 533 519 22648 10749 793 1648 16337 3964 24959 32544 16106 31337 25995 25313 27231 337 3784 31120 18517 6245 5352 32678 32056 3455 9720 19362 5812 21325 23645 31342 7 27455 27792 7609 16007 5740 7710 31753 25276 23957 4495 30987 23236 22303 18205 11239 25133 2484 205 8728 11349 5610 4842 14965 11466 2995 132 6940 7127 19805 5209 7804 11933 3357 23881 2885 4080 21349 6639 9317 5660 2242 30341 32086 32307 4758 826 30804 18315 12866 16657 18791 3976 20301 20552 4906 11804 12350 15965 20815 21910 21459 27575 28055 22364 11446 7513 14034 31319 6503 23736 32064 18658 8097 29877 25029 11375 27061 15706 10332 30153 26070 13346 2745 21791 24140 24217 4415 2109 17045 27300 11493 27797 22428 10559 1074 2023 9906 20057 17946 13573 18401 8929 24807 26314 3698 8876 10772 15827 19357 3728 16394 27529 30770 21636 29582 20617 17651 21555 23131 19009 4115 8391 22139 2697 15929 5960 12810 19726 5740 21512 16809 11290 2467 9131 25756 7694 31256 9929 2553 23839 13499 16073 18288 16968 4007 971 20018 27589 17414 13721 725 6118 20668 8044 7683 32388 20593 30291 27056 6564 25399 3216 11904 20206 24508 8082 16360 17308 13863 24620 20468 27379 4853 29379 19750 12561 821 23777 11707 12046 15390 23001 
10572 8947 2466 5241 4462 4975 27741 29106 2288 20452 21107 23539 19447 7904 20986 16392 6433 5499 5004 29428 18115 6667 3887 5168 1014 22167 21793 3299 10286 30939 27716 3198 31330 18134 4542 28650 1624 13759 14146 3322 7001 3077 4674 24645 16246 8 12390 1385 13081 5411 31657 16059 15323 7805 19038 31722 24631 23961 7214 26855 25900 22915 14385 2730 7538 5439 23509 18351 4717 18558 1120 22834 3805 93 736 24450 16054 26798 853 25651 12984 7315 6200 25934 2023 31391 22698 19036 23076 11290 11375 3300 386 10102 22425 6795 573 12208 17522 12301 19711 19006 26758 28927 30669 6001 21813 11369 19850 28206 24472 30326 9243 18854 5893 15692 2893 32756 21837 31730 8425 3801 26383 22630 18004 25940 24041 18736 15609 15616 16722 6440 6416 21050 2590 5020 9356 6495 19941 15517 11779 26249 17669 4966 16957 32223 18838 11322 28211 27136 16319 26404 32034 23701 12415 18709 9159 14847 316 19200 2825 17314 20354 23256 5136 2863 6424 21258 1802 11966 5291 24107 1642 5217 2415 16317 12905 11419 26413 25565 20793 22458 21119 19179 29093 4422 31245 18275 11960 19435 14441 5708 7323 18653 4831 8637 25811 32353 12641 31915 31679 31315 16315 5684 6160 28947 13336 12485 14679 21727 10912 15589 23663 13040 14660 25414 28600 5990 25427 22943 27417 22165 3212 14816 14007 27199 17199 12772 27726 14123 11308 17633 8363 19960 4931 24215 23957 17893 17422 27631 6653 21576 12089 24744 20888 30498 24148 25737 4250 9570 106 4196 4981 12372 17359 28459 2122 692 8873 15059 32558 23878 3396 12841 15613 13951 28924 8312 25785 32496 20901 7190 31261 15190 10481 19742 28184 28920 26657 8272 1549 21469 12419 3704 30237 12293 28776 30379 30716 8582 11966 22336 12658 29722 15622 27291 19325 16891 20495 6760 16058 7674 31010 7660 2889 26598 18090 13248 12412 2529 18067 2157 4316 26704 13790 32471 25246 8273 4160 9039 24528 21464 31504 7643 28460 18347 13356 29536 26526 4517 9443 23662 5239 13195 17591 29972 11503 14862 20747 8699 5605 8993 30443 26724 16615 17804 9222 22334 2381 23432 17692 18227 27528 2278 3904 4038 8649 5480 14574 7562 4775 15987 13646 22815 31545 19340 802 4693 30669 18946 17146 14499 19801 12561 24485 6522 22364 5068 23908 7405 16639 183 5455 15916 12746 32725 12967 13303 23326 17411 21040 7451 1469 11262 16147 1253 2973 22890 32101 1380 
19817 12985 8848 7985 15016 22610 15966 16911 9832 7071 13932 8748 25546 32746 19367 18167 30999 16576 21973 2276 11006 3595 13625 30394 15224 21393 4440 17827 23701 24354 7026 8578 815 15246 29558 13891 6272 23756 10898 24916 13715 12077 27721 4160 1104 741 3243 5124 3416 17407 28582 17446 3346 31186 2629 12806 20665 3753 13032 22276 6034 13907 6233 14778 29515 23412 21288 6684 15158 7143 2405 2234 9402 904 11017 27871 8420 17648 9521 2187 28181 24964 10676 4093 19228 17536 27712 8815 7845 32322 17965 19496 20000 26571 8688 23678 496 9529 20751 7949 16096 22928 26791 6675 22795 17266 2174 14615 2898 12894 3555 1789 11664 18278 7658 7771 25144 17652 1730 10585 23471 28090 19105 1311 26312 14921 5154 13432 21843 32518 8514 5567 169 1095 19629 23672 3614 23880 6400 16977 30732 8913 6499 19017 27130 19128 16747 8612 24180 14340 11674 10617 27878 29310 5095 8350 5867 10984 14860 5059 4132 11539 18235 5581 17682 2513 15356 25471 31761 14998 12220 23261 7083 1249 4697 11449 15808 25348 28876 25539 9641 4287 23202 16746 16271 12317 15350 23729 1745 29513 29324 12767 27280 32080 24425 28463 30700 18066 12361 18312 29094 23117 15813 2269 29077 28295 28928 7585 8288 32644 8399 10061 16194 31191 3472 15480 8948 17754 18044 18082 16687 32650 26008 7014 27407 19987 19593 14362 16279 14834 9928 4972 24059 4446 26105 13250 9663 2233 11759 4827 19868 28610 20988 14252 20448 10469 20184 29580 22911 31405 15224 9452 32541 27329 30447 3502 13862 32355 28074 23121 4993 1511 3886 16305 20760 24296 22440 3431 14110 2576 23382 28144 7639 29880 366 19446 4629 11300 19006 29911 3761 13347 23863 21337 1910 1254 15930 27469 8361 30958 12478 1898 31881 28635 13965 1115 6989 4574 4241 5658 28246 27788 27130 30048 9743 12539 29560 852 7104 21577 11746 9719 24071 354 23006 17553 10679 9336 3298 13318 20377 15097 32201 31184 26906 15729 19810 16903 32101 17954 30161 10121 15531 535 2547 9871 20670 17916 8344 20252 30077 354 25376 12087 22664 3283 25666 24406 27473 6963 22969 9957 6252 26382 27675 1321 6595 25974 10723 2665 4907 25957 31502 3694 17041 7569 32146 15402 17435 4652 30209 16021 20600 29327 240 2641 27243 10186 33 30227 27914 27313 2633 15169 31235 31349 759 9126 4716 25741 2027 24927 16338 14596 13461 1154 14857 27877 1366 11010 
3179 25745 14968 11464 19363 25444 30445 13659 10676 7739 15356 7280 9449 25932 17909 5618 3040 4456 30554 28863 17218 23256 45 17570 20845 31189 32436 13374 31036 22449 6967 10205 3532 380 32456 12911 10030 25268 30504 23906 10826 18867 21400 3975 24917 14714 2138 13246 25624 11512 5436 9336 3310 20833 3587 28517 26297 14607 32465 10839 17539 10395 24539 12483 6884 22485 11255 26830 9814 13649 31770 5465 5627 11819 965 21311 9047 4383 28792 3668 27805 25909 5131 1358 18123 499 12848 16919 7357 22155 19454 6829 13228 23307 3779 6755 9338 6576 18121 11429 19223 17698 24843 31457 31622 7555 16180 32616 6054 26296 4491 4062 18859 10592 23559 8511 9584 9502 10238 2109 1364 1705 15871 19557 28728 18116 14777 14511 11619 27698 5357 18551 21437 20530 2085 16380 9600 10318 29867 8405 32401 29903 26069 13876 24153 10858 8979 16481 9040 6615 15443 274 18175 18495 6976 31922 4909 30705 14120 14357 1041 11687 5957 4865 8092 24055 4667 15660 16436 15390 26398 24916 24951 10796 20210 2383 28820 28523 1605 14031 24608 68 1060 3163 15015 9247 10900 7861 3521 27098 7253 25072 1108 17007 2105 29767 31936 6057 13893 3750 26070 18728 6222 19042 16459 31514 26358 12414 12276 12542 18189 32476 21062 13350 14995 29106 16319 31658 29180 14691 20221 24050 14679 1619 16804 2529 24578 7422 4387 20145 17921 20001 17872 8741 1246 10390 21919 11714 4336 7140 30884 18750 9965 5932 24106 26039 3163 10585 7800 27935 7146 19859 31945 26423 4895 20756 10112 28260 3385 13126 2906 132 28578 17054 1440 12739 594 27731 2368 30324 21486 28768 28224 29574 28721 19103 28370 21864 23633 20989 23043 29861 6843 1758 14728 32283 9478 27066 11400 6630 10714 27139 6077 7597 30273 7572 20257 7846 7559 21722 19511 9291 8537 31978 8927 31278 10778 5927 14004 8660 1464 21591 30453 19254 14438 1253 7837 23951 30024 21704 3172 592 26050 28162 22406 31224 3016 30782 2892 23904 1126 17077 4242 20058 16550 1044 7721 12436 11587 24717 29736 4996 16861 11708 16395 17845 26335 5363 12346 26746 7500 10505 27816 1416 7968 9406 32251 3717 25867 31563 24355 16298 20821 17369 12952 2879 1079 3087 6476 32471 25492 27224 23518 24019 24267 12364 31595 14767 2391 8950 23499 18323 25024 30262 2432 11221 8668 3818 12700 12719 2535 2582 12993 1024 6056 27524 5546 5920 16698 21411 
17883 32582 18898 3408 18031 14592 16942 26982 215 7356 752 1220 26074 15255 7349 27249 13173 5909 9192 7289 12029 23893 25460 22550 13409 25387 5116 32163 24845 4748 19200 28269 2779 23353 18394 13771 31014 14461 24173 10164 31536 24183 2524 6836 23082 15930 23748 9157 1584 19093 7546 1403 2574 20749 26447 26320 12496 16552 1032 7558 5284 7400 31195 8178 31901 25559 31381 2959 21465 30089 3119 16964 24908 23890 9190 1247 23245 11799 21251 14059 22580 23522 2141 12235 17877 2787 12633 7144 30403 27112 15475 15419 26779 10231 31648 30244 1245 30089 19508 16629 11991 4663 24568 5175 15441 27588 30572 31182 10218 7745 11539 15900 30997 13951 10371 20226 23822 3283 28832 9879 19394 24979 16679 9085 3644 9073 15361 9651 15229 20603 16435 31559 14342 29113 4957 206 6656 21944 19663 24488 22434 8568 790 3833 15003 20412 8510 11151 10160 10021 15244 19457 25973 6921 31175 8510 31168 1414 28095 29224 15077 15260 1952 20291 15422 23940 32515 22676 28744 18280 16975 14157 29760 904 18232 9163 3755 25854 15867 18964 8840 8106 32482 5886 21615 15956 22889 5258 1929 20322 29018 19502 18640 32475 19401 21853 24286 1603 27748 4679 26050 22919 19787 4172 17457 13061 32169 4152 28297 15126 12693 14162 30100 22326 3507 11638 32346 20492 27332 28476 11413 31969 19893 24300 20996 14104 30278 10566 28602 14616 24260 10351 23884 30427 13643 3278 466 28452 13414 18329 23713 23620 16429 737 28961 18494 4755 8295 27540 32587 5060 30391 15961 28074 12660 8549 2777 16616 24583 1032 14817 2107 2094 23689 31088 8461 2645 20961 2531 30694 31723 24359 4505 19825 2742 548 30110 3700 6212 19009 22066 11411 32647 12586 4957 29004 20252 10034 25014 26523 2572 32619 32727 23821 10112 21145 4933 18081 3440 3241 16077 11479 22807 21599 15811 14402 14240 21217 18117 27048 9725 4025 3220 26589 11778 4699 10624 22851 26318 2412 24571 15034 3934 13454 7329 23110 22557 31499 17458 19081 19152 23017 18428 26335 19745 13920 18294 27118 12290 21732 22759 16495 8868 15677 11354 29167 20584 15911 2611 18154 23039 14415 16767 795 8077 19188 15162 8965 3128 29038 9138 29207 2381 27168 29354 11284 11201 11182 173 10914 4309 2305 30032 14066 29811 876 3729 16694 23741 22979 23309 1257 23119 22424 10564 6992 27342 1243 31972 25904 26363 14977 23827 26832 28667 12589 6133 4708 8285 10489 
30915 2494 18167 26008 6204 26625 1957 10302 7818 2125 25765 31210 11772 8072 22887 32381 31477 23122 13813 12121 29204 28001 28918 720 4364 13340 7712 16911 22146 19009 14966 32682 11411 8618 28736 2175 24401 14646 26601 19063 12124 17073 2713 6141 29856 30655 1613 30901 22947 30246 26990 10233 7756 8189 12707 28217 13504 13396 13854 15828 23731 28538 15195 16786 9367 17888 30184 1742 8690 19132 10585 4578 5934 28026 15574 8897 30562 16172 19814 25190 17535 4887 23509 5768 23800 19379 17641 23114 16407 13489 5210 23959 6706 4706 27706 23226 31372 7077 30453 2005 17290 20926 12436 25223 25452 19103 21046 11075 3068 18821 4906 17995 11243 2977 25458 19197 8685 7766 22142 28949 6677 463 32325 17075 18093 4257 5415 2302 26056 27200 31340 20766 29318 14094 29055 20891 18655 27559 28760 13743 18558 32607 31952 15430 17466 17973 4167 12105 31093 17313 24295 22249 10783 1444 6652 17920 18497 16087 25827 705 1463 25630 18331 11732 12114 9357 1845 13868 7406 4986 22820 23526 20407 16090 12246 21503 30720 30024 8788 23806 29353 26522 23263 21885 24513 23522 23713 29162 5928 21696 26301 8689 1051 21349 25329 18819 30538 30493 10877 27534 535 13604 26674 23940 6711 6516 22818 1316 1561 23981 1610 4669 25178 19638 25402 24695 16920 13123 28343 27863 5164 20855 17190 6291 10658 6640 22890 9546 22715 9923 28181 20454 22259 8084 13797 23925 5209 10287 18561 6092 19427 19075 17878 59 1629 10013 10430 13209 2947 25885 23925 13399 8870 4779 21053 1207 17514 26465 10759 16842 497 9740 25727 10121 5088 3173 24311 5259 28731 29670 21344 21876 22398 111 23137 16976 19132 456 22697 5824 15444 3828 15043 21339 22764 5832 28887 19688 18958 11954 27633 18714 27390 24872 9944 23541 3029 22456 30953 18177 1508 27090 15923 12664 6088 800 29242 31805 17125 12119 4212 5624 30764 31138 4654 12798 31557 25711 6540 25710 17723 10688 32708 24402 1634 32539 24433 22381 10559 7398 22678 12906 16907 25124 29547 21739 22630 32385 2773 16616 27163 28893 4953 17288 11184 17778 18144 30216 15426 25377 17482 31347 22140 11406 14712 30618 16347 4646 29822 5689 14659 29424 9744 12240 14631 1158 12100 25404 26393 25555 8727 30563 2420 23434 25324 20263 24178 1576 25964 8213 26212 17829 20302 22512 34 250 11426 20031 32528 30435 29025 23020 16660 1898 27028 10963 13633 9688 30860 5114 
10714 3968 12050 24901 27957 15828 20661 11335 24862 24362 1733 5032 3524 145 6181 7553 23216 30166 6640 26983 10092 8507 27226 15110 16315 20262 10671 11261 27649 29285 16328 952 12583 20532 32697 5183 27682 1129 27984 7858 27822 7788 29725 21969 18029 7999 2952 23204 22959 6223 20023 16421 28800 19931 4880 15438 19394 13022 9477 12153 27941 26757 21727 4775 6009 8961 17993 573 16898 11663 6396 19162 14175 14425 19294 27914 13620 2822 22761 2707 15580 4500 6520 19466 5846 25084 9412 25278 25084 28700 3712 26888 4404 30641 4897 24628 8561 20282 24084 10809 18283 2401 3721 25425 7143 4162 17092 2276 3184 16814 4624 8662 340 11240 18444 3696 30504 26119 3551 22815 27915 17081 14800 5027 23915 7127 24428 12758 1998 11416 24244 25077 14800 20870 18846 1059 27836 25117 9607 29244 13336 26522 6802 9168 25869 17861 15234 20851 9120 5707 736 1444 5368 25787 19365 15462 11035 28722 18910 813 205 9311 32662 3084 27150 3693 10377 31313 6734 12936 26346 3699 25927 13098 8143 587 32013 17364 26878 13247 9809 27158 11136 14433 27044 23166 19713 27718 1139 26832 25676 4432 19600 931 7543 24465 21736 18762 21248 26596 16938 29020 19112 4648 8405 8206 7987 28910 16451 10865 14020 15694 3657 29549 3505 10778 20094 1780 2792 5325 24680 2481 4893 621 9949 1000 2430 23200 1155 27118 17639 28838 17300 28780 1783 20677 29740 15899 17277 18012 22763 21221 23555 25853 3713 2631 21106 4577 17767 30383 15646 8616 6649 25557 25330 28287 6028 26820 23455 1552 20795 23440 16523 16843 19462 128 6366 23203 0 23800 20130 19950 8714 28619 13144 16107 32296 21079 26631 741 7558 14561 21599 4571 9323 30897 32558 2018 17990 16453 24604 21559 8885 16366 16368 13155 12912 8511 1572 24837 9157 28444 423 3432 925 9742 17233 10604 28627 10654 31880 27511 24929 20558 8059 2508 3510 3844 518 5530 6257 13870 24779 24940 11377 5820 21719 11738 6701 30881 471 21741 12536 19591 1267 20883 4593 8182 18801 24814 3522 13398 14665 22960 31694 20800 10147 23667 24248 22814 25431 6776 8396 17285 19175 24175 22767 23609 3889 12768 4646 5883 5972 5695 1366 15415 12858 18786 12537 2700 13988 23229 31212 13730 11079 25551 29954 16038 15562 16011 21309 20285 24726 31030 8549 1588 14254 9797 11361 17711 13997 10846 6994 21928 9046 8179 5437 32417 29362 24793 
9912 13061 5386 8088 11737 10879 28449 7974 1660 31173 22811 8168 1517 5277 16215 12890 22087 17538 20639 19108 30090 13280 29814 26906 11902 23549 26055 7429 27357 13171 16958 3864 533 14455 23995 9916 25791 32385 20541 19955 19576 27107 27981 5225 22850 5868 12528 27597 25316 15371 15920 13508 24975 5473 15052 1707 12940 18705 32640 13466 17568 23601 21803 24825 9334 12047 22295 12761 23630 20171 7557 18051 28437 6268 8532 19704 17477 26852 22331 23816 22991 24522 10432 15135 30163 5781 27829 18909 7965 7782 7484 26160 16385 11955 32122 2822 6813 7053 15534 7745 23405 8982 17074 32114 31641 26144 9651 32470 8952 13925 27353 2814 28284 14303 27821 21879 24900 4662 22866 14412 9836 22080 6633 25395 12561 20964 29702 21642 3889 752 31798 26121 23152 13166 16447 27677 8371 9268 13763 2188 13323 16914 24617 24328 27826 20568 30414 22833 863 7114 23289 2160 7355 8159 8742 10701 14944 16224 26002 10440 8277 7613 6193 4410 31226 31733 18869 9830 17571 9747 3646 25241 29386 29697 31984 5567 29870 28686 23606 16974 8409 17999 6318 15084 23181 9687 5573 25302 16954 16952 9132 22991 8904 10286 26568 1417 4809 19171 25412 12015 29889 14219 10504 9423 2070 10418 18309 21422 6949 18000 4094 5186 27945 23963 3371 10439 29261 26893 22057 631 32515 1054 9379 10616 6234 809 32385 2194 28701 130 6158 28323 20951 3229 4286 2835 31213 15464 9437 27044 10510 32733 4864 28427 2672 18294 5331 18891 17326 12040 22614 15947 25245 18678 7007 25832 2010 25332 21971 28588 12005 14651 16568 26071 11525 11450 23721 14235 14958 29571 6988 49 26317 30584 29764 20451 2419 6202 29990 3145 16061 3720 4365 27337 10566 27884 26702 18960 8795 23866 14230 4517 14545 26913 20783 1728 14466 8520 2592 5992 17920 31430 10380 23399 9980 20556 25541 14964 8374 23242 16938 3688 6984 2322 2393 6366 17849 27677 12790 7950 6956 8154 4171 30158 22059 15404 28415 6707 209 7653 22052 24272 18545 30655 14020 9787 14046 15963 14796 22405 1851 31494 4208 12391 12347 31032 27007 30444 1672 26513 32210 2150 32334 30163 30715 8983 24593 1087 5018 26571 20142 26629 20144 6706 8095 9944 32240 31265 10516 5899 31189 14089 17199 25798 16314 11562 11409 853 18810 6643 4808 29535 28049 817 10214 11572 9123 10115 31725 6523 18950 1784 30515 13353 8333 12477 18267 15308 7491 15800 
1596 1606 32178 24826 28122 17965 4083 26684 18265 32154 12077 10818 8680 11727 20344 17823 13172 28899 530 15187 26947 13802 9811 7968 784 29756 14437 20177 14065 21672 9735 15090 13439 3752 30380 15344 22011 8018 27545 1060 32046 11437 10752 26304 10105 20925 4957 28932 26692 12161 26686 31533 5079 7554 31384 13264 1499 20684 1512 11060 16221 3656 12619 20984 24978 8608 20735 13138 18995 20955 14498 29511 8291 9928 30628 1694 2257 9564 27807 18305 32447 21794 16078 19035 6588 11788 16421 29525 27723 4767 8683 14978 14394 13015 29911 8178 8725 32395 17276 28006 18877 11748 26841 10719 30218 1101 1932 12230 21075 10817 27562 12758 22561 23079 842 16430 19963 9980 28708 29399 19996 15272 14667 19133 20974 8133 13538 3307 32727 21975 4931 10692 3212 21782 29713 5035 20022 8864 10088 24982 4824 19330 16602 11288 7910 32484 28807 11248 16812 26770 27387 7112 25580 32081 9652 14154 29641 15117 20655 27924 10920 14398 16809 1707 25399 13885 9574 3194 27402 5845 31604 4363 20857 28578 32748 28535 23264 22401 14410 27728 19695 14842 32224 25264 29555 14119 9594 8608 22864 9001 30270 31927 20459 23873 252 5550 27930 4296 24405 216 472 1866 9097 11647 2794 7136 11075 19344 31332 7556 24505 31289 7636 30463 6367 12192 22923 4562 9099 25937 9804 31057 25871 9946 3992 26688 17235 12524 3770 12227 8857 20296 31253 21977 18544 8329 19182 5082 23241 11289 25813 26185 6628 1151 30566 19256 351 6390 14300 10479 9594 12394 652 17379 9287 29824 1440 30629 12577 22691 8314 12277 21105 28834 11564 15440 14685 22484 22788 30658 26391 27695 24968 16933 9528 30029 23922 28261 18935 32204 15866 20696 15839 18302 9428 4167 24444 21299 3494 29063 4427 17643 32543 2891 23353 9913 1383 6128 9422 4129 28280 10463 30975 12853 24865 23013 16246 1375 22587 30980 20403 8014 2995 7777 18454 19742 4406 23349 13014 9753 32160 3192 4350 26378 28914 32710 31417 5107 10791 11190 16825 20185 28237 23425 21707 1100 5329 7938 21837 4011 24352 3891 20227 31050 16786 19172 5325 11677 3295 8485 200 12163 13150 21321 14426 15416 5513 16792 30926 354 30673 23761 31874 16745 4770 384 28387 13301 21708 31600 17949 1958 16193 5187 28039 31709 12185 1042 13301 22047 26793 236 11847 26589 4268 24652 1593 27498 14609 31756 28706 12137 16080 21692 8904 25440 7839 22321 20360 1168 
32125 20404 22942 5041 13090 21386 25750 27251 32410 32173 1958 25286 10715 1336 31600 22855 6130 863 71 19263 12299 21787 8266 23899 7449 14627 21541 10504 754 24066 30022 12088 2222 25492 12710 27076 17379 25453 2954 19055 9074 10427 14480 30386 19841 6191 9285 16961 31984 2573 24852 27223 20880 14234 23301 1720 19859 9480 30718 14658 17089 24092 19653 13495 5814 6452 17874 31060 10663 17937 10974 533 13406 24187 17252 16525 22171 2603 14842 5302 15211 11483 27795 19042 24100 14396 6057 9651 11713 3360 21566 22077 28071 1343 31859 32579 4432 17493 6399 20687 2932 13653 32105 31636 29630 29563 29723 29656 26992 19895 2858 5520 8800 23965 21869 1549 31538 28640 877 30402 2034 8325 31406 26799 1588 13282 7969 618 9516 7107 2393 23807 5372 11648 11485 23705 2528 9318 1963 11367 15083 17174 30896 3751 5774 3454 9473 20303 25746 8956 5066 13860 22954 3941 10161 1042 30790 12275 31041 320 31960 27067 8096 23822 6573 3249 30621 30381 23695 23349 29416 6285 14712 30518 1439 23909 13899 13081 13373 2592 17991 9229 21639 7335 31520 3986 648 31496 17513 29810 31599 14271 9050 30644 27352 13493 19049 1101 10741 26635 18169 31640 29049 10558 23621 23984 4669 9810 27239 28238 7189 14923 14413 29901 8454 29238 13161 24315 3452 1216 20203 11062 29977 10209 23062 10354 6543 18908 14755 20483 26188 3454 14681 22700 25461 20575 8367 4908 14934 9408 32608 20295 3750 7780 17441 12101 1802 24642 17274 23436 6046 5083 26269 8263 3968 30364 29931 15411 19224 5232 3115 29127 28694 30873 23966 4452 746 22408 15775 2397 21033 3819 1989 15896 18660 7231 12406 7585 29090 14227 24754 13499 15020 20233 13654 853 29017 7760 1797 3270 21353 7767 26364 26471 26518 1860 15601 23967 24171 29261 6190 12740 29164 2057 47 22889 12992 12346 8847 24830 26936 27389 28972 13334 19370 720 9773 2386 7077 1889 25155 21089 7235 20461 17892 7307 15643 22585 20311 28955 10444 23946 20955 6320 25769 27921 20298 18525 26562 2857 10346 22746 16076 24881 3814 31424 6787 20735 10955 11340 9099 21231 16008 7075 4094 7427 17172 18723 20513 4107 1327 6057 5475 6886 4876 17461 21384 5031 21736 5773 22136 32176 22585 1146 2612 26970 11909 19570 22893 7939 8652 14119 28262 3670 8555 26865 1835 2572 8893 30113 5338 1145 1437 108 22721 12011 12034 1788 15513 16516 
15930 27843 25593 15425 29794 309 14157 7836 7515 9767 31882 9998 5643 11090 21935 32513 19158 3688 2038 24828 31214 25832 24435 32484 14602 9143 31367 6877 9910 4212 5721 8700 28925 12849 24862 14364 7263 5341 29301 8547 23141 6160 1136 9717 13536 2015 14087 5096 8008 16751 243 18227 27769 13336 15756 615 28489 7239 22656 12370 6758 16734 22209 550 5759 12853 32042 28911 30273 16979 8893 13739 3519 12311 29629 4600 23434 1294 1358 9941 2806 25022 8535 1580 661 1868 32162 7466 11384 9460 23859 28011 28521 28661 17350 30600 6249 23663 31005 17630 4343 26995 30302 12132 1685 9393 13789 30659 20922 432 19920 19109 15810 19877 24080 29753 13933 4749 19508 9956 190 4983 10881 19699 7677 2141 6066 15006 14484 1145 27596 18785 25596 10053 18643 9555 10110 18043 5922 14208 27700 14589 28672 29944 8200 8067 32552 26143 6680 23248 1091 24435 28436 11628 20561 32348 21473 16265 6527 12407 432 391 9485 30754 10807 13612 23105 30911 6984 10597 26891 3997 18045 13821 32628 18056 32141 23572 11836 20750 21019 17023 453 11481 3948 14608 19322 19150 20415 19240 4544 25774 27469 3645 30904 18373 32274 6751 2782 20701 19521 4243 31898 9849 21713 32310 14128 22526 5228 16237 30938 12916 24253 24378 8723 19273 22388 25709 1166 22329 31624 22697 15892 22876 7179 21211 15411 18648 24369 29125 22129 32711 28641 4258 18407 12451 25683 26646 13062 2509 815 20290 22735 18733 32209 21152 31774 24169 9735 17760 1683 2933 15979 2609 22372 16572 19920 26589 4126 10289 8968 24858 8703 25218 24537 26183 897 23693 22139 25379 4103 14882 6264 2607 29879 18789 4032 93 7037 17644 11599 19879 14215 28005 20915 28329 12441 4788 1682 29273 7520 7906 24086 24199 7633 4941 1916 31093 7537 1509 19542 27187 16193 7350 20182 5938 26459 19782 24498 16596 13674 16959 21855 31377 8035 20941 11699 16193 20010 1140 5784 9837 8709 13137 9870 19886 21790 12820 20053 5929 26411 31080 10093 26699 21280 27404 4306 31352 5629 32125 14612 8797 13610 29180 28035 8047 19742 24865 18975 864 30483 21467 4213 7946 22135 28734 10907 15668 7693 11023 17056 11140 3505 14492 21377 10104 22887 6672 18868 4189 9218 2155 17724 14740 10708 5268 68 26551 24811 3504 29181 751 13390 26250 30077 18162 5248 7731 957 2839 20081 15628 23292 31932 19462 6938 13681 30802 19518 14878 
16905 23071 31003 17152 30137 12524 13370 27660 7967 16255 31310 2024 30035 30768 4566 14290 24886 8521 2171 1205 27961 8535 26441 13918 29090 28837 21089 30131 21025 3122 8986 894 14780 235 21627 14126 21824 5317 9030 13311 1530 23223 11298 17484 3186 20860 4720 22402 2350 12062 17475 13122 32521 26915 22705 11391 26635 25717 32305 16646 1611 24345 19341 24127 4289 12019 13203 15813 14995 25318 21515 26065 3993 8746 8646 14399 25989 25625 17170 8468 14071 11579 598 9588 28901 26592 23961 1565 11792 11145 14191 2075 22568 20811 9308 11108 20368 17819 3659 24920 14498 16913 26367 12677 31607 5731 4591 5502 16410 716 22377 2937 5795 24100 22239 29187 4805 31483 20886 24302 28240 4712 3068 30156 13572 23137 9556 9989 20045 23984 13630 22805 26849 3707 31950 15512 214 3783 32724 25697 11789 13000 12768 15948 8376 30458 17143 27455 25836 4705 31935 23123 24827 24574 24176 18125 4465 29095 5030 9384 31887 7365 7296 22328 449 6115 13392 12981 12045 8723 18304 22784 6120 255 2321 1287 7366 23086 7880 2933 6513 13287 13388 31820 13843 20786 32474 16922 27932 31385 18000 30131 22472 4493 11382 11300 10247 23958 22571 9967 18159 4522 13516 10904 7965 23781 13792 12279 16977 19300 8403 20783 28112 1387 10870 25054 11362 591 25387 28460 8477 11670 5518 4861 17978 30919 21300 24602 8998 15641 12178 29919 16139 30020 7122 23021 29973 9392 22478 13940 9080 5993 12122 28633 8429 3421 21288 31329 12508 27927 21700 10498 19273 10702 13072 31273 21860 7846 13566 16658 19692 26833 7161 6218 1175 25217 1437 7654 31046 30746 22810 10435 24255 25921 10050 12463 2312 2525 24179 24885 8409 24696 20372 24244 10819 19747 21808 24312 31143 28412 7137 11530 7643 30264 3752 9559 5069 24541 29551 10887 484 29517 29969 1850 20346 16033 22672 18563 7322 13062 10314 11049 14200 29647 3982 24460 3109 19431 15883 16987 1337 29627 13196 30882 16416 26840 13029 15999 31460 31168 29745 30159 13340 9522 32366 1276 22775 8053 8904 13724 5162 17312 25372 18913 25243 1432 11809 24810 16593 7864 14614 17587 11371 19969 6611 21147 11148 4566 24086 8948 16186 17942 14867 13409 1251 25529 7269 29204 23153 27745 6882 19313 19558 30770 28203 15758 14516 16346 29441 26288 13681 14803 28460 11240 11841 7332 7367 21539 31315 6695 20897 4553 20505 26168 7208 22448 23028 24782 27429 22450 
12473 19700 24266 32301 678 30487 25764 17827 27769 22536 27994 3004 27490 30948 29417 15164 11179 31275 32566 23455 19282 7100 15932 30615 12756 26492 10342 25059 26170 2667 24639 2457 8841 15620 32552 25721 3586 29088 28341 14454 1232 13364 11951 17601 12520 15835 31155 7483 9321 4405 17011 20573 13529 8166 20611 32152 2237 11200 12711 8085 21906 20941 17989 12322 23276 23367 2800 17780 19561 31833 13227 13964 30491 32611 11106 974 14909 8402 23489 15772 21975 19117 10464 27653 27116 19891 22130 8666 14575 25213 7505 12673 16708 9428 6156 25724 18601 5786 6150 12125 20972 24778 4122 13775 30665 7941 27524 32260 26949 29529 18930 1515 11131 16687 11660 9503 2189 647 32320 6791 23204 13288 8842 27393 14812 8496 21039 31355 15271 20746 17806 1957 22083 7323 3170 31993 15698 16992 24916 18831 6004 26764 2308 1301 22291 28570 30583 15236 7910 13622 25631 11732 12952 32604 5791 28315 11153 14889 7295 598 28251 26643 3599 29519 9278 6147 19761 9219 16478 9074 13884 32056 2941 14598 21293 31104 21451 12351 19820 19140 26827 4677 24803 28016 13851 13104 26001 26570 21767 6256 18872 31260 14811 7808 8850 28684 20493 20432 25062 1455 8967 14940 10798 19125 6237 2950 18773 16042 15031 19681 16669 13851 8282 22115 10970 8369 26218 11426 95 931 32421 22211 9217 2188 28653 22298 7417 26907 6054 26298 23189 11680 6059 3154 19233 30229 11409 26746 21486 21954 1562 21755 4011 10081 3360 9132 2082 4117 20866 13810 5478 1130 8193 22236 32363 31100 11936 28281 4953 20997 24450 6995 12649 27065 19483 17847 31096 8421 16872 29517 18169 28906 20315 16640 11592 3915 7582 9235 3473 15053 1608 26120 5455 18279 31232 8243 16542 8112 27346 4373 3506 29626 28742 10654 12541 6667 3600 6018 27842 6111 1107 15520 31558 16820 20712 12016 92 10563 4636 18768 24298 4225 17566 24970 17555 13512 21979 19177 21337 3750 25932 20742 12763 19043 29632 22969 19137 18093 20674 3297 18331 11410 23442 25762 21569 1378 3115 12292 15125 23118 5810 30349 13559 16588 27164 25653 30213 7394 21275 30464 30872 21575 10917 19938 32031 30278 5975 31350 29777 22431 5930 14298 30250 2599 4304 9952 21348 13125 20925 5423 2830 5097 16718 17663 24596 21188 13428 8147 10606 17628 30869 25011 10356 6515 441 27492 10723 32072 15744 16334 30378 9386 30248 3090 9485 23474 9398 31940 17786 1701 
2828 13583 30650 5242 28732 22791 8803 22625 6505 29638 18708 7176 31650 6281 21404 8960 19735 9705 29415 23859 3444 30976 14287 32130 15005 13747 28895 27778 15758 8321 3145 32379 3162 6814 27545 28748 13699 10463 5637 30563 21579 26907 32155 567 19936 11521 30138 31867 28059 19997 3584 2906 24273 11595 24411 4639 3697 2486 5050 9984 18867 4583 4225 16861 10168 638 2863 14822 26569 15400 1487 20970 29934 8806 6695 5694 29551 18390 11557 15363 31153 16765 14605 15216 32651 19245 6992 25524 29315 12139 6916 10961 15752 22874 29281 24327 11185 13116 10134 24955 23683 18996 30414 6969 13064 10978 30308 762 16827 11529 32280 32547 19083 8107 8157 21841 27276 2665 6717 24151 32002 28157 10300 25662 16279 11867 31967 24634 1086 5825 7491 19676 20353 16462 4843 30021 1555 2509 2362 26827 16395 11324 19024 28446 16679 24949 19827 619 468 19519 30943 21233 1318 14509 27075 10760 6223 15855 13634 21278 15208 31072 15048 19174 25239 26494 1955 25693 23445 4241 8949 27961 23691 17923 26560 18290 20103 12755 15411 11323 9020 23259 13788 19623 9317 22995 23417 24845 5979 24825 16924 21449 20468 32610 29948 15437 6467 23185 21681 1663 17724 19240 18595 23672 28795 11278 11213 32523 24011 2637 675 9805 1799 17087 6632 10322 22646 13313 14170 25937 23185 5525 5722 13376 8212 21669 32013 32345 30480 11657 3653 9420 5008 30058 28448 19412 28263 350 16138 14059 28755 9106 24833 6826 13430 22249 13968 28505 6267 31889 24189 30900 12160 32321 18600 11343 1400 24584 20060 5504 25871 3528 11814 14554 14649 11180 8561 19094 10629 23985 9115 24992 30886 2675 4598 7915 358 2260 17869 21016 10060 581 24686 29914 30513 21256 14417 13263 22701 30908 13026 32681 16317 5577 24411 20347 18658 29595 2165 21197 6382 1337 30189 4318 12202 15948 3722 19301 27329 169 18110 16563 2284 20604 15268 2196 31443 6320 23984 574 20611 32524 11713 5363 29113 17719 11324 17345 10115 2789 24781 3813 9357 22631 13031 28579 19101 17631 27686 18810 789 10790 7404 16052 10931 19288 26317 13181 17314 32733 5002 26552 2538 30586 30540 21732 27534 25217 16030 13903 9784 7132 21908 27231 16807 25094 21323 18893 25259 18729 32252 17229 3357 17577 18753 911 27969 17167 10308 17129 26905 21493 25668 11015 3395 6641 14364 2111 28056 26539 1566 13524 7993 14130 18509 2064 25477 28156 10983 4695 
12292 19122 16408 30790 8469 13650 16500 28827 32203 24770 21727 3244 6691 22648 13419 29615 3864 16849 12643 29963 34 22814 4715 9516 30422 4051 9902 7724 26989 24174 19770 21764 11566 6491 27721 4960 17801 31372 21624 17824 8659 5670 22300 29678 7326 12001 14768 28142 2253 8327 26382 15853 30781 12395 2787 26637 26183 30223 13423 25387 2302 13648 24260 14356 995 8994 10598 13054 13257 11331 7676 17538 17388 25661 113 9339 31685 19847 14266 31608 7980 5514 30593 7344 26802 21339 30652 23933 18777 13895 31150 7466 5390 20190 14902 7685 15738 30483 23725 1270 2299 3547 17360 2567 21801 31279 15846 16118 320 18627 29381 28041 16644 21916 3479 27896 5959 4507 6565 28370 2035 15277 25424 17961 17853 9520 7666 23250 11885 24202 29107 14429 16708 2220 5438 3251 14390 5502 26713 1790 29585 15335 29635 29805 10837 5163 22856 3621 9124 20980 29693 23711 24027 19074 9251 32137 15602 20385 10010 1587 24557 14788 4041 159 1223 27495 1860 30374 15347 21297 6530 7487 31578 1877 30407 14735 28652 687 3317 24553 28718 25695 17834 1682 22364 12610 23730 15255 12775 13979 18763 100 15323 22085 32518 15260 6100 17539 13822 29352 9204 5085 9363 28324 32459 29492 4436 21832 22369 18425 29165 4349 2820 19724 30989 3881 7588 3667 1111 5578 27794 20333 4877 12889 6023 19139 29336 30605 9608 14855 17593 26082 3468 22442 5476 1759 3339 27738 13659 11428 16890 16194 26527 30317 4278 24407 13361 20025 18492 11400 26487 21972 12918 24695 25678 29054 8722 28975 11904 12933 18747 27153 5310 11118 612 12999 3490 31953 30699 14639 10259 11757 18986 5460 19992 4721 32524 5880 17538 9121 27700 13149 12820 3545 3015 7585 19839 2143 30180 883 8616 8037 23574 3202 31352 31365 3715 12147 11479 31804 12403 1075 21363 1210 17984 22917 18799 24549 16464 11347 14139 9113 9836 32266 7507 27144 22426 1664 17316 20353 30945 9521 11202 4087 30078 23662 19565 25478 31282 29166 18187 26674 17005 29441 4365 26491 15528 12928 755 1420 24832 16291 28329 6387 4050 12309 29589 22180 26418 15849 13327 29918 1216 10520 22254 32117 26691 12877 537 3000 29447 10424 28479 1171 29829 21328 11669 11562 16049 1665 22345 25095 29313 31351 12541 1747 32648 16578 27296 27879 2079 9512 31589 20793 21279 9725 21635 7947 23631 10957 9925 13711 13067 16922 10598 10827 16829 18225 25994 30824 
574 22222 4868 19148 8934 29024 18041 2514 31512 2161 31519 7436 8116 18082 1220 20715 25521 4006 26232 3604 22036 23360 31031 22315 22342 10055 15178 2459 7513 6458 2079 9403 4335 10136 13255 5719 16158 18178 5613 3885 28302 16835 4156 21440 9008 24143 16101 19891 5231 299 12962 27464 28089 17120 13611 21587 15636 97 2998 15345 30762 18691 13640 31956 25970 29842 17063 27636 20353 18250 31182 29800 22045 19900 17312 2143 7441 13486 11118 6421 14411 6342 24115 7426 17011 2854 29444 24429 18190 22722 29825 31864 25485 26061 29852 4641 6359 5946 19103 2327 7664 31596 32101 8089 7475 5083 24788 19271 11899 26393 21513 18372 16546 10314 7117 5075 14078 7506 5504 13383 25740 16714 24090 9217 20464 11236 30313 6964 15374 18393 3115 30920 32372 2751 19589 19967 28822 26774 24816 8862 5745 6560 14508 15091 27509 8689 16718 17045 79 17693 7735 24223 12089 9417 17988 32420 69 7976 24724 29873 2233 15696 3789 22030 23551 17118 31844 21418 6428 9899 17270 24389 29875 17485 13935 26790 18393 15614 22953 31932 21860 17697 28038 18380 11736 31741 14116 21699 28573 15684 541 6706 7435 19326 24905 17473 25819 27474 18509 22990 10833 27796 18362 4987 29870 967 16737 2983 1493 13365 30339 17871 3309 4969 23219 12207 9907 12736 16016 4745 9260 9992 6475 5920 23756 27539 8810 8433 31199 29799 3054 32590 24400 22866 14772 21552 32168 24848 13876 6037 4461 5022 31118 30806 24368 15980 7747 20203 28858 14588 3181 10653 21563 28667 10857 26354 5119 16839 1550 12004 6482 26187 25434 14219 6810 8445 15113 22069 461 29853 29054 13218 16694 8785 22912 16784 25013 27549 31768 27446 7148 8571 23088 7707 21729 12993 27079 32499 17084 12157 3932 29619 29632 28805 1944 29510 11825 31852 7870 31093 6225 591 10733 13406 27410 21816 17119 16193 18825 1094 20935 15003 29351 23361 24454 10893 12422 25981 30685 22330 12782 11130 27664 16680 883 45 1425 11939 17527 4531 14150 32397 15425 19162 27877 29836 7774 26423 20767 30856 25547 13497 26101 25166 8989 3833 9427 19232 24933 23447 29398 7600 19649 10042 7348 10810 9745 10846 15474 23900 14860 594 31677 11394 30274 29307 18789 13970 26505 29051 21632 10234 25612 24680 19715 25215 25314 15394 21002 26345 8000 6982 9934 15072 29830 19670 17252 12054 2800 24143 20280 28772 29370 11118 11147 16030 21988 14039 9655 32637 
14198 689 21896 15520 24532 620 18028 31140 20829 19320 31470 10522 13220 9977 20020 15885 16884 18123 29160 20982 30877 2975 11528 13663 27791 13785 11619 5485 7268 15801 7059 11423 26616 3615 30345 18181 23021 22231 3803 16387 17698 14461 21548 25918 24814 7092 19224 2164 31418 21426 27172 19529 6613 22431 2998 10767 9754 15656 27744 16684 21354 16870 26162 2214 21855 8250 17212 7486 4512 31602 27923 28488 10070 22986 21852 4935 26935 93 8080 20785 27100 8961 17291 20455 10337 29163 15437 901 7730 28400 15346 26117 24162 3862 17704 28504 22007 2224 12682 26348 5076 28462 23232 21353 655 15310 2918 4121 21958 20417 1236 20234 3917 16652 9831 12586 22931 9339 10239 13523 26451 24830 759 1438 9940 8714 14213 29887 11193 26142 8592 22394 274 3471 32110 26284 711 29957 7698 13682 19712 21985 16663 3684 2604 28121 16884 20392 19288 1846 27907 30951 5229 9881 8552 8863 4434 32756 14099 2480 30708 16783 2848 14060 23113 20428 15536 31924 863 23966 29765 13131 18041 8651 1769 7661 2717 7652 16165 17207 22815 3200 13771 27346 14519 9129 350 31404 4366 1610 15315 6126 8726 27751 2312 1012 25077 28700 11107 30309 23290 7855 5807 24778 16061 29178 25623 23071 6501 25534 10918 22912 772 25767 11740 6496 19013 23838 23791 21277 8216 11082 11924 23670 4991 26071 10129 4299 11669 26475 8754 344 21488 20078 7854 12180 7301 28310 17122 23785 30618 29976 9809 10946 3324 14802 28441 1459 9053 28639 30808 22235 31294 4047 8781 16489 23379 19639 15106 31870 2974 15232 5752 6821 21720 17871 11332 12641 6666 29294 2879 3488 21672 18088 16179 18855 8493 10777 6366 16921 905 28553 4284 24289 24804 31777 12269 5110 15249 14187 696 19554 5519 14018 9694 29552 10951 31957 623 26614 29036 24707 3842 29873 4146 421 13297 18902 13506 25031 18222 8213 25630 21779 3040 20149 22065 18582 912 11602 1709 5179 21290 2352 28288 21048 19775 2448 1848 30872 8600 27124 7942 584 465 6694 13510 30484 18436 2250 18872 30828 24828 6939 29025 18444 6635 10580 19927 2698 31811 24639 28415 4115 1519 24910 3461 30488 25980 27593 18362 25498 10692 14518 19555 12991 4334 879 1969 23646 8957 29479 31169 29351 17490 2444 31710 12683 26903 566 28695 5098 27954 22025 5591 28677 31213 18767 10072 18575 14688 10049 6351 10646 27327 14970 8548 7986 22831 7760 
27041 9004 15436 29460 15655 8818 16591 15717 16902 9238 13247 14906 259 13679 9005 5371 17610 27194 5300 32690 6025 13071 7981 31970 12085 17775 11997 4868 23668 30875 23477 4963 19361 27379 794 4743 24592 5746 13420 14819 13497 22469 18450 22802 3503 20229 2084 3066 20717 10733 11224 16282 18097 13558 805 30899 13307 26593 12807 19285 26563 26794 20368 25244 30283 21008 25381 24499 15253 27392 29502 11661 16718 15182 32450 20381 16170 333 26587 5367 3328 28102 19100 31826 12262 29174 6321 22574 32740 9756 30902 28827 28893 23348 15444 12428 17993 30534 21690 18020 47 25790 22650 5508 31386 20250 18090 17135 29973 11803 20960 29805 15323 21072 29606 20786 26999 2259 21917 9845 32434 28668 22938 7094 1096 2399 2261 10966 26745 7669 20187 27399 26061 24975 30354 27667 1852 15709 32324 10413 29048 24000 32442 5358 4509 11229 11729 14877 28722 30141 12355 14907 21756 24618 20580 25543 5890 29114 10182 6342 18009 2006 26743 22961 27727 2402 9679 30933 11244 30661 19264 6388 11699 26041 25633 32125 16942 16509 15984 16018 21008 7517 11359 7003 23598 30348 9462 17541 11113 16039 10864 17255 32141 8132 23240 7530 12274 20499 27995 7123 8679 24831 4151 20991 1620 28152 28439 27872 12149 22310 22820 30925 19375 5136 19916 31835 20210 4654 15121 8736 15089 15836 18321 16663 14635 2582 31112 3536 24300 8224 7593 30865 31999 8065 887 14947 20692 10673 10605 27537 7120 14204 14353 22505 29595 25421 2640 9077 10504 20191 8728 8275 11537 8516 628 5013 6542 3057 9095 15476 15058 26799 3617 20400 28801 6232 2069 4938 5033 27874 21035 2099 12809 12045 28192 21967 9680 27386 926 16501 15059 24858 8605 1357 4589 16665 10042 16665 6695 21415 32142 15480 11698 1358 8724 724 25602 7649 29436 14331 32139 613 23907 32230 7164 11395 591 2246 7567 8522 2739 9944 7564 3350 18313 18891 481 21267 28690 427 28734 2016 24318 24981 10146 5414 20802 30514 7137 15757 27210 27917 28418 7429 30187 5148 312 5560 30454 18570 1002 6332 28078 7534 4495 23249 20224 13226 8270 1657 29933 26617 11265 5676 26438 26409 8417 6652 18042 31004 27990 27237 30820 1564 1214 25614 22214 11858 27656 23055 10560 14984 16090 21943 20055 24467 3002 11994 18375 27106 18543 32216 32007 25264 28546 13896 9395 866 26092 3397 3313 9256 3984 628 3713 14171 6741 26042 30586 12703 
1371 19373 32016 10723 13441 21389 9991 17484 6656 17616 5247 4813 3902 13005 16490 32514 16003 257 31207 4214 31349 9097 1880 3772 24432 4289 12562 21561 20482 25720 9579 31390 19972 4986 31244 13334 4254 5719 14865 14935 23005 13573 30010 12193 25657 5008 3184 31893 18608 30276 18788 20596 5922 188 6425 16241 24230 30001 8722 5106 5477 31774 27015 20115 15426 32549 20649 111 18530 26862 27665 19618 6854 7745 6892 20929 10126 22731 1934 9512 17844 14163 4093 2361 9733 3387 18168 9072 29124 20732 3183 25030 27828 17547 9376 22957 3270 8485 4229 24133 24680 11896 2151 18275 6232 24810 26881 12937 16199 22650 16340 11295 18220 27807 2621 12330 4992 32189 6003 22982 26491 16783 22974 2573 28145 7718 16517 21075 7774 8923 3899 32723 31724 31617 23811 12466 3676 1048 27259 19302 9216 12436 29206 1058 6008 9214 26977 12668 24837 7111 6154 4673 27463 16670 28448 29803 5512 26001 9443 24819 2731 12708 32699 5664 5632 6954 20600 9900 14762 28510 2582 6293 24635 13578 24029 6471 23405 10224 5589 23974 21060 13560 13901 32051 26570 14369 31081 774 5912 19328 4579 28539 1923 11719 18274 6153 1890 24066 2414 11460 16038 548 14946 26765 9028 8769 1819 29361 19901 11670 9385 7207 31445 11022 2552 19671 31616 14115 12558 15467 12396 21597 26208 26250 1810 18718 30236 7024 23418 15980 3555 4833 17216 660 19979 27974 18499 26784 3623 3738 10231 26924 17702 26353 25366 32672 19592 19461 4392 9664 28079 21690 18468 25174 17548 23254 31893 7472 19278 30358 28620 5764 28437 12027 26022 13498 21464 30863 1557 5539 15832 10810 17123 4530 24909 3793 10034 25085 850 13587 14534 374 17793 23898 13311 8415 30796 23168 21525 26565 22309 31144 24223 2881 9666 3248 24677 24630 27107 20954 9630 5839 11624 8120 32199 12289 19999 12013 15074 12507 19014 26689 16410 27553 31461 11950 6580 25950 28040 20324 3137 10430 23905 25112 28013 15391 29301 10708 2961 11943 28476 26446 8102 16618 27622 21179 19385 12746 2546 6549 2580 10675 26479 4397 28798 17225 29318 1629 11514 21147 5732 18237 11623 29117 17315 20108 6678 19014 22168 18933 17838 27902 13522 25665 15526 26102 5798 8475 29590 5398 11885 21759 5337 6345 29311 27538 30403 29342 9077 17209 24158 7241 12715 3278 23139 2667 22323 20950 25848 31785 22799 22565 11649 24986 21845 27142 299 27683 17180 17791 
325 21225 21911 31981 9505 11333 17394 26662 10561 18142 22734 16073 9225 14433 3751 31738 9344 12326 20475 22363 127 14685 10560 7753 32503 8378 12049 12549 14570 31555 31900 17348 28096 9404 16144 32327 7910 17086 14221 21094 13231 30776 17311 28819 28905 12424 28269 14332 403 5172 17192 25489 24094 10515 13681 13860 7137 2340 30960 31176 25551 8183 21269 2476 9525 24233 24858 10747 18553 14354 15130 10890 28509 20813 19495 21576 19402 17945 26050 11951 18116 20517 14731 32322 30886 26421 29017 19205 21967 19712 12195 4194 13788 17566 32632 15596 2420 20808 10101 4085 26860 13003 28771 24624 11237 22397 5241 6509 9586 811 21899 4125 503 13990 16773 9316 1818 7315 26388 29880 20456 24073 28077 13134 27444 25883 15483 18128 18288 10693 15932 6579 32416 30330 14518 26230 3539 23199 20312 24934 30951 26109 9971 26701 3378 29521 25802 22232 2628 31698 23793 24468 29757 24271 17944 11404 16704 27782 2056 31988 26136 28947 4880 6112 24926 12147 31154 17997 17411 22729 27637 11184 11515 24310 21203 32033 29927 4291 32407 3249 2493 2097 119 21030 15382 22025 30937 9760 17715 18755 13993 12580 4536 10849 22984 15168 10628 5993 12781 9653 4161 26483 7925 23226 4566 27458 12473 11954 30064 23096 21698 23621 12152 11265 3095 25546 7808 25820 22039 6783 7018 19163 13292 25150 18493 13518 2807 18498 28863 7127 31175 1383 28084 24204 24432 17349 31067 4817 10852 7095 10254 30079 13089 5952 819 14731 3056 27965 15758 4682 30415 11851 32113 32155 10946 31090 20025 17629 15599 30965 31558 16585 2497 19530 17766 21550 21595 4169 19671 28495 1153 172 14492 25535 7798 22410 6553 32511 1930 2698 20798 18155 25574 7770 16649 16873 21257 3954 705 11397 13418 21003 20343 29870 23502 31455 9816 10044 9570 3022 18221 24183 32735 1875 15811 5973 23981 11922 15985 17589 11386 9541 9410 28506 25748 31683 13036 1308 17838 7 9657 31146 17636 2671 6750 6102 14503 9370 17106 8240 10542 15013 1512 32024 14492 8408 16744 27221 6965 27062 21343 30416 27166 23615 8700 1026 20423 17787 6329 20058 27501 15641 17492 21511 11527 32219 8110 30784 5713 6068 353 24597 6023 15590 25031 22563 17911 8035 32037 14647 14482 30921 12643 19102 16178 6311 7749 29517 9696 14517 2274 31018 879 32121 31253 30648 6335 17534 6179 18414 26723 19177 14273 30980 18709 20218 6054 31516 16440 28526 
10835 10390 7153 24429 16196 9158 19717 31211 6788 11328 21790 5185 44 32044 23560 20748 22420 21105 15088 16111 12894 19052 17939 6209 10560 31152 28826 5374 16591 30465 12221 4897 13021 18145 12709 13769 18169 6372 20037 27893 20908 1782 1448 21936 8110 26664 19050 24502 17582 28860 25691 19506 6283 7586 14152 21339 5151 24291 31989 3199 8823 31161 18222 2044 4075 9590 14862 12007 1098 14866 1447 22156 19882 17634 10514 3356 15907 30119 8537 26681 21809 29226 26483 6190 3349 2351 26837 29626 12728 27328 19669 29891 24883 27344 404 26144 4020 23119 5940 21186 309 5670 1813 30278 16014 30397 30684 25807 10165 22163 13687 4457 18232 24559 24186 21728 18744 9312 7974 623 13931 5003 30620 16466 8573 788 3996 28894 429 20387 27625 5589 27475 10895 30713 7803 6982 10756 19162 1325 31187 24605 22303 30088 22138 24174 20963 1865 26565 30247 24732 18049 27353 14892 18917 14459 28593 9488 2089 25957 25533 25964 2203 21714 16326 23873 4905 15412 21336 3660 25298 20292 12795 10949 23511 25548 18693 4175 5133 9373 20369 13908 5943 7081 18523 24125 1177 24811 26437 29345 17062 27907 23143 17904 32001 26353 17562 31525 28785 27774 19488 3467 8206 26018 19680 11308 17931 9850 22447 26311 18871 4797 31518 19625 17976 18375 17467 27170 23067 16151 14550 26039 11525 10633 15473 1653 10799 21624 12613 24704 28060 29070 21196 3892 21418 6972 11170 11631 20235 12589 10077 21592 24975 268 10323 20149 29372 8647 9322 18342 23566 10948 22145 30451 29458 23679 19333 13384 26999 31514 22956 9289 15632 1134 2582 18342 18194 807 19472 25036 6127 2564 3353 23273 9173 29615 20044 31009 15187 8034 626 31403 4918 22141 29234 21274 13238 23545 6343 4873 21188 21234 17106 1835 25437 2561 31881 31401 16755 17323 5950 3379 32241 24633 8420 20406 13323 31107 28394 18191 376 812 7231 6523 25593 11116 23259 19380 21221 9887 15786 6688 19007 26428 10053 9117 19124 10194 6920 3320 23505 15331 2027 24468 3044 11664 19167 31068 32566 15016 1154 31828 68 11998 3223 10660 24303 31557 32761 3629 17539 5582 10873 22650 28402 18779 15963 8488 15450 11460 10028 28342 9794 22175 31004 26669 27507 10453 17545 9662 30764 17002 7952 2970 3189 24775 11151 6830 28879 29078 23668 30357 867 28920 5163 12919 20533 941 329 19612 30896 11750 20740 32564 9270 4248 2224 8790 77 27691 
30272 22833 783 7329 13940 6990 14798 27991 2260 21999 21977 727 7228 12911 12999 23765 16508 30201 23291 13167 28064 28978 5281 7152 25855 31067 992 19107 1339 6759 18322 18349 3332 14886 2467 3191 9942 27659 13581 12169 8621 10879 30096 31441 25438 11487 32451 12929 22226 21695 4390 8887 271 29708 22648 31127 5622 1237 16508 2766 32148 25722 3556 7131 20636 6930 26726 8918 19964 23959 28653 17292 14427 19826 10800 20211 3478 18082 32266 11733 1724 9428 12403 27008 18193 7316 22839 18722 6410 20329 13324 5313 2313 5310 30859 20967 32731 30187 30295 32149 29312 16770 5603 6279 10056 14438 31441 31584 2288 30631 32531 24425 22408 3663 17612 11472 28755 12946 12556 784 10679 26280 22950 22308 22954 32606 21012 26833 8916 994 29925 23955 24100 7344 611 26740 19715 11409 14798 14907 29752 30837 23548 675 19424 5598 17287 22252 10453 32534 32266 18715 9347 21480 13847 2131 2657 20368 19564 25299 17948 12479 29221 17239 23494 14203 11965 24232 7033 13895 26814 21787 15942 29238 4953 237 25397 25420 7595 13840 21449 31283 9097 19463 4541 10699 26174 16739 10037 19287 31656 16946 30144 4938 1197 14789 7189 10212 14752 2913 9241 13328 21901 15382 18540 2094 14959 13679 15972 5402 17365 10205 20628 18096 18448 24286 32519 11580 30436 12218 11673 1416 4710 23495 28777 23690 19576 32529 2985 3010 3864 32526 1682 29120 6596 30194 31490 7426 30516 15964 7709 8933 16732 10700 24092 30320 1863 8426 25554 13007 13371 19935 11248 32609 8238 31408 14858 27060 21912 11358 27057 26769 10318 24104 5633 32586 4062 7350 4098 605 25753 5785 4418 3014 14247 17348 4202 7613 4600 22575 29660 19727 30684 8736 8694 16082 4122 32628 5297 22664 16094 9160 24711 18776 17134 11369 23243 28122 29759 28081 24081 28680 28826 3660 5678 11494 31340 16319 29788 4304 29255 28215 683 1580 30872 3380 21237 13284 27978 2868 2875 22440 20068 26244 19467 9461 31309 11636 3114 6755 6205 4961 23700 31981 32754 32146 25984 12831 16682 13521 9547 19618 7800 21696 19961 8473 21740 12335 10904 10808 22777 8262 12341 7506 18022 30202 11778 25497 29201 6558 5286 30493 2986 5515 9217 2872 18184 25375 15010 31705 9749 18416 25680 10186 30950 4229 26081 12951 3337 32227 16433 1577 1494 23715 11993 27390 19042 23857 5260 31882 5046 1664 31946 10198 766 28110 12457 9202 22368 7570 
9640 21855 4747 18123 4325 14963 4972 10601 11768 28712 7237 11937 7634 6606 363 3354 15308 653 21349 24659 5558 14189 1863 121 27165 28826 17105 10468 12040 976 21545 13378 7806 2022 11298 10512 3655 10679 31090 30062 9163 30767 27116 6180 5166 7842 6181 14233 1996 27253 23366 26995 1203 1512 7300 24461 3514 30286 26480 18361 8166 10028 30948 31322 12291 9135 4775 21365 13483 26266 11642 24173 31595 14611 1257 24054 115 28865 9982 30083 24857 2332 27608 32330 15531 13507 32202 14824 25107 28382 15913 5282 15997 26653 30530 26536 12778 27607 8773 3546 25125 9376 16159 28264 4527 509 7862 21588 17106 12854 26241 12009 17812 20969 25289 25450 25459 19400 9526 5491 5128 10873 28536 4636 7343 17307 30389 4196 1219 183 21663 24242 1318 4973 28957 6119 29963 6000 10233 14016 12261 4175 16323 14536 30239 15160 31672 3777 18378 1359 12110 24417 10340 28806 12930 29316 3011 30373 20185 26166 29883 8754 23409 32683 11936 26700 21462 8463 4063 30946 3468 11111 9481 19962 7304 5386 17244 22820 27361 18635 6653 21365 15737 6734 20115 13364 12981 9584 10598 26944 1527 4198 11955 23992 11791 792 3210 2266 21680 12714 12706 3519 29559 10745 17496 16331 1619 20088 17791 18622 9902 21294 31878 14599 6404 18899 11390 28490 10159 28194 25401 12241 16853 7960 31059 20472 23260 16578 22320 20519 21103 5513 4504 22782 5793 2149 16517 8690 20168 16429 10414 22728 32690 19587 12721 27572 20303 15199 18179 21498 21886 14952 8639 2433 29048 15579 22263 29898 10378 10761 9604 8865 3130 1435 27164 31097 20957 4697 16430 15561 31518 2037 23873 16483 22958 18712 17952 5213 21779 26985 10638 21132 15184 8264 16704 27973 15911 25240 18542 31366 8273 11903 6065 15596 335 29100 29393 10889 20081 23106 13212 32635 16945 21651 29814 24590 7049 32258 22163 9143 30544 19622 18402 2205 10903 18436 21082 20154 3707 8871 28560 22444 32293 14185 24302 14947 9830 24658 29689 1510 10426 16497 6454 17671 19145 9337 25551 28118 3916 19868 9627 19915 22729 4843 5260 1285 26586 19915 25759 16436 9757 16986 29261 12087 12157 7732 15717 5013 19918 5237 5778 16527 875 21673 688 26530 10226 30825 12426 18440 10268 942 23953 4850 2874 15484 6798 24234 1965 1962 31139 10969 3853 28191 27903 9724 5614 8413 14473 20529 11922 32608 24498 28086 5126 14781 15741 23981 26232 10737 
29848 19041 19348 4227 16742 3969 10060 26084 4627 4569 20552 4356 25249 31462 24314 17814 22693 9909 4471 19439 25290 26171 30894 28753 22032 13285 21605 25437 22168 27595 32061 8021 21231 11873 19194 28121 25084 29308 4776 25319 22709 5923 30579 16795 2832 25211 22656 16288 32684 21763 19626 31950 27374 19641 25874 14677 17882 4939 18880 2267 10369 3708 2777 31060 4353 31413 10420 27549 1618 12556 1056 23996 15256 29310 19991 29471 24589 8091 20174 12129 21942 27135 21613 1700 7581 14226 17511 11538 11671 3005 8341 3978 8079 6223 27291 2753 28924 14534 11478 4480 29567 32453 15360 10665 4974 3144 3348 8751 25719 3058 32619 3645 25381 11708 13263 16278 29348 11897 855 20971 31522 21360 11241 11394 15675 26188 30398 27049 21820 22804 8293 4196 16805 10188 11950 22568 3522 4346 17421 14859 20265 28051 8564 31875 26579 30882 12159 19821 31403 11181 22271 923 25938 25287 2914 662 28343 32503 3318 21802 50 17318 32478 26899 6225 14061 1738 21964 24537 21080 3531 21499 28096 29378 18058 27957 15982 17692 14481 23263 16222 21877 7743 26997 27882 13507 24394 28656 2500 30791 12314 23523 5878 12776 12538 15060 32096 23499 6371 31718 18718 13159 14091 32063 2481 4830 2967 27771 1547 27843 13782 7025 653 31981 10115 32621 4724 32075 27960 9383 23502 232 22629 19696 21193 14205 5755 13697 32742 25065 17460 10686 24463 15920 30953 26857 801 20005 5903 1430 19432 13651 8342 29782 29427 24393 5017 8109 6416 20746 28869 26890 19049 20943 315 20463 22980 5078 6155 5564 11571 24575 12515 9639 22005 4246 6885 30726 17420 10818 13176 23344 11390 16434 18688 14052 17172 9893 17685 28913 24026 12653 28717 4976 23035 21483 16113 11248 25808 26447 13805 25380 17680 25374 3798 2175 583 32021 29533 30811 31528 3982 19924 13981 7501 131 9787 19264 14832 13886 3762 4901 7730 29483 21524 18408 1493 9916 30975 14110 27985 21111 23113 31304 27185 7595 12843 569 31697 29788 29059 21465 12416 9950 29669 7566 24528 10980 6464 7684 19680 6572 31269 15130 10640 7057 8452 28918 22576 17384 23599 21101 14202 27535 7019 11535 25645 10267 7994 30639 27582 12746 6090 28591 27105 30052 436 11419 17692 17186 17129 32334 10883 27623 30187 28060 29758 20751 31897 7463 3440 9993 27698 22250 29138 7022 1453 17469 23467 22657 31311 1088 10639 1430 7861 23739 30215 9961 5263 11790 
1307 3677 27533 215 14536 29018 15635 6285 27619 26848 25120 25297 26537 11146 25877 31199 30172 22835 26799 15052 19895 29611 15196 6774 21174 5095 9791 5957 26118 10507 11994 18494 15634 23753 12834 19021 4474 31733 20417 25749 7533 71 32449 8326 23734 4540 13868 1930 377 2066 1430 18209 24454 32120 28171 28955 29565 26556 3238 16056 3050 16249 19770 5074 27137 3653 17742 13033 11393 30508 18471 17207 8839 23969 8332 31339 16166 13122 3696 32003 8429 29646 7710 2570 3847 15362 27942 23680 9498 10178 1379 4778 13323 12734 11179 31319 29527 22352 8418 9674 12115 13933 26863 25623 10026 7342 10625 11804 23971 30735 13023 16948 26287 7682 51 6984 22339 3835 27049 20333 31735 8734 28549 13329 29461 27299 20098 13875 22629 27581 19279 7161 9348 5568 26047 8509 31274 28505 13104 4611 144 5355 6126 19360 7522 8572 16119 16763 20564 5170 13493 23922 9805 4750 23279 19268 8897 29446 27690 18532 16213 15969 20758 20112 13585 1882 24203 30476 18319 24552 15972 22668 11607 5049 16157 10546 12930 10741 8378 32486 26575 17696 19376 18089 1296 30406 6494 8296 1907 30033 2121 31832 6309 9820 30638 18885 20310 2153 15179 12905 29018 4162 29080 9002 13993 3841 1846 25262 26420 7047 18996 23475 30135 18924 9345 12380 2099 29020 6287 10831 22636 30395 18663 22464 5591 25786 1736 16585 19752 18984 1269 27285 6057 27406 27543 15214 15395 23819 27016 18297 6981 27445 26386 29669 23040 14030 11021 22887 27478 18100 11559 4798 20904 21288 8292 25968 14549 9387 27629 25247 7497 18920 2926 1188 20999 27026 31197 9498 14297 11194 6526 27421 19932 10709 24128 22969 5629 26063 20760 10068 23760 27849 30431 4436 9804 24222 13506 21450 1841 8220 12793 27978 8109 27467 1825 15948 24307 25311 24835 7287 10281 19087 12606 18760 30279 2107 25548 17007 6639 28325 27795 26289 3038 1719 13254 23881 5455 20609 12137 9979 4298 2272 11522 20193 19934 13971 6701 7486 17571 10070 4324 31445 31122 6415 26781 31490 1498 23365 21272 18507 12226 10934 26079 20189 11195 16966 11560 26542 2994 4634 14195 22085 26996 18935 28442 22096 25834 26056 18233 16120 26082 13384 9670 6234 31421 4162 23290 29864 2847 16855 7348 16528 5533 11012 30841 6281 23168 6063 17728 29562 10899 17303 30654 17164 19239 9321 13233 5182 2925 6717 8478 29237 26612 27537 27387 4665 5894 6131 15339 24585 
13928 17681 19480 31799 14279 19534 18879 4935 27098 12475 11981 21022 14254 27186 3241 5196 11353 17550 15449 18603 16295 19032 25491 13363 5100 12199 30392 11659 20626 4023 18168 3493 8088 8740 29768 14911 12207 15551 21224 3073 11720 16047 5027 16422 2356 29786 22781 6439 52 17107 19885 15244 22512 11688 26642 8332 5981 10519 18045 24736 21097 29952 27514 15740 30035 24818 22683 24379 11767 17212 16432 445 7460 29007 25306 18446 1274 29323 31501 5465 31994 2717 23211 14413 23016 17758 30480 8052 5757 27217 19834 7638 19533 8695 31267 548 7198 2963 14070 29002 13843 6414 2987 22782 14780 6856 4179 19030 11379 2913 23661 6550 12061 141 23255 29364 3011 21097 16539 24238 7756 4116 29718 1236 17220 21952 10239 15762 10589 9835 21442 10733 1688 23689 20293 28564 23714 4288 23540 17342 20412 28971 31577 15409 5920 6589 27399 24632 7358 9014 25861 31114 20638 32165 25607 3909 13241 25402 2544 21605 26584 16533 13840 30097 6872 3830 31529 21894 25678 15577 11485 26945 21202 10703 12374 7223 14355 9231 27948 17371 32507 6354 28560 2501 12940 15350 13958 8678 1330 27585 32697 9987 23892 30992 7549 3085 13753 26546 23166 11613 24625 18594 16882 5855 23435 24920 5651 24166 20802 14177 31427 28392 5365 9902 9520 13739 22742 4314 26496 22237 3905 4361 27446 9069 9472 9875 4819 17028 3795 8824 12531 13308 12295 6071 29898 32480 257 12620 26731 12915 12552 31905 11213 171 26725 25387 24385 26271 4813 14725 19878 30206 24258 26321 11635 20706 12889 3657 23941 7578 12136 2808 14539 28694 23855 1103 23465 19538 14634 17154 15879 30176 27510 3509 8122 6319 31860 6772 7040 28213 11572 5939 5134 13037 15925 4498 19073 16221 6622 14876 13059 32430 13857 29728 29140 7265 28413 7038 18303 11169 2515 13808 10151 18264 888 8831 9971 6890 7228 26502 26961 8926 7499 20993 27706 3229 16010 22452 12277 11219 26912 16816 17252 30079 18770 32182 10690 10016 7784 9344 29265 20123 3737 19717 1174 767 19202 14330 12491 11268 2732 3903 15027 4003 1873 32530 18492 20982 14344 555 31443 12463 17150 29248 3024 25889 17432 11878 27644 25533 1075 26275 4144 30176 4081 11266 20826 25189 14639 28103 4255 14022 2230 16611 29377 10125 17428 22553 31259 7250 17097 19154 20416 25183 5272 1035 29946 14937 15123 26683 2634 13660 29905 3459 3600 27362 452 13269 10092 7140 
1725 1890 13413 28490 21783 30587 2022 14482 13217 11579 24059 27755 20313 24847 23265 12308 878 20766 12727 18649 30324 14973 5886 28717 7635 20025 8905 4915 4968 8083 20914 19821 3262 25417 31709 24487 17529 9614 17921 28935 20214 15955 14756 21598 13910 7737 52 1738 19939 8076 16195 1876 28613 29274 15507 18109 29229 1919 32263 2815 5818 3045 24344 9018 14620 1793 19768 13627 4108 8986 17342 24209 1253 25549 28787 10332 15842 14171 8274 14762 31559 10823 26706 13206 2952 5156 31910 28480 4188 18728 23524 21124 2087 9400 15208 7585 16609 9317 2356 22743 18164 4780 9422 13376 31264 5554 9620 6839 7370 5057 29529 7237 8774 19801 11364 25333 13334 9113 21933 25452 12746 23373 24402 675 32489 13066 24897 2696 25059 7876 28103 20013 26434 25394 22967 29352 23584 26390 22624 5521 25682 14146 23262 24969 23398 31125 30643 23064 22568 8930 24618 7533 27989 29096 16989 7873 13806 17324 24272 10000 14227 8251 18791 15239 17171 27194 6670 6163 17594 16025 21389 6203 16238 15121 11180 10783 31624 356 27367 14080 12343 14743 15955 26278 12253 13548 16913 28110 17780 13960 19257 26259 21945 3859 28890 29244 3736 14649 19799 2922 10356 1717 20334 11552 19953 13353 14830 4795 14775 553 3135 30976 10672 15880 9265 3745 29658 3564 21606 17073 23114 6909 29894 13075 8909 26343 21924 5010 29229 27051 11897 1666 14144 31037 10169 1812 19127 20017 10805 22954 6966 15257 21479 8098 22876 27903 29144 18702 32162 13272 8436 16800 11441 32505 4592 4030 28548 24228 20081 29835 24840 9374 13021 4435 25201 19945 29929 15282 16786 23300 32451 20593 5385 7904 13775 30858 28319 14461 8195 18964 18716 12264 3924 26861 21305 10007 28704 17344 19663 28382 9018 29473 3085 12064 30296 20025 22656 20878 2519 1370 16241 9739 27446 16426 29157 11954 21245 18979 22694 2497 9438 28356 23379 5792 16516 32486 20153 5346 418 12141 6569 9726 21670 8089 7940 26679 12681 707 31825 16075 19360 24668 31436 2793 27373 728 25859 21952 9504 19484 16833 3517 13895 17221 21792 29972 5691 30707 8916 21013 17606 13699 13741 1721 30311 17251 11570 27128 31785 5930 27521 14703 25299 29518 28353 25319 20678 25942 8181 11623 29570 11060 5387 27456 20700 12827 18701 13457 3489 24698 3187 4788 22904 8763 4217 27728 371 30701 10832 11219 12594 12559 5316 26057 15980 13008 32407 32459 20447 20033 
1454 15109 23873 21097 12114 25851 1623 26684 16048 25984 27981 31238 3301 9510 26728 12242 20818 22157 23021 18400 21967 22057 20945 2576 9046 4483 17 26903 21688 2110 1883 3352 22860 9504 3738 25551 17785 683 6787 1289 25343 23835 24872 11494 30759 12481 4428 10020 6731 22168 11209 6987 4716 1558 9418 25890 24485 18109 1847 3641 14102 24067 26402 9134 19063 20321 3099 11786 17227 7605 32590 4353 31536 28348 24210 4876 1561 24224 1769 11476 3373 9579 433 2758 10550 24739 7032 2813 29601 32116 16130 14196 9758 17061 5349 31551 7737 30366 26800 13489 11404 29829 9977 21491 17357 12095 14698 12914 8234 7284 7329 26280 10780 10624 5342 18760 13078 20162 10397 30073 13853 2875 8788 144 8683 17121 8586 4679 12686 31825 15746 10524 18345 29849 6309 10951 12870 19618 18107 20089 19959 15562 7342 29755 7011 9899 13265 25779 18145 24129 11455 21271 2015 18514 15143 18806 24097 32082 2119 2432 19229 30579 8478 13624 522 12426 10558 32570 23420 12874 11661 30990 15629 9231 18383 30403 20401 24273 1869 21720 2966 14365 1575 16336 7932 9457 30147 32288 1076 2330 19546 16343 27581 2655 3944 22008 22610 26297 19328 25601 19444 13856 15081 27071 32103 18395 10883 15592 19205 29162 28598 8132 15499 18121 26069 23656 19939 31133 25281 29315 31786 31299 16889 6832 25766 8935 24836 10294 13490 19668 397 14827 31211 32402 20248 9219 25974 8279 29180 15465 25240 9496 6425 24491 16850 30413 32452 851 19547 10383 32739 585 11601 14860 25802 1145 2518 770 12917 26030 27592 23297 24631 17092 19322 6078 5732 13541 16369 2657 3295 31008 30781 28284 5696 29842 16212 24028 25495 4811 12766 13145 13370 2737 28367 1793 31458 23860 16884 14481 2489 15187 7899 18946 15207 18712 20535 5008 26919 29419 20021 13383 10356 7461 28110 11519 32312 6801 18315 11839 28075 32167 8737 2642 32379 21626 27912 14567 21298 28104 15308 27531 31320 6125 16234 1854 18792 19343 29532 9759 28014 2834 8395 10941 191 5484 28711 19618 24248 1879 29742 21310 20034 24157 32357 20227 19377 31227 6861 3646 3430 14970 18451 24801 8663 17269 20009 11937 10711 14347 29511 32688 21419 1827 27913 5761 3071 19229 4325 10762 11643 24376 24889 20406 1284 27930 15865 17389 7966 14616 5142 5812 24323 26439 3601 18508 15920 16080 21762 32016 18279 9192 26827 5060 2736 23082 18158 16307 15927 2825 
5679 30838 26992 29606 24546 7061 27966 11814 10941 7170 6710 10583 19906 11540 13837 19810 636 27291 8848 12327 5415 15451 4869 8172 8320 27669 13233 9532 22615 31246 27580 1266 263 3481 10559 22292 27467 16416 25535 7553 22850 16587 12812 6922 4255 16762 32473 28392 231 17927 19269 26105 11741 28301 6110 15276 25560 25282 24947 18752 14831 6467 30226 15728 26637 22772 19139 30213 15098 10200 429 9503 14014 16876 21102 10775 7 3695 13942 29552 27609 28018 29901 1465 20495 18912 21134 16613 24863 23291 5594 19963 17440 20891 15509 11500 22161 14752 13309 14882 21991 32548 29303 8869 27748 13859 22951 25287 28024 20079 7551 5146 24997 24547 1782 3863 21260 10666 11681 31250 24456 32332 22713 14416 26719 7415 29246 31266 25427 26408 32353 2094 18369 7321 13117 9310 9340 10346 21318 28722 25944 824 32678 767 14061 14312 29419 30783 14064 20010 22070 20793 14231 249 5887 15007 27698 17879 2392 20059 32282 15733 21553 7402 21193 25701 7896 28466 9568 3398 17269 23025 5221 539 4384 5922 22481 27520 10827 12828 18212 25109 20154 16121 5274 18113 25919 2633 9616 2669 5622 15790 8152 2288 6609 9582 23980 16392 525 5510 29949 10700 3838 2110 31935 27830 11645 16615 11197 18403 19027 6652 28879 8525 17337 20919 25879 15029 1597 15272 20592 16290 3800 23132 25672 22018 11165 2223 6724 21975 14918 7008 28546 13009 17250 27065 21816 9715 3462 16759 3177 7205 5208 10648 17084 1589 17082 5112 14933 10540 14638 27603 18446 9385 8841 27588 29850 15728 9455 21158 21126 17682 6856 12057 15508 4060 7977 23053 26432 30267 28971 8910 19654 32047 17268 2932 8263 17798 199 31751 3125 18876 5508 3823 27927 1530 9884 12594 27461 25719 22485 3338 22221 9599 132 7461 16893 18493 19454 16223 22484 11873 25295 32548 9417 25590 20831 31582 13572 15984 15195 32635 17586 24264 3062 17675 11363 14972 15199 11385 10704 28726 13689 2847 5554 30620 6554 28548 19189 3850 27902 6953 11047 22461 5707 14497 24969 27516 28131 28463 4458 9516 4247 27641 18974 27849 22458 12351 918 174 11583 19078 29301 261 4759 6051 20092 5840 9648 13559 4128 31459 12197 30183 9228 17180 14270 20254 26645 4055 10962 25337 23253 10962 8127 6051 5901 18707 14915 10324 1911 18554 23701 4335 24717 28442 17702 8799 12529 1100 18706 9342 32120 6563 29389 412 15595 13990 13033 1182 
18597 20294 10922 13977 24259 3591 21122 18785 16114 11329 29605 14194 9101 10815 4168 26564 6976 22658 6139 4023 31671 23559 14009 8247 32753 4348 3895 17352 31102 12156 17277 10395 19908 16331 25236 18039 27763 6784 29284 8765 110 24561 3587 17284 16778 12170 31081 2918 30796 14733 29260 28392 20064 27506 29356 27914 6187 11496 17371 9136 9333 6225 14272 32284 19938 24303 19850 25495 4968 29949 4693 5284 20217 18246 28478 32343 11284 50 21887 6639 23780 16474 11238 30452 20622 14662 6976 27512 20125 2180 14056 14652 22569 6990 7325 4786 9455 27650 6018 22523 19385 30367 12648 18700 9606 20914 31762 19267 18070 28337 30617 28347 4550 23956 17675 22031 9732 6288 25146 16154 11301 21811 24608 7541 9414 24112 19943 16730 31952 13410 17919 32450 6242 12934 18232 32193 10524 12847 18488 14469 27430 8746 14792 2316 5597 22211 2424 24474 16279 13490 7421 7134 25080 4655 566 31935 19972 5750 13703 5520 30652 31635 19812 23351 9132 3516 19735 8768 7405 4070 26137 18158 22606 11624 22720 25796 30178 4983 31241 1606 16981 28778 8856 30964 15223 28738 4778 19668 17592 31456 11718 24441 7859 25797 11717 11086 11346 32665 9694 12776 24064 18583 29089 18185 9817 27386 12949 2824 6596 8610 27613 14683 15268 9397 7612 13545 17916 27208 117 24726 14340 28240 438 9176 18996 12505 30058 3658 23956 25336 18877 10761 6635 5729 25619 26390 8912 19533 21055 23019 21826 19710 21498 9060 10379 13321 9107 13223 2011 30757 20170 405 20566 24297 3841 15716 11467 30379 25837 31769 8185 23472 3727 8879 19812 15729 25091 4486 23704 28375 7380 21960 2111 19758 28560 5171 3389 3456 7536 13757 8653 30198 27865 9034 26769 10587 8256 23231 29022 19704 14289 8959 26788 18533 18488 18248 16079 140 2253 29918 12013 21793 26896 32091 24483 732 17085 18723 16283 22144 27234 15340 30863 16359 29870 8660 6291 22114 24319 4970 22067 17514 4334 782 3141 18667 30244 17058 25660 22950 3318 22261 20131 28763 28102 25764 31021 17372 32023 21267 29098 9077 21343 4167 4861 3692 10144 566 30458 20491 12024 32161 19190 7643 23869 12731 20051 7234 16969 17589 12463 9996 30226 30153 11495 3176 31818 17090 31739 13860 14819 14196 10983 10014 7698 1719 15315 14988 22062 3679 14304 5267 18126 28613 28945 10891 17689 13486 27181 3083 21662 18235 21363 18422 14415 10493 4231 4679 31267 12202 
17495 943 25901 5505 1191 14799 2027 17523 31933 19408 39 14553 8882 27499 30609 1304 16887 17607 32192 25434 23938 21419 19576 17436 12190 20699 30271 24132 10161 15430 6683 14109 18999 7477 11952 2155 24282 16642 16500 17045 4741 14268 29957 17048 12676 3869 26233 16183 11516 8992 3657 30561 27006 11310 1687 26577 19420 6618 13317 26420 26832 21738 27029 14658 13144 1297 19298 18705 3387 22891 20140 23927 21933 32231 14682 9744 5996 2100 12171 17621 14840 32387 58 4626 27558 7571 17664 21385 26641 10651 27495 22338 25908 12303 935 1132 30750 27730 26981 27620 19925 7423 2964 11716 23019 22095 12483 29938 20765 22819 21829 30346 25987 12864 6782 10954 24962 30071 14312 6095 10362 20632 4281 2061 23929 17955 4786 13555 1359 12229 31053 1176 4302 28192 30280 512 6018 15644 22667 6919 18256 27695 32055 9811 4359 3950 19018 1112 3355 22275 16158 32288 4291 27353 25991 20766 13217 30388 12462 20351 16980 2823 16644 21065 11187 32163 30149 3891 18217 16468 1441 22248 2733 9877 7902 24317 20654 6351 27972 9243 19466 16258 16482 5651 9470 28906 12310 24437 13114 12190 22297 24293 16583 7143 28317 17073 1105 23378 23660 30226 11881 29928 8353 5678 30524 16939 24795 15121 6944 30631 16873 30489 32006 18945 10781 6777 16181 30017 19818 17189 15795 30909 2008 18382 6818 26811 17478 11815 2736 27344 10432 30961 26854 15545 9630 30762 31192 11490 14930 26914 30549 18078 31021 23539 30971 25280 12349 30720 9800 2959 27011 26586 6548 8304 8522 29480 22789 16261 22003 22022 3816 28708 21837 23259 11269 16108 13622 16109 4420 32053 17109 22989 19425 1391 15208 4105 18582 22349 18325 21281 3869 14330 4573 21879 19853 1854 20573 27968 26159 25511 15722 30052 27251 31256 21557 22089 27676 17216 14087 10543 28867 18919 17465 10486 1794 21710 21835 27777 23956 11176 3276 26970 6114 27038 29195 4386 12995 16770 2368 28767 26085 21466 8861 23169 28278 2143 26641 10395 16361 16289 25806 22198 6855 14492 16132 4773 26110 31125 10905 1637 11591 17320 19819 20391 11443 31009 19409 27648 27717 1188 15330 18277 10336 31642 31697 28501 10517 22655 20750 5184 30759 1159 28527 30648 24242 26129 29710 20607 7219 9150 29856 9473 884 16847 7803 32377 23830 17730 19084 6003 28337 28368 13348 28360 3644 5778 25803 1613 10411 5309 10881 27451 13793 9473 19679 1693 7173 4478 26748 6452 
32546 2046 23743 17150 25706 15677 9682 8586 21272 9509 8032 31848 18032 18087 14593 28218 23956 28118 23119 9596 29270 15897 17095 17542 9665 208 25602 13259 20200 9427 20447 8181 16210 5473 2886 20331 28175 13003 24442 30600 15450 19927 21894 26734 15066 15709 31958 2293 30795 4062 7381 17369 18483 6095 10632 9627 18655 31626 18607 24872 14570 14441 31494 21347 30015 22223 17702 30979 1375 16147 8354 21591 19727 32196 18720 19058 23805 15626 24807 18227 31586 31360 25103 18670 28276 17198 13425 5377 12967 13355 5204 20089 11925 10289 31367 2499 1185 25893 26301 3928 16716 7293 13678 10515 24995 5080 10915 1809 336 18903 32737 15759 4793 11613 22135 6833 8645 28523 13659 32311 29295 3946 24072 21957 20295 15482 16302 26039 562 11734 22826 13357 17272 7863 30455 27429 25738 15768 12218 2641 3710 26337 18988 9391 28579 9175 24737 28297 30358 19156 1072 5144 17506 20089 15975 21488 6510 23536 29338 13558 29092 15292 2899 30716 10650 12619 18063 18760 12469 5144 18678 32157 21842 13685 30782 3267 6934 25632 28679 99 719 10146 23090 14001 15692 15684 20196 20449 6007 32143 28670 5032 353 25607 8628 30187 29121 1657 16766 15913 6147 4376 29312 9220 24078 10638 16686 5514 3754 28235 18406 14494 24268 7403 25060 4117 27399 1725 360 9281 25935 6278 10459 9025 9959 23022 31745 31469 28667 7249 16402 21450 16863 4179 30671 30598 30197 2433 15715 32066 12606 4087 16120 8500 32398 22191 31469 25570 2436 29104 21946 25201 22095 3938 32607 6692 256 2557 8032 11146 20422 2938 24775 16300 23199 15557 10009 27645 490 24759 17384 23736 10190 26573 10896 404 30194 18458 534 6183 24621 17669 1078 12979 30570 6580 22344 17260 12085 9494 30048 13310 14486 6346 27250 1068 31702 12851 28612 19111 8002 32766 23955 28382 11232 24402 941 9519 27915 6622 10431 21889 24935 3960 28344 9098 20575 4508 18417 27766 30858 32667 16422 27165 9358 13217 19768 21360 4946 5255 15534 4549 18289 670 5078 10091 5866 20325 32402 19235 10783 21366 8548 20382 26962 5151 4301 25321 31740 14911 19395 3214 24721 24569 27369 2810 31644 20668 9198 13195 25234 21273 8959 26474 12442 10730 9652 13864 14657 15402 24682 28628 29261 10269 11461 14380 22386 17458 7920 12964 8001 7257 16516 7266 13981 3776 20450 24483 12983 5801 26839 4324 20203 9821 19553 32276 16599 21633 6437 13030 
20224 5368 12396 14967 17695 19853 28455 23399 32009 31335 17951 13798 1384 19290 11108 20087 24569 11656 8720 25306 5123 12791 31601 1568 12529 6959 32057 4234 25310 8603 3748 4619 25622 18745 16328 28227 9050 2292 26112 12327 13683 16789 23882 15017 6096 25576 31534 26684 9289 2125 24472 12241 9625 22397 20031 7343 4424 10092 28300 24913 7388 3924 6142 22238 30976 11902 26886 27397 26515 19252 20202 10465 4571 3341 21685 21203 11391 12051 31002 19100 17650 17763 11501 276 4351 28747 23198 23414 3727 3230 11882 5473 11330 6324 18165 2051 3626 2910 22554 4198 30190 12754 16317 25887 10021 21035 32569 14087 4290 3234 3299 18351 2617 24666 25457 28254 17639 14211 5230 2624 9086 889 4450 7476 17412 6896 10037 28436 14704 8397 1603 22554 6654 5220 22785 15661 13061 20222 12709 10563 10138 20579 14219 26791 3304 23766 14228 20309 4398 25706 2767 25474 11942 27675 17430 20378 12922 26152 4958 29961 21203 17577 22479 16511 2520 18717 5475 15926 4380 16779 3464 24830 29156 26528 30079 30390 30881 16772 14514 21051 30650 26204 13126 2615 10424 14968 30709 32438 25206 7057 13039 31795 4093 31830 4035 16743 1998 18288 17273 1479 25754 29496 29357 17353 27692 760 14203 17407 17084 17621 25601 32027 13890 13160 21322 11287 4325 16127 11339 3889 1025 21682 14019 16355 20523 12850 13145 4916 10195 11854 3121 230 6718 17013 1585 7629 29935 19512 24969 24375 21671 13878 29888 24873 22328 23365 29778 1575 18573 8024 15283 4739 26589 10125 1175 8051 2884 17545 16623 29291 22785 28181 16787 23838 20877 3201 31909 8153 22233 25903 2465 17412 28158 15875 3584 30553 16762 26408 9289 31885 10666 28018 15265 12112 2301 16089 10853 26836 6955 32689 22135 28566 18796 15658 27133 2695 29475 2240 5280 4068 14666 10620 13596 27369 20947 18387 27420 11218 19284 2025 2012 15471 15879 29897 12439 18973 8431 13098 9635 24632 16581 8105 31799 5467 31696 733 29267 16049 31998 11705 14007 32246 8153 6600 9290 3795 4012 30543 32379 3976 23917 24132 24157 27730 5954 7805 10932 2647 30072 10814 6762 11563 6728 25832 20286 17357 5495 16392 19729 20377 13407 25539 5508 11597 2132 32397 32147 30833 24825 31357 23018 20958 26302 27546 30904 1540 5327 8723 28202 15 19816 6902 21686 11990 11100 2780 24960 10317 3126 9505 17671 17478 17368 27479 23095 11440 30617 29746 17807 23262 
9171 14887 6829 23928 20644 483 28500 21594 9359 20949 8431 13210 20673 27895 30630 30267 22673 14749 18327 15472 30221 30362 8113 32614 130 20943 26140 13062 19730 9744 14546 26389 14683 12445 7637 22430 26128 1955 13052 24161 16452 9937 28939 30208 3927 950 4982 26630 2600 8515 23030 1596 27141 22237 8173 25791 19671 23325 18981 22803 1210 26046 14140 7660 5623 11953 32262 31639 2647 29438 23284 16001 27358 24554 28613 4524 4540 32351 23218 9224 13324 22436 32271 6730 7491 8510 22525 18190 1779 26576 31284 30887 13715 12765 25114 32700 256 17421 17621 5125 21968 10020 10560 29606 27987 32497 22270 5222 576 28148 25963 5211 30727 21726 15582 27174 25524 19064 28176 9875 17924 11104 2178 17945 30377 32267 28203 6459 5861 3734 17743 25031 16441 12802 6345 16750 18609 29320 11034 19945 3302 21232 16066 5436 26347 21375 11991 31194 21432 12727 4378 20868 13140 10071 26023 7160 7938 29952 32676 896 6238 11652 25663 11994 2416 11490 21451 23105 32531 13608 13339 8591 350 31889 19116 10649 13348 7049 15316 23521 25411 17212 16991 12658 19137 2455 2377 24352 27626 5257 10511 4276 20967 7031 8560 12571 26761 19228 22588 7602 2702 4576 26459 1587 4256 26536 13488 25378 7172 30583 25432 28336 10110 23344 17284 22791 25964 15344 26359 21664 6072 10833 2805 13951 8388 32324 14739 32159 14577 24880 23678 32290 12603 28666 21243 9833 2846 5187 30745 26024 19292 24702 14976 13080 25271 28705 8246 11310 31661 331 987 23586 30894 18545 15638 23817 16926 13983 5004 4124 30425 1535 1295 14270 24356 22708 15062 18613 8920 17288 4239 24610 23662 23891 10783 8064 3003 18500 30695 7797 30052 30359 28171 12736 8224 3310 4277 28252 18111 12670 1797 13784 25381 27317 5035 17523 23231 30728 23590 20426 2607 15695 12931 28515 5799 5506 7707 18322 15759 29090 32221 23701 9322 13252 29751 22124 29091 25086 7252 26639 2024 11315 1403 31690 6691 912 13502 806 29680 5220 25925 10174 10161 387 17102 25936 10554 1995 25592 21877 8039 30748 4136 6511 21949 10427 25303 1583 32385 11663 26999 20453 25934 22453 24613 32742 10137 11117 760 29419 24791 24195 25782 10025 2372 29085 16032 7035 5451 25382 24620 21955 27384 5100 7984 28050 3172 21920 1937 32637 19890 4642 23299 19311 29693 9696 19581 30327 21412 21468 30125 4252 12095 29726 20951 17442 11260 12696 25782 25717 
4526 7030 30490 23045 10929 28953 20264 37 16047 24526 947 6002 9801 15890 10254 28523 15122 10173 26347 18983 20722 905 4289 29326 30450 2352 18662 20974 1324 1060 17432 7413 14643 28872 15818 21632 24279 25146 23919 14479 23836 216 13125 22157 15212 20741 22807 29915 1652 10508 27868 16692 12853 29209 27454 24139 9418 17863 19502 8143 24805 30586 15815 21610 8551 23484 23551 11294 1715 19126 26316 3328 18655 19467 22397 2372 21633 15899 2175 5422 20077 11950 9081 26025 4367 21658 25933 12863 21059 24770 16237 99 9323 20686 28750 12396 11464 5511 10602 1394 31047 24647 32183 26210 15694 2786 13101 15306 16633 22338 9295 32760 24576 21813 17608 28310 13387 6005 26671 23220 23698 32602 15180 13661 16658 27856 16382 23648 15293 32022 14006 30965 16277 8574 19023 17095 31794 12209 14309 27000 11767 17360 23421 30549 20512 20807 19211 19855 3439 5092 12438 7908 28939 30705 23400 19492 10148 31258 13978 429 31662 17869 5046 7572 24368 15762 1121 1288 11955 21653 20377 21010 26168 2813 26198 3774 15588 10606 24155 27278 9399 6316 20017 9513 27964 21344 17938 2423 18618 14780 30111 9811 31227 28429 13126 16768 21878 3650 6502 2715 21898 31837 25413 14275 11471 15363 2267 18551 8699 25770 27545 13502 32611 5295 26446 8592 21663 11115 28022 10887 27107 12560 8073 27009 31420 2574 25712 20574 18725 19691 16784 30351 113 9079 32128 4528 30130 2252 2500 32318 16226 31089 11944 14582 23288 2251 26501 21503 27718 11607 12172 30212 14776 12290 11035 30718 31887 27965 11639 924 23261 18504 23263 29053 18824 20714 24554 16016 14804 2400 964 29320 705 28109 11775 29438 6127 28863 12137 7758 31974 1893 18007 1243 2746 28950 22803 1660 12883 28137 25364 13125 21414 4386 5607 12519 16067 2603 19655 11726 32324 591 14559 23762 32728 1920 12572 12075 26513 2527 8324 16020 15542 26875 6689 6126 21980 31352 2892 21079 15416 16423 28190 4637 4556 24969 19864 27177 21985 23525 14709 8990 29440 25291 9666 10749 20373 12397 22448 20177 17094 25109 20322 30058 15922 5326 16196 17128 30253 31973 9495 22743 15340 27057 15411 28533 3998 10721 29694 3378 24203 15163 19176 6037 19917 31988 28647 21826 19840 26095 10688 20235 16208 12705 26114 20886 12953 2180 1628 31265 18460 11336 27923 3781 20029 30061 17260 24940 18004 29388 12382 23438 4145 16859 26933 3576 15798 24407 5864 17913 
3246 4902 13223 13309 6561 4259 17299 21367 15025 1285 6248 30215 15115 25013 11224 3082 30672 12387 8328 9000 24544 6164 16306 2928 2464 27409 10304 13369 14687 4469 32136 15278 29195 27516 24012 31324 29350 1199 5429 4509 22172 18467 25168 22833 21712 23807 13933 11199 13054 9481 3635 28289 17322 25504 23898 2168 11438 8081 22127 19305 3423 25330 24133 1353 6993 107 27165 5464 112 20743 12744 15461 15873 15151 1963 18355 12708 17502 15083 25573 29697 29502 18012 27782 28754 12887 1425 9410 7146 5519 6498 32723 25336 14729 54 27449 7552 23380 17209 2378 20642 15279 23880 30514 23333 31056 27423 27513 26505 10399 14165 8942 26628 7152 29584 28966 4574 23156 21272 14668 4960 28516 28684 12076 13923 14556 29551 24592 6837 14136 19095 14522 10292 8911 19950 15174 23793 28561 31722 28581 28329 6313 28616 10982 30016 25161 8526 4210 12647 28455 23678 15484 25221 18852 21540 17742 17293 16214 19706 26408 23685 5968 2731 5342 20812 28836 29063 11228 13920 28424 18189 16849 3122 4711 448 19414 13344 8591 18023 24463 9084 10277 370 17667 22206 31362 24602 23329 13406 7503 12861 17395 27604 22847 27961 4929 28118 25892 31944 502 24149 11090 29661 27172 26829 17173 3775 5814 10565 3973 18827 22938 4893 32347 4374 22459 27376 11176 27591 20748 4375 584 31350 26039 25970 10828 26514 28052 3181 2181 7539 30473 3941 9434 12347 20915 30886 4555 5228 10556 6680 25367 25985 538 9226 7424 30290 21573 12874 7497 30179 20889 12907 8767 9142 30571 21629 2260 12054 28105 3547 18774 23041 15306 31130 14753 26387 8145 21050 30183 15893 24773 31472 22570 16423 2086 21624 24365 5150 9970 990 2995 2007 10786 27787 11296 12477 4380 22520 8455 30935 26536 2138 39 10538 7958 13064 13446 31937 7020 18540 15916 22572 2895 29966 14743 4194 12305 13194 14649 32209 3899 12484 3485 5775 2829 15557 2348 6715 1087 8770 20301 27851 28635 23725 24979 17898 24186 24861 2601 19629 28137 19759 18545 10865 25640 29461 6544 15383 12862 1500 28073 25343 13918 12651 12252 14443 14883 11139 1368 15919 31777 18052 30056 14019 27680 1153 2643 13002 12755 26833 18752 1521 20461 20582 5575 26308 26805 59 8334 2463 21372 887 29830 28210 8168 5064 22628 1115 10436 28025 23435 14491 31144 8477 18811 3601 25964 12641 20403 27900 4838 23258 17970 12921 17107 770 16186 3915 9582 
21584 23163 30875 14349 11114 8437 27398 4948 4548 2712 17755 12680 16497 6142 21025 5260 25736 21804 10614 4122 26914 5715 30154 26588 29440 30078 29641 13860 18980 2630 3298 29399 10821 26158 843 27805 11877 30279 28363 25477 7370 22466 13450 16883 18193 11077 10169 3567 29792 13212 20839 16829 13465 26096 16534 7410 9977 9500 24438 14125 8988 32355 31498 4095 32481 11485 17239 4987 32367 32385 32448 31102 32513 7403 23604 11452 21647 5757 18181 31279 6039 16069 11525 14303 831 739 5379 26465 12541 21914 16348 26604 28191 25119 12833 14599 12846 28447 14907 29278 2698 5158 10166 7163 25810 9204 16872 17450 18479 21122 18730 3685 19103 6095 21998 28682 26399 10144 24361 1011 15278 11879 26828 27614 165 7410 26187 28634 18504 7641 15911 32571 31079 24774 27214 29176 5591 15532 25604 13176 3876 1903 17876 25589 3230 6076 21141 17179 19961 13286 32070 4154 1420 1912 23611 10639 28880 31319 14760 7016 15139 16764 32648 19160 6878 20766 26641 1450 1980 14993 660 7017 18824 19156 17209 10862 11376 25932 11360 18268 18383 30079 12610 13305 32344 29292 21596 1646 32597 1591 1088 31733 23607 22201 9856 21753 4957 2332 19785 8491 25375 30406 13379 27172 17923 8224 26990 25816 27701 12755 9569 13395 28614 30783 27632 29655 7278 11578 29225 5973 22333 1891 5631 2173 25670 27746 23433 16029 16563 21387 17305 14685 25438 26418 24066 5827 22613 18203 8491 1703 19230 6297 12949 24333 22318 24320 22282 10913 5677 5198 2614 264 4233 18672 30459 24147 30598 21298 1607 16304 4615 31409 24642 21460 27369 420 4465 31849 23679 11301 31009 24851 5559 24913 3602 12622 6650 11624 30757 29371 16967 25636 9547 764 27027 15963 16632 7722 16706 28561 11273 30913 17190 9021 9481 28885 26356 3179 10494 10447 7244 20721 29975 29907 29681 23784 7111 14426 32376 23320 4345 697 1119 18172 14996 3854 18783 23828 27410 25305 27943 4167 15457 16782 10355 32549 14381 6640 17660 10536 18675 22206 13506 23369 27826 22664 14087 29263 29913 9132 25885 7284 5494 16521 2507 31976 19635 29845 24425 9911 11295 23579 1775 20113 5725 30482 28693 22727 10435 1331 10145 28845 22383 13831 19519 27675 13217 20445 22431 11513 9464 17131 21429 9091 27792 12713 27457 12515 6341 32683 6980 25170 13638 9049 16350 22256 18669 23749 14347 17522 21256 32701 17084 5875 11460 1086 23718 8739 3619 29614 
22484 11622 25538 7277 579 25109 1875 30210 7699 26794 8087 26879 10710 26432 13925 11325 3107 6472 3214 18108 31525 19724 11296 17349 2107 11998 2625 15120 27350 7496 26442 1823 322 7004 2714 32440 435 15855 17843 3724 10836 6993 14883 28379 10850 10137 15439 16152 20124 22387 18519 12023 6706 11343 24918 28849 28277 25511 14148 29645 21549 15141 30920 12797 13369 30799 13811 31044 30812 16132 17180 2277 26992 2352 2532 21322 21768 21404 19246 12393 23695 26950 9668 11077 18594 23130 17620 13342 24366 27953 26708 30170 13034 7367 2453 18064 24822 9855 53 19904 11092 19087 30309 15020 29171 13057 20770 14981 19591 19079 14836 12968 3310 30540 5618 10 29581 21800 27642 9560 8382 9442 27908 16282 1156 29232 32656 24283 24968 29727 4367 20814 22512 31882 24397 13941 11056 22768 11669 3522 2402 20949 17491 20936 18947 24412 28416 20959 1028 25013 16823 8512 26156 9229 8859 13171 12163 16436 30612 13776 31180 22805 27791 15584 29069 27430 22171 25501 30710 2625 15852 377 29487 5441 10592 24557 5196 133 18119 7037 27769 26089 29362 18865 12252 17567 3995 22961 3385 24250 10239 18132 14939 23969 14033 14275 1134 10974 19716 18374 18872 23338 8866 23113 31789 22439 16097 4918 20017 628 22338 3893 4052 16557 30014 22088 32024 27236 10648 30875 16061 11111 8715 6272 3051 3111 14430 16911 21100 30274 17793 19436 14082 14300 25913 7239 27071 16664 16826 6033 20863 24142 7535 5080 29803 27380 32716 17762 12037 5335 22437 17579 22431 23084 23530 25327 16862 16017 16026 8921 11520 18880 30650 13896 19922 11799 30796 2577 12681 17062 10033 23410 12798 4548 29786 2616 10583 8421 5874 32050 13897 21081 24455 18666 20795 30251 31382 7609 26815 31170 6457 1881 25637 7225 2747 18442 21441 2313 12508 674 14418 24499 31224 2229 21028 26247 11599 14384 30872 6722 9316 3239 17704 1514 21021 16450 11368 27682 15210 25397 16752 3799 29135 7834 7851 19295 16871 1964 15493 28129 12621 25007 28272 29863 11808 6103 29870 2579 31611 123 22931 1700 20728 8000 32445 20646 5877 15050 20224 17176 2029 6277 11274 314 18138 9804 15016 7466 29614 23663 31338 1162 31921 3546 3001 23521 24698 31204 6150 29939 4073 22134 25630 10783 2040 5798 15407 22245 10621 7846 9193 23582 10358 21551 1815 26462 7097 3023 27002 19530 50 7865 23087 20400 11007 7323 7764 7657 17643 4502 
3085 30387 2823 1591 32611 28552 13393 31186 25691 11753 15421 23843 2341 21516 25602 31515 8288 30926 8558 11910 24525 24353 19974 5196 31216 12174 28935 2887 2107 9281 11836 6087 26059 26125 17142 24086 21062 31553 5382 1523 26567 6410 1133 21914 19204 11487 19372 13513 29848 6890 11402 30484 27275 18091 7420 19246 13703 16325 17179 21159 28920 8699 5149 4515 27863 32530 26895 11787 11819 3723 22162 377 5839 15443 9905 5190 21105 3377 3097 10642 13990 19212 24989 26008 7717 12648 11634 5329 14241 21744 23053 30566 6225 30589 8382 26509 15332 11625 11646 10140 6329 9311 27125 9803 2039 3441 9960 24887 26449 26254 23344 22427 8957 12357 372 5751 14339 12013 7488 29474 24546 13249 14375 22842 2229 6753 2857 3861 1010 3574 25407 12028 11053 24050 23208 1729 8045 15782 24976 9040 11796 32109 21925 25676 9256 5898 10204 9187 32016 16837 5891 12760 3247 27208 30169 1767 27506 20953 26589 5527 17033 19716 4753 27957 23503 8786 17907 17583 14949 1877 434 13827 11805 23933 22599 19836 28129 27147 32407 12309 2575 31178 10721 4116 14169 26036 13377 5926 29823 1600 26682 775 6941 3822 5034 23188 1801 17078 16707 28187 26791 23503 16353 12970 29681 7832 22401 10635 4361 19906 2999 15144 5310 15490 20447 20835 30788 15654 20054 14492 16919 12037 13436 27833 5 14912 22305 19555 12897 1400 5925 9237 5504 28691 6733 20874 19872 6801 163 3857 21201 1718 26462 31077 16276 17215 4406 30354 12141 7696 1627 4347 28813 17008 3875 24732 8775 16532 26922 15660 31935 9698 27145 6774 9555 2294 16740 14131 1031 19996 2660 29335 32339 28384 14184 3754 14481 10715 9017 18845 24217 599 20791 18124 14995 21680 28093 17786 22550 26798 7746 15372 14169 16690 32010 11346 24277 4046 13414 17736 20736 12661 17078 8146 14306 11322 16139 3783 1321 22074 17867 12141 6805 9292 30511 1267 265 22711 18106 31460 5408 30025 30268 17338 9609 2933 3895 7816 3119 32753 5374 12848 22301 675 20340 18326 32636 20857 12669 9206 25569 18718 32702 1924 180 7956 4392 11940 28159 20468 29177 27606 16818 4349 28017 17546 11945 10126 14763 32279 6255 15449 27935 32059 17280 22793 25347 19234 13776 31619 12988 16273 3861 26080 7213 20568 2921 31026 13255 11231 30349 10013 14339 11753 19255 20598 5910 7943 7554 30999 17087 19139 7647 8172 25040 30731 5132 23105 6279 17408 
3801 20386 19878 18389 16198 30597 15485 17554 8190 20529 22897 32499 12261 2704 31178 4912 8989 6573 5319 3793 24923 6652 18295 7307 4390 28179 3950 1400 23163 576 2658 16683 21306 30083 14185 14216 385 24751 21626 22299 3450 27257 23809 20276 6 12391 14233 4198 15530 15891 29199 24554 8321 8146 18291 4035 21431 18561 27985 3540 4407 28278 480 18160 10514 29669 20721 32070 21461 28246 26665 10567 21790 23425 14563 9760 32098 2219 198 12659 22581 20627 24481 23093 17468 10619 2904 24245 32242 22325 16126 2338 4298 26843 21945 22412 21116 29361 16246 5304 26070 26354 17219 8069 6508 12535 21113 7169 11457 16037 20736 14256 20734 32263 26523 14251 18257 14847 30184 1818 31461 25996 25702 15208 5152 1208 8685 23313 15425 24804 8885 4991 2703 21582 17983 24491 15946 14884 2428 17767 29553 7179 19286 15458 16157 25537 8341 18420 4735 1459 6818 23012 29755 11689 30814 16527 18853 12849 12196 26741 25307 18943 14192 8434 3888 27078 30698 9276 26040 25114 17079 29261 27643 9224 29161 16430 31879 29314 22602 8976 4911 11355 22231 2820 540 2351 23937 24799 28452 9367 7945 29255 8862 11772 7798 26258 11693 18633 31523 8056 3600 2097 3757 29071 21043 14677 31036 16504 14778 20224 15358 18392 2230 11085 16862 16836 28462 7721 9876 8759 15681 5465 2899 12943 11325 7376 29394 14927 19941 23782 27621 12450 7059 24850 10961 5684 27967 12442 12084 6326 25342 3742 18776 29341 9813 14173 30163 15680 31350 30202 20303 12204 816 31536 31200 6272 24022 9884 30571 29066 31371 9259 321 25973 24417 13626 10877 2685 21938 32314 25072 15840 22688 2101 5578 21736 3226 13195 6882 15515 11436 3101 14552 4259 9969 30630 22193 21406 5150 11288 16790 29245 1109 1815 3685 22947 7321 14060 2306 25053 31910 18076 19305 14931 6546 3758 1582 24550 14290 18996 24057 1112 10175 11287 1105 28071 29491 13205 1416 23137 32184 28317 15608 18726 4746 12910 2143 21652 5057 6008 16759 14187 13424 30153 30636 25866 2963 18686 10470 30403 25221 26534 8353 10249 21508 16015 10569 18275 2220 16056 11770 14019 20884 15308 30342 9733 25528 13684 7797 7934 25274 6685 6108 19974 11089 13437 32011 11537 26113 13312 7069 9298 203 6588 22552 30057 25028 21694 11811 1636 27956 32038 16831 21299 1924 15768 20234 22338 27094 10148 21774 18265 18715 21160 25327 22004 30059 18348 13467 3719 
9200 8402 28888 27411 9393 737 15142 6390 14013 6445 7499 5833 18232 11558 5597 18453 30270 31806 25449 891 17819 4185 9985 32213 11693 28155 21075 6703 11670 8825 10186 25895 23610 27188 14167 15647 6991 7670 19528 13350 26612 7236 19094 19578 17859 29002 26035 30239 26300 31269 21312 16871 19105 23659 5814 15520 19503 14229 22176 18020 26745 22290 13185 797 31462 26288 2965 13455 18423 5996 10968 22763 15261 17592 12213 27738 14087 28298 17838 5044 5771 2539 19388 19476 8726 17587 19568 8951 3796 25804 336 6237 186 27501 27602 14738 30435 1024 2585 29508 20852 8007 26412 32741 23239 32722 17289 9072 2979 3784 7032 8478 13029 6692 22894 3786 26801 5633 8516 18303 13404 12806 28685 27851 17456 6504 7766 15058 30916 26990 21766 10580 27603 1841 4458 10483 9102 16098 18557 9123 778 554 17766 15212 29427 22896 19569 8606 27925 25651 14868 25417 21029 28841 11150 1974 24889 22429 4159 26151 4915 27625 26383 4031 1599 1943 28613 7680 15202 5875 29469 15497 16783 3381 30506 28545 3997 12673 27883 26370 3532 6536 24655 24466 9015 24226 3956 16687 18010 17668 21106 4143 13399 24219 903 20236 28329 9379 21610 27431 25647 13546 19955 2680 10410 15809 5411 28336 318 5852 15066 30944 17561 14235 29687 29192 17013 32360 10881 6319 17960 2872 16730 22432 11173 17804 28135 7966 2497 18247 22180 1369 973 20857 30341 32225 21905 15469 4432 12565 4576 27949 27083 23973 11628 20608 16938 18761 18357 11305 4335 25834 20936 6975 28192 11469 29580 29776 15967 338 30623 13107 32490 16953 3591 10001 21975 21050 21539 16066 28058 16190 20143 7138 950 1927 14567 22955 20323 23141 11421 5817 13937 25597 4944 15275 28003 27528 3985 28138 16623 11840 10869 24459 3425 31064 31650 8100 27141 21195 8198 25635 6736 28516 20214 31495 1208 6711 2825 4121 23845 19710 26324 17940 25047 24919 9008 26396 4694 12732 16465 11398 7923 3625 30860 384 30039 28974 7172 26366 30196 6327 24098 22762 21445 19623 14095 23040 18489 5214 3686 15085 13570 8902 28577 7314 28965 16186 7388 30788 28051 32718 5402 25721 9933 11265 1200 5854 29508 32221 2763 32150 2138 6483 107 20046 870 31709 10496 10261 20986 23047 10966 24832 1317 6448 942 6752 10808 486 523 26255 25418 21479 26939 14330 10724 32426 20305 10927 20180 17594 28070 14546 22139 22703 32429 32488 23081 25964 
15131 12571 10239 21623 7975 2422 28732 5895 9678 28386 8472 24982 22798 4021 6092 21916 20612 25727 6978 5773 6291 31105 18870 14849 5159 29220 14051 31774 23118 25602 21394 6978 9029 236 29657 14393 6479 20386 5464 23350 21707 20677 1156 9947 22615 21502 12376 8977 6200 5954 19970 21656 11493 8337 2242 8802 980 11698 23256 8065 25255 30861 22092 14706 25475 9204 41 27382 4470 25437 28595 29930 5629 636 6215 17340 906 29314 13950 5212 483 288 23489 22458 16278 15702 13870 17050 20145 4490 2814 3019 9140 3385 26708 12111 13535 21762 9147 10703 16407 18707 3799 24485 20592 6429 14764 30027 19949 23442 26509 7720 31748 18181 17427 6622 20404 9970 26384 4163 30571 20307 27807 32234 22387 21652 12031 26094 14345 28536 15332 14273 29124 26498 1143 22187 7951 21333 15637 24933 12035 4148 26207 7026 967 21097 32348 15972 2401 31456 13135 3051 18735 788 21328 6329 18589 21528 5497 27270 12746 13018 11731 24077 24393 16967 27487 10573 12593 22135 947 482 9042 15865 4356 21738 20294 13385 638 3900 4741 27803 26102 7645 18338 24335 30603 5598 16043 3898 23779 11708 4000 22234 14531 5173 23726 24079 27330 31755 30522 1542 24956 13089 20994 29392 565 29275 24168 20193 4432 8195 12298 7601 28167 2991 18832 16861 4435 17979 438 19225 32526 32037 15089 22765 2478 13531 22412 6852 30792 14063 13602 21376 7542 2249 27099 9016 29990 2524 30722 26366 1933 13488 20656 27685 28080 5348 29955 7971 24969 13981 11508 14451 25858 7790 14494 9496 18255 3932 11335 7594 4040 31086 29470 22148 15551 27739 17808 25163 14404 28033 12510 28958 4712 1398 31301 15920 18150 14258 32143 15847 29822 14091 22874 27040 7359 26230 32162 29377 7882 98 18894 28035 20546 16781 1778 1689 3507 18967 3972 17021 19635 9027 18018 3649 14239 9427 21484 10082 2021 13942 6031 8180 1546 2064 25312 5630 1275 13460 6919 29324 11031 22728 2051 12519 32678 17344 1841 22795 11606 20739 20465 24786 21503 5261 3259 21773 19650 22780 22488 2303 24089 17184 21429 19454 2269 12617 17860 21580 12100 18872 14097 26533 17608 23996 22159 12589 692 22884 3698 24628 22017 28569 25603 719 21061 5819 16824 30428 14254 31056 18060 27903 6935 6834 21440 19294 16995 16219 29374 27198 10993 4398 15912 14578 27628 13132 12199 24895 14580 12619 17805 3914 10685 12458 27154 32252 31708 1066 
5851 17202 4243 30996 10599 26416 10585 13304 4851 25804 10254 22320 19676 9261 10243 13741 7775 14161 6461 31251 19777 19141 8611 3234 12577 9204 26814 1628 18105 5057 30694 27033 20645 26499 3163 21275 24179 852 15421 28132 17249 8697 22755 18516 31475 15391 5051 4166 3663 27388 19969 16180 4662 3279 5642 27932 15988 6418 13666 25997 26539 1967 22705 18318 22758 26541 4574 25591 6864 28844 31659 23774 24123 14675 18606 20976 5725 3031 15886 4361 17348 7113 5908 7238 19181 14505 8642 10767 17347 10844 1601 12949 9908 25579 24486 3106 7356 26227 12978 24739 9766 1963 3661 24783 504 18688 15546 12694 10295 15433 644 18693 6487 742 25718 31640 29345 22614 206 16831 5166 5336 17336 13457 10194 31017 6396 14609 9363 10995 21523 14375 11248 20792 20119 31164 13989 10139 31285 14182 26670 23631 13627 17206 27315 16314 12219 26527 4306 698 14524 29202 5528 29317 26929 11383 9736 12292 31402 18882 21794 24700 14249 3051 20569 29571 12497 31226 14668 225 12626 16761 31641 8921 19433 4104 29977 26958 22134 2787 13469 29007 8192 9427 11631 14604 20524 24803 5621 27874 27550 26158 856 22174 26234 22491 19436 26466 22230 17524 32722 907 26175 8146 31096 5891 9842 11551 2991 4425 23825 32474 12685 17095 6795 21602 24343 6620 24476 12995 14627 2016 12144 13105 26518 4095 19959 7278 26684 10025 442 8551 14869 17185 32463 7231 31756 2605 29455 10931 8954 23088 11467 6180 6368 1668 10542 19431 628 8865 3382 9429 31744 14330 25713 13293 18833 29143 25382 26980 30951 26794 6356 8275 8631 3883 10885 17233 21796 23580 17434 7390 14987 13813 25898 25818 14549 17449 8925 15955 32465 27324 9010 7475 23405 26192 28843 30253 8730 28332 17684 481 20706 22317 24455 15840 10532 31097 3370 23410 25024 2535 27059 27697 30816 12539 12771 18929 27176 18887 13357 17859 16467 5339 30801 14444 24364 32462 21094 22616 14208 12084 30625 17072 28889 19360 922 15115 21462 18470 23110 10532 17864 25769 9488 12620 23154 20655 1056 24079 17567 24360 27219 8161 22608 2901 4913 26926 7627 5948 12947 22072 31679 23420 30462 31468 25977 25660 31890 24101 23540 14987 2886 22930 25452 23758 21604 31746 23481 28383 8796 27921 19690 30109 30764 12740 31043 3275 4381 1860 30202 31314 4761 10910 10344 27829 879 27849 25102 30899 23231 7684 20164 2127 30201 9785 24350 22033 2971 10025 
626 7002 13700 28391 2757 32556 444 23707 22055 7727 10325 7311 7162 19280 5460 15845 28025 24397 32259 3210 10054 20101 31018 22955 23947 7263 25335 3252 5343 26563 17139 30170 16483 2313 1874 28528 25920 10462 7138 23984 8649 6058 17302 6409 266 12084 17946 22641 14726 16828 23887 12283 23868 5190 2552 9671 12536 6651 17500 24968 27284 5398 3586 4542 18212 1745 15253 20891 16217 13888 28526 3491 28056 15892 28496 21079 18786 23166 10858 24298 10091 8348 6319 10985 24354 9790 24743 17503 14869 2671 19048 25926 23447 4471 3272 4041 28038 26056 30445 1730 24120 27624 13143 4627 17915 17971 9979 1649 26565 24206 2131 11567 22048 2605 2502 7281 23204 26856 22584 12885 32005 29379 5926 1652 7376 32583 32759 16423 32597 15073 28255 30186 4343 11718 30671 10810 5067 12678 24196 2349 26494 4951 13590 15037 31662 3766 21383 25552 6032 29013 20809 9072 6695 9187 30842 9279 14858 22813 32409 14164 31259 16839 30297 9700 21062 28414 28352 14197 28771 16441 12583 8349 5176 21125 32113 9073 5817 152 26990 30038 16332 18802 17039 27943 28164 13390 23008 6202 4233 25073 13610 21500 7561 21487 24651 27188 18671 8503 12331 2506 17819 8901 11449 7469 6041 2128 30405 32361 9137 21717 4305 26444 25732 29263 21612 5721 23792 16807 9588 10823 5810 10132 1569 26182 3008 17371 5039 31072 16261 26573 12629 18366 19434 6801 899 15151 19243 25426 17697 32732 31450 21704 6085 4985 24838 4533 3574 7681 2720 15645 20260 9139 22476 21526 29100 7140 6170 16382 26840 8008 15662 6477 22018 14025 16444 7037 13681 21660 13509 32511 13824 5065 4998 13049 27249 13927 6481 24885 8429 16840 2161 873 10467 18779 1787 22150 15975 16216 23598 28469 4789 15850 13555 7512 5680 24063 11444 26601 8016 31026 2924 27089 2623 28751 19361 29497 18545 19322 16947 12970 5597 31232 30114 1907 2892 7455 14742 28972 22345 27936 23626 5094 17063 18018 19200 7686 4506 29282 30001 16567 23873 17859 30288 8236 21699 15410 9137 13478 24546 27335 27615 26455 11674 14230 25778 10254 25216 11153 12419 5408 10789 13204 11580 21007 18483 16618 6317 22161 11079 25469 26754 897 32196 20062 18020 20459 16026 16465 26844 9569 28368 13625 14504 9172 16695 15539 3310 14715 20662 14118 1806 29828 15167 27370 2708 22957 15608 5878 23868 7746 27479 7448 12191 27971 4412 12618 2578 3480 24099 9500 
19171 735 24580 29480 19308 23263 10766 10549 21216 17832 15977 29553 25637 647 23476 13813 12685 18825 8952 16599 25341 19173 32496 22573 11506 22240 20447 23641 20733 30098 13406 8968 16354 25395 21976 27345 331 17463 24192 21456 18110 27324 17881 7750 21535 29293 13710 31189 18501 8413 13349 8714 17319 20698 16303 4071 27310 31908 9473 8295 27184 26859 3193 27675 14348 5460 21282 5686 29352 25202 23605 27681 16171 15991 8724 6112 30915 10056 13755 2708 9827 1097 890 8809 19862 30731 6271 15641 13070 9146 14993 22015 15167 11474 13822 12082 26805 9307 5067 1539 21851 8580 24575 18291 29734 23487 6596 113 13341 19465 11259 24005 24139 13858 12684 10113 32021 8931 11705 10444 21132 28877 145 2129 9831 25059 30620 27811 8155 9543 7526 22495 22759 32506 9311 26647 23210 1719 29082 22868 12250 18142 14208 28882 26385 14959 1642 25284 2370 32224 13992 12814 12006 5850 10966 31834 4998 17193 6083 14991 10336 24504 4335 3610 52 1217 21979 19258 21158 28122 26183 20377 31016 4183 28553 24527 19519 15419 4244 6685 1988 7842 6678 11231 32721 28046 214 7124 1356 26965 7313 26324 21427 3576 14074 24513 23494 20192 2717 22148 3070 2617 24879 22767 22442 19152 6621 27242 7365 18974 12613 30927 9503 12680 2310 13345 10077 27245 16365 26374 133 23425 1641 22472 30854 11969 27033 27981 23831 24860 16820 18397 9854 19577 2651 6752 1769 5237 24810 2829 15415 3528 19678 14032 13593 16348 6102 7585 14472 1398 17314 24469 14606 10061 10431 30063 25401 24576 8251 30289 3094 9274 20124 28644 10414 15268 10713 27735 22069 9209 24286 12258 1666 18354 17141 28236 22312 19431 3649 2084 25376 17918 6115 23673 1254 10310 23319 21916 30591 24047 2065 25072 10182 27048 15105 3408 10003 5076 5706 8271 9150 9709 16573 24363 14607 20076 19200 14695 17700 8112 4961 11845 3832 9421 15173 2718 11580 4598 2803 15898 5994 15300 28159 24114 9183 17517 29160 27855 7506 20640 23587 29759 31091 19391 5782 7106 13783 4086 6854 28052 21012 22757 14964 29102 5867 8465 20985 21287 10584 28010 17336 17580 177 3057 4561 32382 10271 24755 25906 16948 5709 19164 836 28526 28012 1815 32170 11871 27226 15006 6357 18581 15211 25986 28140 25856 31077 22047 17060 1383 21281 13700 6686 9132 430 21839 20026 20735 27266 20322 2618 21053 29438 10033 15132 25853 12014 18002 18110 1617 
31328 25323 664 24822 9500 20665 6197 14991 21649 1317 21555 7458 30375 32188 3773 8569 12158 24100 6921 20835 13894 21278 15657 22923 23824 29830 25349 25915 18415 4390 13004 4229 18837 10471 6674 26968 11172 10933 7370 27130 8192 469 11880 23965 7696 23298 31320 25730 19756 20579 29755 20946 16729 4696 31371 11714 19429 10205 14474 10553 20904 2601 22292 7097 18113 16523 32352 15107 3435 13022 12110 31405 23795 9013 15649 23988 10707 6763 20928 7488 2470 22907 7406 18259 1859 18262 22067 20898 4157 9821 27057 11886 26460 11876 23366 22536 8406 28690 21874 26873 2953 3247 32560 21868 16998 8664 31157 10665 4969 14890 23679 10910 29981 1183 13100 28635 4084 2905 6452 9837 18281 18383 69 28264 17434 16185 2913 30587 24518 31460 10435 3505 5274 11513 12399 20253 12440 3775 10762 25830 23056 21739 16483 30794 20147 8040 15939 10620 19976 12794 1646 11560 28074 14189 30207 1360 23380 8298 13325 18478 26935 8377 7543 28987 11381 8446 7957 3533 14521 5305 29615 2188 27132 23013 30081 25599 17402 20904 22621 16065 2310 13898 25436 8344 8695 25133 30219 10409 5571 26104 11151 25026 1682 31029 29241 4276 8091 23783 1161 19659 22415 15807 21755 11626 22487 30783 21930 30754 9844 10433 32705 19561 7435 10304 17414 24063 24839 14206 21968 15764 20200 15801 25731 21710 32460 21528 19329 1765 12672 13217 23538 31096 22198 19638 25430 32580 9152 17703 15164 9974 29568 3585 8918 12076 18455 8285 23288 23122 1304 23887 25605 12310 15325 28387 26359 4592 26334 22593 22340 4 32412 2343 18580 31634 22808 7181 17038 25164 21220 15013 23520 23649 31574 9241 30383 27773 3358 19912 2906 697 5529 11135 31634 20308 22144 28346 452 27761 30022 31796 10228 25972 28810 6975 13525 18136 30073 9006 3905 30598 3776 31683 11943 23757 4855 5760 4436 7944 6819 25504 29712 25155 778 22421 22646 22339 13839 12962 21934 11213 31814 32469 9189 2171 19414 8545 240 12037 14222 9749 9052 31494 11484 23352 12802 13821 16445 21567 26689 29450 15307 18731 30509 10392 18296 12985 25560 19955 17823 23551 23805 17701 6938 21542 3052 400 14786 22630 14952 12364 16068 17279 12982 27382 15070 2690 21537 26010 16150 30195 30113 31836 17313 12099 26596 31008 6651 17343 18541 30268 20911 25969 16253 28942 21181 11129 2581 24759 15602 19263 29344 22470 12034 13686 32144 13600 13395 8292 25732 28401 
11110 6474 32561 15707 11914 15504 32068 21792 4245 13198 23272 27701 31169 2255 6038 1410 18156 20726 7947 27447 10 12460 32382 15360 9714 3208 30983 1801 9975 185 17711 4260 9704 29857 17640 24446 3673 23784 18144 23377 10379 10553 27134 23365 3463 24655 23732 14353 10854 32220 14340 16402 30316 24426 16731 13743 3971 12214 8620 73 15783 10156 3069 3627 11694 3539 32434 29409 17340 3640 29007 13564 9396 21285 22567 28953 32106 17269 21955 2667 25415 5402 1150 23978 13819 14809 13158 29487 27977 4981 28649 20693 28271 5518 15005 6040 25824 29268 29950 20448 10474 9714 3022 7098 1416 3276 17368 1374 4284 19218 20157 16754 4405 8678 16917 14674 13815 11539 14478 12773 25546 4034 1563 16015 1242 30474 30745 6928 24929 15651 14632 7733 7405 23033 19230 7906 6061 20906 3192 20577 20895 7785 5287 29704 23812 5260 29746 16101 27548 21849 10929 24094 32054 29224 18664 6575 18607 28996 9781 7174 25949 31834 26591 4299 25388 18935 24388 4987 6743 1215 26378 15949 9717 26834 22407 18941 19516 11698 13463 4768 16243 15056 17848 12699 10572 31470 16580 14130 29665 10456 20677 2711 2503 18370 11240 12394 11572 28892 2608 11233 26788 15160 9447 25476 31497 6699 2000 28690 3840 22975 26274 238 16819 7806 22889 26146 28979 29701 7305 28553 32522 25334 13419 6513 3232 12759 17881 5928 6872 13943 13135 2727 27790 14027 19586 26641 14014 10704 25326 20109 7977 3251 23557 12008 12187 30169 24294 17466 9098 31247 15427 13862 16557 26792 6838 6409 30290 321 4921 21640 24604 32162 26645 23576 9431 25413 11478 17679 30294 3852 16218 23476 14122 32015 25783 16564 32109 25090 31095 27799 16254 24658 8073 25399 31852 8518 31522 1230 5665 1166 22528 259 8145 26522 15917 24642 29539 25061 18764 29852 17978 20808 26581 32228 1571 12428 18582 4532 26188 31181 18046 10973 26935 8410 10269 19828 10506 22825 20849 4652 14441 23126 2590 27024 24300 9269 20848 2481 23168 8546 15060 20762 2327 29671 16490 14846 22181 3372 8339 4188 19522 12738 3175 155 1502 31511 2938 13278 28991 29177 10220 14644 13408 31824 29843 25087 21042 23306 30629 13921 20656 6171 4239 20526 27758 9077 26015 28802 23252 1003 17787 22193 20893 3131 4261 23258 17649 11303 4825 8185 19655 32204 20312 5258 33 1114 27850 13490 30571 7605 11893 15094 25804 25599 32041 25932 15106 9817 18979 1707 
19113 9431 1063 23949 6739 16543 15782 20128 1496 11091 32232 3112 29686 17719 3827 21064 2790 18036 9534 30143 31291 21953 27292 14995 28155 4070 31255 27312 25707 30158 17022 12579 30126 24616 20914 20869 5110 12056 17814 27655 32162 19161 18144 7253 16177 27311 11510 17354 5618 947 6990 12003 9857 27925 28288 12523 11548 457 15123 9393 21013 8720 19829 5569 20606 14669 7469 25146 26642 27819 28855 20618 20707 22671 32569 4096 10283 5815 11453 17155 793 15040 7825 17080 31469 28766 21365 6378 10545 17209 10443 18651 6260 10135 31502 460 25624 24220 25567 16965 3598 2934 14598 22085 22887 27314 8122 21360 16747 25493 23915 20223 14963 31012 22041 22532 6322 14515 19183 18688 23000 6415 24724 1182 710 11308 5315 2387 10173 27308 19817 4616 4015 2228 15164 11421 16211 16444 10538 23860 9489 24799 30896 10691 3004 19287 13586 27674 10011 15108 23645 12082 6988 28642 10819 15490 3671 16057 29698 30593 2819 19222 7108 21918 22788 5640 22892 8220 19785 29509 29035 23118 18030 23769 2438 8665 23069 16719 28872 27761 4584 1224 8730 7957 1374 5150 12689 23279 22271 22297 17800 5788 11251 31104 22636 22391 28725 14703 26471 29470 25939 23184 26960 2612 19601 3957 7070 10560 24594 16023 26923 18062 17772 17989 2236 9074 20516 9732 16931 26513 20493 8229 25537 16766 4187 3267 17309 20621 6359 5022 14408 6570 3283 24564 28986 1547 21439 8793 24965 15748 20343 18593 6316 5333 26255 17262 9008 4955 28535 11695 18994 28975 18182 10246 15000 4266 8675 9145 2824 28724 22829 11361 8426 4447 16643 18134 28075 12194 18263 9159 2798 2670 9592 26111 1126 28026 8464 18823 2157 10800 1640 19939 26343 21412 13290 19663 18327 19155 29659 16069 440 31726 24174 25654 24733 3158 10937 26007 7765 25851 28196 28861 14540 2857 2430 14337 22639 19571 13770 9895 26465 27132 13876 20472 26376 10732 26486 2278 16428 5768 16337 1261 551 27380 27077 31982 13297 9659 17044 27843 4199 22057 28940 2100 4490 23336 31541 1807 1919 9138 20745 2835 6202 22480 17984 26657 22878 11786 25463 15133 31725 8998 23781 9574 12851 21641 15692 23665 7569 8830 18751 17172 18790 3724 6709 18481 26432 6513 27652 28977 16019 1504 13650 106 10010 32432 21029 16462 6312 3237 24149 668 20649 21360 16830 11270 30150 15555 6095 742 20550 7977 19495 27591 6955 10930 14908 16909 16736 7983 
19154 19724 72 16304 25823 17673 23912 27277 28278 12509 10321 20874 14139 23021 1594 16418 29314 24590 10192 7062 9759 25331 9507 13647 31026 31483 7124 4953 13383 11477 21840 30632 21652 26985 15494 31885 12817 3442 3639 6822 10394 30644 18599 25652 31628 8897 7053 24118 15995 17592 2659 26000 7732 1410 25222 32709 17806 8776 14953 25979 412 20782 7630 20974 13828 25036 21227 611 31791 9027 2239 11292 3594 30585 18194 8804 10550 32404 14740 30144 2925 30617 32570 5593 27030 4501 6614 14097 6946 15585 2088 6667 18677 8649 12461 21475 8261 20478 5002 16658 8191 27777 18259 11674 21551 25650 24740 7763 12836 31442 6880 9460 2312 32189 12640 16827 11794 14466 7388 10956 18165 674 6993 17857 12553 8833 31204 23852 16194 13239 28986 30481 12020 30068 25644 6010 20734 29714 19449 23766 23826 13239 21532 9110 48 1794 27285 8248 21041 11899 29107 30804 6931 2548 9266 24696 16943 1861 11783 19111 4553 15854 13680 20250 3107 25554 10965 25726 8677 12801 9727 28196 11262 3926 12641 14076 9095 25919 10603 3661 12432 11011 13718 24828 9389 21986 22728 21703 6682 30729 26779 5311 658 23826 764 24994 1789 7834 8969 5238 28994 12029 25530 15546 18162 14197 19151 21145 18179 32204 12827 25645 15281 4282 22766 19116 24876 3533 5225 15310 5110 25846 4402 7303 28398 11028 14720 4922 18380 26373 2572 32337 27367 11490 26333 11497 7879 7265 17297 3399 11810 22140 11053 32215 5062 15159 9750 10398 17563 31433 25671 31800 87 21963 20162 12945 9376 5707 1998 15442 5002 11263 24492 9108 17201 25086 20300 14137 7942 6218 11020 23075 19376 29989 14029 4428 21081 2593 27383 26034 858 7870 23740 2441 27364 23700 29152 20957 22920 24332 18051 25081 27860 13452 12588 22483 15224 18056 16952 13053 1822 14313 27862 28050 17638 26795 22674 5532 21904 20502 3444 7613 367 32665 20561 9550 31770 358 666 14067 16229 21498 22274 22458 31612 2655 9037 26072 31456 28724 28713 5469 30128 8466 26667 13324 27193 20967 15532 23687 500 836 4093 878 20638 31554 13822 18711 14783 9027 19896 15721 16058 9302 15967 20199 12309 2016 18858 7160 28960 17741 12035 23707 19530 25244 23771 17304 26816 3376 927 1486 9160 32670 27216 10994 2528 9039 26061 16463 17019 21258 5592 11819 7439 9490 19253 9486 28447 17730 16694 27182 32377 29586 16354 16511 20011 5921 32559 30164 
26514 31297 10007 4546 27836 23498 14432 31829 19406 27377 21986 32434 18514 8166 27029 16590 32711 5555 25625 28216 6968 5526 25335 6484 22068 26187 17624 1265 23097 29351 18638 5745 27670 22536 5274 23862 32255 8620 21290 7091 31408 29633 23718 29156 11914 13976 3124 15987 28589 10815 27305 18695 12525 21343 24145 6683 25931 13559 26401 8421 31808 440 4520 8801 21600 3748 1978 6582 2095 28357 29902 7087 3997 6208 10805 27344 27812 24051 2324 26866 8519 19332 13160 8338 29294 7863 14750 13477 2367 5508 10486 3410 27709 29732 1831 11468 7268 14969 8358 5017 26560 10358 11202 12284 22800 4049 26803 26682 661 10209 31883 25732 6882 5004 16102 8022 9399 2695 6351 6015 22333 475 29231 27606 18075 26788 28848 13146 3570 3350 15763 23646 31342 15265 6237 30289 16594 9620 31665 10428 25082 26205 26234 15470 29554 23843 24999 23021 32711 31761 8274 13544 32629 27430 29936 20876 17327 10060 29815 3971 26092 532 21208 11688 8181 419 20291 14486 32573 4370 18824 9729 6796 31175 32723 9098 6218 31461 24785 7861 14759 25278 26964 10 21304 16105 12960 5561 13681 17923 30568 5967 27868 27094 30779 24712 20461 30118 7750 4290 30061 22564 20201 24341 6501 16700 55 4383 1860 17627 28017 15006 25818 29003 18838 23269 7202 26592 5426 25330 574 30063 17170 28848 653 5806 23676 19711 13674 28904 10308 17600 1367 23515 18716 17691 14961 19149 13640 3461 26036 1161 6281 288 31177 13661 19079 30463 17984 11322 12766 7605 8877 12919 7310 25651 9164 128 5188 13736 32173 22649 3028 29406 16384 10742 24687 9958 30555 32745 17096 26766 24578 31024 1746 18482 8632 19243 15806 14570 14283 32448 19386 22086 813 9020 1873 17621 23825 15330 10032 2532 11130 32386 7798 16226 11901 31223 9899 23380 8917 16168 10176 11607 14233 10004 9029 13682 9296 11537 14112 1514 24011 4639 30884 18039 10635 22388 15342 13014 10997 3741 103 11648 30833 1487 22556 5970 25276 8973 8215 24104 12312 16968 8816 3243 29037 12066 27150 4749 16242 7520 5290 11560 26053 23478 12053 19274 12082 11950 18831 14765 23340 4275 15530 32020 25423 30988 18446 25595 1212 24674 12569 32417 27313 28385 32315 25420 32201 11578 22054 3258 25252 19307 11416 22180 5690 25562 10969 32125 21210 23260 17461 30686 13345 30941 26421 6760 14052 16534 28258 3888 17056 24625 30828 8082 31395 6260 22313 7135 
1345 6076 21519 4426 18893 25147 23968 28757 6429 13530 8404 16427 5760 21302 2003 24851 25991 31862 22620 6395 22571 12309 471 16571 5773 32230 3505 860 21184 92 17848 20984 28365 30088 32345 17931 15078 1301 16931 5830 8632 19331 29904 3001 739 29613 26155 19949 18181 6725 9925 21199 14050 23574 12634 27976 1998 13270 16196 2955 688 4181 11444 12661 1203 7090 22765 20615 327 11802 1698 20616 13525 4788 10446 25609 25348 9719 9816 6947 12331 918 2786 499 21604 25337 29818 21843 19740 18025 9969 9331 12765 12626 634 4162 21457 17663 14503 28789 4220 9626 5628 16197 31234 10013 28174 21197 4782 2483 18894 32504 3614 12354 21585 10653 20159 16637 1563 19091 24565 20731 7101 17690 19692 26241 10838 2350 8760 165 14741 24912 15425 5574 17287 9933 28304 24266 758 12052 22024 31320 11462 24200 7948 27487 13790 21892 26367 17683 12663 12986 11683 11996 2312 12787 5714 17060 19664 27077 31160 30189 2943 7561 199 7511 3571 22030 25038 14703 24129 5951 11095 13944 15433 13639 20730 15536 28837 8088 32577 9048 16998 27796 22437 13212 18230 14869 24431 32594 3660 25101 14524 30099 19197 1495 9570 18078 23940 17959 26944 5567 31630 26661 14683 14953 14479 1244 18062 19399 5531 29824 29736 20509 18316 11394 6455 28051 15972 6252 3361 5979 18570 2294 25568 19195 20109 19270 10346 10660 23288 27229 2379 12561 25633 4672 17024 30896 32390 30037 19048 23166 14946 15470 14548 15682 6613 14588 23515 1603 20056 5841 83 8095 11964 13306 26124 30166 23961 27068 29964 11812 24109 10259 22793 5053 1619 7233 16980 31142 22624 31797 25403 4747 26787 24701 7826 18988 7249 19263 15810 23625 15559 6396 17344 14406 19600 10167 16077 31704 1039 21621 25008 4199 5020 29393 24549 27989 12332 5882 5670 3251 28278 17548 1429 30789 17835 24833 27107 18111 2142 9864 5734 18393 19235 9969 30946 18958 18143 27805 8925 10462 4694 12123 15525 17119 16024 4354 25145 25712 31806 1074 1947 18650 24373 20351 31227 1229 11754 23892 15278 25080 22591 25398 5773 3816 7638 454 24773 28646 5802 6728 23069 12123 10730 24428 16879 29892 26084 10197 22741 23471 21448 20494 1001 4139 27923 3050 11436 27719 12824 2948 12724 12465 27303 12883 15367 29978 29861 6791 5646 28266 16154 5281 10169 10961 23120 7793 31984 13318 2348 8751 10867 23272 5097 17546 170 25106 31235 23318 
31185 7240 8008 248 11915 21846 11842 22738 17822 18210 29737 32548 203 17967 8740 26893 28901 14600 7890 1527 16090 18562 1351 30742 28928 13467 23792 26340 19165 6661 20184 23955 15238 25481 23254 23718 24398 11346 27484 15764 30280 3782 11079 8156 1140 6147 8644 2967 32276 24172 10515 17376 4510 29018 20277 29716 28848 7183 26488 31394 14527 11773 19201 643 27189 32697 9038 18201 13247 586 1133 1133 13582 20396 7582 12854 27438 22457 13211 3408 19075 4028 3220 31071 17740 28977 31425 22762 18902 24737 24385 22039 24226 22510 22301 20313 4399 15338 11264 25620 8437 20192 28198 31122 5998 2284 10537 7704 3500 3751 906 30997 5227 30039 23304 16419 11376 30122 14100 31258 8782 24759 20441 7760 21786 19855 10081 3203 69 19943 14483 29271 6842 5239 19868 12278 10388 29049 10668 29260 25875 26347 28982 4182 29059 23275 24475 24871 18117 30789 21437 4869 14497 12145 8788 4382 12428 13427 25472 19401 22591 4696 22513 2062 28041 3996 15595 13059 28638 20342 5457 2349 2701 3687 28409 8887 113 1222 16994 22030 3672 12187 26025 6335 31992 25484 17094 29110 32034 10324 26208 8771 18345 27485 11177 16653 4047 13891 30038 21779 25789 29081 16013 20069 23349 20636 14531 22067 14237 19191 19211 10309 17527 18173 28988 2985 20862 19580 15742 17164 24504 1347 25352 9318 1750 19534 31068 11189 13410 25258 28831 3357 20003 29085 18945 29722 1786 27587 32662 30136 25035 1931 9092 26110 9583 12142 17754 8 24323 24173 18892 30372 20671 2273 1930 73 6304 18267 11061 15137 30816 8884 21818 27318 30149 1166 648 32261 21591 6416 7075 28781 14009 5322 8447 6226 12890 10765 21028 27649 2358 5710 14944 20587 30037 29699 31150 27877 29646 8167 10005 20600 8473 24905 28002 2259 1304 6477 21040 25736 21317 3885 1540 9127 12089 15010 31325 15078 32210 17682 24866 9763 28376 20136 20904 2193 12326 21385 14841 1563 16532 17803 17163 9516 26397 14844 9165 1227 4080 29497 25132 27932 21832 19694 14057 31481 16309 7048 27142 15840 13105 10421 1877 15748 21739 10883 19296 29048 4553 29504 7569 15637 26187 15022 5739 15964 4460 27144 27649 3988 25655 24962 13830 26520 4017 7270 2245 28778 3523 30301 7377 20686 1487 31267 8109 18544 27906 20847 16218 14888 28239 28861 7585 20442 11714 32446 7736 30099 4110 24960 2130 32199 4463 18664 31442 16751 24841 25071 4188 372 
30478 30944 30225 31922 26979 2583 20461 20140 4055 15700 5083 5506 24175 16165 695 4004 24547 18087 8910 21040 1508 31742 20835 904 7942 23524 11692 16148 23795 25932 14357 28105 8781 24366 12140 13869 26816 26288 7377 12054 4052 31694 22019 8108 24235 1277 10945 19496 29512 1856 22732 9054 4049 22617 3263 18624 17215 18297 9647 6056 29599 29540 10697 5594 5674 2191 10057 1909 132 9339 18258 3396 30710 29767 19506 19923 796 14479 26143 3491 3849 9819 21871 8336 25214 3466 11569 28249 18654 21546 8337 12406 19226 8228 32427 10509 20152 28157 19124 8096 635 20696 22888 25513 9855 15821 17254 18654 178 4170 4975 19981 12280 12941 9213 12868 24419 27652 14025 30512 5287 21647 14746 23281 6106 14838 30685 20562 25356 610 24250 222 25392 31138 17221 31926 19454 26231 13996 8034 12851 17922 18539 12000 14781 18157 6083 17583 17282 1549 14057 24808 14622 31177 15757 30402 10029 19742 23229 14333 29377 32640 11435 26016 2422 6282 22619 18037 14997 3167 24101 32138 28837 13501 17680 7180 29846 22156 12828 8067 4043 15375 24076 19909 18490 24787 18971 653 24156 4514 30938 6695 6237 14774 8451 14181 21459 13274 16112 30439 15575 14134 24001 25758 31932 10884 10190 23309 14034 22112 22950 20327 31298 8246 29463 12046 4969 30843 30371 19542 14240 24253 8649 32600 8300 24264 30702 22257 17656 26169 552 28654 27055 4650 14861 15615 32274 29093 29424 6553 8878 29029 9682 28561 1784 11783 1284 11375 1682 18915 14116 2890 25469 19394 30367 23617 19222 13788 27772 23994 11848 28440 29936 18692 26302 28076 23697 5842 14360 13248 17856 26583 4217 8621 13007 34 4393 2968 28827 32433 6248 5108 13219 22904 8902 16106 31561 15098 25763 6384 6904 1362 14020 25423 6409 7918 27957 14776 15481 16132 29872 11462 16067 6242 5400 18254 16110 15665 31729 23674 8992 31536 28917 24558 22620 2266 9912 3851 10134 16323 16525 19527 28032 26127 25583 9615 5440 24193 30777 24567 9457 14458 24788 7940 9037 12262 9273 32052 3957 28836 4790 27431 18700 21582 8007 22807 783 14608 13942 31170 27579 2184 23399 6715 5770 30174 22492 10155 22343 23084 12657 14015 21279 28917 32519 20444 7660 10695 23842 26934 26327 31904 10710 2396 9708 23383 7070 15148 27037 10572 20228 28997 17640 24210 23416 25530 20927 2728 13941 7232 14863 30334 28028 13473 17802 10679 27069 27903 32305 29712 
22587 7260 15179 31566 13066 26599 23264 26812 27973 27942 1635 28565 12503 13666 18642 9551 31637 30771 14761 8616 3101 21722 31381 7865 14841 26800 3824 31925 20788 6249 6768 31541 15123 4643 6429 25793 16924 10806 31847 22522 955 8498 18711 3186 16445 8550 9735 20478 27003 18334 30863 25796 4483 19242 8281 14505 7686 24890 8144 20605 18886 4901 23035 21998 12707 26254 13037 25431 10513 3553 31833 13435 19311 9156 16451 17167 6774 8514 13151 9702 11148 25467 10822 16822 3646 24761 27926 20742 11256 19154 6514 16078 20618 11134 25745 26186 25796 9685 12527 19451 25133 26928 5116 24395 7948 8905 30176 3164 29331 11365 23229 31496 10112 23021 7684 17803 27810 2574 6543 6012 19656 30497 1325 150 20504 28013 26553 27148 30117 29608 708 12543 11165 20709 5181 26367 11960 5738 26218 1089 20407 5621 22318 26173 21910 13426 7756 17074 3847 16252 27793 19626 25867 17201 30200 13798 12923 9839 24424 24938 8906 2957 20351 13150 10751 15423 5250 13501 14437 9417 8524 30986 19883 16320 30357 16647 5027 13266 17068 6344 9275 31963 16446 30423 6677 25831 2988 26910 8240 30725 31664 30533 5319 803 21282 26226 22505 27059 12971 11090 2424 17511 24400 25757 15329 25513 24203 1882 7514 5518 12784 2923 11257 21145 7310 23736 31889 31122 11304 1273 27789 2944 9144 13064 19143 14831 31130 785 11635 1660 9205 28087 1090 6073 30067 3891 31201 185 23561 2571 21926 31039 23094 11695 32670 28556 23183 2094 19182 7537 11458 16823 9258 4189 4589 25879 16360 8523 15748 25546 11074 32353 16913 1126 14941 18434 24265 9050 29637 2774 32689 27225 24001 8841 16587 7677 9241 7384 25825 18161 32632 16361 26866 1681 16405 28907 13349 20774 23251 29956 29491 21259 13230 11387 28806 19596 20081 30173 16837 31865 27797 5633 9860 31565 20546 18226 6802 2690 3925 1137 18554 11070 26078 17990 28394 3035 19413 18747 9967 7268 1362 24906 28668 16284 11077 5703 24221 22285 13325 31794 6328 15369 5409 16082 8816 20734 2209 6074 31606 21556 28185 32522 27817 9982 4977 3819 21478 15278 26861 25107 9794 13154 26367 9234 21509 31764 22669 14932 12671 22935 2608 24100 8809 17078 8887 17933 10548 30806 31013 15412 14001 14629 6544 30700 1845 12506 23834 23235 4286 3042 4322 21667 29475 32468 20433 23886 15602 19166 9706 9765 24938 1778 22142 16913 11576 13265 8401 1718 10327 2897 
13396 6478 19877 11797 29195 11669 4605 21739 25561 24781 22982 29451 361 17714 1850 24218 12885 31395 31603 29780 25382 15304 9389 380 21993 9354 6068 25454 9463 138 9429 10101 15661 27028 30738 14507 8676 2001 17352 15174 6951 14521 15989 3808 31848 20970 31512 14870 3632 9289 18666 16414 3984 11518 12955 21723 14298 31303 23920 2620 22643 25499 24884 691 13615 25777 28581 7361 850 32194 25213 28684 14720 10495 21772 10445 24543 6924 32024 1790 20722 11012 31435 7843 16928 10718 31922 21414 4104 17503 28798 9461 14117 31364 17394 5495 18025 12393 3336 8035 14926 6426 11106 29199 13214 22184 27070 19259 1472 23602 28230 31335 14309 10313 6053 9499 10892 9056 6033 5449 12264 2136 18168 25769 26875 9040 21036 32319 21753 30617 3326 30438 22218 25759 9462 21715 25600 13505 8440 22333 17597 3580 3899 11314 10581 15389 11767 29279 31748 8252 3645 16176 12149 337 16826 6965 18653 9733 25714 28559 12963 6243 19677 23538 567 16512 3268 10664 21815 27354 4470 2527 19000 6580 30638 2233 2504 29895 18438 9248 24928 30470 3685 18482 16124 4061 29760 13090 1686 5572 11969 13278 28294 7006 11473 2486 19910 28038 22950 14905 24349 15225 26944 18522 32354 20865 17958 11314 32434 12165 16766 16158 28146 19302 2296 19212 10943 23308 3348 26621 10461 27980 25344 27364 26243 21693 31091 28034 19829 28437 17762 30995 5495 6291 3494 4197 3719 23033 13919 28986 330 15459 7708 5379 3392 18964 23776 15272 25682 30454 16427 6620 3501 25621 8709 31985 10984 16710 14483 28891 2569 32187 19103 16992 22135 7505 10127 12575 276 26645 31339 20624 12096 10819 17371 9418 25678 16858 22818 12931 14067 1971 5925 28125 4303 32190 32324 27526 21651 28879 1579 20130 27867 9586 20960 1114 8694 4037 19796 1949 15494 9765 29491 18762 22989 3054 18022 13969 3579 13652 7367 12524 28847 1326 9940 16126 5456 12883 18008 25653 16992 24612 3032 3325 20564 14260 30693 24286 13544 6651 20182 5413 27536 30576 2037 12584 28898 11091 5199 9780 1495 29287 8322 28175 23482 22954 2326 18756 11977 4277 21668 17841 16194 8145 20774 14558 14458 11686 6433 3078 5202 21334 14576 14250 2562 30688 15720 11019 22784 30873 18200 14992 19364 3537 31892 16551 22185 21028 26592 18923 11145 31745 13456 23914 28873 3156 6979 20925 994 24255 10038 13531 22504 3469 26483 20943 30485 31055 5868 10443 
2124 5368 6839 15073 12921 13854 23785 11702 9258 4824 6102 29034 16750 4814 13551 7095 29683 30480 4662 29194 5191 13255 26902 2791 13467 24359 4131 23359 10594 16100 8338 3927 18431 9811 14766 13411 25805 19414 67 31822 17159 32720 3275 14538 8981 19927 637 24601 32320 25423 30479 14623 4546 9152 11300 10122 25203 29425 18379 31772 4360 8950 2598 21699 27537 32221 3332 16432 22878 4775 7923 8129 10965 14058 23684 14764 4458 15193 27999 4750 19814 21548 4825 25653 26104 5172 8661 21310 13986 19579 19779 30354 28687 17576 13259 2990 13420 19840 23644 18535 1041 11057 7393 20757 1539 18694 9245 3447 3410 25309 23634 25705 25469 29794 13264 17808 11044 19768 30036 31044 25535 23342 15612 30771 2796 21391 10704 12383 24544 23240 29819 28038 17313 20335 31756 19112 2792 4688 8722 21702 6912 19769 28434 27867 22419 15775 32244 11258 15829 31357 27930 3742 24705 20227 16210 5390 22246 14890 17924 17859 8828 25994 7214 13797 16498 16936 7277 26644 26252 13166 24571 2254 25206 5397 32557 22861 14572 20026 24665 28226 15475 16844 8243 16331 1159 32155 14228 8994 21290 26891 8613 21471 30871 20140 30669 12594 11761 24826 18879 18634 8848 22153 360 2920 19084 14641 29538 22352 15991 13077 2687 29173 11775 29681 13698 21173 12317 24750 16291 29037 20602 31557 5918 11946 27372 32715 27921 22309 21669 11130 20991 10828 98 20338 23213 7125 32157 17415 7895 4654 31736 20655 28855 29187 16266 3390 29462 9449 14741 8136 23008 32209 19 21089 14257 28820 9282 9255 19672 433 24679 8845 22913 8804 7211 11930 22047 19840 7973 14567 20682 13997 2304 26080 14039 8306 7354 4979 7542 14526 17553 21187 22092 31785 945 21422 26516 32482 8637 31854 17649 12952 10140 20492 29037 28422 4879 23390 4239 14088 26489 6471 15176 24495 23544 3997 19949 7974 4812 30987 29355 5028 13908 10058 14896 32211 29177 14918 22441 10524 25990 8217 23776 581 1053 11195 24784 19388 26219 795 17593 23849 16262 31439 12619 4400 25575 25912 18855 15094 2448 25957 17602 31249 27032 5336 17098 17178 6783 9248 15973 10148 21770 9573 17158 4913 5791 17078 24478 3997 2049 13182 1197 3092 32065 10834 27337 19994 26924 27397 26148 24152 24132 11169 31341 19665 28148 11637 2946 31771 23272 18024 5662 29233 12908 21363 9032 22352 29370 27076 7831 29386 4819 6960 23931 2813 7406 30977 20206 30703 
29071 32245 30844 24556 49 15237 10234 10449 9409 1438 13487 7509 10493 9987 29284 25414 4628 12621 23409 10905 3692 7562 5475 8389 18578 20949 30205 14677 30498 1895 25422 3583 23011 27608 2 867 6640 985 4574 12720 11434 27640 1769 27930 18902 9671 11729 26668 16203 10501 23316 32243 30781 426 20957 31654 29089 2983 16040 24484 9243 8473 5877 24786 15350 1686 10087 29787 11267 17764 26486 4055 17950 14358 15350 10607 16294 3394 24718 1145 2364 29097 10368 10151 9826 30349 23093 8151 8265 536 26628 30027 5450 13706 3183 3861 25022 30782 13815 17066 9761 9502 11136 6715 22161 16677 21944 750 19127 27420 3184 13047 12399 26741 28258 7496 23686 28623 17565 21490 22889 4727 11041 406 4336 27599 20647 3451 3892 15230 17634 6016 22317 13127 12276 3290 3212 19109 5666 22163 27817 27388 31336 31474 25429 5553 25438 27880 10205 4563 15210 21889 2376 26526 9272 9914 6721 32563 990 10958 27513 24102 20224 23116 17203 7777 25276 295 5024 19416 11539 10483 6366 16200 5079 31249 28043 25054 9507 27367 22586 7889 22616 10353 18902 23654 5896 7235 1377 28877 21238 30307 22437 4330 19807 16460 32727 16136 2825 31012 19350 13372 13281 2616 16987 10452 4497 8828 29336 17684 26812 4598 5369 16693 21961 897 12283 31835 21319 30821 21097 32351 28144 16631 25880 30540 15885 7852 3578 15155 30725 915 1075 13241 13795 1725 12555 5036 27709 11961 14913 25296 22509 16718 15342 21603 15832 24903 19245 13596 992 8097 5981 18278 29066 9210 14126 22985 13119 22163 21247 24881 13576 31081 20588 20330 26184 26414 17874 21508 16151 14928 1663 22050 78 29095 742 5111 16732 9179 29880 6350 23644 3795 17029 92 12443 29095 32552 6629 31810 21607 12817 8183 20167 8095 28445 17074 26674 8590 31259 21642 10195 28695 32081 7429 6310 17180 11507 754 13190 12585 9219 9626 10557 28532 13244 24475 18387 23363 9122 9594 17860 12054 8299 2502 23589 13341 3988 27720 32349 30813 26281 10204 7422 18080 13895 31359 27416 32324 23726 24767 12969 5541 6606 15978 18252 15547 20160 119 17157 27565 24205 29680 9721 29120 12132 1720 2798 2773 14487 127 23685 27594 3717 12032 29846 10755 17897 8677 6409 17728 17797 16270 26805 22886 7293 7174 20115 15158 7691 5406 13788 13512 10360 14890 18402 32313 4505 5642 27792 19769 8177 11493 9225 14231 10665 15064 22498 21757 
9094 19848 7136 26511 30523 29456 20187 3436 30837 27603 15838 1163 2802 27326 3571 6675 8039 29475 26607 15655 2367 12988 14580 3555 15854 15109 29775 10441 3501 25255 3655 9043 8873 15400 21388 23725 18059 18455 18614 9817 17681 31684 9665 2355 20633 32002 3765 29195 24441 8985 12909 27540 11607 8018 30322 19734 25346 24545 23444 21395 12323 16648 13043 5333 2056 3272 22687 6421 10642 20866 5527 14831 8671 31288 23610 23014 10331 31839 23958 25489 11215 8101 7984 26872 14165 31322 15356 14545 29971 993 21872 19330 28771 9639 12662 5952 29313 16450 20693 20844 5935 3903 26067 19990 13763 23603 26253 21004 24684 20517 22986 3387 17142 16705 22428 21579 4065 27732 20416 16922 28156 18467 21848 17088 26752 22940 10266 18756 9198 27976 13081 1154 7224 13761 19315 13408 32148 459 15154 3876 8094 28159 32311 2983 4010 25213 20505 14324 14935 18608 19598 2931 18387 24910 28596 29959 10817 8756 30805 17544 8005 12116 26710 31608 6784 23118 12276 25204 25228 27559 13698 30834 27098 21048 28189 18684 25332 4296 10504 23433 19757 7462 13332 3837 19307 2214 9388 25853 20494 10309 3225 7990 26448 13110 19683 21638 29713 21167 14915 4490 27780 2766 20661 18513 940 11488 16912 5233 5743 20617 27201 22639 11427 16735 30885 10860 24252 21277 4288 24027 7243 24426 12465 17044 19937 31983 3285 14826 14790 15950 25101 26006 10577 1093 2016 9688 12099 7318 29381 24960 8999 22553 11845 12394 30663 11190 25312 11786 22493 22975 23677 6862 2776 2027 9635 31412 6594 5581 19489 23251 4899 31984 20813 10450 21197 17028 11136 21709 7028 11772 9454 1810 9920 24315 31825 21756 4186 3745 28751 18926 12514 10334 19466 27762 4398 14323 8363 12422 9124 3016 6099 30904 8959 2584 2359 15304 8105 30044 28369 10776 8306 9350 570 18415 8891 20613 6078 30787 15051 19541 15968 21689 12559 4887 14936 32425 30691 8849 7151 1960 13237 18656 409 32354 25886 20311 17910 348 31456 9979 7574 1044 25710 28925 28796 21329 401 16128 28124 25372 12645 8358 24380 30158 24401 11209 11683 26450 7791 22397 32598 1355 17640 2642 856 18459 32712 20540 25880 9815 3849 1500 26656 4003 31043 16424 8462 3041 12275 7733 14582 14730 28026 22732 26262 21712 7477 25524 23256 4017 8165 6591 30426 15388 24192 1906 6564 28798 6705 12313 11801 14866 303 8510 25493 7158 30393 7132 21233 24384 
333 22959 32201 11528 18669 29292 29228 2185 28369 3122 31792 17405 15233 28393 9069 16561 2284 11357 476 21198 29445 11982 17940 7235 5344 23826 32036 7171 14415 7087 24879 8696 27789 23549 13608 687 17866 12713 20803 94 7735 3779 2118 32215 13785 2148 22352 14312 10664 4276 3978 2563 13105 9277 359 31167 8554 13671 20456 26637 20471 1874 24260 23986 13508 17633 30370 17981 13989 17168 7094 22162 5921 8466 185 2535 20285 4682 4011 17855 556 11711 30303 14108 31209 12071 5085 26843 31738 11750 12692 25397 21706 19239 24884 8838 24933 17228 25520 26713 17604 24391 19723 19566 334 25033 24818 29339 28534 2978 27807 23662 28996 25222 30423 28912 4412 1852 21102 25954 23583 12277 20352 21591 30845 27804 584 8290 17684 15267 18005 29199 26845 16257 26076 30017 1671 27328 16837 11134 22945 3464 6326 32505 32474 26928 31318 23053 19510 32110 26189 17223 12338 30274 17513 2820 9949 23586 29531 22980 2300 10671 17055 18609 5913 14559 85 19984 17842 1685 23892 22983 16414 3852 17275 16667 12494 10624 7438 10346 15932 13073 5670 32646 32035 14800 857 8346 27755 32101 9608 25348 7134 32103 10539 9970 10319 3213 29488 10023 6073 4736 30196 17210 18549 3800 8904 1927 11278 30187 3196 14592 23327 27736 31371 6499 21984 9988 2659 21737 31759 22927 22675 23189 16697 20944 28057 28550 14025 7946 10422 23184 20967 16829 30941 27258 2840 32161 14343 3688 14275 7117 9664 29201 25478 8778 16889 32272 20654 30196 12476 8139 29956 13218 27335 6110 25850 29354 15700 22268 21209 32056 28358 26943 3494 15028 9709 13025 10115 30160 23317 84 21460 12617 10685 25615 11716 21530 7910 17485 16110 21088 1299 19759 4518 32088 3123 21709 7516 24244 7820 29873 8766 32670 5302 15577 25090 23335 28021 19924 1526 15119 27785 28211 23741 30764 31895 11946 18424 5897 10574 22711 353 21931 13198 9576 17287 10128 57 32511 8904 28590 21728 11022 26893 28123 6909 2670 16376 10002 2237 31600 25703 8756 27041 27509 23694 31027 4765 14608 2290 21770 2860 12136 9594 14316 24878 14384 3137 22426 12023 15216 25534 8931 25032 20126 19981 8299 3852 22677 12316 19891 14628 10517 21027 6090 1280 10028 15614 16726 31213 17468 1715 2772 25704 22122 28514 14644 19131 4096 29687 30586 12768 19159 3069 15561 6610 17050 31420 12494 818 16364 2800 828 32066 4091 7511 5484 8230 26825 
28406 10739 18021 30056 1704 14599 22950 22002 31212 5762 25700 27857 29622 21876 17239 9205 13672 23396 13766 22927 25993 6993 31214 14636 25024 5196 12712 23499 11576 17122 642 9271 21113 21512 32440 12555 26563 15847 17416 9288 18859 19798 19511 22237 388 2017 15759 225 15424 31374 31899 32605 19930 30416 23828 15376 28593 30940 30532 7559 1371 4158 13947 25527 10043 5842 16853 21952 22031 2690 21685 13958 1790 10375 15019 19077 25607 7447 5821 24455 5302 8249 26506 23968 27280 10982 10126 136 2114 32402 785 15427 16949 8685 19816 26766 15762 8261 5202 704 26621 15895 18346 15255 14619 29503 19025 1931 5603 17812 9240 24622 16918 24047 14274 14876 28019 24085 7424 16344 1374 17997 19723 5784 4371 24291 8926 21809 12085 3419 13013 12723 29689 19146 23052 4675 12056 32323 28773 9964 9 17117 7413 5561 13049 12932 10721 21930 8707 15492 21022 8762 19879 3654 19542 19295 24123 7444 2211 4362 20676 17423 31058 18329 11448 14890 24535 3495 20490 23627 10710 13170 27635 23276 1740 31142 10428 25271 23298 3974 3858 9401 31747 6136 15401 1946 19001 27037 9617 21316 20245 11766 1323 31844 22428 23911 15119 14198 6695 30476 16581 5683 28504 18746 16599 24848 22206 23624 4162 12350 18089 21964 5780 29270 20125 21591 17225 13789 1040 14270 8906 32106 6671 25432 27086 8896 14201 14230 28479 24131 21039 3207 4923 4129 10391 18701 5434 29477 2198 15745 14747 1169 16082 4374 7787 10249 12097 3865 9870 19160 24619 21517 3969 4584 10778 2087 20575 18612 30018 6090 15834 19064 27584 28096 10957 19523 13913 11783 174 7194 6511 5615 5636 19718 21917 14329 29291 20008 14654 9007 11587 8302 17862 25794 10159 10272 23926 24291 13189 10099 17576 9142 19574 16561 7345 4784 2952 8779 1843 3828 10562 12969 7439 4675 18365 32657 22773 17832 32515 7462 23622 7133 7188 18191 10969 27176 17223 16580 14349 6268 12239 10224 32451 13577 26152 13122 8845 27965 16547 22425 12215 32153 1770 1271 16651 6252 2627 10463 26370 6508 23484 8766 11839 25020 19060 11557 27659 12799 18293 32528 16463 4168 9200 5172 28099 28578 13920 4028 1595 32486 16392 3803 11393 22021 26563 22208 357 8720 31368 16060 17803 9893 23122 1665 2266 21983 32217 1966 2184 354 9742 32018 20490 1336 4846 10735 10994 5821 18320 3039 27650 16066 32421 30198 8627 31489 16116 15708 2424 13461 
23717 4174 22777 9111 24486 24156 15752 22962 5453 28586 19168 1058 32690 12534 18144 16541 5218 6534 11453 28728 19812 32578 2584 25783 5559 29192 4499 26406 22728 3924 2780 29689 568 4779 31225 8410 12977 24506 14232 29741 10125 28139 17747 19013 1348 26925 4996 31000 27331 5773 14391 6153 15917 17893 9027 8663 11673 32287 30714 32750 21964 4311 20692 11434 22539 19545 18 10978 11379 30264 26499 21825 8453 24956 22679 131 31277 1172 27395 17782 2549 18191 30394 13945 512 927 18974 22761 1295 24291 9056 24312 31218 7232 13422 19405 25456 26575 20611 20563 31861 23935 7101 8928 5745 25343 15049 5112 25061 9534 19986 8828 8615 22743 16643 501 10180 5574 23727 14280 985 4075 16498 31340 27618 975 20328 8287 30105 930 4277 2325 3895 22610 21630 12312 30242 3095 20763 272 25406 15656 14322 24938 10776 15930 18859 28873 12253 27782 32027 6129 8255 13683 28881 20743 5381 12040 7144 14969 21017 815 8987 7716 13708 21681 26284 12326 15111 20990 10474 18884 25067 29440 14709 12480 16414 24596 31706 5227 10160 212 16025 13089 4776 25806 10306 23762 24061 32141 13205 5585 7777 14521 27059 18536 4793 5179 380 16640 31222 25888 18994 10940 19025 25716 1084 24213 32100 12059 30033 32508 181 23454 26284 20887 4984 4380 13449 32636 23703 25455 3542 29921 26109 17520 17109 29553 20067 16531 16035 2372 24058 25734 16503 32748 14973 15068 13121 11765 29545 18169 2452 30863 8289 28869 24351 26390 24843 2511 4035 6719 13357 30811 7266 14121 21184 7273 26331 9884 4281 25442 2238 8608 13472 12227 22755 19954 30003 1267 31722 24747 14840 24588 10045 3019 23877 26455 18103 19611 1102 26611 11207 18239 22678 15603 5524 8129 18818 4983 10650 16881 4774 19473 12486 17436 6534 476 14088 18780 13020 12006 15687 19774 30707 16002 5565 23124 17239 7647 21804 22851 18616 13762 29134 17146 5661 29971 19054 22106 10251 11817 12727 11946 14191 14400 1451 17619 15063 9658 22251 32514 1718 26460 11543 17240 12137 31346 2030 6944 460 19821 30370 26011 29930 7047 23021 24867 5081 1401 10893 22790 18094 17966 18000 29279 10117 28114 18373 19914 20231 682 20934 27512 22948 24096 10206 5645 30199 31299 20011 12453 12006 29641 7414 8218 4240 5104 10274 17559 6432 11571 25479 22134 25596 11025 25243 1250 20169 10852 25535 27670 26498 9255 30093 23446 27830 9680 22727 11328 
28903 14927 27285 21641 32103 27680 13124 26162 29969 21778 13578 27706 19883 25858 3508 11425 26156 29756 14824 1097 435 7144 31649 28415 1953 1218 13360 25010 433 30972 19163 2423 30915 9021 15246 17187 13717 8714 3556 16586 11046 31455 4823 27695 20631 21818 31705 30169 1024 10094 27198 9763 17852 24956 26582 10763 15935 10465 2339 24202 15576 4133 16403 15075 3487 13961 4901 23614 1344 2417 17688 22878 30435 10370 18344 5417 13543 11489 28813 15966 31824 28748 12054 19442 5059 5317 11753 7894 9424 7466 16295 11075 20272 11054 20577 11319 19432 22755 978 10655 28887 21771 29687 24480 4976 1360 7153 31196 5735 23970 21570 11499 16488 597 12521 21881 7049 8253 12371 3977 23191 16676 30436 32132 10652 4175 32268 13622 8875 26984 6528 24326 29497 22147 15893 7295 14719 31754 12954 20212 1667 17687 30703 17425 933 402 4499 4903 13596 10521 20646 15850 4213 458 18147 32414 23208 16410 30505 22133 3135 15026 16620 7143 22902 12176 2794 16266 933 17341 5385 31262 6321 29755 28290 14572 8599 11982 19190 13981 28095 4695 17158 26768 23695 28886 21880 9243 14783 7627 25807 9285 7024 8847 13797 21356 5118 23384 1310 7319 14989 2925 29168 15786 14001 5912 26145 13878 10201 9247 15318 23406 4621 23554 32484 3218 4486 29868 27331 16729 162 20918 24401 15559 25786 3948 2626 4070 25512 15181 25641 3173 24164 24609 15911 29227 17742 8009 13722 15841 12951 31146 11406 30474 1153 1063 18063 21313 9148 8001 6607 10567 15589 17612 15544 25722 25806 18932 18198 748 20023 26301 23839 23540 13671 2813 28182 21361 2297 11891 25580 28768 29769 30366 7628 13499 30500 19528 8830 23616 11135 32716 23713 13021 7213 1213 24100 26430 31719 11409 6506 22975 28801 31543 3867 15680 15974 755 9408 26230 932 14266 12522 23381 14864 19464 13383 21551 17970 2997 13042 29162 31683 11022 16714 30797 8124 11088 26736 6417 17014 16394 18537 14870 11076 5633 23395 6867 20014 8064 15934 26271 12456 24667 13381 26896 19096 25166 20397 2642 9405 29429 26104 27182 7349 20125 50 20233 24234 30885 10270 20774 18423 301 521 21689 19242 28176 24372 14318 25485 15012 1066 24931 22380 24830 17428 7589 20998 29701 2336 4969 25913 3045 2711 31382 5340 9001 16008 11835 23656 18405 22231 1890 5086 16060 6429 18118 29130 14776 3801 16225 23346 17130 14475 18212 22559 27311 647 9416 
2079 29366 31071 4983 3888 23905 5987 1837 20170 21486 177 15515 20730 13531 22088 10065 11134 25634 11008 11552 387 1159 6018 26451 25427 3017 13253 11402 14978 19437 10322 7219 4171 4669 17404 18285 13073 16722 10956 24738 27928 1173 6667 16055 20490 28403 8395 17766 27271 1968 25714 25185 1968 6196 30641 14141 6040 19679 19517 5210 8214 4824 26774 15597 22449 23230 14753 19563 13143 31218 13821 9605 5438 10424 29152 13619 14191 27139 2374 12451 10391 2894 14629 25030 1601 1389 21934 28728 2810 9702 5099 7617 13432 31827 669 3211 12793 12408 21479 14243 19743 21003 6158 20603 31784 17835 27458 17662 25203 13442 30412 1634 23677 32659 10069 8228 17926 5096 18485 24802 1829 15136 991 16375 9234 28489 26817 48 14138 2733 6938 8958 3271 26190 1490 3167 11397 27651 18560 20182 8308 17633 22722 8727 28281 28996 2006 16501 8772 3848 24088 6539 23234 29355 23671 2259 24705 8858 6483 10355 7796 26122 16050 31866 17902 20968 17749 29472 26844 2984 5993 16158 25509 16571 9184 26457 15432 27478 704 3681 14475 20626 4989 14468 9586 28614 16339 29308 26139 15810 26173 7650 29130 2532 23552 16577 8314 3954 18582 13692 20125 27303 5617 21298 31817 15845 31071 9283 902 15565 10248 563 31481 30259 25781 75 20732 19116 19395 18409 16984 15325 29838 9332 1319 21831 2775 29623 14340 12946 4651 13615 643 30380 29472 25926 4150 19174 8358 21861 30231 22180 20138 9506 8559 24175 7550 12789 31486 25400 23081 27697 18568 2629 10579 23657 28946 24563 13337 16359 16637 29077 7141 6586 16721 535 18972 8640 21852 6744 2502 25509 5445 18120 14422 12382 28928 2200 32551 22846 1851 8888 1423 32762 5677 16031 21414 24205 15518 13190 4169 12563 15692 22989 26705 31176 30930 9086 8068 22141 31462 32555 2806 6222 2322 782 21807 8126 673 27204 2837 4976 17398 3843 25858 16905 17586 18084 30478 958 10136 909 743 5923 29918 6995 23885 31684 2436 10865 5255 16216 13234 1948 22800 7887 5300 9953 4726 1647 2774 21017 3042 18892 4459 9099 9227 27278 14164 32425 26760 12552 13299 29183 24904 2018 30346 19793 23288 30819 25134 31460 20860 30076 27498 7709 26267 13586 11436 16464 13421 31467 24280 10679 4706 31951 15447 17462 20204 24687 30785 27065 12646 19703 6355 21356 18438 16938 17128 15487 13134 29403 26966 6249 19410 20664 13993 6935 21569 1023 
4582 4518 12968 2227 1318 28760 8685 3762 28660 11098 18895 2209 7634 32431 23934 21969 23346 14375 20295 30765 17403 32168 1809 27161 32216 30134 16124 9874 19746 98 30261 7974 2817 5410 30804 910 9703 5723 2928 22700 19448 2631 1838 30285 20237 3709 30940 1724 12546 2810 24076 18758 14745 17054 26489 5992 27565 23886 18791 28123 8 931 20824 21347 16848 18444 28099 10570 18254 4665 7031 14062 1043 21341 11859 15208 16796 20790 9532 7374 8 1486 27532 2736 5154 8174 13637 2680 14292 2145 609 11356 5072 29306 22333 81 8497 30701 9190 2005 23766 4345 11996 23088 12913 29645 11222 10635 27106 3770 13909 9258 19864 19347 14407 1641 28382 3319 26943 3543 29943 16367 7431 24488 29122 30372 9774 2032 27180 31682 22107 24506 7046 31640 21252 14593 10532 13941 7755 17386 942 12278 13845 19605 6742 21530 26198 3196 16173 29806 27397 20603 25276 30616 13387 6906 27703 4638 10544 22968 13867 22271 11238 18967 18510 1976 29222 8016 25481 14051 21781 15380 6535 15753 16885 12248 7791 22938 20194 2234 17938 733 19824 27341 21329 23005 3207 14037 595 21255 9637 5869 16898 10432 5448 32422 11858 28657 21629 31518 9025 23325 25420 11122 30307 29768 1940 29824 29352 31422 31749 27063 15207 25369 14836 21523 11477 15838 3993 19898 18041 30500 12068 15939 4300 11986 22596 8101 22149 10872 13603 23522 21965 19024 51 29696 30360 25464 12821 14233 11263 602 18354 28816 28430 26926 24609 8043 21021 9593 30534 2346 2837 21538 24545 3289 24319 6281 7158 23155 9313 1080 2715 18571 1835 28497 18740 1472 17022 15061 16411 15492 21141 3920 17277 2457 10472 9728 24676 12160 6803 23468 6569 29001 5134 24024 32675 11885 15265 1435 6945 1606 13972 27352 792 4457 3752 1565 18448 2220 24633 8472 1243 9369 30847 8586 25332 22725 15421 6848 1955 4055 16447 27470 3182 29174 4477 25843 6048 11126 21080 22431 22388 4942 25365 30428 20748 17219 27963 20166 23760 13386 25155 898 15849 10471 14866 7962 9347 7754 27098 14773 4525 21122 1869 22581 25371 13195 21498 24528 637 11917 2014 12974 6693 2638 7019 2870 11047 326 26610 12233 3476 31743 12981 12623 19742 6639 32651 19000 27946 12832 21345 18765 30005 27957 18957 8127 29171 14125 11738 29525 8577 3447 10541 31859 24459 11111 10132 12659 20980 23013 990 20104 26048 26684 26823 17469 28342 15240 
17819 342 28844 17437 19526 31258 32602 16115 16481 21828 25416 9850 17911 18872 12106 4925 18681 12974 14017 10797 24258 15860 12703 11199 27775 24261 9068 25236 22042 13309 18135 9845 6306 26293 12513 19436 9095 3282 23367 3793 7412 10945 23697 14072 8059 24669 21764 16996 9656 775 21826 20378 27928 27926 3941 21575 20806 3785 18478 21289 30662 4265 10622 18645 19075 18769 8670 9081 18718 1346 32269 4433 19073 6601 22573 73 1430 6621 13331 26470 30895 8652 1416 17090 14827 26375 10142 26014 13539 31921 32573 25178 5442 231 28781 15535 18834 7326 3820 10992 777 8933 5605 26639 24141 1793 9850 30605 27348 22974 26021 19988 17440 27208 23498 28223 25607 17475 15290 13182 4751 17015 19824 3782 1635 25796 21515 1182 22374 11194 30072 18814 23897 17751 12637 6169 5277 14482 18554 21411 3817 26972 2718 7097 19185 26078 11696 28302 8751 6729 22135 26917 22955 19983 18615 16074 7795 16318 17727 10281 8681 3276 9116 5660 32569 32041 20521 29932 26828 4087 30697 31232 9647 24525 18096 30773 19902 14815 6506 15303 23003 26572 6805 9718 15211 2305 4098 6233 31860 23157 30951 27183 15007 22393 23171 17035 9136 5900 5732 28318 18263 28840 31231 8108 13842 18807 6844 14876 32057 13471 26645 32119 16376 4370 1117 21786 30356 14525 20046 15490 21771 18768 20375 671 29921 16755 7581 6536 17316 2951 31369 4806 18773 12877 23630 17314 19128 19129 27907 19435 3834 28839 19959 2138 22872 20587 463 4869 10617 24817 26218 26479 8742 8436 25172 27814 10304 13760 22075 7133 23143 30053 21090 2727 1620 8918 6164 24978 2220 23508 137 22399 4693 22982 1273 13204 12829 28419 31383 14668 25370 4437 8037 22476 3306 5399 16098 20423 18708 2852 29169 13319 13253 1890 21747 3726 14578 14264 1282 5765 31129 30504 24958 24981 19714 6170 6056 15211 21171 18245 27146 23225 12982 1127 20039 10871 5187 482 31263 7258 14351 22282 30786 29269 15294 6502 19329 6983 23693 2240 24399 21537 24681 8319 31824 8297 18657 32606 22162 31192 22470 10280 18952 27015 2481 9382 7712 6677 18788 28363 22989 15773 3457 28770 9379 19277 10462 23068 11720 1186 25784 30610 25927 12088 16879 12454 11167 28663 5674 28566 16179 32367 9535 8007 19537 30180 29009 11748 9671 24424 24557 19464 2562 30032 29778 21658 26727 3893 12548 9951 21522 3613 21244 21201 18314 30471 29904 11162 14884 6660 
27147 19296 383 27953 32127 3877 9785 5624 26216 6007 32712 17454 26207 24987 23412 3538 25 28880 17264 19450 12833 28753 16890 13145 32291 887 9815 6700 24365 30245 30285 24003 9065 8404 31467 15521 7832 28526 25914 11054 12684 6871 12047 29475 26935 5339 8860 23588 405 24541 404 187 12609 32419 30574 15940 13477 21338 24690 29951 18492 16180 20201 776 6831 22410 22619 8472 31419 30195 19307 19553 28043 10474 22472 16511 19307 7804 25733 4544 26671 17330 8766 6265 6096 25620 16880 15943 8990 20660 974 24702 21917 3559 31432 27725 28813 4897 18223 16156 27616 4505 11113 164 18605 14262 24249 3772 21843 21424 21133 10251 3545 2796 22314 18171 15948 1535 17792 28743 6144 13487 21901 28343 23676 9365 26206 22667 12562 3653 14347 7636 6290 31186 28435 21796 28578 1537 1068 833 17013 23740 29489 21108 17037 4835 14941 18007 22852 3314 29384 3854 13184 13159 26484 2328 16866 29468 22487 18640 23966 15109 16142 2304 8841 16668 18731 15201 1636 27482 1127 27796 32566 26973 13742 22154 11945 27098 18763 12160 1567 18803 26778 3620 3593 17473 4608 6683 17417 13099 11011 15665 4184 22251 10852 19210 1933 192 8796 25576 23427 21916 8573 16212 19184 7311 21159 21091 1186 14717 11488 14415 13800 27679 14745 23738 28125 32052 2337 9245 9666 24030 18450 6522 29865 390 5685 7054 18078 10974 6105 19921 14027 26544 23455 10314 18188 24376 23997 32088 3746 20760 27337 18947 18248 903 16888 10629 11444 4740 21943 1302 7835 16088 16003 25999 7131 12121 23444 21988 20701 15712 29764 12169 20693 9988 12630 32614 16004 15982 25926 23560 11222 14223 6424 32546 9917 12389 682 4087 6651 11572 20541 22345 13228 3569 19307 21447 14269 13105 5572 5261 3228 4096 3351 32456 21045 22198 5905 6019 17729 21521 32490 3107 24925 27466 13804 11969 14632 20724 14772 10284 28556 25719 19102 9597 15993 4580 26759 31918 12474 12669 20411 8356 2720 2783 3357 29538 32298 10941 6612 27754 11344 16450 28283 10824 1260 3104 29357 23967 28956 16030 26577 18169 10813 8272 32082 26947 31695 1269 17998 3097 28127 5305 15360 17819 19452 14703 8991 15542 10961 3506 2544 3795 31701 19863 609 19420 236 13080 21838 15132 30440 15412 31720 26659 22650 699 15967 27656 18001 8507 26533 1451 22325 2809 8926 32367 27007 11071 32080 9707 13685 27483 18074 293 6793 7429 911 14268 
20150 31332 13510 384 7289 16462 20467 4424 21919 30363 9714 25640 28201 19331 23961 4792 4881 6314 19982 31871 3518 1550 17522 17873 11035 7754 27452 20261 30881 26402 7415 10433 23209 1130 31649 1892 20799 20773 22357 2666 31897 9400 19874 24135 10580 22933 6212 2394 28017 24387 10128 27429 13834 9153 28731 32073 15376 9328 20712 28676 10890 18083 13744 24613 27864 17413 16945 20802 28538 4555 12775 14198 9682 3877 6755 13754 19425 19823 2461 11033 9240 23796 17998 18207 7851 14331 21432 17 9654 13771 30041 30009 13509 18952 25853 29008 25576 3519 18258 375 32022 30141 27127 891 20252 13826 25072 16305 31560 24333 32178 12718 15312 5624 19053 28913 23698 4791 13959 19698 29131 22597 13394 4451 23434 29507 16156 3808 8321 10623 30585 17355 2132 3948 19853 23752 4553 4350 7433 13679 30728 16242 299 11457 23163 23907 5103 20184 7541 13782 6804 8232 25140 7496 25060 32358 4116 3721 17876 24516 3719 27044 122 21412 2217 22357 15382 31063 31405 18326 156 553 4703 26913 11742 22304 17728 2144 5793 4903 21765 23836 21612 12964 13338 5366 7090 20443 10045 2200 1661 18582 3181 14420 28814 18456 20693 15033 30320 22828 31976 27221 10338 6231 13587 23825 32417 18558 11795 18355 13848 21653 6423 27611 15223 22004 941 4974 13807 7848 13332 14465 18361 26600 19357 26194 27683 28192 32376 26494 14257 17979 23889 28538 14738 30888 18536 15629 21818 2842 18650 30667 27790 31176 8714 18501 17149 5431 4801 27069 15065 20683 2283 26554 19274 28000 11688 25097 27085 1183 2796 8828 5799 25919 10192 4970 480 24714 19401 27019 1475 1669 9473 11440 21802 23446 28081 26740 1793 28399 25240 16271 13000 2317 6664 23983 18345 12748 26650 9755 12467 27605 24509 15573 25568 3443 10139 16643 659 12362 7608 5673 3903 14427 31047 26266 7836 5848 26612 19677 13160 13643 5289 8859 17971 32493 11263 21648 8394 23748 5134 21797 1505 14340 17391 12727 15890 29797 32381 9560 9101 23450 14597 10970 5673 12262 13659 261 13645 8460 12069 32021 16024 1752 6082 18105 27604 22871 25534 21805 621 27243 23728 26773 21092 28587 25222 15985 28780 22231 19673 23125 9755 19800 7847 16339 11150 29851 7157 29826 19757 28682 381 5998 15275 30675 11038 20038 10240 715 25577 14629 32754 25121 30897 16245 13362 24671 29261 577 14646 26280 31161 32341 9663 14909 3715 28424 26032 27115 
29424 2551 21361 20455 24411 29736 20158 32537 2796 24369 1578 31852 19861 26104 13490 20400 24031 7917 26973 10144 17441 16520 1345 20518 23100 30802 19425 3933 13446 4898 16970 10754 15728 28445 9504 1448 7242 23875 31987 29612 32083 13485 7830 25133 264 25619 6893 17212 8378 24708 18748 22818 28951 10825 6441 11035 29209 32751 13643 24257 26211 8386 23349 21449 21300 18918 25390 8475 14288 28272 11238 9980 24506 3740 21856 22553 18048 25700 132 25297 18042 24278 16835 12607 1848 13640 7546 8260 10767 5593 12833 8275 4077 19830 14641 6535 24854 32160 10220 29738 29520 18560 20564 2555 31908 30920 21840 9761 23115 14254 11097 25666 30322 8352 1446 4699 5178 30608 15870 19930 19342 22818 24999 28041 8442 13086 19025 5856 17660 17721 12668 14498 23892 2956 28529 32671 26872 31717 1879 15205 21140 13495 2092 4904 11784 30722 22605 30262 22310 8374 24676 24217 32483 12330 10494 30416 12501 2762 25522 18856 3366 16411 24863 26887 26206 3917 16808 581 23617 21917 29150 31319 20933 9479 977 21839 15044 30992 18677 27376 8180 32590 7038 8106 24882 12056 24043 29652 24613 10251 6174 22080 13391 26770 13116 9229 23640 31675 4030 11572 29942 7190 15848 31574 2949 264 12289 17141 32364 30917 7296 1553 13484 8544 18356 9136 918 28578 32324 25057 17495 12923 29084 3215 22883 23076 3340 28553 31118 22845 22393 8704 26040 23272 18121 11553 28277 31588 8475 26040 9988 11752 28506 30143 32387 8870 11835 17572 3833 22296 19683 29308 1929 28665 22670 24340 24284 25667 10109 31966 24584 26833 19124 31138 14400 10981 1683 11763 25935 8377 14770 2713 1302 4621 22327 11710 2858 17573 4831 433 22011 27354 3403 24186 16520 18966 23792 18309 13106 25230 30296 21986 26946 5466 17732 23770 14883 26940 22467 2224 13291 28699 24582 31965 14335 11221 20124 26496 17008 7220 14041 25792 8168 31427 22815 5913 16511 3493 24456 24186 18561 10595 27543 31278 21169 263 24145 24864 19210 17241 13908 8146 2721 14865 29643 10919 32029 4405 13127 30379 15119 22905 9723 28215 30787 14874 22369 4179 18124 26435 22706 9478 24386 31759 29167 28394 19379 30191 28423 20347 30315 20967 15673 14190 20855 26798 6190 24044 14914 20436 22281 5640 17258 18832 12018 4495 5562 8164 6050 18282 17450 936 18432 19815 15868 5967 19778 19083 29880 13179 7932 16674 9248 10615 16295 862 21665 18209 4728 8167 
1327 30047 26391 22792 13414 14326 16876 27497 24557 8260 1949 29249 25972 286 19083 8388 23550 3733 1635 8897 22874 30275 19370 26651 30902 6040 23864 28286 3298 28042 6529 19577 25124 23064 5709 28635 27634 29221 6251 1308 1872 31235 15190 6212 21469 10128 28936 25734 21865 19842 25297 868 7187 23945 6389 12349 11214 4842 30944 11688 2573 12771 5750 31058 4663 15727 24378 18669 31761 7405 29987 28447 19683 22009 4882 15265 12031 18416 31162 5644 24519 17472 26283 6310 17718 2293 14060 9335 23039 30198 5465 3850 5859 115 20149 25844 24664 2347 10126 18467 24203 21346 10849 20830 26118 5525 4338 2422 2078 159 30139 22336 22226 20032 20188 3989 27575 14682 29235 12516 9918 11765 22339 11851 13014 2473 30094 21348 2186 5390 25459 12424 17737 7269 8454 3791 14200 10620 2604 21238 4539 2326 20156 28809 276 14942 11868 9850 23206 12325 806 22963 11938 20884 17068 1443 10746 21664 25359 22859 16235 19279 3405 2661 23327 13962 3784 22828 7883 25260 11990 16892 14455 25356 15787 6804 3069 16664 3880 14964 24238 5597 10223 30156 31115 20428 12129 5982 20095 28921 20813 18420 30472 24950 27925 11053 8121 21669 16509 15622 23450 29815 1942 11683 4457 5545 29235 7725 18171 14178 20768 13858 21108 29836 21808 19623 15130 9088 31001 10400 1391 1731 9180 29155 29181 28552 17465 27118 14234 6400 30510 7996 23605 16586 19290 11286 19829 16623 21006 328 6375 2967 1561 17007 5521 22729 813 19000 845 18037 8432 1935 5315 15313 15795 17398 16025 8968 27420 20385 21685 30815 17169 13587 14441 21524 10709 17459 32432 22762 25001 23193 19045 12231 16064 3843 9432 20950 23307 32588 9363 24740 16858 1515 14830 5651 25624 9931 19011 32134 24305 7577 24277 5042 13065 6681 16343 21900 2819 12926 22406 26517 2203 31901 13268 10106 6283 18923 8998 733 11591 17826 31052 28177 11688 12926 3062 24323 14079 22766 3628 3645 32655 19024 18329 29696 9173 27103 18566 9431 21332 19103 2555 8393 15696 2353 19419 9509 2347 9844 1734 6833 19953 5448 27244 29504 9109 26699 21996 2340 30600 6134 16365 11965 28569 1817 24544 22344 19551 26643 1772 31016 16339 12406 21047 26736 26391 8463 10214 11470 17144 14412 14335 28875 13463 18720 2124 8681 31637 3342 22557 24753 16272 24588 23688 1565 1811 18665 20279 29250 16433 25882 12846 21008 29042 7085 17254 19701 19328 25627 
27190 31170 22009 8338 31855 7870 19591 26267 6809 12327 25069 625 2793 20723 28995 25464 31433 17337 13022 9186 28491 10657 8488 5140 1285 32703 17133 9550 3219 11607 25258 7204 7955 17749 8851 30147 16293 28096 19557 10851 30613 15957 29971 26189 12025 12552 28762 14571 22817 11762 6029 14539 29370 19979 17441 3493 32210 7202 5505 9783 30774 28488 32530 20553 13093 3936 22683 9428 20051 21351 24161 8274 4219 6094 9769 7734 20530 26290 21667 21042 31693 6046 17122 5686 13306 20473 16160 17320 32249 25924 27235 9298 13126 28632 11383 17359 22478 5791 9770 21163 23079 16330 30877 22308 21320 5765 25470 4498 13037 12541 20279 11376 4535 15100 25371 494 4517 31176 24287 16849 10585 31059 7733 5804 30005 1116 1683 29115 5486 19075 2735 208 32237 6074 22873 1576 14295 11879 2583 3276 10090 23770 26016 22716 14627 12009 15720 12974 4066 14574 11068 8823 12930 10001 16616 20084 7990 12660 27883 5417 12422 16504 30978 20298 13840 32594 3486 1115 18664 9850 32080 24378 17197 8401 26522 12084 26998 1128 28089 3440 24303 28700 3647 8217 12193 10125 12428 31345 17455 8293 28593 24381 2101 8725 29504 141 14275 12745 15998 11853 31190 7877 23083 6310 4611 1232 12843 14582 8086 25127 26307 1855 6140 17931 9297 27484 31010 11886 15595 27604 9464 20252 11107 9685 21238 13791 29389 1608 25767 16847 21463 6180 19539 533 8258 30138 12931 18168 19520 30065 13582 16855 5139 21823 24412 8104 8345 16497 25515 23264 22225 25079 31253 7039 7778 30906 30569 5245 32590 21219 19325 4188 18835 28267 20082 5737 24841 26714 23697 56 30038 20624 15858 2246 3846 22020 304 29045 24835 25280 7619 21995 1706 27337 26035 26200 23022 7310 5301 7853 25825 9475 27371 10420 27514 3866 14874 20408 2744 19651 13118 9394 32259 19505 29901 15268 31275 32397 9469 11449 17376 27491 25796 10568 13231 32418 20752 9212 23022 23324 27828 438 23226 3252 15129 21035 27092 5468 450 1329 6505 28940 2525 15569 1685 2326 2245 16630 18759 4245 1048 14995 11791 5766 1110 1168 755 8379 13718 3325 14835 25158 20080 359 22325 22875 23832 22619 20856 20871 9985 4311 31918 28632 10303 14710 14931 14046 10343 4208 17204 15057 5055 10804 31420 30557 23540 30128 23341 29971 20224 17325 24840 32167 15780 7664 5542 12468 5787 5982 8153 20295 23517 6059 32064 12558 15843 26282 3099 27223 
23068 10362 5693 17404 12229 5768 29298 19638 8933 26820 8169 26262 16980 29582 3362 3466 20812 8717 340 9538 28881 30442 18149 544 22778 3477 16727 3352 31917 26604 18395 30271 19777 28967 17351 2769 11235 31256 22049 25603 956 18529 12731 6371 18204 23770 4642 3469 8114 6223 11396 902 8704 25634 30929 28069 2027 10147 19312 10676 4886 10222 340 6191 6766 17916 28624 16332 26572 19903 32282 5386 1959 1562 27810 7302 28295 10376 566 18482 15339 30013 28635 23300 26912 30348 22902 25788 28715 1248 18215 12049 26720 22351 17590 19373 14351 8937 7905 8216 1736 29435 9815 531 27119 26752 3076 32316 27075 5948 25351 13750 31455 5054 8223 27995 19777 20840 32483 24050 30477 12248 27630 19314 25165 6752 5238 19374 822 8500 23520 7177 14385 26287 5266 30404 22649 9696 30674 17158 8092 8768 15978 14012 14338 26590 24519 29474 22855 30579 12050 4590 32244 29923 29905 24638 18571 22682 13127 22198 1574 22259 8530 3273 9404 19231 8244 8821 32608 30593 20157 454 24736 26321 11260 32264 8737 4087 20498 23252 15005 21250 23446 7617 826 26846 28702 23777 2797 7572 17680 1565 8457 28593 31039 21802 15589 12626 20276 30416 23106 18345 4160 15198 21957 2290 20660 4472 19618 8954 4761 8013 65 1149 7319 23505 26860 30878 21362 8540 15010 3504 8945 19165 4349 19440 3289 5667 27256 26903 18547 25525 25068 28427 7657 29750 9237 5771 5803 27541 16837 19221 7086 3831 17388 17332 15571 23733 22939 24089 20924 3223 31531 26657 28389 3058 19328 12249 4238 14942 10763 25219 2058 7354 15807 19818 12784 7639 15564 4683 25941 18889 28367 32253 24519 16447 30763 457 9756 8328 14445 22360 21294 1464 12375 30588 24622 246 10326 15273 2701 6627 15988 26697 13062 31989 31984 32372 1631 27585 2774 4479 14724 28345 22483 8556 23280 9649 28761 24248 10879 24062 7674 13248 2841 28294 23224 2739 31019 22052 16864 27728 8879 158 10173 4868 23252 8404 25051 17455 7241 13062 3808 32508 2770 20625 29811 11503 17145 17590 26639 27667 4661 24997 10724 27744 30934 24990 25702 11475 20752 24174 1474 6335 3799 11692 30951 32755 16778 11969 23430 9540 13076 12951 30389 28975 1810 2910 16166 5978 28 26597 14203 7798 13760 27887 28155 28108 31293 29138 10508 22534 29939 14175 26658 23056 17108 1785 1974 2455 7084 3702 20240 25247 28348 26440 21857 6925 25491 30852 
25384 27876 15145 18862 5871 25188 4029 28663 1213 30202 31437 11068 13373 2271 26897 1737 21487 2300 22907 23301 5338 7144 23226 8974 3635 31379 4620 24107 22733 25539 30389 1065 27808 28714 224 22396 20254 27322 26375 18474 15646 12694 23372 17360 24278 32715 22001 2234 649 28870 9142 24227 7752 11187 31951 16295 7916 27463 17570 23077 2482 18004 2284 10935 3598 16064 29438 1049 2568 13935 25947 15886 26909 13683 13077 7739 15723 1372 31909 23184 4285 28285 31853 18084 19573 12738 22049 2584 30389 8115 6233 26579 6803 8568 14818 32185 14399 32457 13381 20343 16777 799 22904 12534 29807 29742 3030 19302 20622 21725 20370 15108 30020 2662 22162 23515 2718 28548 5184 15247 21041 16827 8583 19528 15278 7023 12063 22707 27878 30806 5239 16083 6018 3453 13612 18843 14323 15372 14129 32205 29569 10075 6067 19407 9814 4121 27449 26224 16654 20172 13458 29202 3581 8954 12106 10616 22917 13681 31664 3160 10264 9674 26628 13619 9717 29770 24434 30943 17949 31800 19690 1106 19485 20547 17658 5137 25890 30368 14144 12316 28611 27080 6969 18980 14707 25005 2505 14881 16600 16933 10733 9967 10636 7660 20340 30795 26395 11085 29250 19959 28840 10204 8822 12343 303 25821 16727 15103 18889 27793 3657 6140 32399 12174 4678 15415 24593 3323 8636 9783 16308 31277 18112 31704 31488 25990 21097 1130 16103 28715 28519 23193 28459 11952 27749 4107 29323 18443 15234 1585 4232 5508 4753 22331 14128 26515 17216 8932 32196 496 30509 7729 23677 11418 6389 20808 18208 3549 27425 20023 24354 20750 32142 429 27537 23491 23475 32623 14991 25181 13900 31160 20514 17065 11637 8306 30005 24318 19962 31669 16915 761 4634 31511 11872 27396 23659 31903 32380 584 2694 29214 14801 5932 7244 24979 25862 8794 21976 28288 32137 30343 14013 26104 4216 28531 11152 6793 12746 20735 13463 29847 26359 26652 4662 8858 23277 29513 16265 18382 10440 18474 12106 29996 16105 23832 21300 26364 19542 3683 8502 1855 27383 3266 8330 15623 980 12019 24776 21894 23444 286 22808 6227 21403 2553 7498 5959 27447 25868 23492 10213 430 9466 3771 125 4708 3628 23366 11226 25491 10368 6652 7035 9945 40 211 27759 21280 6313 18666 30434 30288 32087 6090 13334 262 29576 16074 29425 11131 3965 31182 14625 2722 23593 21134 8429 28154 5303 9793 8080 22856 14150 15265 9670 542 4414 28438 31751 
21254 15633 14078 23028 30026 28935 9394 32716 27047 31531 22665 5959 21357 19572 17981 15616 12043 25717 13567 31042 19502 17936 29482 10980 5726 27719 25655 25118 7577 12788 17907 6209 381 12560 21555 7149 2877 23234 22938 32561 26448 15589 22437 4881 29716 12730 19846 12046 31098 8576 5246 22412 22206 5784 22693 7289 10442 4556 14999 11892 16178 22016 12366 23520 30492 5003 13835 32659 27757 362 8494 31914 11119 23691 13724 30386 25327 9887 30057 580 29560 30001 25188 27378 3651 31603 29126 18139 32051 996 5130 22239 22803 2180 25356 29408 8851 3365 26478 8548 10731 29163 6788 1298 31688 15622 9744 9260 4141 20062 28099 18886 2454 16221 2578 23379 30568 31319 6686 2084 735 18476 10370 10660 23112 6005 16062 9111 8276 25783 24696 18577 30153 10391 6432 26962 6706 4332 1660 14342 20470 13247 3244 27966 28192 19868 10938 6325 22812 10460 707 28147 537 5613 672 30901 10050 10042 23357 30692 6658 14158 2676 19922 12994 28091 32292 27162 11896 2212 2245 11398 205 29233 30486 9346 27093 16387 4094 3417 4490 31917 25993 4705 21655 4475 1489 24862 16436 567 30820 1052 28775 1684 3550 26512 25257 24336 13253 17035 9620 28815 10238 8098 15894 21373 18559 30134 5826 24421 25581 6321 14642 3964 24731 3294 2251 31429 26035 14866 2265 14262 19412 6657 23267 17181 3524 14493 6757 12654 9746 26148 23770 6611 25748 26102 1509 16462 8326 2412 29489 21774 14868 4799 9261 15848 13044 27812 29979 9869 21482 5427 18443 24046 8174 8756 7262 5432 21477 26980 18073 27972 14438 13431 19478 8675 27127 22756 31154 20196 31278 14193 12580 31357 28336 31875 4724 10837 32200 21585 12601 8654 13419 22680 29985 30222 18490 4431 14771 86 29399 12031 24233 13424 19910 15673 32256 20647 27510 4097 16322 16244 31881 25665 32592 24075 32296 28531 13203 7477 13383 27628 16932 11990 18482 21846 27260 9864 3971 9786 18818 24910 27840 5008 31236 22147 25402 6260 14166 6484 8940 14464 26548 10119 31594 16612 25193 12626 7648 34 1786 23721 18473 3504 31864 9115 4248 25474 16575 11026 9885 24646 25734 5209 30978 27257 19816 14390 11541 4065 6414 28871 25348 1922 21742 17393 5329 27081 31544 30017 21110 20284 26270 571 7745 1280 28577 27448 18919 17796 10561 8882 4037 16543 27350 12020 29585 32488 1858 29490 7531 5682 9584 792 31973 30359 8273 17995 32450 6988 
27471 21399 1175 1380 16905 12324 1701 25604 19872 28582 6487 17607 29387 10576 27360 16231 12569 23394 9942 29448 11984 27889 4475 27473 27585 15529 18671 30643 18399 19378 30582 21870 31891 11476 6913 6086 19121 1212 12521 29968 18271 21187 7189 2253 12050 24195 2675 20307 25245 4349 13214 31266 3854 21403 27541 25637 30734 14370 13235 95 1362 10867 13178 2776 13134 13927 25204 9866 11277 17375 27624 6332 6561 20191 12103 31937 14382 30016 23076 9994 28687 1700 12027 15113 19410 15560 8113 12438 11593 10688 22906 19450 32303 17402 19548 19790 9541 8434 1575 31749 20222 30648 27799 11870 115 21578 3590 17711 20415 1536 944 15176 21519 15688 19556 24968 2082 30943 28651 20813 24902 7934 29758 18401 10395 24853 27206 1542 2197 27623 10493 29749 21066 25610 3246 6427 10848 10914 4285 27776 28426 20031 15287 12838 18585 8063 32268 14428 9019 22014 14353 362 10566 22808 6335 28634 23491 4010 27525 9995 22176 30992 5766 31165 10247 30001 25812 32568 23159 9385 19349 31727 6753 10775 16247 19100 22877 17133 11994 17400 27466 25052 28181 24068 12015 2678 26353 17785 31740 18087 17342 13686 7333 15556 22820 31838 3272 30841 26328 15130 31834 10786 27697 17578 29214 16384 20862 16587 21137 17535 32210 22535 22813 7488 5585 29274 28267 16536 26898 16839 23400 22979 26189 23014 24166 32124 25360 8285 4583 15897 13297 9788 20208 10825 21163 23554 29316 26206 26795 16132 16390 1657 19495 24828 20501 6622 95 15082 14541 28591 7854 11829 30401 5104 23587 12145 21500 692 9220 3460 10565 13042 8087 19517 16561 5791 4536 26543 668 31913 10982 7136 17605 10086 20794 4363 26301 17596 17319 25986 18437 25489 29299 3390 20912 7237 20476 32521 14010 15991 4478 5188 1648 29671 12492 15339 27208 2683 30322 11864 5384 56 16027 3327 14190 8014 20811 30140 6772 31052 7395 5695 31081 3185 15488 9708 1144 12506 28403 10163 10923 18838 2075 13183 1781 2729 28798 15951 3242 4555 32085 15701 28774 24562 19278 500 19961 4059 11142 3375 18300 13190 29830 30690 7599 9060 3391 11610 24392 11353 21108 32510 30732 16720 27557 3369 3419 17122 25705 670 26124 17795 17783 5953 25962 9528 30172 1969 27190 4843 555 25423 31790 6010 27663 29071 25838 31145 2867 7919 20728 30942 4787 25008 26181 31697 16036 29084 31616 12471 10250 4309 15121 1547 19582 3823 3983 16012 15207 2081 
15144 29142 28136 13291 29457 31106 6528 16759 30262 12773 5703 4052 543 29002 21535 16325 25871 18070 555 19160 17497 8064 30959 18460 30843 19291 32301 19562 27092 21981 9117 7259 14865 15735 11769 10995 15204 23163 14343 14289 145 17364 31977 24210 31347 8736 17445 699 24791 23747 19384 28785 21682 12426 14148 14782 6292 20052 11704 15170 32580 20455 26333 3697 20634 3817 18897 3462 4831 27640 22654 5187 5151 6434 30479 28262 11867 5759 6354 14150 13431 5310 11483 21516 18600 9421 13452 1582 8971 9428 24007 29890 17296 15290 11720 29359 17055 10143 12529 1826 12319 12352 337 239 9811 17051 29606 11428 12307 20989 2633 30295 17907 8687 22799 29630 24275 14282 5052 23721 9328 8459 23519 8265 22046 20382 32465 32536 32076 17571 19792 12013 8843 22492 21736 27634 26560 23497 18699 32169 16432 19908 5776 14812 18530 28084 1707 11924 4124 13686 3438 12892 21569 18671 30762 26797 3296 30611 13295 10742 23993 11782 12184 1430 16199 26850 7908 132 13716 10698 1075 23398 20672 278 22317 18358 2364 27415 31602 23820 25389 23100 3360 15367 7848 6183 23541 31590 23340 11922 11139 2157 27228 13574 11206 20476 9670 26548 8050 28849 2391 5175 7899 11257 20289 4138 25725 4158 30071 11424 10740 18324 18601 19400 20719 9604 31704 5444 27982 32346 30531 7505 19983 4523 5140 14152 18595 1935 1085 18861 6566 10857 31536 1177 4361 29439 1216 18831 28586 10877 4106 13953 22259 29084 8871 32051 31929 31128 14090 25846 3833 10651 7256 30823 30045 32251 21325 31594 22849 11338 25364 12320 25932 8853 16988 11704 17867 2949 19065 22947 27179 136 26878 12122 23641 4157 4992 22323 14262 754 32745 11403 12603 3144 26100 19395 31111 20982 1865 2722 6558 29265 15521 18051 31116 15385 14757 18430 22618 10584 19469 4353 25877 12560 9689 32162 20168 14799 17285 27038 14215 4926 5435 9887 6697 32154 13300 3122 23749 13386 26702 2322 24094 16747 24285 32432 22208 7972 2309 22982 4502 27062 17442 13615 4411 22821 4992 24776 334 9836 11616 5916 12800 18295 22056 19728 15453 21712 29235 13392 26381 5296 15444 19843 25904 30718 25497 22354 16391 15314 10803 5724 10557 25573 5656 16916 24450 5427 19569 24544 9035 22521 6912 23262 12682 14185 4639 11760 9665 19554 28304 14573 1880 4763 28036 28446 5443 13847 3694 23310 10429 13658 23498 1140 1502 13448 25962 23245 30425 8917 
29600 5784 16342 661 22990 1596 31177 20806 23451 23735 23675 21614 32687 9252 13552 13450 27667 27902 16151 26096 28545 29961 4323 12576 1339 27041 11626 23723 13066 2935 471 7692 31941 6211 26842 28688 4868 22279 22864 187 29346 19003 17248 16651 1249 22262 8426 16446 29679 29486 30815 21054 2498 24941 3526 18764 16843 15436 24988 5787 14999 12411 26114 435 20880 11934 5065 7696 1457 22654 14746 6271 20955 21324 8250 16184 23619 6948 19259 658 7303 12955 15420 30051 32639 16308 8646 24014 5905 10762 16022 13026 26270 27438 5447 2099 1895 20360 5799 11427 10292 28820 4304 27333 19883 17366 20091 8353 30223 23962 10335 26619 29 30210 21022 23067 10692 29568 20824 28792 3207 14222 11430 3121 16515 8952 7879 31179 26816 4590 18297 7167 11698 11036 25948 7143 23182 12479 1485 29706 15330 20405 17385 27748 17183 31799 5644 13400 32049 28501 14138 20098 22367 12653 18742 1113 3624 18776 10054 2181 27282 26542 18384 21994 4818 20777 7652 11346 20873 4488 10241 30230 20502 21127 20989 28067 14601 16831 28470 14656 16706 28950 25023 16108 21587 21798 22001 17911 17535 8226 3269 11543 4584 4126 2429 15911 20146 17749 21232 259 31504 30509 219 11696 30765 30303 14880 28440 10265 32036 7278 19586 32733 22216 20980 7115 23237 12969 18404 14751 30652 26303 300 3351 31240 21855 26890 17371 7241 9802 15251 4344 22348 9310 13349 14427 15978 16938 23622 15422 22382 1182 12007 29995 1203 29676 25291 25142 21834 2728 3277 11896 20438 31708 23017 21364 18318 31271 1487 17616 2049 154 22553 1692 20630 26027 17799 13592 26745 20426 13296 4893 22074 4633 7062 26983 3102 32449 8768 14180 29998 21580 28992 26196 12358 23369 441 28418 20689 20948 28183 5449 9520 5702 21154 25562 19239 5307 28756 10236 18891 6734 15163 65 31115 29640 32253 13498 8380 20243 19279 11135 32570 7733 31722 10184 24482 17384 27172 26438 29219 26310 3311 16544 7354 29492 31600 25865 11523 13583 20652 29836 5713 17600 27988 18640 22175 5516 13124 15021 8980 20716 21939 29678 11347 9988 23380 1528 25043 14125 29198 32596 24281 26927 9052 24748 5677 4423 13059 31676 24880 19217 24816 6521 14148 21751 31287 24122 8345 30502 29449 4432 120 19451 353 18374 23658 5951 9833 26484 3306 31048 6881 29454 32706 20205 29498 8766 24114 24059 20668 22160 20091 18158 15052 28853 20284 22829 18790 28527 
5589 5185 10597 17060 24573 31782 3583 27854 5557 29635 27058 23421 13568 13159 8539 29702 3024 11389 23234 11768 8693 14447 10779 18493 22987 23867 28314 21023 23467 10263 17795 4860 21410 31993 1824 5390 11302 7127 8382 18024 27252 27884 6106 13525 6125 32309 4845 23366 10882 28329 13929 20867 8421 26706 484 30027 31031 11464 15995 17487 17665 25847 8060 1581 1243 29715 11418 19276 25589 9835 30385 27176 10118 6932 6113 1915 29715 893 21719 276 6005 21096 29728 7758 10149 32149 22259 28176 5613 25884 10705 966 28173 31861 13384 17432 9211 26625 21510 27367 19033 28260 17999 21491 15676 16798 10737 12701 183 15748 14386 1959 10087 24757 10903 18294 14086 13493 24103 24303 22701 5165 31946 7912 13057 10606 12420 13295 13472 27453 11226 11442 9417 32194 8282 30503 11746 8007 8747 18446 28174 17627 16984 20053 11101 31082 10173 18513 4570 20673 25309 1005 5219 4411 21313 31521 14142 19130 10473 29080 7127 9897 3720 4286 18277 18403 20714 14566 20899 24562 24031 6965 27596 14176 31973 24109 20359 10962 18071 30841 25293 16913 22560 26560 6638 31357 56 28418 30642 302 31776 24042 5113 9793 19887 31575 27344 2236 26261 4452 26653 22236 31606 14431 3802 14364 32278 2288 9038 29358 18529 11866 14163 16780 26548 7561 10117 2120 16494 18491 7548 28662 18184 21591 16047 30454 10676 18219 27450 28635 27813 22815 10081 14373 9214 27758 9208 22778 579 28637 20756 11407 26136 3281 20182 10042 20788 24402 14778 7621 3213 20258 17990 13451 8349 3903 18789 32092 24123 32357 16605 15746 17261 22685 18464 15621 1457 16830 32495 11565 16809 26554 24129 14115 18860 24810 2404 2428 5779 12390 22088 21742 16278 29945 18960 13303 23104 22396 17840 22450 18177 9976 25564 30288 31874 29586 434 19159 24982 25656 27126 11930 12744 10479 19173 4421 27783 30999 16072 17644 20316 2348 25176 15891 25558 2583 16227 4510 4807 3487 853 19859 23050 32410 2176 11299 11467 29117 32563 7107 3121 7242 97 7754 29700 942 9150 951 3420 28318 4791 13239 17738 32572 4215 3119 19785 5889 29098 10380 5254 22502 20649 2137 32636 11238 5913 12713 29223 8415 22433 24220 12019 102 4779 25449 726 26872 4664 30500 13638 22683 13683 22626 227 550 13317 22763 19479 18213 16880 30394 6023 25011 30660 5656 6053 30333 19496 26906 31177 6029 13544 7716 18554 22633 13688 26046 14029 8232 
28603 23104 18091 8899 5812 2623 31184 14099 1984 22154 10336 21935 3127 6509 21693 11971 8452 1236 2053 25333 14851 6637 30080 11138 25683 11479 11759 18201 11069 12347 23643 5100 29054 27328 27890 19481 14359 17512 14849 19896 1253 5863 8968 9119 15580 5538 10959 29991 31068 28065 25620 2164 14639 30757 18692 17136 15571 2404 32409 15951 6764 8844 14086 26201 23705 30161 1094 27083 802 3620 30327 6454 10297 17592 10439 10243 31401 2736 10724 1717 8933 26972 27271 21081 8256 257 25061 1791 20398 28119 16663 4243 18402 17265 25789 26032 10995 13448 24022 28472 26689 29274 8101 23057 1160 10367 2893 29665 12432 4898 25636 22980 24031 16298 2403 6910 4189 17895 11921 17528 16606 19617 27331 10161 6787 29848 15347 25908 5489 12590 18972 27907 13301 21592 26023 8970 13109 26984 23326 6960 20765 27107 2215 4454 8351 356 9815 9093 32477 13918 22065 6947 9374 7262 15821 9740 24111 2249 23738 2635 425 17251 16909 25807 25728 13286 18131 19740 32160 19242 25060 9972 6768 27129 17060 7545 30950 10325 7153 22205 1911 12381 8603 15008 23208 2163 22303 12718 23615 1741 1734 11149 24423 19511 14682 31466 8783 20060 14268 555 28548 15418 31581 11408 2613 24686 18658 4842 29758 7194 27952 22404 27444 7085 23779 16138 3196 12544 15206 27451 10962 2516 14647 5968 22275 30244 25987 32698 29128 12573 29537 30452 7661 29092 17755 23334 13092 14697 1685 17184 21766 21587 13312 14478 29494 1701 20102 6915 26340 14772 14561 547 4378 15872 21202 28332 5787 13682 7804 17180 13707 2384 19351 352 12707 5797 5864 8694 18151 25955 29415 25588 12052 21480 26999 11953 5328 25388 22701 8680 28464 30149 25002 21174 23744 2984 29335 16633 16758 18151 6718 11549 1860 11081 28274 19865 18454 15226 16012 29480 15510 13818 1115 27933 23039 19231 17958 25700 16372 15031 9577 3832 16978 18493 26166 1082 31767 28389 16382 4235 9469 18673 6218 11426 21583 9341 4534 17525 30492 1953 289 30019 26902 21815 23250 30445 28542 31032 9430 23726 20246 29181 17819 4682 3046 28820 30390 7626 9408 25529 12025 3652 29902 17006 31126 15388 31757 20723 15135 25109 25898 10004 7101 17519 25598 23917 11826 19306 30034 22945 13790 24094 16858 27338 3675 17898 20743 9790 23673 6865 32625 8059 26521 23088 10150 29773 10549 29972 30042 22131 7357 9854 24277 28305 24199 15242 9772 20557 26717 18074 
17421 7914 9020 28616 18178 22624 2922 19014 22089 11156 10847 14118 32294 28897 22117 30921 14509 20921 6881 25538 24549 29254 4167 24261 7765 24003 11263 18421 20849 14447 27403 32370 8340 10961 2243 11281 21731 20527 26870 31345 8541 20653 337 17662 22981 31976 1712 7977 15624 25810 2927 11801 3648 12024 13231 29274 10505 21618 13663 22355 29580 1785 23272 7047 14429 1400 15538 17564 25017 2695 8407 14065 22266 12224 12160 29103 4159 9762 21915 5903 18184 6541 18120 13421 31738 15697 3130 29851 22971 18027 21964 14584 421 27494 24850 163 12560 10832 22425 28683 30518 19401 6366 13010 18195 9148 27109 3078 23477 26676 15031 26042 1490 6334 22416 25328 18821 25215 3092 14063 2038 1256 20354 14563 27260 11563 30205 23067 22467 22225 27138 10894 6402 4077 11829 23256 24751 24121 25268 10625 2731 29848 6449 17273 20115 20582 9493 24192 6365 32468 27633 4210 17523 11773 11164 7614 17353 27602 5676 29235 1338 13215 880 10553 8806 27872 10455 5650 1227 26943 19472 27369 7773 31927 22827 22771 7276 4134 4406 28045 14255 13627 16594 17205 32370 21029 23162 611 26578 23469 10175 6214 17694 30705 28898 4244 22004 7498 31999 4559 26936 8755 17143 13302 28374 18303 15186 19672 5433 11021 25685 30671 5119 13194 9949 1493 25307 19649 5359 5891 1855 12560 30654 28716 28076 7533 9512 32201 32588 10617 10876 28861 26633 15722 29595 17310 17004 4802 22662 32069 209 12852 4320 22525 12704 4172 7027 9914 31647 2619 976 22813 23103 27824 6488 7973 29475 22103 17655 24283 11776 30964 26795 4556 9974 13834 21194 15023 23858 31619 18004 553 14930 9023 22606 20015 28581 4276 28836 22468 23592 2364 11238 21911 4367 8773 32384 20474 17346 734 15030 21063 5219 1678 9740 31812 27343 27666 25088 26509 9901 5070 8970 10830 23313 7024 9828 14083 23907 29591 21635 23591 22790 19915 29725 30589 26970 3541 9179 2228 21148 3595 859 27255 11419 28529 29153 3343 1602 12115 10010 2422 4282 30986 31587 3102 29483 9798 3955 11836 17793 27213 17501 5695 28752 5979 29695 7802 6675 11389 19454 24140 23465 3833 16369 25647 24741 31818 23804 11628 10452 14602 24138 6868 27775 27898 29355 29019 31289 30490 16465 5434 29533 19276 22547 12927 13983 29222 17016 4882 22624 30582 29386 1930 28627 16788 18802 6913 107 27036 30088 15782 7915 2455 24273 30508 26001 9759 30691 26026 
14633 24740 11662 18629 4141 7278 16312 13968 20412 17779 4751 463 19880 21700 8676 5293 12141 29320 2425 26494 7622 18102 29047 14360 28710 12784 20135 29253 20116 14972 5488 24360 24764 2599 19901 9779 1031 24433 3269 32473 21540 13913 24010 3198 17807 31476 18 26523 19003 32544 28799 31158 31776 28586 18309 14309 2318 22781 192 8669 19810 7170 7516 8837 1917 19163 7779 30417 3793 13241 10469 31190 10545 20843 21598 18868 15836 1869 23271 7577 5494 23109 4707 1677 11346 18781 12352 17662 28182 19139 29028 17481 24650 17007 20616 8065 28465 10683 20296 16009 28183 269 28261 9680 4261 7722 16507 823 16377 2392 15956 31111 4946 24208 17406 5913 7592 23567 10750 5808 32586 7882 20363 17204 25213 10365 20370 17028 5503 10498 780 10933 30567 9674 19585 13457 8883 12057 19193 6627 25289 20170 4362 21014 31320 31276 12047 6060 5869 31147 11670 27495 2485 2438 1106 11597 13946 6452 2859 27402 6597 26530 8415 4799 30229 21958 14807 9820 27110 6118 30501 21419 24073 17054 6931 4100 556 31537 2410 31484 29255 23127 21654 25626 18217 6905 27849 15470 30745 3426 2589 584 1865 7324 30442 21116 18454 19432 17772 8284 14375 11404 16914 27020 14662 11133 3768 10484 11490 25034 13209 23902 25797 15889 474 32463 18955 14737 28155 3580 3414 17435 22790 9703 16588 945 17397 30610 29803 32394 19863 20765 16805 18381 18639 24460 6975 24968 24692 19864 24619 23354 20829 9655 28666 26005 22315 27058 553 1383 25907 25438 14 2938 8925 12278 18487 3901 7384 12202 1015 591 2661 30323 26650 5133 29408 22151 26092 13042 29269 16625 24138 346 18284 13741 26345 27590 26832 28641 3802 30190 5129 7482 13328 12909 3083 9400 1847 26374 8066 16544 6844 2736 17953 10572 19189 23993 30328 10136 19252 28362 859 12737 19703 26463 7507 23743 31615 14695 23137 5983 5522 28473 20708 31024 63 4168 22566 23554 30891 18098 27176 9124 26206 12881 22605 9029 15142 28468 18827 15824 26531 26818 12221 2416 3613 6716 20211 26132 16884 637 28539 4396 23266 22709 958 14817 13538 5251 17289 17281 9263 651 26386 16461 28369 22400 163 9638 12924 19037 29769 26496 23646 9987 2787 15437 14825 9824 1316 7590 17213 170 27172 32310 9911 16988 15999 9676 13732 11497 13941 11032 23190 24900 12369 27363 15301 28273 930 7745 23670 27258 18689 30890 3005 19242 10953 24678 
9578 22758 1109 22541 14464 2663 24127 15765 8098 12062 4939 30300 10642 11823 12552 23440 4463 18847 27841 28336 32501 21858 30173 15292 11434 6770 28718 4816 15241 32177 2286 12829 23646 15229 5674 11397 24392 4811 31788 11682 2148 20310 17377 24037 16134 9894 18223 23309 23621 5663 30604 17393 13530 27750 6006 8474 12678 21606 28229 10639 5207 32096 14807 6891 1635 22731 12907 4404 20212 50 10900 1799 5782 32511 15799 31394 25018 25674 31975 5677 13505 9010 12207 8316 26204 9154 10376 12606 17994 922 19217 31456 7426 28372 18887 708 32156 32618 12211 21681 18784 13435 29233 20147 1630 12431 31918 9434 25428 14843 1243 20286 5291 24037 1377 458 10347 3655 27200 17637 28048 19388 32137 16426 14758 24978 9560 27483 15581 16829 20565 19349 9406 29187 7536 15641 5322 8490 11049 27856 11402 6754 28599 23873 25080 10369 24036 13355 19126 30665 6507 22465 26933 24181 6759 12583 17229 20044 31418 16145 30847 24433 28613 11283 30690 15582 25109 1063 14021 20962 3617 5811 31395 19002 9798 223 3044 247 8546 11343 4108 22722 9349 14624 21945 31466 9026 563 27614 24206 14156 25806 22310 26063 6076 18799 948 5637 9083 775 13570 275 15005 12952 11273 1980 7484 2576 24862 26361 12708 9265 14574 26530 14309 8602 25718 21603 9576 21375 21252 3006 5296 20680 773 12791 22091 14300 23040 17099 30026 32665 23073 2802 19893 2866 15412 31636 2954 4190 31845 5942 4733 11510 19801 23872 9753 19952 11520 13655 5210 32675 25574 26881 1813 16911 5497 8609 25249 25510 17648 18877 10118 29977 22155 25657 26925 14856 31670 28766 1480 14447 31251 29400 21903 16874 20020 421 3343 24240 2194 10390 12654 16294 21637 32263 21368 11862 2483 20633 14935 17386 25896 32321 21404 28653 14902 29199 13151 21175 31483 11791 10871 21674 8043 14259 12186 30845 523 16957 4020 26842 15991 16220 11563 9071 7238 21668 8635 21358 14529 32083 32519 28138 2687 31061 8918 15317 20110 18036 24167 12883 22021 28230 2608 4132 29781 19141 15052 30019 7935 31204 9824 21724 20805 22731 10127 22311 1300 11034 6236 694 10292 2498 5399 11616 8632 30089 23197 14725 7632 1641 31951 20725 30452 32405 21098 7448 14149 10423 27818 28160 24824 22927 21205 15412 16781 15087 9576 5829 23110 7472 15917 23688 26683 5466 11493 13005 3997 14635 15417 30265 29507 29849 24659 23891 5864 15617 29830 19641 
19661 2237 31283 5390 3886 1466 5058 32103 28458 11494 20569 5613 25674 3591 21709 22919 26972 29897 13576 137 17202 25819 20736 22696 19870 3100 5420 11593 18835 16691 20637 31714 4501 21487 11690 17671 12802 22937 11412 30818 3699 20569 22094 465 901 27437 17488 19561 12452 18342 11751 1448 9732 7093 6797 3343 27936 9710 5021 5189 24531 13322 16384 23531 27223 30848 5697 5297 12949 23777 12565 17220 25733 27685 16267 30058 19724 22312 20647 3597 1315 22738 24072 7993 22683 15203 1195 3116 22313 2856 12652 27328 20725 22509 19667 30151 29933 5618 23164 23096 16198 2561 1539 11066 4052 13164 5587 28911 30648 29869 27534 17226 5304 23211 1860 28087 2198 25360 10435 27519 4067 10365 4113 17743 12735 16631 23844 21197 3445 14558 19807 1525 9151 25370 1464 20576 27703 6291 25169 25834 3064 141 120 1040 24874 24019 29185 12319 27702 12861 13819 3550 9574 6316 3139 28075 12135 18527 25095 17439 5425 4405 15884 9648 18380 19702 31395 5264 25131 25945 12780 9335 32672 7546 9013 2727 18484 16354 7459 1129 25928 2656 353 24254 26158 6788 4544 222 25332 27110 785 30073 24437 4257 24744 27920 18197 14644 11543 15693 4632 5796 32601 27817 26255 13836 27028 6854 11107 11996 16861 25476 16295 14756 8799 20987 30087 31384 659 28873 30179 18110 2530 27439 9898 16511 23262 23884 6478 23652 2728 19888 14797 5596 26811 29289 20606 27750 2145 70 21744 28827 3197 26007 1461 26469 15794 3043 8480 14467 20481 8458 11073 27377 11207 28409 30277 17993 2697 7905 22948 29266 7959 11191 24936 32330 23879 17678 6850 9368 1891 10819 28473 12727 19322 17666 18228 16692 3176 25086 23182 23431 8384 26753 16765 22229 823 9491 22608 32481 13043 14744 643 19289 25613 1094 20669 10819 31145 15113 22892 12028 17964 19902 25624 8211 14832 22163 30342 9837 21787 7002 2987 21558 6259 13267 4570 25570 22541 26334 24367 18907 6711 22646 6021 10041 16894 5232 13142 9692 8072 51 16146 8236 29171 373 24976 18836 20724 12558 19808 7040 14255 3281 5014 4776 2788 8580 4856 160 4380 16641 28292 6202 13887 4619 31761 32695 9033 23940 16325 19363 9638 15463 21938 26358 1726 31126 31234 10476 20291 2857 3486 19288 28107 19844 9953 4047 10041 8747 3282 16513 15538 20811 4002 11047 9446 24502 7406 16150 2983 21341 5260 24806 21337 20930 30002 16667 14845 24518 
9718 22130 20404 24317 21673 12095 661 17552 1500 4881 25245 22645 1259 24263 12108 22664 8386 5334 30981 30179 31570 25464 27616 31118 4060 27492 2913 21720 23224 9134 2824 25515 6247 31061 16059 7954 6113 10635 21301 6755 12850 24042 32472 2447 29952 5289 5124 24962 27445 20375 1747 5453 32684 6649 32409 17669 19744 19088 29725 27293 25572 583 21366 29143 30181 1999 28629 9198 2873 29343 6852 24701 14577 28946 16693 15275 17607 3931 25335 8994 17219 5274 15159 462 25809 13700 9319 28540 9889 19542 25250 20928 20001 16029 3796 6090 14856 17325 23889 2589 16494 17288 14232 2309 19683 22399 32321 2607 21677 18673 10049 22460 16378 721 6269 32564 7031 32047 10294 2285 22625 30532 22603 959 11603 32289 19222 3661 11071 19073 27752 24789 31499 26025 18311 32330 1442 4150 20101 19832 6907 8538 31171 18508 11197 4001 19503 16932 28277 9761 15941 10272 5223 30293 27328 11918 5982 6695 25932 23566 12904 15350 4083 31910 3108 11818 6118 10913 7216 31035 17996 28912 4755 26608 1918 22696 2514 18433 21960 28154 7424 23727 11553 27842 13800 22302 714 31610 16794 31373 23594 16952 6914 9991 6897 22475 15459 23259 31054 30240 17949 17876 23431 7805 7672 4292 30687 4081 23749 25321 17580 29617 15475 7111 2171 7191 2090 7693 23763 13877 8715 18207 11473 26956 18006 3342 13834 23404 31937 16835 27222 8212 20636 18405 14081 30490 27677 29653 27849 20874 30777 4918 19191 5229 18754 11291 16563 21692 27352 31814 30752 29789 4110 28414 11972 7349 1299 1411 10262 15968 17315 27530 28107 6381 11989 31075 14291 849 3263 15845 18229 15022 10757 1421 11725 16016 21996 2967 15786 24261 5394 3092 29269 285 504 29276 16145 11506 9467 9505 8361 23921 11745 23460 23112 24878 881 30991 6112 2399 10049 30122 32362 343 15305 13177 5643 2068 15139 25684 14430 5588 12012 21948 5275 9684 31233 31507 24495 464 13814 21860 16011 4674 21434 14301 19560 11129 1737 17580 22837 16050 24271 137 15638 16404 16569 31280 23837 6119 21593 24451 12949 27706 16150 14393 5327 11703 25591 9088 13227 10678 22661 6337 3725 17002 25482 6911 14477 25981 6543 28675 12411 27907 32275 6291 19312 26438 13806 4182 25668 1091 18045 27586 18699 6005 12500 20407 14457 19611 28615 2847 22190 18815 3371 4167 15572 24402 32441 136 25260 20682 16581 19008 22944 19244 8529 21421 405 25502 
4307 55 26907 20975 11241 14236 30303 7893 10536 460 6471 21022 25485 10111 8934 29785 7635 3323 9457 3668 27411 2152 27205 14361 26711 32403 334 3125 11146 10360 3043 31994 22616 24777 26383 4725 22273 1915 4579 24999 4023 10818 3151 556 30059 6794 15423 19667 9411 25049 20040 14574 10528 16850 8853 21496 15531 1159 3192 10245 30545 19741 16506 21880 14619 5439 32279 29883 3799 5464 6045 18626 3425 24446 22197 6693 3167 22298 26292 31452 11160 6372 2933 19155 30159 30373 16819 26409 12679 11519 19627 2399 23723 19665 3957 10412 28748 22680 6820 14333 14769 25833 27496 18871 27003 4385 6703 4693 27180 28994 16591 2121 3474 18249 8786 18073 25976 1529 32015 6648 16078 19787 19263 27531 8410 16091 23634 25335 29046 14908 28660 15818 29932 25925 29153 24947 32698 12217 20281 798 26117 12127 4325 14202 23675 30341 13276 2842 15928 13452 5266 7390 4151 30937 4525 25425 26377 807 18850 6097 14520 27610 19800 26479 7873 19785 19500 19549 31897 5299 7284 32521 16239 8114 6685 17424 2672 24639 27699 13659 22082 5685 11418 24692 29300 12060 10017 30746 22066 9538 14908 3045 3967 8910 7190 24284 29860 21207 27614 208 1879 1395 21783 10936 6213 26102 26254 8852 7642 21944 12606 29551 6120 19 564 9269 23080 17202 19411 25427 15128 1721 9682 31420 149 18380 1092 21773 31462 25296 4346 2511 31573 13201 31483 32356 19931 27608 15294 242 7788 30097 19831 10529 7327 17505 11729 21353 21276 27744 4444 10149 21565 27129 6883 31627 23321 22331 3425 26725 26939 30642 21308 32014 17043 18007 3710 21689 2178 3339 4378 8555 17946 12355 18754 14883 19468 3259 6464 28395 19693 5114 12839 29672 3513 23417 2150 10343 15581 12152 16869 29730 7109 5910 16240 6572 11228 24167 20431 22535 32031 28399 2612 29863 25282 7642 21712 11046 28598 10518 10222 23355 27836 20707 18892 31472 28934 3279 29472 32211 10468 23983 24788 19308 15731 19090 22300 29383 16022 17168 6248 23422 13889 15554 22651 10388 32224 28022 30888 8992 12369 32258 18524 10612 27585 7436 10156 30965 1857 976 7559 31239 31776 28013 14259 8645 785 23833 17544 5597 25381 7899 1890 16344 13115 4030 25119 17018 696 2032 999 9066 12564 15161 23534 10476 21100 9347 30109 10260 27726 16497 5490 3257 24666 9564 13070 28961 601 3509 21313 3955 21886 15791 15417 26304 18001 14756 7363 30663 
19208 18619 5198 28465 20365 21702 30985 15008 31166 24328 20531 26367 20612 27451 6402 26816 19765 25860 15130 5555 17527 8706 29865 22103 9904 16105 2092 29039 98 25175 6433 7934 13382 799 11365 15695 23779 6599 25827 31306 21842 13451 25150 31622 21207 24406 8078 23800 3826 27302 11981 11555 30857 16566 8278 22141 15912 13158 8266 14299 30936 5657 4319 21105 3049 13441 1412 7771 6460 9066 16591 19516 31392 12479 4896 11479 14178 32219 11415 5528 26582 16290 7356 1245 29186 1270 18400 31074 1460 25094 30386 5135 11932 17741 498 21580 29315 8117 16138 5247 4379 28895 16099 2716 29007 6981 28375 12426 26363 14709 6165 20691 20084 1938 22314 4271 18397 21721 16969 25397 24631 31231 30910 2682 28579 26362 17243 1462 14579 20731 13748 6572 26227 2585 3611 9578 11890 26855 6426 289 1995 25386 16457 8269 1007 14497 9813 6085 26067 5636 30975 11949 14070 26940 21005 26985 9066 32333 23415 4055 6475 32255 5856 1768 23086 1907 31005 28315 9376 9188 22539 4752 14703 19191 21513 13973 28751 10879 4313 17283 18686 6552 118 27105 23320 10142 5453 3032 10871 29301 4243 24309 23242 32749 14700 4476 2987 18042 16013 3357 5669 16760 5999 1672 558 8288 11117 7752 32282 9389 28089 17534 12939 24675 7814 11813 25450 4549 7517 23698 17775 24581 1626 27617 31314 24490 22088 16921 17953 12294 11031 1161 23916 29428 2537 26452 20835 26486 30678 9639 1557 25213 31658 25789 25018 23434 2877 7091 18399 13110 1520 14103 10414 27162 14161 810 12103 12889 26735 25885 26880 4217 4974 29209 3051 17533 19070 12951 16964 16621 25293 3998 749 27783 9432 6065 31065 10984 31293 23554 1555 14323 5665 17483 16777 12329 11623 28797 20146 31705 3548 19355 28522 22349 28705 16186 8562 11010 22046 16895 3634 19406 22912 30306 21910 22284 4491 31237 14714 21066 12511 12971 12992 25689 15374 18369 17958 20704 29617 8599 32218 31328 964 12187 18697 19118 4248 4634 14316 17316 6503 30134 18175 19011 2282 12737 3071 16512 26365 14809 8901 29047 18508 10755 16908 24521 9363 15652 14256 30563 28455 14178 30545 3139 4541 6530 18942 11577 25935 31385 11849 1457 25868 5885 27163 2620 28744 8156 18300 16163 25876 23300 29495 11451 11462 6124 28940 1143 19950 1642 30953 610 8022 10234 17363 30415 8620 21093 18219 32364 10721 14611 11086 2165 284 19119 21377 13723 31524 21571 
14812 31051 14331 31036 11876 18584 20123 12656 23875 31498 14181 31491 25314 31455 28483 20254 25096 29445 4175 5564 18384 28824 22620 1200 9771 8811 29232 17384 8261 21928 26211 7635 997 5989 1463 30372 30858 19050 10201 12025 32015 18782 4803 25240 477 5627 18121 15905 10279 9549 3740 6358 11068 2527 5392 27993 8104 23347 31666 28961 5034 6115 22337 19228 23359 4111 1970 12426 4063 26975 2476 30847 2525 17561 15155 31713 12519 32006 1309 5682 18848 30789 28888 12726 21617 28194 4930 3964 21978 21395 8014 26007 10293 398 6168 7154 15243 19050 648 4354 30647 26332 23373 15092 24551 24717 11333 25612 6005 20322 25182 10869 6634 14721 30809 12256 31411 18481 11341 26849 8344 19144 15397 30099 11842 28568 24834 18152 32134 20813 31177 17602 18052 6598 23420 10035 3614 6542 6008 23473 747 26905 24582 6513 13694 21248 3676 13391 20652 1417 22625 20316 22984 5615 24202 4312 14399 1864 28397 31837 21360 9659 27001 23179 12423 15741 23122 20950 29625 27022 13158 29863 6553 5928 23631 18055 16650 20926 25061 3725 17177 10449 1934 13074 27680 6114 15407 30906 32385 12248 3511 15867 4085 32062 30383 32229 32317 10620 16216 22717 9687 23305 15646 10188 11113 17290 12078 7544 10281 2645 17840 15951 14956 14527 24742 21003 30844 29597 30459 10619 8033 14150 7071 30817 22462 14169 10565 27625 17528 5383 20460 12674 12161 29386 15182 17094 28599 15997 27491 24673 26049 24555 12569 3050 28969 25709 3328 4544 32509 11009 28079 18374 7333 31686 3357 10699 30855 9050 7293 24549 1798 11181 11916 10132 12654 19146 30340 29769 11664 12717 3907 14056 1523 27316 4794 17484 11419 28042 15921 19854 31991 21976 8287 18183 27312 27941 31708 28829 31021 19486 29571 9066 23988 16531 12393 28121 8310 5892 2042 11843 30195 2505 4304 13024 4413 12544 23325 22502 21639 21488 24433 4028 21855 27832 17563 23361 20620 19596 24842 28332 21295 32608 2734 31969 16785 18856 25013 18441 11427 23402 21952 29092 2305 12926 3543 13815 18973 808 5458 7708 20721 9005 1840 4640 2763 8842 13173 10843 11001 1439 17651 462 15210 19386 7722 18505 17942 31155 18889 16275 2197 6593 4743 18817 8547 16523 14225 10194 30167 19865 16834 22243 16518 484 420 12532 14178 10683 4816 5426 1400 15588 10090 26227 18651 20456 10988 30340 5385 24296 21026 22368 25128 20975 23743 3866 3902 3819 12997 8719 
21211 21617 15020 9104 26428 12655 4564 25462 4469 11173 22836 383 25363 19307 17231 8821 1322 14355 22322 22326 24634 31039 26016 6665 11705 32462 18044 21944 18170 18481 12686 24898 12523 21988 12077 29314 1365 7426 25612 8432 4058 6610 28223 1319 14185 15237 27935 4929 24352 7044 21248 31751 30471 9901 6909 21875 16212 7467 16634 4217 20723 16181 10930 28894 5585 28106 1865 23305 17696 9639 5050 5616 32594 31379 30452 14347 30480 19317 8809 24390 21528 14285 2843 32735 11012 7987 371 21968 29356 21714 5305 14338 26055 29805 23315 20388 28506 8273 7984 3960 10727 23351 12459 31124 11722 8453 800 696 9119 19729 11412 11842 21538 20744 10068 17738 29538 18322 6604 13693 2708 2071 5853 26586 3888 1242 17176 25717 6029 13754 21748 29771 10237 14911 7478 3161 18633 1545 12104 9299 24823 3613 9716 15383 7552 16871 20305 1671 10891 9190 6362 12252 21350 237 18405 30016 13461 10220 31338 23481 7085 3609 5488 19341 9153 24208 28458 27896 21574 3575 31574 24889 27655 994 32314 2400 10360 1566 6598 10530 11038 2676 7352 12760 21403 538 22841 18628 15725 22204 30942 27992 4328 31303 7089 8247 6636 13909 17477 11 3269 3643 2844 29934 15834 4665 19919 11236 241 19475 11015 27723 28725 17345 8826 22940 11141 6839 2347 1005 12606 31381 22134 22936 16316 23040 1225 27873 17949 25648 13965 16968 4354 12777 11372 15545 10332 32171 21815 25273 20306 22788 3516 7414 28923 24558 18292 11868 26256 12130 17570 12776 660 30242 9371 14949 28862 22638 2113 32291 11519 26721 26884 22253 1555 32605 16481 5124 4625 13816 26936 21065 23476 2434 22282 2365 4983 9660 938 31812 24258 30753 2052 17927 18523 19611 30078 23472 27020 11743 13759 13013 22312 3511 24488 13140 210 18049 15454 24934 27493 25343 20746 17227 2497 7362 23746 9474 13119 2788 13838 11490 10852 9486 15443 9637 15323 22538 28781 20280 4156 105 20375 32453 28539 16722 9054 6128 24269 12083 2868 9943 2317 17419 20349 6136 27496 12819 9571 8837 20566 8186 17585 31843 29899 22335 24175 20424 1185 17489 882 28265 5828 11680 19197 8797 5819 16495 5569 2665 10131 25584 32527 20398 14960 17778 20736 21241 7727 1436 4015 4390 28710 5200 15966 27671 5160 6355 27 8709 32548 27240 28489 12618 30865 20319 22294 25383 28210 29337 12606 29219 31662 20209 19414 12511 16385 2971 11337 9019 
30625 15128 6510 31544 16811 23043 20241 9076 17090 5676 21060 24965 7346 18623 853 119 26125 32700 6635 14255 18094 6457 5470 10235 26097 23546 9306 6997 22519 11140 6249 11261 27767 12186 26607 32246 7426 23051 8455 16937 28553 32612 27886 24324 27038 14141 23209 11750 25406 16251 7688 31160 11683 11143 3789 13979 29569 19725 32661 1764 8890 7693 15138 6834 9939 11961 21791 25779 7661 5745 21440 4495 8447 5434 24607 31182 2608 11278 15747 30992 32456 28151 32421 18210 8714 9921 20013 14470 27363 26875 24216 19169 15490 1127 32270 30868 5435 27321 22500 21494 4177 16573 16755 24783 12057 21031 9897 7845 21997 25044 15412 3281 20700 27447 20080 32608 12609 25794 13967 6984 18147 26085 8786 29819 1250 24979 28128 32196 2935 24339 27931 7502 23696 1512 8611 21188 7753 13479 22266 26484 13025 8010 15373 5774 23603 27323 16185 22906 30375 21505 6006 27103 14575 26888 2791 29692 16312 1847 29755 31345 10520 29655 30563 12090 22810 27167 10766 32027 20582 20981 17688 12312 13799 28559 21731 8378 24341 18084 3397 22916 6782 24037 24504 23027 6309 32121 17578 1926 10923 25073 17652 32178 22218 26588 5088 16357 23882 20639 13497 12499 30855 7845 4574 13651 25912 18785 10559 14721 28205 6812 29330 6309 26280 26731 2078 6257 7803 7228 249 8939 14635 29049 16137 21294 7872 22904 14872 26128 20072 13896 6208 13597 3490 18282 23004 18017 1173 10960 7997 227 23774 28528 8449 15191 23015 25855 22009 9583 22068 10912 10767 18353 955 7503 31364 27880 9861 19287 25534 7712 31778 24105 1611 12217 9413 333 11057 23297 30846 22650 10335 12767 13136 24954 12231 139 9764 11163 13444 19844 15689 16538 6921 13316 32626 11714 22624 17037 28826 27977 23808 25579 17130 20480 26632 25550 15690 6092 1270 12640 24930 3950 28793 23046 13146 6765 7309 21187 15970 14606 3762 8877 10913 13074 21414 24301 17774 24868 22840 10869 13755 24524 6569 18078 6519 1182 27366 11811 9878 30179 19625 31529 14306 24610 17634 4108 23266 31466 15733 7335 13604 13970 5825 28363 17680 372 18837 1023 24501 7698 30402 28820 28840 14683 29910 30753 16897 22184 11180 16037 12887 3831 2890 25943 11522 12605 26304 28082 9824 29953 6653 11461 18945 16652 21077 27609 9805 21611 13486 12612 29812 29286 6391 13696 6104 10077 9268 10431 24598 16836 27671 23858 16097 2442 12365 10841 17182 8580 13840 24569 
4792 9365 10874 32295 17455 28100 1987 461 1941 981 4982 23842 25408 18063 26151 9176 29475 17747 2891 637 20503 19516 31434 10851 27522 31200 21321 32210 22359 30342 2980 2507 22161 17734 28812 16486 18519 6078 6074 29377 16522 8613 16532 15344 27025 6251 30426 3870 23923 13239 10469 12957 7838 15887 12960 7042 10560 27918 22038 6461 30565 23917 16581 4894 30984 18539 5671 12267 3731 23541 26628 6292 27347 16058 28280 3465 85 29214 25131 30506 20395 9907 12266 16092 21940 6396 11452 21577 28262 28263 3362 27834 10513 5167 23159 3000 20414 549 18322 15883 21459 10211 6179 16180 27847 12802 25801 16911 3362 14902 15166 24751 12070 8918 10396 21315 15944 8478 11097 3800 15199 6060 24100 26219 28568 30285 20007 13776 13205 5935 16616 20297 9141 13104 17240 5027 21234 22856 15782 12909 5023 22450 13274 8319 4341 22587 9807 10112 2955 32291 2957 30146 31064 5241 15655 1649 30716 1938 30098 19037 1618 20857 6287 17771 26230 14462 17797 11672 15401 12220 18328 5795 23769 27547 6454 8439 11022 30993 14591 30227 21248 5794 12079 22425 20019 20292 25068 23027 2786 4986 31502 3214 14047 32667 29101 325 602 1215 25415 10647 28311 18155 19107 11712 20489 26897 14252 17273 21916 10122 24193 16384 13304 15616 8768 13010 2047 2079 1596 20583 20961 21360 5465 4761 17203 31704 27922 17123 25841 7887 22518 13994 9978 4303 27993 23320 1930 12276 257 23212 7017 17562 7759 2358 29759 31542 24787 15876 2216 16830 4736 10266 12514 27940 27461 19813 5792 21185 8085 8167 14589 11301 9147 6057 25083 24673 1811 16966 17090 12065 14380 31762 3078 8782 13119 10354 22238 21270 26535 11675 29046 16747 29604 22499 17561 23757 22638 7652 20015 16476 19659 32344 8198 12589 19652 9606 25206 20136 27549 4697 31868 27600 7058 15333 10420 28555 12164 3182 24297 15723 20512 5656 32089 17530 30911 9281 27462 5863 5101 17049 2735 21414 20208 30405 10073 20634 8365 18439 6447 14055 10827 9794 20641 10448 3633 17146 3245 4032 4240 27942 22321 23081 24634 14975 7617 27018 10915 4074 8721 5374 6872 32129 194 15132 3184 1859 32284 27711 9242 26384 13254 2632 17582 25355 11227 908 31709 31658 8454 6021 3529 6850 1861 26255 5837 4700 24896 6909 18704 16687 24283 21124 10166 3568 10302 30638 10805 1565 10267 26643 14642 18541 17791 15321 7506 2154 16067 30622 12582 1961 
7348 23762 10415 32507 16893 18017 11082 22965 14995 12264 23300 26447 11140 3461 26177 989 3139 11951 28003 2927 29464 20722 29868 14473 8869 22522 3977 21866 10014 24986 3102 5107 4028 9039 29445 25712 17957 805 1161 16441 15919 21419 24853 28602 1483 5856 30966 5950 15964 5171 24687 4669 21364 26089 18345 5080 11822 31197 12326 8968 1190 8606 12458 21196 17571 6310 9449 7151 8317 21189 17726 118 21698 32270 23507 31027 30800 20596 22133 842 19453 30446 27697 644 1533 30192 14000 19852 20288 11948 13795 6968 12110 16543 25961 27128 12460 18492 21151 28150 6506 21019 24218 11637 10336 19818 20972 22683 25285 25670 29338 14756 1635 12373 19570 3599 18686 16060 7994 2422 25378 27276 13518 32200 26076 27956 29502 23226 8450 31468 20983 23769 9193 22826 24116 9416 31005 31166 14799 9805 3686 26142 23842 15229 25383 16643 1416 5347 30863 1610 13594 22300 23405 7295 12502 27551 7455 19067 21442 22421 12407 4379 4449 20014 21297 22395 5070 31399 9043 13449 15300 14923 30942 17786 19442 1556 14437 27583 4691 6828 11062 22103 8580 25206 15135 17592 14268 11582 15114 26421 13412 15195 4120 28577 15259 4975 14482 7670 9472 19654 2339 19691 16512 26466 16205 3565 29819 20582 27816 22326 27801 15205 31970 5955 22661 23926 1950 28077 28470 27257 25962 30104 32701 8721 9457 7570 18450 21294 9506 14942 23929 21445 1967 13985 13412 17818 22735 195 26265 16775 9690 14902 15491 10643 767 21566 14963 18438 24781 8267 1033 18937 9359 4675 5123 21737 7579 23985 1145 15433 15374 10294 10233 2985 15973 14422 15280 19567 27876 5020 18876 28690 13566 22998 9419 2213 1271 13827 6634 388 9985 22337 11910 24942 21251 14848 5582 15420 4099 29093 25813 29012 8471 13591 12144 8272 16270 19390 32303 28642 29315 16076 15120 12384 32575 18708 20994 5048 30044 27912 1686 21524 28374 20898 18427 2882 28734 11393 311 26138 7273 30447 9541 28926 12209 14983 30965 16467 7734 11058 29722 2929 21458 26535 29074 20877 3036 16774 16409 5388 6948 14125 26787 17003 18488 6480 18739 20341 26169 23276 26111 12363 11838 12195 8591 29429 27066 31318 27123 32269 27918 25919 20605 26717 20697 7290 32741 11609 6170 3528 6226 527 13863 7820 24704 18315 32054 10225 22643 28955 18023 11087 16393 11009 10712 27070 5684 19461 28608 21008 24464 23076 11990 13 22160 20037 10251 30615 26705 7648 
7290 30251 29535 25855 1675 22165 7450 14131 22900 11890 29400 16251 16952 4293 12192 2410 21060 10093 20547 14592 14356 29624 32243 25360 10062 263 13062 15252 31427 23328 4696 1059 5700 21552 1833 21261 3593 9169 21516 7040 10611 16166 20874 18280 32300 3039 19224 10966 6624 19496 13575 4361 5608 226 17953 12884 21478 22346 18344 9314 28370 4276 4028 24860 12151 20652 29159 24015 31901 10670 23991 7681 20856 24526 2644 29802 8178 32548 16787 12249 10900 2315 29182 24063 8691 18013 13804 15707 30992 6040 1668 2184 9330 4048 15056 9550 14814 11197 28109 28858 25883 16702 21150 760 2194 31985 772 16908 28357 20201 30105 5298 22718 31608 1880 23647 11249 6384 23372 18762 24887 14707 22343 26303 4874 2523 3931 9046 169 16962 7323 4977 13410 23966 3335 144 29790 30652 5952 19005 20646 27629 11868 13342 28881 2310 32643 32002 12104 31420 16986 2661 10332 15707 10204 24406 3091 16633 12524 19447 20119 22661 30628 26794 31409 16990 9333 7212 1826 5510 1478 23693 25312 20556 32587 27852 356 31326 21002 13988 408 7453 6065 3321 29007 32665 10802 25676 21548 25599 308 30309 9979 8937 15805 28037 10028 4069 27194 3469 17806 11024 23993 8406 22921 19244 3683 28195 16396 3175 16798 24513 20458 13299 18796 10694 6678 14479 17166 20903 14432 29074 27259 22056 4627 14579 496 15004 18114 7775 2490 31201 17332 9430 10930 7022 22805 19648 11091 2435 9506 18968 30238 25458 976 2914 13127 19980 16903 31997 11963 3539 6540 5496 23740 13292 12746 10202 19154 31822 15609 22634 15209 4112 21772 800 31463 29220 813 20756 32405 27824 9041 4681 26444 18970 12591 22387 31467 22084 20824 24482 29952 29845 2036 8293 24779 4053 10664 152 17884 7580 31530 19564 3217 13040 17115 10710 4087 25167 17729 30918 23278 3861 30109 11887 2296 25337 8908 22175 16452 27244 5165 14446 15969 29878 10788 10432 5930 9258 12770 3423 412 10575 1388 5630 14086 5727 11313 27599 28031 17910 22285 12169 23138 16277 29536 26471 4272 11508 12342 9931 3937 11793 24421 15398 9865 19524 13386 21132 19390 8819 18247 30189 16762 25241 26705 3015 2498 777 1461 597 17363 14073 30648 18112 31266 9875 24920 10024 27623 10348 7154 12078 9805 22388 8097 26672 22138 6057 19642 8590 25031 26438 10328 28469 15082 11274 27306 21840 4669 29619 20322 23216 5051 18920 15444 26508 26173 29904 
16651 29429 15914 8951 13641 32431 11244 21165 18847 14418 16797 31085 16609 18077 24462 22845 22013 17827 30531 22313 14624 26994 26780 21927 20038 29899 31348 9956 381 8669 3515 1002 16787 11151 7190 7313 4735 9022 31553 32208 29251 4975 32549 2592 3978 11780 30446 25129 2056 1198 31342 21112 1195 26261 28678 27572 23740 17049 27207 20748 18915 10829 1622 23745 30593 18127 15790 19529 23628 10176 14595 16777 17782 25718 12590 5531 2859 23641 18701 21376 14166 10370 29495 18477 8567 10742 7748 23518 13593 28057 16387 23421 23514 15107 21590 20674 6730 11023 15198 10949 27523 18877 30441 17628 15629 25963 11195 23003 20489 1232 22369 18009 18749 9166 29847 24732 25790 24380 22765 23232 14136 13564 11077 7869 28357 2660 26083 22184 22009 19572 869 12578 32283 12302 16073 15493 19065 30280 14189 23083 16927 15695 17186 25963 22498 7518 30329 11023 29384 1509 4127 32269 29606 17955 7433 1913 9593 7973 13738 9777 26060 2720 15531 16993 432 29813 2437 3341 23438 31362 197 5506 21402 7304 14038 10888 14602 9819 14256 13994 30648 16943 19015 11130 14794 26732 20513 11004 28803 5499 12670 25561 22732 3638 19529 7486 1561 7636 9909 13376 24233 14414 19423 25371 21026 28382 29212 6039 6248 4971 8441 21690 12067 15997 31440 23524 11702 21640 24588 25857 7528 10613 457 16610 4390 12974 30672 6293 20709 28858 3259 9146 377 28961 19241 8115 17121 29156 20836 3072 31388 25510 26558 31779 28111 1006 15486 30049 21476 28055 5605 4286 7997 11758 19357 1785 27844 3946 13640 432 12728 4305 3762 10749 7988 30802 792 23066 18433 21859 18823 12919 24906 6549 9501 29310 29490 827 30267 3376 2135 20534 6236 18625 12762 1281 7312 26795 3460 26086 1525 30787 19222 26810 22417 13573 29661 29392 11622 23255 23124 14592 15460 22927 7410 25962 24594 24855 3690 18439 15037 23596 20544 6487 7945 7147 900 14728 30494 11752 31116 12421 24159 5379 17339 25192 23845 20018 426 29854 16411 402 24995 31251 20539 3266 1986 31074 21555 10699 26937 12048 29145 17260 24095 25842 2545 27817 9339 27578 13101 25917 27954 13381 4438 10506 10742 18186 24763 5041 30392 9208 3701 9633 2559 7683 10030 23663 30100 22930 20787 29567 7871 27348 11636 17636 32177 27761 27517 26854 16909 26802 15087 12558 11196 29730 9761 8080 4994 32654 778 1494 1293 13117 6837 29545 13170 10659 19492 834 
2261 19182 24717 16275 19005 22692 30123 27173 22569 10921 18299 32297 8539 13531 12117 9052 16882 20307 17418 20972 27599 9172 12016 28812 31961 25101 25874 2168 26312 13066 27518 29438 21759 9996 30714 9927 7681 139 31535 9031 24871 19899 20995 23313 14191 14059 19303 23698 14559 17980 11554 14168 25284 15174 6929 17784 26927 9947 5775 12786 17682 16117 32597 13516 2441 32339 10181 30690 7001 19185 31411 11468 17428 9443 23823 22919 9396 23108 2730 8500 19957 12244 13536 32385 545 24985 20665 2610 23733 4520 13263 32010 27419 28152 11603 448 2443 31911 5139 763 10823 24929 5184 6330 26741 7827 11437 475 27403 8351 16737 12800 27945 10028 19155 23012 810 13197 7062 25261 3108 21969 16888 4580 15781 18197 4811 5930 22276 7816 10424 28811 23801 17851 14083 18057 29613 9483 18174 18250 6959 13178 2524 12284 25485 5139 10625 10215 9753 2642 782 32754 9917 29048 30139 827 11130 2248 31716 14493 10032 12118 8491 19564 6662 15486 17389 25513 22200 19820 2801 6040 1915 13618 869 6539 5716 21480 27655 17621 13710 5180 17889 5896 16163 6140 22217 4649 16272 13642 23572 14095 13154 99 5864 20189 15937 3973 11676 32502 26906 21696 14124 13907 17982 19208 30577 2646 15636 22608 687 4420 719 24232 27600 6086 23513 15683 8906 15538 16774 24833 16503 13369 8847 23109 6428 4653 3698 28336 10513 13449 28755 17254 15493 20050 5668 359 23510 24437 16509 29556 18554 15604 24501 6495 14938 10226 27723 8693 30180 8319 5062 4259 19047 18072 15585 14708 5428 27515 13737 6739 7365 31487 25910 18142 22403 15209 16506 10851 23274 23098 4622 31396 18919 28455 24504 22553 20366 25523 30901 22640 12553 11459 28852 28750 9006 25959 5758 14988 4869 12335 7285 18634 15411 21961 11450 920 8261 15758 7909 6864 27100 27171 13872 30754 18005 12628 25371 10234 14453 28449 3491 16330 15460 5430 11637 23592 17502 8813 2555 18539 9369 5962 7636 7452 3698 19941 5727 24634 3879 19060 2280 10916 5234 1713 29613 19166 16426 27504 14683 15795 23075 6553 27540 29848 3168 22092 1451 23061 4752 30204 6244 1394 25369 11883 8621 4627 16086 9969 17047 662 25924 31790 12263 3790 8875 4071 12977 22012 23595 24695 30690 3041 32458 518 4652 13892 773 13699 29898 16075 28826 27200 21957 29386 3762 18385 26970 11367 26685 1797 23682 2525 2318 3371 24355 30205 28382 11196 
29443 24418 24944 14333 10606 26793 29035 6313 31598 8891 20468 12760 3012 7775 29130 9367 13076 4682 10549 5400 466 385 25853 18901 11717 5885 3912 19267 16952 26730 9458 2155 7009 17582 20521 9399 482 3242 19311 19505 11676 4429 4887 26513 16523 28141 15022 2597 7942 5586 11528 11245 12882 9959 8602 5861 9837 16223 4349 13783 19040 12157 4656 5021 6991 8700 31333 4633 30472 15618 24461 9495 25310 22578 32046 14778 32152 9671 11665 1 29434 12691 12254 10296 13837 13481 15916 13473 11777 12856 13902 9296 28702 17046 3187 31490 29516 25146 31370 31378 11202 30980 6928 32371 25023 20503 31495 30794 26854 20663 3426 32275 9005 19986 10790 15226 30946 16973 437 26630 3636 15919 18123 30213 6695 2979 26749 16767 19750 6793 19680 29205 25123 26956 20236 20679 29765 18006 9902 9523 8152 14597 26525 12130 30197 18763 26466 11077 32668 8752 9622 30061 22449 10084 7674 23769 17419 25077 2409 18333 27360 6836 12652 31255 26843 15187 5145 20417 28277 5855 2497 19969 9434 20922 4447 32436 24849 13698 1567 30574 19879 28967 1903 1143 22900 11959 889 16385 13540 10537 13546 23158 11537 29810 27048 1134 6442 11852 19776 14373 14405 3785 258 24572 6468 22274 352 17597 11176 16230 18090 30777 26960 31633 4428 19346 7393 30704 20015 29119 11912 15017 22823 22908 4669 15051 18529 24376 3283 28863 24710 25555 1122 856 14574 21645 18879 4140 15442 30504 18244 24651 32678 16155 15087 9741 1709 12754 22005 30424 3640 31545 29725 8284 21730 11542 7839 3516 8707 99 111 3803 4885 25975 29210 11264 18531 22541 1420 10902 30619 26821 7367 2183 12268 5558 3320 30830 6112 26255 1254 32095 18532 11797 8139 4177 29788 20440 806 23973 27166 24428 19256 10861 22468 27943 30640 20320 25803 17659 2263 29076 12037 18175 8782 20125 28560 1860 18097 22735 12755 16855 31457 11419 10563 16000 21237 11461 3825 25180 26824 16606 6326 17715 18482 12486 48 7895 28829 28818 32492 15052 5993 5546 3087 4133 29369 21266 18719 29352 2588 23742 18754 23762 8517 5920 30830 4468 30881 9631 2187 8117 10854 23234 24295 110 25423 20595 8226 23600 3359 30565 25840 14784 27975 8671 13739 31333 21748 714 30812 14763 13920 20992 28339 4954 18720 7933 21658 15497 7757 28983 19065 27114 19485 4274 20157 1580 20732 32644 28073 19233 29369 2482 14499 16027 8929 556 4340 30592 
8016 3645 8452 31206 26444 13726 27723 16490 14147 25323 22286 23805 6324 31278 15498 26202 26745 27408 22608 25188 4383 20062 21037 23676 12019 26596 14426 18563 22040 6865 2536 30134 8 16294 18187 21485 1433 4506 6409 20155 17759 959 26394 2973 17180 11948 895 10707 8143 29570 4132 6590 22756 15122 32493 4759 417 5456 26825 12984 25641 18153 31787 26144 12295 29684 23417 14497 29032 17599 17013 13754 13312 15896 31191 14008 27527 20662 3557 12320 17016 10380 3641 4457 8800 17544 21278 2781 30806 18526 10918 30961 32090 9824 20870 17064 25548 25203 31631 1679 934 1754 19976 13508 1374 17933 15901 10345 25084 7898 19697 30170 8310 8877 31745 7276 8116 24051 14989 7314 2139 13343 11866 32170 30344 8215 5642 8224 10776 23165 17503 16325 28691 11084 24823 27232 29806 9932 29274 20829 26712 13486 24379 5764 860 875 13288 28820 32271 11188 275 5068 20162 6585 25746 4503 21418 10441 28581 11707 29718 18780 29525 28760 32702 15726 25689 22774 14464 10256 5063 20712 29848 19401 4160 645 2805 25315 1649 13376 24885 15300 18071 22077 1784 23449 5868 26552 31653 23477 12726 3659 2623 14846 5587 25252 4974 1129 16995 23164 25754 354 23642 26054 5338 17834 29596 27355 21879 31394 25928 27416 7319 12611 23840 21762 669 1431 23537 3005 29975 14230 13303 28525 25256 9565 13412 8478 19649 6118 14048 9182 9344 27673 10820 30485 24087 6714 13682 19750 7332 2428 936 23204 6897 30066 17576 3753 218 20740 23740 18469 31111 14941 22327 14973 8341 27245 10868 25026 26515 25664 4539 4614 11060 28762 23067 9753 18374 3496 10645 31753 716 30743 7146 20299 438 28748 13231 9614 7179 31407 2591 1485 14098 25350 9024 24941 22828 28546 28794 32001 18157 23812 21935 1665 2375 1426 20185 18366 11642 17286 2280 29554 23119 5520 3857 12851 19320 24655 23469 31355 29602 29690 32695 2810 17382 4258 15669 28251 6837 25105 23387 24819 11007 31346 13552 18634 11891 29678 14367 9132 8562 5323 24006 16251 3009 29268 9189 27838 12939 8847 26038 21996 30975 30688 27015 4517 27823 7704 15640 20732 32201 30947 7180 29221 7948 30500 13881 9876 10221 26379 22451 25441 24449 17739 19861 2094 2313 17239 5839 15831 31756 19343 2717 23628 25917 20449 26316 31592 11395 5317 12856 1491 31343 10892 1688 1099 30530 6995 769 27883 7680 23182 12319 15255 16873 28118 24756 17864 
8263 32172 27073 25691 6939 14643 25616 15613 16115 24893 24906 18290 26880 8950 475 26606 16269 6492 31881 15463 709 12883 27172 7097 24471 26926 24846 18983 27492 10866 11168 21591 29526 5301 19926 12476 31830 17685 4321 15197 1478 3699 30774 25069 1196 23472 18844 8916 9545 14926 12913 28664 10827 23374 30979 2131 13157 7378 31963 2955 31495 10134 22797 8069 20281 9287 3098 2394 25880 23535 27753 14353 28741 13169 17858 19702 3700 32257 20411 29167 1144 15075 28956 21463 4468 24958 13295 28150 16715 24056 411 4214 28276 22825 15989 10318 21265 29250 2104 19000 8226 19140 28271 30063 9781 1982 5311 8777 23275 13761 29902 3452 21680 32505 21003 18249 25051 21665 1560 24935 13785 16163 25760 22515 23627 30090 19797 15481 13000 14431 23710 23126 2192 3437 64 20392 28891 9449 24754 16865 18937 10130 9672 13154 2271 23152 9450 1825 22714 26155 21102 28641 1205 14434 31966 11221 20821 7528 20121 19431 16347 22740 27435 1042 21140 1277 10901 19659 28244 13506 14678 29730 5435 29620 1770 17055 30188 22454 25564 8077 23341 11389 4057 29341 31091 10116 28953 29141 20768 23364 15738 1521 504 5331 17182 22441 24008 7357 2762 1098 13932 27558 435 21382 12590 16721 26470 30953 31023 10548 16528 28928 218 11517 14962 27214 4612 28951 28667 25840 21264 22484 16664 14908 21951 25668 16520 12221 4423 16991 8238 21244 5785 946 13304 27731 1211 20096 22006 9937 6119 15470 25215 11660 30703 1462 18129 22608 215 6601 25336 28156 24112 21113 8879 26258 12026 29376 17313 16263 8779 14518 615 13 8448 14613 25417 31344 20559 6008 24423 18233 4364 9871 28000 3265 23647 11086 1704 29655 13599 15703 21105 26921 2372 31558 20889 19666 28410 418 1851 14203 31376 16392 16637 19336 26963 31239 21671 14074 4388 24184 30616 20872 26873 23092 21370 24741 2916 29280 5820 20586 17160 6957 26117 32021 22738 5717 4463 11512 25001 3820 5497 8397 18723 12883 14139 19291 6371 27104 15776 1352 317 3692 9493 16407 25443 4927 8550 19014 11889 22380 9894 12258 23814 31897 16732 31186 18738 18458 20554 2196 30189 14666 20269 18381 16737 20267 26985 28236 8262 12214 3526 24490 21117 20638 21929 11196 22069 13336 313 20813 28685 5288 1794 15109 2362 18594 2890 30836 7610 31500 16302 7151 1472 15116 15952 29071 9292 19573 20091 17825 9816 1250 9681 6040 759 18444 4723 9476 
31575 28493 1471 15183 10117 5638 6144 29977 21594 22454 5259 28716 22507 27746 3620 27134 30155 6932 871 15235 31060 31001 6485 15540 23759 29934 20925 14302 7072 9201 25671 64 5306 20310 10700 17687 32288 7082 13515 4427 386 2930 24473 24224 7015 12283 32153 17418 12808 5067 14228 3762 18794 31827 9957 25569 2646 15508 18844 1591 26688 23725 9564 12404 28262 7884 3659 29110 21968 14088 13739 22594 27426 9669 8624 23445 2502 14733 24912 205 28028 10580 15785 4144 32557 17082 25963 19122 12919 14161 10733 5081 9988 11777 7627 24124 30757 1682 28968 25249 17586 22766 31699 13691 30210 30240 2296 24212 6748 2313 3683 4636 11680 16361 3895 19852 868 11247 29040 24594 28687 7152 6334 29097 31537 31060 15858 6005 32179 32643 28317 1339 26406 24042 791 6129 22550 5407 1005 11379 6020 15995 21549 30510 8174 30798 22359 20158 30616 2660 14821 955 14580 27008 24367 20954 14072 7781 19368 5852 15518 29287 5626 11858 20140 18741 22778 20358 32662 14365 17518 22321 30791 1561 2852 32367 8397 996 27284 15630 26872 4750 29317 860 31446 18377 9414 19681 8198 23298 19608 8532 30981 1663 4932 30194 28298 20888 17822 29029 11780 29494 18537 3961 2476 29519 16990 29343 3696 5698 24613 30065 25448 17754 19091 20066 23455 15247 2832 26052 28210 18099 3856 1658 26207 16201 18029 10607 22626 10314 26403 20767 28290 29520 15631 26947 30212 1853 19928 32394 20904 31639 4989 20410 11090 26720 2500 7114 5122 13408 9731 18342 30970 4198 25585 27843 1036 16639 8444 2297 1210 5187 246 2558 15438 16340 30794 11508 15538 18643 32688 25638 10204 12577 6468 10628 30483 9102 22804 28481 25315 32098 8208 21549 25234 3657 14352 2145 9173 10979 24927 20422 18038 11483 4450 367 26036 21941 6985 5653 19124 64 8394 18713 22359 5535 8314 27086 29522 7201 20552 27724 30266 3630 23327 9576 32550 1990 25004 15287 2728 19388 21356 15353 29446 14597 17863 22808 10459 2286 21305 5980 239 31127 13736 30738 16900 10434 18380 23043 2592 29778 21386 1390 28222 21060 3150 22478 27750 29798 17918 15027 4829 23239 10174 2001 31150 17065 9788 23156 23568 12909 6904 27727 14864 28325 6778 31959 419 3920 6323 26189 10271 7617 28653 16681 14537 1675 28023 22783 535 3992 6520 10100 31911 32662 5082 31372 14975 6635 20463 6710 30939 16446 23296 30558 5683 26126 7248 22824 
7646 25914 11291 30949 11083 30374 6167 25558 15928 10889 19886 15451 19594 9905 28630 19406 28381 24020 7092 27606 29868 22303 18101 10731 25769 4275 22672 19451 27828 3530 23651 12574 28199 16349 24450 18932 15300 27729 30314 24001 18867 7274 22175 9922 15988 20610 19617 19938 30481 9511 10094 869 27633 27907 2874 11076 4991 1257 15721 28616 21386 10407 1871 14144 9669 11589 3414 25000 28855 19143 32029 9014 8812 18412 24341 26883 12438 23561 32363 18827 2825 3957 26010 19306 6167 22806 17106 14698 1840 17428 17085 28083 11786 32500 11160 4858 29134 14205 8427 28938 28513 8204 19573 16045 20955 1240 23894 6681 3292 12500 15766 19608 18073 4835 1169 14471 4549 3799 24137 26161 8287 21959 20831 18390 24784 426 19186 17744 4998 10395 16217 23131 6971 3847 13878 16496 27661 8893 19150 9429 14441 22362 28458 17145 5025 4696 13333 31989 13234 19825 15566 26703 3512 15127 2110 19657 10817 24954 21909 19620 6290 9693 4011 11564 27850 14046 30101 3554 4861 10301 28794 23863 16988 31602 1312 2408 2810 15013 21001 20690 18279 20799 24104 11830 15510 17939 3376 12054 18133 31428 17978 23880 27659 1356 14853 9563 3257 11700 22770 22108 28163 18050 26163 3871 22041 5985 18133 9806 1825 15674 26309 16031 9830 14699 8445 17013 9282 12743 11684 8583 9010 7840 10055 6684 21852 31061 23834 28037 31964 31831 1142 19637 12925 28754 4612 10343 14263 14324 2112 20197 29508 28007 17875 17837 27046 8765 4693 31967 26438 16792 828 13118 32582 30411 18205 4414 5747 3028 8738 18437 14299 28446 28731 21588 10198 16623 20154 30466 9878 4443 12260 10622 23921 26972 29513 7449 28205 18997 21919 2658 25553 5944 32149 12592 19042 20082 21378 28676 24595 11652 17822 29420 3369 30963 19607 1859 26267 30740 20811 13697 19638 24572 4601 20782 12226 31272 31163 12802 15394 30187 30588 18092 3213 14379 16787 19792 17533 9057 4818 13073 3008 19479 24418 21295 7947 4669 6083 18445 21549 26587 16437 11606 1791 14621 11616 14164 24862 15939 1032 20556 7412 14614 31109 9531 15588 17923 31404 29253 29108 12464 21412 8224 26684 30933 6327 8535 3278 2356 10385 32438 9405 13032 23980 11594 2912 25800 25371 21351 12206 10882 8920 16417 11158 25555 8003 16435 7758 14068 7706 14116 6919 25756 15473 372 20407 25063 23837 15174 25284 12538 29501 23975 21998 921 20281 24109 5091 6493 19212 21194 
12811 2525 20864 12690 32706 4995 5071 26900 27713 9937 15832 31432 5293 22851 21034 14782 31772 10478 6510 16953 11268 31429 4707 28144 27314 6842 25033 25318 20857 28116 8593 17662 12000 11119 398 30294 18808 24584 22757 29445 10805 21994 5189 23422 4056 23871 10510 31816 15251 25200 18127 28550 3074 26361 28325 6868 26412 10708 6235 23827 16836 19191 15952 6833 13920 8744 4532 3240 29470 16848 828 9684 4356 12615 8609 5548 8895 30174 31321 6458 12289 31771 647 8209 7073 21040 6157 1882 28804 32317 3756 29140 12852 5780 26253 13209 19257 11195 31660 3732 21348 30497 16836 4165 28135 15774 31861 29374 11222 10943 6050 21332 9373 3645 16572 19308 3708 1131 12253 14774 2489 16097 1052 26943 3240 1603 6037 27384 30590 4297 6394 4710 20032 14367 25859 25152 912 25232 27784 14052 1799 13813 15137 17866 10298 8219 25189 29145 2750 20677 16442 16487 19313 30066 23832 24267 30059 19992 26918 17749 11517 16294 27704 30695 4958 1487 29747 12842 1745 23135 24193 20516 13187 10142 31525 614 26556 31268 18201 4619 11141 8825 21511 24654 4225 20307 18228 31343 11825 26082 9592 25918 11955 1383 19928 9454 18633 27579 23609 5929 16753 12442 27307 10742 28411 25053 11116 14360 4172 3448 7366 13290 29656 29373 17237 29517 4461 4505 2222 18003 16146 31695 23720 18347 27326 8817 2066 14371 7473 2407 11853 13688 9995 4067 337 29884 13209 28292 6330 24821 32577 26786 31347 17600 14663 6368 1093 7801 21255 21538 30594 22558 16933 21989 12627 1585 14275 21368 30773 32369 19249 22912 1611 22942 23130 25852 11201 7881 27729 313 12282 20473 11334 14060 11330 3248 11376 16950 9777 32169 24696 8002 13945 27418 6880 23340 6503 11430 9999 23009 8437 3699 8273 26914 691 3147 11071 6063 1331 21561 23030 18769 16619 2024 23718 1805 26907 25926 23220 21604 3943 3268 26995 8299 1847 31050 24741 6023 5756 17067 29425 21540 5342 5411 1057 13656 26426 22174 1740 15250 4368 22731 11682 4240 4753 24916 26337 9862 7975 23547 30510 4868 21707 19965 15683 13899 17181 22051 16349 22930 13453 17102 25073 27405 14506 29294 8406 26430 15261 3192 13460 3942 18913 17277 26294 8242 21804 26862 23717 30729 31606 4444 3394 30315 21895 28482 29708 13198 4966 31707 25550 26795 7437 5799 416 22856 21881 22121 27563 21050 20059 10152 12581 29992 2207 15201 14327 516 29622 15201 
6748 8189 21031 11358 2690 29541 3986 19577 18425 7826 28016 30420 1478 23192 10665 30559 14865 18813 5810 203 10315 25277 12884 28476 21418 27465 8714 23082 498 31118 3884 30348 5222 31186 26541 23560 30974 13834 9132 6551 19838 14130 17285 29228 27282 7761 12555 25700 20647 29084 14358 12264 12915 13107 16819 5196 20448 11493 2246 5981 22845 19223 6108 30443 31223 6181 11129 19697 181 24743 25160 23058 4737 6143 31790 29255 9013 25384 8472 7552 5035 10806 13950 215 4607 12348 16842 21020 24835 23679 24088 3297 9364 19705 18558 18650 23367 18521 5358 23513 746 17220 26688 830 2025 20117 3794 9118 6858 17841 4322 6023 4204 18436 21464 18729 25175 23825 25547 18167 31189 8066 4824 6034 32038 7129 28852 6010 20815 8084 13580 22190 29050 31814 10193 18034 32328 14049 29143 23724 22303 28434 17113 18335 1650 10325 15977 25476 27888 17136 19107 30804 25890 9191 6751 4825 14483 27939 32193 16521 30021 11332 3025 9731 27917 28296 11735 27242 11662 8308 8265 27466 622 26665 19663 32687 8624 20368 1736 25127 24729 19142 16524 18431 13087 14932 18123 20426 6736 23700 13909 17447 21667 23685 20951 8459 26468 8866 18900 26549 9651 21456 7978 24745 21526 5447 7889 19301 28407 6196 4897 436 13431 16942 764 30040 8143 17624 9949 31137 14569 22440 13020 10102 23519 2959 28816 19526 32215 7464 32577 26495 1012 19450 27555 14340 6552 13523 13211 17021 30268 16550 3094 3498 1982 11687 10926 17349 30440 22331 2604 13867 28047 16793 5742 26711 29922 19119 19849 14701 7334 24654 22773 13245 7860 27955 315 24209 13073 21651 10699 24720 8824 4126 30680 23050 17806 30228 4379 14361 14927 10455 12786 29605 30652 10362 17590 8930 4686 13625 25636 21417 27053 11283 26367 18423 5467 23103 28841 15336 843 8598 25328 2075 185 19574 3042 21679 32623 12522 12159 18935 31627 15086 9164 23298 21035 16555 29167 25664 29922 20964 20126 17410 24619 30479 18133 2650 7521 24298 9250 25173 27095 5162 23256 8523 9771 5380 17152 16924 18256 4120 852 921 4600 28398 10582 3452 29915 24913 1708 11906 26471 14330 4187 26745 20896 1098 11232 16344 1113 8038 24565 29530 26713 7339 19029 6378 10772 15803 1425 1295 7176 14806 27604 1459 16713 18464 10603 29433 22386 11924 10752 30713 28344 26233 26194 30659 22210 6948 5953 25642 18242 4692 30137 22416 1260 24437 14483 286 
17922 26272 31927 24919 22108 1439 6331 8566 9881 14911 12973 21362 18935 5139 15183 2924 28338 8345 2879 5251 18073 29371 817 23353 19153 25754 6430 19297 22869 2346 18970 30104 32723 29725 28126 1562 9260 28473 21988 16479 24482 15877 17933 2717 5350 27798 15080 10950 12719 11649 17667 28529 23795 12452 2051 14173 647 25437 18594 7913 15034 16025 31365 5881 1803 9135 13060 17046 22840 20549 8500 22948 24312 29150 19146 4635 20288 31391 1712 26046 29376 13366 31384 6670 1319 10909 22513 24388 5086 640 20363 21669 13778 16280 1006 30407 17759 30688 25802 19000 16048 2955 25208 31112 4054 15928 13335 17284 29009 14990 24781 25209 5449 24189 48 3964 31471 20817 13501 11769 1453 17214 25859 2002 7156 22168 19094 15266 32106 17111 4667 31540 7957 12851 32371 30772 2503 22429 13745 21566 16522 18093 6476 20343 16977 4179 2443 2279 2249 835 23499 18731 5096 22561 18214 30341 8666 9712 6056 24254 13440 26757 1231 11347 1570 9365 32743 8408 10694 23712 16012 4110 25987 32036 7207 9303 22886 31216 10400 8575 19454 27800 16321 32580 24695 11352 23642 29472 3504 31150 9135 30555 3893 543 22307 19716 32186 9881 20511 24650 20207 24525 14274 21753 29612 21791 23582 21073 26198 25910 15075 29185 25504 15523 7868 26926 25439 27543 1631 25166 1926 26545 2976 26599 8405 631 5556 21030 779 3263 17180 1620 32712 26314 9351 10489 13908 6223 6891 2661 21670 5322 29979 19070 30740 1256 20275 22908 13094 20622 7486 6920 2208 12829 19180 10268 14218 26622 26927 30344 25176 1711 3335 30225 6759 13172 21470 7024 18472 11055 6132 30512 22776 1066 5013 22989 25182 27275 7323 10041 18161 20846 28756 8411 27808 1322 20001 9166 30062 31620 29529 6249 978 29632 21031 149 15491 6942 24563 21168 6729 19863 31614 11674 9639 23661 16163 12895 27243 6990 28389 10633 27237 32265 6778 565 983 2223 22609 4153 15188 15675 2294 10601 24568 19043 24146 14189 3104 1468 17914 15844 23688 18672 6812 25964 1471 3111 19724 26056 1586 19013 21023 5895 11306 13676 31241 18249 19070 3659 18610 3848 28207 16143 1822 1876 22714 6284 27847 3930 8290 7195 26641 19243 13714 26764 7589 10812 6484 19384 23265 18414 15060 7099 21030 28802 5182 27343 6216 26322 8971 11252 12318 6169 16763 4553 15033 3398 10170 23558 28879 10004 1004 11848 11704 2337 1587 4252 32129 22230 
8619 3450 2212 15095 23009 28218 31481 22051 10647 23482 12168 22966 23377 8648 31334 10920 11863 1654 31369 17688 1746 19407 3048 28921 20934 7216 2892 22837 7830 4488 3477 16881 12186 28189 12145 15709 169 20240 5083 13486 24131 26836 30056 6618 10712 6873 21380 23598 18909 18658 32245 30755 29714 20305 18018 590 11401 1045 15292 7984 1278 26986 31372 30677 3576 14837 21917 20945 15578 4652 19180 14658 6878 8654 7361 30193 13533 21389 9561 23948 28703 29227 19608 1872 32606 14558 24359 26357 4017 24080 9593 15735 2763 8111 22232 17144 17535 7302 2219 1171 25632 1619 21782 3137 23044 22013 20812 23947 15521 25098 26338 19083 9081 23121 28252 18168 32557 27585 5924 24898 30204 6792 17016 6118 31149 23911 24161 17887 28262 22195 19440 13610 8030 4613 14954 12775 19116 27524 26673 13515 14875 32571 30016 12759 23810 18135 18121 7303 21847 30300 22657 8293 7066 19547 23258 3075 29916 27396 29700 28575 18447 20348 31807 27096 490 28833 12932 6793 28393 30138 17603 8837 13536 757 7862 12189 1180 21755 20887 21260 28427 24313 27218 30884 26783 27595 8680 15506 20691 24108 31123 24933 22327 17810 6799 830 4510 25567 14158 2095 20076 31694 14434 12774 1184 15810 29679 447 21847 6261 28721 22432 12797 19167 29144 17408 1525 15675 28677 15080 20106 15751 25046 1643 5010 14756 814 20214 19822 17325 13974 25739 31013 32668 30578 13912 8633 1492 16056 26675 12625 15233 18895 14696 26040 25 17974 11960 3091 21780 27280 31848 12365 29367 25500 25521 22530 5570 20348 29033 16915 15925 30172 14439 5497 22678 3557 21111 31517 25038 973 2215 29190 28200 3371 15461 7386 11500 23027 29218 5331 28311 27333 13743 12931 4005 11794 26072 29200 23781 17454 4593 25005 14362 9544 18526 16844 7465 4062 17131 2963 23846 11146 21545 3831 29239 6775 15645 31856 5108 3282 22646 23002 15005 18511 24463 13409 13600 8787 18696 524 5029 10877 23199 5297 30106 22569 21872 13492 17815 19028 6513 13856 25218 27859 28591 2851 20352 12622 9374 9921 26760 8261 18766 28455 1868 8255 1371 8212 1998 8483 13332 13686 27725 29478 24296 7427 15480 13315 2356 25792 7820 5039 12076 30190 3236 13037 1367 1193 10144 1014 17094 25998 834 14190 19208 2728 9854 11774 25861 26459 27588 22151 7785 27831 562 23032 9493 24028 19299 15584 19768 19528 31081 1945 27684 16933 29435 4708 25046 
11885 5314 5035 14627 3349 22026 30145 15950 21869 2537 6811 13083 10202 26525 15922 25082 4587 32217 5606 31839 19265 20356 20527 18823 22668 8233 10481 15781 30340 32338 20866 16994 15264 1967 15494 3648 14278 19728 24506 28979 3523 23234 18895 26358 22431 19849 24903 6158 15506 9567 14291 23363 16440 861 27910 11086 22155 4573 19768 10798 32352 9544 20421 4987 4664 26915 7516 11164 1730 19339 32237 16543 13733 4697 29407 12726 2173 12200 16441 7433 4362 19696 15026 29704 6363 24669 6500 12904 10845 3687 10117 28062 8772 23913 5150 14796 7797 17149 3063 10469 8882 29277 22163 23312 4201 23639 27552 1572 16900 16880 13840 1355 14617 1635 31457 14782 10617 28173 20824 20778 13699 9283 3327 21814 5537 20525 4029 4799 31125 3634 20128 19545 22692 27195 11144 30136 9991 27036 26392 28193 6284 5824 24849 1860 27320 24539 24745 29393 29424 21373 23787 24878 29037 25701 20769 17000 12519 22040 22470 27255 29552 15090 30167 13280 24144 16936 23267 31828 1986 27958 23751 29273 4013 29879 22050 26383 30108 2278 5183 25062 16760 31104 24121 20485 15696 15844 14621 28171 9116 10800 25762 28931 1232 368 12680 7944 31420 23921 3991 31194 23176 678 23743 14518 14199 13450 4737 21851 19005 14381 4225 26629 958 15105 5668 23270 2755 6734 4412 18518 32 24107 24013 6612 4990 30726 28631 14301 7827 3965 4490 27151 22661 8683 24278 10520 3809 26507 14551 1835 24122 10270 26329 3215 10095 23361 28581 18898 20919 19956 13202 21640 31857 17921 32344 21567 16208 564 30715 22831 18698 27705 7641 4976 14870 12903 1739 7358 5 8873 19645 18466 2525 16840 15308 13819 2633 10047 6142 8690 27827 9245 349 10419 31538 11915 12360 31141 20601 19312 6525 15669 3083 18644 1875 23484 2296 4596 30140 3760 20960 22108 12546 1683 18944 25845 1323 24108 10816 10586 10509 17682 27588 2259 14842 31158 8884 24903 28832 16988 6790 11101 31750 13624 8059 30987 11444 24899 11702 20014 13426 8704 14545 1930 21597 4195 24614 27034 19930 29825 1282 1182 12408 18396 29417 825 11038 26975 32665 8524 24952 29836 31088 12011 9957 29393 13905 10170 8997 6637 7949 28862 1817 21771 26883 30505 6868 2387 10719 31427 3733 11866 19868 7876 11027 809 12591 29018 16290 4826 4097 840 28053 16027 14482 16057 5120 32448 7891 4418 21464 23732 31374 7273 21786 14559 24947 6270 26564 7682 
18464 5550 5361 1163 20267 31800 669 19699 7202 27039 2876 7200 17699 3186 8968 22908 12554 30805 29241 4774 7253 16925 20560 24650 21994 30824 22102 28833 19204 17551 9476 4358 21175 14331 1827 30165 28078 9184 4053 3037 28912 2966 21833 30890 21566 32270 24758 20557 23617 6875 12873 2633 5730 24378 12391 1097 17125 11209 10333 11712 196 27317 12897 5335 18717 20409 9963 17601 10459 3320 12971 15250 9242 9171 25181 28593 30814 32454 9188 28935 11720 11857 25228 6952 5143 21494 21924 10972 20716 7604 21787 31690 3490 24030 13484 30076 15355 8476 31119 20570 5400 29479 10923 9202 670 10586 15140 13612 14854 32283 25249 19019 28702 26069 15455 2185 12953 25234 29379 200 29605 1129 20574 7420 29415 12489 12855 21045 16885 1556 19778 8464 17315 8070 22853 5220 16596 6986 23935 5061 8741 1051 27728 20821 5763 4928 28595 9545 17075 30758 22556 18817 3653 10691 10162 16420 25544 16024 8625 30590 4672 4463 10457 5361 29105 30571 25600 3825 7310 30001 21996 4846 394 4292 3289 2925 10795 17695 17203 6359 31845 10015 11470 13323 20497 23795 17024 17558 3614 5484 13524 12336 2148 12525 3573 2110 890 22605 30392 6017 17666 11591 28709 24180 7399 10599 23123 12394 22626 8102 1726 11455 25302 6996 4374 11210 29159 27243 1041 21775 25921 3751 30697 8753 26339 17277 12662 23847 4833 19508 6182 14483 13305 16295 7189 16167 15407 18325 15906 28991 20012 14593 14546 6996 24736 30479 20651 27560 31444 23685 9656 9564 16480 22381 13316 22773 25451 26939 24160 18229 22783 31837 28857 29562 30044 27059 26403 31153 1957 10072 5693 8250 12438 19504 26866 28918 12609 469 13480 7720 30691 9806 22078 13446 15497 9572 31721 1739 31849 4537 26217 30269 30753 6333 1939 17582 32192 17906 13323 30050 11246 23594 26226 18888 24430 16795 17409 24667 2467 2006 3981 7217 24354 14358 27629 13270 28828 32720 3878 31998 13748 8270 1743 10911 12330 3163 11256 30527 10354 6694 23017 244 30591 2359 28479 19050 18901 23715 6466 27231 28110 26694 3754 21622 6512 4530 13150 23330 21191 12414 12651 4588 24648 24312 15535 29131 14154 22925 29443 24493 862 31191 1981 23718 23457 25802 11477 19439 7955 11232 16909 11661 6269 6966 23158 28019 3937 9131 9810 32343 24977 20480 23530 16249 16522 14171 19079 647 10890 21587 12342 8944 17375 4952 18369 21041 24391 7992 12319 13756 
4394 4607 8118 19123 14167 15736 20630 8428 6780 32379 16865 23898 30531 6713 22240 13605 9458 8929 14942 24562 5942 30480 22042 29286 13264 17250 1193 13476 30384 5722 31086 28757 13561 25163 7770 21964 24615 28802 8994 5231 15783 16829 7650 24763 10594 10152 909 6433 21818 30392 27761 9361 24711 20919 24946 30385 30119 11361 3249 17201 27787 3168 23638 11114 9903 17292 31423 26017 20842 21446 24159 15556 24467 15621 23597 17514 32511 30809 2025 3314 25878 22875 23539 14624 30249 15590 20665 29152 1806 2015 15057 414 6483 23286 25608 19364 1141 11530 22032 27221 6144 21354 30177 19145 30141 27408 2252 28637 10376 14489 15287 5918 18362 24599 22177 3776 9320 27721 2044 28408 24985 11901 10565 12955 31 3095 16955 27649 12303 28326 22915 12090 23714 595 23855 24537 21322 29960 11344 22891 27591 29827 22620 30200 11169 20017 5319 18612 15182 6688 16562 3885 26169 3464 3893 21251 6568 19300 12478 4695 19121 16594 28955 743 17276 30711 23206 30075 13545 8903 20333 7348 28625 14066 23267 19845 24357 7957 30423 16916 31551 12229 3753 3748 1664 9333 22877 9454 6488 8121 4618 31922 4375 2363 24927 26356 6710 17200 598 27791 4422 17774 8346 22561 3739 26555 18064 804 22477 5578 21651 30406 25986 22747 448 2471 15988 24129 14215 10305 25363 17129 16561 31155 31810 4183 9381 23134 15331 5916 18525 23822 7089 22406 20046 32465 6990 1327 15905 21844 15655 7974 18505 15185 9948 1258 23221 32283 6193 20705 5445 5010 2973 5348 3519 20688 27798 31364 7946 5855 4396 27728 23330 3326 18324 19178 10610 20718 30511 11575 31859 20250 248 7211 32052 9654 21714 14544 16346 10816 11781 31837 723 23574 22814 26838 10599 15515 29972 19058 12455 17553 20813 20402 12596 14133 16611 22196 12491 1527 21748 14463 19744 20723 21967 7414 5339 19907 8079 7889 31104 3292 24307 1199 5848 3775 5264 18969 9319 7886 12052 17958 6743 12694 24193 16014 14972 13102 29835 25597 1556 20317 9935 9368 1112 1667 9871 29960 10278 8775 20509 3291 18982 6787 13015 22851 21138 13774 15441 12814 5856 28299 12475 14801 31979 3071 364 20283 21100 25721 18257 6009 25829 9059 16982 12224 24620 17163 12447 11378 2630 13593 23903 29661 29378 12826 3645 8646 25442 17216 10085 29473 7256 3434 16072 2194 6736 5371 28898 26261 32030 18618 13501 19067 8078 11678 28271 3160 25069 14837 
19887 4687 3089 31205 8352 4002 3520 30985 13177 11988 29517 26747 30796 11948 24487 533 16376 3856 9341 7784 21981 5248 29942 3161 21486 15743 29749 24334 17259 10405 25954 2248 3839 20196 16193 24191 12531 5014 26831 20081 23030 2164 3762 16008 8236 17647 10065 5899 21582 29051 20843 32263 21299 7601 30392 29627 14823 5781 18146 27739 22128 28480 18945 32453 8556 2859 26468 30289 8370 11241 16914 6593 27921 10373 15280 20960 19858 9929 17443 29769 16524 2474 5679 23058 8243 25905 2770 9709 4422 30757 4715 10836 4544 13330 22203 9732 20440 10418 29392 3903 12081 23608 31501 17680 25603 23569 7329 9947 9031 25613 19708 21003 24887 1433 30477 29423 27447 14971 25465 10244 25591 32568 3002 15982 724 17519 22329 4680 636 21731 14162 17716 6128 1885 22195 27519 21360 2710 26604 14567 29122 31565 17777 31009 27672 1264 20614 8034 30891 9349 4013 7379 26098 17657 29634 26890 32408 29747 27118 18040 21223 22369 7114 11051 22924 4814 22369 7867 19524 22218 31907 26746 9679 15397 26773 26090 31350 18718 32088 12926 31016 23980 16290 8558 28807 21136 9419 15905 18736 18318 12814 21231 25664 455 5270 9354 21283 14282 2138 27986 26742 4337 13355 29199 14399 7870 13988 6069 17013 3318 6108 13562 9610 11113 1550 629 6274 25469 29872 21376 8730 20487 27341 3011 25936 31721 20653 19186 10733 25965 13339 1311 14898 23152 15049 15129 5370 22530 25941 24517 6980 23448 30155 22016 11364 7401 4586 29957 19549 3167 5574 30958 22358 24636 8678 27193 26607 5817 6467 24375 28916 28454 24123 2856 22738 23162 4019 6709 31613 1473 12854 18837 16272 12888 10097 3587 23449 31633 13546 3008 32315 24514 20514 13009 16848 1163 11316 17085 4642 379 27151 9235 2634 9601 26031 18166 18282 20342 16166 11918 19288 14794 3633 6196 18191 29325 14425 12927 15926 26975 112 21765 13931 31645 19288 9131 29059 23978 8792 14763 25262 6262 22903 23322 17768 23202 6360 3028 12176 21671 20376 8168 813 19448 12186 10790 16824 8992 1300 24663 5336 16098 379 31118 31470 23471 27540 14061 13570 392 26871 23926 25731 7263 15128 11524 5154 27317 20027 26579 11213 4720 7674 26905 6776 17529 26520 32202 14554 233 10565 19533 4959 20126 12381 20450 26455 18833 22772 2451 6549 6072 17755 30577 28733 19492 16419 18428 8022 24535 2334 23095 16406 3358 21412 9631 20532 11794 27714 27967 
25917 7367 13788 12328 15440 23936 3342 28485 28600 6852 20558 3189 117 31602 6001 985 28471 16579 30297 15912 17114 17750 19431 324 31720 22482 11636 12588 26630 14849 19005 7685 6925 19793 30930 2654 32753 6671 4490 15446 12938 3793 19266 31733 48 22349 9614 23303 14986 29651 30606 24861 25449 18465 31483 1206 26371 29229 18171 27875 9664 21803 4261 12704 5135 2147 1915 8661 12287 19631 14767 28460 6331 30357 12158 29876 1842 27517 28667 7927 11097 24874 13348 10995 27582 22620 26038 1104 8277 20069 19779 14145 27241 6850 397 2520 29156 5166 1513 31161 29854 9919 27333 22037 1863 32147 22914 13635 18151 29158 29492 527 5751 15218 5777 3111 14809 15627 17324 22664 24275 26181 16495 20175 16848 4265 16506 16837 17205 8036 19468 24551 13897 9835 12088 20044 18071 14782 28966 8211 6200 14873 2989 31235 17950 32195 31065 8661 16535 24809 29802 10978 10134 30974 30046 4120 18828 31388 20801 30828 12284 15015 18115 30740 1426 23519 26341 2423 25924 13738 20452 25092 24318 9632 3897 1838 20067 20158 1562 7378 1019 13870 10332 9896 25143 10044 2987 13487 31708 16497 9176 12650 29616 25935 592 519 1096 8418 29476 24746 9994 14953 6495 24897 16787 15407 6358 22117 8611 1983 6527 28316 15361 7124 2744 32685 23043 4658 9287 21855 30466 27314 3541 14353 10348 15818 21844 26952 23656 10147 7360 25724 9657 6808 27356 3920 7213 31312 10338 13847 16529 20231 8802 28593 22395 16015 9443 9720 28285 18259 22665 30303 6480 27821 27641 10181 11278 29064 13212 26005 3882 12575 8794 24336 13453 4958 15076 11113 23545 12676 4198 9954 25801 29262 1448 27542 3146 2654 1275 24142 4646 17603 10951 14979 16653 715 3041 16002 17502 23139 7771 2648 7210 1494 21306 25556 29362 29211 5430 12100 338 5353 18837 26642 8518 27650 24521 17944 1558 32415 26481 5688 19481 1327 22948 4396 29199 30005 20464 5080 32145 19538 17581 16543 28703 936 9105 32485 17544 25284 28995 31932 6362 25509 16508 27899 19533 1079 32597 13349 4782 31810 2618 21509 18756 7422 4104 24461 27204 10542 17195 26290 31692 32488 28311 2331 18151 4170 31135 17775 28810 7273 9935 25590 15186 25641 4253 19744 11225 2734 21007 25803 26369 13837 21540 26746 29496 8381 22894 16672 14164 27552 32678 23076 15524 8326 11415 20085 26624 3841 11596 14589 9805 22744 29098 23316 3978 17818 12828 24882 
22198 15730 11709 22383 8345 12583 19730 32384 25957 9288 9356 22739 29558 16023 22333 12269 23646 21729 29431 30546 7347 39 16131 9671 30234 28227 13293 19942 31994 27237 1398 14637 16407 6512 6838 23032 25482 29646 2265 27704 11106 16558 3929 28428 26269 27455 30567 20418 10921 2871 30213 26542 12029 28756 7313 18945 7384 22316 21174 9903 13083 25172 20627 20345 31109 24329 6730 28370 13218 24347 17896 27752 27741 27907 24593 18871 16445 23289 2582 238 30584 20074 4528 18459 14603 11417 17964 30611 20470 24798 15909 26353 28782 22672 25265 27271 3438 4165 25300 5895 19517 14813 7076 23935 15206 20879 2524 21346 20056 6097 10365 6904 11284 24668 2406 26684 16018 21400 18635 31087 4038 15709 6989 14728 27879 31269 28343 5482 14099 18935 82 8679 28033 5225 6298 12180 14109 1578 29078 674 12179 23862 22287 16734 5047 409 16515 1749 32600 17325 23892 5031 27587 12256 3196 21432 1153 1151 21734 24135 19542 17959 30081 194 26520 4841 9780 24415 28086 12418 29101 32299 15830 17340 19159 17473 7597 16662 24829 10605 4193 3264 27230 27759 15786 8104 3628 24453 23496 7632 14860 23035 1458 23175 7009 31060 744 2775 23804 30496 17524 24307 6842 13553 31241 16326 3699 11021 32198 2811 4220 11625 29793 10246 14699 1421 23590 19795 20096 4246 26429 29572 9743 5605 13405 32447 7170 32609 12967 13850 27339 12056 18000 21617 9560 8182 8674 14213 18922 31555 23049 19834 12948 2691 26343 30404 24215 25459 3678 32385 28264 10626 31062 4157 3808 30635 22317 21468 5912 17591 23157 29926 30923 20970 32653 1611 5424 13324 23211 16492 29697 9348 26954 14392 4077 10953 30018 31132 25443 22812 21668 23708 14197 7701 15095 29611 14275 29328 28 5208 16237 18901 15446 1388 23003 19678 13940 23526 6949 32066 18830 12183 22695 11583 30475 14364 11160 9058 30410 32258 7694 16620 7761 22265 17840 5940 25377 32230 5009 9992 27181 28359 16350 7542 31776 23032 16628 24447 11279 4748 14275 8367 32316 7440 19054 10603 8904 9091 19886 9146 1569 23109 3224 15811 5538 17856 9639 25591 8381 15571 14894 31838 25459 9280 31336 15987 17665 11056 2121 15294 2441 6548 3384 30832 5575 24193 4626 14917 23842 15423 6999 27426 13157 5336 9261 17943 9849 10505 28241 7204 28072 16196 30912 30097 29056 2030 4214 8549 21404 19941 27355 22254 11206 11789 1400 6721 7079 3283 26373 17473 
18239 18581 30929 2558 10919 6815 24530 6315 9393 26321 3328 29118 4760 1949 4836 22031 32362 32517 10395 14973 10726 17833 9697 16973 987 16641 24017 27481 30669 32263 17868 18555 11695 8955 2103 29425 21232 5710 18883 32622 10421 23956 23152 22116 5215 29379 27106 27672 25327 27498 27126 29168 14001 26746 5433 11315 14632 16966 5983 627 23737 15959 4645 9775 4756 23761 12393 28317 19559 24393 6118 28330 25879 12295 9637 16497 21552 25528 14285 25847 30506 4046 24746 17857 17605 27117 19942 12919 28674 24995 25548 16904 18828 1393 26751 4278 1590 19420 31054 31788 29073 32767 32669 10649 26829 30684 17504 11949 15906 15293 1499 30944 11310 16590 12956 14548 12816 8842 32012 20933 31902 26710 8739 13946 29462 32279 31682 24797 20326 13697 3682 10927 24916 9696 8792 28304 7504 18178 5149 14103 29703 5268 25450 13668 9737 24036 25400 23469 1986 16283 10743 2971 5552 27921 14011 31518 11915 11584 2199 2830 4197 13735 10154 8044 17955 24401 9491 6167 2166 1103 13151 9066 49 12742 28230 17456 13340 5813 10885 28317 15061 6944 12900 163 6192 20973 177 1107 19510 14851 14917 1375 4557 32324 2026 19715 9529 2342 14983 28036 8364 17151 19231 19534 13344 29123 24465 23641 13634 24018 14945 30656 6897 5010 18747 31833 15804 29686 13580 13340 30023 29555 16870 11482 21040 30449 20364 28156 9808 24815 4249 3924 28068 22949 11819 26894 23567 26862 1465 689 29322 25000 7372 24139 32210 19371 20166 7923 22247 18391 29964 29256 3954 14232 9857 29001 32346 12897 9618 23388 14460 25131 17284 17507 26574 23277 12382 847 607 5896 25922 30543 12752 6012 18737 28298 13878 5956 12952 18310 10238 3114 31760 28845 30828 7862 16663 26587 5874 13658 32398 8579 2544 27112 10509 30522 20813 13425 7784 5069 11297 23029 9372 24902 24311 23970 10457 32449 1357 12142 12603 27948 10136 32186 25974 30151 407 4698 13975 30279 19033 21608 17377 25462 2836 5767 25817 20868 29337 10738 11270 11335 7244 11475 21514 25205 29815 21876 17583 11957 671 2865 16082 6674 32420 11403 17244 9543 26564 17796 13096 12665 10700 23661 15834 15843 27902 14959 20813 25556 29631 359 27401 27393 32302 2151 8969 5574 10791 29770 19238 11232 10713 14232 11209 17313 2855 23511 6974 858 23347 21169 32031 971 26562 21957 22985 14663 20229 2711 31686 20699 7157 29158 7835 23896 6721 6549 30631 3014 
25903 30901 20409 25324 16971 15577 2052 24541 22674 20179 21822 25903 28496 6176 17079 1563 22328 15333 17624 10 11766 10548 31339 2119 31750 17423 191 26448 14124 27983 397 31096 3606 29528 495 4853 16248 18237 16498 8577 5767 26332 16804 4398 3638 27785 8094 25167 7185 24926 18779 28807 8462 3170 212 15128 10114 28735 6787 5532 25413 23923 30341 31598 15221 7231 27451 13499 13126 23015 1926 2242 11957 13172 18550 22891 31873 19646 695 19982 13061 6154 15177 32607 21698 15646 24606 11654 14448 6895 28759 26129 31319 30825 8000 19518 30862 3139 11961 11401 3863 29604 17958 7008 8800 19691 766 26361 9361 11274 5403 1146 16704 14079 20479 28162 91 12903 17112 8274 7410 16427 4393 20046 23990 27877 13313 24522 27632 17710 24483 22624 9400 21198 25692 3231 1251 30155 30098 4079 22749 29205 10568 31547 19278 28184 22302 15473 14082 9825 27036 14353 5481 4986 22980 15858 21671 2558 6935 18718 12582 28915 9173 30717 6464 26327 29180 18273 24515 23739 19201 26284 23775 26365 3010 25592 12807 13445 11652 4204 16535 27195 23681 17500 5384 12019 24085 10027 6891 24643 26514 12109 27227 21989 6634 10415 17629 30400 31884 18449 18900 6228 8943 30372 24735 27493 30098 32159 26694 26056 12807 5009 24966 5102 19499 15371 28399 2784 2532 25953 6250 15822 18788 20174 7004 26961 27707 20938 30032 24388 17838 11179 26506 15588 15324 23835 1998 22183 16952 27020 13435 28795 9718 30302 861 8978 19475 25789 30480 16179 7028 303 25974 6864 18952 4575 20207 17317 28621 11377 29659 18054 27235 12962 14866 13870 13473 7450 27715 13424 9502 27244 4345 12435 2934 20233 19670 15141 31834 28621 7311 26606 29740 13340 3174 11512 22226 14577 1135 17761 14584 15297 12448 28864 21735 25764 29596 7165 15630 7939 30321 2348 12392 3917 6623 14066 16096 2872 22288 5771 18558 6940 20189 318 19631 1865 20525 16463 22269 22047 8793 22208 17604 12155 20958 27684 4670 30235 17095 3939 9377 6504 28938 10123 30409 25065 29587 13431 3951 23340 2936 16057 24806 8760 28939 27107 4657 29931 20557 10245 14431 25925 20590 3857 10569 13307 14422 28480 4713 10131 27768 32623 7393 27985 6317 380 16100 14337 9425 13116 18209 26038 7798 25121 21240 15949 16539 1443 32337 12394 26077 3498 170 3641 18234 5262 6974 15581 24871 32432 28450 8259 28744 8577 31135 27095 1140 6062 26043 13293 
27576 21745 13350 30187 15517 9316 13849 586 29415 18510 3252 10729 26172 9725 9505 24677 14464 30409 29671 426 12535 14023 29114 21123 26369 19094 15388 10753 31092 11974 670 8645 19782 13149 3146 17887 12419 12529 4285 26602 28298 22405 12649 24409 9731 2879 7299 15984 13944 29534 28623 15986 22904 30860 30254 32541 25752 1993 30108 15668 31958 23852 8300 28787 1792 24959 11107 4435 10007 13111 9182 9612 4987 28627 17771 22521 23437 1440 1266 21621 22189 18545 14710 24828 7831 32053 30747 28843 5302 25849 24285 21476 18792 27088 15424 6481 4683 22890 17180 13633 23343 16780 18158 18690 9629 6401 15867 28034 11969 27857 31962 4272 1527 19983 21066 31651 21160 30481 15579 22598 13539 31459 32316 3792 5003 19503 17545 13576 7334 16637 18188 12848 26821 7222 30574 31198 7435 17043 323 22087 23813 28973 12546 66 7342 28141 1435 23758 21852 682 23789 4099 19642 31738 1362 10314 8315 27227 6721 11977 19873 26334 20691 29370 27505 3936 20693 30943 21083 7470 4271 2217 7203 763 9641 24925 13505 24111 15022 15420 25092 1562 5527 25090 17898 19190 3130 22 17135 11187 14079 1802 11456 30995 28759 29233 27788 20057 23305 28637 5550 5277 30133 11552 20931 11797 1465 1687 5203 3398 21482 8321 20057 21168 20413 31873 23808 31496 2874 26685 29503 14606 1689 7195 25659 5433 697 3166 31108 9255 24112 4321 4875 9229 30165 8993 31461 32355 8465 24095 25998 30825 11257 26588 29335 18828 27651 21109 3087 20300 31039 31233 20040 19347 31829 31395 26461 14632 16658 9834 27616 8158 18590 15816 8979 2127 12336 15770 4145 27972 4409 21779 30657 9104 18157 32194 5451 21094 9113 31272 22460 118 6713 2577 4275 30424 11525 17696 19577 7214 6110 28191 3028 11018 822 32585 28598 18012 25478 10620 21018 31691 22645 32623 25622 649 8482 4271 32638 23301 8237 25739 22570 6550 22456 1520 16066 4279 25966 7814 12507 29250 14935 9530 22742 21191 16834 31581 26580 4462 7722 25604 12131 30402 3519 7441 4379 21473 5321 11295 11949 31408 30450 12769 6246 4127 17042 2400 2818 1105 23980 14337 19769 1446 11015 4467 27088 12708 3548 30806 26877 8405 4427 10696 3451 15617 21380 23082 29224 2001 15946 16529 23395 26549 28643 21270 28108 22426 597 9031 26649 16501 1676 9346 894 11958 29959 27070 13218 4059 20765 12540 1677 7815 21198 25989 10194 20477 5831 21612 
32643 9590 17023 16157 6203 32136 7558 5661 6572 7871 19145 13251 7964 23157 6589 22005 21995 12475 21238 18916 27128 27917 28004 26668 2749 13467 17129 4413 8013 13601 27901 11526 14405 24518 4475 5834 31179 22539 16627 4056 18857 14326 26482 26798 14099 12105 13210 18235 17253 21614 2125 10733 6505 16502 424 21696 13634 14664 29453 15414 6171 14333 20002 15090 4552 6385 11277 15239 27067 10339 2705 2261 15749 714 31706 6565 8891 4839 5216 7518 19393 1186 14968 19565 3813 20226 12410 27156 15049 16635 13181 17829 18357 1215 18026 31256 29626 31811 21409 32338 22398 14367 2506 10762 335 19353 24818 19074 733 20917 1236 22744 16621 3066 27247 28971 179 1256 28942 15452 8707 7480 20200 2448 12106 3484 5561 4007 16401 24440 31859 18416 4491 10592 15633 17646 22608 11875 25637 21894 27535 8305 20160 2737 11536 27373 22883 23032 4165 9423 27825 390 812 10589 23187 17867 16549 8285 1657 27302 5331 12645 2626 24196 30455 10543 20190 32713 8575 30369 27881 18903 7458 21398 13664 2606 1791 22905 28310 22804 17127 23787 31774 24972 31083 30970 5054 10358 12126 3211 31712 18952 26366 32409 8412 26737 26674 16516 11115 19296 17894 8145 30522 3872 28554 26742 2766 7015 13461 17206 25969 30964 260 26845 20101 6886 17320 7840 7706 23063 27677 7474 4166 32352 12377 27910 30281 12549 19907 4680 16107 25762 23054 22533 28570 25470 12422 855 23716 27485 18030 25239 6071 16770 16023 20882 21133 20348 10373 29094 5559 20279 24790 18952 26968 4431 26361 12434 1381 32377 613 8659 193 27169 24280 20654 1623 11939 12500 16149 4869 21285 20875 18116 1364 5557 12412 28188 30870 2522 19668 16660 6813 632 13099 13816 20980 14579 27026 24667 25275 989 4646 29872 10182 11857 10500 9890 24334 8693 17543 27512 18226 19196 123 19260 1798 3225 19793 10322 23367 10594 27244 15056 13870 31726 30675 18260 30644 32765 31790 13608 877 11111 7260 15003 26308 12754 31857 27350 7667 904 28467 6412 27564 13288 23929 12266 24806 1192 7639 22316 29449 30385 23064 8006 5028 17692 16885 24870 12203 20192 22694 29333 10604 23633 25985 31254 17670 12500 17072 9402 12076 1618 12976 29512 22389 13748 71 23484 11572 463 22675 418 2562 26754 898 21902 1110 17376 9522 14653 21207 21088 8802 14760 21324 14542 7069 18122 18581 21580 19658 20594 23379 29031 15801 31306 9372 18312 
18620 27530 18688 31296 13539 27999 25421 17872 3594 10237 14703 1387 9121 26407 23147 15305 19905 30390 22396 146 27168 18991 24561 28523 7461 5642 24955 8789 7529 20516 18152 32112 26922 24402 27547 26559 72 22738 10485 4356 18726 11235 15926 22748 3134 15151 28919 26491 26608 21133 682 11459 28016 15257 25330 20827 19382 17710 16952 31831 2648 7404 31169 3670 5312 7123 18378 9291 8593 5476 21149 6970 5881 9788 6592 3949 6926 8480 26716 28083 21906 16312 3557 23655 2726 25957 1234 16668 31826 21730 27528 7427 2543 22916 1196 22180 18890 28720 8778 4145 26196 7699 22912 16520 26848 25980 5956 25087 28107 19381 31622 9093 6696 30056 4801 2559 24939 10882 6255 32657 23136 13166 5948 24772 3999 1165 9548 29266 12435 31288 22610 8382 21575 10641 31215 561 25335 12079 23332 29944 21532 20548 13529 1089 8719 6253 2811 7365 20428 16220 6033 2685 6546 20355 83 1719 12171 18731 17180 18976 20994 10768 18862 26974 22262 12463 20677 28530 16663 9066 15097 15693 16673 19668 4693 18205 6016 4440 22367 18829 26624 21049 21917 32403 179 22670 4791 28434 26592 20438 20360 20988 14283 22206 4027 6912 27291 3776 17127 29169 24135 18727 26580 26078 20549 14757 27058 10869 30079 31306 26386 4666 14507 14720 8724 9034 15455 25309 24045 15214 17610 8599 22253 22328 1487 31135 28830 15901 25478 18194 25068 20495 3273 26722 1653 12643 17755 21812 18712 8709 8834 7597 3045 10489 8665 26229 17753 9986 19762 17275 3864 12175 11644 16873 24936 30693 8346 17886 27775 7003 10443 19084 8164 11933 30005 25110 1735 10935 22259 16657 18075 23654 11966 14213 12987 32604 19755 20035 16308 13551 3911 14146 19144 2740 4934 16520 10452 4524 7289 9201 31169 13934 25469 4020 20295 26637 24319 27108 24717 30598 29039 14847 561 16159 14971 11431 14176 29289 7651 7337 7715 27764 22549 13114 6358 28730 18328 22056 27857 12912 17133 13247 11223 16563 26611 12897 18298 25563 12467 9400 7017 16881 9036 28297 27288 25204 7278 9786 10678 8666 21225 8803 16634 28427 8656 30837 31551 32151 24644 15440 27610 30383 13733 5743 23491 5454 26991 1822 5494 21888 121 3485 8836 6901 9732 8233 15972 26241 26427 4462 12757 13330 4291 987 17249 23365 23247 4748 12698 19448 4544 5310 19880 26199 6255 24674 20306 6944 23180 13429 92 15185 32407 16872 22333 22186 28617 17215 6061 11082 
995 13843 30304 29589 13383 31532 11741 8523 7919 17511 11720 20283 11358 27581 10563 14602 31960 26400 22991 557 13121 16437 22459 6975 5982 23787 6773 18629 25076 15914 29947 2392 9642 9197 10055 4406 18122 30399 21863 13831 12678 10713 17149 30048 15253 10889 31138 14954 32657 7427 17893 13762 19352 24788 2498 11985 11295 6143 28734 5029 989 16829 20586 14750 21495 15232 8766 13643 24597 17153 17460 24814 20605 19415 31528 18477 32486 26866 18792 9588 26304 24599 23925 5616 23326 22323 17230 10945 21709 21242 26972 12122 4200 13332 4905 17940 12763 11679 26637 8755 13970 8601 16198 23467 27236 5224 14088 9711 2404 3273 23677 1614 29114 25978 17022 27908 14062 22144 18318 3028 32028 20067 16861 6696 18968 0 31244 9519 24632 29901 31768 4665 24570 20351 26271 4881 3151 10982 27674 32082 13031 5673 10727 2195 26118 27726 20220 10159 11288 30320 6974 22160 23111 27946 21558 30874 13876 13156 32330 26188 20550 21661 23403 27712 22911 32691 27851 25481 16634 27516 24946 16707 29356 29188 23146 29797 1631 24466 18707 9479 19554 22083 20066 1780 25285 7193 13157 13278 32700 10421 4600 3176 29266 20780 22877 20313 1328 11420 1171 18658 19766 19340 11237 30739 20929 20211 6089 22336 10360 14805 14660 27876 28670 9716 3684 1671 10818 3575 25791 3847 18535 23420 23293 26249 30285 23402 8417 6649 24211 12465 7220 20016 2514 18134 21821 18214 5367 106 626 852 19419 17629 7032 3618 462 32690 10331 10050 1108 21236 16201 28878 9292 22709 19678 3533 3417 32505 1308 5509 11903 26389 31006 23563 16906 29827 31950 11699 26521 23127 28378 11803 14056 8988 10717 2040 16681 32663 27162 9875 25170 13059 24547 7046 29208 11448 11325 29163 31860 10387 23651 24071 24716 10459 22029 23881 9494 17966 21102 9396 8462 23047 22872 29834 32636 4275 21285 19091 27386 26979 6744 8823 28829 1551 14944 7204 11014 32306 23025 24111 7116 527 18771 30245 1676 27848 14776 4106 7832 9834 14521 19223 29247 304 29942 20206 3056 22029 17693 14114 4787 2044 3208 22219 18852 8597 3261 9288 16419 21883 22869 10641 30778 1453 2896 4176 16139 5851 14156 358 9368 29645 23393 20587 23910 15264 31230 15738 413 29863 1460 26890 12429 24274 11194 3339 30438 14933 31416 14568 12485 26299 17776 2023 7960 23174 14022 11829 4624 8557 15098 19005 32237 28608 28735 29424 30472 523 29431 17996 
11001 26378 7108 8390 27907 28258 20620 1960 17552 12249 21731 14306 21758 13201 11404 13484 18084 549 23678 17911 13718 15818 20786 20944 3802 30372 22190 23004 31882 17141 6776 7284 9579 27048 23050 7609 14942 27218 32133 26469 16186 13784 15923 3959 20775 14654 18694 12604 12499 13649 1731 28280 29160 23834 1350 10140 8456 783 15385 23710 21956 4659 11394 4643 15431 30121 29758 23697 23489 13178 354 1919 14829 7545 4002 18145 1997 5005 20719 5940 18607 25777 30673 4415 25656 11876 26754 13060 18554 13833 32261 18467 15375 28423 14743 25928 24199 4048 13555 18634 30201 21945 23608 1448 7136 12531 14903 32453 549 7374 11297 13305 27101 5200 32096 14669 24888 29310 29246 8187 29319 856 32 1477 16832 15642 13291 15223 14903 31779 2926 18367 13594 24909 10468 15469 1406 1504 21005 32512 16256 6878 10380 2437 20742 5174 11609 11063 31128 5635 23764 7804 25634 13503 23006 28252 16113 22823 25662 326 22785 16730 4535 4519 265 18571 24162 5071 2171 14276 25009 30385 22405 11531 22594 22721 12123 12696 21110 743 10310 3044 30885 11563 20786 5354 17519 13184 11322 5289 21331 13580 4086 9753 30050 32060 7057 9515 25387 6160 15382 8452 21317 21569 18130 6762 30293 21716 15380 11014 30961 9388 30928 10364 16249 9793 22272 2574 19771 12917 19732 5830 8018 1998 32152 8925 20904 18637 12159 698 9927 9822 3476 31064 31049 3408 32063 13376 9061 17230 16025 30277 15918 8185 25242 28932 18170 27726 14977 3739 10619 27300 15380 1696 31668 31762 30265 9254 6967 23843 7403 20280 16257 19194 10214 27204 32159 16613 7608 23914 1121 27018 23470 5535 19044 4948 30460 1854 19668 30932 5256 17905 4656 29757 10930 15413 503 20260 32324 22990 28623 32106 15639 24628 19860 12879 337 8591 5876 23895 3004 9852 7923 28608 3949 3627 2467 12011 9465 13435 21840 29278 29651 32082 17413 29683 24820 201 29903 22021 26658 23428 17778 21137 10638 1738 19561 348 28347 2258 28575 16679 16088 22689 28962 8185 16354 26184 16454 19795 1082 892 24830 5448 9502 23272 23763 28451 9981 4566 10069 21930 13906 22085 21955 22329 27886 30334 13979 27561 2141 26404 15756 15449 30715 21601 22963 5253 20425 31002 19735 7962 8305 28533 324 28290 26729 28065 8192 32327 21241 23300 27642 18503 16505 20139 14406 22553 3146 4189 24182 19539 31406 14523 8690 5645 10143 22040 3910 25422 
1343 20080 7141 17495 17903 5910 7035 15487 3323 28635 6443 4398 17441 7351 23917 23058 8916 11670 29638 18190 17511 32108 12811 21344 26467 652 15492 29961 14286 11445 32309 9430 28312 28605 12861 12369 1330 1406 21980 19231 8898 22803 1300 24693 26989 8812 12091 28906 1510 12717 15305 25486 24552 19299 31894 14008 21450 9497 28081 2142 17896 3351 3847 26748 24934 15686 12788 16679 12147 22691 32220 4298 17662 31560 13998 19621 31378 14396 23426 27803 25852 8651 8199 32288 8264 27027 14994 23813 17742 27649 21682 11603 18897 6921 25867 25070 25972 15275 11058 31558 15978 12915 25950 2686 5446 2584 26937 25210 12015 21395 1531 4342 27637 16348 30970 17814 20869 21112 2438 27689 13813 10974 7414 7175 5129 11322 20396 29766 29180 26204 12046 2573 20827 14589 14282 11293 21828 2599 21741 23536 12449 1157 13037 15446 777 13006 30896 15108 28035 1960 27032 24682 28137 31420 16138 31056 15365 10204 3537 11211 1204 26518 2608 10336 30074 9544 6454 28171 28095 7415 2655 5840 20602 32535 19118 9502 22342 20936 23112 27286 6853 20694 8499 25544 5628 25485 22452 14742 13682 11854 6945 7550 1764 8998 23952 21615 7079 32649 14327 891 27383 9736 14259 922 18889 11647 1086 25981 26162 19531 4900 12244 16428 17768 20077 18744 29405 13477 4543 12601 21839 1425 25839 32456 17843 1842 8414 4284 16537 25730 6532 23222 27888 16264 772 19740 21108 20309 17649 3558 28078 29894 17613 31899 12284 23498 5610 19280 7134 3484 12952 15112 4926 16627 28666 15243 12448 17928 11404 10158 17830 109 25140 20223 2415 6621 4227 3718 26134 28671 6168 32559 13199 22421 31055 7085 27448 14733 31788 14556 13101 26090 24902 17628 30034 25110 2891 2434 30689 18336 1676 1858 23694 17809 22770 26906 9563 31441 28208 30982 2257 29304 14252 12933 27762 20747 10130 19879 29679 14231 19509 11667 7040 17149 7940 23398 28792 29030 3553 9005 13463 15490 11341 16806 14708 2592 22000 13504 10418 25200 5890 13485 27988 29145 22713 6431 24877 18369 13302 2445 26571 29416 30191 19792 22383 21357 6711 22905 29797 26104 652 6175 25855 15346 18436 24699 11307 22469 16245 19904 27669 16193 13419 1639 2525 5819 23122 23630 1185 1880 16566 27556 23334 4351 13571 5165 3401 31107 7584 19159 15679 25876 2873 5675 8026 11063 18146 16407 26865 12310 16540 28988 24436 19727 932 7786 21713 26103 7748 2998 
2855 4916 17265 30586 28620 27081 16212 8956 8268 14145 25062 5308 7296 11815 29808 19996 31990 12810 13275 31101 19896 20202 15263 7976 2962 21362 9425 14695 10963 14052 6063 25359 2646 9833 12217 16958 29663 17115 21093 21493 15730 30056 8661 19067 22597 27262 15782 9960 1414 27954 6667 19972 28164 32579 15193 20588 17804 16257 31488 19372 13446 4232 15038 7484 9690 26859 2757 7859 18797 13634 10197 6009 32244 13899 26384 3814 21996 19727 30294 1200 6937 21876 31569 6928 5432 24722 14117 20917 31338 18327 19153 28600 18321 3087 24941 7251 25033 28717 32032 17342 17174 26230 6664 26124 1934 29670 25788 3294 19677 19325 15612 17780 11429 3113 20044 4633 10767 4830 19007 24503 4414 29011 646 10369 27141 10427 14647 20729 3107 30521 29906 24286 24672 32504 15241 2946 29317 17146 19315 27502 5957 12051 9444 23973 11224 16224 953 2713 18526 19348 1861 31835 58 26235 31344 9901 19035 14064 32604 8038 14956 15412 30565 7316 25074 16661 14396 15976 16117 29027 22593 15427 6750 12726 18559 8275 17439 23490 28480 24579 896 25298 17035 19721 31093 71 14757 19447 19318 2231 5493 20582 30251 24158 23542 2496 23524 23658 7043 24680 9250 8005 21756 11862 25740 9701 11474 22992 29660 31492 17105 10557 3890 17668 31503 6379 29541 25614 5054 21923 664 27763 16483 2898 15780 31782 9732 3692 1621 2839 24321 10045 27348 21728 7894 12191 28416 11425 17247 15967 8045 25553 22895 26935 30172 19190 5685 21362 6235 4442 7522 18871 29473 19676 15532 8318 6012 21508 28564 2273 26538 12871 28021 12595 5737 18064 10684 686 13054 1109 20481 32573 1142 19137 16163 15836 17353 6386 6745 23558 27801 26372 11248 16862 17642 29301 2440 16817 30841 597 28479 27759 30874 15178 32603 5967 17055 27198 551 1103 14046 31555 16242 9023 21921 3487 19307 4928 12639 418 3044 4861 20226 6278 19542 19579 18236 8174 27492 26224 18428 6749 14361 30419 23417 26640 28626 20238 29653 1451 2854 17477 6183 27409 24239 23280 21483 15632 23065 15866 1180 8164 30085 18131 27747 22728 9609 12615 5890 24508 32149 5298 14011 15709 7499 1601 3730 18854 19848 7655 25060 32425 15654 3546 31837 26232 1111 32691 17226 29450 32151 2801 24593 16470 28928 27049 9083 12372 1216 7870 18592 17778 1262 24591 25560 27923 17206 3638 19510 26249 21178 8681 22629 24958 7753 15695 13943 24927 1762 14209 
27784 28399 23507 5204 22967 13365 31818 18972 7686 2646 8829 16848 2096 21156 29071 13041 25270 266 23511 17668 25377 259 259 5034 18527 27861 6443 1287 32659 30267 11490 5218 20142 21303 2280 10764 22073 2145 12633 2768 6594 10160 2761 9405 19057 2539 21325 27393 9637 2707 30020 18179 3851 30140 2626 6480 31957 10286 680 11255 13180 22253 8861 7248 3206 10152 11403 8692 25206 18536 26242 30157 885 16534 3394 2421 4322 26953 3725 26168 20599 28320 28682 9666 1029 8824 1459 22368 122 25117 9595 16487 23159 27486 24721 29112 23694 749 27892 3883 21006 25656 17370 13776 19486 10307 2148 24185 23762 5768 26593 32107 29259 32155 26123 30223 32450 18029 16394 22489 8455 5118 23355 8999 23540 21856 14845 13982 13465 12402 30286 4130 20324 8110 25278 26931 31181 7512 31957 21447 32728 32264 7465 12180 16017 20298 5977 31710 16868 19635 27367 15917 4289 13817 4024 27574 15873 22291 6215 8005 12893 21831 12757 29886 8730 24314 20475 20528 20903 17669 14957 26204 7278 24360 1790 25876 29268 21833 30374 25730 29820 29264 1589 26187 26963 11424 21766 10554 4747 5768 21167 10755 19302 29455 29769 5564 10465 16202 32112 4582 18659 25386 549 6039 13350 22691 8868 22961 9732 24696 24001 28230 26747 4615 20621 13599 14926 26361 16793 26344 30281 22584 7697 17164 9873 21481 2794 10629 10171 27266 15475 3362 18989 32304 9625 24717 27317 894 19382 26802 21600 17275 3233 6247 2649 26649 3889 13143 8876 9086 26477 21341 4731 27526 26442 16697 18458 17355 5099 8007 32462 25865 7977 27602 24222 10853 18717 5231 26602 620 30341 22678 32716 1520 15225 3409 2405 27494 15398 25296 24093 19708 1242 30679 22337 26040 19243 3630 9010 9195 13540 19919 10049 14432 17049 6821 25891 2306 24163 5692 18928 22450 8544 8004 9928 2360 6000 28282 25342 23050 26769 5347 15267 8417 13429 32548 18256 8358 5376 27286 5591 7801 5307 29629 32431 14541 16499 6417 12822 7207 12245 8605 30763 14430 6217 27172 2597 30818 21616 15992 18086 30923 3076 5961 15210 20685 31777 17494 29274 28653 6619 22810 9789 15725 5581 13039 17095 3029 6486 19279 2328 14574 28439 31120 22261 1325 25357 2123 29 24565 1917 14105 27156 9588 5837 32674 12272 14178 9849 17134 1339 4847 21889 17679 7612 5587 17739 15285 7561 2952 29861 8578 30587 14882 3726 17122 18422 8469 3 1354 
17761 10559 19432 31354 17567 17942 1225 6499 19473 4928 13741 3361 19619 10657 27317 28830 27306 20051 6979 1807 7128 29069 23781 5138 2827 9198 17958 7316 29590 15225 18665 7821 1871 23067 28457 32442 21278 21278 15965 29896 30172 27899 12780 5618 31339 28645 19219 15718 6053 9565 5136 5133 14992 28836 26077 13124 27808 27171 31758 3210 8749 29009 28614 20331 32046 9837 26543 16780 29960 13895 21489 15210 24354 25508 9251 19531 7266 17856 12195 9716 1998 30605 13857 1548 20609 18119 6454 15536 346 1238 15529 6059 23262 14716 9291 19803 6057 112 6457 14523 25283 19623 1997 6754 29224 23792 32490 28899 12867 17092 1991 21900 21688 18335 17654 27291 7356 27965 3033 3108 18262 10172 11892 26771 16264 19169 26640 19836 14472 125 10951 13552 27641 4032 3487 17391 24818 22824 16664 27656 15367 13799 8876 9320 10400 6037 22826 15547 26628 32437 15112 29858 21050 1384 29324 9378 15339 30508 7275 12972 9318 21759 17362 11523 27257 20268 19658 16544 19018 29812 17397 11106 3055 26421 23067 3766 21434 7417 9316 32028 5662 23219 20699 5931 22763 23972 7609 27107 29508 959 25087 26129 32073 844 11722 13042 24742 26612 22032 19161 3475 9275 26118 17225 25659 24631 22345 21900 29312 22946 14802 10494 15811 15192 17463 21379 11901 16193 22200 2205 26191 30153 23878 7306 16105 26672 4568 17539 2721 13702 4082 28509 14030 13662 7729 18105 23249 201 11999 7413 32187 19329 32030 15048 6078 27944 18608 12256 9238 24302 19880 21284 27167 18708 21753 31693 17447 6636 19953 6356 10983 9401 19613 25679 7074 18424 14980 25537 12411 14680 15378 26822 11873 27100 19608 5969 23999 19708 21131 11500 11619 15977 10605 17382 921 29243 1473 10801 13191 28885 14791 10818 27194 6995 1134 30034 10979 28146 9870 2654 29703 23808 29606 22369 6645 344 2664 3387 11560 14048 9540 15885 16378 9840 15171 7935 4313 4365 4360 1719 11704 3620 22345 6147 24282 1729 32210 9973 31760 23572 13682 24823 22952 19480 18827 12436 15710 13491 13643 23092 4996 18280 5770 3167 30782 1877 9984 2687 32014 7765 25940 22247 21686 3720 9814 32301 14755 6098 6430 28391 7534 3651 16848 27508 19253 25606 21117 3890 21812 17080 12626 25124 10175 13033 4574 25527 14310 29348 18899 29301 10559 3095 16169 27356 20903 8828 3474 30771 21286 13869 27455 18343 8711 15097 19107 17746 4216 10665 12811 28185 
32483 31783 9557 9176 17949 22375 226 1461 28309 2552 2242 20151 6936 8901 29358 2445 12208 16417 13340 13830 13138 8418 29824 29157 25484 3433 5521 10003 19900 8402 27755 7333 32520 22006 14469 4865 25369 575 14536 5083 8945 26942 18938 32166 18884 5707 2290 14733 1276 152 14587 1594 10587 17545 12525 12239 10415 10158 4361 7097 13399 31917 18753 11925 24150 12449 21500 30378 8234 23641 2239 25189 20013 20050 6303 25365 16785 11113 2524 26423 2302 17290 16323 29080 11156 2299 31641 32413 6530 31014 26045 22486 24545 30285 13233 18207 806 16260 10349 22472 9557 5592 4510 7383 26737 23031 25830 12129 20386 22406 22539 2992 5818 3907 19117 18019 30516 17146 24955 1541 26880 8798 29151 14655 5300 30778 31866 28518 9389 2440 27979 28502 11450 32703 15354 12807 20322 10141 9641 1345 18095 6999 6937 19834 17542 21264 29198 16601 12493 12800 26676 29612 14210 15668 5368 11507 13273 25755 1394 24276 15964 18148 11708 26548 19636 19208 11671 9570 20744 6065 13705 28475 244 21850 6312 23888 16961 17162 1115 23650 20559 27285 21075 19730 8820 4266 32217 26734 23104 27301 32395 15254 398 21945 30877 16922 5284 23002 6432 3559 420 14833 343 30716 8375 6013 22739 27943 11965 13218 28875 9753 13213 22930 7241 11990 9183 30931 6224 8813 17468 12884 31118 15547 12092 12046 23735 574 6809 9005 21126 12110 1197 13501 20444 6026 20140 13620 28168 11063 23735 18912 9023 28286 20251 32630 30461 17449 26038 15248 7368 21343 588 9820 29724 29500 11287 5781 27474 24884 10687 9798 23386 6902 12379 20348 28512 14273 23416 21917 20242 21188 18362 19906 18216 19688 12548 5263 17693 8112 193 4038 9624 29942 175 427 4941 6816 22804 5244 28728 2606 25354 3008 31342 2682 21558 20780 8633 20919 9734 168 3740 15700 5163 2821 31069 16099 4454 10663 29029 665 16261 5197 1457 25834 12491 31810 19313 27675 3331 30182 5383 17608 19802 5428 18100 5895 21426 27436 11611 5392 4206 13205 17190 18238 25703 32345 25575 18438 31057 13984 26044 21319 17110 19903 21614 6958 4895 2157 8637 18574 3438 32344 20170 25390 19596 15674 19 25992 15542 31622 26839 29187 31644 15817 1679 8185 32002 7254 27676 10250 11602 21130 24549 23702 8422 16625 11284 2376 16008 6140 3353 22123 29510 6174 29406 9876 21871 27589 11980 22254 3596 7603 569 3767 8264 24698 31945 30316 
19658 24098 7386 23403 25230 21028 30325 9872 87 11158 20732 4845 6065 14533 10186 5630 4473 7646 8123 31018 17704 24697 29337 2517 30719 30810 30914 3490 6331 4095 27532 7181 19045 26992 27501 2714 3847 27403 6878 21652 19999 19825 10988 25752 19055 17724 16388 30706 16291 2052 25430 17299 11967 18994 28736 638 14212 24433 31504 29557 14151 1182 8718 30810 28583 3095 29272 5519 14607 7359 4664 1832 18573 347 16714 7254 9003 6618 22369 19453 3824 20340 16798 31396 16182 9926 32085 11080 30995 9454 5064 10 30089 19765 23040 7146 8400 25529 16189 2607 24930 6692 8731 13199 12591 9801 11485 16973 27371 17458 1283 11930 12226 12828 4910 13882 17548 18142 239 19567 32304 1852 16706 29849 20224 16802 10348 2445 27754 17514 30078 6350 4842 28315 15796 18359 16226 4314 26498 27434 13957 15424 31612 23679 32140 23734 10791 32395 10821 22289 22834 12036 2280 6506 13517 27482 8620 30408 3105 266 5943 2721 22593 22034 20988 5447 15512 7341 18981 21085 3133 20093 23508 11419 7117 14807 2434 11983 11655 20720 30982 445 32503 7213 11956 22234 13508 27177 16721 19836 11221 28062 5715 20689 1641 20412 2473 11052 4950 15524 21895 25048 30447 4477 30 31752 11370 22347 18371 19855 21857 28697 30229 3981 13879 24306 2330 32292 18756 28362 28355 13479 8369 26143 19955 150 13000 14227 10082 18734 1453 7316 15132 12101 13280 11842 8573 1508 18015 11276 22133 20425 26588 10888 4815 9132 23068 14157 2779 9837 3115 13123 7499 13849 16997 373 6381 5093 400 17856 4143 32541 15240 4679 20199 19656 31980 3055 12301 18508 3524 14623 12560 27783 37 21329 30138 11850 23720 32177 32192 18338 30466 29783 11706 13422 17620 2261 30475 23572 27510 3239 15369 14491 28246 28157 6084 28355 11020 32162 17486 30569 29875 23248 5349 26832 1754 9993 18781 5285 26800 13941 27753 17920 18527 11543 9803 4734 14088 6563 19980 10857 23732 8592 17898 27030 8941 7542 29963 8732 14367 23564 8230 25482 15739 2175 28384 22016 7686 1739 12975 10129 10645 15544 12695 3454 5445 6910 15703 23578 6589 2392 2710 8419 13016 5062 9791 16171 26701 23030 19864 17136 2163 16807 8303 12070 25784 9329 30619 19941 12977 24207 24657 25532 25834 22474 14552 4370 16586 24705 28880 22654 5321 6918 13763 13027 14767 10510 4726 22113 14963 12229 13312 18966 3729 23730 4666 15575 11060 25879 
17665 21611 13861 9135 22236 14954 27722 24648 8592 19692 6911 3914 11079 8209 20715 29894 28817 9751 4878 14935 18829 23113 3235 16318 21063 16765 8381 4660 29524 5334 13942 20273 989 12723 10857 12406 28827 17314 3795 14964 19128 493 4529 32073 23839 17871 25835 844 10924 2213 31119 10986 1448 9650 11045 16480 32725 1910 4654 19485 16541 193 15945 11967 22270 11623 19346 14844 12178 7766 878 25013 19107 2293 25481 7063 13700 6921 24462 20154 27122 21918 16125 10906 23837 10445 15635 29237 20120 7275 31714 15510 8847 6183 28780 9668 21977 7200 20710 26808 23190 17485 30731 29871 27748 30768 28807 4221 22740 28323 21207 31103 26661 19709 5160 15112 3550 8123 1371 16114 11209 2707 26029 25013 24096 18567 9378 23184 27853 11511 9244 15856 977 30917 26358 27257 23013 10808 25608 11306 19113 7813 5140 16644 849 31494 10882 31305 2343 15742 28663 3609 5655 8483 27337 15918 27812 26280 19299 14931 7326 31857 31283 20843 9440 20897 1904 31612 11879 21720 12226 13137 3941 28689 15768 7311 13771 3751 2568 25138 15526 26857 1753 24164 26899 23730 15663 30051 21671 18959 8151 5854 5709 5515 18730 6613 29331 28004 1239 25873 21274 5594 6954 30541 7232 27059 31625 19935 26189 3824 15670 20594 32514 22321 26471 2330 10047 11872 22809 2856 9975 11784 10744 31806 25949 31595 1585 30845 7496 906 542 19162 13738 30078 1634 19242 32082 1531 11849 10999 9363 9127 29398 12092 3429 29686 20575 18105 22692 2128 779 17476 11183 14386 10919 503 10005 19055 19615 15247 9663 32305 30952 19505 14785 26907 7911 27828 26333 9711 1563 19621 2020 132 25021 16471 2306 29127 26137 5491 1012 15559 24785 25018 6453 30589 6090 24633 29612 22784 18450 11128 18950 11531 88 8744 26917 22614 30974 15553 24707 29420 19290 11458 30833 586 5293 9916 22009 710 7095 5754 665 27277 867 26464 25491 30458 9973 15944 13384 20270 25537 15339 24363 26702 20656 31331 28602 819 2836 25502 9260 19558 11482 28028 1519 21001 8175 14792 13279 24198 2047 27517 1695 13034 3136 31159 27588 3827 3057 16476 20274 2874 12866 28261 3520 21540 26881 4118 18325 16032 29616 20853 13520 22423 21031 4749 7275 2630 9696 23555 17558 2161 10134 21946 6469 11434 27294 14786 21007 24993 30112 2199 21463 15797 2872 6745 26337 5125 14944 25355 31969 19994 26572 25174 31602 9812 25685 11644 
28544 6643 30616 13415 28073 18006 32258 6547 9145 30184 5063 5468 455 134 7840 27869 8584 449 8131 14356 21777 8825 18039 23804 25849 1443 13646 4268 23336 29961 22757 14248 15461 19809 1399 30666 17498 15519 2712 11395 23083 26861 22227 17262 26892 2733 9788 5553 26810 11270 3361 18078 11820 22601 22680 24414 19307 17541 13940 1265 13134 15479 22901 20979 24205 7584 3714 31300 3662 29393 10234 17639 7772 4212 30760 7696 527 29327 1872 27447 31504 17401 21710 21798 30757 27693 18291 14121 18387 25594 16472 24370 28644 21449 16224 715 7713 10079 12222 13582 29514 2988 8119 14965 19044 9566 24544 31977 1241 9741 4643 54 9928 2016 24970 19039 1546 1193 2103 6665 27081 23700 15193 2287 21847 16853 21382 18837 25460 5746 24486 24876 27354 30148 7987 11463 31075 22545 6282 8629 20496 12451 13158 13603 6997 2047 17714 12162 1561 28157 27091 20738 28094 19989 448 19683 30682 19912 9678 31575 26981 8102 4301 6879 7551 23432 18752 26521 11665 838 13767 26183 19457 10718 1074 9646 9483 13013 12379 17116 29043 8747 8011 23585 18804 9718 13248 20911 22319 6312 5663 16205 11844 23693 14517 11207 11620 7285 18192 5781 25065 6345 19861 14271 8809 27023 15791 16768 12776 15625 23388 4820 1787 23347 7162 7758 27534 23550 6362 18243 27639 21346 13115 28361 27764 29133 10690 3304 14100 20514 12838 25264 6577 23362 28880 26861 14635 12421 32075 5594 28959 31386 13615 6422 32239 9615 3119 26115 19489 12493 19106 12577 20964 4361 4777 20338 32602 21855 14865 14228 16175 19496 10323 13802 14994 30638 10590 11912 18029 12138 2451 26273 26757 22293 2849 29409 31773 18868 6486 31045 18600 4421 117 6771 31163 9767 25825 30866 10616 7112 6636 13635 18888 5485 15053 13275 18682 9843 22294 2199 24887 27038 1293 16053 4907 5086 16633 4628 1397 8765 6305 18732 16614 6691 20257 3368 5099 7343 8752 9248 29227 7297 21558 12412 31686 29376 22260 23628 3766 29566 23711 21596 1301 5853 29717 28839 13745 3050 26881 31495 23480 23194 13980 10620 16995 17360 8513 6598 11181 1738 12799 25660 20836 28753 17717 8717 3193 4600 4943 20896 14817 29093 7683 16874 4225 9373 20340 13965 16702 11846 23200 23547 22116 1218 14462 14852 19029 20062 19696 18784 28675 14804 19221 31629 32168 3159 22183 433 14061 9178 30772 7957 8488 10503 26678 26247 30300 14603 3887 13105 
31844 14328 12385 19073 4497 22665 10547 23313 24658 4834 10532 32653 27396 15324 5056 29173 7832 15871 22352 20978 22636 17518 17626 26603 10863 11794 20835 20874 24561 6745 32480 26765 8137 6546 27800 9125 29198 25826 29175 16741 29466 28984 13780 19211 32533 31994 3783 32580 5376 18796 22821 166 10187 27886 10666 10464 11606 27283 29615 1868 5248 13304 24784 20731 1060 19227 26271 12089 6708 18551 11172 31471 31254 262 9449 22716 11210 20160 19580 25400 15168 14292 5620 10723 26580 15783 11414 16872 9038 1884 1052 17422 15520 17090 15737 2719 9254 20469 6589 30911 29535 12113 279 3385 2407 1492 2184 16941 10616 5367 1877 12315 27865 3870 6693 3214 5543 6435 2709 22653 9938 30824 10290 9591 19474 28144 324 10803 3537 24785 19887 27466 15918 30122 511 40 29598 28096 27905 4743 10201 7280 17926 13959 387 22274 23571 2672 16053 4277 25475 31268 6433 1485 14197 7165 6319 25915 7881 26373 2567 16938 29491 19962 11093 10111 29133 17404 18130 23723 4867 16502 12407 16295 18086 17067 24494 20220 20644 14548 4953 24557 4891 6499 15543 15526 30623 31719 17378 9058 12428 21339 26145 21007 27127 7220 23036 32756 21818 11299 14329 14288 21408 32310 5326 3801 19256 30466 828 2772 30115 6507 8765 25352 13821 3752 11667 27081 20796 27499 20937 637 16859 25962 3556 9868 18821 1235 9950 17712 26707 1143 17800 15033 9091 28551 12818 17263 30795 15187 7322 20471 26201 27670 31626 27499 24360 26046 27323 10943 10568 17870 21135 23854 364 25055 21739 30953 1674 5121 16523 1217 26357 17067 4893 102 15658 31727 15259 7993 9084 31644 12503 21332 26365 12612 1431 18954 31898 5525 22698 15566 19569 15043 25157 18333 24746 30725 20865 24685 979 16801 1700 22128 6442 6921 32201 20680 32480 26783 1806 29657 30175 15471 15405 12075 5099 16802 31216 32348 14802 6564 29242 10969 28528 25864 22029 4936 1590 14549 19114 20373 26245 31297 32231 464 14393 7006 18511 4587 10533 21747 2210 32746 29091 21895 24473 28689 15963 30106 6990 18366 18428 11212 10194 7212 15289 11986 30333 244 4561 18765 20358 32616 22722 23110 27185 7784 16639 27224 23765 10188 2039 308 24665 11154 7646 30328 4146 3288 11841 3784 12870 30142 579 20987 4855 25153 23335 25935 16851 25058 17878 19317 15783 28898 7516 14512 4876 5317 17138 23778 10226 24292 8963 12631 27101 13409 20415 21706 
11682 13904 2574 9536 32086 1073 5662 22948 31115 588 17223 32372 17274 29755 14908 4551 13432 32251 2260 16468 8234 29387 16303 24918 7720 27953 8187 7359 25408 9303 24016 988 2932 9289 19872 11476 10096 344 12840 10475 16568 5270 22778 5438 4998 26338 23179 8280 10568 13130 6457 4656 15850 304 11813 18901 30023 27044 31998 5655 16568 22103 13328 23012 26080 13147 19028 22773 7613 28751 14348 11855 10764 4620 16902 25356 12366 16233 1701 15056 19300 22090 7079 303 9461 17551 1069 27756 6157 2444 6995 31798 26572 25694 22574 28357 23047 10681 12241 1119 15554 18713 25867 23846 3075 709 13914 18045 2011 3327 2320 16866 20764 6684 26594 25478 22565 7424 31183 26684 10820 8477 13939 21815 26671 24438 25806 29183 24632 19416 13870 13383 10698 4998 27379 22073 31588 8269 9793 7690 10656 22261 9836 2000 30889 2627 15788 21297 13751 31964 12904 15401 17534 14303 5595 15229 27150 6397 10565 11360 28851 3626 2062 6210 18796 9496 26266 19287 15898 356 30089 27265 16678 18316 29166 7331 9550 4119 26497 29903 914 22583 2546 27739 31045 23336 14265 1410 29849 14488 19068 18900 232 11161 20869 21059 4474 1621 19670 15908 18686 29826 21953 22660 24348 11557 29718 29080 28818 7832 5300 26578 7075 3258 32650 4678 1343 23181 32136 9684 6870 12157 1759 32280 27753 17189 7779 25256 20215 11061 24189 3313 8572 22762 215 2929 14207 30423 22612 28157 25286 12605 26532 8944 19894 8200 8978 13963 922 14775 10599 27294 12522 14456 31983 11150 19574 1914 11334 20682 22734 30080 8666 11898 25366 29048 2360 6443 18143 1107 23973 14564 7424 11454 28736 8761 25528 24887 2949 11265 32619 22401 24211 14273 9455 6479 6887 20102 28373 25035 9295 2998 14818 15140 24386 10212 12530 346 26102 30140 10153 9583 22161 12447 15279 1027 25448 5665 19643 4927 6940 30032 9777 30781 2975 13241 1027 5701 32657 32670 6983 2414 5750 10035 22684 5737 22721 74 11094 11008 5401 11337 8084 22357 31172 26160 24499 1480 11407 6674 29261 27656 15124 29268 6767 11414 1201 9800 15431 11231 3068 8101 27476 20812 14182 3284 25907 12086 5077 22663 15633 10528 14111 29214 18078 26321 31552 13037 1394 2360 7975 3264 5627 26875 22975 32322 31433 1823 29066 13630 19522 29879 6381 26089 19438 10168 30531 26374 14915 8511 29574 25845 16281 1492 28467 23511 915 19750 19385 19898 
25268 21192 768 17442 5011 3627 24096 13330 28230 30760 16305 1728 17043 20137 22578 21951 29533 18085 7735 30587 18871 20588 6776 22866 2778 23020 8633 26076 15619 20337 27781 30404 31933 23845 24495 26844 29670 15789 29399 14690 2099 5028 23074 25356 7040 6783 24276 23821 12392 10714 26435 30878 15431 889 15584 14204 4818 1854 1206 11686 8037 6306 22814 16623 27698 3211 6820 18059 15353 14038 22711 28413 3616 20306 26871 16073 1347 24696 4410 9415 4611 30643 27736 32239 23390 7911 4522 5151 16235 1622 9430 17326 2430 16641 27387 25936 16922 28934 25995 8534 3950 15640 4378 16275 26456 3896 7362 6252 7024 20607 16403 2447 373 32122 2744 256 14166 24222 20205 15628 3925 19846 12438 18784 4018 28138 30713 9954 14971 19518 16898 18379 25606 2573 11172 20657 31510 933 11303 24084 921 3531 23510 11456 8452 16406 9716 19608 15932 19319 8995 15069 25409 29486 13495 17146 19034 23066 13667 30159 7738 15401 10675 26042 28264 19670 14022 24460 85 12088 16309 16840 4868 12587 17074 24917 549 506 31326 4258 30144 17183 8370 21628 32212 22797 22137 8119 8985 22906 15224 4862 22256 14205 13965 1090 7470 15152 18893 1486 9565 22232 705 14095 19749 3987 15931 5270 27311 19514 8063 3738 19705 23985 23645 14202 5788 17881 9285 12642 31870 17864 4146 22102 9287 5518 30708 30948 23411 29710 28331 31302 1720 2399 1299 20310 21703 22213 29710 25152 11734 14413 12107 13690 30710 31547 19730 27009 18647 575 10862 7101 32188 16826 3421 7158 5578 6239 27789 17028 2871 30771 29742 7829 30774 20370 31158 24464 23465 26607 24061 3597 32186 8472 6538 27096 22939 19015 30876 18814 5864 4904 28494 2523 12135 30997 15391 9358 13376 31305 8316 10666 12882 29914 2515 5228 7795 13796 16104 27428 3488 18933 16514 15751 12131 32143 20608 31003 8170 30961 17535 30792 1234 3941 31276 32389 10398 6325 13579 30914 15068 14481 19495 30762 15222 24531 14362 17504 13882 4964 25445 30803 67 27302 10980 10768 2740 23853 28951 29362 332 21220 23487 4184 32166 22266 707 12306 15651 7327 23070 5756 26112 1714 23723 5929 17802 25115 635 32712 14924 25927 31500 15332 29582 32560 8109 10516 278 7963 8644 5417 28880 3589 13816 26619 9562 22945 28067 14409 24147 10594 19098 1772 17531 13941 12743 689 10841 19182 27986 27944 30618 21421 16311 14340 31151 25299 18772 23631 
30706 9499 58 1896 24773 15519 11937 15058 28774 668 30881 10398 6998 13760 25563 29121 30779 24785 30161 23844 3505 16695 28844 607 32630 11362 5184 1871 26745 27916 31078 9171 22528 1293 18951 4654 32763 31827 20256 23172 20279 4571 9456 6628 5224 8755 24909 14356 17399 30074 26372 25047 10068 12128 24948 34 20928 5870 27175 30161 23429 9864 12387 25539 29251 20805 1058 31538 23154 17823 25712 12655 4099 27990 6910 21362 848 18365 17045 30445 3907 8978 26819 7080 18758 27343 17845 24707 14876 11429 8969 15341 11919 4538 15083 26865 2766 10985 11644 4153 24621 8992 1538 20401 30060 28686 16594 15881 6558 22909 9694 21786 17245 16828 6598 23915 23161 2100 32526 14190 10293 21256 22390 17274 14454 20333 21153 11736 16825 13964 14349 20107 16289 1090 23644 10255 17287 8837 8056 408 8256 11189 14090 19557 32635 1708 16643 17800 28531 12192 6037 10549 7482 12250 13030 10459 393 642 23009 20073 19918 2701 25193 8711 18159 23807 24541 10921 4520 12265 25718 1835 343 13577 21467 824 17852 29915 8368 30213 20596 16665 23333 17822 19158 29515 32081 6356 12706 20761 18787 4763 27737 3091 14578 10825 32493 14172 3895 3308 31280 27908 22439 19519 2796 26304 24013 24150 31571 9765 30001 26177 20929 28851 15286 876 19680 13903 233 26967 23417 1913 18263 22123 7931 20656 32741 15707 9166 8145 29339 7011 7137 7796 25133 25859 24698 25516 5555 15881 16806 31396 23363 16075 30043 12377 23314 21273 11256 27994 22652 32170 14683 11086 13321 31169 20750 5879 25780 13258 2266 27453 4334 31335 18017 22138 10553 16071 13453 5148 7079 15769 23497 17364 26510 14439 25251 5781 13717 7302 26305 25154 23649 31425 11940 15728 17605 13087 25354 6648 786 4364 25959 18755 2696 18461 7450 16838 2084 18413 7271 9854 25245 32398 12002 18534 28807 28338 17010 24383 22416 26213 26858 3718 3003 12639 21534 7139 14178 22190 16645 20154 19633 6195 28116 23906 29985 28727 24053 27079 18295 22094 23544 25365 2779 15926 7676 8539 6253 19114 20574 26761 12251 9487 10470 28644 8358 3686 15874 13797 30059 25468 31213 15997 1739 27034 3990 31540 112 27409 1823 3201 22764 3367 5145 28027 10231 20842 20211 19397 20871 9079 16669 27776 29454 8411 20020 7470 29473 19399 3512 2897 31815 27069 20953 14213 14622 28089 10190 21851 15963 26053 3750 31510 29682 5062 1549 12082 9236 1527 
17716 3204 21371 13087 9664 21839 1544 23310 1727 1353 13611 21403 24520 1687 23646 3381 24986 13153 1452 3165 21962 31534 3584 11784 6410 24136 15899 7146 25929 30603 10892 5037 14235 31216 22550 4084 25984 25684 32191 10368 11690 8285 3586 22642 138 25391 20458 30281 4714 27903 15887 12307 26582 27845 727 14012 22937 20526 11595 31082 2453 23228 15558 27775 9979 6760 11249 20961 14500 14950 22871 26445 13547 19156 7145 8188 25659 29197 31069 25310 30118 9881 19844 22704 10181 19993 20154 15376 15734 14024 31244 25502 7125 10471 9049 13592 26507 32707 9 21250 1328 325 13332 17062 27093 11856 14351 5960 5032 14810 27918 7097 16264 7834 14891 1330 22048 25220 13354 10860 5505 18692 9667 12782 22161 11024 31344 10817 31461 13338 12503 13693 7737 21313 21576 31444 21419 18837 29413 21824 432 3518 6756 30405 26467 1237 6396 9667 1729 20826 32083 19543 13163 22208 7283 5132 26648 25780 28070 9420 29686 30015 5850 9126 24684 18482 1989 19778 32391 17211 8986 11874 17061 13070 18918 17984 28919 2692 22156 22652 28232 22623 24580 2896 29470 4986 1040 28559 11205 25288 1504 11645 30339 3852 16601 12970 22714 7754 1597 30644 30165 18446 6745 24661 8299 10805 4763 20546 9689 19171 17035 15303 32378 25628 8201 31760 24758 6770 13156 17689 21923 3057 27808 3953 26580 16730 919 7189 31211 5269 5874 2847 5249 24343 22747 32491 1866 23346 20191 26070 31917 16038 32672 19570 5150 5149 9963 11139 9778 17265 124 30653 16516 1446 27567 20248 14484 4295 6259 32485 8053 1704 26525 2695 5771 12032 25730 25046 11852 16502 18715 26623 12141 11030 25639 2980 24880 21296 28775 20341 30840 32473 14563 10758 13482 388 28665 16190 3523 7444 25988 1829 26974 332 3448 10572 31898 23839 17488 22912 5748 13132 21338 26089 23304 27038 23157 1902 28043 11015 10098 10850 24872 12945 32001 32551 10058 24100 23408 3546 1631 6955 24459 2950 4976 6403 26769 4585 6345 27021 29201 30169 11088 1670 26514 30542 14087 12722 19061 19998 3135 18034 15994 8475 22393 23122 16291 12867 9291 30441 13664 3832 2855 31724 29700 27326 10247 14350 9267 28728 20515 28456 5089 26942 25138 15041 9012 5071 32074 30403 32643 8442 14785 31350 13802 31044 4304 32184 3998 5916 22834 25624 21931 28156 12717 16559 23127 7626 13451 22917 8585 28390 29675 18942 16838 1232 21013 30783 4133 5261 
27567 25343 32084 26654 31450 22526 21408 6400 18840 19091 7826 17047 10415 28842 23345 4783 10817 24306 26326 27312 29012 32347 23880 8385 27034 17353 7794 5128 14626 17588 15894 15319 60 32459 3991 14835 28753 31448 3391 10712 8428 30131 11093 22711 579 29815 16273 5604 7998 16722 4280 9938 16469 10015 1216 5919 17299 17970 26926 7801 26179 26282 29019 15058 9146 1711 15435 24737 29114 21945 13590 7972 24362 10279 19405 11000 26405 10443 19965 5440 15893 8877 26019 11987 29029 5276 2227 11117 6714 9115 3418 7835 11193 25017 7650 14069 6555 6955 29756 6100 27544 9442 15882 7610 24185 1052 17078 23657 25307 27947 11895 23749 6824 30356 13037 25708 12807 26807 2946 10745 26012 28888 26963 7961 17776 16157 4783 952 4664 17539 1106 25706 9057 13611 28851 29168 9937 1743 10428 1502 21640 14242 31192 4840 8316 27717 5769 2509 29917 14279 20414 10052 16485 18209 22296 9553 18603 1996 25918 17201 20729 23252 3433 5721 27110 11806 27495 1675 13389 24435 23907 3948 27970 23262 5594 29365 22083 13017 1698 24704 26156 23777 25244 10354 12657 12016 11720 26232 17862 3147 2249 16770 17060 12165 15606 19155 8290 13076 13729 6866 9883 22086 6683 15656 7095 19609 20950 513 13413 7094 29259 11751 18982 3313 28298 151 2104 22832 25478 4668 6003 6415 31466 7283 15249 25252 28471 10478 18950 8647 30658 13956 860 20010 9628 26770 4105 12971 17742 32249 10405 17516 29535 32332 32102 2945 6492 26371 24002 22366 13257 9470 10701 150 21665 13246 5160 19855 5006 16146 1853 13350 13554 662 21243 9036 11617 25951 15564 17675 18028 30052 10812 10151 10566 29353 2415 10515 6331 5316 20978 3157 23424 15237 596 17293 22584 5403 18651 29862 23697 22183 25492 9149 13979 24114 23309 2865 15524 11110 1388 32341 26641 14523 8894 20966 31848 9308 32009 32262 19879 18173 27406 22255 18501 7517 14842 12865 32416 32435 7913 28104 7303 13353 32271 4753 6395 20467 20523 4774 18450 19490 18522 31066 1146 22099 14548 10336 3410 19433 7484 7782 31684 30993 8199 22985 11633 4170 13141 28584 23232 14426 754 23451 8308 30461 13569 28195 20905 19890 2681 19326 17335 2143 14931 14525 15314 17119 30744 31361 7920 15422 17336 16629 20085 1035 6041 10969 881 4513 4627 29308 7377 18154 15556 11349 18544 13416 17672 25564 27619 24306 31360 12087 8764 7120 8456 20837 2656 23089 
19206 18069 14609 20768 13441 7332 7585 11179 13529 901 4970 26335 26949 13364 1009 22000 4274 2453 4680 29816 7987 13257 561 10930 30181 20595 14376 16206 28441 12339 9261 22229 26115 12544 17236 23476 22582 22774 9896 10173 4717 11267 19354 26233 16325 25837 5247 14459 10339 26719 4802 19723 9274 9767 1951 7284 9647 3473 11485 8216 11851 27256 15217 3611 15822 9842 17386 14778 22682 31247 30275 6318 18351 10885 30651 11967 29151 14679 980 15748 18926 8841 26697 31967 21323 3988 31419 10051 32295 7846 8460 30243 659 23853 10181 3387 2417 19629 14578 14161 29176 10431 5536 13828 21005 17720 26875 32764 2660 32014 8923 13437 31485 22840 2928 9899 23671 19824 15534 353 25147 30325 20956 19611 27433 20429 19737 30106 7190 4551 4744 7037 20410 9617 5886 14895 17827 26870 12566 11270 10863 8587 17036 285 16710 10874 27956 18356 27354 26049 3851 18869 22563 13496 32633 8752 27280 13160 1769 416 17492 27182 10631 2979 24901 23787 23986 17688 28110 29508 6975 19738 17603 18749 30934 13325 15526 9188 10261 26882 28689 2205 20792 24954 2800 6915 14663 19156 5491 1608 22493 17885 23558 31089 24175 11300 24579 3399 27743 8763 25652 6890 6961 3489 28701 1874 1192 27400 6579 28134 18606 12553 26793 23678 25152 27248 29504 12251 4534 6084 20639 2725 14535 18944 24878 12410 13296 19326 6986 22283 26422 22154 2870 6552 16716 18882 13101 23811 25237 27630 26451 13357 17514 26373 13427 5822 12714 31515 6883 10882 16200 3045 2325 17984 16680 19761 10866 25784 20070 5223 9987 11273 29098 680 2952 7777 23035 20841 9241 120 24659 6570 23847 15190 22745 23350 19775 3304 2392 10510 9495 27052 27980 20723 2182 12896 23449 10020 3345 18970 12343 24490 18134 28277 12010 9917 18609 15048 27818 32426 3739 2357 6197 1957 10639 18385 17975 1065 14725 16661 13721 28861 2058 12141 1730 1531 5674 1491 28689 29544 22888 29032 21079 7412 6825 7193 6475 10254 27081 23217 6186 25048 19778 25852 26771 16949 25946 152 32073 5490 6524 8705 3179 27228 23353 19022 26261 17431 30667 21399 9441 29584 7530 2855 8199 8597 19054 11683 30020 25951 17565 17210 17783 18834 3262 22829 6511 6246 6211 26323 11750 4863 22221 17423 8051 27282 15020 13828 30908 18754 21522 26897 32170 6512 24176 3921 25929 27734 1579 24007 19486 30918 9655 10117 30592 16014 16100 26478 7005 15642 
24230 23038 27377 31706 1435 603 9897 26923 20521 25679 4599 1460 28263 7498 15080 19572 20570 28715 28152 30922 23358 16680 8345 3617 32318 30107 11225 7338 23139 13155 10874 27042 17384 11871 3240 29818 5075 25142 3067 18740 24815 22847 20219 10034 10855 1681 16270 26369 9109 14362 17527 22150 1290 31288 1437 29480 29694 2795 15832 21004 1038 12117 10092 25582 13199 14864 31324 2065 7624 9799 9070 21305 23334 26245 26181 2898 5448 3491 13578 21511 24723 11608 29651 32299 12988 19638 19926 12581 20816 25293 18172 8259 22185 27068 23108 30988 30332 4283 25669 31537 26520 5180 15414 17399 19349 2751 22078 21203 15844 15325 1833 20598 1645 9647 4037 20429 5892 8171 32131 3621 5293 484 4778 24047 215 31972 17606 2325 16597 20100 27115 2949 3932 6140 30556 11136 17965 19445 14753 10777 13488 1784 2380 25900 1001 29557 31283 7598 28773 31219 30834 5743 17718 24997 19394 30473 19321 8742 11189 20553 21217 13092 19671 1384 13439 1660 13646 28843 17379 32276 309 3761 23697 11934 13451 28041 18980 25214 8919 23941 25148 25193 18223 30349 12452 18073 26675 23554 11425 11373 17128 2258 6050 27717 4109 19594 8439 5312 21033 24441 4512 9773 2780 25513 21477 21029 17522 24438 28985 16171 29817 29989 10206 25673 12614 15360 14886 5772 31605 16457 7895 12436 22762 16977 15349 8445 22000 20127 12709 23265 25896 13939 29217 18200 7385 32533 23326 9213 16526 29267 15661 10457 24916 23067 31027 25134 29363 1932 25686 4921 1627 28370 5570 17994 13443 22719 18008 660 998 18857 11136 18346 30441 20789 25741 1559 15335 15045 12189 15661 21287 5547 708 16153 560 13968 2395 19977 32767 26443 19004 12528 18404 10176 13847 29898 27733 226 23286 7210 9227 31236 15190 14018 20956 31093 30697 13142 2505 28966 5940 11023 9255 21507 23890 23649 11767 11409 11701 28240 32034 25949 23103 20337 350 10786 11243 15620 12600 11988 1316 19696 19026 3960 26519 2286 23997 22559 8258 1182 32183 11631 12378 6355 31305 21866 13531 27430 23818 15318 12521 3459 17207 23111 485 14398 22298 31606 15654 12058 6604 26496 29294 17184 12818 14929 13544 2731 17956 25644 10564 21923 11374 16476 21150 2700 30895 27181 23014 25935 16275 4470 17056 2245 5275 15225 15195 11075 31942 26506 10361 28142 10564 32294 7018 2271 7473 27739 2396 3736 25764 18040 6810 12121 28985 31598 6154 19908 23829 1181 
23296 17400 65 31629 21959 3751 2301 17501 12603 14200 18862 1035 10411 27793 8316 30265 7774 14253 4033 20960 29317 2537 712 32682 18458 26900 16587 13419 14727 3902 25059 12589 21253 22876 26139 24766 1407 15979 7662 25544 20628 30780 7735 22546 13952 22177 31212 4186 21995 29979 9758 10194 3438 1428 25617 31646 17198 28192 27366 18512 634 9864 12 4190 9387 3747 277 6942 23056 19402 25970 15149 10118 5675 22280 5143 11142 24521 19679 13827 8617 16412 12606 4654 11746 19502 25597 29375 25538 3172 7551 3382 21962 12810 16727 28309 16808 21587 25238 13495 6519 15330 6258 29421 28780 8738 11406 17520 28646 20882 24567 24562 26182 10621 8474 18546 5938 16821 12770 7272 16323 27903 12438 13763 4408 14025 8144 8351 17474 29252 17440 14630 17480 32643 18405 27152 31869 19099 22890 159 19205 6328 25309 31299 18697 30581 18191 666 18019 20677 30581 991 18989 16277 27152 8641 27776 17080 19259 3323 17068 3343 12158 24636 19598 12355 2599 29439 8410 31826 11603 6734 28252 26735 19523 17709 15620 6789 11158 6881 10582 9553 8213 5778 24389 12544 14975 107 23531 3190 17915 22349 4602 32533 6659 30210 10648 3259 31599 14503 30845 14248 28753 2167 17801 3613 2836 32693 12189 27562 22353 20597 1277 6554 232 4573 6756 28461 11789 32373 14975 1660 3380 15451 27606 4510 24211 12634 25721 1854 28144 12199 26993 12875 5828 827 11373 28351 15480 13614 3942 22263 23970 19927 18221 22083 7099 22839 8358 32353 11085 2286 10566 2562 2002 8605 8171 17665 9679 11093 18585 5207 21827 2174 17579 19594 26843 3490 7200 32457 27953 13982 15436 11362 1173 7183 2119 31688 1833 28240 12097 17737 8750 4302 17882 15334 12152 17396 687 24537 24916 22050 16407 24360 3238 21175 23070 20006 11912 22288 30826 27486 12710 20082 30582 1228 26001 17856 32396 8377 17243 3550 28490 25716 2298 2528 20833 3507 13785 12911 20094 5099 18928 19094 25432 20831 24212 25302 29730 15819 12366 21270 9652 31991 17744 19228 28983 5833 19556 6197 31682 10033 30246 15567 9793 15611 30268 32059 22039 29482 15913 32147 26250 32058 2960 12338 14959 14457 2398 21802 32629 11645 15997 198 13851 31324 19999 5280 28395 9654 21105 10720 16487 2459 3487 22393 30203 5500 12180 31444 32462 30712 31 17138 29744 4423 24690 18258 15726 8018 19901 16292 13514 20671 691 8636 17732 25879 31883 24153 
29998 14571 27107 98 6224 29776 13149 31966 31575 29168 4815 6867 21530 32188 14460 28399 24067 3917 15151 7505 25178 25530 26193 27233 17845 19621 17715 15831 3969 28856 31655 9140 31470 26065 10067 28932 3723 6355 16468 11213 21246 7767 9857 21454 14910 28373 3048 16805 11124 1448 11279 16853 17756 27821 31595 1399 6814 10601 24635 8213 27567 17537 21265 15656 23346 1383 12823 6258 2427 391 7478 12363 8866 32065 23124 22740 4536 19665 29179 3204 13135 32531 21857 2349 27075 10959 20911 14733 6274 5249 943 16435 11488 22708 20376 31371 15932 26693 938 20985 5120 28553 7244 24410 16593 17538 28688 21605 6147 25975 17348 3862 21996 27686 32239 12588 12308 19913 31898 6219 10632 16747 19195 23901 3233 18319 3783 4480 4325 4848 20619 16592 31906 18064 468 23351 4939 5644 5781 8536 3570 3172 26014 2700 30290 4469 1924 18857 20735 27634 2098 15778 661 20441 3277 12333 2178 12423 27854 26533 26833 17602 29917 26472 5627 12552 18730 2752 28299 18105 19506 6181 9464 24001 19088 20448 23500 26125 17387 14008 29170 25479 6989 29685 355 16481 17500 17195 5793 8721 31666 29388 18988 29968 18966 31484 27808 17028 3195 6405 19588 16712 31199 16474 24018 21702 2585 20097 4151 7708 20180 14486 400 11239 30115 23699 16372 2285 24821 8230 8847 6148 10582 25071 28761 7703 2127 14495 22076 5134 31693 3207 9383 17270 11151 1061 24969 2005 30186 30660 29554 18003 17763 24829 30980 15105 14716 16641 21719 30663 964 8374 18653 24775 2567 23412 20836 25906 32266 19450 14450 32449 26825 5702 30219 12511 18462 9970 12851 27483 2709 25336 9863 8616 7992 27957 16925 16444 28236 12136 18553 20523 828 19924 13540 24827 29106 785 32197 22482 760 24748 9602 22421 14693 3093 31605 8604 20608 4936 30497 25169 24413 21208 3463 15406 2848 7305 3241 21861 30680 21694 29578 23438 31276 22372 15393 14550 13909 27624 6092 31730 12605 1099 13213 673 17516 9415 1397 22375 14059 9915 6158 7398 126 24742 3562 29521 3775 32685 22143 6727 27501 11130 3800 17223 13153 12550 2097 15915 28744 12256 14203 14987 24804 10684 253 1674 25681 21141 31247 7267 15652 18134 28393 12005 19324 17156 5580 32487 8235 9854 29309 27035 27663 20458 20925 28723 26877 27483 18525 17818 14671 16758 31445 12115 2041 22569 24134 5987 30748 16269 23621 20884 29132 16284 31611 12652 12965 22331 
23265 14109 5006 16857 21356 283 29868 25395 25440 8930 16243 16335 21724 1126 9724 29249 11058 22863 15616 28953 3971 2683 6940 4339 17670 28621 12841 30055 2126 16588 14164 15190 5125 4513 11739 21716 28729 24985 392 30236 8861 22126 4861 20434 2458 7803 1750 12482 10721 25219 26783 30895 24462 29284 30244 11227 29940 21677 28220 30759 28620 21237 16476 15473 22288 5159 13411 1981 16811 30126 17318 3265 27324 20104 30867 22266 2036 8820 1491 10199 19403 25347 2322 4794 24614 5212 17163 2390 12797 13932 8241 20009 8351 1717 30516 29025 4281 21298 8319 8029 16096 18064 9607 13172 9238 14005 13516 31788 1875 10863 12656 278 25903 24047 29912 20637 29788 21212 11460 32309 21088 26318 18851 30919 4833 18884 11656 4264 7506 13767 22410 30844 27035 1657 1032 31779 26433 13681 27777 30273 32232 27817 1712 30109 17194 9955 8087 5540 30548 29483 18482 16657 8403 12933 7483 6751 24060 4557 27977 14872 17282 11959 11242 14202 2895 32293 20311 28907 6207 24458 7061 6006 25961 6987 4492 27609 10312 32472 32743 11269 10741 19741 10548 21886 12676 9517 4900 8299 28088 17566 16067 2249 28568 5448 20820 4803 8889 8422 26648 6484 9252 29317 17921 6418 22299 23157 3543 29437 7529 19001 20687 27041 30985 31884 2976 13301 21330 18643 21763 23241 17997 5029 29932 20983 8795 30212 26962 27734 28266 16296 23644 25461 19436 12776 26964 25853 24354 8977 13748 2790 4366 29599 510 14473 6152 25540 25645 5032 31204 11022 11866 5540 11272 13116 18414 18436 9914 20736 23702 5570 30509 27802 24117 30069 21816 28073 28764 10650 16581 32598 10327 13134 20921 2583 14027 22796 2514 12625 28789 26325 11337 25248 13399 32287 28530 32715 19201 29458 29128 12978 28881 3763 22847 16020 9486 22155 30311 14570 22501 8579 30755 25812 26562 17116 25047 7158 8362 20124 5574 3137 7854 364 26338 5261 24611 22928 14352 30918 14801 7981 21985 9243 27394 8022 20954 9682 6282 22676 676 32705 19042 5817 5027 1162 27505 13818 9460 2325 16139 11322 28702 29131 17931 23977 16552 14352 10009 12649 3403 14059 32707 2067 18658 17713 17209 26661 19000 15119 14359 22551 27428 20382 12015 32125 2092 18707 20304 26052 23761 29225 29627 7706 260 17775 19234 25298 7041 24583 28775 16606 26609 16028 19532 12463 18952 15509 28837 26160 9792 5700 23708 15876 7131 14762 31890 566 3822 30794 1910 30331 
19936 12177 27811 30869 9637 16289 10341 31835 3741 18067 1567 14515 12928 3290 13124 14240 3849 23521 2513 21208 1866 4158 8908 10927 26431 3647 6004 30374 24626 14732 7593 20736 12567 14474 24847 31462 14070 8838 5140 20780 13554 353 25864 1271 31317 31685 15139 15498 1958 26113 31962 17135 26711 7434 27666 27761 15761 4540 23484 11016 12693 30695 17097 21356 28716 13525 26954 31841 6072 24519 14547 21926 26550 9339 19127 19054 28176 26717 15454 859 13809 27973 9431 8386 24154 9946 10736 17684 1841 4711 6901 25108 6582 7314 15435 15100 5346 16146 10052 24056 17479 18569 24300 11594 21450 2858 13966 16104 32722 16122 20813 1660 25463 30746 11198 27508 30938 26537 31183 25158 17928 5066 26985 4911 32303 20008 760 4513 24322 749 8054 19487 7396 6848 11860 13530 24747 265 24470 24798 27293 31138 21921 15685 2517 11638 9120 9837 31217 16491 32506 11422 18442 27742 2939 21383 10535 18814 2825 32338 10740 18945 10189 1020 19068 4123 30777 28430 23846 20270 13714 20724 12551 22498 20042 32435 13788 29306 11964 26968 31993 4159 4727 22423 17425 4699 24272 14163 25885 27127 12479 22900 11493 12317 29998 16199 30254 24175 23323 3354 13365 14197 19402 26831 24593 32495 5326 30206 27758 14488 16138 4501 8613 11371 881 23504 2602 16183 31954 8574 18343 14905 15656 10463 13707 27457 20393 22558 14192 20287 8031 3859 31837 16016 15681 31395 23458 9183 12699 1968 32691 240 6339 30756 17091 18267 21419 14616 12181 19560 21020 10031 1216 23449 30809 16631 983 27923 27397 21588 31707 4755 2650 12776 12164 26686 22983 18516 4800 2969 11388 10799 32397 18577 14318 13707 304 26200 12213 3437 14603 32306 18108 10595 2986 19385 10936 13041 20240 20105 25824 5506 35 5255 11004 26982 30147 6825 3302 8597 4224 30000 13969 19782 9439 13922 32751 12270 20779 12993 20982 19755 21229 17729 19452 9032 9412 19172 19016 5917 5477 5835 27619 30460 25741 8749 28466 9407 5060 10122 12481 20520 30769 28661 2246 11360 494 10440 31416 10472 23203 19745 5947 12483 20207 5075 29398 4761 21712 24398 13868 28656 12815 24608 8843 10747 23100 22289 21392 14139 12527 20769 23411 27085 26262 8708 13783 12117 23992 31603 1740 16310 11346 11823 27283 1520 6637 20286 15762 20200 12366 15202 1670 12613 7108 21355 5155 4011 31894 15762 28419 27439 30403 21160 22153 5324 14890 18555 8824 4860 
23169 12024 7875 17447 26718 23653 2591 17162 25899 4262 5275 976 8126 23082 20218 29994 17697 2371 30797 131 13808 13468 965 15173 32326 489 31117 16877 23475 3928 15290 844 17329 15180 24394 14022 11206 17801 1183 4630 13297 23890 29614 31384 21228 11207 23658 18688 30888 9822 319 25332 20189 23465 15056 27248 7089 28085 31463 27693 1363 30870 9114 2751 1191 19718 31136 19884 7642 1139 26376 19379 32367 26627 27657 26425 8661 17857 17907 26312 1751 26223 30559 9694 7 16204 29197 30948 32163 19102 17152 25152 30484 24274 2022 12676 1753 25131 23785 1338 16180 7823 24688 4106 21394 21357 32730 22524 23395 23977 32447 26729 2596 30255 9242 7219 26621 4009 4065 10234 6165 13203 27954 23860 23164 8016 27786 25632 26595 32675 23464 15921 10521 29078 32090 10190 3351 18093 5432 14621 13775 22917 13283 22415 1790 27831 31066 21814 3796 23459 19841 8005 4775 19388 16312 21209 24864 10615 24396 24086 18749 18214 807 9947 15061 21386 1339 25368 13395 30908 2780 31619 29596 3346 21311 14816 21804 24888 1697 4725 11894 6185 947 25771 29685 22347 1020 19237 25468 709 11008 12223 26263 20320 29785 15599 25039 26600 7949 1602 32315 15879 19897 16092 19661 3449 29628 16753 7933 27769 8873 16301 16636 2586 22741 13435 25319 24185 11808 23663 362 15029 25736 8912 25183 9113 11571 21227 3559 11237 21267 12670 13806 28290 443 12794 26117 22141 10508 181 27748 30476 29553 5645 5463 16700 20130 22131 17719 9504 18418 23050 30178 6516 32538 18413 25051 32729 14014 22610 20352 4540 27242 4022 8419 29802 5626 24081 20287 29885 8403 22457 29564 31202 17896 1625 21860 12113 16079 25868 9963 28401 15378 2676 17875 25415 22311 19778 14894 28709 5601 32170 8450 28273 21397 7505 23110 4211 11979 6145 22906 18898 29168 1595 18465 22576 18140 19079 21357 9080 3332 21042 31602 30925 15370 496 32433 17986 31991 17942 16988 23063 24818 21525 10449 17649 3029 15974 16934 739 15811 26800 12223 10260 17787 22676 9694 27590 413 18088 26645 20031 11279 15173 27077 22459 29894 15906 16283 15362 22144 29912 12458 29548 22928 31255 32761 1960 8222 11996 4685 2063 22533 9793 23748 10173 22187 16982 12030 13319 13710 19431 6831 16819 27336 28083 11889 10998 10224 30254 29148 8276 29681 11509 4532 1422 12863 16122 11407 15619 15377 29437 11368 5583 6614 17769 28341 14223 364 24002 
9502 13520 1762 25853 9123 4144 10673 22228 16502 27760 2350 3559 7308 11928 27752 24480 21349 11873 17740 3564 16150 925 25595 13310 10979 2895 8218 9200 572 15873 24346 6418 15733 991 11785 23744 16063 24682 19507 21008 3352 32305 21297 17484 19344 30009 15390 27127 19985 31300 11455 29051 27281 28846 15074 16946 7502 11437 11545 15067 4328 6546 17610 2590 28642 5637 6740 23639 26937 14508 19461 6095 30461 14749 14940 14772 17827 10228 14816 21267 24439 880 29467 23597 32503 14613 2565 31413 29911 15504 31043 30483 21221 2184 325 2749 19876 31312 2514 29113 16257 29204 1419 7856 27400 14623 6469 2149 26223 13380 31066 27618 19132 5896 13793 8956 18681 28356 21840 1750 4731 10351 32622 31131 11234 2405 13322 7487 14674 15293 25298 1198 23975 290 4912 31737 26457 27427 17377 10967 27171 21423 10247 31930 28091 5762 23362 17856 11618 16229 31507 13689 30135 21793 18000 12292 11242 31083 1722 28618 19638 13183 27665 12988 30649 5546 11702 19645 15418 28913 30038 2448 21309 17415 32487 25797 25250 30568 15363 5601 25688 9109 2813 30476 16621 31127 23478 14406 14900 22084 2271 9467 29423 17074 27469 2091 24912 851 1690 7454 18239 30057 11436 6506 19905 7357 18564 5938 12264 25413 11999 2270 18380 15613 2118 19110 21115 16751 15390 16739 13799 4022 15826 27029 20775 8193 7394 16256 18845 4523 602 19176 29639 3418 95 19102 24810 29917 18121 18134 18550 16520 1649 9497 24301 9715 24036 14436 19250 22601 6210 2831 9008 11375 26421 3891 16114 9916 10460 18798 4830 2712 32160 2517 30720 4603 4635 32719 19811 1232 16834 332 28100 16077 12590 3874 27985 26996 26116 7436 5475 56 20771 644 13181 15638 21049 31158 11632 5836 28109 27901 32387 9473 23458 6487 19694 13782 29955 11290 14795 22715 4022 8934 22425 1068 14725 10077 27747 20810 15469 6323 23585 20579 19970 31270 32421 30979 23701 6752 9936 18303 20398 17574 15681 2581 8376 24303 1572 1445 589 25334 2914 27644 1573 10046 3529 5961 31896 28767 15812 11063 11897 11735 2390 7423 23783 16540 11983 18938 14285 28565 29040 17088 29011 7707 3505 17395 13736 11034 22057 5731 9295 32351 17469 5781 10700 18509 28727 22555 1066 13541 28298 20880 23391 16198 5273 9801 14377 11297 6063 13062 20515 20993 9483 12566 23815 30052 10075 11825 3177 5158 17831 28687 21865 27405 3569 19693 28122 18961 
539 23295 12269 29396 21190 20048 32305 25355 31848 24908 3579 14995 26145 23077 290 7295 20591 27046 143 14171 23414 27217 12032 12943 28528 7229 26467 20084 16305 28511 8300 10922 20611 1679 24432 28130 21295 25425 5157 15603 14577 3967 27900 12532 25402 18723 1755 11043 20884 16194 17648 10971 6172 18425 15630 13973 23452 5829 31355 18935 4988 31025 28174 308 14797 6822 19980 27263 18499 16824 14803 23952 16493 4888 10847 21946 18598 28201 28082 9421 15877 16696 1418 15113 1620 18148 26691 1077 14186 28467 32455 8707 14439 32647 26690 30273 5472 10041 3675 32160 23249 22061 31008 2588 14003 11557 20289 25913 1822 26514 32213 5987 22489 9546 15173 10182 15780 9720 5920 25892 12759 26160 8202 27991 8513 9820 20776 20779 8571 12995 25689 191 20248 258 13781 8350 10289 5838 2695 8112 14843 15985 30769 16377 18184 14234 20044 14680 26480 10048 14315 146 7696 23660 661 12877 8097 19796 17605 27331 2932 11787 4204 30514 21656 25571 30006 13443 20258 11756 19468 7458 13524 18075 19360 12183 989 12811 13654 19798 6724 29689 15439 16938 27359 6547 11825 8237 3427 13498 12752 10517 11535 14484 11360 29182 25228 20870 6961 17635 2610 19608 14985 17637 8935 10991 5938 16475 21161 19839 19554 30296 20209 12581 22625 25292 30752 22752 19195 17511 8664 2255 30778 3398 27289 27173 19041 31854 17662 23772 15913 17746 27724 12580 29457 4295 1053 190 32001 7750 27146 3539 431 5865 21608 27380 8768 10080 31547 20208 31203 21209 17162 27668 21804 19537 27576 28105 2317 790 20121 11630 20302 3285 8103 9858 14608 40 11590 3928 7438 18878 243 28211 28964 14728 25753 20789 26550 14927 19046 6806 3626 30051 12369 29564 4037 32430 23042 29015 10429 19283 4431 15302 8995 10921 20202 17392 14155 11512 14912 5502 11531 23971 3996 4384 30320 26749 12345 13186 21699 17397 12267 10734 0 6071 23780 21737 29416 4508 12930 17715 2377 13459 6641 19747 27807 10520 19292 25416 25632 4119 31826 2362 12444 15392 4484 10843 32643 16285 17922 24203 12325 1714 1166 2008 16867 20821 20407 12108 19833 24898 20800 15204 11040 20143 26754 6743 447 25661 19221 10010 19422 13231 10884 9239 1050 7572 27550 21510 2670 30504 16064 17724 14010 15418 25733 24659 26079 21030 16163 6995 25749 30990 21693 23506 7703 25953 13914 15568 22962 17326 13070 19722 22152 30182 10521 27214 25485 10724 
5909 14636 20604 30328 300 8325 20712 26596 32436 22127 21761 32335 17181 29082 17792 17704 1036 21925 28236 13618 3616 1814 11166 5431 19735 12240 9213 22713 3412 15628 21815 30952 15173 15703 23033 26810 7707 21850 30631 13261 4678 22346 8731 12364 9704 8581 16962 24969 19908 8360 27610 5926 14821 25691 13195 15253 16211 10660 30389 11579 22358 18866 17346 27534 59 7816 25688 20697 7886 23831 176 16896 10919 14496 1779 23929 8074 24813 7795 20926 16452 30917 29512 6960 9922 5631 3201 10364 3134 11772 7643 16560 30041 8732 10474 9040 2709 14752 29660 24482 10973 23381 13893 21719 20031 3429 5254 3175 15993 16909 23179 13538 4532 20960 16769 26042 1736 11517 8723 17221 20111 29858 15439 10085 26707 1941 32535 20845 16931 454 18915 5863 20691 13574 28742 32611 6581 639 19512 23335 19471 14111 28312 9392 9855 23270 3523 32751 2454 14140 340 32577 27256 7928 12971 31359 23811 23669 18115 27411 10129 3222 4288 15396 25083 2536 31403 29970 10960 20024 8739 2105 858 13440 13962 28820 15882 6547 31774 21192 562 31434 23291 1583 17084 15517 5895 4395 12804 20755 12269 7993 13729 22805 19575 16090 30896 5911 14414 25493 18713 19142 30599 17700 15687 18456 6925 19484 19689 5509 31282 10120 12212 28673 6052 2035 894 22476 14194 5370 23521 1071 24266 1979 2262 26743 9236 23071 7818 25050 28463 28853 8987 12761 5288 14924 23159 16199 15461 8631 25871 12437 11751 21610 26562 11897 1600 10069 19369 20899 24261 17398 27596 28455 4858 23361 22167 31511 25238 1524 2401 16583 13939 9905 18830 19715 18952 10064 16436 30748 18450 7854 27374 24800 15718 4081 13438 23596 5499 1352 6137 22667 4547 16495 24695 28594 6230 91 27197 20510 12257 10975 23733 5752 8167 22889 20032 20904 13602 30631 30018 14719 28533 9136 1938 19330 2104 30361 31732 29814 16652 13381 29111 11780 27963 28085 3385 20738 10257 3289 13708 6429 4304 18169 28128 19653 8056 10840 26422 1021 10499 17120 26088 10032 19128 8892 10225 30350 30696 14584 25488 28593 9163 15747 32692 32560 30312 17736 986 4086 17399 26517 25361 5384 26809 6870 25611 27996 29256 19214 3999 10313 240 31818 20399 22030 5855 16454 32648 32317 7638 4214 13164 4832 10292 23550 29185 21555 1950 1939 11169 16752 2238 17199 6424 3117 19558 24846 11684 7242 7822 10233 3592 22145 26297 31276 25829 13788 11177 2075 
17684 13290 13515 16303 16200 16253 20907 23787 28502 28802 26215 32367 8775 4062 9483 30845 3130 14798 27566 19117 23705 7367 29470 7392 2063 21904 16913 16915 17637 13675 13057 19251 4829 31000 17778 27069 23104 21775 2375 13411 448 20508 4709 8501 2247 14453 30799 18494 9610 12098 25038 17773 16368 17129 8680 23401 17606 17248 16174 22286 31873 7673 18529 15471 220 17576 21929 11876 20179 15779 531 27004 24690 11682 10524 17500 21446 18204 29902 32006 18793 71 25982 4772 28305 12819 16282 30559 32718 27644 27832 32564 4629 9634 9964 18005 17651 21239 13155 9894 22256 30260 28897 14278 2495 30572 16509 7173 3958 3965 28713 11876 21396 14305 19927 3398 7138 21902 18154 30920 23776 15565 14300 16728 27875 8128 13990 27505 7078 9215 5267 1869 28780 21364 21166 22113 30724 13210 14254 17691 19585 6621 26736 31827 15756 11460 19746 19254 26877 12145 14609 25161 26966 26225 9665 8569 18676 24354 19140 18995 16221 17521 8517 14426 21334 26131 31384 29413 21952 2568 31702 12992 8181 21359 17007 8596 17608 14623 24829 2200 101 3512 7405 31994 8871 6038 9710 21458 28123 9931 24630 8224 5394 27607 80 8349 46 6741 16746 3250 1557 12084 23707 10682 2866 23289 15686 27273 30566 15967 24574 31044 31517 18409 7757 21443 11297 13747 3754 32051 19545 26652 25347 14621 6987 31124 25417 32372 26934 2632 162 30548 15367 27108 22276 19544 26102 20331 14342 27350 9523 9505 17675 20157 31207 23471 7234 12051 31672 14683 30994 1691 25002 7879 4444 3112 23183 8269 17099 18577 13033 17582 23423 20353 11365 13929 25630 8288 3135 25893 15756 16998 20628 8975 30912 3926 8370 8056 10780 16628 23971 13022 13137 8327 3336 2178 11570 9971 21784 29599 393 17751 18871 9539 10965 31256 7581 27285 186 18205 18607 24421 23672 6074 2585 1087 9897 22830 26902 22380 22679 18767 17588 4097 6091 2101 25178 26278 7296 6774 20997 18539 18468 15163 1054 8034 11608 5164 12421 16003 25403 8269 23419 7904 18204 2947 3656 13129 31486 1553 20384 21415 3623 21694 11155 18975 4179 15492 9035 22987 18901 10051 22255 13559 16368 18349 10576 5655 10275 6986 25732 21968 8176 25392 2816 852 1883 3984 30654 21211 7441 1295 13880 12891 211 29766 23871 19029 19669 29464 12819 29054 8569 26769 8954 12080 8000 32576 1954 25481 8020 24808 17767 23422 3901 3862 32013 12313 2054 32018 
29372 8351 13308 15858 15985 13179 16780 4157 16321 7284 12624 5878 28144 17926 16666 15266 31062 28698 27395 15554 31135 22197 29131 21377 17801 7692 23075 2792 17055 14236 18869 16153 14909 13173 23076 25866 11621 11218 32196 5653 22722 20766 25809 29983 26660 15912 1050 24723 28458 8822 3342 17030 28917 2588 29774 4584 9902 6969 3044 9749 22652 1729 18946 1084 17808 32001 3296 24822 24457 26063 30712 8158 1635 32631 17001 27342 9314 8942 19740 4681 15780 11153 30887 26153 31796 2617 2071 17261 7413 7279 2615 27556 5707 30322 28340 22063 933 18805 30324 5977 14675 19839 21464 18903 9531 4630 31960 32559 2171 13541 8274 16019 5129 21221 6536 25556 7952 13475 7312 21952 2707 14565 12414 12972 20501 10226 3248 29480 1616 3191 11485 16691 15977 5780 15740 12786 21605 13012 6595 16684 2789 9097 9891 12586 26603 30014 9380 23463 9180 1922 11594 30607 23707 1414 31311 25005 25307 24319 21784 8816 2050 28595 19185 14336 9138 19860 28647 1059 9571 25777 11790 10435 7860 3145 19048 12846 11530 30891 26419 14004 3325 27950 2278 6628 21309 26193 28671 3071 3114 9883 13186 5834 5336 31197 12857 12463 4138 24989 23370 30753 703 29873 6647 4776 5453 22405 9758 14521 16563 6321 20767 8303 16306 23728 24190 15809 12631 2529 8145 22503 22989 21720 26766 18430 15622 1275 31882 11547 12322 1262 1210 3454 26715 9299 23543 9239 32499 12045 2673 24443 9242 14247 28365 11119 15796 4150 13552 16334 23310 6153 10412 13206 12437 14826 18153 3799 16833 17143 28816 3676 15629 8301 19413 17504 29011 22350 11975 23009 25809 21298 25716 11653 27413 503 6963 25964 13021 6330 17766 2825 25711 30303 15513 8330 25561 24398 22454 784 22469 28942 24662 25026 19916 25913 12882 14968 4558 26687 22802 24687 27855 9049 7363 5569 21142 30784 13476 3716 20831 17533 25378 29119 8272 11235 19355 15498 8309 7782 25420 16899 16373 5447 30554 10980 30236 7038 387 7577 11949 32590 27576 11071 8651 8829 12754 15562 26706 4721 18180 31938 30210 3137 30681 13843 29950 32119 27728 27255 21880 8194 10578 7827 27786 7483 2311 277 25449 21530 14306 18044 5707 9898 27352 22368 4237 20363 13484 31366 27333 25000 24027 4798 30215 30491 30332 6003 15422 12501 19956 17258 31709 7936 3206 13134 17074 29789 27910 17944 23616 22062 25074 31455 30799 31963 509 19850 716 11371 25210 450 
11448 10211 11102 25473 26473 2140 6079 25986 19809 1445 24692 2619 21217 7420 9002 18694 8619 4712 4856 13060 21861 30946 32461 23432 1956 30212 14604 28634 25283 10720 23486 28451 11967 1056 32388 5727 12768 24903 6242 23701 21741 2884 32566 29069 21306 30192 21013 13406 11475 4352 29121 6383 17794 26180 6535 1051 31788 16419 23214 22608 13796 18730 22359 20647 5581 30768 3815 30067 9022 23003 15200 12347 14438 2624 6749 181 10389 13376 22938 3746 22294 13034 530 22449 25512 11478 5450 28714 6932 943 7281 13204 9269 5234 5641 32288 15213 2302 31113 11562 29224 29925 4266 5705 30352 32426 14591 22893 27838 29895 23125 9122 6720 18430 4483 8578 945 4261 13569 27380 17841 31777 2555 8758 14166 30274 8118 3480 10200 27015 17713 4928 16042 3172 19907 28059 32294 1133 32252 26294 13189 7575 14163 11177 4815 2649 24837 7960 30701 30781 9887 11708 3416 3801 12910 16028 6231 17375 29904 28751 18173 6822 13228 15909 27883 30624 30723 24481 16142 22284 18208 27975 2598 19566 4884 17913 25650 5515 1265 24961 11563 16203 20236 10523 32553 18717 15285 29791 29270 24461 4440 24402 5898 14756 15063 29682 18715 166 24495 31842 7980 1238 27754 25029 2129 20266 2611 1623 29222 12173 20696 3932 22761 31418 27206 16472 6142 7031 25476 5544 10235 2854 5464 24610 29924 29247 11747 12346 32060 19972 29185 2822 23887 10802 28627 24277 15030 13623 4918 9466 25677 23756 123 18876 28515 32025 31059 4824 31635 23632 31616 12147 22523 26912 16686 1401 22422 16907 582 5757 29304 4651 26511 10520 15965 6581 11485 2506 28528 9985 21608 8172 345 13661 1064 214 20359 15001 3185 12892 13166 4188 6118 23954 24652 8024 5991 16678 12787 11919 22554 26056 13517 25139 963 11742 18128 22001 13830 14887 19200 10431 485 29090 20938 31394 10008 31022 7554 21193 15386 28979 2354 19577 30443 31284 1497 30078 817 29771 6176 3977 8276 17135 16629 20305 20146 25601 20405 24270 3428 14083 32173 17429 24722 14701 7416 32080 14704 4463 20335 7160 18070 20250 5653 27745 1474 18135 10241 16084 4812 23761 17138 9737 15148 14104 23847 11499 5905 21613 6216 23400 24651 15395 26849 3074 23241 29021 18949 19848 8624 4634 32520 966 7911 4890 21398 20948 23565 15766 23330 21221 28346 15558 17315 12454 13831 26163 14550 25863 18936 22259 8752 27290 6038 15308 15915 25958 20805 22062 
5248 21070 8592 4437 3635 18462 4992 12930 30637 15940 24483 22421 9289 15705 31608 24830 10138 28800 22190 17698 7258 28641 3636 27864 26444 1139 4623 32014 13769 25793 18942 1644 25607 21525 13590 27588 23967 4667 25297 9313 16815 21051 21434 23403 8469 23293 25116 4541 29121 31879 31460 1094 5804 12747 29235 12234 2778 4475 17138 9411 17865 6613 31227 2404 2387 23198 1185 3830 14095 14990 18543 1198 15825 32218 4665 14747 15128 20526 4046 27510 2719 4209 25467 14911 9269 19091 917 5355 10837 17742 9450 6520 31792 8698 24993 21443 6084 9253 8560 14539 3964 14017 18033 10256 28070 966 19598 18944 31800 22359 15566 15914 17593 27107 3285 16932 29645 19978 16547 1356 9196 30081 5226 27019 14504 7679 29157 4340 26499 18098 12864 26125 16885 9294 15802 6376 22302 28756 20994 2621 21110 21845 15723 16470 11355 14078 14281 11389 26053 15835 3408 29736 21416 22132 17524 29080 22737 8743 14834 3316 14568 17183 189 28397 13758 29400 19863 6235 31808 18661 209 7457 4646 28850 2880 19211 5387 14079 24203 12689 8518 11313 11536 22001 15498 12775 32398 25008 23019 24971 21058 4046 15407 10939 8997 25669 13963 5303 729 17652 13978 31460 8737 6181 24880 1994 18272 12024 5767 20779 748 15585 8143 26805 31971 422 27333 30817 19438 31965 3944 20229 11139 14522 28502 28955 25981 14318 29732 7235 30613 27746 25033 2110 4498 11170 9577 19018 10266 31515 13835 3612 13028 17406 7071 20178 3804 12206 26744 14800 4248 23487 17320 22906 21454 15966 426 15145 19228 3024 26166 20142 6597 2958 22959 415 5462 15573 29632 16153 21911 24132 9625 11034 23597 19897 19852 24102 29791 16130 25475 3141 22317 12131 20117 22806 6434 320 26858 24514 26717 31784 478 1951 15183 13479 10614 28889 6017 11350 13447 3300 27746 24466 30618 10573 24652 853 5578 22595 27373 16302 7483 28705 32533 12859 10844 22053 19181 3343 13365 21745 23767 32059 18328 29414 28673 28400 28904 3028 22099 27827 29645 4973 18366 26606 13701 21176 8204 20710 23181 10303 29562 7386 15814 30044 31851 27471 175 2573 28895 20325 30856 2537 5128 28459 6222 30935 2381 31842 11793 17415 32487 23085 30273 12555 26990 32296 28013 30496 25122 13682 16350 7191 30407 24001 5480 5102 17491 29351 5424 2910 8728 30519 17532 5671 15566 20871 28330 4551 21429 5796 28518 20853 16818 12935 9910 8290 4660 31701 
1294 1654 19897 12233 25808 30787 6321 18087 1055 14740 31435 4597 24194 5592 26848 197 21 14023 4767 11567 18923 21640 5032 17468 15769 31718 14622 2058 25371 365 11157 29621 4668 1260 14944 6261 24006 17246 20298 32198 9766 29129 729 3112 25733 9818 17873 25309 3992 32426 4472 13919 22140 8163 21463 4692 21716 15211 23892 1504 13060 13908 19102 2065 1505 29111 30503 8383 21266 2691 12175 22939 20856 2526 28667 7208 10424 8572 8145 5547 1565 1052 27094 7975 24965 11845 19015 25155 17400 10102 13983 17361 32110 32565 4281 31794 9330 1510 24242 12329 11933 30787 28772 22234 5419 22065 19586 32705 32333 31442 20260 22137 26555 11895 22796 21349 19736 20064 16014 13337 19557 1728 29960 3779 14696 23826 16329 23994 13265 2184 30898 27873 20440 18646 6533 8856 27358 2058 19966 30610 13949 32661 28866 30269 20892 14012 4293 3779 24698 21063 9427 13678 330 448 21711 23255 7333 29952 5208 1622 19606 16579 18244 31524 12082 16968 6091 32019 20314 29939 31381 31623 4978 11112 22925 6255 4370 7671 12580 26067 27879 5591 9704 9901 2445 14519 9977 9645 2290 9534 12771 22023 15481 19253 20819 10734 24009 27035 6393 4786 3940 28110 12456 21520 18073 31558 6584 6328 24894 4341 14281 31456 18202 16343 7128 15621 29695 20302 31811 19778 8858 26572 30810 271 3043 26887 1627 12373 27976 26280 16937 3500 21693 22427 26239 24532 10934 21379 24306 21502 7697 1280 5341 4318 525 20229 18642 30072 30692 16280 32403 32585 27750 13915 24983 19619 19054 31377 12878 30278 25216 461 1625 14166 26186 25158 1617 32098 28432 24536 168 5040 21512 5464 20400 18006 30603 7778 13952 7397 1507 23884 496 17842 25339 25674 18714 19753 22982 9496 7958 30297 21593 12707 14083 27466 14373 27300 11370 13249 26772 11931 31547 5470 25677 24370 24690 7479 10382 23152 28474 3518 30761 17524 4652 1570 4226 29613 28765 5748 19381 26655 12103 6223 11777 1538 23807 25074 20670 29442 10882 9785 3428 8082 7718 14784 6615 1002 6085 8089 1750 9543 19287 14256 4849 29637 1250 2324 6212 13168 11574 30635 27043 16310 12025 31736 27746 3385 30477 7539 2927 1633 18640 4829 31324 21695 3733 17067 102 15605 22902 24175 7441 4299 8023 12012 2958 2869 22915 26184 23953 6896 24052 23054 5971 25265 14189 10893 2888 27683 25394 32282 27277 27254 31928 2988 8523 8329 10766 30709 
7179 28182 9181 2242 23345 16244 4835 16162 2423 1379 9930 2786 19884 17738 18858 9254 23348 3663 27978 1054 13047 19054 17304 4832 12305 13165 18225 30869 7827 19313 9482 17043 9361 5784 30200 18515 8408 19775 5571 20409 18285 23524 28364 276 25736 2126 7681 4993 2902 18834 5067 4948 27798 31216 1630 15215 6305 12885 4550 19455 1660 17401 9110 21985 8529 30038 3689 26224 4303 5003 11597 30900 14708 23791 10907 30540 935 11221 2309 16756 11419 4981 27345 18733 13457 11552 28061 10372 22990 4169 4025 6871 15494 11580 14350 14471 8469 22194 23437 31457 21720 14276 10703 17915 17627 10146 25776 23574 1207 5524 18008 11997 15877 26108 9452 23415 28155 9508 22125 28013 7420 2254 15125 6098 18374 18985 1199 18998 21490 24326 2032 2171 11439 2840 7349 25414 15858 7324 31377 26584 17719 15321 1594 25878 27357 2046 1093 5625 27659 27725 22727 19008 27754 1865 11386 588 23483 18899 16719 6904 9736 3959 18759 239 26521 32654 23660 28743 30337 1437 19591 10074 29051 1564 17113 5809 27473 550 21742 16620 3342 10661 30470 1969 7717 9297 29279 17696 32528 8668 9563 18650 25520 805 20840 11641 48 19551 31989 9720 28247 1375 6151 29543 4466 21954 16290 781 22148 5685 4712 28806 910 26301 3626 21858 5637 18609 21907 13687 14379 16429 213 13271 14417 28188 30961 27218 20633 4143 7086 23275 7734 18428 23886 23264 21601 26895 30946 16309 15096 10585 18933 226 9161 21788 18148 10057 10487 3782 24816 8926 6219 12742 19498 1820 17576 11345 22369 28070 2569 13573 10290 11364 20502 7020 13564 23795 29057 27247 791 18543 20278 9156 25362 24582 30757 1378 12344 8289 11534 668 27732 18112 4512 26852 6499 27875 533 319 31553 1330 21512 13865 5294 29429 25799 20797 1722 32530 17484 29122 32634 26511 8265 31808 9388 28907 17040 23147 12152 19606 5222 22799 11994 24648 8873 14657 2774 30066 27681 27936 8824 18148 21812 15004 19669 7128 15706 24379 12236 26345 24832 1988 9466 26489 27797 10118 9944 5679 2019 24582 22726 22958 29667 6538 15806 2885 5728 31731 6984 25875 30233 25879 335 30275 7125 20242 3977 12891 30311 12869 16373 26549 2690 27066 11369 4491 7906 24548 13203 2527 12021 12065 29280 18547 21696 22105 16660 2734 5497 10984 9562 22002 6050 16765 20291 3288 29308 26239 20338 17892 10151 15482 14305 15610 17553 6224 4128 22726 
29172 28824 28794 2706 16203 9936 22368 17592 19029 10515 3428 3402 28128 3433 6654 15761 12294 13737 13072 16046 1228 6852 21795 23722 7589 29943 13528 25934 31679 8906 6474 3477 29858 7999 14173 32559 18910 2887 3441 20567 8430 31012 1706 19021 1830 1874 12674 6000 9532 10390 7185 22213 29414 11577 23099 8139 10451 3796 30142 7352 17440 7456 25029 21314 24563 23185 24354 7199 18520 10098 8583 13688 30289 13328 32244 5202 23326 242 17025 7230 6643 1406 6325 12536 2293 6370 9037 4876 10346 21375 1826 10808 29321 10349 2846 27023 28594 227 16165 19030 31269 12487 5010 13811 3016 24091 9783 31033 11227 7445 20187 6348 20497 4619 2425 30590 24644 7255 17521 18364 32563 15217 23 7834 30266 22608 10723 25260 29112 616 11755 19902 4226 7783 22140 18881 28012 25996 3113 6729 14628 19767 9533 12181 20801 20924 10132 22879 2236 10357 15448 14003 2781 29280 31811 14835 4133 17588 31633 489 25783 18697 7807 23325 2208 5544 18764 3264 8749 3321 8653 28833 26357 19406 5804 11782 10602 27765 24131 5890 4654 24 21357 5370 20264 5665 18209 17438 31669 20042 14413 8712 13032 7900 31780 6787 28917 7182 9126 21927 21573 24307 24750 17239 5954 14930 17589 20656 32220 1664 3549 16603 14167 15722 29487 25085 24127 12855 12319 4071 14057 25254 26950 17751 15027 20734 31937 10188 27782 18625 1569 27535 21814 29549 15292 18010 15646 22858 7594 4940 8556 17830 30218 10220 3755 21990 3956 17050 11479 10797 1035 6120 8206 22185 6122 21421 29804 10344 5205 633 30784 26115 23555 757 17767 4446 1457 30264 5546 22175 16554 29021 13361 24693 7433 15997 8559 16236 17817 19075 31957 28424 536 1606 22308 6126 30015 31864 14130 10074 65 10783 31015 2636 21145 22142 13473 6683 6204 7069 854 17413 5464 20544 20255 16798 21391 31392 20021 18056 4888 30007 18822 27800 1013 30871 17893 17417 8375 27576 14018 9698 12368 28981 20712 21660 18829 32378 10975 22202 32521 22865 2086 29159 32761 25754 19035 14579 10593 3372 20407 24413 10930 12185 13244 30987 20749 631 22886 8844 26280 20160 1402 17893 9456 30709 28047 18273 31569 24024 20862 26505 13043 3822 21769 7730 2292 25431 10713 24413 22032 15208 26922 10921 29190 18749 18533 15247 12678 11187 9397 13875 26066 7237 10074 6367 18494 25051 29388 16712 9533 31207 30262 14789 15572 24758 6399 12984 17145 5362 
16086 31428 28443 30794 2472 27554 17169 15508 30331 9246 18889 30835 1544 13154 3956 17018 31039 21528 1106 9593 29810 2834 28360 25755 5624 15899 23543 2971 6075 30115 8527 18760 15749 6278 23694 29664 19071 10548 22892 28704 27130 11151 7602 22031 13691 17802 23066 20743 29192 30521 5103 26497 20729 1482 1471 14806 12387 29551 28229 5912 4461 31553 8642 27359 5544 6660 19776 20924 23962 17391 26532 17826 9538 15609 24523 21676 21209 31610 28691 2831 22194 21783 15269 23499 7619 3163 29322 31340 13073 20822 27323 21753 14035 26345 16792 26518 10135 7916 15140 25887 5862 20487 4638 26798 26140 23304 10905 7715 10986 10464 30254 4416 18890 23930 10028 8303 28329 20096 27233 30494 28599 17083 30389 17478 13586 31740 7798 16258 31858 22802 4303 21159 21072 3785 12237 437 4206 2815 15536 18877 24075 4196 7270 21955 337 17334 21135 20929 20979 19579 24268 2442 601 303 26812 19132 5061 12915 16830 19315 24896 16919 1859 12908 25602 15768 9406 12923 31168 15122 20307 16608 7192 15911 11706 15997 1317 30870 1009 30993 1969 18621 14021 7099 25170 21480 19065 21962 14276 29641 15542 543 31551 19404 9154 26788 17773 10024 9496 18649 31931 6011 13642 7696 17879 30796 25873 20024 17085 12131 29634 6616 20584 25804 11844 11528 20385 4230 26020 20855 13900 5111 24088 623 31011 9011 1187 19316 9240 17504 4426 13803 23033 30451 3303 23020 4261 27760 1093 18635 10916 26447 25717 31286 2870 31572 27208 27108 4014 6875 27153 7253 5119 30090 22911 21624 14369 12989 2396 30196 10918 13510 22746 28245 23650 27550 12733 2040 3135 22274 26380 29376 23134 20675 22520 388 7629 4525 27796 20316 26225 4248 6440 28719 23107 9977 13950 30225 23494 21539 32216 19472 21073 6740 14449 31789 21973 20843 25172 2848 11618 19475 22938 11141 14936 8605 24548 16432 25789 21534 14482 24762 23244 18579 4144 14284 5186 111 10189 16946 9018 29092 31500 25873 9998 3740 25048 21049 19949 9356 13665 28366 31442 25902 24640 18015 23625 26126 5079 27959 16443 3902 18933 31174 7047 1291 23495 13840 12951 12504 7269 3199 25277 7544 13405 16464 21865 3369 29274 13192 18630 3278 7375 29549 25030 30488 24317 13933 32361 670 27343 15867 24667 18575 13785 8310 26319 24855 10765 13051 28154 20039 11528 6630 32433 11131 25107 242 26073 21974 10757 10264 9720 19519 1930 18749 4179 13924 24322 18769 
5302 15859 13806 14242 14942 2084 2694 29577 28114 16692 26876 28042 27570 9752 13907 4764 29257 2156 282 1594 10178 11897 19017 6483 17881 12259 24568 10172 14444 27348 6635 1138 19326 8497 17749 2479 13097 31851 8774 32131 9518 4394 14007 2810 11140 10702 21205 31816 26734 19753 2869 20769 31978 30681 28513 6965 25058 909 19591 22663 29666 4665 23385 9518 17895 28232 21734 3308 1904 4610 5513 32243 30528 9858 5342 12026 11402 12579 28284 2638 25653 30144 11612 11399 30095 14475 27973 4251 18234 3515 14322 25367 27126 12116 2363 32070 31187 5222 29139 15604 16151 19507 1114 20504 2964 14347 28033 31236 28046 21589 22109 26235 6252 9513 32221 13333 16528 13499 25002 20828 11440 26871 5582 2060 26730 29087 10894 16306 12693 11031 18041 11750 24458 1687 8336 24901 2867 16009 29964 27998 6121 102 5612 30831 13284 908 22627 18182 12118 28985 12348 26658 870 23621 26165 4067 20879 29943 16443 22311 12112 529 153 1817 22374 17110 22 15122 12728 19091 12502 32737 23854 6057 25538 28768 31640 13654 12955 7910 2133 17472 5818 27812 12062 183 21803 14361 16107 3400 13016 15719 24872 24992 17499 865 13451 17179 9564 18012 25957 29668 25343 7944 24609 10030 19341 2255 8365 25517 15221 11367 32717 1682 19277 10340 23936 22448 6580 25690 13656 7640 385 10837 8368 23154 26108 24716 27133 7279 11709 22852 27671 25802 30142 28718 21860 3431 23335 24968 17707 22880 23547 25503 4326 3970 18937 6888 11296 7329 20163 9558 12016 14525 2159 10112 6699 13689 10490 29893 7558 19863 32079 588 3716 12237 14152 14354 9443 19069 12154 5432 25424 22414 3521 29180 27134 12387 27496 5592 6645 26209 32130 31895 26982 17876 3167 25166 10193 20151 28201 31440 10053 15984 4721 24429 16703 29028 9653 1255 32626 30556 26280 7473 12198 10414 6363 9182 8350 17770 29690 7949 20897 16185 11379 6797 23794 6367 25096 8084 19894 21772 6521 684 9210 14691 32487 25059 8276 30351 16665 6084 18837 29997 10314 21276 15335 15162 26654 26036 16068 18564 10274 14967 25573 28784 15156 539 20936 26072 8859 18609 32330 6794 15246 18791 16623 19725 26850 900 16354 13562 29142 7653 7105 16816 1888 22966 19105 26445 17203 23657 10724 1255 17126 20799 18389 29532 7353 32632 11621 13165 15416 19008 22811 11988 29107 3823 19700 25356 19589 29464 17686 27592 21720 17764 2287 5881 20419 20947 
10672 22996 4716 23602 21971 12263 31122 28375 28213 22533 31666 18547 22777 28159 5082 11192 24703 7395 2176 3743 24840 23627 1153 15298 25636 7694 20031 607 6741 11196 1025 29821 3986 11890 14345 2760 30976 8897 5085 16753 7975 14669 4583 19078 4509 26899 20746 6877 24874 18406 27699 11974 23642 21027 10004 25180 21127 30767 4234 27075 13621 30737 498 27595 10901 56 22076 3037 32415 30947 21597 16786 30383 29286 15596 26009 30296 25785 28437 16500 12586 19847 25799 17286 16601 23316 31529 11542 10018 4269 11910 8900 23054 23249 12091 24718 14249 21562 10178 3990 17872 26792 26715 2197 19479 24563 21962 28908 7587 16135 27905 19332 15159 16783 7120 30166 6829 8489 10628 14322 25219 20570 30104 480 31758 657 4933 7666 18370 26436 31998 15810 1163 818 11098 13058 25265 15634 20018 16164 3431 7956 19597 18704 14047 5807 31326 66 14297 9934 26820 19283 22078 20839 22321 7496 17518 25659 24793 4839 1153 8164 14094 28062 27786 31184 22286 29700 4277 1531 3734 3221 8648 20986 17347 8772 23608 25099 7577 15123 18691 15069 2880 13121 7326 29603 19130 30562 26392 3199 5527 24957 6247 23779 7120 17852 12242 6640 23947 9758 15306 6352 13933 14521 13339 10095 21363 20214 10057 11174 20495 28200 6874 2141 28576 13883 22118 22322 1653 9656 20877 31476 22406 28280 5377 16280 24006 23789 14052 22406 22132 20516 8457 12274 32068 5892 1366 30813 6655 29939 18734 24775 15215 5171 827 13200 5965 521 27660 29967 17359 27511 23410 2970 20609 9611 15118 28741 3489 2251 21691 25004 14881 26642 26369 5782 4493 22373 10280 18014 9531 7181 5875 17626 19546 25061 32748 12582 7718 15760 6237 30730 11742 19067 1397 23637 20796 10233 23907 6767 24210 27673 21710 15488 20641 14951 19052 27348 24411 32637 4230 6356 12963 17473 32237 24812 5166 10972 11915 764 5603 3537 14552 26349 18564 21424 2659 32616 1481 8754 27609 5878 5318 5482 8322 18965 23779 26947 3511 7100 19410 26341 17624 10255 15974 9103 21520 8890 29702 24701 21289 1166 12976 529 8021 25956 25622 28567 425 31937 24906 9074 18578 10293 1509 4176 9891 211 30049 14537 14888 14040 14494 26587 30895 6629 9511 5788 11120 28759 8849 4092 18099 5691 5248 23402 9689 11741 159 16144 25739 2533 23705 1394 15398 20199 12236 7975 26798 15862 21448 19871 11866 3968 1240 18899 21517 25367 2897 28302 
16597 28008 18165 6 18723 23810 32213 19653 30009 26803 27235 13193 29110 5550 12177 20390 16197 20395 4025 32026 25187 30159 26014 9698 26071 28866 27347 15516 4917 7192 31019 18450 27736 4852 24254 13780 22015 7253 14389 20678 17936 15388 31982 80 19651 4353 2197 9468 11900 13918 28182 30916 18793 24032 23480 12519 24958 21409 27911 31267 5497 24083 9816 26021 5950 25220 32028 6869 26907 11344 4310 3610 22420 24596 9533 24275 20306 28737 32251 1393 6460 9400 21660 18878 16944 28514 7379 27808 7090 17013 16149 21740 10203 17151 25834 7257 20290 25394 8993 29914 21574 7197 7577 16816 11366 21414 16066 28162 9366 16504 25985 3691 13655 14474 26606 15709 28490 9150 29155 599 24767 15347 10954 7798 2527 23079 25824 25781 21872 21556 11920 32121 17948 29763 15416 29415 16224 8700 13283 32718 584 11460 27096 769 18204 4059 30851 30778 20584 28134 8186 31244 20762 5899 27910 10843 6662 13365 24017 23137 28235 11032 10619 30857 27609 24112 22993 2191 18809 1825 8790 21743 11100 15800 24339 18200 11621 11745 30291 30476 25979 522 7386 23050 13166 21212 15747 21714 22172 30370 28446 13231 8770 9503 533 1123 25294 17487 2113 12629 9346 17564 6687 30513 23399 19789 4791 15436 29561 14393 8645 12829 8830 4734 32092 20545 14613 15223 17293 2990 3211 3060 25672 31037 26582 5088 15506 11892 1424 2703 22832 26618 1517 25341 27247 6614 28840 32684 27145 14403 17133 20540 7258 25041 22417 20018 30750 8883 4975 1444 7554 32546 3903 19849 31973 3662 24370 28511 15922 3258 22886 9086 26057 6222 32689 24400 12095 9752 7581 4720 1135 6696 29615 10336 19542 7835 3454 30767 1086 18214 27610 396 15740 7006 29696 8529 19669 31861 29209 27693 2280 2982 2856 14984 23310 1793 24112 25507 21832 12728 73 30110 21307 5797 16920 22895 22577 9853 26482 29399 22303 24123 24770 28856 22079 22676 9062 1443 3146 23753 27222 13380 20753 9584 1465 20472 206 20470 18890 14589 16146 14357 3615 11693 3057 5323 26017 18637 30833 903 1849 28199 20772 5262 10861 12928 8056 8776 13230 29345 5561 5369 8568 26088 3951 12133 11412 12926 30146 591 2349 20514 20895 22500 28987 26952 22454 10504 30842 3340 30739 18994 1295 14731 11264 16909 24479 13191 6684 18880 21572 1102 4352 31911 12909 18905 31616 30273 13680 23025 6452 25812 30218 27604 1851 15861 143 32655 27161 22138 
1981 28879 6289 21224 28202 28215 709 22393 6448 21149 23358 1699 29025 4192 20171 1386 23151 24100 3574 8088 21722 30935 245 7308 31319 17148 10904 12960 12921 16965 2811 10306 23438 28624 8453 9955 18031 7620 24039 26304 22189 27039 15978 28664 30285 20024 6191 29072 6655 8202 23925 27552 19379 11478 20300 17676 31276 2229 4738 29747 29572 22736 17245 8965 31488 25845 8040 11594 12128 19500 10313 22722 1019 23578 12925 30669 14511 17926 22541 14370 2594 25983 9098 18954 23160 8297 15981 23750 876 24958 26143 28550 1075 19388 27115 14644 12737 10986 27775 1846 25967 11246 2012 14980 11890 8895 2946 26332 17077 1743 6651 9420 6816 11516 28141 4178 18767 690 17826 24505 3271 14095 3747 17976 8592 22771 24146 12906 8387 18620 4214 19310 10690 4129 30644 25508 19780 18792 28961 31369 25872 9057 21751 13764 15963 13148 32055 27035 11849 20553 475 7054 9175 18956 21371 3904 17618 25270 31696 8742 9419 22381 20292 16044 30242 25655 12670 22859 2155 8677 16471 9186 13788 12554 7694 3659 20050 4223 26553 24509 19435 31208 21050 4455 28867 7564 7734 1734 29560 7910 11758 26532 20747 20708 398 21490 18960 16046 2256 650 30362 18908 30756 27659 25537 17708 15815 28142 2750 21830 25273 2729 28764 5186 2872 11600 25724 11839 3532 12093 18484 15576 97 24885 5955 19422 27151 18109 26886 14948 10163 9506 14239 9210 24343 3152 30550 30982 6639 22292 32675 8558 19844 10585 19804 18553 11216 30369 24126 9613 14616 24141 19220 32264 12146 23565 7321 30861 1061 17058 24852 14484 2147 17057 25177 1396 11468 28944 2100 545 5486 5000 24432 23023 32542 1874 27413 6821 20622 17615 7183 8774 659 3991 2223 10152 17255 11095 31838 8983 20629 19044 29164 3032 223 30012 3785 3371 7332 16852 24600 16437 9563 22348 23987 25191 12525 23121 27867 18775 30608 13770 14280 587 29287 15735 31701 9646 23876 31094 9851 21909 8311 13350 28456 22058 9322 27606 32029 19177 12865 27278 13596 19873 9936 24403 12887 29774 415 31178 15977 24522 19166 23667 23228 14336 18981 30302 428 10278 26276 15111 15761 28813 7380 29315 17283 10679 5160 15287 27266 8682 10951 14 19612 7233 31902 27706 14020 16608 12916 2931 9751 19930 23361 7141 7774 1354 15742 5527 2056 1756 10185 1352 30016 32207 28958 21155 20498 22516 1879 26722 7265 27898 18857 6175 18548 8609 11679 22354 
3319 14812 9618 28848 28458 3082 3791 25067 20623 1608 4994 24686 10315 21739 18845 30866 29452 5305 31245 3989 31103 3263 16635 4159 380 5364 6530 32057 10120 27161 7169 20913 32382 18960 13066 9025 15449 3026 20508 20180 15166 23102 16001 21696 8663 20561 1404 22910 1363 10642 23754 11157 21978 20948 24720 4500 4956 26 10664 19246 10697 6293 7154 4119 23114 12489 20029 27563 19804 11905 10458 14449 8250 20440 30612 19106 1918 9312 18544 30387 28411 17992 12286 11307 25820 25931 15865 4964 26598 18133 19907 23499 3946 19582 14095 18699 21882 25091 13700 26796 17732 28980 10512 28478 11851 1150 334 13204 24709 5902 2925 1608 10991 18257 22148 22464 17137 15254 30402 18126 28567 30701 17024 28931 5811 6179 27935 13967 744 166 4082 31655 16385 11469 15691 15494 8811 21665 28652 1374 26961 32690 5147 17451 567 32388 3461 15874 27562 14579 23383 978 586 17502 14288 26025 29536 15404 17790 28781 13600 11907 28112 3097 25942 8776 26738 32071 17668 10899 31802 12074 29559 31796 19100 1962 17466 32420 29313 32111 2684 17013 17399 15436 14207 12886 1038 9409 3297 28883 22061 23999 604 32071 17533 16688 23116 23007 10587 912 29410 5043 15369 5067 19702 20312 16770 7244 19995 20102 1299 27597 22080 28372 15701 6611 12809 26493 20856 25221 3745 22733 13546 16743 31565 30530 22491 22186 1992 9941 13900 14419 2276 5671 17767 16195 20056 20109 670 23212 14711 10055 25959 6355 9990 4638 14850 6587 3272 18842 29338 29331 7102 27988 28459 20289 13671 31963 18097 23564 27989 15607 28710 11371 4171 4414 27586 14721 20805 25066 5364 22604 28051 17847 29081 5218 21358 29592 26450 24486 17121 3005 10516 30101 22476 29175 29557 30984 6949 28364 21070 24500 26966 17622 8381 2545 18372 23468 15936 1797 6069 6778 11100 28052 27564 25207 11332 24578 5949 6120 25951 12566 27395 12243 28884 15673 28899 28631 4046 12665 29934 7209 17224 19247 17749 11853 31757 18093 32495 9859 30254 30582 31639 24331 9732 21372 8542 23181 31648 11777 26764 15728 10091 32232 18211 29663 2595 23424 12688 20900 5793 1465 20934 7450 28483 17503 8781 17011 18529 22934 7636 24324 24061 28374 25664 21393 14312 16143 1047 3275 21994 9721 16154 19075 9304 10041 5662 14460 12965 30060 20039 4029 17214 22198 30611 7587 13195 26860 30967 7351 25050 10919 11269 19858 28668 12505 24067 1600 7622 14358 
1374 2637 11616 7615 10309 27856 8357 4439 30716 15996 28324 15288 15518 21067 24755 17647 5337 7381 4932 1245 2251 2060 7415 19485 24802 10938 1335 7152 27665 6177 638 21041 14976 31557 24516 30242 18390 7388 15339 11532 23198 32233 20569 5526 5152 25104 17241 8185 19272 31955 24376 27294 3125 11086 11516 32663 21129 25007 29609 17443 14881 9648 31367 16657 19563 8185 31359 32342 20215 26508 26387 26765 19603 31606 7662 8942 4487 23471 2894 13983 27927 3844 32340 23527 29141 15181 29967 12274 13899 10089 8546 9218 8828 32197 31341 13886 27272 7822 31475 16798 26246 3116 28567 22325 18060 29609 3443 18151 16514 11108 21140 15260 27010 18965 25294 24721 25404 2741 20351 22653 27708 16381 15206 7496 10450 23459 20042 13801 5853 14047 4897 446 1348 8572 1153 21106 6412 14294 16565 9454 22171 9652 11591 16623 15525 28948 22792 23053 29698 12889 23282 29874 18502 3377 12476 20123 11139 23804 17505 13604 2904 13972 7646 372 3515 28221 31100 12628 24052 3027 18998 23847 15023 7807 31769 27529 21754 32422 22666 6622 27231 21842 2325 22950 27589 14360 15432 67 27413 20735 3315 6669 26733 13632 24337 23777 32229 3048 25103 19173 11112 28846 24457 1042 13036 22050 10270 21286 538 12990 10949 30022 29974 31070 5955 20699 17326 29480 31341 14417 14600 24480 22112 15238 17776 1651 24981 26261 26460 5621 2317 16736 3843 23860 8962 25128 4072 2986 26232 8741 15088 20099 8990 19156 31848 15365 25018 12399 7681 22664 8402 30033 8775 30921 4445 9748 12834 12944 10299 31721 3037 1648 15051 22694 15505 15246 21536 11209 13863 7540 13006 1397 227 7465 32577 16894 5412 28917 24841 17494 9465 20891 30101 34 23832 23533 31104 30431 25759 32052 11733 6387 13675 2186 18463 26482 25677 5429 3939 3200 4023 4269 20135 8268 20677 4116 5789 15712 9142 26981 22238 26760 1090 6471 30821 30458 27238 13084 32506 32727 3944 4187 13232 9932 27374 24517 23794 11698 21532 2368 4484 31004 21199 30137 5622 18589 27838 1313 4079 21958 6652 1635 26452 14804 739 8931 18426 27504 29062 6254 27582 12308 27741 10393 10814 24805 4134 22757 32224 21507 23397 13667 28154 15977 7183 23355 3027 1118 31226 647 26297 9118 2929 9050 30982 8908 11688 3144 23623 2451 25328 9938 16611 14446 23746 8382 15611 10801 7707 7370 15761 27360 11796 20422 5641 5741 31824 29468 27827 31372 
23582 2166 10153 22177 26364 21143 13724 31241 27219 12145 10175 15075 11132 15944 26960 23735 24560 10377 17892 29112 10867 27140 7678 22418 20828 29094 18890 21576 22939 21241 3684 19081 5315 4462 10593 29480 22024 22517 1098 16827 9463 18887 11015 13627 18729 22032 2446 23817 8351 27173 10151 24616 23665 7877 10842 9935 22362 23819 21542 22250 247 1134 12873 20750 20115 3388 22537 12095 19870 17831 30354 7251 3768 23311 13267 3559 16083 14328 17538 23974 9037 14944 25593 18619 8159 11597 15905 6561 24709 7204 17771 17062 17596 22794 26332 19480 19976 14749 13558 22191 2216 2214 21270 24387 16555 29684 5160 2786 23136 25438 23393 19765 31944 24338 31806 14588 20550 13208 19424 4813 7141 22396 8092 27572 8981 32350 27055 12191 22510 1523 3622 24824 4565 23842 9925 11767 32646 9355 16455 25336 15200 17156 7160 30715 371 17353 15000 3669 17664 24605 21760 11564 11158 29628 6892 17950 28604 22683 8 14623 11192 31703 7142 12752 30159 14769 25187 9252 10506 17964 30341 31166 21701 9340 7869 3704 15553 2929 11583 3333 16927 7292 20647 25494 18419 10127 23668 25599 32607 19262 9487 8075 22905 9898 4343 23127 13508 2615 20809 13325 15448 14378 15763 28680 16939 27984 8676 7567 7585 5940 28761 11805 6743 6817 6731 2861 14111 11806 15987 10621 13823 24312 29033 3312 13499 20460 13378 6700 25548 15517 4970 5181 19250 14324 3081 31556 1517 11823 27452 32639 22221 5911 1753 26301 7618 32005 9185 27102 12519 6460 12795 20921 13223 22092 8586 15221 16040 10212 24187 6738 25910 20124 22518 26637 12614 12214 12087 2656 10777 22020 24413 6495 26225 9185 21277 19268 1170 12647 11139 17035 20826 32289 444 7625 27508 19968 28046 16681 31317 29612 9487 3829 16465 10717 24339 27145 31600 4554 24980 13759 32372 5838 6774 6120 30124 31988 15820 23479 13425 14101 21269 7723 14936 4486 25666 4174 32409 29213 12255 5072 23705 13697 19536 4179 52 1171 29644 23347 25972 5365 6491 16382 798 22387 22272 25048 99 15076 30455 30566 23527 17326 31154 24532 7756 26871 28689 21637 32432 24297 32581 21888 22644 30556 4415 23433 31493 22768 25273 10741 18927 256 22924 3769 23084 24738 13224 13414 4436 7954 23657 2610 22008 26099 21022 9488 6763 4802 2309 955 13004 23252 13463 31845 23853 4015 15040 11990 14783 30901 31401 2 436 31853 29985 5559 22794 17053 2987 15019 
24017 20246 2166 13760 17027 32434 1131 20306 26225 12690 6468 16632 16008 30291 8527 19521 16070 17996 27839 28598 27327 27320 3611 20817 8923 9308 24864 21604 8304 19573 24293 16975 17123 23016 1248 2041 20139 2494 5819 15766 1662 5489 4596 4967 26941 17275 14554 24346 23818 11988 26230 27160 19130 21326 31695 25397 9812 15229 19672 766 9915 27415 28841 29637 7669 5816 6324 26027 18806 30871 8220 17470 18720 25902 28233 15564 30213 27903 3851 20425 8184 23663 14515 3094 2804 8606 27284 4964 11215 32606 31345 2310 8359 3933 12686 16402 31037 8245 22479 8042 31113 19246 18469 27885 32037 23939 24003 26024 17854 16080 26486 7892 2730 8983 9566 20078 14878 11120 20878 1416 16583 4929 3929 19623 13411 15784 2011 22843 14880 13655 29827 25171 14577 14503 17429 10646 20195 27525 8550 25866 31169 18169 26648 21167 32054 9914 22802 15595 4693 8063 22204 797 20669 8687 2316 30230 8610 5362 12299 16329 15160 30599 19661 15933 20923 5409 32173 29382 23770 3689 20942 20302 32077 25411 17867 2309 27785 22103 5899 1770 23008 14278 5583 12738 17100 12335 9947 29655 21313 17322 21893 9506 14567 2180 19982 4669 31234 22740 13663 19457 16040 28795 6341 23688 12395 23224 11399 22665 1362 20105 16690 29421 15415 4550 18649 9341 17194 27771 6830 22178 25252 29595 27642 4670 8581 11544 7972 25524 29587 14410 8816 12573 30412 22619 32148 15457 17403 28615 9588 25535 20558 8329 6456 30789 22283 23736 806 4876 23294 5379 8200 10644 14664 2095 27586 2361 8151 27643 15452 2191 27215 23452 5674 15941 6258 18013 6592 31744 7209 3159 21100 28002 23742 24299 15203 28015 30571 8288 20152 24858 15732 24657 10570 20025 4889 30733 13150 17052 2470 8554 10046 11607 23268 5363 19465 15925 30560 6733 23901 27211 11743 16098 2398 562 19276 25362 12805 20606 14759 27930 20352 12545 2660 24888 4611 7290 21380 23723 3224 22874 17837 4780 22330 24462 19061 22899 10097 6451 2764 6750 14951 29036 16664 18768 19014 4685 1625 9430 784 3186 21074 10427 6533 21297 18037 9506 26670 823 10006 3926 15630 31512 30239 31848 21316 5202 27737 9571 15207 22146 12038 24353 3530 17114 15711 1221 900 21019 4683 19687 22902 9602 1398 16095 1623 19702 27854 9394 12447 29802 26118 19276 4235 10122 31459 23720 9588 14997 13085 25569 31950 19872 7424 1966 24289 26821 29069 32723 4617 12409 
30817 202 3781 11916 13307 25998 746 24810 20512 19018 3998 13431 19576 27005 8003 17127 28665 5092 672 32682 10066 6731 17226 18995 30323 21115 23692 617 25036 30110 30525 29501 21872 2958 2439 21326 22829 26021 22897 2517 20287 12341 292 28693 24690 26815 882 9207 8085 1676 7765 10102 11022 27318 1183 2147 1598 8452 7872 11838 27656 8234 31929 19972 30406 2969 30669 14413 3327 7618 29068 15374 28298 32073 27579 2770 32729 9007 9400 20021 26176 30786 5160 25012 12157 20017 6586 15407 437 13349 20068 23528 467 18140 9593 17736 8396 15948 3622 19698 14908 17863 28243 1682 26238 4798 29154 4254 17983 9305 10397 17722 7636 10978 13933 30537 29549 23332 26746 12317 17240 11122 6252 21327 28018 8762 29791 14688 6315 25906 24647 8114 21148 10391 18716 11407 4134 3318 4437 2082 1316 11018 4360 6317 3219 22156 374 27271 3265 13762 5039 11129 9015 28426 9698 3204 2958 12051 31564 24192 21438 9579 31511 29421 18525 29655 29614 24600 922 21036 17244 7080 30259 253 4318 28614 2376 24387 10007 240 3599 3755 1958 4401 3957 31253 24534 27523 11651 26679 31415 22321 24240 15749 13476 3330 7961 27658 29116 30285 7430 11292 11773 1474 199 11417 4184 19302 11854 19479 22122 14226 12837 28761 28849 14176 18219 31726 21692 27364 32645 8818 20588 9746 1099 9495 356 25561 15184 7281 4010 14111 23587 19514 16156 8158 28689 6825 4601 25928 28872 29071 28986 15150 32320 20257 21528 21372 18309 5121 22648 1664 14679 4150 29961 6832 6075 682 25537 5529 22238 20996 10840 24448 17407 20725 22805 8874 20998 31957 19809 16689 26667 23086 29008 25254 24894 8162 9768 17861 25616 19487 5485 28970 3148 8989 18505 24893 6878 14262 513 8512 16291 21519 27538 21979 8584 17539 17900 5268 29323 3990 7566 11755 10033 7894 683 22435 6955 14661 3866 27189 13941 29974 14353 3898 22401 19762 1011 11316 20247 22484 10269 12706 2456 24731 5917 19968 5841 19806 22208 12780 31923 28884 1971 2140 18359 15591 6647 9907 5638 456 6915 2645 26627 2367 13152 884 8819 2284 23837 17471 21604 19896 17253 377 31654 12432 11971 17247 6399 6836 30788 15744 21377 13440 21802 2486 30971 5608 12805 32737 9065 22955 4968 21327 11779 22764 2750 26496 12010 5802 2989 13511 7406 29686 4112 2401 7578 25207 4546 26373 1800 21276 13905 21996 6466 14620 26356 21873 
17342 1295 8044 25837 23054 7627 2220 14363 4853 19727 29439 26248 30554 21372 8369 13132 6705 14813 14578 10760 27956 25130 4202 24391 26051 32677 20863 4131 21291 18950 25020 22005 17222 23399 224 13063 13897 26264 9336 16140 16962 31151 16044 13701 31349 4024 29109 2112 18130 8350 20938 24542 28670 32492 10592 8665 24288 28391 22937 6007 27923 9836 13319 28231 26839 27912 8486 6856 28473 18527 16618 31879 20377 26567 23201 6818 13761 20530 29299 26934 15919 25916 17255 11621 1151 2023 20000 20811 12849 7624 2526 8739 5244 6458 19583 5689 31494 7533 5424 18518 27950 15079 19512 16926 2643 15470 5809 10593 22081 15083 9240 23235 27658 32712 16693 20876 19131 9866 8350 25641 21097 12568 31486 6690 4461 16904 11788 10764 26196 18349 11376 9702 7777 29378 31971 12364 13949 3402 18073 9884 1536 21704 17725 28143 19317 5630 16993 23106 9526 888 26386 13273 19853 21974 3994 28750 10545 6794 5508 3385 10334 2576 9429 30611 29532 31193 32554 2204 4953 20186 17719 32721 2846 18272 25992 27044 25783 5082 3438 20172 28758 8419 17736 28419 23951 12313 5420 17173 11308 25007 32475 26037 31808 2356 10318 27343 32074 11032 29551 25815 28578 8309 1797 14061 2201 16314 14807 22369 24610 14807 30786 29685 31182 4303 15619 2306 2782 25314 14641 1336 8342 6252 2534 27001 11151 26372 32277 32318 17159 1985 1104 14050 7324 4262 23503 5675 4033 7317 11400 20251 31331 31760 20078 28568 8334 11817 25013 31588 720 3610 21656 22742 27828 22750 22711 7492 14990 10811 5876 4207 4435 17418 3206 26664 16779 1639 24873 19447 31181 15393 4797 14177 1793 17490 8216 11332 13076 19222 3769 10758 31559 24752 22093 670 28254 8048 4739 23083 15757 27142 2204 10950 31146 28867 20993 26618 17142 19949 4179 12232 12287 2372 11288 15824 31223 11041 17449 29917 7427 20331 9796 5097 27459 10807 13736 10923 8501 32554 12128 15773 18456 17070 22645 19175 6034 10186 27743 28248 7274 17618 23701 9622 22318 15840 18864 27714 29588 29018 8629 24370 26125 31451 11046 14369 25722 30925 32328 24452 31259 7492 28558 2082 22356 11483 20315 2867 24620 7828 4598 32572 22278 30759 6225 21068 21314 4649 15386 28495 24140 20276 30971 25198 6623 25331 15006 18187 3551 8428 4606 12290 5765 12080 25732 22242 17838 21078 9093 17741 14946 18499 1613 25941 5251 11647 29110 28283 4067 17941 17639 7917 
5270 892 4019 29523 29187 29902 4232 5743 7463 32229 20432 25202 9047 29638 28399 13316 18793 30416 2038 6190 6168 6660 7928 9038 29492 24020 25914 16882 807 804 30398 21799 7998 7067 9828 3411 30982 10684 2929 5004 25176 11472 21922 7062 7562 10916 9716 32515 21277 25566 30126 31507 29840 28257 30496 16696 29608 8996 22303 20622 18054 30692 20987 22331 27002 31632 16125 30340 10243 20206 19009 7586 13341 18268 12700 24987 10484 12397 17747 10640 3473 16771 10638 27557 4008 10482 17789 9130 26974 2394 21996 8848 1363 16810 701 28404 29060 13279 12914 10364 26470 12030 10780 10111 8616 18518 21334 9091 1794 7486 21817 25963 26062 6728 11829 20600 27697 9989 16265 4689 5659 21476 32434 25943 5141 3394 18304 18104 28161 31899 9748 23726 12805 10894 29300 21590 22245 5473 27255 26336 28270 8069 6430 7870 12452 8425 7826 3381 25488 4423 10195 30113 17706 6551 9768 29500 20219 3432 5229 24041 2751 12108 11657 15362 28924 5422 21994 16097 11255 16493 16317 30943 29263 18670 3530 16739 29238 32664 21950 14078 16154 29921 862 18848 25247 5671 182 32221 3570 11321 30513 24741 19372 5858 14287 28404 8488 14592 1395 21286 6934 30146 1777 20009 14704 16659 2137 1451 20430 22075 26809 24510 27933 9398 23820 4464 22917 25084 13170 12968 6723 31259 29857 27747 29428 15290 16185 30573 7731 12507 6070 9645 9866 30746 6569 4802 20000 19114 23764 559 3994 22470 1223 2865 19954 25083 17200 2601 11948 12061 19326 1819 27762 12611 25617 21252 143 13575 17453 442 31554 1633 12931 2642 11431 14905 30276 13285 22149 31529 14618 32394 14064 11090 23050 28996 6422 16599 14579 2068 19430 30196 6293 16525 27133 27291 21936 22312 14549 18278 21025 32028 32494 5894 7130 31267 26089 5419 17948 21153 19157 14739 16604 24009 15117 8356 31563 9400 12261 29965 24062 12414 28313 12432 32357 30638 3098 3683 17881 5384 13045 19739 19579 7523 4249 7859 15319 9333 14037 19670 8633 16197 893 8401 18785 31806 31865 4219 22939 17951 5994 22473 30646 5334 1242 21786 1184 30641 4566 31491 23580 6563 13813 6857 6639 8887 30864 2547 29997 19801 18369 1490 20563 30873 3152 19788 26640 20954 27007 27057 10242 5301 18052 20987 18781 6723 21909 28389 20327 23334 706 8575 29724 249 8351 28288 16584 18037 3474 16319 28444 19524 1901 11696 658 32690 18308 31877 18160 23095 
13541 29108 17210 456 30548 9167 3683 23258 27573 32366 10010 25639 23077 8985 24046 9707 5233 9846 13548 11516 31807 16254 5641 20590 11353 949 31611 29431 1979 23408 9380 14317 19670 25619 24395 11988 12454 3635 3973 9311 22065 23708 2536 24700 16796 31126 12357 7387 21931 16471 1055 25070 19473 21993 14265 30545 25193 29874 2436 25524 8896 32015 18603 29266 3636 25718 16286 20134 31903 31695 31123 28916 29044 17495 18066 2476 19650 25647 5366 31921 11063 4776 22925 10384 2648 10682 22042 25223 20289 18156 10324 4571 17073 13210 12662 29433 28993 27817 14630 5899 8781 16844 15360 29689 17020 30029 15360 5479 29964 32535 30175 11452 16955 23446 13376 9597 11342 2264 2604 8114 29109 13568 2764 16562 15482 31309 30184 29565 31832 21145 13837 13602 19025 30230 4795 29289 26745 13799 1868 11694 4162 12651 12192 21442 10660 22456 27932 27292 6335 14968 10821 29623 24055 32584 10572 21723 26609 9549 12008 15169 26765 32147 13137 1651 3515 12299 20980 9166 18803 14406 17005 2655 25548 30734 20097 30092 16006 19312 1009 25549 10876 31252 2433 13353 30930 22756 1164 16988 22796 9484 16664 22109 16565 10456 5031 30919 22723 353 20912 23798 21371 22605 54 22077 14866 14251 12462 24460 9938 6406 31110 26792 11491 1560 31566 6067 24282 1629 10694 21759 4524 23893 30282 20592 31617 12634 21507 26734 24756 16936 10609 7634 21984 6562 17981 24304 12691 19146 13897 6497 16872 11088 30850 9258 26476 26911 22377 3861 1192 3071 7098 18624 2418 6127 28120 7204 7469 18937 29974 10054 15333 16703 8695 29096 25027 30189 10779 23877 31875 5823 18344 22356 24723 7591 30177 20836 7023 13565 14616 9682 18747 4142 25759 29237 27248 19916 1910 29264 3563 14650 13615 23732 2214 25347 17564 31476 29366 20708 13044 17301 7958 16348 5991 9325 703 24565 21473 12444 13590 574 4335 22221 14749 21584 27369 27789 28280 31441 30692 3678 4337 23819 18463 30670 333 18724 10504 6416 1068 20764 28849 20550 9343 23152 6101 22398 18104 2926 119 24823 29809 31416 19834 17414 2726 24747 25924 30290 18219 5502 21673 10349 3148 2104 22825 30480 24468 31381 7470 8683 17204 26816 17661 2673 5439 15841 4901 14377 22502 22570 27505 23016 28007 12269 17619 8838 9956 1755 5727 5243 27727 22908 892 13753 20010 19071 4090 23657 19005 7950 10072 23701 25045 30805 16871 18916 7839 27846 31744 27848 
13682 9408 20585 30323 31556 7404 25961 4933 9578 6984 23719 909 20767 15282 31015 2503 7495 11803 3457 23616 5408 3246 20369 12665 32574 28308 6559 19576 15115 20068 23442 13372 22168 5094 25007 3796 23470 5349 14844 10582 4962 10592 4966 17920 24624 4028 21011 21814 26003 6991 25090 20739 15414 11521 24408 23143 5566 32656 12248 4532 8392 8820 27210 31194 25923 2872 10966 25637 28308 29305 8828 21805 25112 1973 30530 14075 14500 14848 19598 18749 16244 17680 1589 24571 16275 2445 3843 14903 28497 12583 22487 16080 31619 21045 26037 17174 4608 10804 20437 4270 32286 7403 1142 26089 379 28884 29018 15854 20749 12702 20859 16826 19204 13311 30106 8009 22633 10760 5588 21420 30421 12705 27611 11947 19605 5598 11363 23957 2604 13293 27701 14025 16018 16721 12298 28770 10099 449 16060 11232 4946 18525 12706 17888 17098 13972 13802 14596 6500 9762 2644 30941 9811 16871 26791 5077 9861 17609 32371 31533 11799 29351 17544 27258 17980 4900 1848 24922 9402 1153 6264 3716 15364 19731 16190 27049 29386 19431 16488 20819 7255 32553 27718 12410 11582 11589 23030 8496 11651 17543 29697 15060 16709 29242 21757 670 2680 17714 27866 29099 24880 1705 30895 8917 26404 22930 15101 21348 3477 14410 15711 18085 10684 11551 8709 24211 11341 7279 13024 17132 640 13210 22251 26732 3890 25923 22722 5395 29407 8528 3354 32016 13857 4187 8344 17692 1220 24092 20699 9513 19961 30794 13577 22157 19790 1726 5322 3910 8260 30892 16360 26002 1142 23062 22572 28880 1682 2156 1606 4127 12646 11323 19493 3391 8701 14241 17004 11971 203 20149 26011 13109 8570 12209 18698 29464 11550 23471 28375 19563 31525 22175 3992 16252 31950 13938 13992 10318 31446 14085 15741 12133 12693 28905 27118 20024 23844 27164 20175 16422 7927 13299 22325 22634 7662 23924 30939 24659 24773 11115 29222 31628 13032 8681 24652 9833 19310 12270 1628 27026 21745 26565 5468 27916 15334 20489 16910 2664 25869 27205 30213 15144 24629 32456 26106 11522 19867 14369 25371 7842 31918 20903 19961 31496 8328 12750 3162 9869 756 10149 1139 3836 1517 7032 3306 16251 15732 12873 5221 24734 9408 24968 22891 29962 26099 18306 16082 9367 27711 27300 27876 4464 15607 8262 8505 2391 10864 30024 1528 31989 31793 13883 6155 12157 26865 4396 1272 6064 11490 9380 9663 31284 3751 4938 2040 17382 32510 14176 31515 17538 
3050 23310 19394 2344 32241 18864 32119 7401 17513 26120 2866 671 16321 2039 22355 23189 220 15455 6039 29645 1412 12523 9895 2191 27872 10949 30040 18347 19719 31102 13194 11164 11469 25088 9236 8604 20038 14725 29516 28641 22813 28693 873 22529 21268 32664 10101 4465 22008 10794 13440 19722 25999 20685 13677 436 11398 3383 10046 1238 7240 1123 32572 28094 12130 18691 32477 2125 13938 3295 13283 8717 14351 12632 14968 31267 14312 9742 6052 31232 15792 12282 18912 28226 25174 26580 24488 32728 21157 9642 7063 9557 21149 27133 20525 21046 5921 13141 14242 8013 23053 20391 4789 398 31689 19765 7975 5850 22116 19478 24786 29559 9198 16604 16016 8530 18147 12886 31834 28199 26503 14970 28481 23281 27792 8898 25532 29695 3954 6564 10187 8403 24239 15147 22224 13717 7014 5062 17797 30407 18442 16864 29740 26016 14967 27064 12109 26737 24632 10235 11292 6339 22511 1909 15675 22764 11059 12368 21004 15023 14415 9525 21278 28533 13513 26601 19652 5151 5606 31251 28223 31419 20437 13988 17304 12273 4285 4111 14790 17351 9224 23563 16364 20044 10687 5225 10415 22875 20360 22406 4198 27056 10714 16297 13960 18519 27510 13340 11396 16689 31962 13392 28044 31642 31972 4704 10102 24168 32297 5207 28688 31416 9720 19220 28321 9359 3238 10630 30974 8848 22410 18830 493 6199 7836 32392 23506 3964 9497 12984 4313 3862 3005 20263 15083 27574 7528 26438 2026 13647 30502 31300 14304 5882 32112 19034 29583 7321 15219 20783 8343 30101 25127 8809 4306 3777 15796 30228 15636 8800 6091 31597 29474 24588 6683 30526 10390 22937 14038 27599 3571 11524 11591 20770 20943 30186 8033 14616 9001 24254 12762 27207 8201 5391 8908 27355 14225 11091 16924 27773 3764 25409 4489 16934 2803 11926 5706 10661 16867 27243 30015 16881 22595 20898 308 28037 22392 15105 28709 12158 2734 25447 21110 12026 14504 6408 12171 9716 31313 30098 12172 1145 14903 11312 21621 12369 2264 31992 27282 11197 8352 15276 11170 29470 4653 1161 2351 94 346 25317 14473 7880 5709 8869 29491 3660 10722 28140 25990 11686 32202 13505 2797 13677 11271 21942 21443 27946 17232 31493 2931 8007 19121 9526 13079 30541 9709 9509 31845 24161 11359 3556 32582 30919 1465 19451 20363 26808 17140 27517 6668 26252 18856 32482 12481 13491 21590 23943 9051 3103 30542 30355 14273 29398 26276 30419 21730 6453 12248 30543 
12346 27350 25145 19492 22446 2870 13997 251 14665 25621 6218 23602 10638 19900 32709 2749 12521 16606 19149 4150 21745 16364 18102 9139 7682 25210 5686 19791 12724 17398 8310 32491 2131 29797 30452 29873 19779 29913 21030 9429 21479 1800 29435 30520 8469 4826 6075 27864 27268 17514 18638 20637 2299 12658 10751 20267 23026 10210 3625 13390 24409 7788 28810 21441 6302 7554 5853 6848 4917 9888 16472 31185 32572 22508 7680 6629 9018 25537 16841 4674 18505 885 311 13310 13510 10002 13144 16569 10050 21179 19584 30102 8561 1900 17774 15152 23844 22268 3260 6285 17596 29343 20312 4693 13445 20412 15501 28061 3260 23113 24923 7281 21635 15910 5937 28008 27592 32480 17286 6567 13170 20798 3552 10432 28470 12471 10133 31266 21801 29587 5613 28475 8931 21839 17637 21382 30967 13545 30127 21866 12861 22908 30405 7343 21291 14353 31149 24547 7181 19437 1700 10843 22819 14293 14108 660 27017 22320 22001 21886 25537 10832 25938 3586 26505 25081 25156 6355 6425 8579 7405 27936 13715 9576 5089 12593 12514 25685 13552 8183 29040 21849 5186 3121 25881 26168 27385 13822 462 24282 3226 26274 24466 8840 12643 31391 32059 32251 1088 10946 2977 20311 16412 24992 8124 12445 22887 1149 5461 12345 8124 16130 14833 16634 16650 288 18069 8667 13996 18049 1858 9750 11801 12448 3230 26970 26637 12823 24208 15839 278 10914 22191 6562 32679 1755 30681 14003 9441 7063 8726 29271 15007 25973 26549 23355 7608 2266 32173 2985 13842 4399 29477 11257 2166 17774 19019 1171 1237 6887 10694 3066 2473 20387 16030 7387 23359 27920 20497 5103 27981 3447 31409 13353 6402 24338 19719 23989 10591 8811 29605 27717 27035 21975 23268 20236 14715 15633 501 15869 772 13504 6020 5881 10703 24576 7645 14407 14067 24156 15911 21746 11264 1955 5098 8648 124 3953 29650 19298 32275 5437 30730 32132 15543 17418 32152 28671 12096 8953 5687 27902 19773 1326 22757 8536 23575 12 7054 31178 29734 31502 17846 15064 32227 7747 13818 17003 11301 3733 17085 13195 8420 13938 29930 4178 13977 14943 24783 23480 31586 12938 22569 28620 764 8996 27580 2142 8666 30108 27298 16335 19008 29745 4594 10014 9703 21245 5473 28914 5384 31579 24541 9452 23917 9829 21214 6916 2270 12895 1256 9145 16270 3632 10693 3376 18733 30602 9937 5340 6440 30809 10622 24485 13018 24224 21958 26962 17565 25443 
28922 13536 31042 25301 15230 18813 25793 7373 30907 12113 31921 24927 31081 32629 19096 29821 10136 25300 22169 8615 14013 19000 716 22164 9219 17417 24702 27416 28606 15204 4641 811 13108 15965 8569 23277 1872 6403 28711 3771 10195 6812 27871 5278 20359 26199 32138 12026 30509 18265 13154 20309 9758 5493 26272 5232 12024 11651 10377 13505 18461 23064 884 26053 953 32603 18801 26772 4892 6917 19093 20683 9534 32 11882 356 30788 20842 13593 7851 23590 17466 31923 16778 11687 10405 16458 2523 6966 10717 20552 2132 17160 7060 27871 30144 2184 19958 32309 6939 25421 6474 23326 28416 3286 6678 12477 2193 1633 6392 9739 3016 8273 4100 15024 7943 8794 31133 27471 11955 26084 24049 216 14579 8943 14090 21986 29462 28700 10812 20976 7089 24734 5954 4511 18017 31375 21580 19550 5485 4648 3050 83 909 16777 5754 2363 13671 8496 19566 4955 22888 14556 28318 23585 18329 20825 22983 31741 14542 15762 555 19275 24277 23281 25505 15963 8464 31746 5259 4794 21344 7013 14729 1035 16611 17020 28499 7612 30331 18597 23502 31542 17094 27991 2806 5744 9421 2693 14869 31651 8683 18096 29019 32635 29548 22039 27000 10283 498 2907 28966 20982 6397 21398 26493 13327 3028 30636 5196 15841 31430 17018 25234 31077 3930 2292 13697 17719 13702 23955 25705 23646 19820 8532 8752 23900 13780 886 15859 19865 12299 23302 22554 19218 19058 7886 8625 29686 9777 25641 16835 10810 32426 17898 30090 19163 30341 30050 1284 15401 30084 14303 5780 31648 8869 29819 2998 4403 18799 11106 18194 14541 3934 18182 1876 29073 18074 16301 20736 24465 32023 28195 20393 29709 18146 16138 14638 21909 14561 29337 2359 5555 12112 16895 3225 28142 13240 25314 22874 10467 20400 4834 26236 29836 16943 30950 6920 1926 3966 27275 2256 1801 3922 30969 4881 31533 28435 15188 12950 9731 6821 2511 3356 24508 1380 31050 31313 24427 28817 32145 16076 28270 13339 23346 3824 4269 30779 14566 19425 13356 17056 29867 16353 21910 14865 31636 23307 23842 31048 24779 27422 30449 10993 1147 18862 19758 13199 12202 11442 11329 254 18818 1196 18559 11955 8387 22456 25995 21388 1621 8415 27866 22979 10335 18742 20076 15415 2599 12093 18490 27389 29826 7239 22055 19739 6271 30450 23773 27820 7477 7187 15509 28679 14841 25949 2598 31965 31099 13465 17010 27618 21939 1003 23813 30582 8295 12345 21431 16557 
5453 6125 24542 6259 27454 22052 24729 29525 24523 4959 23198 2557 10218 10514 12855 22545 20170 25791 24001 24642 17588 15910 6035 19746 28650 598 8022 8270 20505 18648 24037 25731 22751 518 50 16371 26625 16254 21885 8311 1922 29222 21217 26942 629 11653 28751 20300 15539 25166 26284 21462 187 13491 5329 31308 17997 26266 31571 28496 29026 23809 14856 21770 3112 25997 23728 17562 12668 2832 11368 31899 4891 25887 28030 32633 20153 27610 5396 12439 11240 7218 18330 29732 29936 1683 10649 30729 25322 2612 27621 17859 17484 16099 2373 19925 26731 8994 20938 388 32406 1500 31668 12594 29901 18888 14601 15797 29392 9684 4469 22420 19216 5668 10835 16761 27782 14702 8292 9762 30240 27645 12218 12709 9731 18738 877 23312 15406 25880 5736 25990 29863 11813 6806 25446 15233 19403 15551 29670 98 17535 23242 14932 15091 19003 6108 29058 20450 27135 32284 9082 28849 8707 28094 5413 14395 4804 22558 12386 30525 14979 19477 18031 11702 20451 16271 25176 21330 10011 29766 7234 2361 11079 29242 9432 23071 10056 21120 24336 11705 20150 1465 4624 31459 9490 29715 12733 5720 10603 9982 1099 27265 14316 7424 22081 12769 3128 32507 15041 4930 28411 22440 28697 12547 15769 6662 12885 1838 20074 11514 8010 13295 16111 28741 20303 16392 29976 31382 15777 13838 11928 28156 13991 30805 23252 5531 12626 17927 30996 9346 20689 31999 23148 23202 21447 32245 22800 15745 3459 8502 31216 15580 32672 25818 29485 12839 17432 28884 26600 10673 28639 22602 1077 22362 10893 29055 9242 29854 23349 25344 19030 3532 4044 26280 7583 15170 1854 31526 6730 8687 22509 2471 10811 24145 23684 17426 20695 17433 21127 9969 21273 6600 26719 30107 21518 20810 25555 19554 11795 21272 28556 20504 13388 30209 14162 26002 9054 16040 22361 27854 18671 23382 10223 24258 5376 29513 17834 12924 6208 4333 31892 6579 8944 7299 17873 28501 30982 25731 23967 25749 32273 5831 29715 3620 99 27619 12141 12325 4768 20329 510 20203 7211 19391 30170 4685 4602 16722 19286 10057 17245 8703 11000 4864 25161 21245 17948 21165 17837 24581 17163 25367 19247 10963 23628 32734 12524 5934 24820 18677 29898 12899 28206 6849 9344 7895 16820 16682 16324 16282 27135 3726 24988 14412 7078 29254 27974 16743 24594 22742 1185 26170 17644 15693 25238 8536 22739 9170 23284 9508 28421 19904 20209 9425 30795 13566 7639 32606 7182 
18837 9709 28597 18846 15128 23663 21946 29644 30646 14861 26160 7235 9593 28066 9105 22931 32089 14502 1290 29100 14406 17295 114 16024 7409 10776 21028 3541 20177 1158 16143 28572 15288 23827 9492 15360 6980 28450 25837 22336 15992 3559 18455 32405 3866 301 14935 12317 7135 23371 27845 11459 28359 4857 329 18611 25718 10891 7296 888 10125 30491 21891 19148 12349 3487 10859 17633 15500 13483 3941 30410 24235 17839 25223 15086 8151 29637 22805 28274 7093 6014 23513 19286 4695 12553 22630 14567 6990 20459 18158 16371 30551 11743 28812 18753 1758 2407 2693 26142 17038 7075 852 18326 10207 1168 1834 22692 15502 12657 28843 7701 28134 26994 20554 15527 27648 14604 22766 21767 27251 31323 6381 7439 24960 23144 28135 4852 6142 23195 25942 19162 26046 7403 31115 28476 29237 15186 16149 9035 14161 16999 5467 20794 7583 17550 23658 2289 25556 20285 18471 18977 17350 26413 31402 6221 10887 3492 10177 1772 29122 21857 15646 28883 19694 11914 6955 12121 15934 6474 20006 31319 21983 276 28280 18029 28906 22044 25923 21290 24829 18311 8253 1489 16824 12578 3306 3403 4006 29625 7922 12234 12686 31466 11475 3868 23004 23705 13345 25657 20954 3839 19343 26028 26546 6109 5291 16400 32139 27053 8813 25220 11179 30609 6569 6484 29621 26885 2010 15054 15760 31966 26224 21380 25296 32028 8374 19018 18464 29285 2648 23477 20484 4480 27865 28172 21296 18 6958 30213 29043 7535 30677 31397 17104 6724 13419 31787 17291 15182 15275 875 7890 17201 10891 25713 8177 32268 28113 29618 12485 9645 26394 16253 6714 23819 16326 31462 28710 2904 8204 10679 15658 26298 28178 16002 21674 3362 16304 2607 7765 7108 28708 32404 28717 24182 1998 19253 13346 30805 6236 5653 11897 32353 7671 27916 3139 14485 8554 19591 4098 18156 27460 390 1752 5399 5682 1283 19802 25749 9127 18527 32452 5072 23342 27988 13303 19673 27167 12843 4235 24512 25440 29473 19257 23964 19183 24872 2365 6487 15711 3338 20449 10890 21498 898 19226 8371 4970 8117 958 32136 20427 7325 18821 27070 11234 30920 4431 15905 32424 18082 9060 23350 8332 2749 20160 20844 17790 784 32392 613 22347 8595 13458 8164 32100 25025 19490 21115 22088 30200 31871 25008 14772 10609 2437 21803 20761 15444 11907 27146 21356 32314 162 29911 26126 15246 15165 13246 11513 11913 2330 28070 5060 22122 9833 12644 20436 31338 
12181 20928 27486 6965 5754 8309 20280 22997 25869 10394 6862 5203 30668 7600 7167 5233 27670 24097 30840 108 1468 29755 21235 9630 6951 32539 17944 28208 16641 11993 29062 20324 25382 18571 3057 11676 24135 26327 10142 22925 25708 15683 20387 16127 15279 26436 26802 29169 21026 3313 15936 17032 28854 22162 23911 27575 8690 2733 9059 30116 29089 25111 14888 5473 5481 6574 16857 14427 6388 9639 21561 15450 10342 10212 17786 8419 843 14433 10187 18092 31444 4774 20359 14867 10665 13297 10087 25849 29713 17280 8241 28487 22826 15337 3602 24245 19632 11908 15313 9369 18533 24265 13668 31644 27544 3500 666 24168 1815 24286 21650 23791 27764 3936 28036 29792 31208 22346 32082 29190 6954 25747 9878 15087 9598 16844 31130 30124 29402 16701 2799 30155 15283 19792 27582 18159 24202 20063 15159 21566 15978 15336 18310 6566 32210 711 32370 3684 16800 4096 16365 27465 1302 24280 31907 283 10275 12240 30727 7213 2156 30744 25328 14002 12053 15381 17309 28878 28747 25948 22829 31636 9833 18966 20958 13431 19234 23337 32763 13416 21533 1100 13843 30791 20436 30725 5571 15347 31240 6451 17396 22920 9892 21367 23573 4486 3780 18171 18445 19929 10892 25429 16177 18112 7653 7490 26373 17047 15687 13964 21209 26968 17218 23898 3383 8089 2409 21259 32406 11165 22637 19487 26265 30534 10074 15001 32078 21039 27893 14331 13921 21329 18577 23777 28828 848 1486 30642 5103 18590 23856 23416 14580 31320 32307 16961 28943 4162 27570 15355 9740 12288 20807 13250 13159 32064 4326 32196 26053 27587 3670 15693 24477 17417 12586 25371 29684 20554 5514 628 20967 22546 15033 29168 13862 8283 24454 28985 17039 10395 9014 9166 26246 16980 2130 22532 17501 2503 20462 6350 32681 3410 11522 28283 28749 21030 4293 395 22619 27019 32502 3832 26360 13429 19138 11004 16923 8918 8933 16324 15622 27221 26710 13726 16224 1507 8859 25433 12300 28618 28775 19266 4254 18626 6176 19635 18339 17933 31490 24151 9245 2489 26906 7676 11781 22468 18283 10825 14008 32736 15397 12234 11056 3842 16325 26289 4243 4574 25197 25675 24061 2312 15159 8777 20288 1906 7531 16554 7545 13494 4770 975 30019 18790 2569 5578 13610 29679 12665 11834 9066 21024 17756 3144 14612 14879 7424 23303 11059 22448 8561 26477 27317 3472 11399 21767 15381 1958 7535 21329 13082 3030 25034 6949 31690 18517 11468 31344 17044 7302 
6501 12635 30792 23820 11931 17030 5624 26604 461 12642 11199 12428 4835 19178 11338 21414 12152 27916 20551 7256 32763 32347 13076 30554 2845 1627 318 941 21224 26762 2348 3689 14052 13187 2773 5420 13763 16223 4956 25911 30873 30030 3874 3821 333 8848 16496 10580 4985 29198 18929 106 2540 9352 8998 29022 17312 4836 17418 27495 8591 24484 20383 3092 11339 9413 12823 12138 12999 4572 31672 11133 22854 17197 5394 22475 17178 10564 15278 26298 30427 11221 15253 15409 7287 29037 3785 3245 9938 31998 10410 27195 14208 24470 8522 12938 10162 15729 14735 5916 11344 17973 25711 23405 32154 26499 19526 31791 26154 26433 10433 20263 31876 137 20017 26185 10213 29174 29164 28183 7430 9690 16646 858 31609 8018 28900 28835 12661 18797 1691 12419 17837 26032 28174 5260 16952 6259 15749 3331 16181 113 1637 5914 637 31454 24720 1670 15948 22679 24319 24942 11604 13081 24294 15471 403 6999 12909 25687 13176 11976 23324 14413 15292 15386 13480 29468 12602 11689 12732 21008 18778 2602 305 7623 7727 5170 28181 3617 5407 5090 9385 7461 12789 19039 11104 6382 567 29049 15668 16073 4682 23225 23122 14653 5135 4678 30680 27981 3490 11912 21065 10476 19509 21577 5899 9972 18149 22167 6356 26906 3329 15467 21314 6049 17780 15059 18985 10973 30700 31325 29720 16363 31205 21716 14271 31444 29746 817 11985 17655 8990 29481 1378 23753 25052 17471 10889 19113 20252 12262 2964 17121 32021 22412 10722 3660 10245 17132 15738 24622 12786 12843 22081 20800 2152 27951 16416 25490 30216 22344 14744 6315 25658 23250 24036 8784 7039 158 9641 17772 18072 3576 3121 2120 29896 3662 28700 23347 4573 22461 629 24798 25995 29821 14094 4417 15105 26798 27314 21028 13851 12018 23597 12862 21077 6158 22332 3288 18468 24190 29862 2510 8069 19666 5742 19930 10189 18813 6213 26222 4295 6292 9057 7808 31654 32035 21605 13005 31066 7725 30271 8985 15741 14554 26824 22516 3705 2507 16380 12073 32587 9209 4535 4813 31884 12596 14521 8128 29039 29325 25110 15160 25164 20093 6797 31092 20479 14950 6591 30572 4833 18386 15433 12273 6131 32749 1219 5283 13692 26286 12044 13207 22750 17228 10487 12165 7532 18424 4392 12149 13767 15287 11511 90 25307 28314 21334 15347 15687 2843 16703 20913 1947 20763 20149 19468 14148 19543 26087 12671 15639 22261 10078 5059 11950 29001 12799 23405 
22898 25919 20045 32022 763 21338 14141 18786 25366 21481 23845 27325 11380 14590 2339 29917 8261 21982 14975 24266 2092 27589 30137 27850 17368 8708 6398 26347 9244 19680 28363 21335 10501 28426 15944 11826 20057 9351 20618 22909 157 15641 26455 32513 15059 1155 14209 16645 22670 21460 6558 7650 22164 14025 23016 23399 494 29496 21396 1967 15204 31149 16704 15587 9330 16999 7604 19829 1068 12778 22701 13500 22101 16695 14487 23507 18055 21743 30633 29908 22540 6275 26835 31535 24195 15240 21721 23887 7791 29484 32242 3327 11234 29362 3786 14036 18969 14899 28208 15033 7455 5355 8134 27295 32483 11475 9303 25751 18165 18552 24246 3147 7535 13837 19945 15545 15485 29008 23084 18146 24313 31257 26294 25105 6597 15229 8889 23458 8772 1597 16630 6633 1484 24703 22744 25768 31949 24493 15769 7251 25635 28463 3068 19597 2188 25808 3938 16404 26799 32016 10968 4296 25037 9119 32414 18854 32385 7015 1515 446 17884 30579 2566 8137 2204 26254 25016 27349 13062 7893 9129 12228 18225 17364 19190 14575 39 20466 11166 10742 24779 26200 15938 16175 5761 25656 17196 1811 1363 1250 9692 14073 26104 10300 12430 24476 3872 18870 16260 24483 5623 8612 30668 26237 6866 32674 12235 15094 26707 26715 31680 19534 26623 5767 11946 19004 26418 12594 10676 27556 28951 1123 5774 16444 20417 14 26180 26779 28380 15841 20091 20531 4700 18715 19270 31927 26465 3778 3728 8480 4660 20279 28615 5423 18062 11789 13514 10313 31207 10330 12739 31846 12147 31506 28836 32249 5522 19256 18782 18713 11494 17185 20457 6083 12640 17394 24674 2858 3151 11978 9427 23969 19794 8128 13301 21836 8044 25290 14310 11292 21184 7501 32346 29106 16550 11839 2706 12499 7390 17291 25730 4783 28651 24509 19518 30057 2006 4465 7593 21088 21265 28557 9117 20457 26268 20641 5114 10286 4764 30694 25088 4809 15541 6923 430 11550 25081 17225 3075 22190 17872 26761 6512 26792 31452 21577 13938 2104 13502 22383 26730 26231 21971 13933 3027 7734 3973 28462 10470 1825 11069 8453 7451 5215 27917 18676 4049 30225 11046 10333 17363 15801 18588 26705 20233 13191 26971 31272 9934 54 3143 3914 6366 5117 12593 18226 12778 28261 1631 17076 24914 6725 20049 25340 3860 12147 8811 7926 12248 24846 20430 6767 11159 17634 23340 6459 21394 13822 22205 21251 26691 23963 4154 13886 14755 9452 25277 12861 7348 18697 
10459 4656 23759 29226 5814 22057 10671 25402 32048 22808 896 10734 12928 31562 31603 12636 26699 21241 13615 13921 19540 3239 17806 19538 17013 3199 6984 25737 22062 15945 2987 20841 17580 1249 2834 12450 31470 12614 25376 13214 12417 15398 24888 11184 828 29665 25815 5551 12566 19162 19279 30455 22291 16332 31716 14416 10777 18331 24319 21475 26213 30583 32607 3727 3865 7926 3474 9868 88 8143 426 1007 4745 7176 22422 26676 18457 22428 15750 26092 31879 18756 17605 26468 26855 25544 23253 30845 12355 27271 25605 2217 17310 27982 13896 14887 10724 11664 5638 32746 15345 6885 24911 26607 27529 9710 3595 27707 6104 24617 22838 21459 8951 9002 12895 29628 29002 12854 16070 28704 3638 30517 30584 15253 9219 1449 32280 23828 13221 11377 20117 3664 19136 32496 15190 3295 6291 21308 12579 21853 8752 13225 25205 31829 17318 9951 6106 12620 16179 3518 22164 9919 25783 32637 15026 24240 10040 15657 27645 27150 18402 14156 18900 31075 24727 30675 12522 17549 1757 13180 22328 32767 10013 10009 24324 13891 4217 6584 13893 28323 24863 29617 27210 27252 16368 2320 24022 26789 13309 5235 26826 2176 30582 32387 3409 11297 27966 4645 10162 28789 22377 21820 25603 7504 31833 2131 13246 18169 453 8937 25326 9209 30739 13218 26698 25518 30692 29004 18798 25897 26983 30162 7533 31238 7373 22335 486 26171 10445 8981 9775 10865 26301 1367 14675 23192 29336 11314 8745 19972 9854 20835 21879 19571 3980 7323 16768 1969 21852 3551 22932 12522 8333 7169 903 12684 8233 15450 32489 23914 21121 8017 4961 24832 2942 1754 30729 7683 4803 20268 23971 1392 20841 9409 1115 12518 23745 15849 15555 8401 26589 8084 18707 26154 15505 11674 6079 11661 18039 29025 8175 3065 2944 635 31366 24542 11744 10456 10146 8302 22937 32750 15541 31853 15503 1315 22669 21957 28404 26691 6448 19761 26708 27429 15090 19253 9208 6208 27455 23390 21701 14879 29813 328 19571 30792 6543 18637 23104 23896 1196 17487 1844 26768 13486 3190 22054 4804 9902 5130 29338 22401 26182 17991 27381 23545 13733 6368 1737 25781 12686 28603 19443 6768 24191 31763 10849 22028 1836 104 26662 2443 1877 9616 21262 14084 935 23134 3608 18347 2581 13985 21353 18094 11104 13141 20592 24148 5156 15619 26778 13791 25430 26109 8355 32606 11320 28668 14057 26358 20041 19498 4730 5058 14632 5386 10718 16579 29465 29770 
5632 26466 7826 13939 1730 20971 9992 2080 30692 3807 29210 7209 17959 17385 15076 26360 13956 29617 2742 3398 26867 31600 1574 18402 5950 14601 16858 3970 19458 17489 9863 23046 18702 30831 14348 29171 459 31068 11283 24610 7504 1496 27303 29744 23378 1831 20235 30036 23734 22354 12144 3713 11672 14364 8794 28116 10289 4514 7208 29682 15985 25447 13555 20844 7476 30756 8892 22994 23213 8159 2366 23292 30724 29276 30317 7018 31855 15716 14348 3157 16840 23358 8797 29197 15063 18729 12649 11169 20156 6230 11908 29223 20582 20987 27051 13391 29034 6390 30809 13203 29435 5476 12285 998 21506 11429 15543 28178 29205 29061 28306 16598 18733 2352 7481 11727 23718 26461 32752 19114 27040 12376 30119 28141 881 14292 5580 17314 24775 18323 22608 18160 13632 32159 2297 2776 15939 8937 28798 1743 9061 5837 18399 31843 5967 32152 24746 9122 4059 27052 602 20085 28923 29048 22643 11615 1505 27365 9690 30431 18058 981 21061 30896 1250 26460 6651 25940 30180 8414 4060 15891 21429 8080 10406 31711 23983 5425 23403 23088 31443 30075 28383 15658 1992 8331 4036 9858 209 7942 7948 1050 32030 4486 12114 11043 19402 23020 27219 11703 18539 10898 1778 27276 21238 20803 18567 6753 31215 23677 9176 31923 8913 30349 5167 21615 4267 10280 9596 19247 26763 7777 7394 10373 7917 23108 28812 7878 3286 27009 9095 18584 31829 32478 21686 11150 11640 25841 5598 11911 10546 17571 28014 11390 26643 11239 12680 23681 20768 21568 8227 12735 19238 32703 1753 18066 32607 11265 16253 8472 995 7131 17455 32667 8493 18336 8115 8219 9256 27801 15658 19962 17464 7856 24483 20575 8853 9579 17631 25518 7869 11381 12228 26711 18430 27882 117 29921 28156 13730 23565 22742 13315 8729 13790 22530 24479 31612 15669 9875 30969 19960 27571 838 9914 5411 19899 4422 26735 18153 17368 6973 4745 17487 1216 28598 24579 23345 23684 13614 2506 30939 14824 8009 31772 16966 13385 7012 21090 1422 13941 8250 3967 5253 20082 4877 13791 268 10236 8516 14671 5037 16111 12569 24859 21391 22510 31106 20272 24361 2514 20942 29365 27751 14794 15388 26302 19738 249 18912 1908 8353 13966 30953 27262 6046 20767 8927 17543 27785 30014 28890 3000 7450 26262 29830 135 21295 30493 1331 24253 1144 4490 19781 7265 12926 20092 22402 31105 14897 2904 32424 10284 17001 15955 8583 23478 15738 22071 8505 
4467 28964 28371 29191 9426 23210 10680 25409 15503 25898 2313 15805 3994 16778 18924 18750 25644 32432 8513 13254 7609 11229 20865 21271 15735 21549 13645 29396 23659 2367 10790 1947 30084 29631 3800 19012 12496 3586 12224 5526 20377 2060 3452 21706 29597 20085 15769 14630 10953 18241 6701 14889 21690 22363 14007 27319 7225 6444 11874 26662 9358 13176 28938 17701 21249 5909 21224 16080 10700 26313 19555 1305 32070 19023 6530 27280 1447 23595 32121 6556 18965 9003 11894 14000 26443 17683 17505 22790 26781 6363 8401 29453 24980 22104 9966 8428 11460 2596 31613 1358 28080 2385 12986 5092 4471 121 15231 9535 14696 28587 6161 14045 18224 24344 18418 4003 14168 9277 12030 27445 9903 23648 2872 9729 13014 11094 15274 19625 31024 14187 28716 26296 26541 9110 17515 11047 16168 31066 15597 13340 7602 9815 1357 12049 17084 22655 8167 30759 30268 7275 9109 24026 5188 15267 618 24039 22604 179 22141 17530 31003 20089 28630 8162 2577 14547 16026 30215 8110 2102 17658 1380 15958 23789 14788 6383 8808 1349 14437 24357 29583 31476 28719 1561 9842 24331 14005 19720 22619 1005 27196 28628 26731 1820 17432 28225 32040 27977 1322 8483 1753 10642 26452 28741 15361 29974 30797 25431 8932 27165 25990 13025 24659 5231 31690 16794 20983 24281 23498 20361 20504 15711 22210 20585 22334 3558 26679 13228 29875 30772 761 13860 3365 293 21661 979 23727 3762 16088 24776 7138 8044 7695 17322 18543 11623 16600 4258 5278 24977 32747 22742 21269 24190 14989 23543 21283 26134 10550 18145 31965 401 5158 11258 13050 3006 16904 8308 13113 27457 19416 21403 22707 32211 26081 10721 26599 24466 31113 15723 1001 16672 32481 24040 21855 20229 27460 12660 6298 28221 788 29719 9116 14320 5033 22275 2652 22224 13090 24150 12154 21788 8794 5797 17833 8890 16335 25723 3948 27109 25924 17039 11708 15570 2338 2362 29124 29101 29811 3560 23742 27527 23480 13047 9444 20379 30985 24572 13031 4309 11454 3644 19949 27110 9441 10797 21311 31859 25900 8511 19820 26787 4692 20771 26022 6201 18361 20023 7482 11029 30769 13896 29552 32119 13062 17778 24993 17132 20796 178 16934 16169 18391 27689 8248 32427 11381 26329 24367 27847 31213 21368 26426 11407 26588 5439 24343 21459 24750 2653 2011 19038 15499 29282 13165 18243 24557 30337 29136 27042 24966 26793 18768 6762 5859 11086 27674 17644 30577 27910 
2210 2190 24745 13314 5259 31845 17025 13782 21394 29229 22728 8027 23628 7106 6205 4114 14223 15250 15636 16820 13873 17639 15846 11989 5659 17536 24730 30610 3351 7665 32514 5998 28214 8187 10910 7266 207 8341 5880 4962 12298 31436 4807 26435 4046 11755 27810 4178 16881 11649 28765 22763 19306 31132 2265 8638 28857 21044 15270 9467 12500 23654 11755 6155 1036 23767 16297 14053 23668 762 31887 28212 12376 30155 25797 18143 23855 23274 16261 13563 11026 16925 27777 8339 30756 17115 22916 24330 25929 20704 32042 17094 11697 17839 11798 28211 4011 2395 21518 5548 24587 30612 18888 18890 30617 24025 16689 22845 19546 24581 29621 31381 30272 10310 1544 13012 2427 29049 22353 5901 11818 5735 24148 23290 3229 4997 28351 22389 21428 26169 25762 10739 31516 26944 31484 17938 8204 12797 32170 31181 21934 11199 8714 28924 20421 5706 13261 20954 2257 1536 27592 9550 29307 28155 19042 16365 8374 6473 3084 8763 31367 30660 24582 11811 27516 18634 28308 19452 15237 17835 6870 22377 17878 22081 16229 1606 12229 32501 7042 12474 6737 5243 22372 16590 3929 5254 22976 17388 11277 7081 8640 4083 26518 3055 6513 27359 21527 18745 13312 29654 2132 10635 2754 10348 15976 10138 27577 3719 27612 12139 17324 26717 379 17914 4297 841 31654 17533 32143 25382 3937 21207 3509 8606 5187 8394 2776 6397 18235 22167 30821 26372 8684 1365 6864 31468 26529 27123 12437 8767 20418 30126 15310 5737 16508 8612 6372 6267 31136 22222 13696 13675 25421 31269 16705 10222 27433 3046 10727 1226 8923 20153 9319 23239 31151 9770 17567 24386 7806 2052 1077 14797 13293 23912 15493 10662 16968 24023 15882 8038 5303 23982 149 13090 20893 12669 30544 23601 5344 15708 18726 19772 15158 9328 1525 25074 19777 2866 1456 12534 5875 6082 3918 2619 28402 29675 20225 23589 3260 26349 23393 9734 4399 11203 18229 14250 26334 907 15756 8103 27626 12555 28111 12847 11290 16795 9658 20200 32019 3599 5132 2188 26657 4148 9536 10894 8851 18592 3374 25369 31597 12814 9814 5820 3369 7265 22818 21057 17641 4076 9448 24261 28593 29555 25490 21123 23409 2201 26410 21668 28066 19513 31475 17033 2494 12391 26795 27606 32083 29712 438 26462 16254 24915 19387 32039 10392 23477 26054 1406 5688 22200 2985 32102 22834 15538 1879 5136 25889 28135 3170 7448 18606 6530 10326 25896 28762 31331 31676 18360 
14648 918 26757 29563 16565 11138 20529 10844 1471 25926 5266 3176 4763 13729 8292 18361 18525 29279 29015 689 15731 2034 18112 13121 7451 1209 17287 27808 16448 18545 4281 21938 28731 15793 25874 7969 24983 14916 11631 27248 5021 10091 8498 27108 15687 17823 4879 5573 28704 28234 28949 29055 1059 10907 31278 2616 12092 15435 15056 11446 25450 4908 11778 10880 5779 10741 6106 12799 2795 11528 23084 2681 24905 5753 1298 8178 14147 11253 12453 28474 12094 17822 26925 9960 4185 6628 11159 7047 22039 18833 11010 22993 26663 91 12357 1772 21143 26941 22692 9712 16621 21204 3026 28690 13723 1230 25511 14685 4404 19392 7656 20571 84 1522 25 13433 18743 532 28501 11220 29779 5562 7423 22124 3575 29715 5792 17923 22018 25685 10162 31325 325 11598 19298 11835 6761 6812 6984 6964 3773 25861 21601 17080 8972 15938 4025 11333 31166 24991 6602 26437 9761 503 4008 31605 28470 14243 28234 7406 31119 27580 12365 17934 26418 18172 24051 20616 23617 11121 20167 30961 28912 20219 15996 16714 25186 137 23634 10382 26774 4038 27888 31207 17805 16774 21338 18573 23135 11837 17823 10184 6912 14082 35 17211 1446 30781 4419 29718 13695 18263 19672 27145 32210 24910 14607 11577 17343 7494 6977 5650 20051 30434 14681 28877 3183 31383 27752 15201 11922 7108 14636 5187 16374 19973 9884 15512 10050 2055 28765 1398 18949 638 22365 19144 3464 29164 24292 21993 1694 18004 17014 22817 12785 11165 8686 2746 2069 23547 213 20771 700 25343 16151 22643 28865 6485 7705 15376 8172 23673 29152 25643 5878 26228 29514 3762 3471 9006 21295 11424 32484 19495 921 9190 18701 29064 13533 1273 22563 4893 12419 7068 27767 3428 24448 19637 21136 32291 25 2212 9430 32301 22123 6777 7463 23857 19971 10782 0 20606 10269 4565 16046 8089 23481 9488 16376 25193 12151 32078 1184 5560 28594 16981 8932 12867 3681 23572 13198 19902 9374 19772 27371 24003 6046 12294 16256 11979 30749 3958 4852 8519 413 12684 24766 4330 26175 15987 12485 12928 28865 7113 29454 20058 8940 26487 18368 23218 11552 2879 8048 22714 30675 2779 26424 7913 30700 7020 32257 27702 29059 6440 4825 26586 31278 1920 30785 27198 15132 18510 6099 12288 26024 9857 20809 8682 12269 31124 10723 30693 3081 20123 28429 17307 13017 24560 15577 23319 15496 31341 13007 25153 13571 3433 32066 9926 29278 764 
27419 4989 5675 25136 16285 20555 3699 26647 29699 13895 15009 8355 13179 15290 17543 28740 14277 484 26700 4474 22177 26374 11697 18335 24616 19218 17113 12947 11434 17648 706 9795 12162 17458 4633 16230 9113 30159 5288 6409 4868 3392 10469 15154 11077 23489 16314 25988 29538 10208 21733 3730 19990 7645 5947 14532 19599 10807 26787 6353 11612 16167 17347 13236 860 10087 28463 16969 13872 15590 17739 13159 21655 23779 10088 18180 26368 2597 141 26783 24597 8377 13828 20961 32752 4883 13488 31904 17782 31855 29658 3326 21686 4717 15586 24361 4846 18876 3816 11051 17659 25273 10619 23164 20093 13064 22369 14627 4996 14117 18339 12180 25551 32269 27550 32128 6429 11933 8172 12919 13974 25686 21941 15113 22221 8881 10778 31901 22699 17594 30467 32700 27360 28529 5148 17288 7844 22086 23115 31689 4484 18056 14444 4245 3648 8470 30743 13667 473 16160 19621 21986 15150 3975 28903 11125 9097 26699 23329 22717 13104 18178 22496 5834 31569 28824 28569 25493 22744 4370 4751 23755 11740 22880 10839 797 5233 23820 2668 24069 25162 12828 15074 704 18190 24982 4685 16045 16528 18709 13335 17234 19346 13589 32099 26900 21680 14566 6757 19647 20755 4531 15469 16507 9834 32290 27705 32491 15644 23482 4889 5352 26306 30087 18157 633 5005 16402 20487 302 28997 28980 8054 9886 20695 3410 23128 22455 2004 1905 8930 20770 660 5085 2007 3570 10972 2046 32697 26590 4762 3396 28800 8293 7977 11010 17011 21938 1306 24057 26332 18529 29486 20860 15255 11018 7516 20950 18591 21725 17332 29173 20964 7465 14668 6958 15299 16770 29396 3977 21357 21919 23127 19698 24816 23384 13415 29349 27275 23602 3766 19775 12109 14855 30351 15022 3988 29282 5985 15696 28768 23888 24890 23937 25680 8318 25795 4781 32118 18347 693 28473 17683 30054 3273 11804 13341 12412 4725 9934 32629 18104 21367 18418 8447 28818 11072 25132 27706 19091 21571 8114 22961 5595 1290 9884 12476 14379 15629 10377 13321 29273 25538 15523 21482 15872 9322 24441 20812 15206 11928 15174 14207 32106 2164 16559 22875 28321 15219 7624 10587 32690 18155 2091 24255 24638 7037 20497 27302 4825 2958 26064 910 27494 29271 14801 17044 31312 9663 13016 20479 2802 15402 29539 23900 10940 14091 22314 1237 27215 12833 12452 32622 24436 1745 25879 7806 26839 24106 27673 3652 30837 17529 7572 8842 15545 30099 115 25187 1636 
24536 18830 28953 30650 2694 2702 1457 15723 17064 24632 9967 31627 17869 10082 4057 9053 10764 30701 11842 26366 15859 29737 3618 12784 26876 21177 17941 28836 4269 11336 24127 26764 24938 24305 27815 7858 1720 30204 22565 3199 10771 4005 24154 26026 26777 8649 12975 24205 23100 21779 6929 23629 20509 22977 8306 24791 8167 16277 25225 19980 3599 11050 19962 25629 5937 8852 10630 8616 16516 26554 22566 23852 762 8832 30810 18548 17419 30306 4798 18052 25501 8809 2042 10055 2539 25507 5046 7123 10140 4702 17428 2993 5837 1467 26557 30660 9540 12623 16401 32721 12420 24809 21650 23754 12612 1538 3483 8777 15720 21861 12416 4052 26696 29128 857 12875 26086 14269 16865 13207 11998 22925 13903 20564 27952 685 13231 24861 272 15587 11371 16186 11089 14334 1423 23188 2278 24313 8459 21460 5616 17921 19241 11106 29649 17128 18524 32655 17474 25538 18866 9964 482 19202 12531 22183 9289 12142 18145 5923 9220 23844 26899 23965 8240 18899 22777 18825 11029 7535 25309 16908 31127 1030 3514 22873 26165 26665 15021 15807 23185 2130 12856 14327 1342 31813 24952 18492 30025 29668 27825 7077 28606 11251 12581 7980 27327 24395 1338 25271 18931 5193 25940 20534 3362 2875 28444 21271 15434 22560 6730 17479 7325 12811 4269 1207 24191 3461 4497 17869 15084 30041 2696 30796 15467 11696 18939 21359 3699 20942 2445 8363 32157 1778 13393 13026 16044 17919 26552 4338 22711 17560 412 16883 20011 26342 6147 18525 31130 9063 23644 20060 5291 1806 15915 23366 13597 31208 20995 5812 152 17659 9969 16054 2043 32475 19539 16251 25141 6477 16388 27805 11758 28786 13785 32449 13564 18501 10628 27776 11899 7660 28534 8178 19341 6850 29250 27720 1850 23284 16539 24073 6666 15623 17530 13296 31404 3033 27442 28374 12658 29546 28741 30333 6646 9913 19128 28659 21981 18789 4333 15075 29842 7493 22407 4997 15300 1207 16834 26463 24470 16451 19428 15459 18377 32213 1235 10548 7452 23982 15529 11330 10370 7325 28786 21064 29367 10027 6600 1795 31320 24332 20603 14360 19236 16769 12140 10042 27114 10376 18969 4898 15160 30598 24754 24108 24572 3156 18779 27588 3423 29123 21332 7519 18284 3732 9390 12155 5266 4654 20802 22988 30618 7709 15481 12719 8248 1290 18529 22713 31859 2524 14832 18180 16704 24213 19699 16498 28972 28063 2625 23163 26623 31273 3562 10995 32345 3365 31219 25541 
26052 11156 714 21692 351 28790 7391 8846 2539 7347 24562 10540 23089 31596 10759 9611 20148 7836 6669 28248 4564 284 28854 8517 32220 3098 22857 20925 12400 4385 22326 1030 9744 25805 13626 27461 6371 14125 27401 11946 26965 4868 20745 20119 11173 32605 31321 11261 26468 32100 24419 16104 15289 15600 18376 10717 23264 14500 14638 19561 2032 28011 15118 9498 10671 28165 22718 14065 30648 29573 28397 25589 27747 22642 16777 25611 7752 3476 18628 4592 30811 4652 13552 11940 22415 408 18252 25017 16671 13552 5761 11063 11380 20084 31134 8699 21420 11604 19259 7066 12708 18967 25113 16025 26343 24253 16539 21481 18672 17933 2994 29625 22475 13293 23944 30225 11813 28833 30164 7938 31349 4386 29809 15155 8635 2086 16654 16659 14507 25091 873 20929 28275 10640 20426 2334 26271 32143 780 26726 20128 25315 2730 10779 6120 21414 22282 10783 19204 16203 27440 28387 11676 2561 15874 29163 17531 462 9464 13492 12903 25095 19932 10100 5774 24433 17109 10885 4165 29446 32737 28386 8734 21447 13700 26765 10961 22501 4301 26272 31970 21568 14246 27673 3826 18355 6551 5451 29762 6199 26853 2796 13798 24510 15823 30114 4112 3209 23581 14510 6780 11117 30827 15508 21658 3730 12085 9610 13767 11808 11107 13692 24753 15583 28473 5023 1610 31273 24182 23581 27790 5367 31687 1390 3721 32674 13565 16324 26913 1448 12717 28353 31919 19673 27566 11770 6271 28716 1444 3322 2792 2986 22254 23035 25138 6824 28985 22837 20303 5741 25916 16645 29627 9375 20351 6638 17297 6067 4184 10598 11302 31228 17839 23650 26211 26491 15503 26252 22992 14248 31860 13493 25219 24434 27384 29297 5903 29165 21966 27434 18518 5942 11781 641 21158 21153 737 23556 9251 28402 8552 496 30668 10994 24657 5683 2958 31148 8093 13584 2697 27349 16434 6601 30035 14130 25389 17260 32597 23475 4314 29373 17924 32096 22022 24580 4245 19975 21908 25463 3589 25834 2928 11513 14777 7240 3715 22019 12424 11239 15013 23317 3410 13051 26135 4558 7971 2441 18054 14180 22748 14526 31910 7270 7792 4934 26274 27786 1919 18957 21756 8496 9430 27358 27974 10715 26296 20783 19345 6606 15905 14145 26490 25970 23777 29676 31011 20151 25035 1272 10107 17027 2825 28926 10625 18186 11230 26209 20243 6250 27020 14731 23013 367 32571 23125 3542 8827 25529 29737 27780 9245 29423 19131 14813 20906 22133 30875 11084 5591 
21257 30979 20292 2805 28186 14842 21800 19894 10760 12378 6282 20890 16791 16769 27566 853 21469 6834 26924 1100 23995 18932 3295 23904 613 8304 14978 29815 4577 16522 24517 29458 20857 6075 22673 12576 23438 10188 7938 29133 5610 6707 2340 3741 28812 10859 25285 21252 12447 15599 8942 6694 26870 27523 22170 3889 28852 15881 23122 20160 13337 29382 18947 18970 11795 36 20783 1987 5997 11997 30730 5770 10193 1714 7076 2023 11153 28427 13235 23365 1800 17980 26221 19606 31488 30206 10722 15125 8739 3239 6544 29647 4437 22983 23002 24189 3229 31037 2192 13863 21424 31789 2703 10144 19892 20735 9750 15514 4326 27476 26901 23995 6363 20236 17498 6472 19569 3524 5963 23753 5286 9767 23410 4628 18790 19786 20573 28461 3672 24432 8053 3416 15716 10100 22984 9437 20441 7200 25888 20759 16273 28839 6885 27432 29925 9390 159 30513 1920 26223 16320 17313 14806 25143 5430 14664 18735 22077 28131 19575 4925 15581 393 25376 21971 4343 11811 13409 13167 7791 14142 9091 18117 13800 28147 1823 30445 25810 12382 9062 15708 6531 11497 6271 26818 23368 20901 3679 31148 26899 21753 3802 22851 14905 28112 3539 30261 3725 20889 24658 3542 1058 4401 17934 3633 22408 8207 2117 4338 28266 29278 25521 1563 15552 6541 5952 21958 23944 17111 18057 17025 22104 32739 9055 10559 3416 4840 22322 24280 20342 9579 6715 1400 17093 20749 3459 10274 289 23548 16727 1972 31457 21238 14959 4571 23733 2658 28747 18447 24665 14371 25149 32536 17743 3994 30737 17897 14223 11933 12220 985 29635 532 3052 26070 14851 26888 9281 13591 14309 2697 4959 19880 31741 15657 12068 3288 1699 5247 20482 21947 30953 28930 1151 31157 13479 11440 31559 17138 1567 4198 18925 7035 7033 18459 31616 14800 9955 19224 32205 1389 208 778 25750 10545 13363 1461 20876 1027 7402 12571 2960 10204 1982 69 21503 13119 23945 22472 32572 25248 19434 13569 13146 3187 25772 12234 9478 13799 2007 12442 11997 3100 17642 31920 25711 8836 32244 30724 29386 19281 10145 7956 10578 21912 20350 28691 9983 23583 22494 24528 4815 24260 27620 13597 4947 9988 22808 3241 23150 16442 28836 29580 6142 3297 7100 22270 10246 7226 27439 29834 29385 32394 29840 7708 5534 6036 10735 18324 16920 2228 26474 13328 11971 20295 13649 18959 30600 18251 3160 12490 20797 24061 26830 1710 30725 2860 16452 12812 2080 
19174 31665 29020 8708 15172 4367 11748 23145 16939 22322 12256 20774 21885 27570 31942 1119 21 13556 13191 4045 13425 5318 14675 30781 12514 9352 24008 17264 1300 3843 30840 19520 5658 26483 16994 22214 31617 25201 14773 18623 25669 5980 18693 450 4682 257 14834 876 21998 19567 21602 23470 8068 6560 17196 7010 16371 24959 12528 30241 3611 4317 7071 1582 12064 15541 11330 26455 9235 26904 6777 463 31895 10380 24922 3009 17923 21875 3293 3286 30801 12833 6093 25589 31430 26446 10182 5165 11241 4661 2207 32745 25950 25966 28545 15527 6002 5377 4949 19597 13375 17705 21093 31859 31470 17496 29664 22995 26141 18098 6004 32094 14483 5121 3368 10850 13256 5358 3686 11337 28949 24433 10656 23199 13576 9673 7066 27035 7337 3991 21074 29681 31242 8520 17643 16732 977 21465 11905 28913 11577 1509 9263 6015 14046 8121 9957 406 24075 14892 168 14167 5404 24257 9750 27416 17886 8511 10604 28189 7734 6620 31913 27404 23271 24326 5684 25750 13812 15594 30165 14521 17990 8371 21843 7013 1311 26353 4279 29647 19523 1814 8624 496 5020 3409 11867 6734 9050 12807 31451 8411 4953 25403 2124 18409 15516 16890 18744 1083 27864 13062 8766 8452 27256 4266 577 32695 25671 9025 17685 21945 27061 4922 19340 11442 3074 10599 2010 7931 19449 29397 2685 12175 32228 12068 25188 19271 20930 20067 16448 11646 10344 11868 9543 29417 15880 20789 3403 31305 5810 12351 4174 23697 5498 22983 13154 9534 31599 18944 1718 25440 28560 11808 32685 11417 2861 22564 11787 32454 6451 26441 17112 21929 24506 27362 31969 30932 24696 16030 18217 8370 15312 16355 30106 27647 26322 11683 31430 25013 29914 16677 28486 2793 16560 11836 23958 9548 7085 25512 3710 16564 31333 20724 13705 25076 31144 1843 25834 10973 29231 15548 14610 20155 21278 2465 10451 19415 15269 14196 24816 16064 25301 1669 4862 20926 22978 25039 14394 26210 15743 32668 18592 16112 5681 4799 9452 30296 20063 8155 29093 24663 10748 27741 23933 7967 30253 4905 7590 14219 17811 3619 28927 18316 23647 8132 17836 9242 6996 22149 24327 13936 31748 16755 7955 8107 3304 16995 11559 11372 7469 21737 11688 21009 24150 22963 6362 6691 28590 20977 1975 29844 31265 32251 11085 19865 26463 16240 19472 30272 29891 11855 8079 17813 18752 30965 6489 31018 24042 9130 6275 12990 25657 16699 11677 2088 13318 27873 18760 32275 
21143 4888 13068 14334 7607 18198 23796 3055 4364 27921 30615 6153 16467 9003 24217 23112 22837 10180 5198 21917 12825 32039 11452 16985 1370 9338 13765 30502 22481 7042 31464 12236 18276 22310 31405 14389 5126 17138 12618 32014 7204 23168 31793 16722 28379 11636 9643 15359 11882 11559 21086 8510 30726 18376 1466 6271 9976 17204 29745 9736 15698 32164 3601 28015 7742 29458 31321 17011 27966 14640 30085 2858 10520 21134 17688 18328 32052 26355 13058 2791 890 10373 2675 11519 12128 2443 31234 14834 16472 30695 19759 10365 16733 19352 24039 17178 169 5238 30056 13527 27740 10193 26730 24502 24661 2603 25054 29344 31056 15216 447 6266 1874 32680 27920 854 20067 25381 31246 18640 16712 20370 13998 19989 24971 16040 2051 22120 18951 6804 26690 15023 273 18066 11516 21401 16683 21479 26738 16757 28995 3581 16546 14897 16991 17192 18765 21458 7511 11094 29182 23190 23853 20714 3178 23992 2688 19318 19565 2651 12276 13212 23362 19869 8775 2972 25354 19286 6969 18776 29876 13432 19671 28543 31798 4170 10774 1177 24871 2192 28483 22070 33 4295 21519 12407 26439 15038 23868 29390 27083 26759 17615 12041 4916 5996 19582 28853 419 25284 9935 29892 8109 31359 9344 13562 14702 21081 22841 8538 19923 13389 11620 25297 28786 32622 17473 23081 15418 32762 32378 11687 26144 7006 17631 5068 29239 8219 17752 8593 8580 28969 5099 2099 7484 7309 2215 23753 11722 8886 24020 16964 438 2055 30601 23333 15675 12177 8278 26778 16494 4856 25560 25759 24320 22088 32422 19475 25166 24062 3931 4246 27780 18825 5471 13330 21805 22625 21834 4847 10717 3954 3184 30936 12783 16360 17884 22706 8599 28793 4983 12791 24087 2353 2276 12835 30862 10994 5929 6869 1583 22648 25055 27966 18591 18883 27503 26716 21538 5597 12608 18327 31515 20240 9499 2963 1383 4583 16270 7445 15760 29536 13246 1893 15508 15751 10373 6762 1390 461 29973 24988 32639 10922 19164 13140 13451 1694 26396 5017 32461 4609 31752 11671 10289 22521 29953 10070 7379 11077 20665 9493 344 21534 31131 28895 23630 1132 31155 29513 12593 26334 30173 32178 22047 20067 11589 18765 7571 18215 13568 15626 10795 24815 23811 27320 20109 31037 2619 16588 6235 21125 9351 15449 23150 31409 14603 22740 13520 8060 9883 21991 27891 27094 28634 17340 12628 23117 4379 12361 4188 2372 21889 29768 26272 21118 16901 997 21344 32690 
14935 13108 32556 29931 26133 16899 19614 30338 10179 14720 10226 5037 17125 19567 15822 5030 32060 22560 3424 11733 735 20109 3725 8453 27130 24720 8659 12559 2390 32361 16984 13419 11259 18212 29391 378 25694 9477 9830 22996 20674 31219 23327 7755 26139 30012 1111 18756 31915 2414 2716 1628 20867 8623 21221 19886 18545 7237 32199 17144 16574 9971 9593 15046 30243 17292 19780 23924 16913 16063 26591 15536 17245 23034 31159 16231 12794 13233 28466 826 11769 11200 1517 18626 7562 3493 12295 13612 28053 28637 21896 13853 1669 24814 7309 28718 10620 20927 547 26778 22606 23338 17359 16466 16346 26084 26799 19294 8515 25419 11708 17333 31284 16580 15676 23519 17901 30829 611 10674 26333 18530 28427 14950 7661 2788 4601 22729 29982 12356 8737 3644 14614 26566 17460 5024 8892 21007 8450 10979 16968 4143 30925 9275 30270 4024 12356 4676 5665 9102 3543 18464 29169 30041 30972 7571 205 30028 26761 5587 27546 653 28424 10076 6320 18693 27569 9152 21545 24603 9055 21548 18562 13823 18051 15737 23748 808 12785 2599 15719 19267 19484 24050 183 30976 26309 3566 3847 4298 4098 28079 29284 12765 32360 29934 25845 10276 18436 8130 1162 24607 18305 14291 18939 6580 17604 24557 16205 25362 4842 8018 12918 9692 14977 10293 11003 3581 11870 13800 14895 21832 25107 32515 32204 30590 4374 15003 15923 11342 14122 22231 11004 5727 15090 3574 20002 7884 495 18958 25748 28895 17505 25863 19470 8934 23076 20736 21923 711 16487 31876 13386 32072 27320 8163 24685 15973 6831 21291 31540 4117 8550 27079 31888 15629 29134 5490 16681 31330 9238 3570 30827 28439 12114 16194 9488 22757 26850 3941 8636 7843 356 11853 27165 31213 2412 26747 32115 3462 26860 16176 17898 5033 265 19107 2702 8610 1779 10947 11403 29447 21996 11294 10039 7191 15327 14361 4458 19530 22097 31634 11474 13695 29256 22085 17732 26185 13963 27270 29132 27882 7057 16048 16265 28706 14598 10517 31408 11138 24193 17943 26631 6885 8257 8563 6151 16041 18911 622 20321 6096 4696 98 6657 32361 29211 26645 17603 32427 6033 26568 5489 23310 11353 9864 28424 22908 27771 14353 30325 24102 24778 23219 15838 5490 30453 3717 17155 8110 5336 5750 5741 959 15172 13067 11194 32592 6859 30458 108 13253 32507 14155 11873 10228 3310 19617 21434 23013 773 28098 2357 11820 29383 5109 5723 11878 26440 15440 
12301 30764 25993 23836 16216 3382 24946 29299 4399 18079 3296 14915 27254 4972 10305 20853 29328 2999 12122 29461 45 17770 23107 18277 9766 8293 25923 28126 28604 17140 24794 31276 15305 17462 17152 11750 27897 22308 3846 18055 30916 14818 3237 30894 7673 5452 9601 22101 11646 28988 22831 796 20168 7357 26900 17358 24091 26875 25541 16690 1776 14326 14398 1686 10418 3090 1575 26336 28939 905 20520 18551 13816 15557 26546 11237 14606 17547 22854 12062 468 14266 25403 6278 13157 9679 27872 13108 27437 3970 4328 1488 4786 12407 26713 21533 16610 9749 11733 30642 28972 18937 20470 5204 21206 20654 24349 15673 25436 5662 20690 5258 30877 15003 21304 31229 7488 31301 24459 28035 32514 8873 6026 28530 7866 26500 22 20742 23484 29810 19074 28726 698 11593 273 21718 30350 25503 17329 5347 20459 6458 25899 30132 30035 14077 2293 24953 31874 17485 31716 19889 32263 17726 23308 10367 23509 248 27646 19447 21502 28322 7523 7885 14754 3887 19847 2441 9307 8545 12975 15228 1863 24255 509 26235 25513 30225 11537 30866 11036 2380 13898 12066 31041 12214 19315 26959 22616 6799 23073 7434 12951 5321 18282 6854 8134 30017 30006 26199 19629 17466 2283 20243 4399 407 6444 16840 15593 9510 24775 19703 20 12589 19902 14057 25097 20671 2103 2390 17648 20968 20411 20716 14690 29389 932 17899 991 24250 27805 17734 30238 11115 10586 17808 24454 10636 24022 28441 4070 28122 1645 24891 24662 5865 4787 22092 23249 28124 20243 19112 25296 12158 23426 6399 8329 6244 5860 19460 17215 4625 8241 28707 25178 7579 27660 22584 10356 19818 20123 29947 28868 6452 16382 3133 17514 15703 6513 5422 20930 7640 1822 4344 30950 13388 17498 19568 7857 6484 20265 7206 5403 1233 11232 1329 6667 5719 18057 11835 3033 8137 13589 8119 7137 17127 2634 19946 20872 9706 22028 31086 10200 32713 10236 24198 18784 31665 29220 16766 8008 11605 9810 21410 2055 14244 983 3456 18081 29550 19322 30884 24911 27324 14046 15527 6326 30063 4324 15417 29361 11082 29741 4234 6894 15941 19588 7994 19090 9240 15802 2753 20341 1480 5920 2891 22976 28259 938 2861 29962 19008 4353 26346 2230 1706 12235 5462 6113 14283 18614 12671 8058 25664 7559 28751 4249 25240 1518 3026 7360 8572 2108 31528 10244 30880 28204 29376 21764 31028 26497 22969 2440 328 27123 2227 23045 27003 21863 16641 
976 25906 4154 32089 19305 27897 6708 19122 16077 16600 27845 27237 13637 14321 19004 2823 9905 15192 17940 21270 12893 14320 9077 5283 16818 5803 21604 30561 22035 29625 25905 16979 10236 11747 357 6594 12794 28196 25487 29039 22647 30480 3192 2896 6417 19995 14259 29320 16399 26321 1939 16589 15975 12648 2881 11495 25565 7507 19013 31858 6203 20019 26413 15124 18250 23845 1094 1624 20801 2757 8028 10309 18002 19952 5214 8812 8538 22497 24682 19796 24072 5187 28943 12885 16646 18393 29995 18919 17288 569 7215 11051 21034 12423 30330 28654 31633 24486 11825 23088 18911 31537 32332 30691 11417 25604 18938 1287 32632 1843 16241 22057 2282 18743 28624 26627 16627 15408 11819 528 29974 24050 19743 11574 24510 3788 11838 2504 8020 16950 4539 15374 21055 9937 4342 22291 22454 31832 10912 10499 20823 2151 10668 10917 21040 4817 9534 12660 26369 22554 18075 25636 18262 435 7786 19642 20198 15773 21313 24092 28945 17143 9986 20484 16604 2049 9018 5908 2433 30927 14167 10681 28333 21381 20006 25552 27757 18790 17676 4445 7056 8281 11891 26527 15693 31785 27947 6273 28967 2243 7420 23103 19331 25332 8799 11036 17777 10640 6695 13456 1115 3228 31129 7743 4871 14162 30856 4893 13993 18405 17012 1603 18019 3311 22461 24311 5852 18990 24870 11359 13073 27091 11448 241 11411 22798 23550 12537 18241 14307 25725 12248 32737 2633 17886 9976 31073 315 29720 18128 8527 31556 25225 26740 4567 7752 21394 9177 2367 30894 27371 982 21898 9950 17509 8046 12555 26348 24119 31978 19628 29870 7143 6143 25148 12292 26550 31401 4551 23279 10267 13576 19653 32332 11225 15474 23424 5963 32502 16342 28953 17037 19372 19279 16046 32566 26779 14276 1019 29211 18530 5592 2274 27253 26368 10321 25738 19008 17271 14093 3396 25465 4037 10723 476 11015 3309 11442 19469 2095 21529 13165 325 16127 4882 10167 4807 24108 21524 31943 362 595 14222 25295 480 17132 2495 553 11489 24579 20393 18769 32003 1305 670 28289 29929 3164 15806 1883 28154 13048 30369 24379 9282 23456 5667 31384 10719 13813 10617 7975 29154 10991 24977 9281 1932 6913 28847 13216 6951 648 3075 14377 23934 27763 8033 18142 12623 6639 21806 27528 25370 10588 16239 10416 30329 4473 7618 15751 8422 17487 26773 19586 21190 2514 9188 20622 24319 16420 21988 27748 16732 10186 7099 18502 18541 2762 29232 13800 
32478 11724 20865 17722 32642 3691 5516 27560 18905 32035 29767 11130 12795 12901 3496 32203 878 10364 14962 13488 25809 2691 30333 22498 10878 15673 4752 15136 28631 4959 12895 22225 12830 6623 19027 28520 6224 6527 7621 22783 1354 32387 30384 29222 31733 13484 18189 29506 7115 20176 28127 23082 12066 30895 18127 32523 23035 28165 24018 21010 30178 28338 31924 31756 12636 32427 31642 20632 17875 20806 2234 27782 23703 7543 5954 22560 25238 26753 17839 27638 9978 6175 29673 18558 20589 29782 19260 30775 29308 12767 18504 1115 22714 14261 24973 19858 9230 17394 18938 9534 30638 22118 16112 16105 9307 19573 17275 18910 31759 31995 31756 5100 2599 9786 27844 19561 8168 21543 13515 24997 3455 28549 26326 11345 26960 3325 13920 11760 9660 20748 30696 255 12171 19220 32590 27629 22077 32085 30703 466 23697 31272 11050 28219 10887 4002 12187 28592 13928 27012 11098 12315 24561 25837 29700 30152 12515 32099 28713 11177 17450 24523 17661 28520 7038 19548 1044 17281 8114 5859 5938 11178 20651 4633 5964 8012 13657 25288 24968 26705 5343 13391 19668 4264 15826 18480 5873 6916 26338 26940 19869 23127 29971 32165 20686 19945 5479 21300 27513 11907 9873 27641 31390 20252 15566 7359 12702 8434 5437 31280 10044 21458 29251 20106 10410 6694 32208 27180 489 14990 1461 18934 22004 1732 16351 20468 3622 1807 9425 17456 29509 6668 7405 2575 13482 28854 31913 18886 22256 4891 29179 158 21662 16754 20662 12868 2014 8138 14845 30978 29230 20840 12387 7026 14080 9979 12271 11664 12954 20374 6801 21701 15303 24550 7676 17011 5246 25469 31867 17234 22293 14992 20052 16135 18443 4326 14082 32369 1941 31917 7403 7588 7412 31380 1964 2247 175 15659 1640 24786 20595 28594 21087 17265 24536 16365 32161 29020 7810 24744 8628 1162 22746 13592 3059 20809 22198 18117 15492 20582 13078 26894 31458 20970 11205 23558 5008 4912 12422 31964 12569 21978 8837 14770 12447 768 16395 27400 19053 30564 32206 27273 29781 11473 145 24214 20242 131 25383 20331 488 3377 27681 18084 12820 9169 29867 20559 6594 3012 18431 20986 30359 17746 22928 11878 32478 22857 14446 19343 12638 15174 26188 28419 9767 4589 23762 16078 19337 7708 15653 22357 4256 31278 13075 29527 13365 18542 928 31219 22327 6493 6139 20448 24141 6723 26921 13144 24694 4909 25856 15666 31483 4548 4946 5663 21560 29601 18899 19697 
20035 22889 25436 29458 28416 2113 7201 23092 13370 114 11506 17650 4132 28998 14238 12677 8579 24626 29228 15766 24736 21541 8520 9185 27244 17364 2682 26255 16258 26051 27266 21573 3074 23198 1927 14943 9272 3218 14234 32698 24115 29536 26546 19982 24586 29088 14805 2394 15813 26405 17380 23454 1081 27179 21555 3743 1257 31130 3069 19827 22365 1372 2919 3520 18320 18346 20087 2982 16699 19931 10810 22309 5059 21556 14733 6532 15269 30964 30620 6259 4624 10709 31096 484 19905 1926 31621 22186 28677 26306 10735 10240 28416 6226 31431 23031 30462 14353 29249 29761 11725 12935 20498 26544 8928 3267 10873 32687 30923 2385 8558 26665 6943 25918 5995 414 21344 29680 18976 11261 12808 3941 30896 6257 8913 24712 10616 20916 13458 15537 1840 982 16024 26581 32382 9399 9693 11618 27457 22046 19176 23150 18747 22920 19151 6118 17835 4109 28661 30174 17114 31275 1628 22761 7091 9900 11342 17795 15304 15486 12467 11688 22326 7360 8382 10284 15829 8772 22752 10817 27845 13632 18930 20632 22815 25949 21292 11252 25073 10290 26776 19249 4376 21702 29169 4090 31944 8666 3060 6371 18521 2580 4513 25675 12788 30582 31633 29886 28053 23512 11020 21386 12879 2452 3077 2953 4804 29063 15756 11654 18215 3942 25183 25290 31866 15774 25311 4345 8069 28827 24971 23301 24668 18331 14037 16334 3445 18925 28275 8387 11796 17603 23161 24281 30792 8910 20722 29106 4838 5157 22064 14380 11883 19560 5382 1630 22289 10265 15731 6421 8240 26979 10110 9974 1323 23652 32176 13646 4693 25400 27814 10197 901 16305 22120 31979 32153 32352 17134 20749 29442 23138 4554 32084 12761 23600 1847 27809 25922 29793 5892 9405 23397 13376 17132 1016 2276 5857 32090 21823 17028 19112 8932 30686 6770 32438 21769 23346 25509 26223 4766 16231 19872 23277 20397 3345 28479 1007 22336 3090 13562 26647 26686 29739 10644 25601 12499 26617 7942 23277 9814 21098 26507 19491 912 8117 25093 2832 8699 16352 4181 21880 22049 22029 28320 3935 22655 9523 29019 25111 29481 13028 19557 14397 15805 5366 27502 31711 32196 4068 31606 558 21815 18006 29448 1471 11693 16591 19769 27992 17387 18724 25419 19537 251 10890 3938 5840 15533 30719 18611 29082 24396 12948 22878 6334 17624 16447 19290 10353 25820 10401 16236 31489 8473 27285 5849 13273 29065 31061 14248 21273 16254 22735 15429 653 22996 29274 8388 28902 
13926 14718 29053 18043 6305 12728 10416 8553 22326 12241 30394 6717 7007 30473 4599 1701 10388 10885 3694 9718 4755 13654 30719 13041 27991 8558 29878 31545 25284 24762 12766 12676 19361 17602 27587 3755 13202 4850 10077 2161 4137 31778 26276 20872 899 11243 6744 24526 23071 4844 15609 19948 32229 140 21153 23703 8267 21707 22316 1335 26748 17646 12928 10538 17732 16030 20765 14367 29441 26114 5145 25423 15418 8977 7558 7981 11939 28542 14446 23009 29986 13574 19884 3141 6519 26495 7434 3276 24952 4507 28404 10827 21198 17847 20422 15517 21482 6647 30574 19053 17122 25374 19760 22041 87 9787 31873 16084 19543 10398 31521 2999 8084 10841 16602 4903 23516 2925 28341 23564 8704 10706 22263 12193 12846 20037 20405 19676 21759 13242 19935 26331 14956 19855 22077 17976 24364 28822 15249 3024 4204 29670 24066 27031 1204 10023 31134 5607 14350 19491 20024 12832 9823 4719 3301 19567 13875 21143 31696 22275 878 5722 5557 3539 13762 3559 32255 22230 7209 27279 24958 28740 28804 18261 1481 25050 28449 17306 634 2526 24723 29245 5320 15720 3509 10402 22145 21450 6516 3219 11664 21960 22551 22539 6361 19088 18325 24192 27433 9360 584 18080 11874 14229 9246 26527 649 29275 32392 15426 19281 28371 15920 4973 22173 29860 5226 26149 4250 17063 31336 25538 913 6259 29514 29109 7585 18373 7666 11626 21091 23438 2658 31406 31789 19550 4182 21301 23788 14673 3625 4123 27382 14833 23965 14096 31091 26818 19178 19281 21306 156 14267 23935 15464 10730 13395 9501 31535 29810 18986 2019 23261 20958 22374 27846 6014 26893 13838 30059 14894 1772 19640 19693 2329 17374 7669 6770 27817 16690 32272 29194 26298 31771 16298 31760 6066 23857 4621 14463 11115 20575 23921 25810 5907 30800 2837 6305 9279 23267 21764 2672 31542 7402 14117 2552 97 1913 22114 25024 6239 22749 27965 29062 19222 17961 18615 31287 20216 18402 7028 20031 16433 5643 16700 7744 27710 15955 30480 18795 4212 11788 25179 14235 16570 20825 10293 26220 11606 13070 26106 3399 4294 22491 29158 10125 22126 23628 14014 30925 8168 31838 16379 18486 22289 15291 15693 19471 4274 899 3297 6477 15157 24238 27133 30182 19212 32078 11702 6601 23445 11310 26388 15729 30006 19051 6090 16322 27647 16682 1916 13512 31836 23213 5607 5883 4344 30891 10238 16176 23649 20688 10434 19113 27292 23781 18112 14105 13940 19891 
2972 3910 8888 23281 7055 26156 28789 14257 5719 26224 17442 15665 32292 11433 20928 11408 18614 24616 2233 28465 21490 20616 17427 13922 30103 20533 13773 14058 19370 27164 2701 20021 8969 4632 23923 15186 24340 48 31679 3321 18813 25085 18256 19303 16572 21694 5112 25859 27476 21417 26599 7750 6905 28313 18911 22785 10371 4759 136 28852 8357 16203 3860 17638 8619 9355 6392 27541 19475 28092 26332 2907 18067 28693 2385 15850 16020 28744 29682 13647 18701 10144 10554 2836 15803 14764 6534 30440 31257 2154 24604 10381 28152 23751 28881 22632 19793 8186 19977 27381 5154 25698 7242 7442 265 3301 434 20892 15894 24521 25837 19178 13274 13137 2921 11461 24280 22956 14531 24562 22014 11062 8726 14245 28737 1398 18929 10460 6996 25754 16820 31968 23211 27130 26314 4500 18694 31984 780 19815 23088 24608 12247 6424 8845 13208 19362 17364 26624 19831 19633 20737 9770 6827 3920 12756 23807 7135 22344 19499 570 5735 15790 1498 30941 10662 12348 32560 25889 23217 21022 22503 10533 3756 5465 763 28044 4922 27565 29450 28270 15723 27596 16349 26130 31378 25184 17260 24383 2041 20757 7581 2615 640 9402 9435 1392 1281 1496 19224 13340 27538 5726 31282 29119 17348 27601 10240 31794 19026 19853 27741 16030 4844 18205 28518 31702 12651 8852 13060 32305 12743 18783 22496 28182 6915 31662 2769 30060 8515 26945 31596 4061 7675 17436 2298 3342 8298 12014 3050 15741 27482 25648 28918 31985 14455 12691 8904 17754 23580 21042 15298 20960 21861 22741 11610 21703 770 13382 3882 29407 4547 9303 25246 4181 17269 13824 26972 31968 19765 26956 15574 7302 26476 16687 24596 30131 19458 24510 18331 18014 9401 14689 30206 27906 31718 28748 1189 5066 7243 8218 11619 30897 10443 32247 30062 14002 15113 19213 1039 10361 9738 24147 31607 19143 10399 22311 10224 17650 15435 19041 22944 14597 22796 9950 32546 3912 1934 14527 25979 15679 32477 2330 12351 5862 26416 6155 28599 24790 9450 5525 1546 22414 13830 19211 28003 22519 9787 19193 14702 31317 10594 18454 28948 19599 17016 21246 14260 27232 5068 11869 13461 13527 19486 6695 24002 9782 7091 30408 15977 17157 13639 24076 4005 28787 31218 13183 3762 29013 5318 12064 15548 6551 25550 22062 4571 18991 23475 13045 22176 10127 32520 21504 27048 11722 11853 25665 30883 18569 1031 4602 13565 12011 6946 3569 8365 15722 3191 2143 2721 
30732 30079 12461 6125 26464 6389 17017 31707 10135 22555 16420 9408 13490 11490 31936 24394 5846 18586 1945 23818 2582 6830 2838 11096 2720 18018 18239 15316 7932 21924 29698 31836 8792 23538 13388 28830 18544 9624 23095 14273 5435 11076 31695 1821 8589 29366 18928 6901 1189 11437 492 27457 2482 6530 3915 28354 28227 31680 29271 8203 4857 31836 25825 27751 5498 27755 26197 16176 32556 16228 6278 32368 17858 19371 30926 17320 2558 3304 21829 7265 30997 16763 25385 5653 19267 21839 5581 15233 28263 20870 21525 31792 30124 9289 6 6203 14904 4493 2233 29759 25345 21371 1530 8385 21309 25904 6866 16486 3202 17268 12848 18108 15956 9142 14353 25251 12149 15344 15725 10208 22784 2844 30736 19278 4668 2806 4720 7454 2728 14107 28482 12845 11954 17921 26442 16876 32179 10372 11564 27900 22847 28384 17788 6561 14982 1694 31774 5704 30481 17022 25560 3708 55 13797 26574 28465 12800 18584 26791 23974 30779 29049 30789 31420 11353 13812 30172 1435 15417 28775 13630 12937 29756 24645 15096 9130 579 25824 30100 21211 2298 2639 20012 31015 24328 3565 18618 23381 28960 11460 28806 5107 14735 17993 13480 17181 27069 21657 21891 16366 29875 31769 12216 29673 29552 21371 26844 17387 13998 21798 17451 28214 6039 30409 7819 6809 23705 19231 12943 27953 51 22942 28092 32430 17586 4458 30999 1641 19858 13268 18508 13382 17030 28809 1081 30631 31938 3404 27914 22740 7650 22885 13085 14863 25520 10414 7577 15005 21436 10258 10603 2924 19472 4816 25863 1774 17265 7759 7763 3836 16589 13441 2638 6187 1703 3364 23184 26542 4279 1314 18990 11485 16188 14531 11476 7656 14116 10001 29816 734 6384 20012 10150 25814 31181 12407 10569 2504 31508 23777 20167 605 2747 6333 26598 15420 21179 11042 28873 19299 29817 21489 17936 23052 31499 6711 6839 15321 13390 31422 7105 29846 3324 7427 8234 31131 30457 25917 25577 7267 18775 5935 16096 20990 8363 19168 15464 15452 11849 24069 14553 31450 19427 19680 27436 248 30897 21629 3634 24435 3388 25542 20997 23779 25715 25080 30893 22773 32757 10444 23937 18795 18956 26555 1015 31898 25475 30540 1454 31849 28242 15278 26724 32106 11211 21570 6293 6215 2853 8222 29414 26892 30245 14630 1818 5797 11471 31671 7260 30737 31812 3284 1025 18381 9375 19597 21485 25143 11180 13422 710 22291 12554 24855 16584 17951 14557 31346 12296 10351 
19184 28069 30446 10856 5855 21617 2137 13550 18125 2826 25194 3736 7995 11635 26840 8533 27918 2770 11080 6603 25574 4260 32123 14101 15764 5043 14341 9148 28387 11770 89 5966 5543 15439 25373 8668 8337 1931 6539 6429 25111 10662 20393 17593 14259 7639 15022 12365 30364 11360 27732 5631 718 26570 13518 17109 3277 7381 17672 1440 14581 7799 12230 12379 5546 13604 24627 22880 11787 9794 9872 18925 20920 3249 10327 8635 3810 21063 5757 28102 19727 29607 7845 17855 17166 21517 2292 5119 21411 1422 15011 8818 12226 15487 22146 18005 10629 26870 18992 4321 27181 3892 10827 30054 8544 31106 17533 26933 11637 952 30197 27629 22655 19951 10258 11326 2406 11425 22325 20250 29120 29619 26821 26987 6794 27239 22611 2028 8052 22873 7195 16996 2679 29326 10945 1854 25005 26225 9909 18239 24414 15763 9564 4429 5160 21745 23239 28726 22345 4196 23181 25135 10932 11505 7240 26985 9329 25377 19011 8239 9817 9863 19913 8306 15498 16357 27081 2102 31114 4160 11677 1807 30867 15952 14292 16351 17738 1078 10386 18303 6100 3503 1147 13938 20948 22243 12188 12769 2573 892 11463 2739 8632 9064 25526 21603 24031 31743 25413 25534 19580 5259 3708 7804 24126 428 8189 6950 17427 11413 10510 31895 24638 9168 5452 10590 18981 9772 16572 17687 29606 5848 1182 31951 32636 7055 6931 30710 25817 17962 12945 11243 22662 13173 30189 10782 5578 22051 28337 2620 3144 18928 27754 15269 26186 17136 4652 23704 26287 22250 20808 6161 10989 11572 8646 10050 30701 30465 30176 31649 10742 28897 6733 11954 23375 7006 29870 1485 2212 2757 2392 7293 31283 16924 27644 12495 14653 10779 3007 4403 13225 5499 981 16959 28555 29834 771 17318 5176 9014 12324 32564 17018 15060 7474 26095 19431 14635 21953 7407 29698 19259 23175 4224 4225 11221 11591 11854 2165 25227 28576 5514 18688 12931 17347 13485 15452 15342 888 29679 20711 9801 18538 5109 19504 14661 556 4493 21131 7906 31996 23458 14735 9485 4904 9085 28872 13056 28637 4739 5992 7231 14897 9481 2285 24663 17471 30470 20011 443 8531 30412 27549 10487 1844 21415 17707 4934 14445 1937 28296 31038 16318 29253 11417 28920 29098 7762 20584 1871 30933 20211 30241 27489 15392 30916 23488 4858 5328 5100 27963 10253 22217 267 1525 5468 32351 17906 31191 22994 29400 25030 2356 29543 26531 8282 25650 5706 8739 6794 
4864 7764 5694 10569 3501 21618 20305 13985 18150 17732 27711 25955 27349 5463 6557 17849 13215 28691 22421 14058 264 3357 24560 25239 16137 1431 12495 23450 30750 14045 6682 31215 31418 28405 3090 28867 14884 172 22707 7355 13552 20263 2489 22666 3652 3873 3654 21335 1139 30990 16629 14919 6058 17562 5125 5023 28056 31472 21454 9986 14438 1608 5369 9032 16199 10900 26829 29089 1120 31001 12633 28405 23525 21946 31802 8449 29078 27103 14493 538 18781 31882 9660 25399 27982 9807 3269 32552 18555 20910 6756 12712 13157 18118 17774 29067 18513 25257 30014 18263 11377 4465 4056 5336 27872 19507 15149 809 3013 18430 12190 1252 14147 1680 5384 14830 8619 30847 15916 6770 27415 26454 7745 24997 6545 18043 13039 21889 7152 12112 12785 20888 1297 2643 2715 14886 27593 20441 5987 25653 24783 27334 14370 22225 6261 17832 4117 4753 31456 13028 17626 1013 19095 29198 1230 7467 7799 17167 23149 32004 11503 12871 18219 21399 336 17566 8549 17468 26492 13652 8200 23327 9252 8059 10004 26642 11673 7448 929 6435 32364 17038 14698 20611 3641 23802 32645 31002 29505 4686 19603 12418 9349 27802 2437 24518 20599 1727 23784 13674 402 4589 16936 31761 32734 28212 26741 13582 32023 762 29637 5025 16510 19577 16852 24491 22795 16621 28348 7779 10369 3832 9859 7637 10469 28811 23646 13962 21242 1296 22462 1832 20981 342 1743 8871 15745 27351 24312 22000 24474 9565 26939 9616 27863 7056 16385 30975 19375 18190 28844 24372 563 25545 8891 24367 28738 12139 18066 13645 22270 27977 25527 19496 14857 23522 30121 22605 27536 28286 20727 23369 29361 26450 12858 4261 25218 22541 23769 3012 10436 26936 30137 15640 20532 9569 10587 31079 11357 24074 9732 839 11356 18211 31248 31888 20164 5116 9392 31311 19424 14726 11214 27886 31717 30993 25157 851 20692 4701 508 21905 1357 27962 28087 29111 9222 17171 14672 32229 21316 29539 25487 13416 625 29978 15030 7236 32537 22456 10083 12076 3263 10850 29539 25471 16236 17055 15445 5913 31598 27953 13714 19682 32639 29612 10350 12157 20093 16036 20120 26102 18426 5369 30163 7977 8822 12479 31244 11749 32338 19568 9518 6541 9757 1645 21164 25291 3788 18763 13568 217 12838 12638 20302 6404 8341 6677 12107 6232 3522 143 13817 808 22982 27952 11528 8420 31306 6455 16603 2727 29695 14085 28618 5776 7029 16263 2210 3128 
6622 4657 23708 2042 7148 20589 1973 18022 12801 6307 28355 27782 18452 6171 26968 10325 18789 26828 6117 32228 32250 19252 27132 5973 22247 21834 14825 7842 32282 26362 20329 22272 16067 4466 2420 18231 5003 22059 20402 28274 437 23956 7103 19012 15875 7690 14348 30225 28127 23120 30831 1253 29634 12045 21361 4040 24540 11227 12815 19210 9243 22592 6400 11230 5094 23267 4720 13175 11942 21964 24826 32313 22923 24747 14094 22371 13449 3522 23169 27817 19235 6577 25567 4818 12354 19045 17500 26081 20239 19547 14848 15388 27802 18942 4509 21649 30134 13687 23535 2368 14397 32175 24210 16420 15555 3912 22402 7347 19418 12764 30224 3132 8176 28237 23498 17081 10164 7452 1058 5231 7871 16759 6443 23274 20172 17599 10733 12093 24233 16209 27490 13549 15820 770 32599 5223 3479 2408 46 24738 21863 16017 9656 8308 27104 25771 24058 19329 626 18827 19761 24699 27368 5410 30609 1615 18262 12977 5107 12102 2833 5873 14299 17875 11283 17339 23429 28906 32498 8683 16468 10588 15876 10115 10806 26219 29098 29420 20949 2928 18278 20780 23081 28199 27303 17730 6545 195 7974 12113 30360 23363 14597 28399 18930 17088 3400 18538 3979 15148 23804 32463 6746 25399 10768 11131 6972 13867 8365 26634 12490 25557 4448 13477 425 7909 6511 32614 8398 20154 24320 4500 15608 25665 5063 7662 1205 27028 30744 1911 13318 29334 28963 16728 30452 24484 5677 24118 4239 12993 10221 10229 23154 20791 9533 21018 19677 3379 3723 18759 29231 22117 17433 11014 8909 2967 24115 31808 19601 24739 21053 12985 15448 4604 5953 28992 5001 19080 7531 8892 32116 29756 27906 28780 1033 9698 2830 7374 7771 7498 25409 14321 19704 30039 11661 31831 25151 25561 6891 20179 26182 22284 31745 7626 30018 10823 24481 32006 20553 7767 2658 19449 5351 6989 5739 32384 20299 11108 16990 4957 6898 8709 21174 26542 14584 22677 5111 11107 21741 4859 5471 22188 28131 214 22259 6333 12984 5776 2623 22965 2940 20043 20548 2769 14151 17268 7012 22253 11823 22235 15323 21968 16842 3947 21579 9320 21214 19501 29743 25834 20430 4150 1084 2999 28455 24809 9078 3603 12185 17082 16695 12411 30766 14051 14687 16216 27607 27391 2640 1411 23295 5375 17133 14027 30349 22667 9771 20055 19424 23576 3386 2007 6023 9908 541 26653 20202 4918 5856 24724 17676 16744 15565 5299 12946 19766 8371 7510 17464 8603 
16370 23830 12613 32303 12202 15011 30061 779 30675 4907 6231 25447 8405 16281 7130 19177 15443 16000 18096 730 4267 31333 7628 32234 28866 4546 11685 749 6688 12407 3384 11127 7298 8367 24466 30175 17266 7544 24794 27385 21056 2164 28981 11117 18517 18026 11426 28215 8617 29519 10492 5225 12593 32278 16038 20056 31382 20445 3658 24419 31969 25681 18126 359 13427 8739 8903 22462 28789 10399 4393 7136 20399 2904 886 14336 8508 16689 10548 6472 30192 10103 28837 9156 14504 32234 20375 15535 27024 24974 20317 24893 22546 18834 30705 11192 14344 15489 22151 15042 2451 9444 2740 6187 22873 351 23354 265 11137 30707 11492 2916 27130 11336 2549 23479 15105 22085 1664 5062 16104 2934 13306 30242 17383 21775 10827 11123 32374 21622 2836 24707 2391 22830 23135 32652 25770 9433 3466 23224 11329 23180 27836 6182 24801 17783 30683 27086 8553 26396 8875 13125 5489 20028 4086 9531 4041 7075 13217 27428 1989 23892 12939 15226 21560 7311 20901 17840 3363 32641 17378 3245 1913 29524 7508 13591 24296 32375 3470 10318 5587 30557 7515 5617 16577 30126 32759 11377 32102 28836 6579 6583 3150 2089 6897 31637 27449 20625 2982 21662 9084 25380 3259 7489 2697 30499 19943 22888 10196 29791 1452 20956 31457 28625 13494 17883 21512 27927 27252 28945 5970 7593 25338 28420 15369 11974 32430 26650 27207 14134 15772 13450 21120 31098 2474 17623 21511 3393 743 17444 12839 17001 12416 28456 12254 16283 7295 25006 20248 16975 30052 552 15684 14104 19047 26107 16149 4139 27865 11508 4630 4114 15325 28959 14379 4705 20183 4832 29846 21978 10823 29854 6026 559 10843 31092 5113 542 13288 15068 13582 15996 22521 19631 21259 17993 25057 32336 13840 1709 14837 25118 7454 29987 25711 21896 5524 12032 20237 29953 28093 20147 18193 12 11678 26266 12170 12617 26157 16993 27127 18377 6453 28187 17103 16053 29104 14404 17287 29523 32146 14981 17652 10226 26698 17098 10823 16331 4932 8476 23572 5475 27816 13642 11778 5799 23954 13091 15434 30869 5436 29273 25118 12483 22459 8792 23995 29804 29079 24764 25999 30375 4648 31608 26556 13380 6067 19982 12517 1451 21221 12334 9337 20849 5791 18892 668 14235 22337 20558 28584 16607 23217 12090 11360 13959 4388 16986 5578 7363 12280 29449 3181 8892 30102 16355 28783 26151 30525 11373 16360 26832 21187 14112 22432 22665 18620 11697 28855 19740 
2730 4840 8596 14924 5541 15800 24269 19491 31992 722 7544 15756 32018 11076 6607 11335 31027 2666 14028 4726 12569 20915 7953 15609 10710 20488 13312 11063 31744 6016 12029 8789 22908 1015 63 25770 2384 28793 25131 7742 28171 15434 9938 824 22285 1737 2159 13047 13777 20337 20629 20821 19029 32008 3654 28719 15855 164 11170 11398 29925 31256 23477 31363 9048 24701 9595 18706 21222 9686 385 10974 32475 4094 15301 4034 5351 12988 30034 7072 10685 21431 28681 12074 13623 926 25625 23815 25909 3168 25441 22282 12048 25317 14738 17568 29424 32313 7826 30632 11865 9726 18574 17382 17110 16855 27953 9237 11454 8108 22372 22896 25445 4900 20227 20202 22811 16711 3704 9472 23712 384 3250 10840 15369 22528 15137 9027 2245 23459 29550 29623 19062 11402 1046 11359 27751 11760 7439 19092 27096 10681 9706 22023 25291 31688 6423 32404 25728 30900 6408 19416 22546 15742 30154 24451 21775 22986 31800 19606 31821 19535 26188 4230 23818 2360 4106 9612 18128 20759 20437 9096 17834 23968 24245 24346 11612 8387 30110 3418 2248 14910 9080 30359 15829 12306 30932 5762 22929 15671 7283 13220 19422 21978 7010 14658 9947 5453 2439 28219 3769 23917 12657 12805 27253 31727 17702 7745 15067 11302 11342 30063 24046 5755 7764 11046 10036 30317 25770 17957 5466 7364 28048 25047 22382 14366 22054 18628 8421 21008 7727 27331 6716 29739 9324 13230 20581 15059 5060 14141 22355 3738 4642 17075 20037 7921 29169 19949 31490 27813 7721 22832 1356 11474 9785 26248 20856 20608 13750 13570 18681 32381 18173 27312 32511 5150 32042 19700 21552 31813 4354 5436 7458 30401 15400 29010 29803 28225 29646 26892 32312 27942 18968 15429 32336 24353 27798 24797 13735 1574 13844 5352 14577 7946 17724 23637 777 17162 23742 19188 12838 17599 30226 15209 27162 31558 32445 13122 32441 12254 29999 7423 19492 23930 17029 10406 7077 7407 22060 26538 21833 15574 606 8427 28952 1867 25409 15069 31493 7506 32635 1619 26149 3496 17286 4830 5176 658 31624 9503 16782 14918 717 7425 21414 21609 11867 25804 487 26880 29315 19365 15120 15858 25923 7983 6909 5611 1166 852 30426 9741 15143 27725 1489 19812 18749 2127 3168 7663 16647 12574 12590 3536 5305 17007 19540 13654 30642 3649 30842 565 15895 17444 4432 7224 5730 7453 14869 5201 18980 3033 21579 21646 31205 30296 22277 25866 25172 18152 
11444 2188 10550 1663 15193 24731 1855 8655 9690 5013 22289 13948 20224 29030 22200 24782 428 12995 17053 24525 25422 15214 3843 23949 29805 32205 22282 25395 29587 7394 7472 3974 27571 9846 3686 18897 29377 8414 22610 11721 9553 5015 24437 3943 20076 8170 31891 14369 11236 22135 29634 28282 531 29328 321 26630 12692 4052 4366 12477 2934 4844 9015 7073 28069 2367 20156 16344 13261 20029 4908 21312 25417 20751 14337 19595 13053 30100 15767 6104 810 4801 295 10356 10031 22077 7066 25244 14250 15688 23528 2086 11886 17021 1880 4762 23599 7621 10441 1544 14663 3693 10912 29084 15367 1229 15706 19404 3027 9682 25578 7281 21130 22109 3970 5040 1790 11285 17995 21888 1794 12242 24622 29085 28937 31226 17170 2412 28488 15076 28871 7525 7877 2325 28149 7258 6546 2797 22878 20471 16890 19707 8400 17398 4924 14452 27392 6020 2153 16713 11224 3823 32297 2634 14341 223 7288 19855 16523 13561 27137 23648 17784 4170 16744 19096 27846 32286 12899 26923 14891 20447 6501 2683 21855 26035 22734 4160 7492 4262 22177 14102 17498 2580 28129 16784 26164 18831 9380 15802 30862 3065 29324 27870 13476 14115 19704 26096 943 27866 11747 8249 23370 5905 20737 8286 25505 22177 32390 17713 25820 8735 22733 11624 27532 4 3278 1802 16586 19387 29598 1417 11708 20199 22816 16588 19705 9929 13216 183 29819 18398 30641 25946 227 21134 7210 17328 6912 166 16107 23288 4481 22389 22840 30403 819 29795 32579 1228 20963 5012 9004 19888 24078 3227 3364 4502 26531 23186 32309 6324 23742 468 24978 931 25698 19039 8806 20442 26743 25534 2485 24547 21097 13639 10471 32240 14909 20792 4167 16352 25891 3265 31084 18115 28747 6518 27681 15849 18608 22195 4736 20804 22989 17786 21810 10622 7144 9872 23504 22046 31985 2804 14190 3742 26245 3609 3493 1617 178 10542 15374 23051 28818 17012 20096 11941 371 18197 24297 175 9430 13439 26311 19907 32103 25362 29073 30953 1578 14950 1187 24417 31748 14279 15440 29363 17820 6106 28010 2668 24541 3678 26852 16909 16254 13203 28391 23366 9789 561 31951 31850 8756 3066 29348 21716 18428 4774 31087 18744 26273 11222 26735 9607 32588 2204 2608 7182 15320 16504 1264 24797 26060 327 15134 16761 5759 20593 19115 858 31939 19675 3352 1660 20222 18879 17931 17621 4172 15502 13709 8275 32712 10369 29702 9627 12094 16740 
32284 5886 21345 12514 5528 25123 3483 29251 27944 14937 10966 8364 12659 10998 10884 15566 5811 13230 28718 29332 12580 21025 28717 28444 22688 10374 4975 5446 8696 9728 18760 29534 8177 3061 24031 31616 9377 17541 109 10764 31137 8197 22253 11073 15405 22003 22606 27050 23905 18116 14632 2234 12798 6884 13184 7010 6006 8143 7207 14315 11313 21275 11601 13032 1440 19136 12881 5527 18183 10546 19595 20904 19794 1999 17675 8868 31213 8965 7792 563 28546 28797 19187 23641 24567 18322 3604 8021 3545 17300 31977 26020 3759 6945 11287 22557 1043 14464 24776 22825 25753 25644 17603 21808 12833 30485 21452 26285 5275 12976 10181 16051 18665 13338 16799 23358 13413 17145 6761 15378 26663 19099 10941 15434 26210 1573 13819 22423 6086 7058 19281 8276 17975 17684 32629 12170 12422 21787 22438 2 32687 29889 19229 537 9450 21115 3240 21247 30217 20880 3088 17798 25726 11887 30664 11344 119 11841 17018 2710 28477 16775 14292 31251 10573 13787 24572 29477 5946 9462 5010 17993 11354 11649 29461 9532 667 28904 20326 12011 11112 26235 3045 15078 12642 26837 11268 2650 5525 22209 18008 30761 19674 5413 1460 26124 7663 18666 4228 30538 18091 24874 15177 11255 30696 21992 21138 25175 24452 22802 2344 7571 27412 13422 1439 32042 31478 8364 30129 20802 29361 9199 24888 7711 11509 8994 2019 13302 18732 434 12859 23715 29265 7230 5247 22287 23528 2088 25307 2084 711 8352 29673 13969 21484 14450 8313 13042 13328 4357 17093 26283 17054 2489 17166 11453 21128 31540 5732 19000 29952 23290 3855 30053 5214 9630 27570 23669 18458 25220 28733 3915 29286 26325 5054 31657 25777 28880 19542 24457 23896 25462 3620 17882 1578 17727 3256 7961 26211 17924 32732 31905 12616 27539 10106 21922 24468 18067 28638 26431 10308 17322 28543 21923 19694 16533 3663 3885 21416 22588 9850 19181 16005 26483 22441 1154 30509 24130 3734 13127 8206 192 1589 20351 3781 29264 16814 19800 26137 28517 12033 20827 22943 27170 9921 23906 21596 29467 27253 18168 6841 20617 25072 10513 10042 355 21092 26472 25699 16232 3875 15923 13243 8059 21822 15189 11314 13047 16728 14154 7493 14633 11339 4739 29520 27917 18603 12419 304 27963 27893 13226 23445 19496 2824 32455 7565 29485 10798 32122 19084 26940 23434 2113 31132 23420 31885 18784 12048 6108 23507 18487 26682 21989 15589 13263 9059 30389 12814 12852 
16014 13176 3981 22775 15585 25917 23939 20495 18912 2515 8081 14857 30126 25733 8386 11142 31708 4513 533 6844 31671 4483 26016 7692 6899 30838 17412 24807 26724 19497 13866 23849 22037 26709 26428 20938 19880 19659 13295 8055 5086 2162 18061 32210 19345 16678 20360 24400 29299 9198 16565 7602 12082 32559 29695 16301 6776 4910 6602 8694 17459 20625 16357 8149 29925 31866 22131 32546 31940 1042 32338 9657 12998 27711 5476 19653 21905 28721 795 15480 14893 7952 11488 16517 14377 30945 17687 986 6452 5308 18800 10281 9746 8567 10039 13341 20570 1475 15024 17287 22198 15251 14401 927 11145 16414 10560 16655 13525 27927 6068 16449 30626 10660 14465 29017 14463 21889 26360 20516 17654 31352 23537 23546 18783 22931 10382 89 271 6256 23726 13325 2301 5120 19213 23969 7450 20765 10730 15862 25364 30053 9444 21048 4569 26742 11274 21268 13570 14728 23652 5420 23434 4383 9307 16846 15435 11077 32621 10219 9037 23095 14559 12009 19343 7165 17628 7501 9064 20067 14403 28332 31664 22417 8657 10530 20222 26403 1472 10588 24044 19209 25083 3116 15857 4289 2331 14032 23405 28697 3787 15197 15834 23246 27075 16903 851 29608 12572 31078 10398 11024 10891 12259 29429 893 22632 2816 16709 14358 7665 3780 30575 24726 17204 4442 22422 25457 25292 4601 6334 28576 31200 31748 29256 22185 20503 22944 22599 28439 26806 22640 27723 27582 5708 25923 5442 29716 8433 4585 3579 12025 22798 5784 5354 8255 7025 26040 15528 2409 30718 8375 15610 2703 23215 6494 20096 29658 4081 10552 4746 25330 7638 28780 12083 1493 31113 5925 16598 29619 31674 1083 25574 19516 31424 23202 323 30963 25350 28796 14443 23439 11373 22703 11389 14206 19766 496 8666 23838 13719 21109 17009 22093 21034 16450 8496 19935 23003 16643 17729 7722 16349 22973 25310 26545 11412 26249 28483 7930 9384 11956 18848 30860 14010 29505 14001 31175 18115 8001 2876 32508 23678 22930 9791 19443 16131 30578 13149 16963 10373 25518 19321 30250 26938 19866 13659 28662 26359 25551 26708 9504 11048 22019 9380 22860 31042 16963 734 25332 18872 27062 3671 5539 11874 21230 19432 22593 8610 6681 9849 32253 32159 23237 20113 29713 20661 18947 18380 17602 21633 18955 985 12225 23347 26101 29833 18303 6605 5784 19986 26183 23352 4586 6496 3379 26514 7362 15991 28902 21984 11497 24091 26996 12632 12905 8844 9692 24324 16179 
27460 6377 16919 27306 24098 12540 25319 17104 15208 28473 6698 4437 23246 26643 26841 6311 20982 26197 13018 17432 16918 6289 6757 12636 31654 5616 31724 2051 3754 22467 28342 29639 9626 8760 19977 1085 31739 16884 18580 4675 27938 24161 25753 15156 19009 28622 2731 27051 13570 25418 25448 21354 28614 10983 27223 28665 1591 24991 22416 11975 15549 11828 23026 29289 23734 18627 28709 4677 31238 9020 752 25969 5606 16225 30146 20651 2656 18201 20852 17502 1124 32031 2796 10482 27247 13008 17441 1443 28828 17424 6598 20620 22012 31584 12118 22892 7810 18488 10261 31888 8137 5506 9050 30707 20666 22187 16410 19005 26609 459 25549 32224 21436 4968 32605 28572 17465 12337 8520 30325 4404 10975 5854 30786 15298 13038 18933 22537 19904 9313 20278 32275 15743 16124 19296 11743 12688 24382 32469 21643 11367 26332 22178 29167 4306 28133 30714 13108 12479 11366 6143 25696 26213 20383 29326 14931 18741 25024 17768 21059 30040 32297 4083 10070 27576 13229 7184 3724 9090 17710 21203 12503 28447 14976 10568 3581 25702 4867 29410 2599 15038 25365 29753 1801 284 14109 19375 13713 9151 16274 6987 30634 15311 26253 11293 1005 6443 11765 27383 5374 20729 31463 29463 408 18226 20975 13719 21560 1465 15422 6947 18030 5024 30954 14352 292 11550 28835 3658 4729 12278 21476 2853 18899 3778 2923 4478 25280 14966 15120 5210 9634 3697 30532 23739 24223 272 28852 27658 5130 3228 5995 25764 10229 21254 6249 4213 12684 1527 4909 25955 16340 20683 22451 8105 55 23022 9052 5780 31657 14473 14025 7802 25013 1744 26275 17507 1785 30787 17892 27521 7838 9575 23749 18365 26372 28582 8474 16512 15948 17187 8603 5828 16842 31160 27156 3067 32267 25668 14823 25366 1451 21378 609 329 25978 29377 3891 24254 12655 6271 12283 25219 31106 1739 27937 19180 7485 30239 1124 7985 22761 6461 27261 24342 23560 30263 30371 5495 32237 17852 1871 1661 1091 2470 31098 9378 4082 5787 15577 19276 26270 16639 3357 27372 13725 11577 6517 20230 32353 12496 3833 17091 23964 18105 2133 15621 26161 4976 5435 13639 31698 11604 27127 30470 2433 25913 2623 26479 10417 24350 12094 14905 22297 23784 7778 21320 32679 23916 1735 25208 25431 24918 8298 275 32336 32136 15226 31620 17830 13270 32509 25914 8050 21902 24153 3108 20299 7181 30143 13531 23246 8803 15514 6072 19690 7472 18070 12913 31619 
10077 6676 24870 3217 22907 29049 12625 31288 16874 1520 4713 25222 30487 13018 2031 11765 22132 11770 30225 10633 15155 11883 21103 12050 10737 4434 15570 6169 6557 5974 18823 24834 12733 9224 13257 22128 13400 23611 15875 15275 18106 15639 10562 20854 10162 9871 26863 28007 25658 2548 15724 30425 5287 31379 19485 23708 4720 15340 18397 16830 1962 17279 30743 25548 26657 26227 6771 17214 5274 5110 23336 7730 678 14858 12092 22360 17030 12072 18927 11765 14595 21439 9705 16619 30161 14532 680 11180 20130 19046 2736 32705 31679 16201 10136 6221 21651 14624 29320 2527 1198 26643 26756 21868 8613 17298 14460 29611 21283 7700 26022 975 903 31882 19609 22925 20816 529 25470 7291 7196 17849 22246 22211 18069 4760 19714 1659 25310 15047 24164 13613 3466 12601 3351 6194 6743 32603 2094 16766 13115 20675 11314 24768 9309 10094 17297 22238 31226 10581 17705 4246 14543 14862 22309 12469 11000 13659 21536 11939 28450 18615 12122 17750 15467 4547 22808 30372 20346 1319 26317 29168 22594 659 20003 30554 24090 22393 16612 12601 14922 29713 23677 23567 14596 29841 18407 27354 10173 11768 17450 28116 2683 16792 10062 31496 29481 13473 20706 13048 3303 11294 14494 15258 2359 22717 15475 25961 257 30183 24126 5779 14619 27149 18762 11104 16502 8392 23192 26988 29169 6261 7837 18444 18881 29221 14996 27754 20860 24116 9307 17564 14236 21629 7195 28260 3727 31843 10213 28005 1970 30007 17047 31151 7177 18666 11505 5951 27813 9283 21912 16497 14100 17883 18755 1141 21882 17850 9990 25625 29230 8555 32147 4256 1793 6568 6131 22514 6342 13712 6072 6561 12059 26900 28036 6913 12490 1648 26264 21458 2979 22007 20166 12188 18429 31516 22681 12493 17846 538 11167 22068 9136 23681 6921 20466 27646 20119 18647 5699 13270 32645 3915 20380 23900 9211 5690 24577 16837 9194 7294 1360 5003 4031 17664 9400 30704 18396 22024 15325 16789 492 8855 9677 18092 19522 15127 32416 29347 30939 10974 25163 31526 8477 21155 31342 26725 12219 28200 12358 4300 553 25415 10060 2871 29365 21188 23460 22307 17054 8772 16230 25330 4251 23536 26279 14370 10221 7070 5990 16532 13933 3829 2899 17584 17672 30071 16209 10910 15344 9522 7613 15776 212 7340 23695 20201 4386 21129 26649 26637 19301 19128 24748 2281 15453 12576 7636 7767 22330 24012 2945 32667 23178 25900 21680 19660 20162 28322 9760 
31318 9263 31820 28730 19907 21670 17313 32725 31644 16574 30860 4984 21551 28451 21443 13978 13038 28531 9345 778 30404 21427 12555 1214 11877 28583 22851 1729 12101 7829 15000 18088 23744 6054 14741 30513 3984 30275 24691 14039 26672 20180 31270 21273 14571 17088 21149 30102 1865 1074 3183 5248 4847 635 32574 19319 23875 23723 10104 32387 21913 6069 12469 28171 21958 21508 2028 8040 22282 18627 17452 25228 4863 9165 24640 16365 31041 14335 3473 13184 15193 29172 12350 29544 14783 27018 22363 4663 9795 10773 10545 28221 14730 1903 26781 15701 22545 21909 21179 21389 22378 5515 9050 22198 19808 1036 4492 6958 22391 19147 6761 27618 11135 13024 7942 12862 29909 2206 31608 15084 11600 22858 17288 27178 25480 26441 11590 16917 22608 818 1188 23843 21051 733 14671 29994 20429 6332 16906 17074 32738 21915 21998 26695 27729 27894 17592 29503 4618 9666 22683 28574 8729 32660 15991 2469 17441 31600 15380 9913 11629 13935 2236 20839 12843 10640 6519 21538 10845 20296 5775 7298 28596 24141 16818 9570 18869 9711 23389 2774 26180 17927 22886 8397 13292 27955 9143 2353 23388 26715 25892 18312 26405 19396 3963 5650 29127 8145 12303 6665 24302 22642 25626 2135 16874 31541 13600 9706 17624 23429 10844 9332 21991 19992 4652 30201 30080 4667 9971 19359 29516 14633 11565 26795 20950 2772 15478 19200 15573 7531 15858 10209 2519 10726 5835 1945 4259 16607 31658 9577 8846 26176 10487 4778 31827 30137 16070 12035 19903 16320 2583 6969 10648 21687 26942 30262 1116 23545 8975 18920 18525 2061 23746 27703 16852 4355 1723 5085 18981 377 26071 20608 26120 15031 22975 21271 13169 17928 28284 24851 7798 7419 31445 1886 24411 26098 32232 4485 26778 11439 18199 18569 18393 361 4320 30353 10840 17938 701 4109 12560 11038 6860 14073 31409 725 11705 27657 15587 11519 15333 4497 21024 31577 17103 26619 22679 24819 25825 16369 7030 25557 9185 17786 29727 18022 2458 7166 26340 17910 5684 9769 26462 30867 4679 14282 4403 6718 17452 14078 8870 30925 9942 3280 10174 24131 32623 22757 19366 6166 428 3397 4451 9066 23704 13531 7229 15736 10321 29349 7203 21552 23210 25573 2530 615 22048 15399 26271 16022 21326 15912 10666 19900 26612 30211 22296 5708 9450 28807 27042 13605 14322 15670 20572 26582 17423 6115 25187 30947 11741 4762 9472 15297 20179 27892 11237 5500 2549 27626 
19933 8541 2463 22014 8688 9868 24284 15753 15070 30024 27281 23167 16189 24665 3722 29768 720 3471 6941 28788 25558 26878 10518 1196 30622 1490 9893 12500 27 3492 3856 21254 7237 1659 2562 1027 8835 30099 27159 14769 7553 6076 3005 12121 4830 23955 18120 5497 8310 27130 24498 12340 1347 4207 10052 9725 5767 18502 25948 16461 5663 28365 5343 3265 14336 30388 5612 28600 20862 14460 17105 28122 10154 24550 56 1718 633 347 9252 7521 1418 31825 30718 6618 7065 14526 904 19947 9484 32062 15463 6952 31347 8985 8877 12879 21111 27511 6413 23124 8361 15396 29554 14247 24178 30467 23076 20065 13427 9751 11306 4241 15764 1102 27793 8729 23997 11741 8978 26332 28466 31308 8932 15385 21664 22762 32708 1050 25608 32638 896 14991 18730 19919 25317 10261 15481 7679 5356 5821 30317 9409 24093 7178 28043 5762 24456 8216 29694 4549 28065 3129 2943 6428 5449 27887 18291 24507 27154 20654 20981 23247 4458 11903 1825 12349 24722 27189 1464 26575 21519 15723 18386 19818 30405 6874 12245 29269 30058 26117 29375 3928 6495 3892 16640 21933 25797 16989 25727 19670 27971 18764 27411 18181 25643 8612 3508 27802 11557 26083 25451 32303 634 15953 28150 20305 12106 15864 30116 5502 27165 15377 10046 8983 22299 30447 28093 10955 30614 21225 32413 1894 20305 21487 28166 28517 9158 10239 24179 411 20110 6330 9619 4942 26130 29028 17904 7183 10272 31984 26976 7771 18465 23229 26927 11393 2047 31470 20243 6860 24511 11400 31575 150 14961 7844 9396 1903 29238 10475 28542 30980 15899 31211 17735 15722 26665 28889 15411 19077 20894 16809 16530 28614 20280 9785 28390 29909 6626 10347 7180 5681 1556 10447 4379 9354 12079 7697 7502 692 13115 25330 3882 3184 605 2353 7817 27976 28522 18051 996 15842 20055 3073 10130 27742 30740 25349 2736 29713 16092 30279 26023 24081 2357 18177 15702 19850 27526 32727 22220 10877 15868 30969 23353 1143 17029 32152 10143 20456 30797 23155 30440 13536 24846 24763 7159 12771 14542 21654 20472 23996 564 12404 28634 3306 12101 20767 9912 3497 17004 32519 972 18578 459 31941 1533 22019 21712 24880 23648 31422 24282 25163 7911 6020 22577 18781 6188 22009 27558 28777 12734 1765 26466 20745 26206 24252 10323 5953 8778 26365 8269 3629 20508 11084 22465 13104 4044 4879 30755 9685 19308 20111 7680 28312 561 22721 31822 29746 
18358 7 7610 6852 18732 4123 14322 25696 21765 31856 26684 3021 6217 14686 29868 4955 27876 2595 11042 15612 17375 2608 14815 11998 4804 10993 30073 3222 7380 30173 27746 6585 9854 8772 16160 2374 2045 21789 3959 20063 13877 5681 20006 31334 12921 18452 15813 19590 12698 1876 31037 17570 4904 13689 4675 14183 1756 26996 17874 28732 24914 2787 27492 18434 7922 10346 2494 13746 27532 26040 23123 26878 9369 3105 8799 27772 27621 9769 27054 15310 17235 11748 27188 22315 28410 13635 22085 22874 21567 29851 9322 10441 6008 10660 6190 17252 14580 765 20462 9370 6320 13247 1680 22014 16272 3917 21406 12364 10496 4976 31694 24838 3636 22375 21905 4018 12301 22807 26059 1736 24897 21847 2814 5036 10724 9576 20144 27951 4143 13256 23079 19565 12729 1600 29126 21484 8657 15933 18641 18645 8680 22067 31986 30034 10422 7364 11272 26799 16411 7231 21996 24136 5833 11380 13945 9433 13140 2474 6765 320 14217 3388 626 7489 29622 6377 32313 2145 16235 7262 28345 875 13216 2515 26683 28572 19909 13955 29055 32043 7687 30911 26875 4700 13186 11781 2502 18985 26015 26538 5368 12239 25865 26020 18020 18036 7015 23552 27922 9593 4655 23028 28341 22895 25612 18300 10048 25985 11852 12175 30962 15100 10196 24608 29044 26407 29071 4362 9848 24712 1962 3137 905 20590 20497 16477 9897 23194 29822 29426 9227 21359 5028 6018 27147 29885 28921 6205 22706 12644 19522 26253 3973 3436 1577 9468 4196 17279 20729 23161 4492 26954 12998 12399 21779 717 23704 12514 7790 24498 18870 20901 24829 15136 32733 1415 17180 4348 32517 21944 11402 24410 2672 26593 31417 14741 1654 893 26441 11662 3778 13737 26066 7320 11551 13713 20118 18233 1023 11990 7690 25522 9435 10807 400 8896 22050 28957 3870 1509 3743 5889 18721 25548 16451 16105 31230 15286 29534 27607 9700 1875 3255 5466 13214 5986 3159 14485 16399 14205 12227 28269 28983 19707 32642 3434 21217 13743 18837 20709 10068 5026 8236 19109 4949 15116 4572 29346 17479 20556 17478 22606 12631 16223 9362 7266 22068 23264 19325 26917 27615 27772 16652 21696 24030 32673 12899 32306 10439 22492 13047 1067 23325 29562 23257 10169 17183 424 31379 15847 9379 27931 13209 16771 6020 19754 13339 28116 17063 20616 23530 18537 29510 10391 5248 5793 23923 28080 11776 18102 5454 7920 26770 16738 22113 31683 25360 12828 6695 9750 
15821 11183 12616 32157 31871 12375 23859 5301 29327 319 14592 13555 27185 6237 31643 24078 21903 3502 6918 29631 254 25996 9620 16956 25762 16458 31847 14198 26746 1527 5598 26957 27974 18486 12354 5136 9123 8914 29590 24694 7345 12670 29186 8333 19363 25699 4593 12743 19377 2492 31153 16890 25008 25205 14205 27976 30628 22502 19998 26564 22756 7231 18756 22420 28464 1859 15676 28075 6828 25097 7313 4407 13494 30108 4926 25859 146 10323 2603 12263 4728 10014 28599 32066 15067 26091 18009 9501 20529 9701 5856 1640 21270 4634 32004 16764 20023 17507 15250 16820 32334 9021 25737 21912 31422 27414 14433 18272 25937 10808 27815 31544 31499 11013 28973 20805 1439 18736 24660 16956 17795 15530 32428 19715 8933 27912 7255 21476 10272 16272 20165 25202 18816 31283 19517 22418 8548 19641 20163 21342 31706 30722 26748 1312 20728 11093 5425 16686 14652 25671 742 24294 28326 10086 27794 24211 10278 28381 29118 26878 13775 17662 5970 13140 20349 6958 12069 11202 21258 22355 7622 19944 1082 26616 8879 40 6332 9204 31337 26558 8107 27081 28810 31479 23595 14127 10737 1322 32631 21087 29424 17142 30364 32448 30717 16975 17658 27825 17281 32299 15208 153 18636 5478 8253 25093 22443 19367 20816 31227 26309 2383 17916 13081 18361 8869 3412 15897 9406 3599 3980 25201 29429 23523 9267 13332 26362 15009 5832 32762 12912 22501 4824 5245 19029 28861 22984 4492 12771 6601 4631 14951 21713 9971 16310 6298 27049 28962 5125 18444 21626 7839 20946 7075 3813 7940 10539 970 17427 20532 23297 27223 14952 1986 19643 18403 24851 8668 8963 10585 11249 21552 5367 11459 13890 1402 17455 26353 9189 14701 9427 30258 13537 2567 23289 7039 1817 29512 2601 2955 29270 17562 25847 8705 12718 14096 2574 4490 2546 29810 8963 14770 7783 28159 14488 14719 12948 24193 15980 3969 18960 1876 25060 26589 8247 15174 22860 22954 19140 30700 30821 27175 14720 4343 3609 17742 2617 32495 8513 11139 17852 3602 17260 4943 1446 17060 7927 19594 28803 18573 1531 27355 15842 14413 31108 15019 15863 26641 13329 14473 22380 20797 29109 26453 16666 19553 3671 18804 25532 19243 27357 8693 2096 19444 13427 32335 12759 21886 6895 17570 7725 6231 28068 23083 27797 29282 14860 597 12054 23129 14112 10477 16037 13004 16226 16309 4863 10280 15532 23230 29325 22973 13189 24461 5715 7454 29026 9609 17045 27780 
17871 14574 9228 1795 490 7070 10580 20106 5751 17760 12108 18002 23371 14536 6566 20591 10610 21378 19451 23174 6349 2774 7623 3657 14086 27596 11242 19718 12679 27888 25374 31150 706 30440 4204 11594 15345 15991 20067 5742 18404 8556 11350 22109 3289 22623 26328 32203 1303 28663 26883 8779 13859 24573 13332 16662 20668 8461 31273 23612 20454 8977 12070 5048 3348 8690 23328 22359 1699 28912 2733 19917 22917 9088 20050 3481 7655 853 15881 5794 30390 19669 9874 29188 8173 9676 27933 17180 23823 618 24021 28133 13302 17446 19182 5730 9428 18629 13624 12325 18869 12756 30796 13199 6612 11892 28049 4772 15165 13303 14357 8631 24354 30260 18767 26037 15834 11538 28877 12947 13983 11672 14441 30663 30102 2875 927 19311 17579 2916 6760 1313 22327 21879 428 30145 20883 12740 4450 7549 4243 27033 25911 32022 2978 9198 14721 32264 8677 24572 10772 24075 30358 26867 4781 4221 1291 9908 20784 27785 23 7145 26605 15083 17051 1793 18477 9 9318 22086 3525 13815 18936 22419 25550 5606 19834 19512 29440 26184 11796 30441 26176 20709 1295 14941 10350 2375 1892 23377 23073 19830 6151 10319 28376 11198 26256 19453 22761 32148 32011 1826 8084 3083 4352 166 1012 23979 14280 11571 27834 9749 7349 21368 27478 22382 8292 3942 4774 28354 30248 23861 14038 20428 5563 15848 26718 28947 13596 18538 32340 28199 9618 26758 25141 3382 20229 5040 1197 1289 21870 9136 2890 19391 15962 16092 27803 14200 16485 2582 6963 30709 16823 11299 15535 5263 28161 13531 10585 25951 15953 11376 8993 17177 5163 131 17953 8555 230 31739 24587 13173 24460 30399 5573 11092 17915 21311 18135 1743 14883 3174 26616 10376 16675 2752 4584 15310 19219 22217 14116 9637 18365 1432 5915 24715 25060 25279 832 13295 2788 21777 26064 16081 30528 17726 19234 18245 1659 28106 14349 6565 9504 31565 17442 1130 3102 26815 28883 17210 14266 32055 22818 3375 1442 6766 640 16361 21941 27966 18087 15310 32348 9258 484 9927 8185 3045 18054 22873 10722 3296 10577 6813 30790 17498 21131 11606 18953 17117 21828 4941 15925 3939 24554 14019 27912 11540 21005 775 18726 8555 8653 17879 26887 14743 23342 4041 21827 21307 7405 16511 24788 4845 24677 4291 30337 31295 32582 24497 6568 22656 25518 30325 1490 4193 4344 18469 18922 7767 28004 2030 29584 4903 17026 29064 3039 27058 18628 4268 
5139 18385 13941 12737 23682 32228 6879 512 14832 17826 6688 20225 17673 6270 29896 14585 10707 6334 13207 30806 4999 29679 2924 26679 9011 10507 2124 26131 28826 31366 29319 31330 22661 8471 11180 758 27460 5745 6731 26439 13530 27683 20848 24640 27707 10768 3096 11406 4739 841 14579 13938 29658 28872 15490 27460 8306 11527 16452 12934 30969 3378 19888 22387 9108 24674 18021 9825 32371 7376 6253 12566 7076 13238 13075 30532 24212 14987 1456 25529 8500 10559 25188 15515 23639 31647 31452 9021 10366 6926 21320 2697 11028 17395 26235 25605 19464 11275 3556 30637 829 20809 32566 15066 710 7678 31197 7934 17183 16138 22551 22498 6750 22176 27471 3081 23526 22128 21558 27475 7384 7655 19196 5375 19986 6584 4642 9153 22084 6812 571 24503 17113 29248 9190 13869 31937 30653 3491 22531 31794 1377 17922 14558 9280 8414 8425 20881 9479 21430 14388 21738 15357 1232 134 23698 28835 30195 18839 27296 1470 8610 8258 17341 6079 11467 31215 24026 8940 25613 10960 21231 1794 25855 4974 22553 11999 16634 14233 7191 32345 22474 3452 10986 23420 1888 4908 25935 194 6562 2421 15665 8578 30715 1805 9290 30982 31026 26323 3021 17792 29249 14895 9818 12478 31913 20900 23280 31450 28286 27065 20270 31224 28139 5559 22511 13074 5666 14900 1570 28322 2687 13574 13581 2579 1487 9487 9899 10873 15694 6877 22492 25429 15401 30631 5437 886 12785 13614 2490 19936 23615 13791 4653 29349 26730 3267 8788 31107 3131 23224 20295 23049 26071 26822 21226 24598 13540 27805 24626 11666 26753 4285 8227 27155 8938 20262 23911 22446 23353 12942 13616 30173 8772 25766 3964 14907 11475 19831 27563 30973 460 17006 18464 6406 23566 13305 5528 16204 19653 5035 3932 26924 2198 12761 7555 7143 14506 2622 30858 5492 29871 11376 27213 12590 5803 25556 32028 10483 6426 17191 3930 15761 11827 12789 24397 15903 21801 4853 29790 13741 27590 9499 31323 26699 9739 10850 2762 23776 16702 7077 10121 2570 25509 28587 27925 2328 9959 12626 2028 14831 11685 28625 14584 10639 3174 17612 7494 23349 24288 30853 28759 8735 3132 26767 5430 27863 15119 5363 2986 15974 13948 18076 10177 12825 27116 4442 31763 2577 19265 1696 5702 29262 27396 27570 14284 14216 26888 13843 26956 23196 12367 2064 27036 17893 3420 28648 17354 955 20967 1066 926 31881 5850 21832 20131 2341 4575 10770 19405 
31756 28638 10202 20592 6184 22302 29063 31129 236 16964 26937 31147 13683 4660 14840 6530 7617 21617 10445 20265 12061 11059 27158 16843 5739 29383 8926 7064 10797 21612 26186 22489 26088 16937 17144 3480 435 20833 26212 12931 30367 77 2253 2919 22980 29171 31710 28125 2001 23010 27399 15847 8552 19624 6262 18192 16833 21760 25702 7531 31488 10750 5084 7316 32196 19742 28821 8367 27334 14730 21929 1280 845 4602 17756 14509 25774 13238 2214 22214 17674 19168 26485 20850 32743 1355 9215 12750 17946 11515 14673 22225 24379 3132 23592 19246 9652 20611 15595 26647 1059 28553 20970 27120 27758 399 10592 194 1028 30734 30717 23590 15164 14769 16328 17214 14582 16351 24 29082 30206 21050 27889 26006 8479 3165 12476 16560 15615 4948 7074 27940 27420 26116 1830 27357 20435 15497 1563 15404 688 9732 29497 26229 14832 14717 30437 23912 1433 11789 6762 30509 31768 26159 2731 22256 18493 12628 30592 10294 28200 12831 9085 22202 7726 25247 29113 980 31718 11549 20978 24685 8642 8670 25174 14758 17337 6967 2088 3662 25590 17493 15777 7571 4396 2196 5645 15289 31302 2704 8737 29554 14318 17485 2979 15476 24925 4324 1474 26032 24889 603 18240 547 10732 32713 16045 32128 8016 10435 23379 22349 11373 997 16681 1571 12348 74 13692 12865 22018 12295 10057 14608 30926 8271 16645 8965 2052 9374 26845 27607 1402 1073 5281 21891 23208 12392 27462 9759 5836 13631 8836 21934 29802 12291 3747 3420 1112 16811 16348 29239 2454 8606 20596 22435 5542 32556 7813 4064 738 27743 15273 28535 3121 15759 29693 4688 9753 27054 25330 5961 15219 21108 11800 30818 11111 16415 10134 25953 11757 10940 9062 31099 5453 27517 13778 11296 28492 13453 19421 3873 14047 27457 6454 16820 4351 24505 12701 9566 8952 18213 11325 13886 12777 14374 23301 5508 26017 17908 9078 16857 28755 14834 28858 16993 6383 15971 799 7206 7835 5650 20503 17682 27391 24608 5272 21145 28651 13788 18171 6880 3378 18562 21340 24020 31539 18769 30028 29965 8310 9165 18382 12282 686 15825 24633 10428 11741 8988 27631 21345 13370 25571 14819 4995 17177 24245 2143 14094 11370 18841 29098 6042 10374 29240 2419 30906 2477 28534 22319 3487 8307 19417 30415 21460 15805 10364 8069 21066 15333 9857 30934 29226 1825 18487 32119 28838 28566 21268 18663 20298 7365 25014 2257 27296 5309 6512 8471 12968 
2357 28734 22489 22731 12995 2610 17052 26621 10119 7669 28095 19757 27281 18898 20479 28791 22480 26901 17067 19515 12570 16285 10762 13613 23973 31155 27981 29665 22873 5809 1381 16834 9563 7016 29816 22849 23717 20912 27333 3364 10456 15564 7215 5311 25645 25840 16077 15876 5198 4826 21625 4076 30835 17781 9415 15062 16153 29203 22234 29501 7287 11184 301 60 17275 23303 3598 9933 24364 9501 278 4109 22405 18465 22423 8864 3484 28458 19136 21861 31136 22324 30541 29529 18679 6735 12836 15129 7201 4557 20884 11476 3717 32512 13981 2383 29114 14757 11456 2078 30981 14104 15887 6704 2936 10369 15553 12598 6595 18008 21534 16290 20967 22385 11674 17452 16654 18224 21791 15385 32188 27599 19132 8039 17273 10934 31509 1093 12643 22427 7666 5485 22994 22920 987 24527 22282 6822 30525 24525 29830 1294 11057 4337 23081 16801 31041 19911 6457 28155 19708 30653 23013 30437 19951 25750 23075 28284 13635 2560 146 22822 12202 21182 28624 30655 5518 1631 15570 14516 29416 10420 32517 12128 2263 1005 31899 14877 27803 31531 1108 18343 6527 14363 2620 19346 25871 17968 26698 3898 2334 5029 31659 4954 12775 28267 27401 4640 26731 17538 32719 22941 11689 10341 12093 12944 14407 5235 6523 3613 7102 28618 15196 9627 24221 4293 8378 8148 1707 22120 10032 24144 17465 15060 26423 14086 26392 10661 18464 11302 20489 30355 1782 28287 6741 24949 29967 26594 17333 28319 31883 1970 13153 3419 17797 5021 5590 23429 13456 8841 17978 6228 7477 21930 4114 30813 5638 4195 11678 26731 20869 26693 9991 1999 24798 15439 29322 10703 24757 3155 14752 5261 26756 10114 30931 14267 9654 19264 10440 11542 2132 12882 25013 2317 16240 23218 6969 22921 24671 780 23806 23643 5225 7086 20790 26061 8792 30197 19204 3144 31205 20455 1548 19708 20287 8726 8573 1810 27142 23103 8423 6871 14557 18194 7834 3019 1367 8109 31330 25341 12295 10996 11691 23836 5420 24801 9232 3231 16806 10704 24790 26353 23692 17515 6176 12960 11893 9622 16836 24308 14689 10001 23850 9470 9665 18111 28649 10559 3485 2201 28951 3865 29987 27559 31132 1747 19954 15733 19744 31812 21188 15004 7970 10986 14163 24666 29483 1319 5562 29251 7145 4496 21096 27042 15244 14129 27173 15110 208 4010 25979 24761 10588 28668 28089 10905 13970 5357 8712 24251 19309 8095 3018 25429 27966 1504 24261 13715 18534 17766 
4705 3258 16610 14604 6192 24570 9871 16238 4759 17042 27227 9154 15901 6839 15606 28637 7358 29982 17695 31344 18427 11465 22237 27508 23569 4702 30144 24316 28477 10651 10233 22691 5486 25696 19631 25754 31817 7128 678 30674 1020 4972 12680 17471 21142 1872 915 15996 8086 7571 28624 12150 30763 18764 5361 31516 32450 13826 6150 17910 12186 10682 29598 852 8811 31532 25857 32086 1359 26479 9475 6374 27922 10062 4929 11245 10577 20451 12465 2231 22223 16349 25466 30108 24351 20647 25698 31018 2269 32718 16911 28445 27981 20907 16174 23646 8908 29290 32551 22980 3050 20049 19805 28969 4659 16761 18879 4649 15118 14703 11368 24494 1416 20165 22008 23717 21220 18880 29169 9553 10425 31369 5331 10098 21787 28337 9569 16205 5285 3924 4332 20779 13291 14621 15512 4933 20654 20402 30254 7382 6499 3158 27451 12671 1162 19395 26651 7180 16146 13438 20813 13733 13983 15801 23479 31452 2841 20290 24915 16412 2956 20168 10648 17760 30389 4158 986 21461 32249 31793 11296 9355 14020 30653 18489 5676 17890 12961 19336 5906 20473 30202 920 9990 31308 12684 28860 7796 27278 16002 31699 10306 12672 21053 13304 29080 5032 5425 25641 13235 16205 5092 7599 12842 20222 16270 7615 18400 17935 13953 31161 9014 18928 11035 25315 9341 10693 29648 16634 21854 23119 19115 2654 774 10837 1524 32537 22723 2466 8671 19830 21022 9943 23748 19809 14785 25119 17630 17494 15146 22122 10052 7092 28657 17260 19980 10943 19689 23180 26525 4851 665 24457 7109 21714 29022 6836 9594 27908 30740 1399 8564 29932 3730 32507 1613 20796 17203 16959 16196 13971 4872 19596 4772 15376 32701 15164 2399 17352 423 11479 3444 24504 19967 18335 10270 26875 16717 9399 6491 2571 1042 13271 21752 13080 8569 4104 16775 2134 3472 4540 26764 19622 6063 20657 3533 6604 28475 4153 24907 30762 23091 19109 7708 5556 8051 27491 10632 16318 9995 987 10426 29208 6239 8723 8211 24053 4510 30328 29329 10156 9479 12465 19265 28389 19254 19423 27131 2984 14834 25107 29526 9388 1403 1688 21326 24779 28014 29078 14868 20962 8871 12788 4265 228 25754 834 13254 18623 11806 23233 12326 12506 18960 28811 17490 22249 4808 32029 19408 20797 18582 20445 26017 25815 1371 19404 2306 11137 12044 2894 2960 19316 9467 19715 15478 16685 2722 4357 25890 5017 16294 6631 28854 29692 8093 14841 22989 26039 25541 
30699 9804 7260 3176 23894 22220 8186 27857 30114 29809 28078 25407 20239 19250 20935 3553 8636 2980 24757 16541 13683 16203 9792 3224 29919 8963 17995 23129 21130 908 10592 22393 12013 5192 24849 16582 14648 27982 16230 19330 14437 28694 26581 25256 29353 20445 9514 4532 19594 26834 4997 21061 30484 5804 24063 28072 7225 14951 16541 23116 27812 26910 25160 17357 15048 12437 27822 19012 15446 31637 8875 14905 23489 27450 23775 7632 12175 7006 29230 15410 32464 2788 5434 13560 7320 24762 8182 7023 469 12577 12812 11483 28549 31452 29016 18469 26161 18719 5320 8734 24103 32409 14004 18156 22650 17805 24569 28163 11252 6272 2981 3398 4318 13783 14565 7199 21174 19159 19463 1800 24686 16850 7823 2875 15275 16783 6415 4816 21457 22184 10715 32066 13402 27811 28965 16659 23206 14829 29210 11995 22899 6361 12619 18719 4372 8141 10373 7478 14637 19660 29859 24131 8638 25689 31018 4499 2249 24074 11428 29977 1885 410 6164 32638 679 26665 15888 10090 22203 12130 8355 15009 19495 28210 37 27074 13466 396 13626 21466 10444 31571 6302 32591 6286 3515 9507 10253 13288 18058 23707 31491 16288 18330 324 5190 26168 12184 20453 15675 12824 5574 26196 22019 3183 3249 32202 2000 27944 18426 14788 18128 23423 21680 17255 23933 22300 20434 14717 8182 1125 921 7342 30520 5639 16142 20034 9518 13140 26150 17137 26999 18364 5078 31828 19410 22541 1375 5866 23385 21521 25346 6872 23562 28236 32650 2240 18936 26470 2472 19163 7662 31384 18664 7191 6919 8150 20583 29269 9127 3 11067 12145 17777 26235 24209 32544 32379 20394 10115 8491 22992 8345 14152 21161 12603 16021 7438 7997 19632 6048 18401 22016 1963 7128 26598 11077 20547 22039 446 16914 2792 7700 11684 12979 17130 15504 13720 24794 13787 26963 20324 11416 26099 524 27294 1196 5647 16977 21051 27950 27341 8042 24262 2909 24647 9262 14190 31645 8938 1888 21452 28703 17307 26484 21230 26621 12658 3618 23179 30664 5426 16255 22415 18275 14882 32510 18962 27 10635 212 22097 6773 7471 14596 21005 29570 10822 21196 10515 352 18310 18538 28523 24714 20080 13955 26413 30812 24208 17567 20378 28186 29330 24405 23682 31597 28683 3672 6297 15835 6664 23437 7589 14700 19110 16526 27351 10168 24127 17593 2450 27112 27459 1573 22426 3706 9371 6988 20250 13472 15298 1826 21122 15709 10694 13528 11270 681 22607 
2614 12988 29251 16261 14074 11383 10122 21984 5879 9795 25474 27391 17650 16749 21790 31881 5949 16912 4474 7000 2734 18136 2127 17138 25106 16323 21812 3328 21740 32211 25845 13642 17763 21454 17306 27323 9691 15249 11690 828 23305 25347 27304 27334 7940 9625 24253 7115 1791 2334 31654 29561 22400 29221 18518 28352 13169 8244 23878 29932 9896 16950 21704 5002 16301 30067 1744 26856 22201 7304 8327 29674 32121 18900 18284 23320 23436 20996 17423 31544 10989 14056 22772 10109 28668 23870 1596 57 2317 21160 5940 2177 5423 22247 16926 2522 12560 26813 22838 15567 24612 8553 6264 4314 28244 20055 3516 11292 2352 28474 25350 23071 10745 28320 2273 31829 10166 10170 9224 22644 10424 16031 26487 7849 8526 25978 7969 30380 21386 4740 24577 30073 16156 27143 16365 24048 15959 24966 17469 12579 18754 28468 22623 29432 27696 13978 20706 17423 32287 9460 17655 29192 19162 25270 32607 15142 244 19018 5848 299 15915 18957 17317 30665 17877 30494 12535 28594 26125 19602 17143 6689 18399 18849 26139 9281 10212 9963 23610 15184 7173 16371 3923 18684 8468 2181 15162 24895 16314 30165 23486 22649 11725 20136 8299 26745 18021 1948 16003 15923 27901 20437 27409 7452 22399 18605 20504 18603 9349 18338 13456 22032 19138 4723 27627 15659 15605 30618 17633 29826 3018 2341 26517 28558 8389 22623 31562 15762 2956 20654 29949 19016 13235 4109 22606 25089 19616 16863 5279 17402 17251 10296 22552 11261 14948 6246 28899 19340 25569 31925 27461 23243 25495 13809 29414 20575 6610 7131 7016 9697 32119 3119 10185 2351 566 6997 3761 1065 25823 4460 25027 6624 10682 2749 23308 7968 26033 30890 21920 28140 31063 3663 27651 22419 7549 16239 11286 13724 17993 29111 19552 11969 31829 7340 7723 12464 6762 3943 27808 29779 11475 17140 23264 2194 32483 21720 26674 10700 28292 6105 11380 30969 10920 15270 1998 12055 6227 20592 26223 15366 22550 15844 11994 11684 32114 5179 17006 11457 31516 24607 3450 20132 26052 9343 22387 2234 26072 10379 30094 16267 4521 32220 2328 28605 12674 21527 15624 9212 3721 28874 17401 5110 30353 20281 14484 20694 15286 27139 13434 13570 12263 19948 20303 12009 7146 17541 3570 12776 31450 13364 3222 12265 12489 12113 9381 648 19180 21307 28710 26549 1814 29243 24952 26192 25838 15301 12346 15742 27689 24189 18628 20849 15479 16472 24594 6749 21719 16384 3110 23943 
4252 24251 362 16274 20217 4614 21513 5424 15104 11192 3625 14219 15498 32160 5541 24550 14347 2809 20800 4526 21108 4144 5610 21490 3468 15639 27406 18857 7054 23123 6762 28233 2972 20080 26505 28016 22971 19321 3002 30804 865 22094 16708 32245 17004 31700 25850 28239 29029 24482 28597 11255 6493 11352 11034 12824 23695 27241 32465 2162 8218 13796 25287 22855 19029 1898 25549 4719 6335 15062 32437 31272 12120 26015 14552 26977 634 4921 5100 12066 16392 30324 6954 17903 20749 22811 14362 15319 15881 7100 16760 32379 28559 19852 26916 20845 2808 30963 15935 4311 28278 28413 6744 28155 3476 27117 19619 32190 14023 15847 32009 9084 22149 23224 16422 513 8756 11485 9090 20600 24569 28686 28723 28031 30071 4461 29038 15383 7837 6679 25871 16357 9060 9465 29780 21652 18581 7839 31458 29114 11245 20331 16808 31785 3183 8180 27201 13023 11314 21093 24054 9810 12886 31581 12409 32287 8083 31621 13276 9381 3670 2200 10303 5786 30550 7408 24292 11515 9049 32002 18673 18427 10290 12762 14674 3274 12531 19257 5565 1895 17042 1397 9631 3369 23535 15845 32323 22692 21008 13786 6250 16663 16059 30352 26529 1257 29865 11238 13267 6670 32178 5525 7368 19243 22006 21537 28751 29931 21903 3321 8990 18720 8674 642 28272 22677 27235 2305 22478 3538 30346 4519 27431 30739 6484 9938 9962 2159 21172 3073 16785 17473 10648 30279 24402 15202 13887 27681 9748 2168 5145 21063 15937 17138 22987 17867 23623 22307 27934 21105 29952 14425 11755 22904 21141 10417 29560 30914 8660 29197 22213 2696 20908 17722 3281 28855 14084 1147 25579 25790 6205 978 25980 20237 16410 21073 19840 31709 6079 6215 8266 32395 26810 29875 24248 11311 3824 20671 4692 19897 4826 19474 14738 11429 2538 19081 20104 3905 10335 19712 19813 22547 27840 18844 18694 754 5614 504 20655 31776 969 23601 18123 32514 6113 2204 22229 32137 6089 18053 33 5846 10622 21438 28488 4483 1746 22781 27221 31454 10197 5239 20288 293 3871 19654 8910 19750 18099 2399 30700 12480 6698 9289 7069 32391 26852 8865 13818 13590 13531 19032 10837 27986 29935 1343 12813 12524 23275 10493 30355 16903 10319 15345 22382 8985 25730 29741 21128 19912 22360 26028 22554 14741 29659 5965 20496 1110 25090 17008 3831 5669 13317 5125 29280 20993 6911 28375 23261 5114 21982 29074 28184 12823 4099 7271 26253 12786 296 403 
28951 31679 31732 14432 5989 12357 20672 3527 19352 12448 5004 10503 1122 9207 12341 29060 4298 13903 17295 7828 23003 11313 16150 31763 24083 22058 14601 20879 5861 14637 30263 27393 24663 10117 19396 30309 21123 31088 12942 18591 29415 7911 14148 12278 27679 1757 29976 8070 30465 28017 29251 26112 12421 21971 3418 5809 32097 21795 4118 2418 26879 28180 31899 20751 14203 24077 22502 23835 2382 8712 14866 1057 6439 16010 15305 11579 6291 6377 3391 29509 23258 11149 17012 2755 354 17497 8564 8996 26463 27549 30574 28973 31372 1494 25190 31201 17241 16708 11945 9250 2858 18222 17243 9337 27225 11364 2936 12028 11654 13289 23162 25424 5812 28137 23963 28677 6470 9812 13815 53 21822 10919 2942 19019 7870 31772 26937 7753 27220 18384 547 6474 13771 19044 29435 23189 28045 834 31707 20644 3389 26553 7157 15703 8627 25110 32167 9941 22831 30779 12945 519 31846 15466 16764 29764 24973 18094 22727 25542 23596 31306 25158 28400 13739 3267 17401 30388 2458 5374 207 8657 29048 23963 8783 357 18237 18525 27504 25794 836 18654 17920 28825 13717 22667 29907 15353 9530 18511 2472 15652 16871 2513 21610 28234 18298 23097 17436 22183 125 22143 11938 23528 13084 23951 23609 16734 8155 7283 12761 24203 15932 6265 32746 10098 153 7280 5509 19526 26352 26976 18803 1458 26050 7831 15660 12980 19857 3039 1842 15259 6512 12212 17843 9843 9268 3938 2146 6344 30051 29563 7998 22104 30920 32662 30968 1802 22418 30985 18773 34 5492 17712 28744 21018 18735 22559 15773 21550 27747 5270 11813 15871 24741 235 28930 18595 486 13830 7037 11893 179 2793 8575 37 16691 21239 24645 3771 13568 11000 20747 20575 31229 2338 6199 2621 16092 31656 6661 9754 20355 14183 19202 11248 4603 21117 6198 1103 30713 31185 11271 20391 18076 27165 5567 3440 3544 27966 748 5603 11781 31493 574 12747 15760 28728 3185 3655 24206 18069 18380 1987 19999 25821 20607 19286 6089 26460 19 3575 18608 11228 19217 15545 16119 23194 29384 15656 3850 5798 17210 16338 5036 12962 22660 1954 11412 10927 28649 31274 4175 5402 11284 10699 31484 218 17815 10905 31299 6050 23698 11515 18865 23320 4741 13742 10464 18604 27086 15959 3613 23928 6047 2341 274 9982 26006 12446 28145 9516 23085 17441 28746 31260 19460 7632 30625 15302 11469 1545 5822 1536 15322 8159 12183 23478 15162 19257 
5883 964 10926 17145 2888 6385 26737 19342 8931 8344 23025 10996 12465 19464 7019 30940 27009 28700 27777 11961 30312 3720 17135 25662 12419 21927 32391 11141 12331 19753 28474 21457 17544 19382 10834 7252 10262 31040 24806 15729 30820 14212 2262 31693 9338 17081 27444 14087 26001 29774 14311 4742 11813 24163 13894 7084 25754 23543 749 30773 13890 1388 20807 14159 6448 26669 26114 24736 21817 9343 15524 889 29346 23894 31590 1564 15364 4628 15842 28102 28354 5988 12699 20392 28246 64 6602 3393 30752 26904 8792 25431 13416 20819 4119 9491 2231 9787 10958 19713 29616 21352 2855 31067 16872 1098 25459 24050 28373 10736 20302 1807 7966 25201 25788 5240 18297 12961 16339 1565 31134 15954 19232 14250 15189 12693 22460 23452 4225 4625 2791 29604 7916 14545 11103 23816 15682 20089 4251 3174 21790 2996 32405 14667 30497 12802 2221 5378 30989 10734 27858 15419 18848 22355 23471 14044 25515 19509 26907 20701 23245 11904 28433 1556 23224 18555 32738 6133 6385 13504 31636 32086 11104 1810 21257 14507 28179 25089 32338 32750 27557 27624 18477 19926 27727 4785 7819 6980 32218 16984 12189 29544 18592 25695 6049 28886 13866 11152 27558 17722 31882 20170 15988 13364 30021 15566 23072 25143 11622 24185 23103 11680 19247 21255 28237 23814 23472 17742 4678 14635 3284 15114 21682 22121 4502 29163 5419 14161 24798 17994 22980 29064 11794 17429 20877 19945 5998 21395 1904 1569 30119 12776 1436 30166 5419 17418 28378 27333 17088 9221 29975 30598 1319 26496 6495 14154 27997 17871 14702 29626 27219 26344 12099 29330 22619 21418 26012 6238 24913 25481 6184 9500 6105 7231 18051 32258 7070 22273 3853 24647 19749 3789 23649 4137 17012 6984 7321 9221 29586 4828 26284 7091 1538 4860 16681 6122 10025 31856 2506 30473 9470 11829 14375 6771 7086 611 4404 13956 1415 20144 15131 964 8467 5967 20150 12250 28086 4491 24646 17777 23638 29677 4372 13995 7800 13922 26955 20938 16618 5682 24423 12457 6932 23370 1520 28093 8987 10197 16216 24665 9005 18484 14511 9264 10104 16831 29213 4796 7680 21727 31030 31411 545 358 32157 14133 7520 14944 10647 15736 10514 24049 10831 8345 18846 4656 26740 15927 1365 28545 20674 21043 21584 26034 8016 26735 4498 22416 3529 12468 13577 14201 18185 29538 6033 30508 25906 15200 17752 12896 28382 7916 11235 29058 12223 20265 16135 576 22155 16599 
28565 16689 22366 22467 15600 13801 8990 3043 31263 10907 27604 23353 18617 14303 13845 3981 9713 961 15148 8779 2595 26881 16855 22366 11374 473 4612 20779 30153 15803 4838 10571 887 28789 20508 6489 26416 21283 11784 12783 31943 23583 18424 6193 24458 9150 23714 4072 7779 12193 2989 2861 28297 27075 28340 16406 23096 13577 20951 10161 4732 18851 17667 26969 7536 21384 27226 31199 114 30805 9818 26234 29701 15465 13910 6083 4165 20500 14407 23003 24911 7915 32591 26737 32268 13181 10111 21213 19614 11916 28949 26370 31510 31224 30515 3564 11451 2558 5248 8249 23964 30408 31998 30758 6104 32024 26546 23297 13087 24901 8773 3900 12906 11972 28896 9463 1108 4053 18789 29563 2195 24833 25265 1845 17108 30439 31944 17931 28744 28758 27507 32580 12566 8981 9512 27428 8911 16290 3394 15867 22686 17126 17484 8278 25329 14257 30916 17837 9118 27483 24158 28425 14459 6740 28465 8187 11129 14971 10111 16927 18142 9797 31198 22173 28074 29894 18568 20890 9413 10175 23699 4607 8820 22372 2692 11407 1384 4020 14329 20880 10762 32589 5599 3266 11606 21114 17419 6077 22436 15714 20294 18731 14969 25090 13419 16715 9982 796 12688 32309 8549 11871 4340 31755 18901 2027 12691 47 15507 19937 15597 12029 26394 20117 24451 12437 9472 2588 30970 23848 22935 23050 1687 25601 29099 17815 23476 23990 6889 13873 13772 10703 23977 18761 28003 25627 32185 28927 30231 23529 12832 9278 13840 13085 19605 25677 16293 18715 3848 17739 29163 5792 8670 25261 556 25410 2219 22390 14477 31602 17855 26843 6345 31771 6611 8927 29571 24845 1806 15757 24975 23476 4567 414 17281 28083 24649 21903 22931 4548 1204 4421 1533 19170 2352 18402 19189 17919 16271 19695 19388 17012 12455 22504 22288 12821 8795 3977 31730 23100 17893 11255 16586 12030 30939 9689 6320 7747 20724 7487 6029 2266 14884 1815 24158 31107 657 24854 23795 9926 17790 10534 13303 30915 11704 7973 8094 30514 4989 4961 30852 8145 23062 26034 1528 16581 5695 25373 15906 24260 3244 14066 32429 32083 21088 2275 26582 8897 21166 5353 24248 23762 15834 4419 7686 20596 18689 2969 13633 9214 11258 7443 4369 4196 21560 7453 10436 13331 13292 6474 26639 5624 546 21443 2635 17549 23090 2829 25488 32354 4749 22375 12713 31691 26353 6719 13018 20105 12031 31605 21140 32105 23126 22827 18598 19825 13932 27439 14044 7879 
9629 13653 7962 20433 23467 23490 28419 20484 9691 1294 27881 12948 8454 22859 11953 20193 3439 9925 4421 24373 27176 16945 11483 19357 9230 13184 9363 30025 27062 13111 27100 15757 20373 31013 25990 9050 6185 19506 27530 9651 6529 4670 4115 14199 24980 2213 23763 22518 6066 21192 18159 12604 17830 17501 29792 12715 17005 17650 30533 10501 30789 1282 514 10791 22139 1390 24935 18452 19693 5920 7981 11303 8627 8913 18777 15571 23374 2339 22522 28595 12321 29314 20102 25799 9985 2889 6255 25828 11582 30826 26197 12562 31128 26504 26804 27946 9969 5063 1459 24994 28274 13000 28834 21345 26521 14457 10139 21252 20139 11415 29297 25032 28454 15120 22023 30424 30221 24863 27679 3498 18835 22574 14240 8799 23380 12226 19999 2754 22811 21936 21737 24013 2883 21539 30097 19769 8002 23386 27116 32257 18056 14512 31755 31490 31758 28551 22711 29762 17289 19284 32702 5285 61 10607 31504 32403 4172 31281 20357 4833 29769 20000 29221 9502 24814 19009 484 18146 22674 17272 14078 3047 18869 27867 31538 16075 29111 26207 3022 24564 26579 12492 30905 19046 8521 12372 24672 2146 15048 30776 19925 22764 18852 27558 4501 28004 13312 19175 7345 8436 4790 5033 9066 3522 9071 18239 13184 3793 5281 7887 7179 603 17567 17597 20458 23027 10017 7550 18304 17535 16876 31808 13907 30188 6698 21437 29013 31942 8076 4792 26698 32265 4472 7638 29164 10138 29571 14641 17194 22129 1555 18202 22764 15563 21906 14608 3038 2812 21282 29994 25550 16390 2349 23082 1061 30761 24829 4204 20081 188 7792 14829 12958 9691 19905 28394 22475 29907 10425 15059 8572 21551 16031 4444 13672 16605 5637 29426 26587 21861 16530 32644 18940 697 18481 2565 30289 9290 12869 11017 25783 12898 28285 15986 23197 8863 15193 12713 25755 30752 15675 31399 3838 28940 12917 23674 21390 3823 12462 9176 910 21212 26961 1503 12644 22737 28805 2405 11438 9197 21758 15308 19484 3345 24196 31073 8697 569 28546 6176 1198 27663 31857 2452 18425 3860 16304 5247 2278 13772 5994 3500 26515 6428 3145 31094 22064 8925 21715 2867 23162 11500 589 31535 12065 25376 13510 26304 25416 6428 3503 16267 8923 29696 10903 15427 28433 13304 5561 15915 20852 8544 26025 19681 13208 19317 25673 13496 1497 5006 7962 1481 9724 9182 9488 21805 3192 5896 7645 18792 18308 28411 673 8131 16583 3908 2129 5324 15680 11874 
19923 28689 14567 12248 32124 22403 926 24372 31836 4576 242 17205 21805 12964 488 16119 28010 10587 26271 27815 13318 24911 5831 13456 27512 9635 3387 7947 30381 16387 21246 23456 9501 6105 22624 16041 19356 26793 26046 18879 27898 30212 3432 12365 17477 27711 8814 1264 16300 31096 27409 24898 23583 22844 16345 19256 12479 19842 22443 25459 32570 5397 20631 29199 26415 31800 20991 16375 10179 28609 28715 11567 21054 5733 25755 30648 14944 20977 29870 31459 15128 10101 868 11748 22161 28368 2177 23327 27355 27394 12002 8891 8671 2679 19816 389 23670 23868 3326 5142 18977 30271 7312 31774 27603 22837 7933 7849 27816 28414 21377 30763 12473 15107 23664 18809 19492 12044 18289 3698 463 16663 28943 9789 19476 5811 28125 31084 8866 8875 2632 19090 7587 31641 29576 13283 8828 14623 22063 17693 15407 6117 10185 2617 25697 21724 7977 21161 8155 8696 23325 992 12165 30320 30513 12556 27638 27689 22893 7779 4886 13016 20871 29041 22049 4636 17531 22001 13574 31841 29133 8787 27194 14797 9511 15803 32325 9567 14697 18723 6646 8890 30488 20210 32340 1565 17972 19390 14400 18343 32461 17949 32164 5993 28 18319 4739 20939 32495 30335 22343 13913 10348 3290 20331 30930 21488 6718 21122 12166 9013 16383 9914 3793 10493 28221 23183 9397 4638 20317 31776 29447 11468 21469 11616 4083 3785 4496 14404 16345 22738 3911 22901 4720 9014 21368 10411 24016 5888 30850 19007 16972 26913 32289 21320 15840 19799 17093 27294 8754 22235 31019 20930 19727 20268 14025 22524 30102 26920 22540 11011 23283 21560 10304 2426 12707 29332 7684 14908 19939 21142 31068 28026 14096 14050 32437 15753 13670 32004 27974 22084 14 17590 375 27023 32413 1071 22479 12894 15261 28071 31462 18874 18197 25385 21111 32601 26115 23528 22456 28525 2276 2498 10417 13966 5779 16097 11536 3069 19868 27412 6311 26908 29604 1843 22468 3928 517 3454 18214 9800 14758 24757 15456 18021 5533 99 18080 10696 30013 31841 11987 9251 12554 20274 4528 16023 69 6708 32742 25547 30054 20661 11497 7265 9926 15774 26 6012 21204 10903 29231 23214 7119 30774 31184 14476 17035 10499 31243 9233 27522 6988 7805 23733 20700 13587 31439 12954 22542 11815 1654 31542 1160 6535 20773 31814 14818 4672 10748 7052 14987 9907 13756 9989 32270 4218 2758 29341 31247 16622 150 7622 22449 9844 12209 15722 26378 25236 11645 
562 32749 25951 6795 8764 9639 22196 21599 31532 17848 5234 5027 26842 2913 31855 19480 4403 5917 12446 28311 17662 5157 30750 4254 26543 18259 3522 29382 25824 25176 7160 27228 7272 2049 30170 19714 21576 278 23450 24343 22509 4308 1670 27668 9185 20672 17078 29118 23006 6513 22438 2445 32209 21275 16756 10560 28601 5463 6706 17123 23248 28311 11466 19487 21557 7063 13803 3707 15148 11870 26869 19923 21671 8242 1901 11800 28607 17815 13796 1008 2461 319 6467 31985 476 26422 9019 21635 16287 10431 5341 26388 29416 28829 19101 10362 17315 4540 1555 8058 22118 5555 6100 17396 15846 2097 4623 24257 21726 3396 21835 21232 17143 15356 16708 30233 14933 29673 10070 1090 16008 27140 4737 19330 20255 17521 19262 20549 29070 18059 25229 6569 2614 16277 27019 26956 5005 6698 15423 11819 21277 6331 12792 3113 1176 268 11030 18445 4733 2525 15903 15259 22724 22058 19941 2010 3334 14676 28036 19677 17521 10626 22205 21548 27030 20482 6023 12529 495 8361 17861 20324 16532 32710 3754 12889 29432 19650 14420 19796 13566 8204 7531 2887 10941 4207 6832 26304 4523 5679 3457 8630 3733 9515 21903 29890 12811 7751 16661 7312 23077 6707 16627 563 32323 2885 19779 24703 11138 26885 26511 12680 24068 21742 24489 26582 28436 12278 14782 27689 15235 15815 23991 10601 15596 11540 29734 18689 21678 27980 30547 17389 3185 31247 15085 24248 21063 9525 32063 3912 720 8985 27300 20181 19320 16289 17939 7641 10580 16971 16932 11097 5083 29347 7612 1013 23495 22721 24062 28964 28311 30152 12516 23145 27535 11117 28022 22724 3955 20030 14266 21368 32510 14069 930 29470 20522 12781 15120 8002 11158 14189 2005 29733 9394 13822 11508 13095 30017 12436 13825 28719 30507 27301 18911 12686 11215 1035 1062 26732 4280 4628 2108 21936 27968 23011 25672 9227 8003 12431 20572 32278 28120 10382 26541 1351 10739 27551 8641 15222 7737 11068 26747 21063 9333 29409 28527 23220 17401 9315 7226 24780 26863 15000 19709 23276 15937 11216 4372 25878 22295 10840 3190 9473 28330 19653 19810 126 6715 27430 4767 26715 6548 9083 14904 27432 2363 10564 1431 4250 7914 2289 20511 10581 2094 26045 19908 27965 28871 22426 31666 7134 13431 11234 16748 16958 10085 27265 10723 18544 28574 7335 28521 18174 23774 23091 23199 30046 24248 23402 31410 4060 8152 30549 6260 1369 17244 21575 8455 14421 
8926 1167 6804 16386 10841 796 19245 7126 17684 4122 26328 17564 30929 21062 24235 12102 19339 6521 32404 7727 32113 29627 15582 23195 16878 8933 22703 17680 10332 4110 1510 22038 10591 15540 3174 17266 31392 2985 1899 29611 7811 31684 11469 30936 9384 9166 26226 18550 24645 21959 26984 19588 3805 11297 2246 3471 25331 8224 28656 4901 25512 21205 26718 16935 3753 22601 19161 24171 15839 3129 15452 23288 6889 3659 23027 5754 32690 12008 29328 15933 29480 25186 22931 14240 1942 4639 1888 24256 6905 32472 26170 10983 5967 31378 2936 16178 30565 31301 12153 28457 26436 26945 29163 13436 14709 3749 18047 3649 11094 8755 11052 9526 1916 18803 28739 16833 15363 548 23130 7707 23775 19586 19331 20079 15815 22405 28329 25403 27188 27396 27983 15145 12641 11816 28370 17518 9056 896 4131 15442 31862 3730 19287 11545 14107 31352 12970 32125 10045 30154 15660 32122 19119 31480 22258 14510 28801 71 7906 7396 16386 16381 18474 13490 1087 19109 23251 32104 29971 1064 19065 4607 17035 1362 28163 28486 31783 22435 14960 25312 21694 261 3881 46 30924 30398 30913 25430 13388 11077 32109 31407 30039 6055 13398 29765 26769 9335 28670 32532 15653 18092 28414 2871 26109 22770 19751 29947 2134 32333 18326 4310 7220 8137 5528 28553 28974 10079 18153 1420 23946 26501 20175 9731 26469 21866 8368 25217 30751 15087 4776 27801 2391 3687 28847 29586 30187 15098 17732 30037 32034 26767 14627 12469 29917 20056 6079 12245 13104 18602 20606 9527 19177 28355 18087 24481 14763 15014 31420 25707 11845 17772 25935 6895 13597 31160 13096 10227 21921 22495 4869 21898 20269 13844 13224 29944 23618 18852 13795 17560 4519 14992 29069 21290 22972 22976 7570 32726 23200 31164 26989 15656 19663 13325 15242 3225 8136 27702 859 10775 28594 17473 4690 31296 31569 12824 15385 24272 14700 5709 13964 24185 22180 3616 26696 20386 5199 5528 822 741 8185 11514 29804 18245 32303 28333 17072 31108 20752 13247 23066 8600 11573 10265 1908 28935 4842 24106 15620 4987 26140 29446 8341 26324 13575 10646 19664 30710 21632 25489 17560 31370 24426 27215 21457 30655 16457 18437 1344 11880 11050 24151 8450 27500 15808 12394 21783 15285 26527 14654 28613 32383 28575 19806 21329 19518 24038 20110 19411 13784 28380 17419 8850 18438 11139 31233 16787 3715 7106 31331 13036 28018 1665 21018 12882 28245 4242 3557 20125 32443 
22149 25117 13885 28886 29921 9551 5326 29028 32485 21983 10038 26449 30630 12837 20844 22857 24217 10564 13681 4819 115 14833 548 3315 10219 7230 2529 4063 1760 27549 8085 20052 6723 3633 13891 18526 16723 29316 12960 5989 19277 1134 20533 30584 22102 15613 12804 19155 9397 25204 15137 22110 17126 13119 8805 3650 4144 12704 16887 17802 14231 24241 27294 5750 20592 4930 19667 4289 1875 4449 18683 8746 28567 7286 13756 11942 3006 5289 17209 21199 23806 2416 26482 2038 11258 26487 13591 25489 20879 15325 9593 22779 11079 6764 28111 15623 18088 20714 21086 22185 32586 11237 843 2974 903 22553 6719 12997 22352 21779 30524 32501 19138 15510 20418 3661 15301 21903 26649 31603 18272 23795 24548 31433 1173 26392 19382 8837 19754 16624 25491 2935 6072 29452 14083 29725 20501 28338 5744 18477 4746 29294 28088 25975 9357 27925 13221 9878 25557 31716 11363 13943 3206 2425 9376 1241 29122 1061 11148 13903 15343 30518 8903 22188 4270 28247 9419 3691 18441 18427 10778 30039 6940 29323 12596 91 26415 26774 28510 5241 5696 24155 31091 19049 25549 2621 27049 10523 3569 25944 18219 2153 26987 11120 24640 18472 13858 13448 14578 32506 24013 12210 6982 32173 22336 4408 32652 12704 15581 28491 23178 13990 29279 14401 24888 9587 23360 22065 25462 26703 23476 7923 20837 23492 19741 8129 23964 17684 26803 25247 28977 30613 5707 20009 1746 14269 25576 23247 1581 13430 28963 22155 19975 23767 10267 22152 10577 14422 7906 7845 23127 23709 21002 9752 28313 2676 29252 840 81 14708 10064 15647 13260 22913 14045 5965 18976 24911 11369 20054 21051 26141 20546 14310 23621 15980 7701 8908 2275 17240 14966 2601 12877 18254 28983 73 29441 32519 9766 21827 26830 7243 11504 10050 23668 7542 5857 4698 19048 5012 7839 25425 28658 25822 17809 20314 26276 26791 1182 26533 14411 18338 17360 23261 327 26553 21777 10498 32603 1435 6503 19399 2320 27226 11606 11790 24194 29672 1860 18768 21052 24070 10443 25019 20354 9573 16893 256 31131 9817 15943 2437 26638 9714 15501 11231 17075 22752 13113 18410 30733 31966 18659 945 31624 4458 18202 19686 28850 11946 25254 4027 10508 18285 19330 17945 27343 14548 30403 28883 883 24924 19550 16801 6658 12713 24007 14101 28632 31613 21546 7765 20683 25599 5977 31345 23084 20254 25268 26693 15158 25235 7434 8796 13071 24487 23027 26348 11375 11653 
28934 11008 16661 8042 32463 19271 20483 30859 30863 4442 21725 5035 7913 11587 9188 10352 18364 28609 5754 984 16770 12033 218 8899 18237 25822 12 27340 12467 23858 14831 19605 5003 12435 11259 14475 8581 5913 12049 19161 15346 25971 15842 17695 20911 30278 30130 30380 24543 30351 11304 8715 25147 12166 15298 17292 24464 15227 17000 27280 22750 3660 12791 25260 16835 14360 27581 25546 9388 8659 25838 18545 12415 25529 21026 15980 2794 4622 3235 26155 153 12325 16627 12033 25556 25869 7814 5883 1159 23384 16058 28083 10246 9934 2674 1748 21388 17216 17455 28531 31998 11647 15476 8316 30843 9498 29465 619 4886 23648 21601 6637 32353 32507 17583 31828 17490 27471 9254 11073 15444 9965 12525 736 24287 20115 32679 17588 28098 15804 13411 7260 9303 23524 2138 769 8358 12750 7121 26689 19888 18094 30856 8187 28998 14738 32001 18898 27277 27451 21356 20439 12308 23795 19432 22399 20947 30265 28668 13387 17749 3987 1465 820 25919 14003 207 2684 5707 5417 8432 4647 29624 17241 12467 7099 13843 31870 3125 2877 15720 2594 3333 25777 19247 1497 26102 30061 31024 10029 17056 15378 1575 28129 20727 27481 9905 9123 3796 1418 19692 25418 25784 4111 17034 21227 21762 6956 25982 10380 26153 19153 3791 23277 11081 29744 8031 31010 6130 31429 27141 14193 28574 24885 3628 9746 12206 18113 22515 2302 26853 12312 31531 3768 17239 6745 13126 17019 16023 26943 30539 20899 3928 9541 11375 19235 8835 21390 9227 26578 2608 19914 15944 19334 1369 4412 32746 19181 20238 29768 2474 53 28394 10091 672 12543 27427 12543 18397 873 26844 31989 29469 9940 7161 20341 11554 1161 23302 8979 989 23866 7651 24416 17671 10314 21223 25627 10349 13935 4814 16992 15140 15056 8451 23772 22039 28420 25981 7003 10270 19673 1625 28397 3698 19958 31256 30582 14000 31692 27725 15780 5740 16972 23552 19362 9277 28 11824 157 18470 26490 29454 7196 5563 2664 3134 8485 15277 10570 16796 20499 28591 14012 27401 19470 15512 30400 21418 16731 23312 11976 571 27713 31519 16804 28376 32408 29811 101 9508 2512 31404 24333 20894 11245 17772 32578 21681 7041 17750 22871 9404 16667 9441 84 11638 30599 482 32502 5415 13843 29280 27433 16319 30072 21568 28119 2458 11444 17797 28600 9290 32012 5674 21150 322 6236 21422 32274 10632 28962 10603 25672 3247 24398 6304 20000 30891 4778 
29907 7482 27856 9437 27496 26018 11890 28329 29817 31199 20409 31192 21185 16124 5671 31260 27188 18003 26277 20982 20760 19124 6856 7368 23491 25118 17380 17827 21838 28405 20993 1 2268 19887 19654 28488 13770 26955 16001 31968 14516 3900 28509 29257 32650 31290 12464 11717 25708 12861 2167 5710 13222 21287 7337 6667 16467 10549 12494 27032 32385 16783 26435 31427 24588 7995 381 18949 5156 5430 28284 32533 27291 9892 20460 25028 12097 31780 11678 3590 24783 16766 13728 30629 27481 22158 3993 30926 17409 28849 18693 9629 13571 6826 9981 19577 8233 7241 8606 28225 26744 9740 4818 27854 30123 18329 8511 10043 22207 23670 19004 25329 32435 16148 16887 26801 6006 21299 23405 30416 32687 23525 8685 31287 27227 14132 4549 10878 29422 3186 2463 22978 5554 8623 20075 18972 18059 26815 30065 24038 9362 8489 17364 20864 24593 9684 16363 25787 16196 5597 10387 3663 23802 25956 28364 28978 1302 3859 16715 18581 29818 8623 6312 16686 8498 32174 326 13642 32680 16195 20688 26078 20507 18092 20649 30520 23715 23308 5873 22970 3671 15365 27295 32445 5183 4190 19962 5407 30560 12948 12226 32042 9361 15782 26305 30486 25624 32645 14598 16083 25440 5002 10107 16909 32140 27349 7754 25996 11670 32742 17221 29395 937 19905 27472 10718 29344 32758 8448 23294 31660 20495 5585 19639 15991 6149 21013 19696 24835 30373 2855 4137 21077 12114 7506 7484 16438 13074 24204 1156 12773 29562 24787 31488 27525 13773 26818 30675 29900 14760 18183 28102 6665 300 3679 28157 13835 7247 9933 6822 8627 19240 26439 4955 31348 16140 13363 7941 24387 10969 5934 13589 22799 2406 4205 28349 21450 1710 29966 29180 32418 17202 24120 18076 5868 17206 10800 9326 24164 31848 8877 21016 17609 92 31580 29727 2039 31975 1326 3162 4247 26787 1058 22979 6505 20334 24334 10596 9720 25334 1666 25855 32451 21613 19465 7399 10606 3890 661 21078 27749 16168 17859 4795 10802 27857 18411 5534 12581 6786 3515 588 23357 4841 12200 6655 24764 4913 22620 3044 32304 1145 23474 14158 8017 27896 6060 15350 20065 17585 30979 23932 18616 21381 14024 2239 2125 17488 13977 21481 13065 17959 9562 18646 5898 18904 13130 78 18427 9502 6696 18586 26904 25537 12860 16637 29913 19726 11515 14475 1086 17445 5756 6260 24867 30343 2962 22649 14541 29880 17356 32403 13925 1739 22750 11770 12209 24187 30030 31719 
25052 13682 15246 4484 10495 23800 9953 7185 20540 392 7393 2963 6166 5344 13622 5936 28285 17886 31562 21819 21724 1555 10570 28308 4346 4353 22899 28889 14335 21804 17494 6565 11112 28307 5178 17556 21863 17642 32733 1432 27631 5747 6913 10224 21570 30195 451 30523 20371 6747 6959 26668 5579 5817 9227 29066 8728 25347 17882 16313 21599 24450 14891 19291 26420 2613 17318 8203 8494 28103 7152 20548 5069 1576 16750 22849 4181 8678 20664 23214 16781 25762 25571 28654 13415 1587 20606 19029 31929 3671 2184 30790 4642 29101 14044 5582 12665 28693 22885 15995 966 9048 4699 28887 20472 29121 26016 11767 31488 3578 3856 31192 4328 25675 25003 20896 32627 8564 9991 4298 19254 27772 29293 19674 24931 20271 3516 30358 7015 3135 8283 9523 20388 18943 4467 7517 14889 17977 13623 15320 19917 21646 9252 15510 10299 26087 28820 14682 4512 7949 23209 2473 24411 1087 11739 17021 25810 17457 13390 14971 4270 19966 29749 28446 6319 5607 9192 1401 31592 24180 15538 8544 27432 25069 27185 9818 8084 24570 21851 5400 3619 21220 5626 2668 27950 17483 32109 26691 311 25439 9453 15162 8186 5815 21437 5804 31127 5873 28867 569 29771 10979 12403 22250 896 31582 15398 27108 29820 27165 8931 16504 32389 29284 20567 28684 27336 30216 5190 11135 10443 9784 11550 21306 11187 11521 12819 3732 8515 32575 2971 18846 4216 651 32404 18813 26765 17706 5725 9213 29737 1498 26864 23001 5229 26516 16485 5655 12800 30833 3637 29124 32613 15979 28000 17064 12701 15849 569 23634 27127 16532 26573 16736 1659 29494 22646 27688 2760 24999 8454 16727 14119 29677 19230 3620 29159 23476 13818 4742 8695 10566 16237 30363 28205 12044 4172 2628 31597 1349 14773 21113 16436 23848 4494 20299 10623 3153 19450 11933 15124 21151 23131 21604 17909 18045 13319 5310 267 24000 26482 3680 29633 20707 23219 12571 7614 3554 10777 17261 11994 12235 1290 25793 22594 13636 25441 18739 1992 5290 22757 10486 11985 26818 25113 19478 16643 1735 5355 901 7055 23989 4327 24368 7162 24152 20696 7168 27594 20041 15796 22198 19677 3677 17725 1775 7420 12628 20697 21166 370 31171 14345 29202 25915 10869 2359 12139 1102 16845 2959 3282 8604 19829 24857 31168 16694 15582 6532 7332 16076 12642 17219 15625 26400 31562 211 26782 24935 12746 27298 18264 31972 28857 28896 18738 1046 26034 12212 19960 
31761 19906 6926 11987 23781 30753 15016 3610 183 3138 31878 6006 14220 22060 12120 32622 24993 28665 30168 19069 5756 19759 20697 23665 25500 30025 11295 29515 13789 19525 16195 14623 29087 14022 12660 1285 28054 12024 24873 14198 27968 27634 31458 19329 23149 14749 13140 20624 20670 10414 17417 9059 25384 20022 10610 13009 5439 24517 11305 11775 13115 30210 9301 267 20535 26585 340 12718 30050 17129 7898 531 28891 21982 30336 5079 25043 12637 26573 29661 19203 7374 20947 31956 6749 4304 11223 31761 32007 13293 19140 3154 29326 16941 20346 13355 25568 1349 12745 16650 10570 5177 32396 12948 12331 30809 6586 17864 31936 2796 6103 1523 2 11753 13013 20016 18861 28952 10009 6853 5344 16297 14828 21566 4625 11627 1569 25305 14427 25805 19900 6562 18222 16283 28599 8212 25666 21249 13827 25596 28528 26961 16847 30989 19005 21075 27435 13783 27872 11933 17901 26690 6904 3832 14859 22532 8915 19132 16649 16310 24943 14608 15284 13044 12068 12539 22850 29928 12111 28251 20565 1519 27998 12667 24456 11230 32298 17407 2709 11911 29223 8099 4375 25455 11187 23765 30968 13293 23308 20894 30602 30419 21207 2975 7993 6993 29605 32338 12966 5531 25902 14139 651 301 8655 9833 27758 898 24998 20990 686 12041 13770 9429 11320 1873 9746 31594 4532 21178 21517 16540 6804 32184 22435 29636 30159 22702 11741 20913 31592 743 11629 24829 32350 24301 12784 774 11094 20994 23519 21127 17481 7206 27428 27257 4370 4794 22895 14699 20009 2340 29501 6110 24753 21515 17303 32207 18011 19252 4207 15652 23065 17378 220 23287 27827 11680 13205 22243 31863 10188 16022 17400 17143 29539 10238 21981 32615 27369 32298 25335 29953 19334 17088 14262 132 7512 25952 19068 19387 22457 25524 7870 3961 9293 3528 21973 13712 12509 22296 1288 17445 9060 20022 6488 26943 11156 13119 12377 17373 13119 13288 31091 27141 12206 9189 31937 9584 25885 21292 20757 1712 24722 27468 10323 2169 18770 28121 21899 4128 24582 22304 19191 30009 6889 23517 13849 282 24926 18019 16730 9191 29098 20774 22073 12466 23903 12298 11486 19927 24990 14357 29643 25147 4615 16808 13901 28297 14013 17801 32527 27669 22856 11895 8574 2663 7008 21080 34 31583 9584 5751 9081 380 23594 28094 6596 24170 11308 27171 16191 23556 22192 3038 28961 13471 12978 8489 4171 11841 12300 17057 16193 24978 31745 25351 16586 24611 17446 
31755 15323 1618 5889 21979 21287 9326 6457 23072 29075 7027 24708 1652 9061 30721 27451 7046 13588 29194 1163 17198 2345 5923 19634 21537 15589 5856 19065 28988 29018 5125 26501 24014 9142 25167 19244 12785 14568 379 10297 4 19424 4265 27910 7520 23703 5641 19142 11339 32414 25825 28567 12668 24475 16175 3933 28792 2688 9074 27922 14108 29847 31807 2696 24023 20399 13746 24059 29566 7828 1458 21024 21611 10808 9004 28489 13917 29973 14246 19626 11580 6559 20541 25649 32587 11388 26754 23990 31219 19551 30126 26766 30687 29019 26846 31407 32143 16541 29590 11912 649 23000 22402 7299 30162 21380 3641 19574 30026 3667 14106 30363 7452 18710 29928 17344 17584 18437 1165 14821 22848 7344 29390 17770 12373 25802 795 27603 1434 21893 16549 4096 13190 29012 22773 9052 16741 24732 31634 862 14864 26337 6894 16662 29569 8958 18419 32181 30081 14886 19406 23783 22653 269 32441 30086 14608 3999 6258 7709 32641 12075 422 18285 3885 25739 12714 17527 16774 18410 15021 28569 13241 12657 23524 29967 7749 27273 9584 32542 3671 11840 24167 14850 29402 24406 22443 5501 24327 24055 7639 7897 32443 24798 15106 17697 29694 6313 30040 27427 6130 9960 20670 28094 21741 32552 16485 22821 9305 21488 20366 20855 31359 19072 1917 31810 14847 32040 10902 6778 2667 16413 13841 27941 32615 24294 8848 22393 371 30094 25991 26287 23463 11660 27357 12384 19350 24319 17125 28378 27195 31800 24973 32124 21165 13919 978 9835 24431 25509 12602 15064 8893 3161 16223 22038 18128 20657 17925 28142 21346 27725 13053 15771 10923 24487 32211 3150 24503 29514 13773 8992 6847 8033 16658 13484 26524 21766 24917 17487 8795 6630 30395 13364 12185 14674 8267 32043 29522 18703 11610 8381 19583 3410 17919 27974 27784 1330 2393 8488 24870 16974 8935 7311 17105 16007 18808 12155 16298 17652 25437 14856 19492 14601 22928 16116 22947 4522 21157 31716 20630 16751 8477 1126 3929 14145 32443 13477 31433 8228 13392 24839 14843 5184 16037 13113 12112 19969 21171 17671 31990 19909 17670 21409 2509 13422 31065 25218 18501 7526 1233 13511 8214 24941 24721 30670 7117 19710 23382 17514 6282 25989 17794 11607 12410 27462 22421 3957 15769 7829 23335 6430 18969 22938 17802 30872 5064 26504 14203 8923 31725 18182 5577 13380 23001 31623 31282 3391 11509 5196 17599 215 528 7982 14728 1970 4958 514 21010 16622 
9463 1864 21067 3609 27572 14950 1136 6732 10054 4930 23248 23736 27547 27143 27997 2375 6140 19198 3984 22007 2399 25818 14283 3865 22007 3241 32580 29874 15726 4168 22315 4556 7058 8117 22469 11810 16289 16347 9853 23726 13150 3469 19781 7352 6582 2784 19109 28203 2697 816 29030 15727 4886 23459 16665 3776 3659 1922 5619 6888 10990 14839 26332 20171 27938 1605 5900 9663 9992 28895 6411 2133 32188 12209 10806 28896 19584 16093 29053 415 7322 29676 885 31781 9772 25502 30602 31247 27169 27304 31706 14120 29957 27759 27008 11767 31367 11874 15932 2583 1293 17390 1208 15186 19385 31286 2028 5412 3920 24581 31677 16251 13577 23638 18218 26989 2364 4242 18786 3102 8427 27697 14389 21714 8951 18053 13169 17032 21716 28377 23405 4068 30457 27559 8639 13294 4985 23221 16523 16324 13702 23232 3186 22991 4747 28299 2401 26766 24978 2260 22111 3288 2304 8530 64 31631 17701 4834 20475 5089 9903 21785 29119 2941 6105 316 13976 6755 1185 4368 16937 4273 3230 2476 2506 3201 74 13805 27141 9533 4177 6068 18911 31991 3110 13793 19672 31085 16156 26934 13951 21000 622 17090 12068 18120 29651 6625 15023 10178 22210 30673 20209 16089 25110 2416 2128 10347 30292 11246 26793 4699 1083 28203 9566 22005 28764 26755 8512 8452 27033 21990 17391 28687 20786 29863 1233 8717 12575 1048 6409 10248 3295 784 32613 30067 6553 10198 22707 7470 19022 5173 4531 25694 21479 5807 23130 10379 30706 23899 9463 2565 26016 916 9200 19314 22291 29670 21083 32384 5219 860 15711 17761 280 26460 31070 18916 10010 16918 27080 18108 31736 1601 29986 13629 30451 5623 15901 31100 15537 28607 12140 30426 27333 12849 8066 18675 26873 30485 29279 14789 22302 15589 5295 26071 20324 13617 16995 10002 1791 23105 19052 4477 32113 13170 9410 10903 14234 9622 29814 13671 10757 32202 3183 9095 19460 15577 7786 10385 15410 31392 7370 12359 2169 2847 19034 27453 15793 15427 27330 31325 19229 20008 7592 6838 17841 25753 25104 5424 22109 12679 25784 30081 8127 6714 29840 5678 10459 3404 10626 19907 7868 1770 30173 30411 17641 10059 20975 20441 10662 633 11905 28258 24003 2635 20489 9920 10565 32375 13231 14123 8918 17030 21967 6784 434 18198 15372 3557 21945 8975 31404 29393 6372 12285 32735 11436 5981 23997 28088 21379 13779 3832 16542 20257 3950 23407 3703 17832 
24402 12562 21022 31964 9501 9168 32459 6647 18744 14274 15064 8403 23853 24882 22423 11812 7319 9443 7607 28297 24682 3134 5914 484 7827 720 534 15030 16089 4993 15241 29842 16642 26275 25146 15834 17312 20572 12237 14731 19555 5105 31723 18598 32525 18141 3795 14706 28349 25809 11580 2831 31228 18368 15667 15372 14608 29567 19843 5127 9197 28996 9443 31574 22160 26120 30739 31410 11287 19783 18929 7439 17085 22529 7127 16423 11328 15225 228 552 6046 42 12679 1520 28297 14028 18271 16326 6741 32049 12308 25548 29630 15894 28571 6181 8032 23819 23508 13154 15723 15113 10434 16671 8739 26723 10397 27448 18420 23244 10285 19049 3121 22264 25612 7689 3908 580 17251 3992 26339 17375 29123 4279 22260 15054 22479 11072 6779 10492 8013 5112 17957 2013 31368 20727 31185 30613 21988 8440 11390 11469 4692 27766 15770 17627 15382 1351 10840 12401 24776 16153 19407 18424 2093 28500 24244 27330 2381 15752 30811 2731 11282 9536 22020 18310 15444 16865 7222 21752 27472 19443 12769 31823 25399 14230 16901 25153 23254 22044 12249 28658 16259 1022 15804 32082 23492 10089 20766 7563 21543 18473 27130 21361 23574 19529 18086 12571 15695 5883 19729 18188 20644 29408 468 1138 1163 18573 19538 322 3003 24164 7940 10351 30478 8773 27479 22384 18283 6401 173 8352 26510 15608 11023 2786 22482 17709 14996 20261 3623 22258 3105 17843 4239 14695 8308 11108 15403 18456 5142 16580 7797 5589 7223 11173 602 23794 10398 8949 23642 7406 23954 4989 20326 5803 3268 20297 13703 25045 19498 24923 3021 3529 23346 2341 606 16918 30372 8194 11404 9428 19373 8300 15942 385 28345 1909 21775 12367 19120 18286 27837 21138 18353 19850 24483 125 24698 17759 29878 13601 9539 4366 31158 9630 20609 13980 28279 13228 25321 5260 14178 10 16799 15286 22076 1542 19391 10918 15574 19449 25905 4239 26524 8550 1698 5053 24396 25330 13441 9052 16203 23702 1014 11868 387 443 2976 28047 16892 1915 10042 13884 18777 10838 19613 30261 355 17825 8233 22915 12794 11962 6897 28097 13412 26019 7209 30437 15526 21711 8246 5761 21419 21144 11745 2564 11482 8222 13277 10294 28349 23074 32113 30326 14648 32563 28510 28573 10362 19711 13372 21223 9223 16779 10668 19882 6198 349 24575 5336 27186 16191 25495 825 31468 28009 12405 10543 2823 28004 1007 31713 22888 6150 14614 21538 21506 8897 
4173 18872 20603 25633 20485 14581 1388 5283 13736 271 4100 24319 9606 31053 7162 12926 32316 1639 7624 24389 3636 6341 15897 31671 5311 26302 15707 31324 6841 25989 14416 8595 3648 19784 4355 14609 26144 21279 15675 31844 24575 26210 17416 13170 8295 12915 26028 8719 7427 31027 8606 29379 24390 25779 13045 17509 29651 27476 27919 3096 31306 16887 17484 13659 20517 14471 15232 14449 18328 14119 23691 3946 13079 13819 24660 845 23971 28429 2404 13370 10045 19567 10511 14115 23516 17875 12945 13783 26963 3914 20783 27707 12524 28065 6376 32209 14527 15838 21240 24795 30918 5608 22632 11198 5999 23355 160 19412 13883 8500 4812 14277 28671 11042 24361 17574 26564 25279 4979 19254 8122 28329 3501 5917 16763 24612 13364 15840 9666 23364 15850 27696 19739 4645 23417 5137 14458 24369 11542 16824 25935 12866 7667 1428 17751 1105 26904 15551 27054 1377 8768 13463 5593 14015 280 28416 22907 31734 25716 12928 18564 2093 31195 21465 20633 9976 16389 22943 5936 15595 30184 14317 17061 20790 6362 9787 24707 11478 20298 8292 11936 2231 8081 32327 30005 27007 25348 28590 26806 6403 19606 7845 1063 11612 10330 18604 17866 19885 1520 9407 5832 4737 30806 13040 21513 8131 30042 32412 20306 25746 18507 25509 18137 1560 15634 22664 17689 32209 32415 26408 1756 27890 21430 11518 31266 32608 29525 15802 2107 14300 14862 19224 3637 23634 24828 23092 31651 29414 30813 2255 23632 10641 27839 2970 20945 29986 21175 12342 10803 2724 23413 30934 19093 10017 2895 11348 6500 30262 21504 26197 20967 19270 8109 15377 1603 18775 26229 30275 28631 31249 11701 10914 10758 28194 17101 24500 11389 11338 18108 9496 20033 1761 10979 28962 10826 13878 19553 24364 19841 31937 31860 10430 14219 19321 13899 15437 2995 22095 2843 6165 24539 32251 2924 28263 13531 2343 4993 29273 1976 6172 8018 28528 3448 11339 13858 9031 20298 16806 28065 1878 27890 27827 5392 32551 29619 12017 23304 25223 20784 1584 26673 435 112 27363 19228 31141 26140 753 13179 25479 3049 28943 9209 16079 11456 18953 32066 25096 30121 29783 16531 30007 32545 18018 20060 20142 29372 2421 1604 10033 20970 20168 706 29826 10106 5690 9485 1492 15737 32328 20590 11870 32081 4761 10320 16619 23680 25133 20357 25576 22166 4647 8056 25302 20882 10387 7314 20677 27682 26501 1065 17381 25671 25667 8666 14000 1843 19508 19285 25654 
32690 7645 24926 24513 30789 11159 3019 23943 3526 29528 1643 8912 11600 17275 17515 17511 16324 13636 1763 565 2571 25641 5102 8123 25169 22073 32487 9528 20930 6838 30174 27291 3668 30550 11088 32368 10624 29520 28282 30168 31664 19397 32690 31403 26735 4718 18084 31753 17854 18983 30850 6370 9199 11096 21985 19061 15561 9230 27456 19497 9663 12925 13276 25655 4934 2682 29359 20243 30203 5187 3731 1908 7744 16351 12024 27179 316 31324 5601 667 28166 28889 19689 22838 28172 15857 21594 6710 11172 25406 9647 29151 15625 18555 18184 6019 3911 27794 32564 4840 30412 10166 27423 32206 1963 9269 12984 27522 3230 17368 26770 31143 15360 6532 19668 26049 4168 18089 16004 18582 21675 31342 16625 2886 29857 25253 22230 29035 18152 31981 4039 12624 24811 4020 17313 28318 15091 11040 18392 26564 26095 1591 12667 29494 7897 21155 14276 22467 13495 20816 15734 8687 21634 8659 20806 21255 23381 5674 10638 17328 8759 11156 28345 6235 28940 23195 23056 32619 28160 18580 18081 2104 5154 26552 28872 592 16762 30364 10596 22315 1152 29302 14786 14703 323 9627 15362 32484 29828 17914 12997 5927 7991 10049 29462 28429 1532 12000 5572 1297 6396 25602 14231 6229 21378 28819 5471 14227 22694 23401 18486 16514 16516 16589 22236 30996 25862 12416 11636 14030 31110 24517 25940 19699 11784 10295 3032 29215 32646 25502 23430 29755 21609 11890 23628 8293 2978 27155 18798 13163 12608 12594 22482 26432 18040 25713 7852 17070 18910 30806 26046 14533 19148 12791 8826 1308 8880 440 13233 184 9981 8147 14266 26550 28274 26154 7930 32290 17751 15433 29659 5041 30121 12978 2152 1526 20894 30428 30880 9491 30674 27831 18470 28569 30554 17775 7302 3487 18395 4994 19459 1744 18998 10251 17296 16396 3854 22355 18727 30100 15248 16978 18102 8146 8843 89 8456 7188 22979 12637 20234 16941 19222 11086 23347 26643 29200 28388 24509 15237 30168 16280 29606 16920 19498 18211 142 24229 3495 2274 11871 6296 1798 21185 12824 10963 31391 31436 17266 4882 29122 21528 6908 31651 31762 9165 1487 512 29072 24295 6587 10556 30676 22822 11392 21280 12759 11869 1065 18809 18659 21714 22046 31024 2342 29560 21229 29019 32329 32032 5326 23332 23686 10427 14727 16111 26845 21676 13512 14199 24476 20764 23785 1847 13997 4762 25911 16443 5840 28033 13211 25279 9228 32035 10954 11652 26655 16615 32554 30766 
5293 29854 31850 12968 24876 11713 8763 26032 8672 12678 6663 18929 27027 22228 17183 24780 23017 6949 2247 8929 21766 14041 28667 20706 32637 20429 32074 28423 15182 31412 912 20368 11451 23907 17770 8414 19531 24213 20114 979 8130 29316 25273 8929 26603 930 27557 15626 7806 16154 776 3584 17456 21249 8447 9573 30330 16506 4585 8340 5981 12362 32104 47 15942 32062 21502 3380 11135 18777 20394 4379 18845 22969 15805 28421 32670 4202 27773 14238 26068 13241 12374 27861 24772 11207 7956 11437 14021 31709 13292 12835 18855 29751 897 27092 21144 10098 18960 24434 22505 7795 13383 9196 10451 21697 21937 24596 4248 1857 6649 18983 11632 4378 12268 17035 20972 21025 25885 15189 2999 30372 7995 16013 30374 27321 12645 17759 19606 20211 15587 12992 2351 26775 13106 4144 20448 5690 10019 5354 404 12895 30131 4567 21505 31044 9070 4343 28504 7129 18671 3987 10394 17368 897 4198 1143 31078 25692 11726 27957 650 9611 29533 27076 8324 27667 13104 14090 23409 31441 10119 26425 6529 15638 19664 23847 32400 13542 15282 14331 16026 14131 29019 2355 7057 1031 14003 26529 24378 20605 18610 17621 19621 13122 5977 1829 8830 29587 24579 25975 8462 22169 12502 24115 14992 18823 30302 1439 31883 16908 29653 29141 25270 7877 18732 15849 28338 16217 6963 5214 31764 24749 5753 19736 1323 4953 13483 25949 29170 22594 9860 31258 12674 24138 25760 15002 6975 24870 11166 11838 4728 5383 17760 11262 26427 8317 31336 20403 3831 28248 7445 20193 10071 32002 9208 22907 1142 3399 2241 21208 31499 11480 12961 29542 26952 16835 30581 19880 23873 30034 6672 10657 9832 20417 16685 6683 13722 4819 21009 30521 18902 23619 29941 16258 25424 20890 28289 4527 12797 14226 31699 2038 15171 29601 225 19963 24382 29566 29977 10883 17094 1927 27170 24259 1611 9479 28741 9237 30696 26166 12262 1919 16183 26005 31294 15804 19167 21875 6949 637 4504 6729 3464 12513 24241 7402 20445 1411 27962 23037 19512 5600 9639 21211 30861 7085 9410 12579 3831 21562 15233 21406 25639 27653 31157 12008 27743 17841 6399 26015 5852 14414 13751 2933 3403 24579 16392 29986 32125 202 1734 30736 31606 9065 12968 1889 18572 13894 26955 7802 25516 31655 23285 10061 31216 13996 20471 17517 25124 17262 20405 5169 9635 29205 10687 32647 17307 19992 950 8079 21765 30704 17044 23799 24744 4998 18456 2185 545 
27629 23070 30250 19293 811 29845 26710 19583 24084 9751 13603 24101 18019 8013 14333 7161 22641 20314 13525 28460 8428 25069 21979 24633 8587 32718 25584 9274 9934 29449 23006 28770 6055 3889 14424 104 17271 13734 8292 24538 517 31899 26236 17592 30839 1284 13458 32628 6178 20589 26270 4797 8646 22689 18256 31685 20177 22871 9251 3725 6078 24367 14412 117 18504 16083 23752 14140 14849 21916 12292 16626 26579 18651 4835 24594 2032 9996 7499 21345 31923 18123 9178 24151 9827 1438 27483 4715 26960 23999 19299 16789 22669 27377 10056 9586 14052 8764 21407 673 5697 17791 16338 4561 21275 25487 16790 32168 30353 18377 19343 25460 21153 11922 4359 30573 23856 18476 23266 8760 22134 3777 16709 14071 18930 3692 7203 5049 17486 18961 21830 4587 6616 5489 13712 18862 11747 13988 13275 15659 31965 26728 8310 26249 25661 9593 24231 11046 3173 306 27899 12254 11327 25101 19355 18970 3870 7501 13998 18910 757 3823 5426 4537 27946 14931 5500 7760 15647 29377 31545 20062 16196 6460 13773 28880 22021 32363 28877 15931 21326 3415 2082 15598 22245 24817 15937 11247 21620 16564 31792 7417 30453 24938 25946 29308 14813 17196 2561 15180 11441 10155 5735 29460 32211 6822 17403 13713 5113 4937 7515 6136 23271 8022 18252 32635 1872 17432 6044 22985 4838 14917 13439 6647 12014 409 18202 23047 29883 6594 18917 16841 13001 5518 27366 8892 23856 28040 21476 24724 1073 12301 20491 19802 10716 15239 16593 18770 17828 14606 3500 8871 9064 23575 24369 11587 27902 1787 15857 21473 1555 21342 3948 17732 25611 9242 2387 8242 20026 29698 2330 18171 19438 2974 19784 1934 3803 30411 26267 11071 19082 17212 30672 15654 17256 10067 18012 11252 18642 1650 17058 23641 27862 27297 9294 9035 11123 11545 9589 22934 2156 11989 2257 25159 9378 5070 6498 28698 4015 13465 18359 24651 25734 10746 16118 21752 17945 25255 29346 15051 32159 15449 25010 5361 25338 10241 17024 23120 8315 29681 25114 30986 2163 6521 24381 24082 14268 4824 5227 14610 11976 24094 16016 24280 31776 22402 9158 5687 19742 20625 11286 25074 12012 26355 8073 17586 24524 16487 23359 10548 32202 8901 6345 28887 11382 21182 929 12130 28638 2242 13473 32353 19823 26506 596 11103 32645 6356 19156 15876 436 9495 1002 21458 24220 3423 18893 21329 1778 32457 22310 31401 20006 25278 7510 25167 29448 5932 32681 14965 
10770 3213 24614 1139 16253 1768 27928 9147 17823 16606 7647 7961 23750 10709 21125 275 9969 11029 12918 32105 11366 31006 29189 31070 2369 17087 8489 11874 10383 16299 29257 13824 32739 9510 12606 9283 383 6492 26088 1524 23242 7883 27159 23629 22551 7097 23430 11746 19733 20976 14730 23529 1877 32099 2056 25191 18108 15671 11286 8509 19531 21024 10077 1371 23844 1157 1506 16042 12798 5247 13108 61 13982 16362 32685 20122 29499 2747 31308 1138 13041 9328 19737 26238 27937 26874 10407 13747 19234 17361 25902 24250 27916 15872 20500 30298 27747 24066 5854 909 31584 10890 4395 18669 4214 8732 7678 18070 16999 18644 26620 5534 14140 26425 19895 13620 24017 11074 19563 24076 29044 17802 12982 9266 14831 3499 15354 18919 24673 27119 15322 16987 22263 25279 15196 7883 13003 15009 25994 21427 13408 17867 29142 1868 28517 19292 28329 23610 23121 30143 21808 28131 14642 6947 22097 19424 22555 21668 23822 8567 25283 8188 23328 21530 18660 26505 21831 7047 24915 16725 13056 10842 31148 1417 31528 9931 1176 21772 20675 18743 7682 15392 28747 31430 13230 17337 3813 25751 6197 18551 31559 22790 28834 9192 13162 28900 24925 3243 32581 29267 15187 14308 28155 3638 11593 19381 25882 31130 11492 7177 26909 16424 22617 8404 28223 19743 27193 10252 20215 4678 11380 26375 4417 204 904 22021 15767 7090 20606 11033 32372 25249 32220 2635 8773 26036 6113 1027 5104 19347 16031 24181 14587 6999 20563 9818 5165 12068 29211 21788 16175 8563 14257 7583 31817 6857 4621 5375 26295 1580 15466 24328 29337 10914 23155 8877 25421 8791 9358 22608 27145 18287 10341 27413 23231 9789 9574 12859 6135 11473 31874 1388 24045 10290 13352 14870 15451 14396 14718 7397 16650 8390 21831 6576 19199 30461 17698 21340 30599 23181 5694 21531 18796 12604 6922 26919 9570 26299 28078 7831 28623 20138 23282 10744 24128 31252 29971 706 4827 10890 4854 17171 12002 27217 25221 15201 2690 21843 11235 4837 1604 15345 20131 21278 21713 11154 22779 22100 22401 10526 8009 32265 3961 22771 2934 3285 26710 24170 12238 97 17999 19583 32241 15698 21627 6640 23790 31587 29230 29229 18526 10521 16511 16902 23800 1311 12501 25009 14917 25801 18642 7465 497 4865 21232 18563 20042 11790 19418 15016 29214 15901 5789 6779 1990 30476 26384 5898 5972 8011 26955 17022 8754 2836 25134 21311 497 9107 6167 8152 
3771 22919 17384 29155 31372 2723 18678 12265 13119 1512 11583 27747 12061 26064 27402 19176 29652 21872 30568 29229 29114 17222 16281 2861 31538 13303 14460 18952 21246 5054 11343 27503 15370 4456 4985 32581 13403 27914 3482 31208 18828 15772 23304 29604 17755 26816 10169 3501 6999 19062 20278 20024 87 14091 4485 8574 15119 22085 10352 25669 29345 2590 22053 9416 15110 14356 17329 23273 30865 14116 2422 9787 17161 11580 16200 17072 31094 31288 2370 28934 23587 22540 29528 22055 26654 24714 449 24643 28215 26549 12086 23182 29206 20251 7309 11446 11482 3773 15387 30154 14454 22764 28919 16755 12249 14458 27316 3721 19312 31683 15119 8598 2981 12670 12913 9241 4819 11494 16208 20076 27770 2322 28382 12765 3864 21983 15785 30147 12360 6630 8113 15005 8612 29845 12445 12341 6985 4859 22717 31948 24137 15001 15889 18629 9903 25638 2184 20855 1877 19028 8522 21072 23842 28066 3600 13845 16884 11147 6612 20344 9339 18940 12813 6379 17691 32150 8755 20845 18534 27821 10420 6212 12247 7304 25818 7480 2022 30684 21322 6263 29803 15763 15567 1705 1072 30362 24859 19838 17770 29857 9040 29390 6026 26927 5542 19648 9028 2160 718 25719 13548 16937 10822 12923 7829 25211 28902 8369 4202 1890 29438 5891 10885 20019 16288 32354 18477 14756 26184 6905 7110 8192 9858 27261 2510 21348 20672 20369 4323 5233 1192 14002 18518 2265 25032 6755 11142 7791 15067 30797 31042 31898 5979 28694 4793 32602 20886 14860 21104 30051 28738 23557 22211 8034 18786 18315 29605 16567 637 21105 2815 6987 12807 8868 27220 144 21646 7361 29637 28514 25132 26639 17560 10794 29701 30772 14651 25403 29474 15819 9407 28012 29897 22870 19829 32169 12400 8433 16101 24422 9280 21322 20580 27595 5212 27909 29357 8984 24443 28774 10891 23888 16820 29772 25298 10912 13057 21241 15014 32670 5896 2710 7160 27547 30800 12431 9578 25729 29976 26192 10682 20901 172 24230 15630 12447 8796 24284 15432 31151 195 5747 28868 13702 29349 13334 31247 24876 23203 1062 20149 5097 2488 19884 18705 9975 27892 7535 1284 32569 18255 31151 13490 8563 29604 10441 606 18066 10022 15323 9285 31452 17245 22357 2523 19972 14266 8215 21089 12255 18531 18972 19912 27288 21722 19631 14303 6695 8492 532 18369 17296 29387 25175 28459 13407 9519 10629 2132 16185 29066 15864 14637 15323 18318 13081 25919 13666 21715 8999 
26818 4964 13834 7027 16905 8632 7280 15653 15358 18069 13610 12954 13167 28825 25139 27990 14805 8768 9302 15600 30806 9921 31546 13768 23364 24111 15152 7502 26519 22818 14228 21303 11374 6888 32150 24737 18129 11088 14930 13848 28725 15329 10788 26574 23892 21064 5964 14118 2260 14017 12803 11905 29772 14772 11922 16838 17270 28731 17542 3364 28814 18506 12124 9156 3783 16230 27443 27861 23850 13765 2854 20063 28881 21103 10559 31529 6032 25569 7618 5807 20677 31953 8794 19838 28964 14449 14336 2967 588 12862 11489 29573 3891 14222 5850 19539 12167 28549 9357 24118 22396 10829 4275 22257 3908 29946 31874 24228 18489 19779 27054 13693 28486 8228 15575 6930 9580 16835 28266 31075 5940 2427 8692 26145 13522 4205 6887 14222 24076 8588 18025 17021 12615 8163 17905 22491 19537 1907 8979 18637 20269 15673 23507 2172 4310 23310 23638 18737 31940 11373 19166 27073 624 5584 11620 15262 18870 18314 9270 1632 20240 19717 2475 8785 20480 804 13367 8925 5129 28562 9850 5016 10486 21889 27287 1662 4703 660 6703 6316 22667 19007 9634 12728 11533 6578 32038 31874 32086 17740 26809 2622 881 21548 28800 26598 25198 23897 30602 14925 30453 23202 23778 21655 7031 22726 3845 2669 10465 23507 24232 32281 4524 2017 24113 16057 18800 17653 23048 22821 4938 9515 6511 24564 17635 22387 30552 15912 15076 29085 5951 26236 19530 22026 27098 26160 17133 16325 4708 10836 7316 18163 10330 28241 25222 28090 6784 7049 22284 29721 27323 20879 18183 25397 23212 17480 5557 24333 26759 24540 20027 8102 32385 9780 1837 30949 12748 26351 28823 2641 17744 11769 22899 21547 5826 27824 26744 10655 28740 23892 26572 13986 2036 31907 15971 29550 13932 3149 10917 20205 14785 32597 8776 5653 25312 2714 5012 28169 29389 5220 14729 23890 25899 23290 10847 19089 11911 12546 5919 5146 16040 7469 6921 1048 18018 16095 704 13190 13121 4642 7057 3315 25234 28442 24844 5068 2576 2203 8950 30656 10557 27308 14074 16628 6212 19207 29520 11038 21355 9624 17392 11516 26245 30647 156 29821 12289 32691 7260 13113 1763 19139 19385 18491 4984 10692 17769 25072 27079 13834 13636 21561 13822 24267 17827 10573 9647 1497 10503 7274 31141 1029 6704 21363 28860 31371 780 14661 10221 26058 31111 31017 15588 21105 4585 8946 18501 32636 15007 29111 16641 20095 31616 31410 7840 5468 21389 28839 28807 20467 
15044 9545 4785 23030 32628 970 32569 27882 30595 26015 10392 1054 8254 8943 4846 17811 16865 28184 8254 22515 7194 21411 2953 344 15484 10029 9528 15553 26629 3238 4426 22615 8223 11260 1090 5938 27393 17668 26801 9185 31578 28200 7539 19607 27029 23215 13988 1793 10185 23401 3284 4269 14213 4882 24784 16819 26228 1972 31447 207 20743 22895 30828 24182 10570 6994 3395 25376 17572 9343 24695 28835 7877 14776 12547 17497 30248 22455 8651 10107 3780 2962 9463 2396 17023 25628 9055 10139 26406 16845 26174 25564 2301 19496 22221 16895 29422 4138 5762 9288 30774 18687 7661 26928 24768 21745 26674 21260 27294 3994 13193 5734 16225 983 16981 3519 30161 7487 15533 6817 9652 10038 8780 24257 19511 5691 10118 31643 30909 7349 28792 20316 7054 21374 25431 21422 12924 31844 31931 15361 7018 16353 20149 31669 2438 6704 17834 32408 18862 9813 15819 15793 20321 4667 25297 19493 7225 15945 15318 22347 29829 30027 6044 10762 20632 25130 18010 30154 14449 32059 13812 18962 26454 801 18356 10229 143 23591 453 25178 32531 10447 23054 12832 21838 15089 19256 8347 21046 29015 3070 16430 3102 7229 19523 12648 6905 7220 17409 32026 18366 29603 4979 19209 32588 15239 5931 32655 6161 3595 2688 2914 5535 13693 11648 15161 11804 18465 29716 6109 18982 29611 4372 2992 5767 3830 28483 19425 10097 17390 31731 15171 26859 12181 25494 2204 21563 11822 22323 6182 23527 21594 25215 29286 15709 13386 221 19521 3025 10254 20129 6545 10127 5110 22438 12524 6616 4458 32467 8385 29133 11735 20519 404 24724 32709 20639 32725 29024 1292 18111 13551 25143 3894 29759 7851 13439 11664 26156 31783 27127 18675 21968 15971 23586 22903 32692 1024 8608 17919 23315 24343 10085 9753 11928 31966 10816 21453 18463 22922 22862 21492 8203 5479 18751 25005 3272 1841 2656 13282 18514 14270 31935 10141 20475 32378 18522 25307 13690 9661 1449 23931 4545 15878 2167 30835 8665 23673 31558 15065 16383 16530 28863 11757 4702 30459 23969 1159 14887 31680 21159 30498 27494 9538 9237 13436 24625 21929 29153 19565 25357 22706 28101 16049 27840 7075 14318 6429 11756 14612 2044 30811 2648 7980 2089 22474 17628 17674 3104 29932 32012 27974 8321 16132 24978 4710 25221 32391 3879 6327 21022 313 13714 31588 18159 25907 23480 31037 16502 5686 12125 21751 27144 17539 18076 29328 24825 4651 19769 25052 
29858 31413 8985 24204 23578 11330 4350 21729 12225 10217 11713 26029 3668 22095 11120 307 7949 28229 25713 20108 31942 31303 30460 27659 26676 5791 14959 12810 15137 5979 297 283 32046 6115 15180 21265 9526 29983 24422 23721 13201 32631 32435 27408 4350 15165 1260 18959 15377 11696 28931 7791 27314 12622 25814 31427 19412 16996 22243 20734 9274 4838 11631 22735 7785 22601 30742 19504 24108 24718 18405 16936 885 17370 28595 30375 24439 21957 9622 28130 9668 29918 12165 7019 31747 22066 16600 27410 25624 21563 32719 18877 10551 18174 17934 3320 9367 14636 3708 18484 7769 28845 32134 21805 18353 18132 22817 20312 4494 27865 21205 17663 8486 22334 5600 17645 2633 15856 29356 6353 24694 10790 7710 9282 5177 12276 10757 30104 21764 525 11880 1809 5792 4532 26017 29880 5783 2823 15042 30803 2310 1816 18456 5894 3363 12451 16658 6034 7039 18478 1236 17641 23813 19425 27045 26186 31037 31174 26720 17628 30086 8102 14551 7261 2949 21228 23716 24838 17044 5798 27642 2394 18623 8055 22264 31687 7579 6928 7049 17813 6199 17382 10561 23801 6061 31162 28832 9885 25375 21230 12616 360 3498 4752 15782 32117 9893 19554 21799 25662 30852 24262 28844 21587 5202 27055 968 16446 27018 548 6197 780 12292 24469 14260 13044 595 16124 23211 24268 11384 25863 26377 3106 6141 11794 3100 13378 11011 28019 28131 25014 20663 4018 8178 31431 24744 25166 31709 25459 22999 11653 17089 12251 22542 9239 28687 26754 29103 8645 27124 22618 27839 11581 29875 32298 23307 5417 18563 7077 12162 22616 21152 23585 7950 4461 30003 15375 13463 30048 29008 12713 20931 581 30388 30801 3791 7749 6587 9398 14766 22486 20828 18816 9314 22779 30490 26704 28598 14756 29183 20272 6786 12193 21065 26842 9487 20071 7114 25533 25340 25304 19639 17591 20082 5313 16837 19891 20566 11891 24984 15943 12356 8714 12933 21809 24092 28298 22476 12197 19175 11497 28642 18157 4682 19911 10918 10266 28729 20134 14564 14025 25049 25782 17574 13570 12570 30347 13851 29076 8138 19604 26777 8452 20542 21333 2032 12209 14076 4558 19736 12952 5934 25833 5566 3157 11439 22828 9914 6286 7115 1311 32331 27440 9939 4576 29670 31310 2560 5185 7359 19206 31666 21910 26336 32146 3658 4385 93 9379 21154 7729 12408 15444 22242 3464 6457 5251 26387 14978 14972 17639 17417 31455 11950 24412 32074 2887 7434 6108 
27909 8041 29287 29125 8891 27277 16747 2567 3635 23922 23350 19178 24080 3533 17240 32403 19422 30623 6586 31670 14214 18316 4077 25847 30012 24147 21517 22192 9198 7261 29724 28495 10019 19822 21052 11436 26803 10831 6574 16897 7393 17695 14329 30046 4762 6892 1841 22694 26735 15473 23847 23857 22953 19819 1371 31366 528 23842 9345 13057 24225 13600 8549 21835 31765 1937 6737 29063 5857 8445 27323 2242 12903 19975 30678 28857 17699 19199 501 22762 31187 799 12868 8594 22236 27788 18667 3148 21007 2965 13659 31212 22929 18687 22430 21445 12690 22060 9142 24647 31285 24004 5313 11741 21579 24640 6829 26050 21176 15403 6182 28631 11650 23622 11053 13194 12420 11748 26843 6855 7212 25061 13365 14071 7291 15027 2344 9400 20102 22469 30397 3372 27838 19477 28583 29702 4703 23047 31936 12450 3147 32189 12919 31350 18822 8706 29546 16088 32097 26952 6006 15679 30242 2762 6836 29764 27086 4185 21226 14984 19972 24782 2858 20409 28315 440 10712 20643 22539 21061 273 7406 741 30355 11365 13870 11535 11680 14713 12235 23398 11585 8585 22541 32474 6732 23702 4586 10278 17995 5 27972 4219 18232 17825 14027 21449 26545 23196 2001 12961 17993 30847 13055 28796 16014 13051 2550 23185 14435 31606 30620 2847 20236 23880 19097 28270 31087 12041 10836 28182 6108 30049 25606 7645 28639 1871 16952 518 11764 31188 3007 8157 31394 13569 32106 11727 30585 11790 8437 31279 10801 15797 17530 30848 12109 10538 26685 18512 26804 25303 6983 16410 9497 15139 31871 21790 25351 10914 25872 3804 11774 19022 20657 17682 17267 21402 31830 16981 9636 29788 16792 29296 26006 24400 13770 28514 16811 7468 20314 4009 11176 7768 16314 27105 30335 3606 6572 26209 8213 11605 26001 22348 7281 18847 11805 16787 18401 21715 26920 16645 30802 16656 29048 17978 16384 5091 1824 2627 30041 18145 12891 14942 10058 26168 28199 19430 4776 2431 19394 8741 10998 12149 15212 11068 7756 29505 32487 15357 19617 9700 1112 29173 24814 7906 27067 9122 943 23273 24867 3887 5454 32764 11201 13854 22768 7444 7884 24782 10220 26511 648 14604 13174 3370 4753 30542 8791 21901 13494 9755 16267 14011 18817 16791 9292 16781 26449 30076 1828 32620 15048 6293 26749 8565 6846 24150 5561 7422 1302 19765 3986 27919 19492 28275 25317 21064 21952 15970 2098 32736 955 25863 28954 10151 20399 12193 31184 78 23690 
14341 22000 30410 24858 1295 14754 4920 20454 21701 2502 11204 18920 22768 10209 26374 31551 30423 23286 30552 22291 25002 20381 7900 7306 27785 17346 30891 26601 12403 28313 31562 1310 8714 30648 8811 19219 30545 24860 11405 12147 17025 2097 11852 13295 18722 19490 11763 1879 18144 28904 31100 14674 9473 19028 16284 10902 30725 2466 10148 10380 10662 3855 30629 5829 31376 5544 11464 23273 13574 21257 6994 27635 23535 23101 12712 22566 26369 6932 16662 21320 26188 26964 22180 28569 15375 24013 11030 11157 14009 18397 25525 26692 26122 9642 2697 32545 5900 9001 5027 16532 28907 14738 3942 21292 1801 28210 14105 2824 11702 4249 199 18171 27453 6563 4938 20766 20011 9798 9690 10912 6101 4420 25624 18255 15194 30008 626 6984 13973 30147 6039 13664 23898 24500 4820 30777 29124 20801 22644 29254 19442 918 11401 1761 28433 6716 20212 5253 15570 2307 20529 8002 5513 11591 30804 26368 180 23607 23990 2802 10284 22796 11594 20908 6813 22392 8795 27066 12313 10822 15755 5882 28368 9161 22972 8857 32077 3847 1122 1061 2860 21808 32541 19444 22830 8687 10973 29364 4639 1050 2300 2697 28097 27166 17660 18334 25633 29858 15371 17845 32421 28237 2482 24191 32058 19242 31380 16316 28599 1175 13804 17390 14700 16612 29335 7579 32527 16916 1533 4157 6365 11513 1876 30240 16123 19250 7315 10441 15902 11877 20891 69 21554 2869 12198 6402 20715 24797 17417 27536 4681 9595 1415 5444 11486 6916 5830 2667 20576 24978 14501 1240 23045 5211 8410 11775 9033 11683 18186 31888 12135 12778 3481 31866 29808 27114 27652 4653 4169 21507 8444 29454 6090 9677 26563 2839 19056 28896 24505 25944 15901 11782 31660 11891 30873 26076 3078 3696 22371 31736 22552 22352 13045 22996 29402 21190 14906 30311 11294 3825 22427 30281 13379 14879 22604 1692 32188 24559 30246 2359 6674 11653 28162 1519 10083 12403 2927 6204 25004 16855 28282 18790 8649 6655 29788 18693 17202 7267 16095 28811 13388 23803 12681 9403 28377 2106 31952 13197 17608 3823 9845 7093 6298 13936 20419 23380 20974 10832 29115 32149 3115 15081 25198 11084 5208 15214 18468 5467 4033 17945 7127 27252 27573 30362 20409 30471 8392 12312 1972 6058 6375 3512 16358 7204 20081 2605 10759 6911 20174 928 17984 11400 22188 26581 19630 26305 12664 14356 16488 20113 15674 20170 14493 25433 24590 14058 14848 14543 8012 15392 
19034 299 15059 29066 16267 1629 5103 6847 15453 28661 20319 28658 25158 8905 12690 3809 21894 24525 28754 24179 25354 10677 31476 11169 13935 29769 31973 20081 5520 28158 27923 24819 23485 1583 2687 20009 8058 25887 12053 29079 11713 28379 1621 27565 349 27261 10595 5583 15195 3703 21490 3928 18996 6622 28868 26986 3214 26911 13578 24814 4152 27847 11159 2566 20944 4442 7764 25887 5838 20815 18357 16536 4973 20459 13281 2906 14839 3369 10575 26595 22028 3110 13406 25814 29870 15336 8195 24989 16047 31346 1629 22174 21822 26496 17696 17416 4537 30995 2279 28029 29719 898 3143 11297 9994 28003 20103 29612 18934 14492 28357 3781 8768 31532 1205 4263 28814 2380 32684 644 5060 19679 7400 31770 32397 710 8130 9690 23714 28642 28855 3218 11012 28795 9966 7602 22678 3948 16350 4199 6580 21821 28296 24713 18869 26286 3846 21322 21137 9291 17501 1106 16797 28787 4531 29569 11480 23750 12138 885 9778 25391 7189 23490 4175 5189 12991 17221 931 26582 26904 2793 10222 4781 14724 25282 10293 6486 19284 22633 25492 24121 10140 24904 22296 25928 13948 16447 2291 6832 20597 19492 25542 10287 72 17028 24253 14783 31752 28734 2268 31610 23881 23828 8675 16990 15570 5836 16231 30670 24983 11323 11122 11822 28487 19962 3643 12953 21003 7206 6870 25025 23460 18447 31560 15967 6160 28719 23306 14172 4394 18707 11404 2571 28846 2149 14731 16514 17273 28966 13249 26922 2843 2693 7199 11987 2803 31303 4585 13345 31526 27580 32616 4138 5701 30236 11717 2405 32099 19092 21618 18416 10526 24536 21504 19090 9744 29982 1950 8013 18257 8421 30265 10999 9129 803 13798 5349 24065 10934 29572 32585 25094 29565 13340 10009 28998 13271 11409 15014 4304 18167 9167 26525 25157 1823 31706 1151 23248 5342 24951 18415 22342 23680 16172 32375 14138 17272 1011 8478 19725 9645 4070 30542 26381 12772 7890 15521 16692 220 22045 13529 2943 13661 29299 20877 22975 363 14723 25047 15704 13351 32516 25897 24981 11273 30723 1125 12726 29429 4149 25984 12680 7161 26188 13319 8104 22426 2714 24543 8651 29314 24578 22905 7889 31768 25535 27190 23644 29441 25261 4155 17756 31365 31972 11858 18875 28140 14192 32457 29671 30628 2863 11960 15322 10340 23722 28616 18481 23476 11628 14073 20244 20395 20327 28261 15579 32680 11202 10730 20296 9768 9983 4598 22901 22039 3539 22976 6400 10753 
28474 21264 21872 8343 6178 22647 32553 2762 32018 2154 1116 6233 21446 26959 20104 28686 17796 1995 16021 26521 26006 22428 5412 20635 7528 17870 16157 19725 14929 9060 31150 29162 22748 17653 18067 5156 29677 12476 9387 10966 16985 20145 11660 22386 15291 18730 9335 18189 14880 859 17598 27760 5513 15893 30241 25903 10892 26432 20436 26569 29211 10531 16223 20184 23874 21429 14792 17295 27366 25936 5935 17005 20226 8775 29263 13001 24616 19486 1961 20477 26789 24452 13841 13933 30898 29836 22297 24025 28994 25210 30688 22339 1809 21183 31500 22418 7517 29381 11155 22336 27771 20824 15101 10304 3647 24952 13585 29536 29268 11995 31926 23019 8840 17679 2534 13590 2087 20206 15589 19600 19724 27007 27690 10429 2840 11423 4544 19175 11569 28436 2056 15487 4023 19113 4036 684 94 4327 22793 6794 27484 13994 23684 24 6076 25871 25987 1850 15753 4197 9691 26980 13275 21819 19514 12872 27672 25702 7293 5311 14456 18677 5826 21469 13312 7833 16936 7553 4752 25196 24223 12157 22203 13298 12356 21843 4379 27616 30378 18395 10907 25877 13662 2146 29374 5548 27041 28140 7493 14157 32461 869 17572 16986 31906 4011 27131 9992 14325 18690 30191 27090 10274 29608 31144 27897 31162 20431 1966 27073 25205 1152 11710 12494 24538 3182 31416 29991 17841 8012 14096 28878 21010 21798 15817 27844 15683 6097 7945 4314 8568 12667 5252 9203 9578 8174 31520 26733 26503 29949 2644 27172 18118 24645 14649 25681 9329 19941 24932 2490 17733 29603 5525 15828 11561 4741 4763 13043 21350 15938 21821 14996 23528 24904 29787 17836 32760 616 5166 27367 13826 605 32497 8205 20233 7599 30023 17272 15740 1138 3906 8384 23500 31148 10622 8089 12703 2253 4045 32302 13078 16881 3079 21445 15406 30688 22540 1621 32654 22470 15891 15117 10154 12717 3724 32419 22175 9648 16256 7862 15379 8095 278 21450 29678 13344 31185 4791 26538 26091 2673 16129 5108 14333 1453 31319 6567 12721 26255 315 29860 8339 30812 4068 1400 11678 1134 22830 11872 24051 27363 27351 27389 13912 21701 9764 26166 24604 31805 30647 26893 16593 588 14647 26207 7080 1841 8056 25895 17342 788 20623 28363 22334 22041 28558 20559 13170 30399 3315 3729 15168 22856 26424 9112 20865 22519 24675 12051 1970 4292 11555 21832 28573 23554 1777 16635 21372 11495 11775 10811 24817 22055 31483 13110 9766 2430 22358 26501 3372 
30898 4888 32377 12218 3194 23530 25236 9817 30328 21058 20005 32282 23477 21550 10288 824 9177 9313 21105 26750 9504 28810 13320 16555 21245 15228 4415 2659 21623 20835 14864 15174 20751 10083 23263 3887 20821 5853 363 5836 12290 7611 7407 31557 29255 28847 8670 26197 27403 32021 779 31987 13163 6978 4005 11674 9283 6109 3618 5131 12646 30266 25457 9513 6319 26429 12295 18638 649 6401 1712 4438 2278 30092 6435 27456 4422 7715 12769 12179 3098 5304 10954 21678 19176 22517 10176 25451 4141 15565 1861 5264 16091 14739 13538 22445 13905 1534 1476 4685 32411 17743 27240 9350 16629 686 10995 749 19932 125 25553 1195 24991 461 15885 30386 3238 30456 9997 30679 32620 13406 18561 18040 4899 13270 13969 25253 16727 6939 5293 21470 13737 28495 23468 28794 13925 31216 28898 7930 21431 18085 26325 26564 10108 7795 3195 27637 24021 15678 12739 10353 3604 11924 4994 1529 13273 25046 31458 19595 22266 29247 18848 16630 9648 28908 20328 26353 10577 830 10335 4085 15493 10323 31646 16724 8906 8548 8142 3235 28117 2668 20457 7626 997 19923 5620 19354 29890 16447 11444 27875 29794 28553 24596 7630 26414 1182 17814 18410 20790 32347 12611 11349 32464 5609 8876 22007 21896 30507 23034 12513 18271 27138 6562 15725 2211 29709 22147 13692 22711 8004 11415 1476 16883 14902 14343 6863 23182 3907 27186 25271 8743 4264 467 491 13881 3086 20703 14303 26060 17582 6329 27911 26563 17899 20237 5032 26924 19325 480 21580 8122 28145 16351 24220 13392 21798 25490 7309 6480 953 27100 19059 30557 14218 32339 13893 21142 12004 32217 2495 10090 11882 15981 29470 5492 5191 8363 8145 18339 14850 10527 23384 19779 22859 23520 20207 19393 1170 27201 25647 26200 4836 7553 7711 29710 19547 21596 11090 6488 7750 25478 4445 13293 25498 5000 12353 14581 26613 3852 8465 7072 22855 6872 17703 24776 4012 30450 2113 18464 22260 17281 32210 6106 7334 21545 14304 15132 31361 14869 27019 11464 22051 13404 24607 25063 2836 15547 16974 30701 7467 1719 32001 14631 11614 10040 31986 13447 29286 17042 24712 25795 25493 27585 32246 19846 27231 468 8541 1513 31365 12476 7074 17001 8484 30557 29292 32119 7013 3825 6487 27046 13361 1986 14497 28761 1729 5955 23965 11663 25412 26388 8277 8889 2417 23452 9944 26592 26972 26865 30835 14562 11940 6907 6921 7990 21778 8649 22905 
21756 21078 15839 12110 16812 7562 15432 25647 18947 3449 32211 8117 10333 12237 3949 4531 9314 20174 18858 2223 4442 21864 23983 31507 13988 10079 13083 4673 17578 18255 13309 28756 3432 27786 20496 28482 17987 3823 26788 3206 20905 11947 9435 21974 11421 17632 26859 9117 25580 14771 11294 12396 19041 648 12379 31375 27617 3180 2918 397 10972 23351 11844 17911 20595 18405 24412 28758 28954 31722 15142 1896 25176 16176 20933 19391 23125 13989 23267 25761 12361 11771 28222 26871 13773 27533 29528 14668 9844 1195 30152 2404 22924 14429 25952 6181 2985 20107 28586 22594 19674 26165 22272 21114 22122 7621 7469 2817 20651 9804 17595 12843 4129 7802 30165 27989 16737 5471 14641 31426 26635 7319 12915 5726 13048 22060 23483 407 4924 2854 14733 19366 18452 7616 9332 31167 2687 8984 23456 6379 5639 24925 26591 24908 32149 5101 29453 25365 10539 26494 5456 12403 26118 17152 7996 31990 6493 16827 26108 21234 4167 20399 31228 9118 27039 16236 19788 20696 21862 19773 28639 27200 494 735 5920 14870 29692 6721 19583 13970 12782 10128 7603 5702 32514 21382 14461 25353 10151 1573 8478 13707 15125 16956 5968 21808 29401 7700 10946 32767 7216 4004 31956 26468 28282 30821 17103 31133 22829 9054 13609 8099 7395 32026 3386 15340 353 16530 2584 20009 3019 13683 25412 30916 16479 30475 8334 4458 18117 4094 16529 31505 21637 16526 15064 12736 28289 4422 2976 9265 30384 16113 7209 6452 5802 3263 6796 19294 9776 17974 10278 18330 25010 19177 15603 19585 17887 25863 18523 5833 2525 3079 18661 5878 20485 21034 24618 1400 6974 9243 21847 3079 12902 12767 31161 6090 27605 2506 2722 28057 29432 28698 3886 14890 7387 3054 22943 24065 21441 77 27938 5356 1779 17065 7702 31809 30158 17636 22529 17587 26096 24694 27467 25717 1920 16868 27053 32743 14583 24304 22494 6575 16976 31496 3047 3592 25064 18280 22907 16914 31448 30435 29050 32184 10968 20080 31064 31641 10720 23047 19807 26000 15884 2980 6842 24247 25997 7205 31925 24161 593 18594 21541 31583 20730 5003 29607 12063 15871 29178 13246 9214 16585 12486 2940 30 23919 4085 61 8816 24701 26577 16683 12421 8756 18611 6133 21958 24211 22522 26961 29762 17659 19965 28245 19911 3089 1481 16671 22618 11615 2269 27885 23249 6254 19726 6206 29356 15632 15487 12805 11022 5622 10106 21063 2651 19405 6676 22898 380 
32455 13851 7954 12790 13520 256 4651 24052 23658 23361 14562 23454 12237 29968 1019 5394 29457 1078 25712 2241 16193 20305 17658 3450 22843 8600 17582 2391 12333 29638 25987 28735 15560 25241 23430 11951 905 17249 3874 19621 24785 19777 15877 10072 20051 9663 7339 9042 31062 3079 23045 9561 20951 2751 1701 30539 30589 30339 11024 11693 27456 5824 2325 5242 28025 15163 25403 29481 15195 27423 17223 26269 12433 26844 20158 5356 17290 24146 10156 22393 22039 20192 10052 9745 8713 11471 18711 32072 10737 13391 2117 13234 673 15776 8726 11896 9278 5023 31646 11516 2897 24847 4655 16934 27365 26337 2124 18181 10074 29371 4312 23987 21729 23500 9194 21823 17834 23087 11371 10007 11473 19780 10554 9524 15499 15235 9222 7057 10697 884 24548 27966 16559 27754 3353 14850 25387 12472 29935 5358 770 16188 3080 18477 20660 5004 27208 32111 15044 10273 17225 25092 24017 22099 19749 22542 7898 28520 17738 16292 26507 31925 31083 25366 14734 15908 9260 4118 5925 27717 14154 22674 24310 10576 21729 4069 31088 15240 14510 31671 19538 19789 20700 1906 22774 11475 30648 4932 19056 11083 26506 361 19155 20830 31431 21492 16434 121 3611 10839 30971 27655 12383 18804 20236 20894 7212 11324 25602 7436 27365 23951 1083 21591 15953 14205 30104 31039 6452 32404 24258 7321 22551 10325 19032 27396 4459 15426 8423 28107 29525 15363 14172 7987 21267 29506 12740 10652 5825 1834 19122 31211 16039 3602 10613 8340 23194 3216 4637 15501 25378 29049 12762 403 30466 24496 21099 6048 17757 1020 15200 20016 23494 14646 23626 11832 15980 1782 23371 7562 5811 5145 21807 7682 23525 27313 9137 30433 24475 29010 30212 6518 9156 6933 21472 9474 28257 31435 29751 8676 20802 11791 2866 26067 20465 28735 20429 1154 11001 19728 15776 4740 8518 30105 8054 24498 25813 24184 32650 22454 29862 29921 12158 25232 28477 2005 11959 28560 2332 1017 26 11194 9375 2010 24011 21212 25615 20895 7534 21538 32234 24903 24244 9884 10988 12255 13292 20671 21249 1898 29072 29818 2237 13306 14722 19451 30046 30313 31192 9368 15912 29333 3154 11926 10369 28907 24378 7515 25519 27115 9896 5530 20825 7416 13674 32723 17074 22741 5718 19456 18183 1685 25457 14048 1232 9655 5773 675 12705 20276 31135 19636 15515 22262 16481 30721 27568 3148 27956 24207 8316 1380 12639 22620 25467 1718 31518 4504 23716 25757 
2358 20343 12848 2951 18195 24018 16342 3891 5475 4148 15242 32119 26832 31875 13979 28827 20685 1041 5301 8305 20034 17399 23030 2807 9322 12215 16763 28442 32139 2586 6567 3407 12230 7544 1144 16000 30411 1048 835 6572 21737 3584 14904 6055 24090 1157 6453 7669 27164 1653 30514 92 26881 13166 25152 26920 2472 20146 11336 2021 30032 16937 31886 16948 16749 31676 22124 23367 7592 15795 5126 29440 30153 30223 13946 8756 13462 26037 6769 23135 29519 6353 471 15477 22087 9915 6591 2870 21448 3007 19677 31627 27533 8114 7421 13690 30643 12587 16433 19384 5109 30457 30572 26475 12961 16943 8666 20461 6248 12436 7080 20554 1171 4625 12385 20041 22677 17148 8998 14219 24743 18616 12141 22234 31925 27155 25787 12754 5785 10536 7382 21561 27335 15864 20267 21057 18208 11484 15865 11621 1314 1748 13260 18159 16433 31551 23357 8345 23396 20532 27932 18587 24528 29590 17204 9715 9161 8373 19482 25633 19105 28429 15046 4487 20526 9694 22317 31232 2858 6802 12086 22061 14004 29549 10633 12206 25027 26078 3425 26801 29254 11607 9641 1873 1160 21957 15950 8725 27574 896 20570 13768 20121 30871 11271 18733 6939 7172 19441 32533 30459 9247 12334 30331 10402 7902 13597 883 5575 11472 20485 27210 20997 27643 28902 2924 17212 12935 23645 3154 6859 5659 3383 22747 2970 9420 14320 6912 20115 28330 1487 18511 9206 15448 12887 17453 29290 1017 18617 29466 6262 20327 8210 19161 11031 24357 1222 13899 13083 18752 2382 2624 20409 8525 9678 453 6276 28070 17866 7360 19779 11942 29828 28955 29421 27261 10146 12821 7522 7229 30106 25107 526 15044 3133 519 9105 31634 27135 7858 27099 11345 9488 15284 30943 6501 29520 17442 10937 21784 8995 12830 20792 29261 23024 12926 6114 21707 25516 4272 8853 17786 4310 170 30585 15517 10547 4592 28549 19418 1295 14015 22907 18216 16370 18863 32567 16232 10551 26556 3605 15832 23063 12536 19327 20686 17963 26413 2721 19215 10741 5058 9328 10980 10227 23508 17122 28759 27541 26526 15640 27965 1945 11949 27148 31855 3505 26172 23343 7388 648 29905 8903 18518 14977 17264 18609 9593 28655 20690 27123 3224 29296 25714 27047 21715 1560 28857 12391 28287 161 28364 16056 32360 21837 14933 1137 7143 31865 31756 16664 30435 9438 11198 15116 30741 30074 27006 24230 4271 8917 4776 3982 25953 32276 18478 14990 8018 24425 2157 
18773 14525 13539 5278 15251 12438 26985 32029 11924 834 20722 7839 7913 9024 25455 2969 22293 14702 1311 4047 24641 6297 28948 27956 12854 112 22217 9927 29354 17650 3720 20832 25247 29611 29209 15922 17109 15596 31793 23266 7348 863 16012 2189 31644 11533 13009 30287 31089 23617 16542 31716 21678 24552 3339 17938 31501 13681 5587 18391 31293 26094 31116 14251 20959 9968 20036 19042 22814 30944 31687 1543 21137 30083 8083 12855 28856 3619 26932 30439 11482 22562 19981 25654 24737 22009 23335 14624 1982 2167 19430 24488 6063 13858 6518 18548 2190 2231 4979 19453 1607 9276 4267 28972 5506 27498 25431 6546 128 30644 2674 31358 91 3647 19695 32429 7602 23771 4815 24476 32160 4180 23795 20964 9275 26506 3920 24415 31461 12993 20415 31275 8795 1385 17458 7388 1047 32403 1210 26162 12428 4137 16972 30904 21549 32559 1022 27295 11444 30498 31413 28919 3799 20023 23421 15299 30012 16621 3201 3900 21961 6628 8590 27182 5774 7549 31119 23486 5118 7200 8572 30897 23146 13630 4872 12795 16320 9137 5814 16793 6374 4927 19855 12052 30104 27102 20289 16332 24333 20427 18995 7032 8924 26292 1333 30927 1676 28971 14319 15537 6121 20786 25340 2082 7079 30553 13359 8184 1617 4495 14243 22697 19673 6897 30368 25629 26363 21530 29306 22060 4186 10921 24964 5602 8218 20405 6582 22650 28800 22257 28717 24923 131 22866 8199 29830 242 28331 2888 29243 5635 20320 18639 19439 15779 30762 23943 31552 14503 11825 31942 13232 7358 24934 4300 10851 3627 13985 24388 21304 19046 2397 5157 29210 15318 18054 8743 4093 21913 29318 31516 18273 5977 24475 4287 26935 32087 16596 17551 1448 12996 15539 32000 11002 8834 22844 30049 21180 12344 4939 17630 18164 25493 5137 24977 1382 30175 21182 14338 24162 11592 10259 29895 27298 31483 6203 32234 28471 26318 18815 156 11374 967 29777 20091 32244 17351 25161 30187 32649 26839 19941 27595 28383 17690 5961 30740 14001 24689 20669 17133 25463 31334 13629 26015 17537 28503 32240 30150 3243 31195 3610 3964 30885 22051 5362 28891 17927 28817 32627 32678 4643 23529 13636 6021 30856 28306 17028 2066 26098 11136 18772 10349 25988 30240 5192 31982 25778 1036 21977 25465 32632 11397 19336 17763 25546 30868 8018 28689 11069 32117 24163 6199 8108 22829 31615 28000 25806 12487 11809 24308 28336 25635 4226 19717 9410 31812 164 30407 26435 
3862 3214 30009 21425 14811 12718 20383 18961 8260 28145 32237 25431 26304 10668 28627 13444 15191 27885 31092 29145 32413 20764 14661 29670 19678 24561 8597 31622 23854 12279 18363 16296 23339 23971 30095 8470 13130 4412 25264 32283 3019 9890 11937 12290 9145 5746 2525 25408 10438 3837 19738 22327 29021 10693 9223 2369 23919 14764 28736 6924 17426 21943 32669 24495 29603 29634 13347 7995 21607 31003 16688 28485 21014 9548 4140 32093 18881 16801 14309 8999 20144 1762 10648 6827 11741 4340 25824 9863 21704 571 28458 16298 27237 30062 10832 11022 24563 1441 17057 18216 12678 12084 20465 7108 21587 24446 32620 31576 31903 5688 24259 32444 25729 32409 14173 25249 18889 11576 17483 30273 16162 31416 9097 19182 14335 28254 4335 13908 15747 13550 5001 15845 28638 16643 6834 3510 32319 30092 31960 32407 31302 32767 24896 2216 1154 17930 32442 22418 16621 3999 17814 18497 1918 30762 5460 15894 20547 17397 7403 15057 308 3814 17816 30928 19756 20587 26166 9916 8903 12191 12594 2952 21326 12000 4236 2886 24558 210 14549 26543 24007 8826 23627 17986 27032 31648 29452 8920 6638 30509 15203 8966 16302 31282 2532 26081 16272 8952 16196 30970 399 134 19028 1361 13645 20353 8874 23478 5580 27720 22386 12127 5201 21118 26636 11011 27758 22 20878 12806 29887 10906 18398 28573 28913 4313 2313 13497 24111 14383 30603 4949 11405 2162 28154 19621 7418 490 24726 19203 14155 15362 13234 30737 17175 18195 25870 31437 28334 15685 17866 15517 26730 13953 5662 22183 15393 16905 16318 3767 18653 29310 20380 3288 4213 26772 3602 30730 15421 3418 24675 4593 25029 18812 23622 19991 23957 3453 11305 10720 10229 25772 5696 1841 9111 14811 12309 8906 28532 8084 82 15640 20029 13543 12041 31998 25637 8870 1487 11538 16483 10161 31165 1608 11604 10438 5022 32091 26645 31322 4526 856 13964 10082 17844 15599 1720 18822 13988 32155 2159 560 23282 1457 28314 28286 24144 1799 13478 9479 27556 181 4448 26535 4446 19943 3533 6895 7231 11651 5285 7789 26179 4714 25344 6130 32293 17189 14576 27963 22543 25492 26960 17596 3410 1701 10239 5987 1699 13810 17804 15478 26024 19422 4527 24396 24662 5350 16583 13761 7748 22869 13401 24651 8762 10222 1192 9339 27645 16125 4161 28938 29196 7723 19919 28217 383 1634 19047 28171 12010 18352 26983 10098 29588 14611 32099 4552 24909 9891 
5575 32428 6114 9499 10521 10448 365 2406 27538 15720 24158 11536 3421 28962 3936 29314 9022 21407 2476 29037 31328 3760 20766 30041 23234 13624 26617 14376 7725 2934 2256 7560 11995 16572 28035 1048 8775 7580 24079 29110 617 28977 11523 9172 9024 29435 29358 25313 23723 24668 20607 12461 2565 18745 6403 18209 5889 13984 5122 5040 7699 5504 601 18777 22480 3721 6569 6396 22105 15509 9289 25928 4450 2969 30003 24352 23400 13742 28816 8661 24541 6508 9986 20416 26692 22401 6063 27325 21467 22559 5867 20600 24515 8600 20686 16827 8615 22707 25702 28106 10909 4094 10800 25646 31063 24215 18315 17850 9030 27046 16615 12045 17649 31056 25299 10663 24352 23288 26310 29781 29899 31235 18464 18798 11907 13868 21911 12909 32054 15002 23452 32622 7597 3743 25523 14181 7908 10422 24184 22085 30602 4707 8147 17496 2948 32424 18813 3038 20715 5845 15563 14733 6933 25189 10922 23284 20204 32197 22829 4473 925 3829 10540 26458 32129 11298 28581 23222 7775 16272 26541 16775 2100 14581 13727 14178 22864 5487 5327 20941 31879 9154 32084 27722 26380 29498 26721 6599 26166 24007 22494 20167 31891 24279 25648 21422 19485 23035 25504 11701 18994 14081 13048 32684 8989 12369 12500 31840 22462 21644 25213 20880 3157 5252 21009 17626 31639 30291 7493 12805 2925 12835 12966 6754 21900 4938 21058 8176 6829 10849 27689 22969 27256 14740 22906 15665 30778 17383 2346 12102 27230 15176 16741 18665 30445 29384 23940 2211 23276 6708 7685 32174 612 618 434 11387 22518 25116 31936 23590 28838 8947 31058 18148 23398 21350 3723 27397 9150 23891 26980 14105 5736 28582 3933 8811 26871 9851 27853 15175 15454 20367 25666 16602 15265 19459 13904 32285 19027 12379 3820 21532 18281 15953 22861 331 15008 26076 23903 2463 1596 7189 16393 30563 20993 26745 28761 2254 16036 7869 9851 20779 30897 20964 14496 18548 136 1612 4785 4318 19100 17990 5354 19337 13152 30372 15467 20353 31565 20285 21608 19102 10393 10928 7065 4584 15520 26631 6116 22058 21391 26447 4565 17420 28267 17840 28442 27611 19666 2548 28317 2364 21377 499 30669 23103 4381 26180 18531 26919 26174 24948 28937 17218 8250 25891 9582 10708 2978 20778 5291 29038 858 144 13654 19413 27571 6768 17774 7305 21135 28200 32210 21983 31716 11692 17353 15209 25257 13798 7695 29442 7059 30515 7246 20148 24860 6801 13009 9584 
28140 26645 29802 23979 2185 4687 32335 21980 27914 30017 14200 6090 15214 23626 6360 11247 2042 5440 27443 10167 23464 2982 5198 21768 15640 1653 15190 30837 29116 31334 13398 26192 32015 27525 22988 10072 27595 5952 23236 10739 6089 9589 4380 14304 8097 13150 16334 10374 30226 15444 25413 31287 26001 8674 12119 32185 3029 14247 7598 26573 31390 742 8537 7746 17127 17290 19125 31166 2304 31427 1325 5492 30286 29262 1843 3686 22257 23671 26805 6937 28642 18514 2338 5174 10892 26051 19651 11246 24315 25237 29035 13519 7526 11227 17519 29872 30706 27683 15814 26705 16478 9205 16824 11644 487 3216 8616 13681 24927 1692 10453 30627 20538 7480 13075 30834 5672 7908 14850 26211 10140 18752 23587 2003 15249 25418 15691 15612 2190 11715 2728 13604 25196 17844 29867 30357 23225 30652 28656 8171 23050 8376 12936 19680 5220 23814 16655 13767 2565 15404 26066 17060 2699 24534 32022 15128 23880 30974 4369 12987 3672 632 729 28375 18102 26243 31769 29339 701 21590 23685 26703 26858 32057 18289 25605 20414 21299 19339 18043 11847 13597 20114 32488 21984 1338 8764 15733 8917 5755 25461 26593 1899 11070 5801 7474 24008 27811 4867 8566 25870 8966 28886 26007 15932 24876 7748 7761 6829 8452 3365 18785 19267 8934 20919 29666 23195 2409 26426 17283 30121 8959 31384 13796 25728 31461 14524 3632 25094 32196 23585 5079 7063 5801 32667 16404 10268 30937 24610 1253 28394 31726 18085 3165 2205 11645 27495 17678 31358 9782 16862 5773 29581 14141 240 31786 11420 9412 3904 11282 1413 3492 22755 4206 32458 19176 27331 10636 10647 31987 886 17987 4386 5086 30768 27102 30464 21377 28248 23724 5131 13302 14209 5278 23852 15121 27675 4755 13633 24778 22945 5671 16662 2710 21042 18049 11365 13816 16843 18972 5692 5226 9954 4827 4513 25116 18046 31658 18682 10177 23202 17527 15623 22263 30416 9570 3236 12926 22842 26565 568 4886 25804 26098 14060 32249 29388 23582 26813 31516 27125 13895 2171 22498 16274 7668 4568 1238 9305 26170 21176 12341 22432 13138 31859 24116 1261 9249 5417 7349 9145 29258 11192 27359 7156 13132 8166 20684 25127 5848 8602 25967 8176 24930 13002 19901 14423 31667 7465 16346 21665 22828 2974 12754 1655 19743 23758 18845 8892 20647 24014 20164 20536 12276 31294 16209 20769 24222 29656 31363 30187 22455 28255 32702 15121 29050 12940 14461 10846 30410 
24405 52 22022 23865 19143 27697 25347 23282 14089 17208 6242 5417 27671 2083 6594 11767 26579 15129 25069 27020 20916 11849 18261 3311 5937 6021 8626 17326 32506 2952 23310 31306 12121 14816 13758 12518 24839 14313 5324 20419 18037 8974 17121 15049 30920 9880 30427 27019 2033 26492 1421 18442 23137 5444 12403 28011 5017 23787 12509 31241 30346 8087 25240 27100 28321 2844 28654 5650 23663 2711 27638 24775 22298 26366 17721 10374 29447 5651 14668 13390 22781 27868 25609 8054 17114 31013 27461 16124 16430 23831 28797 32570 14883 31333 16689 10714 18699 15823 25721 10781 8262 29866 16706 614 5413 1477 29531 10586 7785 24760 8329 17614 27005 21052 14864 19162 32004 31566 30829 15730 13429 12929 17678 26316 23038 9317 24853 9050 4442 11469 16036 32731 1615 28612 11011 13967 32268 7056 24634 10372 16813 28391 22307 11487 7098 4436 24075 2649 28773 10406 1418 19642 31981 17782 26014 12989 23250 6856 9755 24525 3260 6128 29403 14358 12251 21981 28411 28735 12142 10172 1542 23952 21638 26800 14873 31922 18629 18301 1196 21975 5824 24833 4197 3439 27154 25976 14482 18899 18498 15194 29957 13903 24592 23260 16395 31003 3379 19401 16279 21996 9743 4867 5393 2775 27253 1017 30958 189 28783 4609 6076 482 3276 29417 5512 17213 17790 26926 22821 19973 8941 7173 15499 13827 22724 10508 26072 22137 29493 4664 2866 26610 10482 30063 22313 10006 4512 26628 1211 4069 30519 14145 26166 6722 9911 18399 30898 31518 11917 25547 5857 5408 15657 16310 10892 26350 10845 11263 26293 15594 23985 3000 29406 18058 24011 25336 8794 22775 1354 23376 21008 11624 210 31781 17177 9898 6947 30059 27671 1176 24177 2591 31777 21099 14763 23043 27735 9112 20525 16557 29272 28502 13576 11486 16821 21154 12362 27792 14364 15572 31911 16096 28965 11764 10662 3059 16653 20068 27692 24088 1585 19034 32338 29095 29787 6542 22770 5562 25287 7703 426 31797 21083 19478 25868 27023 14516 16701 18052 23749 1717 16782 15920 21158 11497 11746 13744 15718 11816 19212 32735 32435 4925 13524 6192 21810 31169 18450 11210 13408 17831 5805 1896 20107 8624 11699 31280 23167 25781 19353 7720 21201 4507 18145 30920 19268 31176 16177 2260 603 28581 20968 25185 7184 23720 29286 2802 27130 5252 18564 27333 32382 31742 7759 26669 13606 13400 2517 3284 7110 21553 17330 21987 22079 31376 18901 13217 5561 30921 3415 
22330 17115 1487 24122 24373 529 16655 28440 29095 23529 30714 25521 26672 14764 9605 32002 16286 7360 22206 18736 12979 3721 18544 23154 10985 16061 28885 32149 26771 30953 30191 14973 19452 996 18915 17147 7457 29877 30831 9879 23985 11729 25854 18974 14646 56 26535 3762 5300 1602 31691 3761 6250 16533 4616 19557 3996 2259 19710 7453 11222 25939 9188 12044 18992 21877 15726 10964 31647 31478 13738 2083 12132 10513 30626 19979 28071 7084 2427 13730 29489 17600 21136 2832 5208 25884 19141 30322 27633 29948 5803 23680 19489 31112 29364 30892 29049 23999 32739 19660 30194 11986 22563 21923 26799 8837 30003 22429 10801 32408 18205 5532 25462 19047 12365 29472 4377 8617 20961 27729 22208 771 6671 22512 712 18296 27388 9655 3045 22205 6079 468 17580 13077 19121 32325 30657 7419 28217 29771 14305 25077 30746 23755 20904 2149 71 9643 26966 5472 15789 23763 16869 11313 12627 7107 5482 20691 9682 29851 17475 25178 29166 22382 21086 12540 15316 1896 32428 28875 30910 25365 22142 12027 12291 19936 5395 13697 31948 3447 21378 12255 31062 7060 17159 21502 16654 10204 15749 1244 21365 21764 32017 11235 6143 24460 8995 5410 24157 17851 19465 2327 19251 20587 11664 27021 16631 14666 4465 31959 28257 16813 20882 973 19895 14867 7458 9343 11949 2959 18955 14298 18242 13895 25510 26870 23255 11577 29526 15320 22264 23272 22645 27330 989 8414 31920 13219 12213 24588 26365 19373 22122 3724 20438 9513 9481 2807 13835 3948 5911 30618 21392 29910 21985 32416 17989 3879 23656 13248 9757 23529 26678 24655 3602 23149 24915 11010 14365 6368 27683 5451 14815 6823 29982 16604 26015 28655 17710 1183 12655 18083 12199 3000 9240 31923 21741 4858 7791 31953 10225 29419 21421 523 24724 19884 21282 367 23433 8723 11919 28419 12378 18388 4077 18727 11825 28906 7043 10833 28175 17992 25894 28526 10457 24598 28308 16750 30325 20717 32564 24520 96 10662 4692 4377 19856 16458 16904 14452 30193 14044 7356 17991 3426 8272 6394 11024 18843 29240 7549 6475 29364 7315 32332 11863 18727 28841 27409 2623 32029 31468 32399 16256 25350 23077 10276 14024 5797 17260 17852 20118 7418 4774 3690 20677 22262 17109 21733 14540 366 23327 3350 16814 19487 7699 4276 11297 20030 5585 27970 23934 22028 21224 6775 26606 28345 23995 2074 25968 18118 28100 32204 14488 22301 31437 4460 1364 7019 22796 
12684 30657 26093 20875 3495 12581 24104 12676 28452 25528 7691 8283 28082 31695 22010 6116 25720 10008 25766 32586 22631 7409 11690 14250 601 12628 10000 9458 25035 25746 26118 11226 14177 25166 27949 2746 24962 7765 449 9207 30627 22044 20452 30644 20442 13820 14797 2199 21860 3107 17056 27560 2644 277 15372 32107 23368 11133 15566 19762 31728 14739 7673 26328 31902 2546 6397 17969 21379 15233 1041 22782 19714 13941 6714 911 20470 3613 31345 11736 19811 4299 29573 2675 13825 10349 19286 385 31841 3112 4357 3992 818 29562 29476 1775 25611 8120 19382 22943 26905 25477 18938 21774 6979 21856 9465 2743 20420 10277 1818 30105 23207 15275 6704 23175 28541 2591 29209 12561 12886 2052 23964 25701 20062 8266 11032 23645 31307 30733 23531 19696 25452 31035 7301 15215 22390 6217 16066 6274 24314 885 6925 8529 27225 21952 8345 4367 10772 1907 13411 25462 12924 26972 27894 12488 4599 10236 23153 11922 31031 25098 17150 4412 24342 25774 5209 21397 8072 24932 2567 5526 9221 28222 4521 1640 14910 3045 18925 21736 28756 20503 5068 13732 28554 19310 24686 17966 5856 16228 1880 32129 241 5456 12620 14652 29164 16823 4299 7713 26097 19921 22846 14913 671 21413 8197 22261 1209 5518 18303 5130 15775 15826 20798 1352 10597 18739 5299 12438 9631 32445 11769 1725 9872 7111 31934 8815 25524 25190 19042 28198 25315 9945 27201 4457 12963 28618 19674 18097 7578 17341 15232 11353 21274 15926 29341 1535 474 18726 21684 22922 28764 12345 12084 13454 14689 16100 16747 6049 23389 17880 17952 11905 27599 5824 7910 26501 28267 16766 14542 3349 16697 75 12876 17292 12106 2050 4333 30776 9809 20171 20754 22425 28738 15748 28800 21638 25 9446 8633 1011 24247 1269 11654 4152 9079 11505 10598 28751 24127 10620 3131 7786 6619 28720 5950 27611 26062 10371 2661 1975 30817 12609 20741 21912 19190 1810 23249 32030 30706 23933 22139 15747 24115 8334 2449 25293 21814 26819 31096 20452 1804 2558 16378 8668 7372 12771 15284 22261 26229 25549 2245 2340 6173 13310 28507 20995 4179 21872 26921 30745 27117 3904 12075 18523 28365 18036 23892 6171 10592 8777 10869 4777 8148 10867 12003 32225 14792 27414 26351 4806 6896 27366 14875 4713 3320 3444 24770 5691 16880 18412 19382 1502 31748 7998 971 13187 9373 10734 3418 22745 8363 16607 13927 31635 16302 20011 27505 1750 
15246 26287 9942 30170 29152 3848 10883 14135 19032 14999 13479 9500 21204 17816 27814 28474 24161 24751 19979 31659 19458 25156 7848 14939 19160 27634 10961 2392 29546 8166 16985 10111 12905 20818 18897 7378 30052 4150 17630 11488 19588 23327 19233 24509 22374 3736 12844 26830 24812 4770 16602 10506 16164 11127 27757 21765 15537 10143 7266 9743 10360 10059 970 5726 7091 11393 196 1714 21594 5187 2511 18354 5809 29045 26163 9792 25669 7032 3905 28793 10706 9595 26638 26630 26626 21766 7048 10942 2868 27657 9734 9381 1022 21695 20604 24236 14681 32662 10266 10526 10388 29537 30636 15062 30082 4288 2958 11444 1180 9189 20891 30323 5111 15011 5622 14999 11514 15105 31469 30413 12728 31001 30 25020 28918 15900 15978 9909 21323 19483 29595 24686 5417 16182 4540 9709 6798 5427 9056 23644 32633 12949 30290 5328 3707 18348 15993 1485 21966 17091 15007 27575 13214 523 22364 31618 8925 29249 24759 11172 20002 3259 27345 14050 8538 24810 3731 7788 14965 30574 7632 13119 6634 25025 5460 1870 11225 15801 15709 20522 11781 8572 17788 29687 22386 12683 18290 383 10245 6649 15072 25802 17057 28462 11671 30488 30484 17174 26095 24384 779 31268 11764 25093 24551 2219 6685 23741 30238 32478 20072 11636 4130 6015 11448 15398 3018 6756 23445 21025 27401 30209 5834 29933 5230 2674 9871 25234 4374 17232 21856 23560 15109 30333 5916 3799 8770 13918 14834 23613 21810 28842 31811 8701 28374 31960 25479 3663 3418 3828 19795 5945 5695 15827 10455 29249 20739 22980 13311 26229 21035 22990 11855 6816 20290 14079 4391 11339 29232 2175 14229 8470 3493 21683 6217 10429 20365 22532 3824 22082 1363 4606 3588 28428 26366 27795 15860 19243 3307 2741 31712 23931 5221 11142 21707 22732 28728 9238 22534 6308 19538 32314 12700 4467 25683 28344 32206 8812 11548 13232 27735 20035 12571 31429 5034 28582 18344 3105 29256 5594 19448 6458 11145 18646 3767 18669 30394 12395 15497 7676 20856 15446 3281 8571 15868 2885 31294 31027 31798 2429 30650 23474 6979 31624 24382 14622 7136 6435 4499 572 7784 6428 20313 2478 6886 14627 13089 7272 25441 16132 24827 3211 30972 9410 3131 22641 29727 14348 460 28186 8641 12714 4603 9391 23323 14474 15977 19716 23217 28537 17871 32743 24726 19796 8166 8048 12746 5887 19439 8198 491 15650 11904 7150 10509 8775 7785 3862 11654 2329 
3182 9789 8236 23560 22941 11478 1626 16206 22003 44 17005 6345 7674 3947 25933 3223 6370 13752 4121 16732 4323 15560 29921 26332 17340 18487 8076 24101 16076 20854 5272 30313 21368 21349 3949 1764 6249 28218 25473 1574 32633 20446 17067 21612 23890 9221 12154 13117 20970 18405 28497 29109 15994 27439 3369 19455 6247 30062 15768 16989 10359 28536 26772 24563 27427 11883 14684 16594 26003 19557 31117 32347 926 13807 9365 12633 17473 1455 6861 8225 29010 26353 22026 1689 23489 25585 7078 26759 7261 17115 31090 29883 21090 31708 10481 654 27940 21995 22530 30817 23058 1333 14242 32716 4810 9903 27921 2531 17611 6607 8367 7085 8757 28267 8293 3363 11200 2448 26948 23671 14972 9019 21758 17366 26905 12184 23105 32219 23951 21541 29510 23750 25035 2597 9142 31695 23818 27653 8485 6886 18285 10258 1875 25793 19415 23352 16854 14237 22609 824 1682 11874 16390 7884 7140 16856 27657 9239 10653 19898 1903 31492 18539 5166 1279 25776 5991 3043 7754 32467 11882 9775 7911 25456 17460 12691 10090 26535 23317 11542 12358 2742 30757 6345 22065 14565 30735 23941 10737 13719 11641 26549 12044 2193 13340 15244 12627 28298 20121 8062 21666 28224 3703 11714 23667 18037 13538 7810 14666 1522 18318 32101 28628 8595 6326 17066 4862 15731 14237 1189 24255 20121 6314 11271 32729 18557 28285 3839 16834 1415 14601 14653 7212 4856 4961 3363 11686 6173 28805 30744 13820 26505 25944 27443 26545 3546 8027 3596 10051 22084 15906 3610 3881 28756 16724 24033 6603 25807 11336 30731 26598 2863 14293 31477 12104 1061 8679 2809 15865 16383 16069 28328 11601 25490 16885 21790 12607 15812 20686 7789 8898 20786 18016 1682 17620 31024 3691 19579 30019 15016 15206 13202 1594 32138 24041 9749 17486 23104 14785 3505 31119 29048 8753 5667 6882 22165 11519 28834 15190 5015 25456 26259 32675 17683 1852 24919 18042 10728 3359 13344 1968 8962 32523 16815 30562 2960 10031 23574 26227 27808 23463 12276 19335 17235 18726 29559 25957 20116 13378 20033 25671 605 2495 27504 16304 519 8083 14075 28209 5525 5054 13103 7884 28402 15058 14223 6033 6404 22116 12674 24137 19574 28478 7501 24688 30510 12739 31566 31922 20939 2413 7079 23352 19350 16243 22236 32525 24792 22302 8018 31687 6639 29856 12871 23587 29917 25855 9295 2607 25530 10544 5420 12315 15216 16577 2040 3891 16486 18764 28333 
26836 15617 32186 17283 31161 23776 22382 2604 32037 6003 23896 21712 3936 24622 17063 27609 5156 16251 4599 18301 16060 17378 31527 20582 31333 8327 2299 5799 30584 3292 31608 30164 22902 21243 8593 20196 25220 32576 31186 626 32283 20096 20611 22897 7597 17832 6790 30540 3601 18183 12238 16789 9865 25136 14626 18597 26203 28821 11301 1688 32001 6797 31199 1318 25071 25462 9527 3920 22168 13340 610 32452 5879 1316 22510 18058 15890 30184 14737 2147 6736 29660 5880 31565 19576 23837 13251 16717 6465 22551 29292 10335 975 23005 27387 15499 7334 26459 9842 17990 8829 18410 13512 6055 27478 25804 23453 14359 31003 20973 2937 29961 32176 12557 9665 31679 23317 8231 11656 22420 8912 12724 11671 7654 30727 31091 12335 3602 31935 21827 25190 15752 23922 7785 20325 137 8600 20822 32152 3653 8053 8189 3338 29345 26303 26165 12253 4811 19319 11550 15663 168 867 1179 17784 8653 5427 2700 29948 17632 9704 14553 20024 9861 11014 30680 10937 1085 24323 4491 26473 31866 25691 16008 18535 8577 6255 22550 7001 24418 27669 22039 24294 8980 26164 12979 6010 16234 20353 11575 19660 16238 3643 31035 17237 31752 13768 9236 13244 17488 23787 13842 6440 26145 14302 3016 21181 7833 13928 17839 13098 20128 4162 11911 4781 30839 30261 9346 9173 10842 24759 20015 8334 18023 22218 18419 19219 11937 18344 19278 11881 11087 150 29160 348 14472 1933 29752 10638 15650 7078 32766 829 5394 30151 30584 1338 29043 3202 25963 18350 7889 20380 23655 13415 26378 32562 17329 33 26302 24203 6607 4052 4137 26454 18887 1238 7796 944 30324 6527 31207 7815 23226 21567 16345 779 17604 2896 15365 28429 11459 20814 20890 26387 11330 9068 9616 9181 18491 1098 25124 4713 6812 25493 21759 10968 6554 28558 1734 9075 29080 16514 4419 25486 21325 25841 24598 21784 2474 1158 1700 3156 11229 3075 25747 4516 18817 14299 14824 7750 4766 14615 3210 22061 15177 989 7643 6268 23390 11091 8247 21057 19509 8256 4385 6115 26101 30124 7371 16062 2252 8381 2106 23459 11735 2985 22412 14439 20610 12151 18732 31406 3367 10039 23941 5078 18620 1335 27412 12712 21828 9241 14961 32134 3631 28771 28695 21193 24687 13540 30337 13432 18731 19464 32509 7664 15712 12911 32586 20859 28953 15201 6595 18601 25152 3736 22551 1912 15741 12752 2042 29183 16254 3626 9044 4315 5299 30535 1660 
18134 9661 24975 28357 22901 20644 3530 8479 20140 16304 18252 13387 1639 23103 10475 18799 28649 16399 26353 27478 1189 24951 32432 24386 11684 8809 8639 32281 1318 17818 30611 5849 26109 18028 18933 32084 23449 23357 5990 10517 21195 26700 21823 9540 16013 17742 28363 27587 15882 2734 8786 66 23083 21176 3343 27789 27894 7356 19430 18447 9657 15491 12371 11034 3320 23010 1093 3346 24213 14486 21797 22550 25661 17880 11443 24857 17663 31089 23941 23020 27197 2029 14861 28372 31783 18069 17576 12659 6672 740 26241 32551 18652 486 14885 16928 1164 10755 9601 3913 30774 19304 9157 25369 20506 20759 19170 118 18629 20863 941 28015 24733 10304 16185 12271 16892 12589 17900 14427 30694 16904 18107 25005 964 11201 25697 22554 1821 27332 15622 15055 12331 22395 7390 25097 3041 4684 10740 2286 27783 11031 1779 2856 13305 27797 3067 16200 31062 19274 24303 17892 17904 18559 30290 5092 1573 30270 10554 19436 6369 23516 15113 27711 15663 16728 21740 15172 27824 13591 15617 18101 23195 6285 27119 4533 1513 1573 2605 1059 6210 31529 8670 17999 32221 18176 20072 21877 9790 9678 30705 20594 29696 1168 25573 13327 12813 1112 14764 3731 25972 6452 30819 21842 12647 8177 24347 17563 8158 3930 335 32308 21854 6742 5669 23817 19621 14916 20195 8109 13577 14533 21504 2723 25516 9335 18435 10471 15578 17826 18252 25515 27924 6570 4235 20770 4615 13544 29859 11072 17205 2381 18331 27197 12286 17176 24736 12533 2631 20502 30196 18540 17264 19819 6924 10647 6318 16230 6447 28028 5922 7904 17704 19632 30109 18200 26446 23737 29983 11315 6517 16698 5292 21943 26448 22236 14816 1112 21327 20188 18263 9446 27977 1368 20337 3515 31224 6976 15758 10908 23802 13080 5554 876 18074 15012 23468 29727 9153 15054 6672 7702 1581 29659 4510 5878 11475 25425 3123 20952 30528 28229 9332 29655 12505 8163 13624 575 9478 21501 576 28436 5663 22822 574 2520 31695 4074 4337 7595 23163 27016 6020 267 19742 29689 6518 28694 8108 12394 32555 7358 885 21294 19636 21081 15425 14218 7070 27975 21666 14762 20198 28876 2416 25849 16029 19583 17449 6566 12248 8353 3119 7489 31300 17142 23050 27658 12366 19831 10515 806 22619 5820 19091 26788 24666 16620 27301 14020 11999 6788 10455 24757 30985 519 26263 29960 7541 16783 28709 5870 17000 26781 25197 6300 2946 4245 19470 31739 
23736 17475 30036 6206 19448 21614 15278 16511 33 24311 18026 4454 2704 15306 19906 1460 7753 22764 21614 85 4334 7119 18692 9925 23413 14955 17816 28618 3871 691 5391 4407 28574 13409 9133 14099 28458 4141 14461 9194 17397 20008 16811 28411 12789 3868 18479 311 23141 4316 13422 27744 10973 24547 3197 25568 11888 13250 8036 25833 13338 22371 22066 6804 32261 2262 4483 10359 26479 27841 3868 4234 29914 30581 23479 18750 25511 5047 1177 10220 9134 25913 12357 19044 23972 8884 13666 13740 17448 3279 28789 10713 32631 7149 16420 17637 25571 21301 20055 8275 6228 18835 429 12546 79 7341 17861 11703 12850 11792 15146 10802 22065 32294 25461 19623 16909 31637 7292 18192 17310 29835 13293 10673 6611 12139 22132 17330 22303 18810 13701 31664 10531 23007 32463 880 15316 32538 22643 1134 8835 28492 8044 10863 16627 20328 18692 225 26437 21166 23211 15286 26925 16645 13947 29095 9278 8577 25225 8801 10567 26627 10202 25227 1856 4411 26981 14726 29696 27883 3494 25859 12927 13385 27525 8386 24713 30300 4673 1161 32723 9976 11990 22867 11447 1993 16941 5212 32445 11653 18255 25255 28929 18563 31060 2260 8427 8203 5847 10342 1306 11518 30823 20649 21088 10652 27581 25445 30984 17457 9222 13629 8999 10847 13350 1167 4186 5011 23481 5763 15564 18510 23257 11956 15512 27545 16579 22635 9231 29943 18844 13323 23109 8609 26802 26849 22927 13139 23332 6825 28794 6026 18702 28365 17585 22575 22691 11084 30600 390 18427 10108 31850 24238 27106 12563 2630 12011 29771 21353 1542 29159 16952 6734 13658 9938 26420 32078 17124 468 31773 3470 32659 28126 8722 19754 31980 17858 1915 30442 14478 27804 7693 4899 14669 6177 7998 23052 10224 5960 13266 13156 14286 740 21462 2422 9942 23454 657 1513 4758 28811 3395 32603 6953 32143 17060 26771 13078 28225 17006 19065 27357 32760 29207 10752 23568 9331 4322 10739 18106 5600 21574 5274 6985 1323 28666 30589 8052 29173 21980 3796 21908 25445 28739 15028 27985 9183 6201 29761 22833 9593 32140 6326 17655 11607 3356 30111 2434 23278 12122 10032 21447 19931 19020 32444 29966 7525 9338 18505 28517 32744 4893 24336 15022 24947 10167 18248 17332 24745 14378 28403 27198 13339 11720 2415 8953 22883 17522 13007 19039 10971 22854 8384 30833 30729 24322 15263 19170 7096 19321 30727 7587 3118 5996 29959 9813 20392 13599 32023 
22599 4283 22561 9471 9294 32297 22789 13910 25521 8314 23490 4297 7119 10131 9180 17922 2628 21200 6413 19061 9189 22809 8576 27825 3893 5235 14464 10893 24617 13001 28280 21704 27885 28700 1482 20221 11094 185 7436 30451 6035 964 25700 31725 22088 4320 31145 19302 7772 26002 14568 30036 31847 26857 9905 23967 11124 15693 30372 24431 5116 11971 18493 15784 10096 23865 13733 1075 30200 14014 7957 23846 8090 28925 2899 4733 18151 13596 25244 11221 14726 32286 26380 4332 32261 12487 18477 17308 27722 3242 13586 25513 276 24967 7056 9375 15064 30654 28919 27773 16043 26620 13105 6546 26800 20652 2854 15268 17116 9935 16021 6371 31529 12581 5346 20630 29069 11957 5502 19646 19761 21579 10521 22479 12411 6795 12906 9416 5081 8902 5028 28150 10082 2097 17483 15556 14229 13615 13330 6991 17409 26295 12954 9206 17628 7712 22147 23858 27449 19045 3471 8433 7108 17193 18321 28630 27496 17474 370 11282 28939 13338 22697 10552 218 8129 21096 20440 32508 11484 23201 378 28874 31846 5562 25119 4600 2633 16052 20908 17196 8977 27694 11273 24409 11072 10019 1199 32334 18321 14287 100 3454 7270 19285 32377 3857 22687 18392 5694 15328 4354 17711 18939 15563 17519 8712 5830 32734 8996 3128 10347 26576 6213 24273 1808 13059 10454 11783 24285 8945 24675 6075 28486 9529 20630 32086 23405 7975 22772 28118 26856 6285 1841 1441 29997 1187 13495 31128 4216 30845 30515 25293 1699 16831 19983 40 31274 2285 25474 29218 26956 11174 5118 2495 8643 3600 32645 6748 31722 17266 20700 18551 30437 2316 1835 28945 14082 9017 24415 6725 22088 21023 31355 16416 20716 2920 2092 9865 7453 29607 22706 1404 6095 30006 30482 16638 7905 21692 335 20473 3906 30091 32139 15366 18265 10365 14984 7554 21205 21973 26812 13939 5704 8631 10967 18776 29875 22608 23685 13044 26472 3 12870 24767 29003 609 25832 10713 25864 24458 1424 4057 9646 16434 27209 16762 15932 29730 1298 27774 31416 28494 25962 23384 3628 1770 12140 1727 8827 9901 8357 28610 5778 30424 14880 1112 30613 1326 1426 9984 24312 9227 27617 5686 906 27858 30855 13922 22710 14439 23317 13383 18038 244 28651 3353 17888 13680 23056 3081 11660 5079 1669 15701 30935 30231 11612 24094 3260 24678 17489 21234 7996 29483 2419 20689 21773 27509 23610 26618 15824 16442 7706 31022 10749 4759 13298 15853 15366 
22219 10181 14362 30113 2026 5617 1879 14379 15228 3553 29610 1360 8845 19722 3160 1950 20143 12127 22285 12107 4313 11319 30926 14373 1066 3288 26367 12103 25390 27769 2671 8930 7022 29897 5876 16191 2687 12518 12889 16897 22372 28497 5139 30137 11438 6967 9747 15805 4406 894 16170 1298 31445 301 23474 28668 14725 6574 15484 29262 8790 27687 22378 9131 11528 16440 25468 3445 18451 28011 5738 6868 31305 3346 26978 11605 13442 23598 8067 21098 28960 5231 28458 11562 11922 30696 29545 17745 28841 31137 29368 7267 18755 16327 10917 11530 17150 8602 18194 9589 17431 592 4898 15705 27859 25020 25728 25447 22724 7136 167 27593 17602 23264 12775 8481 15200 8798 17639 25770 15638 15524 11691 22539 20142 26015 12031 31764 14730 25636 15469 24775 12245 32119 10335 17531 4900 9261 31988 15059 31900 28339 12739 32669 10506 26518 4071 5130 29606 16189 32185 13507 5758 2928 20476 9251 19548 28009 3060 19703 25021 26951 11299 8447 3635 29763 9173 21314 28145 4677 14310 16969 10220 32566 2954 31770 13661 21846 25044 21835 12775 4289 29131 28465 20441 7184 3539 23121 6322 12620 19645 15077 15601 26865 30186 11972 23660 567 26494 9568 31774 14885 16256 31955 11190 6138 10526 29251 11547 17652 24456 23103 30263 7563 2282 24767 3135 3988 27347 31881 30562 9271 20727 2897 16998 30613 20088 24913 24120 6414 19833 16795 27227 23610 31452 21582 1589 27228 10489 1326 20162 8085 9235 2685 3904 3546 17500 21302 17183 12536 69 23428 14586 853 3459 26785 12249 21072 25895 7303 23270 20947 2097 16760 22551 2999 15725 10001 9455 21780 20675 10391 27529 29255 29352 12168 65 29735 22915 5700 20753 9185 4029 9874 30900 20005 17167 20260 8233 8528 26019 26323 16879 15330 18161 2978 7107 9890 10344 26706 30105 19890 3056 23700 23208 7747 6365 10919 11213 22238 4374 21811 1508 27822 30048 122 13891 2142 18266 14524 31590 26478 25771 4707 2985 31718 16263 18288 9867 9873 26210 4140 15922 2893 21502 7385 6365 27294 26805 2378 10215 18721 16274 16848 12818 12433 7686 29182 17890 16130 7545 20583 1719 17104 23129 8576 28136 1801 31619 24247 14154 31220 20651 12195 26709 3022 2848 24541 22106 12465 27218 20615 4451 2209 8842 15467 10440 23951 23003 11796 4218 31795 8982 29476 27986 11403 27388 2268 10363 13655 32636 7585 6905 22363 1415 23625 10309 27074 12740 6270 
10369 5299 31739 18856 20506 3216 20234 17365 27500 11644 17448 13391 5567 30742 19032 22759 6975 3412 10195 27390 23442 23937 18552 21578 24784 29323 1385 5534 13054 11154 11043 28737 32478 9954 1892 20438 1524 20197 14955 19720 25088 24054 17219 7037 24268 14662 2247 22820 13471 31281 20381 17492 20732 3571 23613 19124 5082 13218 23849 612 14366 19589 15222 2228 31947 19969 16773 7571 19204 8391 26669 974 3800 21350 14490 21954 31122 13131 21915 7634 28334 23190 18459 7488 17264 16628 19591 32058 25181 28200 29620 7897 30004 14546 32282 19043 10515 2901 20646 25861 23482 15109 23379 31283 18352 29594 27749 26919 25814 15537 5050 20637 31150 10940 5869 7344 26300 11465 3155 6547 24426 32754 27849 6200 32654 1322 9397 16272 9476 1543 9059 16364 6123 14219 3614 12266 10568 9437 16886 11879 26910 24972 19462 8134 30611 14209 8556 7100 22678 13474 22167 24204 13591 22192 27621 16662 12989 29377 4354 19382 21471 1420 5496 10670 31939 11522 2681 8149 15969 2720 20226 20943 22896 28668 3515 655 12938 28967 12077 4619 8006 30625 7108 5659 16309 18332 28647 666 20547 15870 12593 31769 5067 28427 19689 20281 23987 13680 15664 21701 22657 4138 2343 18593 6966 4924 16592 24361 3867 14636 25945 7316 16870 1707 20502 22709 2831 7447 15711 11726 20759 679 18942 16181 6045 18242 29697 12365 32145 21453 25120 15604 17187 13182 29433 18296 29116 11702 25845 14320 27949 18887 10216 19861 26375 2946 4543 2308 12623 23171 9315 23800 23254 32357 3617 10592 15398 31616 2768 22580 21791 32574 20309 9079 20767 26997 21774 22854 30554 2920 3427 18018 28076 14767 15953 13173 7902 14321 8068 26781 25393 1801 3681 6679 27368 17136 26978 361 32338 21614 21258 28854 21349 16708 28852 2495 2063 24161 5214 10409 2867 28375 10782 11214 8001 14383 856 7462 18230 9520 24150 8420 16826 24330 6993 2052 30813 16243 26990 9010 13358 23781 4521 23086 20062 14071 17722 6934 23475 3191 31645 10405 28150 12662 10563 1138 22454 13356 27798 14034 2951 18829 22556 9504 5297 3089 2934 9808 31482 1250 3191 4040 13810 30774 32151 19590 14375 21050 17956 9439 24463 6213 13802 15124 30990 20506 18712 12332 4451 5864 17315 11681 11187 593 4894 22276 20420 12386 3900 32584 28727 27472 27885 27761 26010 11250 10834 18119 27223 5087 3526 21767 4579 28334 21160 11558 1972 11401 8232 22549 
20698 5295 11788 24092 23216 21104 24686 32689 22189 30798 5207 1978 29785 24732 28441 23105 17043 16032 5720 26090 23801 179 24078 17427 32105 4937 14659 17884 19013 20124 3059 15211 27025 29184 5314 7928 12139 4734 7307 9486 20772 12673 23195 24192 27856 18058 15823 12828 29902 3711 24624 23553 1558 7806 31521 17955 21283 5656 2454 31783 13544 11548 16372 11650 6065 13401 24073 17069 1447 19577 2745 2625 3596 6083 27430 27591 29039 13328 22442 23063 22770 2438 8412 1130 12811 29700 22777 5875 32102 32649 7786 28009 23807 10672 17475 26666 32373 7864 17798 17579 27248 27843 1192 8650 6728 9550 15136 27861 12450 30598 2477 32353 9239 31554 9188 23593 27592 56 17716 5818 3418 30607 15768 7570 32066 26274 14016 9940 28579 30950 19829 9855 18723 30134 20643 31717 29568 16039 6500 18595 16110 29655 28537 16732 5860 25379 20720 12837 27385 12748 26094 31534 16709 14333 16939 14982 1284 22374 16481 2596 15962 1430 32575 22556 29652 31710 31940 16363 10563 17850 23000 18385 30670 6434 15607 16372 12669 16521 16029 18950 31693 26442 8368 12499 3473 653 18043 17883 24892 21850 7414 16925 5858 29869 22148 29906 6205 20374 6529 1059 23320 28611 4306 5204 12099 21646 24582 19221 29055 4342 27080 2090 31400 16270 13388 16015 19022 24563 5564 2692 71 20213 18169 18677 19771 2626 13106 21 23344 30939 13981 8432 2917 18861 13015 13975 2556 26540 5443 29904 21652 5790 28785 22685 13339 15446 14784 12197 12061 10343 7624 5667 27683 23463 6703 16442 11090 12309 27807 22236 32546 24555 19815 3349 3149 5047 13501 28111 21953 16694 1975 31185 18975 504 2037 25164 21922 29242 21766 4086 23939 515 2671 21625 30020 22491 18390 24661 10973 10534 6267 5537 14731 19581 22312 32733 17388 6973 26701 26132 1505 6646 3474 12920 14944 20891 27725 3737 3584 792 19622 9724 16841 28290 18207 13016 12235 17715 32009 5670 26786 19622 3580 6907 29149 4724 7252 13917 21129 19039 14320 1518 30227 13073 8380 11647 31827 7422 21206 15824 22133 32465 27273 15279 31124 17990 4877 16597 9102 3293 30086 21134 11914 6241 633 1322 23690 10814 26033 5514 11845 9274 1109 27668 6783 29394 3372 17945 23045 11136 22480 27646 26953 22070 26955 4250 19904 25505 7945 30100 31751 22918 28168 9888 7442 1853 30496 13736 23838 4896 21190 28824 31295 25172 22105 15022 20294 24539 9651 14256 
32451 13150 6877 19647 28063 21035 27280 22842 2464 24279 17110 11587 23808 25901 8335 18086 7960 20899 5773 16623 6014 14373 11750 21819 27829 10526 26995 26658 16484 21544 3754 1854 7383 6050 20394 14607 7663 17628 1660 18793 13383 7412 29164 354 7708 885 1857 20801 24121 10663 21857 11351 23294 11096 27393 5211 2959 626 11689 32123 3239 7038 23674 22668 16784 8341 712 30656 21938 23529 8817 25909 6044 20663 14318 918 18533 10799 31877 4400 5828 30390 7391 3639 21734 24384 10286 21884 9742 24323 14656 3625 19442 15991 16393 26692 20822 21497 11123 11142 23585 1106 29517 5200 28327 27960 10087 14185 29384 26911 13497 16802 10223 8016 19929 25365 9742 7010 18078 20251 31237 12815 5883 21450 27996 7366 27648 8886 19960 7244 3745 11191 8591 16286 18359 5190 27478 18324 20585 20303 4877 26895 18322 14041 22 15896 6723 8881 19947 22929 18717 24711 9395 5948 26054 25917 2464 3376 18557 7251 27670 17244 7732 18749 893 18957 22998 21435 31046 15653 11777 11905 28147 11957 12167 28239 20213 6084 5780 23159 16488 18619 2451 27917 21318 3457 925 24017 20734 28750 7548 19033 17047 31991 28432 21037 21115 32749 4417 19044 28361 31094 28130 9082 29671 15700 4759 5026 536 23074 20957 17328 10980 8349 21283 192 1479 14495 28239 13753 5815 5139 22259 175 30244 28204 426 393 18647 10765 26163 29947 27506 10178 4371 30598 16816 23671 16933 5858 13398 28332 22996 30415 30000 9905 14343 31988 1576 1150 18523 30681 17044 21043 32279 10351 10301 4040 11981 19556 30169 20061 27840 8008 6130 13265 3305 1211 25323 5214 28659 2692 28982 418 8863 5647 10803 4546 16963 18618 18971 7216 6499 30513 23946 26477 9854 6405 29410 17654 31750 16123 29845 12711 21619 15392 29606 25983 2939 22389 27979 29257 32670 20590 18627 14806 25608 29984 11050 812 8081 16217 7251 16184 4364 21499 32460 26811 21644 1473 20192 3343 1808 23067 4437 3458 18996 9052 19067 1175 19480 25291 28131 9069 25273 20424 31794 12270 11828 7055 941 21 27056 18298 17798 18799 24775 19171 3224 19987 25854 25572 29603 15505 11891 14473 9385 12850 24412 26162 11635 32202 12929 4331 18653 2394 15265 3120 11308 6804 17024 24171 8509 11397 8535 12764 15061 15453 12305 29062 31392 31779 24024 4447 10265 11433 8892 19312 24360 30882 2752 15366 31843 32589 23101 8354 26072 1774 5453 18538 
18709 25061 27117 17631 2148 27742 4362 27451 9262 2480 9788 21374 25464 24908 11311 24670 16796 22951 21630 23788 28074 19278 19784 25423 12169 22068 10290 4465 26545 22899 7440 7009 24772 25119 30735 13463 19068 14630 30933 8924 30454 26402 530 6418 7734 16821 21082 13036 12638 16442 29918 19546 717 32450 14505 25812 3140 19584 20353 22301 10487 16806 10712 4620 3211 31501 26688 22665 13922 7517 2646 2474 6855 31633 6874 12305 12382 10987 27218 15974 20474 4434 19865 15784 26968 2290 20702 3483 18029 17380 7032 23861 7058 15642 30665 13385 27957 31158 28006 24660 371 5864 7298 18749 15816 3363 12438 22924 5665 27025 14566 19962 13769 20779 19451 3190 23727 7895 6025 10383 9966 19694 8931 22951 3424 12919 27478 28294 26073 1584 8246 10876 5139 43 28502 6670 23405 11513 1421 15015 21704 30848 28539 14022 20101 14883 26815 5689 20286 11554 13280 224 22818 11662 17939 22640 13452 18659 5243 15221 16285 32497 26403 14828 14997 5114 6556 28617 25964 9167 25764 8279 17432 5264 16834 1298 18743 14486 7810 28964 27531 17610 32683 3336 8000 18818 813 13599 29629 3213 17670 16592 18373 10286 27725 11752 29791 6942 25448 10165 31703 32459 28549 29846 25721 27915 2208 23789 5784 10187 10829 31356 32528 12704 29377 23701 32727 16157 32315 21797 1625 31067 19049 29919 17441 11292 32269 19867 32271 5124 10564 22132 540 22446 23031 1389 1601 4410 21829 233 19101 25874 25333 28832 21572 2691 17446 9295 30464 20291 22440 22097 4533 7733 2598 24053 2987 9850 25104 23454 13131 27357 29799 8430 29475 26591 14953 10249 20928 1703 2403 25436 12443 3361 23239 5183 21891 7982 2664 27434 3528 21873 19116 7749 11987 21527 1993 10265 31264 10587 11251 27036 20637 22064 14352 11651 23075 24635 8581 31855 28248 19311 32593 20861 11703 8003 1125 22700 22941 4083 25688 28527 26703 7153 553 22962 2687 32601 5652 1812 22464 31023 8945 5070 16981 11790 13323 29977 23936 29055 11644 7310 26377 32246 22061 7326 30579 23012 21502 3548 31873 13436 22641 2082 28472 3946 10392 17628 3520 18211 15291 32534 10283 25994 1739 4937 18488 3171 12641 18421 5120 27021 16452 32079 3398 29222 10838 23795 3340 12928 32303 644 2806 16978 32458 27679 26630 9270 31896 16801 2112 20195 31757 2260 4246 9420 21016 26385 16789 28758 487 11853 19572 27385 23121 11042 11042 21519 10883 16867 
16859 18062 31599 32254 15677 20318 8475 29043 609 4672 7729 29717 8324 24459 12454 9991 14497 29068 14635 20005 9460 31619 24613 3106 32170 2954 18948 6812 27360 4462 15789 3918 25427 20174 4864 20737 3900 29488 16319 14173 15932 12089 26553 13886 20854 7900 21364 5671 11441 21862 30180 11571 29885 21425 28943 5955 32478 11272 30958 1630 23941 17711 8768 23798 30466 6318 17397 9909 18813 31498 14868 21570 18441 28982 28074 12523 18593 1178 27979 25014 14568 6989 17651 11209 10948 30078 2762 25031 22915 9597 27765 11820 19632 19963 3644 2696 15303 13244 5314 30145 20545 8250 4563 32045 32636 18574 1561 18955 21960 9942 28741 25333 13644 1752 1468 5357 1491 13330 29998 16964 9470 15225 26076 4634 13922 4995 18463 5662 17606 31587 17838 3705 21471 30303 15049 7968 7553 25504 24238 5912 10087 10704 6064 29358 29263 15475 18433 9804 12930 20880 31441 20834 4213 13772 27487 22066 8953 29917 11564 22188 14597 13157 27534 24239 27772 4987 28648 27478 2689 16994 24925 9712 24132 26840 112 4988 16438 20382 23634 664 21454 20334 32581 11533 22778 25481 16220 6914 24340 24085 4131 13820 22135 16795 2871 19327 16484 26725 12730 7538 7760 2760 12170 25720 672 5010 618 17517 19042 3607 26487 2004 18193 31737 14337 26924 10222 19957 11670 3560 3581 29827 14051 186 30233 28347 1953 22827 1631 5134 17660 16104 956 16709 31751 6053 29729 29589 17360 26597 4784 22227 23428 8368 16125 18140 28787 12183 14364 23991 14026 18186 29672 16650 12939 30210 31449 27577 9050 26500 19417 10210 10629 6300 470 12473 5825 27285 10407 19957 5220 21493 2001 18389 1108 4211 12592 8916 27372 31696 9876 19493 3596 2670 8808 22159 7818 32420 3066 15214 10487 28479 16434 19591 19538 13100 16942 13038 4171 1525 12125 8853 9780 641 19805 25267 22055 14743 25430 9684 13733 26183 6636 9988 22456 17388 21166 14614 25296 31238 28438 21684 29311 28426 13636 28470 14598 2872 21138 5169 26772 6840 17311 26702 29397 8414 14801 4292 18367 4002 4155 22488 26820 25946 30313 22023 26099 19253 30977 31633 29672 22848 26303 25836 23076 23777 26639 13637 20957 21953 633 17464 21021 1170 1587 12826 17101 21757 24113 5282 13269 31018 15672 737 4208 28419 17128 15289 2826 20557 21072 13996 31521 12711 6003 20555 3460 6320 27184 3106 19967 453 8530 6075 10492 24410 28278 30729 27494 19279 
18018 23125 16437 2552 23733 7934 11037 9531 24489 31055 84 21516 23218 9033 21816 6875 3412 7517 29751 12715 18315 14963 4688 10741 29112 31614 8100 6376 8581 32557 6492 5588 3037 4890 15504 31335 23422 22469 30100 20124 17363 20771 24394 16799 9850 21509 6261 11791 25160 17449 30570 10254 11598 25180 30370 8511 6940 15498 8956 26282 9266 12283 4811 5378 12094 3847 8344 10682 6743 2545 27759 7669 5619 17035 18473 31941 16663 2762 11585 23647 7503 23887 28594 9669 8193 28011 24603 30006 11319 27397 11649 21489 31286 14633 29515 9835 17984 17451 8023 22073 5566 9353 18717 14196 6589 14593 19486 12892 7871 29152 11834 13423 13767 19274 1144 7905 14031 12331 11010 32202 4315 3859 14018 8238 3989 13598 32749 28503 24909 17005 9447 907 18222 14398 4671 11500 30756 23483 228 21696 733 26187 4037 22048 22068 1663 23143 13902 25402 11646 14625 25846 2542 26378 17257 25671 4267 9530 25569 11249 20626 6007 17630 30364 28897 967 12824 11100 14763 9618 9376 29266 24185 29287 21303 7352 30058 2633 10670 25484 6205 9667 23552 26280 32579 32171 19759 2368 26272 6073 7161 16716 29693 24270 28467 9879 26971 20943 31863 14614 23912 31665 11304 17529 6256 14181 3057 5630 19678 23021 31660 29169 3200 15002 4605 25616 827 20821 994 6409 10014 15111 17191 3006 31347 15046 1063 23048 9277 10536 15130 19994 26070 4768 15202 13100 13416 6104 26131 9566 30233 7651 20913 15791 27023 9708 14490 25929 24980 5857 19100 19767 26381 30998 27402 3882 26258 1465 31169 17377 9916 20692 18816 7628 15446 2043 27508 11273 23669 14066 26922 27955 16176 26996 8690 6050 26907 8384 21982 3757 3789 20913 31620 11634 19073 2137 17046 24077 837 4340 7965 29930 1684 30739 23693 1020 26801 9248 20551 25258 16863 15522 6205 29307 15914 22854 14903 23194 20557 9203 6434 31960 22150 4729 15354 7420 4484 14021 26668 6655 24908 2651 17077 30853 13244 12450 5103 28966 5816 26228 15277 27060 3685 30070 12435 878 15863 1242 7325 4410 17636 30062 3768 13905 25154 23240 6768 24625 26319 2738 27288 30996 9652 19222 18963 10371 11545 23863 20776 3521 16832 1364 15587 15195 6964 11926 3141 26389 19882 10790 28789 16931 7816 14836 4875 7815 19196 17983 31371 25991 8157 31747 16827 6792 12515 17109 31957 12973 19334 7749 14235 25982 16028 15354 31825 25997 13109 19058 3716 22392 
19974 2618 20692 25213 20627 5327 8323 20698 3827 6629 9002 25400 8295 11456 24085 10510 3751 8961 19974 32403 9132 8347 14401 27111 10254 20869 24877 22827 25793 15912 11166 18148 11909 14941 1618 1667 32506 6007 30803 2374 6197 3934 12357 32262 5346 6358 21232 19367 6524 16405 23730 12762 29697 9524 2255 5279 5073 22441 5463 25378 29339 3531 27720 6261 7665 18442 4342 2942 9645 9036 26751 13228 25840 15351 29254 15766 26101 21908 8148 14225 4626 18947 9226 11809 29976 20974 18934 32036 7649 2427 14624 13210 29536 2152 24279 2148 3733 21020 11996 7785 20308 11353 7587 5133 20791 31424 9931 20909 25548 15980 22857 11665 19764 17553 14833 9798 9281 25766 31565 28884 5308 10903 29927 12775 3420 18030 1394 27154 9280 4481 29902 26666 10089 20061 4594 26026 14753 29124 7252 16844 31839 7544 5953 11653 11347 24575 2901 29122 18281 14870 14849 15169 30524 23291 90 21190 20853 9114 22804 3969 10452 4457 22920 11889 7148 4834 10214 23324 19610 15755 30028 21851 16406 18271 27230 21133 9655 943 6450 28506 2353 19995 4340 749 7287 3533 21164 25554 1447 28642 30158 14962 30850 13484 11226 28885 17009 30256 5131 5838 15024 5744 1420 15962 26550 9258 17439 18179 10249 6614 4785 18311 25116 2901 28028 10814 25853 10945 6915 15085 26653 16843 26767 20611 27678 7164 6439 25786 19097 21440 20400 29421 16413 8031 8138 14734 15491 8724 4510 3341 11578 4242 28789 7119 7267 9396 1176 25668 14462 2029 12037 20904 25022 19666 7132 21474 23109 8526 26320 19236 30417 15635 16007 16385 26351 25516 19543 25206 7891 23488 11195 12290 27943 13132 11243 16050 25803 5262 8708 4873 24932 9719 25200 7578 27014 4288 17460 26382 24220 21040 12810 31330 1017 17736 7378 10224 5141 27873 28951 28662 3717 11604 26752 24391 3349 4199 12459 5246 6370 19286 21996 20708 7174 1519 1827 15723 25073 3433 21061 14566 14536 15457 14435 31757 5068 28181 18182 29514 9930 4210 943 15776 11560 30414 16052 5820 32106 29352 8879 11916 7376 14705 31663 24042 10694 10893 4633 12466 30744 25897 23425 8136 19869 25994 6104 16648 5394 8235 31063 7572 25880 2064 21022 31290 5575 16315 999 20318 29673 12213 22753 9068 24836 20255 29315 23770 16435 1111 4734 25052 12075 30183 19391 26607 7275 25918 12544 27012 18908 8607 12195 25588 26695 32276 16164 25376 10620 15316 15912 27927 
13546 1856 19545 12027 20800 25657 24120 5182 23579 19655 28376 13126 31054 11292 32494 20025 13354 9103 4547 12348 20769 32230 25315 7416 1634 8579 12466 10822 27997 7427 31734 16433 26173 20911 27854 32638 31485 8601 14356 80 16544 15552 24543 5371 29575 11040 20126 7734 28770 9829 17163 24332 4605 17304 14381 16532 11634 27013 18266 29353 31497 1335 14998 3859 32426 3200 2931 129 4136 20607 9839 31056 6175 21694 31119 1196 27006 116 30247 15434 30443 20807 19648 11382 31651 23646 31818 30793 11080 9931 24731 8886 16244 79 7534 30337 28359 26700 32204 26342 9954 5424 30865 1406 23722 26481 24170 22384 32561 22600 26615 32483 23293 27044 26452 713 20197 14734 616 30361 3624 16045 5108 17924 24974 11134 3579 15829 13216 7542 13952 19186 30070 8633 28485 13448 9998 10344 15514 4793 2707 28113 30344 23072 4667 28252 9271 23551 7416 2408 31458 10702 24919 15025 85 512 1848 19411 26305 24249 14202 455 5525 6071 4946 7666 22390 27992 23478 2352 9337 24690 18135 9080 20599 22955 11162 22865 31225 76 144 19231 7106 15871 22911 18726 27584 21217 25514 13288 30116 920 28054 30647 7712 18065 8045 25791 18361 30971 1934 8048 18395 24941 22903 1622 2109 9471 12114 712 20058 25460 22839 6507 6852 11539 8923 14461 3161 22868 32357 12708 3352 22693 4667 26836 31694 22737 3705 17845 10277 1543 24862 26199 15052 27698 5380 21363 18849 16693 392 31031 5847 25262 2034 12682 8569 6727 7905 29705 16386 4260 17818 16268 15467 8462 947 10010 12590 364 6815 13938 4297 16624 391 4778 7098 22780 12215 8987 825 21690 23567 20428 31054 25270 32452 2204 24521 3904 13166 12957 2031 20261 29782 29826 22965 158 1744 5623 15449 21446 13011 18025 25160 32356 7845 28597 11626 31625 6440 8756 14030 18218 31674 13490 492 19305 19177 23535 10404 23886 22690 7180 20020 30227 30821 2461 32574 26177 14166 17320 25774 31378 9556 9937 27614 16987 11280 7282 16422 1954 1921 12705 1230 19627 23058 26094 22899 8512 13193 15861 19853 1461 11174 23674 26166 19300 6051 2856 973 20943 5408 13172 8665 9250 4542 10825 1084 22012 15251 14422 1910 12297 5368 12538 18984 30889 23026 31313 6650 7046 23637 25672 22095 22934 6866 7101 25400 8841 29864 17909 11746 3621 13135 2783 21926 20879 4019 30914 15591 27618 1041 15560 9206 21760 27377 14638 30047 25680 
7933 19762 6665 7968 27193 15209 16188 29414 5506 18700 10285 5946 23378 17706 4943 13937 20501 10126 29821 10724 26549 28377 14574 24930 9661 29026 26469 7238 9252 29 8237 5599 22432 26833 8946 3825 5478 10078 19833 31920 23063 21016 20422 21361 22570 20271 31009 15897 24304 25511 30203 7218 15465 16182 20872 14207 662 32567 5556 28754 24022 32611 7791 31717 13278 5064 2538 29750 7144 11534 3094 20136 13477 12266 23091 11868 7297 30672 6399 16494 16001 21764 8478 787 15226 12324 6148 32744 6571 22012 11936 2054 32212 2837 31774 9100 27439 20994 11417 3994 22634 11623 11118 5918 22589 10816 18985 15504 7262 32053 12150 19061 5405 9252 15078 207 2482 30619 9164 9735 18430 18150 30231 30760 27622 3632 12072 30531 11262 11153 25972 24869 32562 19102 12897 21271 5329 10592 3111 412 26324 6763 4443 5801 19497 18828 25303 4616 13046 14679 10205 16630 25108 28934 31317 20313 11583 10655 18733 16164 7277 17012 30025 19200 10542 14040 15720 31555 8372 29712 3444 26347 12233 25376 20474 29443 30252 14696 21890 23140 25535 27452 11859 4790 14039 11474 21941 15507 27857 31878 1281 16700 8100 13298 15530 32725 28212 29669 17162 14499 29261 4284 13716 21098 12551 10825 12183 9617 10024 11082 19261 28823 17334 7015 3652 32698 11035 15481 21276 3646 7770 29416 27101 17576 14341 28740 545 30402 16633 32673 10153 22879 23776 20291 8056 10837 31596 6967 147 8207 28028 2503 1319 21284 12609 15234 30967 17832 19244 13764 18634 10936 9451 12822 2951 22871 10224 26476 1720 18513 4821 6482 29630 30335 25232 12600 29074 1176 17437 24290 471 15104 16157 15309 5696 29603 1908 5579 28830 18603 20578 25449 12130 25522 30136 2186 20472 6864 16152 1883 28209 5752 17441 9576 25595 8234 11080 26356 6971 932 3715 22280 11846 23109 17570 11743 19486 17702 28299 13593 14132 17452 18006 8080 359 18140 17584 19078 27135 24275 15165 31951 23698 14491 12057 27392 3420 29875 18206 3419 24179 2394 6789 23628 7940 21280 12213 27523 22793 11934 16959 5696 25841 5033 6173 19724 27248 21384 28044 23427 15403 18281 18858 28636 6480 32187 28974 25244 25430 20580 4608 16755 15611 18673 5769 17700 25694 22836 16475 9401 25294 7914 22226 6418 15406 3600 16648 8423 23699 26076 998 14621 16592 22023 20085 4291 25619 4048 18303 4605 14560 10959 17925 15301 5119 11208 15154 30816 13487 10624 
8600 21268 12702 29207 13385 2587 3669 20675 31734 22738 21410 1232 26642 14864 15173 20535 30168 8552 29288 31772 16464 7387 20753 2839 12727 4912 8624 19781 32109 19783 18099 733 24191 3519 31818 22656 387 22503 27303 6146 9819 29311 11310 21011 30419 8521 11346 26618 4380 21358 9223 13253 32335 28393 9659 28710 31241 16969 20372 6348 6633 24568 4175 30889 21811 264 31574 18026 11882 15859 22834 16889 27949 27989 782 14 5139 15172 6947 27163 975 776 13219 23658 18190 9385 7181 30314 15825 18709 2307 26921 14764 31810 25052 31863 12407 18735 13136 6610 17450 12975 16658 16340 13682 12573 1651 20208 654 26797 15958 31711 11079 14790 22064 32406 26143 23744 26515 4164 22300 23300 5568 21571 27335 5824 3917 15236 28026 19756 15960 30395 16020 30010 1742 31533 11678 30970 23659 28849 18633 12593 21703 24001 20069 13943 15525 28446 23401 2871 29430 25039 7854 10574 9036 23641 30427 31664 27177 9373 7432 31905 25463 23984 11355 27356 26353 12313 14525 6391 5198 8262 8699 16894 4752 21626 22866 302 743 17698 31357 17811 21284 27577 15222 13918 12647 10677 28658 28821 11119 29627 16729 9278 9007 6009 8496 31305 3552 9613 27394 30620 29875 18058 13100 18316 2807 6441 11442 14337 9776 27964 23261 21514 14853 7066 7428 20942 15702 4324 1013 14879 930 4203 6963 17360 1612 17848 32550 29207 22085 21147 31026 24425 18543 29353 3450 19859 16980 20266 32707 3128 29083 16283 29475 29159 11235 20355 31880 8944 6506 2215 13131 21785 6461 759 23377 588 4058 16374 26940 21750 3150 28640 27265 8622 16286 19930 345 2751 1411 27001 30012 6092 12518 29992 27670 18617 5757 26294 5159 18566 13485 19385 2511 17600 30942 16416 26305 2524 27787 8725 16564 12751 3378 32057 15357 17225 11142 2288 10037 16841 28207 25101 28391 20984 1623 24681 61 28173 7763 17203 12629 24642 333 17256 23000 30676 28823 23382 14578 16036 353 6273 2978 26840 5133 10020 21718 23022 4383 14890 10696 29975 13953 7690 15088 11065 14057 20403 16427 4093 21939 27041 24382 18849 31321 7198 10765 7288 10298 5789 9464 16087 10807 9026 31492 22262 11253 12467 24526 32077 22885 19464 10884 6799 27253 20410 31163 11922 11389 21625 17117 21188 22570 13559 30183 20550 26998 32598 2154 22544 12923 22466 22936 12178 21083 8007 1999 21256 27115 10993 26616 2005 25408 13230 18852 24536 14732 21060 
27546 23294 32710 12158 31911 21988 18861 25346 30678 25176 13266 129 3854 12549 20464 28881 1397 11341 25992 11808 23422 9233 1201 11294 31772 32728 31596 12055 7707 31924 21560 4870 23269 6485 19788 441 23381 2022 2239 16323 10887 13504 3966 28739 20375 26435 7436 181 22306 32368 28612 10628 32514 26231 20789 27108 31386 26327 17274 10744 26010 4705 22746 5694 19087 26111 12397 31863 8214 31165 11076 11808 3275 19010 20125 18926 25595 32042 8563 667 2901 32681 2860 5189 13902 9537 15739 3329 27703 26432 4922 4703 2209 1523 18682 4269 32201 22825 9626 6778 31184 3691 31149 8163 20455 1347 32199 10402 1297 19485 14869 31679 16176 667 4983 26404 29149 6609 26377 6725 26439 21270 12512 32052 29583 19287 18422 9074 14196 10638 1567 29224 7808 26075 4490 28748 18626 3805 7924 25868 15925 15808 26119 31188 24824 5586 14083 14024 3545 20336 19523 15273 14209 9053 19290 21236 30819 2387 29918 32209 24603 8542 27936 12255 19050 11234 29805 4892 26382 24620 18721 28183 14505 13082 10364 21117 14706 8220 31551 2906 14887 31247 3546 1451 31989 6184 1350 20013 18050 27170 23620 223 25709 892 11371 13267 27753 4504 8767 6690 11261 25234 3457 11453 21027 1389 3921 25670 26127 5346 9797 7799 19834 28866 27209 31196 17269 25066 2100 25247 4678 25726 19294 17856 30644 25586 3879 30167 1909 15337 1460 24436 14625 4516 22310 27236 29148 938 24122 16840 23730 9046 12533 18821 13714 13706 22925 14087 17670 18976 3505 9083 16112 6419 22835 13979 12296 1391 15028 22714 13639 29052 13313 12702 19339 25039 26607 10007 19774 13919 25822 21118 18364 23668 9483 27146 28707 7969 20318 32410 26418 5983 1481 29258 22539 6815 2918 21134 7310 20465 23335 32733 26396 3507 16727 30338 18262 21467 2291 32609 10016 8862 7261 30802 7756 3084 27267 28716 28233 23474 23915 7535 26337 24852 25112 10507 27540 9916 23000 26342 12906 30201 24457 20368 21185 29615 21085 10146 6933 32536 15403 768 13424 7204 20001 12408 27669 27076 1961 8296 18279 3990 8439 13053 8245 5491 3634 19240 23281 31154 8188 19139 32204 20562 17112 20529 31914 14562 22024 17366 21226 13074 14871 19408 736 21062 14164 15932 23749 16753 27324 28609 15056 31903 11044 10079 1546 26346 10466 30188 15372 17556 15951 17229 27442 10685 22870 31456 20542 2370 25886 9338 20328 19747 535 23979 21262 11635 23781 18320 
22619 27804 1993 13469 14872 10198 28385 963 22094 4552 24134 28351 5009 11287 15392 25797 2360 29608 21909 28826 19375 26338 27619 1949 30282 24593 16711 5820 2023 7987 28234 11451 28069 27477 15798 30374 21397 362 31926 15280 16798 13896 9024 19399 19045 2102 15272 22054 17783 27772 12126 27847 11471 26022 2353 11876 30293 3286 28042 7904 391 6859 20301 15054 21309 32041 27542 10078 2452 7981 23053 4763 31191 19392 10130 21373 5698 23212 29530 25657 17763 14600 16635 1376 261 20911 15715 24354 15912 19803 11571 14909 11722 4867 13494 4799 25487 22908 20885 9992 22224 17103 9330 8629 27169 10558 27524 291 1283 21020 19870 12581 15796 25816 17891 9679 19780 29366 19444 26249 22582 1168 1600 30557 3379 2189 23546 25955 16785 9750 25030 24712 13114 20739 1906 11319 4685 28214 25243 8568 8718 22229 14810 18867 30501 13415 21829 10524 14782 6482 12538 23733 5934 25078 17940 9699 4600 23275 31328 12941 1849 22234 7174 30178 22313 32501 14840 23879 22256 31537 11623 23882 12753 31678 24824 4513 30637 14430 4469 2819 24993 20970 10896 492 18499 20888 2940 19164 3503 2695 20318 22724 9198 17114 30569 21376 29991 30774 29696 5896 17449 20043 10337 430 4552 25138 5147 18260 10739 24568 12565 11619 8206 25510 31006 5438 1157 23837 26638 24313 17270 8739 430 14628 3253 25900 21422 21540 16489 12502 23696 8054 23491 23688 31429 32489 7256 16999 17514 17281 22013 4749 6620 2588 18288 6613 28842 3758 28844 7477 14844 8348 3239 30718 10734 9769 4362 13572 13752 11619 31192 18030 23303 6848 26141 11607 2153 28262 12199 26037 31198 26690 22628 8631 14981 5927 15651 19253 21056 15626 4647 10938 1212 7544 15650 1351 12487 24152 17244 3248 27866 28573 16713 24434 15192 20685 448 26303 78 28016 24829 3775 3826 322 27 1002 5356 21391 8167 12474 12712 24135 17780 30274 22827 11109 745 11056 12422 19013 27792 30508 8189 12361 24936 9032 15590 8016 8209 14735 10767 20654 11486 19554 7075 4517 8519 1084 14622 5317 21801 26515 23839 6081 7671 6123 28110 2231 18530 20351 30145 26150 21614 6440 1825 16868 30290 14417 15982 6943 3833 3222 25174 30587 12029 13859 18930 3001 27140 20270 30143 9009 14080 24155 5586 29606 12118 5638 9493 15965 26980 11615 9485 13736 15067 16286 9443 7721 12762 12040 28524 10722 17136 20186 25986 12883 30037 15590 11549 2005 
16058 453 24480 4998 23027 27683 5117 1013 11152 29043 13767 22156 4707 10813 21097 4046 17434 23892 20831 6346 28137 7244 13362 26508 25538 6319 28786 1907 31913 20987 17705 13348 5823 3790 23190 19977 20242 4002 23994 20930 2924 3449 20249 11229 26941 30587 7774 21286 11069 7543 13678 20573 28231 31773 12513 11442 17194 5045 27528 14608 28912 15508 13492 31843 23823 2569 13452 9725 10368 22215 12752 12979 18632 11462 25233 25971 23539 1517 24940 7042 27070 3344 29810 10388 20563 14745 9427 21841 7270 21334 26910 18386 8129 23110 17756 31374 1964 29294 22798 16658 26321 21056 15834 27522 5040 5758 7603 22367 969 7612 6512 2936 26466 21048 11470 11290 28407 30908 5605 15369 5470 2327 3189 17632 27202 26499 19171 4288 3743 2387 24082 25795 12092 18782 26463 11719 5988 22051 2019 12184 26664 1912 12378 30456 21528 31768 27335 93 31436 1880 10293 15628 10784 4338 29744 7895 28303 21359 27410 7885 31055 23730 22305 22397 28185 24352 14079 25226 14126 2894 23989 17306 2069 8952 25440 23212 28111 8282 14596 29864 7330 9497 12202 20299 20368 22120 12975 30069 3630 5724 21065 14885 9614 21003 11419 28990 27363 3196 31218 29528 15667 8352 32296 20888 32674 7162 21941 12956 31454 25900 1872 15006 2917 22772 2038 14831 20334 2493 6012 3066 21979 18152 2042 28571 20224 8566 13102 457 5546 5578 26778 20503 30744 26040 144 3132 14009 882 27854 5860 18494 12008 2867 3267 7276 2865 4876 15400 8638 1384 29285 13059 21215 1168 29559 18780 3028 10049 2976 6066 22926 12172 15523 31831 15067 22216 29116 23568 12555 12019 8726 9153 154 24902 29368 9809 13770 23623 4308 21669 3064 2086 28419 18501 9165 24777 16635 4612 18555 27583 17359 9253 8695 1342 18308 28278 6143 31689 13674 25616 25461 406 2049 16247 20196 21933 20792 13556 31677 22232 9392 8841 4701 6511 29747 18012 10839 12251 18943 29268 14659 12993 29767 17810 2480 8214 29812 24346 22067 22591 15569 8518 28860 13643 21592 10412 625 9837 26565 24317 6801 2415 22821 17489 11342 23897 25278 21540 32757 7719 17268 32614 16588 8520 6748 23077 7801 8530 5998 31067 3865 589 20365 13088 15138 14406 21207 19302 24293 13808 21432 7916 24005 26607 1099 4782 18132 23678 1186 13470 23869 10190 30689 20081 12139 20702 20313 13588 26240 3225 15411 21645 7487 12753 27331 21871 23329 32159 16878 19831 
17481 24819 8923 396 32615 18249 3284 27363 21695 29490 12178 19991 20848 13180 24746 7683 30253 8809 16817 27079 9746 6517 3051 8203 31712 10224 23665 21214 7183 19116 6211 2571 23091 20288 3662 23619 1838 16011 17664 28031 17572 15425 23369 21632 21732 959 11237 31827 23690 30143 16220 29707 16141 18196 3669 2929 10111 27254 6675 30944 22341 24748 26459 15471 17357 22394 16414 23387 22341 9548 7381 25945 26284 8603 23295 1601 7720 1844 1621 14092 14124 20937 16988 6360 28882 19328 30622 31529 21138 3415 20765 3718 5715 3179 25460 17526 29414 11424 11233 24522 1040 23157 13485 21081 20281 11362 1891 16587 28101 22334 30904 26012 13168 15508 26979 30297 32449 14150 15710 15863 26207 3852 5374 14303 20172 18315 21421 18314 28851 30602 10632 25360 14626 29571 25275 11827 7369 16048 19468 9507 6780 26237 12678 24988 19086 21379 14624 1245 27368 29883 16608 7911 29319 17349 17731 15515 25703 1446 11702 12072 1865 24250 25445 19164 3774 13577 27906 4674 22859 4650 21171 31512 15907 23752 29513 7215 9346 30392 13719 24469 10813 23988 24488 30914 27657 11283 3021 22736 7212 2485 3831 2128 20512 21114 21355 10262 22471 13229 9655 13932 11582 28207 29217 23791 10509 15241 3673 21350 17875 22327 1656 32404 15165 28279 19436 31086 6568 12565 19192 16382 21519 20486 4890 1729 15057 30514 15102 28636 2210 16151 16652 4261 27705 10311 19166 10354 1300 25833 30578 13868 27468 29541 17455 31942 25859 10313 2416 29118 259 3875 31678 28031 26286 2636 15715 11505 27238 10870 30750 25348 23519 7484 3019 31966 9813 27702 30023 2359 29840 5201 10556 7555 30833 13030 27633 745 22928 5617 19886 25828 9501 15441 31872 3691 15676 24395 16380 721 13715 1259 4021 19260 5049 31620 21574 32111 18965 9600 28719 19590 4131 29920 7417 1179 11922 30437 22430 1178 59 29142 29976 30971 979 21811 12209 5445 5843 31719 6303 28416 15508 32662 14549 27123 3930 4121 14639 9035 31780 7305 13523 1979 29105 10437 20964 15865 4289 25744 15193 1600 3488 26007 4110 22534 5411 8656 7291 20330 13386 18362 30975 30242 10184 10482 11674 8665 19648 16592 16719 27299 32304 1941 30861 8500 31556 19777 29425 4432 9818 305 25001 16575 19383 17393 17429 11861 24362 11879 31499 3459 16374 19541 20492 24776 29701 2391 28469 7224 30977 15625 4885 365 19974 12138 6953 8935 30131 19748 22355 6780 
