1348505219 2053076282 699533990 1371190710 1175290943 1952220538 1755535326 634803729 1754914483 1542375069 1915891888 488257249 295029695 1911436136 594203420 315428767 1372012573 1156539076 124772094 1868122730 1747402465 2037865644 785432453 1883763294 2037122556 106596955 1331094080 1322928382 259177961 1416293966 1557162094 1261275059 360698479 1686471388 1392188973 700157125 124442685 1149353818 2036548828 1972443442 761333074 988040739 450596967 430073674 476833978 1209048806 112173821 336561712 1699536729 832473785 1558126667 1302427510 1463252441 403498967 1445808726 834724215 2124734438 866897222 1877401668 588971138 1051658360 966270299 40146460 353656674 1282786993 716388064 1175007957 1335985243 168771750 422227468 801477257 1498892138 1516999597 1809159795 1044045992 1296970398 693135007 896210447 2019555554 1102880523 1161485926 1640381851 1998138311 1993796452 1021627432 1080671181 835976132 2089913056 1539068451 1351230328 1096023075 393578400 1164789026 1462876267 1032148342 448154409 1390024838 1957991971 1684714054 570248916 
811127461 1376314776 1667612363 543155530 961519874 546992616 362187042 776093517 2054074814 1657272374 1947206619 843219922 934430289 1364581200 160793549 922526434 1647798112 1621324259 1310703237 804638106 780247221 1578172533 727691746 315174446 638178093 207544901 21888272 521281440 1588456161 947837799 1963768994 1519383992 1042501551 1989699676 1860155702 18487180 560742175 56708937 1343054881 1957101761 259170605 726753028 1472259144 164108819 1706430073 1158954202 932907780 172267242 740852265 948479221 1688719818 1027989538 140566288 384908330 451429002 41953677 1880169806 1529169987 214007309 1793977853 1133664238 1803889300 1802467224 1621456695 1432866519 569800015 1359400060 1572612476 90038512 773250140 1723721525 1133926515 1468579761 982722209 478023284 731961271 302409589 978856982 700544646 1115298537 854560740 630122215 10732031 860062308 918508823 1913362585 1899043132 772745075 766251999 2134980655 1291048717 695872488 1867403093 373133315 1260138488 1013237216 1695998909 2127806128 458624482 395546199 
1299164192 2118439924 1203840784 2070976908 1526413686 604692505 1023292267 1888327483 1383957886 265469851 1950001826 680335468 971455315 912353557 343430034 1431030113 2119342229 1267356555 1771334934 1634567749 1326079954 678847955 633843556 1843132668 1905597177 390130024 1834992838 842123688 1362269189 1135549081 2030650985 659681471 53277913 371236261 339091241 1132404393 417019757 1558933706 883731188 883252469 1004343976 813788675 913139903 1465871780 1593553237 1920214567 1310707622 788658922 259549565 1546392176 1254916776 206662608 1730123618 1968347405 1582011120 404512370 254072180 902458812 840958587 1437655699 1190427126 1132443259 1701101579 1121542476 352444366 1710559944 1502585410 1951233590 54367442 458106341 1056089373 1740689020 221631446 1251076790 1628559393 1148817390 1143677339 1640567415 51322577 299939648 486530516 1217271855 1201195458 1270815728 494186198 554248392 295330553 1788393422 79767358 404917366 1558713291 993303531 1113128230 307125154 826427159 640386612 1541028821 857667265 1538695329 2108975902 
75701476 163868405 2118707940 1190946937 641613131 29987402 1021352222 1027609562 433781509 1264890241 420442435 491999913 2084452568 1370737246 1707312283 1126335081 1461833452 1179504418 309000347 214655807 288459720 93347823 875163616 1861947900 1547267041 963184721 1602944093 569536364 899620971 482695252 1161830872 1393215673 1284296455 599893369 1486686861 1883805575 616244109 729565731 1133945521 1139816700 2033245270 325274939 982936687 585709941 1932157821 2146126574 1792779266 59419519 503410044 1603045297 93902686 1714633987 781744352 2129689485 816274948 1065098090 320987987 320245588 610062896 1258207068 1716882976 1568370717 408637723 1908872104 1492501458 2047600185 1229082009 448667046 250498868 1133035783 1500932738 1726038463 277033022 404103289 1684618259 1727426633 1531467541 785929037 555300948 860736620 1646522369 715648173 1470482238 2113470085 1315003744 231683118 1361183408 1193718864 698191940 1398680156 510676645 176264135 367248391 774813926 337535077 564658968 1308891464 908198426 82774726 356521885 
944507011 94349626 1724308588 1049103790 890454177 573667324 1217490562 448873089 1868792402 181944501 1785052686 757318112 1820962062 925690925 869740222 1919473271 1941671045 443106041 512665705 872570298 1476355127 103946896 1610707462 2132194010 103793770 1595432050 761035626 1768327507 1998523788 1651206009 1024891635 1281491254 38687605 351252927 23223817 1983126072 247914647 123135188 1074660343 746453595 951004557 2026988526 846918077 1724710120 1161190548 879768125 1021809250 1655644073 1646046183 1260392909 724482389 274780258 203035025 1705621685 2000500205 948486102 902497565 2082843275 485969046 1842576425 54488514 1465610902 287596744 829466431 953606741 1899807217 1635403318 1983961731 2126457580 175003132 1340776761 1130097214 1992272508 1244196286 269553219 240086291 774658950 820356270 1156356072 2050535291 1710205010 1983516307 293628570 1682464093 951672514 578357683 1480993105 1631831017 1318039850 1127073315 781594576 2101577242 1612256758 1685661505 27542948 1740602207 1259573880 1854452473 2058497754 949485508 
473152874 343832156 56567522 186628349 1260312193 923138219 2146124410 1580751386 1862955173 2057359711 1763663481 1629652731 163781847 576040057 181771720 310769137 1707094028 1334044705 1772613370 797660195 628123796 998054718 925544057 1467624246 196640151 930754589 1572181486 1322069776 328410402 1493997525 1086786020 1099195820 1085429250 887752828 1295272117 1530769021 1451099182 421433201 1791299776 718246849 34963316 553006208 1131474768 506950333 1305914181 1370036913 1148390794 1041969213 942950033 1952604816 454021315 1870886560 1038231058 1085281810 2065845845 287531833 192795141 1322688673 798021890 1553482317 393505368 1744651331 766521483 1295921888 1715966457 1069222429 177914676 1745920605 464145277 1443241713 2362154 665069288 623570179 254985942 441412124 786281517 630194396 607355287 146530458 1168548773 130569773 786492778 1876966538 410306590 1952419910 1479544106 757254695 1449214239 729329056 2023479124 1632467629 944424777 150095129 1150064484 45150980 12123900 1558312763 1502164404 1238111759 818669754 
64035999 1240083615 669087167 1185776629 802106775 1716287161 314207383 549642174 484438368 770621240 127580155 1049545686 2065028652 1118015349 1255822102 1533580091 1239221585 1052920678 1133740231 697442337 505963043 1083487172 627629624 2065624995 1765044429 1558926502 1729064418 1208344687 1229194974 1716704786 2041172304 1378258758 248155249 1409774009 1361517295 1600577342 1929563530 1939578774 25642335 870772839 830345218 2023087036 676445347 1723124502 796469249 574873890 847364985 1856120279 543854084 462565480 1807639280 2088268577 455681236 2046049769 1327973471 1790056443 362570654 868504170 446662552 852724577 775883826 1653332881 665131255 280355470 1048413943 1880813786 71063674 600044678 557878139 71189379 674210313 890220863 1998903047 324738099 1499979600 345303275 1974356644 878393094 62206708 211884508 1046842932 767269494 1334102071 631954568 487346075 1659123728 2024678945 1599519246 1906187685 1373136316 222678827 983911323 1992098994 1557040071 966651691 556566999 814667555 707640799 1216422090 1890594650 
887450599 953928523 2009581159 2112215140 1767039026 1824975878 1781604053 832948392 754874633 796612696 2065324783 1197490546 741050122 1041127992 218302343 1339954466 1083916889 1759767810 902719615 272558403 720247111 1484984387 888249501 1019586224 1993453670 915050713 1214186264 1139108215 259920991 19787933 1473149283 813995957 1079857018 664475469 1812234676 1240294050 1831918045 651451867 1830825649 557286268 182886512 2060991854 35297797 657132536 640794481 1210568132 1617038867 1002820138 2145058334 237909213 300367491 1449323616 138566479 1330385732 175393139 2142895199 1870980238 1849750341 471255981 1595755115 854356209 1315600627 842862825 1819502485 830413697 456874595 1696302180 1045135337 1729920977 463943696 770527282 1269664814 538316241 1120424085 1512028353 1875953000 379431104 468647651 1080910733 1409008917 1391533895 1769345210 1260129973 1269789460 615503073 789124577 211117889 10039492 727195639 440575405 105495540 1146502122 1470057912 308045388 1523265056 789671198 2103737071 887251690 357810714 2015750042 
391187210 565025947 1956626882 584756453 1361453492 461549695 2005511888 1179243569 361674588 1923986753 123838247 1715887678 212127668 996793193 1440542091 692205517 1921370001 1323626808 1884458611 183703237 1324007419 1782538364 1066768430 1344906580 935701201 419275059 1369525740 888382611 1293034856 369320909 1554597624 1971964854 1012227660 1495797669 1483917909 488905615 1705065773 1924506614 1448518425 101816973 717537208 1106381857 450506844 1896268747 293000652 966089004 1541576060 686694520 1810107360 436072497 1930493366 1565578548 1524911260 1186642398 432505418 1850732949 1206421514 1727609138 688873619 643667993 1161554478 252248815 1874704226 9685377 2027970077 2112676055 2040648239 1668840726 787388251 1294422926 1160596321 11687110 1273394966 1925520805 994485484 1728864495 1225027745 897963467 647348036 629698146 794574848 1036061179 1158034317 2143608813 1739766821 220559967 1555463201 812205152 1927191738 34067439 74406506 1304669394 867532074 296143528 87860447 635645562 254425551 1258596373 635852381 13723346 
1079741873 48900254 1126514751 674957940 241026053 480947109 1662259294 570257399 959600405 1656339539 1798732063 728283425 346555576 1634405960 378441967 1847808178 1149348246 2126542473 691068069 154300324 1444843124 450739965 358298131 1326609958 1457431681 379900280 1342787987 1160034129 1484592254 1639055465 680102750 1704853880 1059145175 1990478036 1520483411 710725546 771177314 1287903656 2120039949 1315400235 215057847 17529541 1569085814 1275419704 479227323 1352415966 1688199626 1104866713 1875909714 961134184 1919055893 1742286978 1875299324 1219675107 1041005684 153445371 170530552 890023842 1476717599 1487117936 954791019 915681438 1414699881 431371089 1519214332 1122350725 766880379 1137320224 935295545 766669461 1619235608 519776797 884139244 1064474223 993256080 861515449 887817268 2122935466 335141660 1282074060 170170642 988454919 1488778507 1824986084 1754579377 1787270507 495315809 1907546805 399689348 716376942 1405193497 1874561207 488169981 1997477998 1602527741 1671328350 226019869 58012116 412445342 353534099 
1405430991 98546616 58757347 1467907740 258214083 571530301 744943179 1611045542 711101841 249151516 454497206 1296200143 79841330 1909504104 221082618 411080698 1197994258 1229390342 1876775605 699364656 1309354132 1287819292 1698737672 868965932 374585352 530551815 619180972 1299610037 1161546914 381756706 1749221435 1193189595 1020926056 1355993485 1396831363 713914794 1455387702 1093887986 1453324218 163604124 1878728216 348906031 1674683316 1203257402 2142510150 1992900818 501207905 983066743 778338868 499539040 672424062 1656272203 1923198133 2141433879 1720441150 1429316147 1807582944 2017027220 817034594 1768769685 1290900151 2099387487 463013894 1911679950 73223333 1897244188 697798533 1484301211 1730209985 48135696 1985166235 1097109592 380191489 1144293218 522072989 2026480288 1407157398 1367933733 768296780 1395702458 841360444 385967178 977617273 1200372949 1347579324 761497868 781364703 1599439493 1388523334 37778317 437139535 1757823061 607760245 48244062 270513819 1774778779 673855831 1502786313 1652765102 218736207 
1498904554 1958914560 1134562686 609637253 1119016936 110478397 2122827846 495789126 508846444 1920191348 1674633712 660383134 20136586 303012721 1646141176 470498807 471076 165257989 180891752 1597862610 983296174 1936801271 1782639874 1784898862 1855653907 1756154485 1892930507 857643335 619232175 1053174531 1115023529 565676072 400253538 1862522208 1799986883 1937606833 1518837934 1143186212 1147559530 1016458925 860276547 727923609 2076717292 792441244 801913566 1191258640 982537752 86659553 1662968840 552423135 232176290 256869030 681720498 253685468 1820741403 183784399 458661075 1633316946 457473591 783447307 1596951213 535944923 1269591371 488420576 1276373378 347702262 556124003 1672662647 1198239828 1132360707 678388767 1196921760 1643237829 205848796 672771021 2142738046 387070049 298680016 2103866225 523405612 64064689 1397008117 1824705271 330106651 1642250435 359422582 1780365544 1712926147 1547437101 579814039 1438875780 816725243 611493560 1590481232 804444010 1308955667 540579322 688947039 169196751 1400690627 
344321599 675162921 1390356282 1226868329 1919989853 1771330206 396553851 70365947 1111085444 1258752914 1535251638 858982983 2047801680 418248164 641019161 39654065 30200402 562811519 237613470 320373404 928040886 1228817129 11315958 1685046445 1010370837 995075631 785984330 603438065 426645921 762294564 801588049 1743682826 1688071643 1548436906 1374218407 2009968234 1732036975 1437200973 340200734 560026217 389822264 1845767137 1379035792 42664569 506555979 535342505 175110102 1786848470 2062092920 15855504 1460089992 115213452 1114418844 1755542308 1901824409 2070361108 1020418398 22466345 1552251534 718927853 617283859 1226716335 132491839 1441826351 747022387 1720804998 2095273709 1622227685 423016713 1098545842 638661387 1728503781 465602674 1366659104 1054354236 556959310 1861984193 1813349553 1242810286 311116551 318386924 1319279979 1436898748 469945365 1909453108 334305566 1804462392 1272100687 199998215 1735187781 550608189 211320645 1985433134 1611080644 1030717540 1887420533 839374388 240986616 976046829 1490672026 
764608135 2074519007 1816467193 839083607 886914648 684357059 749182346 1721906001 307318570 517160061 1477499679 776874238 1338175845 1157615609 294733225 125018308 901647368 2068654109 64629884 632109076 430701574 1728419976 2047113299 1796684887 1985199747 829920924 97499956 1941008964 391622426 1225552157 258054984 194943644 1882405491 103935519 623360153 1627437241 1091086611 1034470605 973772257 878416523 459413171 1328140183 1033847060 959312660 1239525626 1759303773 1182038660 1818322429 2085098688 1779033943 1011056321 727894057 922652938 35769631 1591536637 1927995741 493098590 2056551695 1197532469 410989731 1260754522 1478843392 235556372 88265851 156338100 1389082176 1602949463 438384644 446167650 1725873772 1278669298 988323783 1317779321 1441961145 1792995940 1969140051 1252526657 1646642349 1709659572 17051432 2010208865 1435639082 874891405 1839939049 1435412503 34569974 1827994014 754991597 714823575 409743242 1569745050 1791999258 1012318805 1891200224 1331089608 1342014619 1508450545 418829598 1705296498 1859034233 
1159755945 28857930 2028420891 1259607133 201932438 1937105484 1199804735 2072126564 1730788383 801730567 2130368027 1805658663 1415779819 1973522448 1343003609 1725356764 982504218 1684976678 1252449552 1369366300 33009491 781493780 1734825570 1837911548 152539398 1253276372 589565244 451814335 639582090 1079211648 62534778 865697784 282579007 1512203776 1558890366 1549571603 759583771 1587920165 1479882792 1612193357 837567488 1231752601 1733791663 763662080 1332791416 1918840098 366660867 473234523 440958262 1793316355 926106825 322372576 296553969 1753406513 456757292 1210229566 1275258316 635252115 2137904617 1580495155 1990847707 642030634 769953184 2130282490 820241233 138259445 868118847 511218501 1130783705 1171201677 508330153 967476165 492688515 888079471 1210664300 1059532409 792243290 1640537922 115510148 1288120138 1465525304 370409730 29932156 1468769848 2087952434 91447921 1608525361 872627539 1727490691 2018562833 1069780071 1957110511 1278051854 1462463402 1822966706 7219016 1704660356 396125238 1616450080 139367873 
1738940869 1629496694 1713393326 586485193 1629140567 130620698 1325085205 1511805009 1923301572 988572104 1580932258 902125812 1487694041 1784043702 1953947607 815155071 1604228217 1355216880 1633914302 195405492 760918877 1481262139 642965005 1552171299 707275991 909158293 1746586391 656822727 123489894 850024779 1881335579 816447277 447381441 519827184 690014092 474874432 1583405404 546006811 734193700 1967820572 199629927 1810751654 2145493556 654436798 742300096 1300411400 1264735058 663477521 2029441404 603846789 1745512860 5685494 1820499331 1740379 438245476 557420910 1400722271 1615106488 965470951 1558824238 1858457066 558075853 178542765 931776274 1595030372 171430017 346170185 747931841 299168020 1589546954 1948311268 671353840 1668380335 1862164640 1532096683 1926924198 1144900729 334356529 2074398817 1358827027 1927041716 587462017 1076282694 1865704354 1446907100 16166318 677959356 868372520 2115799184 123204332 826238253 1929411823 531933091 1779226538 1567812933 994752245 1674268432 1482687721 79350660 32720900 
950783727 799039214 329616802 1368717219 721399685 204023413 827357619 1229514377 1187616285 1869726460 1733392987 1374143637 629819254 539358906 56651549 132344816 1783066930 571916497 1203678554 1720048132 673319590 1609292890 562992040 1199755120 778543933 1111753547 1922221195 714928235 1598615374 618520092 1312291974 1377790167 2081181763 1597406191 85830732 1503653175 39962055 1243111195 1152464170 1349627086 1110535099 1356940647 1584065982 1942411331 2018378300 64387172 1983764795 1427722886 2055951043 1080333960 704030994 1711977619 668774338 681636492 690785093 1773030349 1543843113 1769101825 681951987 1786660921 1214543822 2095003709 263948956 824804311 1547130991 780531716 340271027 1343809352 1686194903 1881542236 1634573074 1206695145 72082411 2059245443 307593553 448612833 898253378 694648726 836001287 1226069784 2089494618 1298295709 1247721542 1360302252 220416067 226260509 1964059811 1633350494 2024820955 1496420577 1156379645 1715837980 870523569 1668310251 715469974 398819172 950090373 1234690934 990636420 1610739968 
844242595 1179944136 2024203266 51351405 823564592 604970699 1061374740 950981525 482225158 1307942410 1425569868 1510564467 1793934936 1513615526 388491788 1733807538 2054853452 1439011628 1432973576 1799977661 1662440663 149206562 260695127 340660206 431741571 2139930526 850553010 2034089829 1861355754 2144199010 1675592785 1691631772 800577233 848253322 1430711655 1060485318 938861427 1070359460 733539953 1317013380 1451356510 1158179909 1048047625 1266708570 1364920166 882224430 1279894548 1446048409 731031138 1049852806 805708003 817610205 135396448 149959447 914720205 2002834819 254899161 1718564064 1799661889 2030710478 1659881543 1936818373 655959253 911671832 1686701183 6461927 1812185319 166327478 1010125976 779898505 472544705 672552045 1789998742 2058725164 207100735 405104549 1929836114 1645552930 1730178322 1483384766 619203041 657556476 98111429 1044057629 641791050 213971045 1955120289 932480637 466117667 367080041 656733232 803292479 255868694 541890928 1632589549 508962888 1651123065 773144808 1278698197 861488151 
556244035 1606039297 1750265428 871365995 1854166269 1822877478 795913224 2073526875 579260470 206878473 944634910 1395170472 887425456 1679018460 352417264 1000924719 899163630 1695826024 80696949 1123952815 259037212 1068218454 1177363590 592653369 729518108 297497922 310768653 422229135 1494169436 931380998 1463511479 12441392 454676852 1971711245 351611623 380420009 518361526 100848709 1279932649 2065419014 1435631769 2130134998 464995276 485458185 1066751810 1029361869 1298371238 563804033 1947610363 528210127 842996153 1892095432 63089233 1403338902 402724944 1044460402 1198373672 1005107711 379029113 881463826 1905986327 1897876751 22497917 1934326838 54896600 708253573 734434734 193628018 354784767 1760682586 114804412 1911499413 1219907054 2134919584 1310601918 2140179526 1226885371 1319160032 2139942736 817503150 109084858 1197106795 73843286 1455905101 2078963667 864526680 1492738933 703086624 1527114878 1638269361 1162135404 1580533613 809431260 2041199436 1711444476 1705986041 11281572 2059782041 1094158426 1216497282 
2113824169 872937712 1480734824 300864722 1615098075 736808098 119612767 76369976 1457900526 900792884 395941814 1860651144 668842106 1573979379 1508942081 812467697 537512361 704600930 545133443 429189430 564423561 1303510340 771140638 1124736218 1242028077 800172762 158137040 1757551440 2136437684 395353182 816796221 313221124 530100138 1928636436 385104209 6782522 458212455 1708324480 1534239873 1426772434 1942410045 1401857351 1093941457 485322207 1278302101 631836757 1720147495 1276408024 1185372306 689090610 604660783 2083081956 1740895238 1443459952 1413510887 403703949 740861586 1302094633 543829935 1259050806 1944558819 481345743 855065112 469400197 1081896578 1700609205 1631489696 1697747027 539190302 3942131 1000210891 673727223 179540617 2059915195 1982703526 692896975 2058473985 632042408 757372461 688614469 1994607938 861482536 358519030 755361625 1661436638 1100729113 668152713 2057188523 768404147 544628912 1883984989 2133019702 1568248072 175762498 371434938 1447086124 1991845914 95312301 628878224 1117548716 
603084655 1342927529 1113032265 1724947977 495535814 610516736 59865157 855241819 1486145003 77055527 1007223175 204977835 1284848220 1946206072 479487241 1890448094 1865997500 2130345741 1766496007 878643284 93020528 531083834 288021234 1620956656 1536918557 1971610760 2048629167 1533159480 1287262797 1319271395 287754395 959073560 1424589355 791802026 246861616 1611400873 290945237 1469574145 753002638 1541259970 768113136 858181473 1606489192 1340841185 1845438698 722162841 17016319 2068330199 142075161 562959348 229192965 915873281 1459886339 965884422 742164165 1966818548 1380144790 570553951 252941401 502437743 878108827 478590889 1884867957 3747068 1753291360 1958634345 6328232 1773296227 498396060 1568553508 1064657092 1261264830 1209761668 46518057 463571549 1506406245 1778889464 1345689710 1251288547 252123778 727256671 1470924934 1493388793 1243260425 2070240737 1854998512 1311428760 1166146501 873516213 952542293 1971547021 2015455781 873408884 1546170348 1992003245 403218938 299789499 532748654 134177133 325113429 
1210915779 577073822 96955562 1368882305 1270907295 870720461 1357284976 2054343313 1574318522 1420098754 377335598 1451270450 781635838 725344266 807764884 309474529 1547518787 860699142 729315315 99431901 541866429 854232413 2140519966 1887256230 1801343968 2050106760 1068094930 437634495 792480330 932901679 619531897 1003930153 1735826008 611758652 1414603817 1631475137 2020426262 1059868286 1546577719 72592722 2036180692 1154694814 1099396929 1196291129 1718119379 405781183 1863103925 1552900493 932159655 1091314028 46418058 2115030672 80061079 935926800 375811482 1709648361 1877745378 142205006 1454761834 518656560 277210096 303656224 177425796 494704288 1635903102 2061062189 4241951 211865031 253690195 542656619 688049305 1328073239 1594976326 299574843 328970154 1691331513 1084291888 742370071 1207800993 1760530057 1393106084 792154268 465368396 702685321 1888838465 921169322 1909238363 24096305 1756552301 165195015 1344274849 1987115893 1782475551 782550704 1325643335 527585299 863076687 274032326 1472271493 703395909 
704547760 1349053299 897199728 1633837844 826857585 1804890054 926403901 1191650262 491531552 121415737 380373851 2015386492 1418314501 1401684655 870540967 142614855 1334377791 2067807731 1269470663 1456832658 171320301 149192190 1937210205 1740834530 1093146635 311446155 1688031979 1317399211 120029625 396225420 697613297 1233267443 445072393 163801558 1963445590 1254945367 943415313 2077490551 307489938 89011515 860632101 1290142479 157081524 102988813 1402229538 641690591 59203274 1002403851 2094333743 1246833403 6132358 1424107273 85002712 1127749670 925669635 439693390 1159776146 2051773989 1345171153 1438574129 1178927325 212327735 690194063 1388005717 1527632200 528972769 1948719045 251862833 1869987965 1707945525 1122891460 1653632965 215990496 2043310266 1080589047 1761560773 71982839 867297444 1713070293 789277328 1829050701 1466118267 106640219 1897870030 728633253 1310120993 1577412124 1544082845 842558868 1411062769 767286427 589368723 1976730844 770420138 1254720692 1950143590 804190262 272982894 1517782123 1472677827 
1218299320 336123562 1764437303 1981100096 161776168 1631954075 2067169210 657865249 30989726 326594423 258619989 777992624 1076436940 681308755 1502344933 450472135 1409349435 549089052 1903692797 2033224237 1230777468 884737931 1632652076 1989413430 1821877201 1734173748 1483686757 1163441376 1400778168 11272083 357805551 4037780 758027424 1800456192 1540406853 1480930895 1116174875 1728275699 247645649 1056558120 1252142338 1935451587 494925681 837570586 265491304 1909042917 784068242 1630607216 366288968 2031153588 1978044273 645670663 1700926448 600596156 961137660 808758550 317043712 626179725 581410096 848568419 1207104178 250682506 1148669601 942269564 1876823717 1422409412 13289773 305412502 733252870 1453441839 1882158255 358837110 1349546141 52297792 543547402 818300487 106345167 1414828856 432660239 1542120370 2009263819 1083178860 74189773 802281619 1008870676 802749272 1231898867 1304325200 1662157661 985005594 1153915272 1197963885 670490989 301413847 1939924787 1657796670 1264762373 218940366 1756083077 1060020672 
1173614470 511979552 632889746 1572442207 1374645595 784289740 1276818333 1760370868 297326705 730845125 1600758883 823827630 1543137573 1169558877 100313239 625253239 797548102 153089173 199804349 1039933786 1762361865 349843037 1090337140 283524011 1576609182 1172929071 114245477 1991486925 25166798 1721284550 1931603455 142402611 1656299939 1521014680 382472593 43675733 380934291 1479767584 1091824534 340518257 1576525155 51030842 242952401 2100071542 1763259967 1905588490 1921982898 1964292928 1579954302 585874796 2002938856 1535308394 957166015 455870431 1558936059 1680946305 764483353 2033557140 1691675655 1536564618 913259679 434083833 910937362 1783185459 939598322 1874764733 1199335982 2121671672 91539526 653545637 973885105 1741034221 1744277605 1327411571 543764198 1084067117 2141714909 2143808716 122744720 970420048 2028293395 623999562 1027526832 1775477202 1812347186 894703771 85233869 755031016 1996443429 1384071479 645079695 190034340 37427261 1966335588 1885916088 2131446627 1944329351 386861028 257463782 758178726 
1205074460 449921604 749171219 441148926 715909980 1174838197 635439824 1795280060 1388829102 2056253103 2074507593 1666299057 1964774027 585103056 2098042664 709446533 1279756277 296262017 782435642 1525466384 1406882994 121294627 1562883669 827755767 660624027 826644379 92930404 162874167 603897435 970067842 208075285 1740108391 1728962049 1089291968 415072315 785919192 1950131490 195653307 1583661391 941142353 824068828 934991495 687193505 1506999743 1039822812 180014684 1190752119 1494083390 468171490 1926529384 321053007 706406022 550530318 233405839 2044109588 1634700734 1413046311 1484091508 1652011991 1457080071 813395892 119282844 1587190548 497861299 398985235 563943148 239816054 1762286432 1428505766 581046625 957071145 2134757290 1511755534 839501128 1290735216 263624239 668068349 1215175944 664332510 1069453071 1556808062 563480789 1462743214 1658388130 1122801399 1483666964 1258648670 1823742953 348769009 643545021 1633394767 542233929 1955524879 412013194 1858717203 1149585080 1292939206 932731056 333331383 325037120 
851401485 1457699641 749888185 266970717 1528999738 487085579 418965982 1063538089 342324109 733506018 2073352836 646679034 148241581 1529768612 489067917 834415353 2072102301 357694416 1599614108 849389670 120368258 622349310 1962456562 1542310827 121188978 1985956182 120203515 580944900 2008878566 1024308143 1059409098 1092854319 1840065577 473229872 41726663 785102837 685140619 532516672 874596090 736598587 1883010562 614795438 370312643 970413532 1488035575 409632769 1268552813 1546971355 7718758 1520428568 105777489 1113276547 136236983 525990857 699272995 638961123 92483767 1321837195 167072164 1950591613 1047322879 674212310 1884184606 1548489708 2100962454 481385266 1201556045 1647281595 434148461 257605154 723815862 1828439237 376916473 577232603 1595609105 275804044 1098177982 1839756187 952498374 1920467681 570997437 227381260 1701111869 292169412 1778180322 349966420 1163075810 389566030 1347338394 1795076583 183308409 339053155 310238740 943309875 29781066 976011761 357404071 1962560914 1486462965 369776198 
1051859277 489803799 736795569 1541423336 1214340983 1512274768 507409545 168685077 593959793 1291109231 384525070 1094614756 1294949271 1278608307 1382773860 1778992867 1488477681 1942384259 1908720381 647626199 853488884 21484314 340193298 111720240 1624061943 1608024555 1291099393 193276510 1508684693 1026414481 2005068878 162838712 1849009416 1002103934 532954980 342481356 374485242 1540591834 1113242253 1074154831 273395675 2009947082 649167084 1504234077 61251509 961578079 1437624827 1128331471 2099502087 1424670110 105452713 1799508273 1017895364 1446852232 295104469 191481308 369801984 837261615 838375735 340291222 2089070564 397993412 1885833040 1236872262 683979153 837972250 842662184 1326218812 354932478 1516661438 759619949 116172731 2144713684 1559116203 483811398 990785807 1814256640 1520785359 237847523 1552250583 2144501421 1915687629 1818156083 870139122 1319463315 1114047587 882529068 803996158 1804539413 1913933808 769327929 491017598 488060816 585438065 1182003348 440377989 1798672450 1352430282 1825786384 459144435 
1205083667 1392621312 595655675 1132854395 1163812136 607245185 1220034930 1723902030 1733723912 436803671 1865719884 378855593 628119599 2025216038 170351449 1744905135 1727872476 1098395872 654878492 1754558084 1032795335 1792625613 836877406 1272011857 709152919 287722170 1890279839 1977959086 903805699 31569301 178284 851192964 2118474791 1681907127 2033354786 52035365 207976755 1795423566 2033253827 1668373998 715583383 391438023 1694013279 1896796046 1380814736 1224294448 118275620 432227805 175111636 3659139 1911668521 577955608 1483878184 1869106721 416100886 862678275 1542933958 1016191592 1942615751 1863116746 958771829 537513689 826034872 552130655 1942094052 1466004127 541916375 1604064333 1065266032 1240292685 545405535 767653158 532191010 546412834 1789008514 1819837615 1348083801 1229943509 817391546 21953194 370708738 1609464158 1049351791 1786225100 71948708 299027370 825901498 588363397 163385234 2064111018 1135912490 1335560010 1984278568 1992343873 331528752 984359729 1593529770 183857264 156158549 1341868072 
1295503247 1761486241 964340547 892355497 1295235880 1406247809 1859345003 1332729727 2082198427 362310284 232580710 284579981 1030740743 40892087 1180655194 405124180 2048243729 881311428 184677210 430741318 674961352 602336189 1280836465 423569680 266866818 83303728 36835182 102743426 117915899 978662309 1886218749 1866594511 1716157247 799659723 722275586 1914841187 953232956 1112942242 1252243323 911622160 70341679 846385011 874517305 363973446 1213704081 908922399 1413326035 680212671 1028595885 464967665 1145484148 1665315687 1324766268 1001650765 360465773 508315496 1246133637 2030398835 1494171805 1827357926 487404846 1955356358 1925813519 1582001453 804640089 1945120468 945124619 1554245675 1388392194 175148486 2067050976 640621097 1276782705 1015992852 1605514299 1897717884 1415904990 284537845 310282515 435997737 803520470 2141329620 1110602089 2130002456 563963054 1414789895 970979020 1198669616 189029280 321945034 2035237554 921609610 1154688977 1551472330 1042654565 262324831 1791608342 1040483668 1288234541 640124961 
283866076 1003785048 1542738357 528005003 419766848 1657017270 1019933971 2139522834 1582942983 330454204 2008933557 365817409 1338852274 491530689 608989288 702564070 707361674 912929916 1448973758 475970888 697739567 990083963 465604027 1351077747 545211730 1641931565 120049329 1844686890 1014529163 6618891 1599221357 535976392 191650017 1747801199 2057058185 394265136 1406601272 327143914 1203123570 49914687 926678696 850742458 1892825801 1015702916 854084053 235187002 1475009042 1260881949 2139756023 403990348 444106827 37849925 951645545 1435301417 901786545 1025740126 518698218 1760375014 1616751781 521700463 1379369095 842021167 1922523411 2005397216 2132312980 880536054 1984499550 1688112865 700004619 282984638 1118142470 56796225 1683305808 1067484951 253067405 1006480074 980301115 967753914 1061334614 1740746938 1116517236 1064380228 785719231 2059876268 964643792 976758011 1801216974 1911589689 977666275 1457891442 1244212793 67180029 390243007 102605662 1853692859 911170512 757973923 1403674959 709109986 435262254 
1443394394 390633566 1575694361 1530260275 2130925157 63131903 250579985 246614769 1499185300 1208459528 266730236 498023092 1040038641 1067497969 1701081728 810037590 21507213 475432967 1080268420 359320792 1512293290 1252262357 842199011 1419735651 85137269 1653082141 1200943525 442854564 788102458 914395977 1224452581 1005333620 583550401 459187804 1538661435 1569386009 1678905629 2116596814 2070256806 500358110 403182651 1980271362 1915651943 620492076 599389725 81016321 1271173513 31742554 101879173 1318945603 1588530905 798649292 2051626048 51601792 1532303153 793516424 1270884957 724910757 1564376423 2146843430 1607959064 1870473553 391643346 740705320 1495619466 1267878649 1209108612 1394291600 1126832636 1961911437 417152707 1552417007 1849399856 273849679 1272233164 1022850682 1697340236 949545651 1107319205 118617745 426134444 282261927 1494690082 665415051 695409543 541828149 1828321962 1767118472 1940480682 929489298 287124589 1468914032 157086815 1160656896 529986064 1984770657 1416963718 2050014692 1235620110 198127940 
1826340812 2099755142 962562588 1440376727 1992197695 1767356303 516313161 1854008969 1290013798 58760750 1530100491 1343500269 1884966260 647768912 1735800155 1674827575 1913638709 500337957 22492616 43590182 402374789 1855472750 2247600 147316164 958073111 1789259548 1472130644 2057925553 2054337013 1967325004 616989788 133151408 1418608002 1319998458 638670715 1155794116 1254952112 829781729 2099135422 1152145456 938874505 314120276 384320359 1644182852 854866439 1991769058 1764667416 1523061254 2101473483 1559336079 1607508208 1250443023 323740026 1820991423 407967285 1513391261 1963089928 1279106846 1881536090 1063137718 1700451073 1266931763 719884047 2000477408 1166151410 613412223 1306539885 672762829 916949107 2060727081 1927174110 712169514 1165104636 1394509162 796540224 870295198 2060130068 335245355 1057421991 809644504 1170333282 1179953400 619793116 1842730935 1166859280 1439534503 1812014102 1396484905 825954658 46856785 232076012 587674493 1094948418 2041527164 595648059 1682408550 1151893026 194404325 604854006 218700690 
135755846 508639715 569781655 29682702 362449120 1685379113 494275064 1065819548 601966741 1429484828 1783047788 1478553895 1171617964 963792548 1140731945 859940739 944026144 1002070052 1121130448 2138286701 92189168 654480233 470393351 1111620456 1506872988 437255829 462732479 689486413 1012267217 178746989 405095320 1798904347 485904671 1828778292 609511257 1300649933 353501362 1708463115 469857835 571158051 1724586546 1754868889 1625408260 1134090876 303554770 628188577 2146619703 122915216 1633900106 84431287 1358213986 1790774861 709902534 973653521 2085414528 260737636 1149908007 447841661 1490978039 1249042392 1312493622 779233283 1329966089 59639290 37033525 727800839 993210557 1028150501 1472577072 328007424 1369628721 1124165584 1692580090 357329106 1419950111 381891298 2065724875 347848448 1597566563 856314741 2133930115 102647975 598996465 1077825696 637250467 1035223077 1185045219 1828323719 558528075 1908455207 1086598571 1271793163 102559561 233773153 333476014 1898045198 697188506 311661353 1956128525 1366897764 
952676186 680009263 75326467 1730910084 1042093589 1861604270 1007377429 1549957456 11721058 1698798482 989036479 1097415546 212234320 811789131 2013481870 874329545 323639165 1374871282 127821685 2020304177 1711326073 1235961613 1820081019 193367561 2091628294 911798716 1926918124 1033431527 1405185049 2039063943 1801938147 2041511125 124382638 1648089170 312175533 2138354939 1789910820 1420499585 599392149 295613776 1340171636 2023893445 292500268 914385860 1570456046 1533502455 1343007153 2064305342 1282227662 1754186497 2014785663 1547079138 1395266025 1973792964 2056389582 864071378 436873410 2043171464 360904986 334105582 1627117832 1765771159 1708054547 1195772233 1607435334 1435565129 1062139850 2058635416 2032089370 1734326329 1691373026 2015909367 892885442 404908465 1731178553 1937568766 1541804375 953629507 916216866 1762211347 1032450905 269359100 1598427937 1272954785 1536505309 1641645882 1388421159 1165310884 1213918086 1921788400 250898887 1855388832 1383014744 2107354284 985179342 295829840 1281128072 1967535625 430460352 720144124 
216367703 1202857624 64158081 445222882 716267883 1545940201 177075843 141981520 389180878 397063764 1001131337 711366128 1168959210 853723181 1194991198 1996417071 553885851 1818672996 1860079686 1701194337 1110949564 2020923073 2012387808 1798422913 157738518 626587881 2113139258 1587108691 730794474 217915610 1692517777 1483492275 1702408091 778738003 216601375 949330502 194980132 1921496570 1505771057 1620743829 810139000 1197708743 1430121706 1724870981 1544217326 776965156 72376174 1574128355 400419228 2000874752 766193392 528757012 1860460823 1705790438 1761945473 1380644928 1774285536 1415242535 1414815697 1238685267 432902520 1698691982 995337822 1073686616 1774636088 1857055199 2068033376 1617300479 369392720 355020952 921731756 1730424421 1739852734 1169063030 1759144809 1026376409 145522894 185721766 448371921 1189509185 1402278891 1828781884 742132551 2008371514 2102891798 374898120 1097479173 26526863 1808515293 531989306 904236453 1394422566 768253088 1556188691 684759670 213369651 858914768 88821792 1933347618 1953790460 
568958015 459093410 2075252757 1828561131 636075722 524684362 1946534948 2115810540 419812876 1168293608 1561881279 1266520282 1828651728 1026238645 1345144522 1318138891 773870645 1644481133 207892830 1646600245 337282450 1538494165 1102828376 1530023782 2035741038 648210563 1848806744 497755234 1678602953 216525297 1130135040 982202268 10548243 349488779 77327603 1433640662 275129650 935081013 1317713997 581249524 218151652 357276296 1095436759 408452152 335596467 1078505925 1622143117 1218418332 4773116 195611410 355190921 1214532891 838273886 2073732516 1169370739 1126834458 882500437 1155533713 380906111 1849340248 506649358 585880382 321893577 1500951265 1158490627 1332201884 1837157632 1861304291 596559251 1373279313 1179356828 1652182876 704690158 1883387948 530173588 550646022 2131087202 1380325835 1240456511 332090489 610467103 1920821004 154061805 1075153988 813560564 1784356371 1171646369 246014641 1393470411 478123965 366156811 1554317290 1842659964 653427474 1450036518 1979926075 1295075357 721984912 1673497928 667451914 
1788071057 1036102725 1568756928 358550902 1802401605 87640174 1665621194 75630488 518383544 2073418333 139533828 887639871 169024329 947876501 1024102789 105394549 532627252 725680668 953995987 1907619803 653764837 1994510469 634173638 1251510481 686382468 1717810151 2100937558 638846073 1550250030 648374029 32104784 945110579 193665090 1456011252 656260609 12905200 215084486 859573441 1242593739 158904308 1082391832 1573453228 445701585 1526998671 178958697 2061860415 1290568609 30882108 462842022 1249057796 1089560591 675509533 971272310 108562421 332262305 151339445 469555103 942039883 1426569908 1423155645 397215812 346376947 2065997019 1740191089 487511416 869094212 1992223125 1681588601 252477542 9325726 1363293139 2083437703 1926331217 182406388 448994102 771628121 734310439 1083598825 408372649 296634579 138089523 1107821174 1988773373 26632903 1998766110 1085453006 871819019 426802162 666943871 2002297496 1759821873 454865457 968853024 2042029315 823731718 1611719982 771034726 1123691606 1463750144 4118907 
1087847170 321496003 612848093 1941869712 1598635161 1770290665 1507575262 1821759618 260527082 382942098 1718067172 1980617284 113544490 78527457 2075101352 481382051 1272179394 398997776 1118693047 265634190 785373476 880606890 322761162 285973411 52633789 1487612838 863142825 1161493731 14854564 1922708775 1863170663 2028722753 534645519 2100439790 654873981 887850978 1649412751 560544228 1677577691 94920158 1144360254 807536867 1469416202 1102717838 1988372525 212652052 15471033 1139672967 1050165509 416417343 1704816768 1461149102 1264483958 749550477 1827245523 799385271 1774789842 1954060530 1451881094 476845637 603959995 527958195 1079563125 142684849 791876299 937272086 2129913479 2025253072 465310326 1630485155 1601349900 1276405279 1813986669 1006720640 750737830 348002613 759363206 1533238091 158728311 1869688923 341933074 1803992723 603178200 827586920 612542596 484525680 2065321575 1258190164 774426276 196173344 1946737595 273326491 1745805480 1712200371 496176196 2134046956 1999635961 1480248907 1047496461 2103866592 
1146530595 597369767 1940386747 41638288 1926645561 1876905283 1575487760 688718909 436760543 1366021847 831940471 539456116 668279397 2085705548 404991561 262476236 1078302456 1522324093 976834226 1884817951 1159767366 1594252486 1826089158 1351714864 420898920 1834694308 1581944337 1943223458 57139030 1839167445 1051294289 2138359861 953465337 2043936980 1391071697 241529108 1323643897 1861835201 758388737 1087615237 1605238436 1341778959 1440688524 1382364273 174222656 2126053800 1708992796 810355487 200887756 291214570 779989417 25336892 486094595 735727718 1597199518 1527272036 1777268545 763573736 357488519 1641563689 2000559410 6522251 1390653389 762332270 39116704 217669963 652320091 372143324 1880846022 1464732451 247336295 1829597581 29451500 317373419 1478227738 2046372656 2013276821 1588086036 1640331707 1313314296 1696567296 527530826 230499865 573269526 1618618615 611471109 1769750718 259304238 1245031004 784603899 162377711 1687174815 392197626 1829202355 1965903888 1173189311 232436719 498793142 303999010 745916825 
1119885636 414099359 1153602861 1130644940 978235211 1932942651 1301005677 502467819 2136287397 1970401894 856074203 401804226 1202559174 810857738 1200117808 1787751759 2252527 1847164677 1577265361 1821991665 1729370893 562017738 1907168632 1271445497 215145790 878617174 1278965113 1251545560 1885876606 1576428234 361019418 1717122686 1131681428 1058344584 728057038 1618374634 667926684 1304268149 111020579 555023693 185472362 1563622498 1060215730 603304919 1375472334 2030297198 1426664269 1423444375 948233125 1939647595 1211446344 1743410463 362007930 2078104219 1941488696 757029057 1820991049 204965836 64031164 1295623477 1447294883 1010558700 873223040 855345123 1002763357 1056192326 2062117180 1088745450 1598694190 605453715 159034404 1808505972 87608548 100131782 596120237 1685006189 1747459091 315619681 601595140 1510836102 1384466046 1697607455 1905674293 699380340 703831512 703497679 873385109 2122072129 609061420 860206590 44690917 218653999 258682344 1825932897 286058752 594865798 939603316 1819686704 1360207502 1613262259 
1576841792 574968474 2106096532 1483836215 923868620 629919668 726360958 1457648430 1785895372 905359346 819767475 1668553525 508899888 220267216 1263004764 1159795939 1608633077 2064084940 702241255 924283713 1546848176 807035607 712321918 182172208 1887359936 48824946 1144341680 149863726 1218078227 1081599995 720333683 1491069210 872987849 523411671 5157181 1377885393 1940625517 1464444812 1913045680 1185564855 1742540273 1895620070 1641281385 460366313 692807274 906294071 590012709 1765301895 1964015708 971213704 2096358294 326112177 1456837109 382294053 1718762782 1386564256 219157714 762713168 1204783338 1386245345 1026472227 1618080691 671187764 148671206 128649050 1746745213 1157408981 1647030579 1936746130 557809549 712061023 1181422263 1842848703 558042230 1358810765 756925314 1027048663 1399716489 635809096 1291995569 1757816793 261965303 666652030 1017135603 431948611 1345171482 1238005566 1307994852 1130154553 701087579 1360531587 1048234019 116631300 140193785 934759788 1488585603 1214367394 2130292537 709779988 1378552100 
1932188554 1241143833 1712072241 784520326 1936513247 142773066 2042585097 738671875 1373098604 632797396 1663915046 178958096 77519665 1112587291 1930108801 29968330 2122559551 1943370224 1804946417 359227474 73816050 2089038828 1652449611 1712888281 1894544441 107387556 131803800 2126387975 1169101778 1043623746 2035323924 438979860 1089349133 1877161935 216146761 1481906002 710681142 1933300848 815780266 730497617 77005288 1309332403 190732101 992687207 359221537 247839583 81335312 1221264131 1469858311 1851950917 115025689 316225405 166423135 1140002724 1553073733 277077401 1028214590 1697146523 1445874950 769754948 953787670 941276934 1704268536 2059903756 2017982822 291218256 94782454 364104060 783160462 422764225 819055523 181652722 165258916 1941610084 557334890 253420819 1988790955 306233630 1689027490 1765718440 1589681772 1635742656 1599168317 1136730590 1599976560 1837521544 1800284786 1843306048 2145651577 1426244215 1925151161 944600195 1333664115 1615120436 1708944869 173929052 313818117 934621450 1852700544 1238015817 
1154180004 1740563490 1648089849 1138955942 600180366 424693717 385501915 1813505739 49267917 87661172 244178385 762564956 1096684950 685126520 135174524 1469184031 506610004 1398877097 414751194 853041640 1234152090 611417288 1925540786 1408377462 494859944 1958765742 320866213 2060463044 1892024334 760503118 742107993 105909112 765333965 350817338 606985983 285813140 1138054203 1407471582 1303075477 272621955 1594903198 845373155 348893990 1477179175 1917026247 1636908911 1168659633 1834218547 1280915000 1719216885 667584906 95669100 2057402806 1557451321 1057792069 1675113239 349764055 1937239282 1473660252 1151462170 1935791072 636227346 1028964829 1018782485 136536985 1756192580 317799842 561975292 52247417 1743319694 1663228861 1185274480 679368165 539411743 1911485780 752692200 1613737642 1422953143 1798733946 1197481900 529798903 1682123948 632012615 619104316 1978073913 844185636 1330684310 1344226738 363399034 788696301 448372356 394881728 2095393405 880547796 742310224 1551754979 293519096 1872422338 1683383215 799623915 
718077431 381921880 2044583662 332204599 704495991 784728011 1293298401 1171449559 861184820 1040480495 537383565 954846609 1926336262 849483456 791309868 1102735075 1578124698 1469021858 463658980 1542108175 288955893 1444253863 2074704893 90623160 1237682614 1057759134 311245174 62335596 1202673768 1148459007 1870433786 1293813506 359493894 305941811 271294383 2136855527 1731329300 650703898 1095717194 1764733126 2049250551 708906585 1946587104 1121388581 459220584 120990235 1721076509 713543728 2035905753 1568023891 305846343 484243295 1505772361 261214296 1185708510 1259917959 278976182 2080334848 830583954 178733526 1356260601 1795826341 546638648 564617745 1008561964 589997296 1820346599 600973535 1105602359 1411447035 424360289 1033428140 1011732412 1090197771 1373753624 1363261188 917719814 56412012 303537605 1691014759 1289512121 616827238 2066700637 1122409975 820281530 1478928341 160352467 527125021 1996833777 73241203 523759470 171887092 2132415412 872559831 1579841463 598861048 1885489237 980439599 1317754217 1421508883 
2034066504 1796065362 1409625203 2062067606 2094395014 633571183 67353821 1351214380 239458986 845694051 2022815263 1478338355 1579014696 2024966453 1557721765 1348065027 1573009243 1156645694 1552870567 1045042500 338842575 1021637060 542700385 966240086 952327571 28337658 1185784503 1475711529 42756628 207111412 2067398959 795621226 1218414720 1705633542 1449282344 353274489 1918313891 1802240201 470726389 12584513 1963844295 646960742 705887771 1726905696 1020433670 1580981603 1558028355 1219987362 466527194 138713363 1979761925 557495486 1109236068 379261654 1474912606 951811063 51865582 1618817053 395346990 1136429669 406375029 875413849 566952952 2024195588 754025347 926377103 974961659 53365853 1115573607 957894659 1080451226 2037274133 607728351 1276505569 1598708255 2139113012 1728324578 161462070 472799224 1246334353 878077309 162259110 471569672 121518484 1780714670 1993837798 1049386632 1848991179 745578511 1636978425 113851238 2074156221 89165255 1690109301 2037445820 1001042234 2112312641 1479727475 352507550 1947768402 
367812498 1845828207 663089226 1167268098 1349675984 598838336 954821508 908017313 1628369463 1551781510 1093387122 1926107231 912667048 1506497266 1559554997 1665810679 189632551 1623760981 1287650799 2078650165 954840761 965782025 1369126136 210407775 177105657 467653287 1030330901 2066900416 1679282194 2062002119 1511773165 163951685 1290101978 1633421434 514523922 1110154009 1753265921 1686419808 577400899 505604397 492773278 106885017 1629124288 1971874872 798908584 1746719586 1470986107 324001997 1900815381 811161306 297483284 2129435374 1544121280 1169888834 2031051698 1722175854 1896388710 1908386177 986675049 1273497840 438634168 1633723967 2080588048 266218527 1850149134 1103622003 2039739356 876207852 504850171 262301290 2064789604 1112247371 1026925657 917632722 328215267 281152560 1322752397 1613620909 486801003 549111138 2029727618 1293090229 1165984963 1954132569 1478631558 1027483676 1843884396 1957345968 1359311903 1807221424 1048100591 1047310666 821548136 1516332614 2075770786 1609166049 1013864401 1144627706 1719065036 1035546633 
563786174 458339789 1692698667 1612140832 1594257264 999445256 1765303664 551591012 230058208 1283156551 1809784566 1730468373 678096273 582334042 1053321987 163233091 2995009 386927366 1378560572 1640400281 630598884 288536880 52361295 619740074 1277190270 1162533218 1348846705 951059627 1610980731 1576710362 2139491202 712289926 274305834 2016099121 711604964 659130591 783480249 46228909 1512666415 2141077134 906812120 1069639659 923222454 730963121 249369245 1455474181 611282702 1051629671 751453867 2066833701 84805950 356479126 2051156053 723008318 1382905529 1303806943 1051289473 856932658 1477550685 732951247 1792523094 744236767 1679971928 2041825149 1065073124 1695566172 1997979370 331131347 614208793 94452672 2089976191 1641405163 1470050770 263985866 1614318679 1534681559 358450302 892364552 664475730 832322287 1891695618 1390979794 533290063 932920281 616001048 1162893316 1592192315 1152152072 653315539 669261442 1012219268 109894719 954301499 1347718344 1882599913 21701487 808956543 826289450 172455001 2133569010 
1852479223 1767213504 1134905381 1026812703 298843278 1464156970 452846261 1225590841 1008189701 104745379 137415295 1296611367 1775258579 327064914 1392305635 1678095818 772770733 653173583 1818180052 1727015798 845316837 342850424 142383512 959765873 111446177 1031897031 1675649175 1699422649 114740814 1288972169 1637277990 1004700760 2110752743 1130300411 1145166443 957544255 91602019 219753403 653629613 260285562 907219298 816424620 392566780 459085238 1304268590 1036456927 6256404 1083116545 1921641265 1445734914 265730524 1438106123 52735162 1435910062 1832776492 464167650 1991787663 1373560164 320653364 413448030 127617844 1931199704 470392460 280824584 997341249 836299462 781629618 1913400471 820155617 477659439 1296702548 1071216457 366829208 187124206 303702297 1892255750 1995951869 1778505902 660557342 841490650 348513041 1830975647 2132123420 493593706 1048385653 2062009581 778629422 1088913267 1661527430 1521034641 1376855008 330371489 1277642921 1304515431 98459570 376043657 280389838 1532100162 690236222 504893426 
869129582 1558726169 606737085 90575659 1658905905 248083597 366157995 1790792192 661908921 695513041 1681877043 1192425358 725688444 187081811 680775282 1806714308 124355410 805778329 791474079 2012756315 969295932 322121673 2116238574 1129534933 709486304 1866489086 1050359118 25287363 1154328234 2004834715 1050472545 637003219 306186817 2062608575 616995529 727951729 1563324628 950612976 1179148535 171121359 482332804 532871711 211216035 1800642822 623272901 2080108973 1651754549 1313736877 160161749 221306930 1699649529 921497138 194354844 1292404673 1158558866 659303292 482489396 9840920 803370764 348092528 962960913 110285153 2139967016 246760853 2065320998 2106438636 1118057366 1816525057 619601989 91539751 450756497 666243312 1942566582 643554075 1470854918 746752306 2000949918 1619916605 1319674215 1670342678 1389709242 1987282734 800520934 1791924996 659737974 677581217 302564475 523379335 1047333380 1217943385 1986654106 71009387 2053121850 1021848427 2110233445 10526027 56894206 1633118329 989986901 698755016 
276423194 781151809 2128110501 1016267268 580205723 199375006 718752991 241593515 1113247234 591294583 1306567133 1194320854 2004487544 79124382 1119444156 1977566106 719364710 1428631219 1936983999 1081771950 1812522221 633621964 484676837 521611409 745981843 635156914 1373105067 332299834 1576067156 488794966 1173042712 516985081 922943624 1067984038 1430564506 1950332502 582397233 556292714 1479189625 520946543 655548173 1316251363 1992350785 1576904044 674101966 317853748 1294308759 1966539959 1147101498 1414210623 893944266 1603242698 2003647529 1568353379 746400150 1548525090 68408770 262993310 596998269 1956401663 938451111 1729393778 2095513956 33447034 511796733 1732700625 1529354520 965858969 1747063269 929757347 1005507730 380138728 708667138 1076023691 866687064 1054002395 2121604430 2086893519 1196973172 938376807 256430114 128031058 651192391 932901893 1734558744 45108113 1689322343 368014716 1166348770 1773072482 1925019609 140334857 1163996657 1427201966 1283527413 1735471382 1885930193 1669332297 166090184 781230874 
577856514 1472593134 1430390794 1821262084 852707921 538527876 797907248 1410733476 2116489904 1850135056 1094432125 996495503 744155732 171986449 1007772087 802920079 1775725505 1496452950 2138243615 250776286 1427057993 112702537 882357352 1470082659 413344694 41824753 1554621292 1754817830 312606432 1406724079 49834187 955738989 14118198 620066367 1362653951 520273810 2031023619 1822774968 1321865266 1431134126 408241066 1523093286 398854550 961873756 152933957 1626077105 618362314 672446429 49724915 2058613348 452502645 1777374481 178660466 842207732 1167784413 1302412262 1352884222 1841096689 1769680845 1566634774 1594458860 630887489 1006192811 435793411 1749025516 1387615203 1080794324 2131882866 2079770272 2146355011 245902075 1189491649 77519345 1858308379 1502184832 1807110607 1382259418 564456981 1423862322 1496209859 2104921983 714291124 618606329 2004731398 1141284913 1921170837 601228252 1303380767 1473110295 483649733 381141342 895854049 326069682 388214358 247180701 679922423 826213191 278139681 1693845738 1965054041 
81861981 1985417540 1816905313 1256268771 1616760555 2057313638 1319561649 218436573 1018110804 226601658 1674985541 1275718733 1934811335 2029231371 1126080742 1395333496 1544641270 680677328 1521750660 1963615576 1242899727 189024650 1346160870 1207950952 935374095 754559290 1144729660 999034789 2136172772 1458796016 328720978 1214096823 459482642 1084006897 1977201846 621231881 1120207085 692461108 935254944 705494911 1970249531 2091877497 700204256 569691138 752646331 569583057 738843628 1418109639 2065784537 1160039123 2044453888 1615482451 1337531281 217480722 573198333 577760418 308908118 922322560 409606906 1403366869 248936633 110119623 211023727 1856826039 1456691383 288764381 63421008 212899878 1457130522 256264008 529125726 370371010 337419977 1366125244 355967225 584682750 961656559 1206773087 1022625463 702837177 1031488564 1486345317 397546360 405451824 694342010 1720592535 421764576 1974378424 1772493055 1568260607 921303626 348412275 802001718 2074099274 1741371683 897107737 1744080827 641773214 1645123397 697347317 
1596619550 1440216978 1934311871 1829324267 864605577 90397360 971821088 1267827287 742719078 1901583564 1069810527 204171333 821222830 234792776 2002786007 1708202777 622532388 1723052156 2107169681 1939817519 1939491058 1595302520 1892688813 1786610716 1610274592 719027114 1525355222 1447979285 814215624 2139506976 2028800018 624576525 344266187 1682596645 726509336 74065826 644199299 1017732773 1079304465 492656564 622200993 1204374682 459281873 574446491 1165468253 23479262 1448733595 1520405398 1069885577 564967830 1886065213 629043452 1699588459 923849207 1129202074 1166394387 350294264 547101801 1441941614 1396114052 1843576980 1759311156 456416975 1839664708 1736219655 950286162 1388280764 1111141792 1566519773 84720238 232167742 1359243883 664302585 891912556 1118292857 1231455285 488758620 165507977 148931368 327421135 137674634 761343887 660684768 762823198 390473519 460263616 302178978 1123799053 776421950 287269825 1948839401 436571842 2351154 241085488 560880038 1591230865 1843080632 1195413065 1944223168 173150358 
1608491134 608683181 817665261 2019333704 1023952558 684521128 390575394 1238646157 1065150659 523824609 1880845998 1327149221 2105852301 59815621 1491689127 1351234467 1997038265 1836456952 2074749324 493799215 731725668 1654179189 1976900255 1576709668 1356787385 1928237834 1603526328 510183905 1176111338 480858200 964085279 2081111774 199673221 748030404 790446721 1706315653 2031143224 1160652629 280716608 1108583936 1238565565 114130963 33971282 43189256 932152642 526451798 1611274150 487234792 305898946 371819792 631566443 679769059 1322741579 219882673 972124746 699625362 354346653 1591056991 1467633699 1502766769 1408114483 720076754 444683653 1645559338 1066501350 891406965 295013069 671595685 1321485968 1000706435 66769456 1248669246 2135560187 2098160253 2140719891 1426755466 1662160479 555851471 211027296 1608330104 128556172 906596428 1003148340 157325149 358948460 581466637 1759074013 2055447078 569183328 905192573 73471626 1528308201 1924097635 1693136056 1755485117 1742079822 2078973332 1847814427 309937254 1475120401 
2096689354 565233400 1310162753 1671803366 710703896 1196360913 533875464 768711631 1072680469 257273535 1897044859 2112072440 1996476786 813569029 1493245013 1466532540 1160649125 716169849 453583049 83688943 214987613 2112467920 887410532 916959205 1611140989 1781998704 351849618 1491150440 415547817 1410504386 1705859445 1939588443 1641165658 1788961357 152793936 1160665962 634076198 2131205952 1814277975 390847904 196742965 2008586863 134232703 861348817 1930283637 1369056038 1884026426 1618945714 1391338165 1564975004 1539952096 524079161 1843540706 249770547 1311623518 1662965254 1178844304 1818202214 1701426093 1772724111 981907039 684037928 76495738 755632841 1588099222 1087232464 1009526433 2077287154 253679458 808114711 2019505304 324003304 910121907 301270917 299621091 1337138796 1288086249 2107297133 1752619049 2053590439 963758257 1937089866 1664218609 739099879 535911344 341201410 2042275131 363603283 796491898 1082342873 748294535 453585189 1095969046 1963525698 1036757170 124236369 2115015979 1497696108 998657990 708976492 
310055699 977387110 1791826117 1891495292 896530392 1154384066 226762192 1925415234 582918084 306412724 164715378 286720692 206525427 795215067 2069163568 1114897730 617773306 356899100 2078298346 964074768 883888282 776366406 1633782379 989671927 973431277 541049822 236025266 1708304962 904249330 349920965 624017550 1253572648 1808131094 588765444 1920345743 516509789 1158872306 651272977 236860882 1277547918 835819816 2080913450 1961994209 1932502663 715855409 518141428 779596487 997590301 963563854 1778210042 1022645223 1572707445 2111840326 1900006914 1547665554 143095149 1957476219 967426985 866456669 1416715306 1767494403 179867153 557456468 150304481 689670215 1773980957 1754128718 2103852342 280473033 365116524 899006768 43892948 560817031 690320769 329403318 1977192515 649457741 2092679052 562182522 793827149 2108142912 1210452727 1446353563 607271512 791279263 280834584 1251718837 2084610966 1423186013 1199628684 444078251 1572774875 1153147599 1385109499 1834157521 1474703066 1011858140 598686972 627123246 1330629847 
639471254 1236097263 2079296477 552673787 654055233 898854332 687544356 56169328 1525657739 313473804 1000622475 461424592 1787491813 1627686677 649163649 297186402 1585040335 76957881 318117239 510415062 1489934206 723746369 219211552 1536001346 1886971462 365157797 517783562 1534878233 1588536186 1159745541 592278344 1529671576 1088176565 660988408 354598520 873317992 1183535212 837517564 1043501172 2018002437 829263468 1317719346 1254859617 2132865831 225371103 1681711554 1903893836 1326296417 885007277 1806334128 1333698099 442303560 1877039817 1717764810 1368418360 1301874715 45464682 2022457637 2021793556 501045337 1480660729 599368380 1278027952 1016997452 429921447 1803104370 1975564610 1761430853 900915176 921259839 298468250 1621813279 881389094 960691545 234064515 1283887266 2018176199 436075892 913114638 1253888218 1936002841 1925055223 1184968686 143195925 2101035596 1005847360 1218665907 1785952952 1104981097 376265477 865123600 1480260056 94673654 1812973765 1215437730 1884356730 166612343 294171960 1242320521 555541374 
1366265913 709230946 124842780 112630336 2044050514 2005730356 397905279 1824093151 408623583 2004418359 736973286 2014673599 744396728 1002635704 962380819 1416612559 2018529410 1303269907 2001663743 1304974640 1192094693 114286812 688219525 1112991468 420980048 97137196 2114453140 1717117409 1808589798 1984925261 1106857827 2055210616 1847001789 1845429654 312800316 891449546 1008062686 1643254058 1187200280 1674422510 614865105 99484494 1466450569 2099202028 629574885 1113135760 24694808 468837842 955952587 1186500516 1407996212 834289214 1028103202 456081222 662348700 1636206607 1611513787 1371984887 1127182829 2050135265 1544410288 252366871 1703932150 1195040716 35457423 1018185338 112972146 644251015 90005613 74449810 398108245 1627671094 489493742 1838229793 943572011 604976749 742257117 138736016 1420990702 2126525004 126716049 475548767 563592599 484283105 1250330807 848264434 1689337524 1632495463 1949216636 2016804615 10988496 812951754 1617109442 387066839 719975666 1516808893 1515963037 1451548074 1512703709 434693567 
1187595948 697633242 1596692255 1053215076 2067029871 937038758 600249301 2110634735 1902972991 2099879212 1851383147 481670423 1190454426 929399958 1173154264 2109931034 1850753801 979739812 78528636 844395767 1789450453 428479744 2022654504 1800912208 1009541775 1802009054 1416865192 402613435 466803588 62553093 153007517 1929110587 1099516978 2136296380 812237407 521043354 1337853975 1220461098 1687835456 740100469 1976211530 626044354 398146469 573434608 1353341192 1463627177 1437805984 444246968 1913968258 1706456351 775624396 1713364463 1752048490 1997185455 336476960 1321141675 8260109 1192758904 252889035 934025156 114029492 1171466306 1103354762 185887705 1736956759 1139502690 1166996702 693222215 1749200679 282567172 822227543 169645371 794596772 2079124158 1862410579 1886330398 265841105 41920439 1918003314 1275265653 406226424 1434239754 7705124 1527318391 1180150258 1493478356 569235331 979921599 1440562520 638255472 2131288766 222834808 488014011 1675266437 200077364 377722479 1014757772 123051989 1720363137 1422135071 
287382426 546297204 1656886692 1966795548 158545240 441803416 1638421754 1385906749 757719643 1672596763 873049228 1600799951 178916468 177442190 272816753 1193263972 233026261 793400860 136881323 1540972042 1510259947 923871942 1375502736 1516679217 1433435384 105816440 2004890646 862553710 1620564859 1580175826 1267489398 406268704 480506120 1764227851 260878915 1121034383 2081537693 19149822 141640966 1417488589 1347429230 827568007 1054125147 310337576 1594390039 775693138 870349331 792450219 534411141 260738728 1220873621 302817536 1213924945 1110705465 671253689 385838000 498384291 1052210355 630909550 634888055 182682078 398188364 183145562 84571293 1251150246 1705661935 1778968685 159776649 865353143 1336115661 18399160 1707695696 1392994346 364525833 653823061 257073374 713244949 759790598 1504458852 1179014575 194660126 2053421125 1159751592 2053410501 1388288313 299384326 1746420568 1036415815 1542007025 948837058 1224228686 2038816541 548734062 1380458409 1362744898 1499100472 224910188 236719234 1964187767 130815359 
505914571 671951297 734127037 1287172079 219909280 911691156 877750826 965799016 1660627136 1448298071 1092489718 831754943 1248945773 994051585 2057673326 805096552 1527366025 1939422513 1941178759 948759758 146070291 1436513619 1036500775 976126298 51278086 1923313689 379280000 257543887 272426773 1913552556 118446863 311238518 149203672 1575342370 1433750017 1186341707 1457518584 2105451116 1242765609 1937594127 1722886798 1053297776 1076996910 1796370445 1884998398 1601315301 2081578692 1351828260 1260997170 858715314 141765041 479643081 2071305370 226460996 1073957214 1697995562 843648719 495744566 597112724 200944256 242568560 1438678398 53010574 2035328417 1237819892 1583560101 540047192 1578222919 1422868609 54837646 2126164551 1599521648 1089261147 591700880 1709536004 1432583474 140689099 482722649 1841137703 2102204934 831947604 944396682 324862661 811601489 395428534 195780009 1338528092 868433388 613582471 181888826 1152019473 330404968 1779102672 550230536 306917720 97381342 1870070288 273750957 1237571976 1642201667 
2144664305 1784850357 1497487854 1711520433 291910110 435581121 1682495381 831333264 1508540228 1306472992 1805320171 1935713225 1399978865 457377468 2111745765 850147461 2077203329 1291581222 2017052352 1778354322 1285424266 857691739 1182682154 178609597 732815408 1618697762 1660841720 1030118698 978892633 183158290 1946327339 941357143 1479329300 43016247 2033061228 1389002227 1631891491 1477437343 417333225 311323326 1880724942 979667445 584940406 831972820 1963077505 1857229424 910107251 1614880716 383972114 1067826621 1589943942 648278317 1455928387 340818051 683489656 441678077 755220253 2000149745 830458561 1610141985 1168313656 1815258566 1035140308 904235722 1386426027 771729227 1576738574 2053243247 1395964984 1518208472 492328449 1309546908 536105638 1494870112 196054691 1030100145 238849831 1530520804 277612550 421352232 1883419937 135806149 304042675 1555806126 1187807794 1682148369 1558584693 2123259269 480755734 1610711986 181143071 1104878850 490875871 82377531 2079094094 111364496 2042489610 1229851810 101672671 1700682696 
1025727454 1744107679 1329981687 1941346348 67583534 1005806584 1141416466 1830838014 1863602246 877643678 960590063 1968082033 1402363011 218454341 1133517448 1040394943 404723050 196907197 1301392877 1965458345 125178925 1385379383 1734836113 1103619368 1913816803 1550226109 1896339050 1611522074 537836941 204803945 43214770 2070066338 279873981 289747706 1933611588 1981794970 1238112794 1890892522 527061990 2095807239 152897624 625227763 1001265726 1566081755 1903404431 1316918851 1680743030 1569367408 475878829 1704129676 2010837600 795033233 329079472 457655034 1890370527 973447006 1171037996 790237362 1709796858 283618975 517318445 1178129802 472292644 499532353 740748626 1519280391 1388479479 1314232913 1278714989 323267546 722664824 1281236565 1600552137 775825049 608926109 1403121896 1724119264 956299064 787460109 1179839824 1785190693 637904577 935559204 1662759055 637548924 145024225 759711741 1965025293 348045911 1225442875 753767891 1292302758 1575986276 903769047 272058416 2035335392 274710156 1920872909 938918621 1990353990 
147375638 947662668 881924148 466614596 516567122 1559454067 1820264117 488463603 80774326 825815509 1124973240 964166051 562668650 1490803398 659811203 665683939 1670394920 1067042978 1552247190 975780058 235999155 1389534683 997826479 43078648 1702974788 1954258822 1287947320 1859561314 240162482 190233986 742072327 590381295 1063793234 1027897912 1830273743 1663926214 1696749375 16218806 332761770 1564502806 1478109398 337654152 1556189375 231868689 1777501235 1639824839 1957695545 1463430445 1474613354 1849837675 426854803 1945341677 101591280 259120213 1060141043 1838227511 304193456 1776341625 932668917 952731392 1865552368 604550737 1321641150 533357560 1456798035 193834736 2113370101 861140990 1518900301 619283032 1694196028 911168232 1668078722 803906561 173011683 11645919 1477963891 619267500 1630918875 2030195278 1865332031 826142127 1668299203 674367948 315716230 449056933 1782038871 1487435386 853934680 1755396094 1095314286 1075113631 374151744 2109932217 1594316649 72226900 1963814338 1893288663 534382814 1454246169 
33793830 1927509681 353711699 1118491675 1027070627 1376943832 154020175 1879145658 686846515 1842283023 659049192 1961577280 122162290 1056969908 1674467034 323021186 1559164388 1815353377 230873303 387207599 1855457122 835058479 1336991986 478596971 1751264246 954637647 1574172741 1067827982 759630751 1101108312 156276991 988069764 2130497932 1867216380 574098053 257407493 322986686 1958763962 1277261887 206289918 349279310 2124962601 1193640039 1990626239 850060653 1991090119 426539801 1950278841 452001545 1667063905 473671793 1253376246 416542081 2144911924 771768251 1396761074 1178031897 1002868389 1917554084 2024299204 405162176 1275932676 205904277 891443613 643740479 449597258 580846439 287201997 457819719 1919048879 367808229 1758021154 1940661166 690355633 47073941 567958068 1642285922 146772172 100253493 1198072992 1808068517 1956262453 1753029687 720764257 1706758657 126731450 581986816 1678053062 814895468 1008018194 423749037 1403139272 2122360700 1537601729 441514670 807692432 1637600559 1064876911 1560382304 1785804507 
156169937 815793360 1670611642 1055167315 342135636 96169380 1513508563 1798606242 1470550019 2012631541 89483722 508023614 91344717 1406089442 414277747 417973945 739303840 184462708 456230700 344975861 268321019 1775928858 771205338 773495380 311929112 69131405 1550937087 368812124 2132909821 1557135468 1002313329 1466513494 1661587986 821205333 1658291311 303440072 763187573 2101491935 1447338361 1767747181 1408320619 715745641 360907062 348851439 215009105 1145868211 1628788545 1362695307 625965737 908141730 1710076765 512240777 1511739730 951490862 1483066524 576220832 1443220215 229810737 1467298215 105721875 1869794190 1589318061 1422542966 1838796844 161615338 1197907541 1116107388 2071318019 428609741 480121149 116201096 1203190651 824215361 534529940 630838180 7808489 672826787 2019502308 1714701535 1430442948 188419308 107153955 2016640766 1896668744 2045084553 1035271849 1403579251 767233107 841699167 1751678594 147563212 1258709550 1177840876 208177901 91144512 577539777 2060384646 36999322 1516804836 1079860692 
592245254 989172110 1712133839 64092798 1119889768 107948249 518647582 1571871699 1183456222 1740204154 1610826751 1686734929 498737994 1087558006 1269341220 2098130407 1185396514 1034265 1458612917 1724189852 1201922375 1387048190 1369650505 835337682 1220579092 2006392463 268999732 458481153 1434396050 1634600562 717178780 1499414402 2057078654 541259016 687139246 157685450 710882275 158278626 1147370221 623345036 1429486130 1485297693 82791931 1298790718 1789371807 1467585266 2033330606 943131211 565092265 656723428 1167512391 1668206104 1889324546 18243634 152528680 922837310 301408004 451858202 2145973680 1253725662 1893572672 827826632 1705062736 522164764 754389106 226307417 1445675238 682897575 1899646353 485190864 99735118 611349159 127459830 724817976 2033473065 649241082 1283796570 829983022 545315084 1413907310 1794441521 33115449 2074829175 1449844248 1728042472 996147139 167759247 1101637409 1733997999 790040655 1682572358 1012966345 281848709 1555995391 1862801274 117267646 515893468 1274606110 247099659 732221221 
919337210 789405893 1782981821 2114000738 1652922286 1406748560 1629537490 1237422093 695070861 1196189352 1645841232 530319677 1700144815 1675282951 743841332 441995603 837139831 2020880129 213842969 587658303 489007705 473221743 1266410938 895793842 149086815 968438197 1956441272 340806549 1384379266 533573770 332903206 1623252678 1126721611 72104363 1445845292 1998782256 1963055966 2054516943 442087466 160196815 1219113139 811807904 53201403 2029307183 1697070540 566201109 1674552619 38666298 142068203 1281552888 1376071850 608608303 1631549205 1578912021 211241327 512587897 614763256 323123129 15197169 1957891941 1638880204 1525862441 245496847 275006067 2065730133 1346517368 774825769 42963888 871180114 1862556877 481606430 381554719 1779020684 1452566654 387762464 1169417291 1648147342 1074023880 1853976443 925531380 1932824564 105800797 2105785561 1350910303 2029500449 611946524 39738894 29613507 1837746043 2096093767 1109227734 584029583 841146595 516502432 18065873 1821793090 457406329 1596866168 1754924868 1425934566 
286402450 737332812 467003890 1104166285 916811391 1306982673 1989722582 37395880 1882180944 1209638742 370971803 944111294 2146471777 1657134942 2127067313 1500384173 757858995 2143964210 1523197669 247494279 871544371 1491962122 481492093 998958876 1053456276 710216060 146222574 938150108 2039926096 721770501 709918277 1513705683 255782283 423554900 1720915210 1040602090 2058107065 807314026 2003796183 1719665878 51387439 327378698 684418370 353207568 1890247097 218631503 1128655120 685622735 1046292372 831895573 854932949 2063831303 366774287 2023006520 339209441 2079209209 241747586 18234908 451684356 1275821579 2120412039 1842797816 1408023606 1903484002 1095538203 788614719 2124682186 326714248 862477484 210086555 740310245 937407772 833865652 1695094607 16620733 621389163 867895986 1367764765 1054428670 406914522 512452175 792655074 376831508 1741944001 1822706190 1704091356 1594332301 849788823 1736554383 524160528 1122068897 2096246119 1870196925 1529939550 465916126 1595762608 1216211966 1978214987 1916432305 175565953 
1283151629 1111802634 1297682406 1726806846 11485947 599534377 1731549686 908909277 2099249995 74651826 144875919 732146467 145915328 1394197734 1816234828 327949681 1437531925 2111918326 1334974155 1678363961 1373368619 128030788 1739506333 1052941041 502686708 1362884675 1123380430 1270858839 332967091 444458594 593199598 275020151 2130613460 1691917937 1057578661 829043368 392997080 1356657194 1166662332 109648446 341779524 2036402370 177588840 310423381 522975361 1832765957 210260050 1442839769 1669388394 196258924 1438271534 1841506596 2074602073 1080518242 685807688 465362185 512453291 801704160 288191355 1247755081 747030200 687566322 63223342 1381892965 1189889449 1699927759 2131919550 1705184434 1764827300 1276191355 932874433 1449195284 1937498685 542591566 1449117782 1288192157 1248511866 292059146 1806782495 1667343422 64236039 1048638946 648887912 473407458 133413372 186853479 788677544 1636263857 886409545 59537696 51851706 882215083 1512676439 461620963 780161866 1677481754 130727907 2069845756 282431032 1568942928 
603360617 538536590 652915390 1244842711 1742638286 584581254 753447264 1858753974 308446456 1045886785 1976921123 1223844276 1966296193 1765070666 1612576477 424862052 1551199941 638521602 329248540 1251712073 1661945189 686931485 1052830990 1002761903 1005222569 1289491294 903455795 571052423 1677061955 1061348725 415879058 1148181546 773102071 590248870 625691501 1531249662 2098041737 549758041 291509982 1755401498 1192638232 152936535 657219084 91829956 1026083617 1690778829 910320806 563538521 1149655851 2116947746 226385590 1882932975 88394912 2084165464 1954063426 1801265723 846689262 1831143161 890063186 1671257876 219124249 2067055004 926834038 668308350 1476081938 741598327 1901252265 472261957 739226591 686873421 54901373 1298312817 1736050440 10985655 364523519 1930368990 300969581 806437653 2016572410 1935010915 1881415066 743614179 1845117231 1901911115 834394608 672852475 2122090008 1770283950 1553390132 1484200720 1940372407 1562137861 105579026 751604799 1640031502 2042669888 1016826308 190027946 1807092615 1390090951 
850293527 788450040 1818403628 1079802081 1105913967 1499932545 1295464397 1969985860 1515513808 1354491089 1978348008 128030447 263896121 1477095508 1576250482 840442403 728760467 610177203 135847637 1356728240 1751352854 1808490601 1667006051 747160230 2024215396 1822761881 1150491629 41815498 953338218 608743181 1812120150 1031505371 1397756694 1076279353 1958174792 1210980292 2075295662 299002008 1122507604 509992867 840618791 684103705 135158138 1531563278 60234589 1275690782 1406391810 2067065258 1924487524 1350294009 1886835533 260750225 1821052935 476265216 1380218607 660576862 2087732657 745536206 1151047338 1629398169 568208919 649607357 1308846543 1043023014 1655375122 110484688 2006885621 471489575 1955169868 1480747391 1470362811 1661274707 1383058404 448665708 1989241687 705144677 415785971 406027498 1409190160 1005095281 210514870 1283562957 1741847250 750426766 1257312879 348212386 697744954 202478424 852168376 216684655 1198105155 438690668 324119654 914462595 1966614911 650681914 832335693 1733372854 2009185058 316638694 
323656628 583040888 1475612984 1119275740 821342676 1214796816 1150727298 217303830 43862147 985817343 961470950 797582920 260586753 1081793581 1948971085 1075927072 239565037 2002591937 103825807 704638808 192341169 1185120733 1497321355 1552353982 1384375638 1439428701 1031116333 931967675 1958576386 2085513317 647947239 730436805 651201902 416040434 683277047 628189610 167567406 1565882688 1869166848 2068628511 1809954162 1384996153 891060229 1402328334 1605287300 1122601269 1974557143 958529496 1038921807 1984184244 2001391362 757323069 1464340719 234061920 1071261305 1653179792 7635476 1048773417 599691731 1516442736 813421007 991872322 1950061091 1727002282 676880192 1008034119 2123521824 327971109 1877110910 518986153 985086900 1491745040 425872370 1931320416 1191196797 494676999 1485683281 1347492751 1022909728 1296387420 1844875163 1590277071 1413937377 694958035 1869473477 2145135454 1328207504 1577753023 2109986722 11209345 76362829 604979524 1551955758 624444974 1059892922 999831734 1311053698 638612894 338393224 1015868172 
1569651045 1496032457 231745298 1141063283 248483941 1297817002 1052496125 1119777783 1067540117 1124301773 590637840 1160088747 1460675576 1065580105 1325996037 917950787 1698264715 833393481 1305740659 960400402 1966131760 380238310 1007811314 536777533 1766477739 387060120 1888173698 532731823 1385238132 472288628 1997095150 400510605 963025660 66013488 2105135145 1739567959 632374799 1034865549 1990234381 1401872659 1639100564 2016499225 287107613 2070690968 294029648 942660558 1335102451 540179697 1257001261 78166417 1428016099 498557201 2146900021 2030664610 252957034 288699831 1629976206 606495816 1730881207 348687835 1804762073 1624802349 1400245828 255935934 660749772 851838243 1916847879 325347706 499632740 1895650606 1825106682 262650798 1241238934 1412882190 656221375 891716361 1223181364 1039919019 1947184157 249920820 1261430659 1223799718 989595218 798799613 2057807990 1844785510 854385524 1617777269 1439289937 755871709 1535905926 1903973591 856219665 1731102852 793015848 872430317 1491606524 1610885089 2120386013 1595306974 
1515515510 2000054163 864290618 678967331 382731697 835808775 417707405 1853555841 213003108 818050618 1545786513 646777752 271735684 1240733290 2142854924 951192183 1896657723 583774501 1632523621 621425508 749877558 1966032335 948220197 927605047 1929026048 790442226 449271256 262103918 1962344261 1177905008 170794729 1347300627 2080010456 1746858286 707498039 1137387256 1976510987 1373151782 1307534862 273152650 475543649 1630573380 1396113434 1267238457 260900777 965664012 557070133 1561281980 817417547 85815170 196285792 1820102451 529099663 1656714611 955454506 653006864 220228823 51959409 2141271354 420418832 976485055 1133434424 57608338 315576919 1666870678 685028 1002082539 1523227061 1982218613 13783542 2033190491 1223208084 2062696715 2078155388 1109028017 114957498 1500415764 2102721015 273964737 1491826571 189761699 1539603557 788214376 649694700 987190170 1375660901 1298394959 1157719857 263335634 1889265502 1276304158 308340085 605887768 297629053 618328289 82950486 1275107444 101472859 432938921 1026506091 
2077535692 1932170867 1242176159 581058124 993431044 11574678 790513076 1868547526 1478471558 294857234 1819941677 630801163 1081972377 153906685 864221108 1511573921 792250120 1448340361 1231908551 48112649 56763108 1497426650 2084067408 1667840536 838909847 4902888 1548661278 307660159 1814229612 242475907 1494275644 1073615592 1428696513 1401804807 1406856975 1043378595 396129406 75585143 2078747474 297916915 1147639667 271347007 105752960 1295226983 1475708589 1078463915 711119397 1957896400 1636625133 344113679 506834071 18743804 1708049169 1000545360 62561826 353581669 108222594 2133497905 1970791934 846810746 1072814557 1719375270 241891436 1915075879 1620708233 1431020917 1932880419 521087226 149237769 18559232 2055244308 1310172917 1941718254 38286852 785127616 1197900823 1307614746 7703425 530992738 986033565 820680279 974885172 2030298993 1197158333 160497379 838786733 1488573242 108121640 1544396977 1742787420 1237547091 921396318 1232336661 845674489 1774597300 1112830101 724853777 1690946782 410336589 2127528587 
806091785 615333354 579340981 1633225989 95622200 1742956899 864290011 1293036076 2064027884 1644117638 391760288 1926335697 1478467613 794429634 355452358 1260857028 1647893713 1804165334 1990679219 1133465052 1110726035 650949388 740344857 831940457 907107236 1464875191 497129886 143699515 1650354897 719768271 600045419 964515434 1186320656 461403099 529797918 1543921515 1361998470 1055886799 87387342 1024008354 773301138 1620837336 1627677101 1829853387 723098501 536309648 996328049 477006792 2138262796 59796258 1055724824 219687459 260072903 1106743236 1658426087 917229775 1568686699 1136581078 1656802115 1675950270 581719346 55630094 1011752448 984934015 1650032970 190643361 2037589774 90953464 1539558274 2035107867 186258311 1897612557 1634993026 1454124615 1996151409 1303611569 969478172 1008554533 1242050808 1339772098 816527786 2144291081 164302048 1182085135 992195511 495205263 1086363234 1347593973 418953656 568346415 1422803185 50565070 1243213596 1641181479 1045484615 285930357 1283513993 470467769 856502691 796495749 
1126932393 42919631 1202214973 424682290 1116726974 570518332 1553263134 1866587631 468136947 1298781871 1486288612 1759956858 371359316 573332247 2110534151 1662283455 2125808631 548854412 943870913 961190712 1028013532 328953604 2124596798 634164185 253252345 1387837386 365581581 1616001475 1078932550 2145166762 764904330 297073766 1841838835 1168534995 1034772669 58409556 1128268681 461550448 519542886 1748562411 1983966320 912316129 1196648432 399410610 587929558 999655303 2051638378 2093398475 1628552754 968889518 1105670257 652627841 944571398 608912404 1971546536 1079292052 1957121930 195458115 371016211 490104163 233030634 460568790 425249476 1571303747 254274830 1208090355 1055187824 1781384633 2139084485 1302531108 1690541004 1628434707 13871386 236667447 243864579 1353542519 1610107101 848893987 1683223339 2081106130 213067706 1870630513 1816671832 1288616857 1947331602 370721506 2087786698 1977838469 1897895937 942484980 1658807885 1330626031 1539900322 822091463 1703862551 1014408950 1161196814 1299086034 767643890 1300056574 
676774900 1807947536 20280454 1461626027 407531704 1058276825 370202200 82751487 1567126053 926466708 1925322321 745541274 1403256784 1378403510 189656433 1957570756 1082353105 1840618898 1879051264 1034375477 26471061 1643598161 63939643 910905081 2104048086 1040051369 1635716763 835619052 185505671 539302569 381523149 1076734285 90320544 1876009712 999514493 1882246932 234344285 966971097 1050354167 1567757016 83030663 591954490 1700965762 340476639 698393638 1819328740 73440908 1513949130 1104855742 1820458509 751249809 1730972605 1240897573 857808314 1010431202 162104513 585577419 1274880840 692233242 388520603 1583071687 1865798239 1579290788 190245849 671058374 1751210814 1789230940 1290958044 1560703641 1517066606 1154588243 1235298869 373198388 1028099760 391745755 1304405957 274744052 992911983 1675008301 450349426 752427179 1682914168 205808896 836539380 1275436986 729673342 783147680 617222148 584584265 1280637120 1529908985 112991504 1231742885 2080653339 1347593255 1264665599 1784733383 1462779411 2008237835 362851978 
795541787 425428146 242099488 514325268 709452106 1965979081 786589768 1631737311 444756078 1394476252 1368954382 1560734455 511245889 529955588 896950779 6403997 1270515885 2016411061 459179761 447414641 491636397 18400724 1132400415 2006044010 612082436 838122414 340422836 941419567 113222713 1016343995 1938628137 15907419 884548560 166658666 1023848239 1160502266 1784039924 1692851451 4067739 43259519 1887144083 1131175048 66247532 426362138 418304536 923473512 2129107606 1372074563 1452106351 124296088 1539938323 1195840290 1708268522 1364331033 1199250196 1478404804 231059209 1745683251 694608808 2062618732 330778624 1004277555 637466505 1363974130 270924663 1962566472 1019110699 1693272231 13757259 1730013032 1065130880 1134977042 1222867431 1608098040 533863440 1375398216 1287813530 679187269 1428845839 1869937871 510753882 1923744568 725958336 1377010301 1583462879 2085591343 903436015 647769531 752349170 348651691 1084467216 574428322 453466842 495890798 25858995 1988291562 1325463917 1402609318 1502197810 699402949 
176587578 465588062 535240487 157507451 77820864 298855161 402981752 324577099 648045935 861277724 456561104 2013828197 2044313085 566881874 1224771677 125681076 260373113 1520276069 1530618816 1542152045 248826950 1623213986 1200481889 1165449995 989318299 326502102 971199399 563790277 1413686569 1657041668 1887919750 1808175355 166705122 536639755 1892334891 694575842 434327529 458364100 1914346957 284253244 1562492799 1014192773 254256053 219874206 339600662 2097199718 787775831 644681397 1033230227 72222223 192598961 177490709 2026869375 645503435 1747089555 774757336 2039509776 448947436 1284481984 1557314928 1118627463 361618464 2065923833 1554621173 2088202892 1106579623 1141762090 1240199524 183406976 2103687710 1592372588 894753769 1641856553 2088642893 1174421715 893290869 655719462 2096505910 208937822 1046025409 1054028793 968479851 1990028481 1015235211 1817576843 722154220 629589314 1957698393 8364634 1851413496 631125768 241927165 1808738576 1519774651 130705729 629740837 669241388 762128071 822137407 1106557733 
591116378 498098607 1769593032 2048364913 760526523 364664408 1444504132 1326380717 2011708440 827320845 1891181781 1314064176 821959426 343274527 1293924931 934876670 2107449887 1064390626 1406252154 603894938 17061015 1646461686 875748635 31680895 239905268 1938834509 53437183 487163171 1069782989 730819877 1316295752 133000231 2033352053 1433659989 1076824150 1677528562 2144497200 319948194 1395858953 954544421 961321948 2060980442 567208333 860513067 1243364828 1476577709 860826345 199302733 506862434 985180940 573059665 1063962994 1274820935 1422134923 708993779 973669809 1985485822 915252849 1069899841 1615407200 1153576522 232614280 1735751624 775033208 1768224545 141574977 149375894 1117692678 1927503959 1354393348 94931056 1958089417 418505953 331334381 967212225 753834342 1060427895 1854142471 2078826877 351454985 1706234040 758400310 1475227722 1523079578 880008240 1259651275 1998682479 1335559832 1494566738 640673450 850134774 1766890134 841968382 854790338 1559526045 1429455443 75213534 2104358105 700803145 374168283 
980070654 1459118843 1024840545 881406206 947396280 471100700 300489753 126661766 1134176281 319499485 809085865 178441110 224666259 516186617 1655550021 587275459 658237927 1727366823 1464386427 1238476197 199401095 1604581141 1995293129 632841090 1043709901 1265449280 161670700 1926097190 58768743 2593354 808959294 1137231336 1548780677 581144046 1086354431 1172844560 637472316 199182284 2037648508 2007081000 1590771854 1178817540 1682281733 1703757044 1398104968 2061366005 1245342879 1749458006 1322893909 1493991962 672694463 1939054021 1644815922 1211563131 1771804987 1973684714 1740101157 968164083 675753614 1687439166 114532986 44677042 1064579602 1489499631 867089892 1280671244 395009765 1536822292 1055585365 1822553920 1377433303 587960119 793000884 1240378656 1163463338 1415603741 60103905 308417727 1881453419 1940924613 1226635502 1080211354 880491950 154311984 1496007903 1229706364 948724878 240263030 1931879985 1443727135 1716121372 1687747594 295484825 254865957 1065665210 1324235695 262373720 1412919004 464572794 707019748 
1039070620 408498780 256757463 1762252129 622452020 1738535113 1919211811 1220378173 1496289853 1566880150 1142304190 1428681876 2078180754 1357398648 1442465324 1206059348 559680244 2044007319 1297839178 2066772379 526765918 1016979748 1388465210 587701828 367967061 545015371 1229796152 1925757900 1831409875 260055307 1774774393 464214405 1529508323 381540585 1629220333 67054323 545524501 1980618054 1092180955 1444991164 47274498 1293394153 570671269 1561596219 594826674 815297731 526231267 1501109843 133124663 1269997216 1089916209 1855862698 931656834 1251089927 1302496616 776755626 1677726879 1777209061 1623825551 1990488412 1525710297 1717604940 708923951 196991359 1225285848 1728858800 1521641968 1845761444 1980081528 666635085 1199401311 2110095249 1681364971 830122048 2004954185 1588818061 1980200068 229552596 1529830119 139671581 17336877 1280710168 231168369 695556316 1648104540 1555517680 343267007 2042394262 1652277852 1101802106 1391816016 1006735445 1752356551 617918404 1909546845 596103325 1560285814 1866914815 1353425472 570144630 
1587440519 1156913226 1492766991 178578392 570133390 1914445217 844679922 1382244679 1748316100 445056091 1737570646 1730255431 1974934232 1766753677 1538797610 107689121 1745837217 472156106 718890049 463065682 1710621607 537104997 1957864839 753986668 1976911879 1974495185 2144866856 257440839 381127522 1218150860 1315395847 987996737 1141611030 142593512 1236600139 1356742128 310729344 156166789 923373167 1581297890 1110106585 1588180804 1494330185 744343714 638833324 1693986803 1058444097 1712927935 114974372 1858115076 1941141547 191369916 1064595378 60863645 2114954805 1097428613 436422721 1452090684 1787644561 1459251263 1674494349 582947468 1821630984 355517746 611132276 177805006 958978216 538872506 2083976161 1161235479 795594415 1312698262 1588455835 1670766500 1678487674 1220055265 599820432 784484095 1755378332 950989218 489213191 1080994919 97699003 1744251229 171222270 932371049 2003226560 1199675094 944079162 185359122 2146442614 1277863657 1259728578 1520308947 771449190 1411182417 280099408 1557802369 181931794 791726203 
586467764 1919392557 1554368907 773039118 469563273 515084198 1622157728 112617789 526811343 2132325271 2035482931 1262159456 1099857219 2109482424 677924067 847190268 1284782228 1519373936 198236075 466133319 2132430080 1752578161 1181560442 883540030 2039314020 162031713 147546565 1724353054 1830637928 1203556627 341091477 534469219 385194202 721256085 1605351810 1425187297 1573473545 360144305 1043984213 968575210 1189802499 538077505 1736890052 796638630 931605742 1207051172 892217563 836337112 127789673 7527141 777264256 75024763 2029722913 932902348 1501656301 137246797 597409381 1397832776 446790203 631328657 2009793269 541801431 1060018218 1197144804 694000351 2088242539 1704974199 953175255 1716817260 1288989123 1515265938 1127628480 1446031560 268673152 963498315 1728376258 283602839 215094105 916770565 1224071654 1116956187 2079734465 1554128093 629109330 1389615724 197088649 1797398445 1709898116 198688830 1410230430 458406190 1406003122 280160364 494423625 1987417349 1985305799 1481680661 1367361842 719479495 563078100 
549320284 925899783 1993832217 1505527949 687477704 1114428127 1684417704 1162202365 150806664 1616759195 1853601717 1739741084 1148740207 144828722 599909471 1958741403 1674341252 1870663557 541294304 1397262111 613001939 1619485348 1752299604 166060354 1949324149 1447388048 1279232598 407765955 695852171 956585356 966957207 348252871 1929723619 1864854247 1641259128 1874287905 1689710823 435197700 1881616855 745231971 43652893 838734524 748803260 227239037 1704654920 1804191216 1731003984 936472221 1662390597 497072076 160246050 1247357756 963538300 1873601826 2067392218 1517067868 1584174891 1588333561 988162301 222421608 542558954 957012769 368742553 95874355 910398286 533219937 1075515704 155325807 1814589911 104249841 1395187304 1629062069 659565239 998596626 1447506032 203780793 436229982 1964047918 940991114 989773550 1825282121 385299998 1901841679 1531586821 1869397377 766184868 429063534 747126996 1394292744 132845058 865577908 179634111 28753026 399196287 1458059517 1384957796 1427478422 503878714 652542905 516357040 
621788131 688202712 962627036 1515854480 581255680 761342331 277931928 495744193 497397122 1315951137 412760540 1547209371 335447905 605970153 1724434039 1662868601 169161595 502163436 295153509 1286354886 555763318 1582599282 2129962567 912793484 1978158792 633098528 232930101 122496173 302331470 560520601 219628792 1666956117 1485832453 1054729730 772877282 872248499 1349963885 1469373952 568884856 584327085 1402857995 1515070125 377142571 794575881 1468212232 1559314056 621441040 600276320 562572314 2095937380 1951996242 944594638 799695490 1623664328 540668395 712086987 1446629938 1379741537 37934531 542603060 224460641 122559128 864607029 704860760 1711561819 1721228709 1249552162 1633122945 66047628 740635413 1336802573 342653447 203672321 956858495 863974437 1260529726 1162973812 60445094 6241199 239868344 13071318 968025881 1142277470 15284100 1095836503 1751569856 535268094 267805798 2040193481 69437662 1090154520 683904559 1974709292 855829113 1948151862 260942512 824045492 1410342774 1865977897 1333430595 
645729928 1906596986 38111720 1864710665 564939615 1266347754 1581849465 301236340 988463361 860560820 1215135017 1172965741 1100366423 1871574892 1766988395 1131059151 1856005802 1592937490 685797042 1948053027 1826483653 1888145698 1891426521 788327852 919694116 1232238229 1855478015 1141727107 1359230662 1108907103 458218179 436841963 579328042 135482534 789458000 1763598353 1392189074 1660934755 282808487 1914144128 174021124 433765357 2056917793 449400734 2084029782 452203220 2098627582 1958967009 135307560 69833024 1827813037 361914298 1324205791 1422182417 1026684593 255214100 679744495 174851939 455566091 1619736897 1391502187 151146936 385435446 151117495 374077572 558692263 915648626 1817682240 743535478 1333917500 269594872 2023145242 145785170 101152006 720937223 1757925577 372395699 678501399 309161268 2079766558 1987459359 700329040 1285366285 207614176 611332678 1193308431 220942265 497487857 143953198 961525495 799587561 856970540 1699981523 389548860 1195309386 405961859 297377755 710042600 1926911011 584562164 
2023546919 1086909122 1414690032 1559749491 1160249697 1944835085 1073020466 1080161485 1221239458 849593063 629047417 1281988156 1311244430 715539136 332867509 369631639 102151757 117331587 1904221148 82360873 573883560 102884228 1076952381 331760529 1253339956 2086476081 1895327178 51199582 181907391 1606504489 580832428 1222841866 649011339 368819451 1396595527 679404838 1071226697 145521276 1002494871 1987065747 1143830676 179730630 346878686 1566536202 1230312739 824693512 180804990 1214024126 795849526 1097550193 1951938747 420930139 704713694 192625618 176095926 1709762789 1932811657 1001321447 31597789 240261423 545054508 573329895 939268905 1552492557 1947656114 1436127030 1665503862 1011068719 787075346 1751090364 151968763 2105364437 431713244 1436678712 1026260669 669033301 210621901 30324147 823820611 1820705382 1270317275 1681005783 772443855 350613367 328552161 1507015484 1523953788 1476032010 1558751528 773660506 644592820 796441624 1963366964 584305644 398067182 1193390188 370403607 843098726 525124383 572493512 
330995688 289378467 1050824862 191057455 85606624 1114146338 986543932 1617742197 1531543725 1211133346 1029097555 1524859614 1872026964 809041211 1120687686 1048588418 1035932421 1646471678 1845593861 1547319413 548602882 890515937 645433293 1225010438 1402341100 1823833874 994771507 471795564 1349330591 1465968531 1526672240 336462903 1185429703 818756609 965409100 1557427988 640686849 1571310362 1186209255 1602987173 849547398 677052818 1576748561 180733022 985688776 1109365432 1957323522 486197237 614677906 1951093131 905035975 289340892 1269493746 1320597919 2034520649 1397094364 835109811 349493814 521789992 1417381985 1090483410 1009727882 1672195461 1124666371 1383972020 305175803 797877752 427866471 1956485562 1826329175 426065165 1497855779 1725599137 1130718309 212599501 1145823821 1287705888 905882161 709446083 96909745 1651047221 706992108 1815199441 1277563484 1943997694 980641612 1855833211 221559661 986855420 95124151 325799351 400532663 448990157 79909436 1298641216 585008077 900078165 1204453266 842245264 167981930 
1539954194 674818509 1592556099 403454554 551374370 1449940631 76479796 9568763 97287914 634895799 685156089 1572434241 1623558906 1809442272 1099688683 505945318 1171934572 96792538 1674658322 1715755272 1547326179 1969212192 223698533 2008682043 799313231 106499794 282732182 547743894 404246743 751549108 1815932713 1759014 1402037503 1440942400 507495309 1532981875 747279938 984510485 727742379 1779288731 1195830197 437574058 1502259017 416858809 1557351230 1246470846 1458129955 155779120 1120359768 1820201393 260103443 1540118717 671699546 1641943363 404333105 30993199 354650240 1647706578 2116118452 2120937443 1934215589 688126433 1316388838 1243532676 1707780963 1375552622 194182647 1757911917 131691697 561329124 1047099536 235317556 502493573 75643777 1338569769 641424520 763059812 23246579 1314291884 632126356 1717200976 332799573 2090637600 276537533 502481906 792743141 472129071 9715026 49002024 1684995301 1556193678 599803135 1027145281 854227098 1093951408 1386964484 974877261 120244606 1665835705 1721662306 
666443372 128242156 783485096 678437833 620583525 1803005538 424177907 114735211 1613250242 6911233 1196543969 781976102 1298347710 644828719 1681095100 1606213629 1431980900 1159683589 471241930 675622688 110786775 850025681 1788535321 1336183971 1021711338 1681569808 51616734 1474246282 751178875 1107264341 1205695346 717462569 2077734927 1993917032 183960143 1829917255 758519758 226652757 1843581711 1637454088 1875245238 1022309426 1439808340 981987155 1813559154 205030955 553235132 575395684 1854174945 1184449817 578681780 1829256389 1872064604 174985569 1063108099 1688678972 1575107968 1717107295 1360172086 225569876 2116778244 424067376 1992632264 1209356081 862388008 1857149996 754870163 1882390705 960921340 1351248960 687902207 646755231 1124599819 839968620 597491321 2099544704 594928580 783887935 1286610460 668168720 74523047 229530737 1539246974 1019940719 1564197048 2014765948 23893807 67181570 24290548 1205906056 2051304875 500149366 457038982 2063756586 1815822228 17374606 465534643 1731692585 1346767647 895227663 
1021804688 877884113 1434757718 878150744 1868668327 1665224649 596763019 1090968807 1919294142 1361163284 1189517751 1975702298 831928045 925046268 280018049 2129733863 1068885142 207693490 1585087833 2004783023 109236212 1448944302 25748856 1592652247 1227017892 1749564776 1185396448 681750392 1168835036 708458664 1876342525 1312473258 1820657232 1150793419 279670655 712931565 1343540020 1184883401 426278026 693261380 1427795707 562571115 2064041791 408810386 274599855 79280565 1392298381 1071046497 493655375 1167475251 323951417 1348249910 1594828802 485311137 199529287 1962760222 1851355786 11474458 337804302 2108359017 1653164296 890603586 230324838 1409502486 55378006 1866398722 95174684 1566138342 1118594942 851509014 1779018273 1439154115 2094763509 2078224328 1217240655 1154973932 1819193481 1182272479 1975968496 491164375 1314244434 1947289434 1153541917 225117258 1902145734 415801637 1240109771 1686348478 106363536 2076182101 1438295459 1017064553 53336820 269329603 2074959037 880112826 1738375588 1594114614 1367547694 2065408431 
914941191 1428767053 574610012 557037281 1906295350 1102577593 148225809 1788768800 2009220828 1154296819 1689987200 1502189531 1024276509 1515038470 337276062 1235326686 480204129 1811646136 1165626648 836411488 921890821 1548967774 1782059790 503547524 1250137209 1398382309 1214042162 1689307536 533159786 1063792747 1781363482 2046328509 948091532 132167364 134947639 2100586136 832554847 144549961 2043652796 1122595289 822664321 567867395 774550026 1857222883 553962279 2135252677 1623535693 606598928 310361700 1756839898 2139035637 311382903 550381445 703163208 2091246464 729243410 1877765540 1966613094 2034250050 61326241 162197598 1441237923 276660702 1072503793 1044944522 554071573 707472754 1249341619 858142612 641117588 269120632 94041732 1446326409 2078960756 717464589 1978689578 1315058071 2051331456 423180133 104973422 952840468 1267183988 1343891266 887366222 656152406 510914062 1905828309 2044662482 1168535414 1499285061 1497535022 101107425 611446902 702707758 22463159 964731378 1316774238 1230700117 774470378 946362152 
344726922 1109332650 1071802784 369403613 42877545 1073211996 249026510 425700801 1776107338 189470170 1469144401 2027560101 599718720 223786468 1185483324 821307922 1169095494 737099235 132392283 877321317 1797608381 1164064200 190065533 371452016 1243359423 1818434756 367814564 358160394 1506423052 1423728679 1292520453 1955129109 955727075 522334868 1265865833 469375355 1138527967 785715771 681588908 1183466190 8963852 1664902936 2024136731 10126607 1944330481 94114812 785602800 1840064791 1383711376 1546848360 554452737 1158318475 524793095 1251262349 26651564 1870363996 1222915641 2136651546 1010738679 26180493 258280668 1512404267 837089772 1089522978 1247954435 341103323 2069700269 2112715773 1601885975 512621054 1867614661 1675104252 867268742 716178860 1737348956 96377204 422191422 1486787513 1411278345 1515905905 1721835700 2143073347 1060180980 1959957361 808922250 76426602 1188032579 1857193885 214611385 1471937521 1716264794 1931751868 679123046 218036752 1660858478 1164936787 1356665881 1891324466 1351733664 2106664660 
204036309 330161765 20055890 1052642050 642955224 373248108 28641480 2014090562 2024521936 2035829087 1691478362 81677476 771680962 1477755555 1919264448 1831814448 1651500978 350987735 1451762842 810652802 1669049697 235147697 1837183776 1594600486 403654950 1178843589 172996449 1599507879 781859581 581420157 784907692 1447337535 687311418 1474780158 1731867610 166919404 1566656866 1005854825 839643278 1036437054 491735161 187723762 1753679818 537220816 191936744 196356070 1936277423 429650075 1299343305 396576988 1102668091 1467038311 936078372 2027741205 1220005387 807492197 222439544 1031505912 2057979449 158824275 1269925832 931484373 197843168 1565401720 804521041 1260089082 1722276857 1470894992 452084626 186873048 1814220902 18544637 337630271 130703763 990656755 770847631 1215102549 591540438 781210930 1076160734 121544604 2032750608 2147152106 326691479 1581421496 594442142 534674079 636925372 1044595121 283032223 55517502 674143673 668746231 1263123584 1859120 950341915 886783345 1103157369 1049787789 1821356939 
1422478399 881264212 2093804705 363271893 211037862 673002790 40554894 667335827 779757795 73142585 1920628697 485426990 1049073433 1581454549 1407764703 87615407 19464538 1666228546 469699202 891679165 1346745331 72285019 794531345 580864178 404869550 534015561 1872670781 110866021 2129712307 794263010 1820270156 1134076164 654998534 724548310 1841001387 130895691 318142622 1424586767 1243086116 2031071173 759466705 331538481 1302579663 56039658 1693360988 43226814 984605302 1588940686 1830004854 1572145045 327657382 1727972907 1145990796 1034708387 1464695615 511450668 1466884311 872925763 1190289913 2062057552 1303203180 724419747 351079990 1026825971 2141653396 768338851 467502396 683340197 1913670593 246114100 1999465463 1370442323 246001350 788099527 1979932895 1450742552 1419769949 1562569845 965681122 92624755 1123212671 2136217122 1525159492 1198176549 858224021 678027963 549293216 807951943 2091368675 2015101179 1036326113 804222211 1451778512 1559352519 1518727609 703094703 942096320 1163246829 592695129 806921973 
107545995 2118610038 747541639 2114691253 1643231410 1232974514 457798432 1858656493 1327859615 619215797 900268372 1678460492 376508174 820807732 573496025 904155541 1859372987 766705343 723985483 1582527437 204757212 870675453 621580105 545774026 1637274783 1300514631 744155272 73310049 1979298671 354615654 1271655440 1842975870 1337426119 1059262099 1567013016 583265305 1958659580 555250768 538490172 1699629911 1389557555 1025483933 367580665 1670305554 810803328 1203243213 794010819 2004547692 2115750809 881693930 1826473353 2117351177 859114793 1381838951 1549299784 1533128954 650386442 493587901 1635596208 2097859392 1197314446 681583171 179259560 338219255 576825832 140888993 340365316 257296069 1582222075 230650725 1273831249 1643413101 948125588 35733640 712615364 1501889516 2118721375 361525880 1682356032 1508615764 417246097 820897280 1984085625 1670128140 1102453183 519124727 291715432 1252180532 436771446 674155599 1018468888 1802045280 2140483020 604780140 207640189 973578031 996597145 16713406 1245678000 1205281569 
