29391 26674 1876 19763 218 11128 447 5832 30862 29567 27057 25809 3156 5775 2934 5980 24488 20368 26157 32330 24196 8713 26839 3647 20407 30496 3380 18305 10093 10675 570 11690 1070 24584 6896 22332 8231 28557 6992 17844 23133 3298 940 23714 17946 14601 4111 19069 23731 21037 19172 17977 29772 32192 5205 23795 23125 12030 24496 17679 30930 9864 31503 4004 32744 25233 14578 6963 18151 10366 2912 21902 2676 4695 21236 9721 2691 21782 1677 1157 17137 24788 17159 8883 5233 3121 9543 15084 26631 20091 5552 21147 26398 1309 22793 13867 26508 6688 25420 12048 5662 7024 16283 22676 13346 26304 20747 31381 13156 15293 25965 2081 25263 11939 16519 28755 9099 17924 26397 29809 19856 31741 9343 19306 19245 12633 19426 18437 13601 28237 32603 18117 11627 15456 10534 32337 13012 24765 14075 13220 11523 19648 10670 11621 15849 26287 24887 8175 195 15344 22062 9550 13558 8037 26977 12042 9258 8920 12610 3477 24670 22295 25790 1404 28490 28892 17644 23774 7580 27759 23425 6193 27461 26010 18167 20663 21278 10754 11658 30456 30909 743 9806 29257 11872 18418 11584 20075 759 31163 7580 21211 15799 14794 4365 29252 29957 10389 17233 7172 
21223 29151 29496 14383 25016 20502 13094 24425 22145 28796 31196 15336 23665 7868 10036 6668 9672 3645 20202 10273 23762 17974 24455 32553 4365 10915 4600 26594 21433 24579 29299 12391 27319 17191 826 32278 23486 6831 30718 2958 12397 30806 20758 28655 20171 25634 24483 26091 32216 21173 25441 4081 5452 1431 25964 3545 3425 3144 30340 1534 27283 17065 26302 1177 5272 11064 22990 23217 13384 20743 16527 23000 29550 18238 7288 17298 17376 31790 21640 20894 4593 7551 11511 21985 19124 23148 22245 7862 5526 15859 32301 14715 11869 6797 5100 10904 11241 24854 15957 19867 19740 7458 8583 4261 28084 7071 30021 4940 16045 26203 8693 1970 933 32001 3929 18944 26288 11502 19383 28742 13623 18745 15247 269 24141 31538 105 14677 15687 5760 24289 30449 1332 829 27941 9050 2591 8117 28876 20609 30864 6844 29826 1910 26443 7525 3369 11798 477 6113 32676 6707 1791 2870 12133 28992 1686 3115 4458 12928 1290 21099 20982 12699 27177 22326 15976 10139 22480 30333 24092 6781 26868 32163 14517 6010 18967 8088 13064 26761 20587 9403 24306 14659 27059 31327 31994 22183 17477 31641 18154 1864 2280 11170 26765 13975 10082 3342 15192 15335 
30707 18867 24322 25729 8267 32602 23620 29989 29352 17601 14412 7292 1487 17944 11806 5668 8711 32523 19825 1832 31784 8730 17593 8085 31433 28176 21645 24492 1968 23966 4187 23124 15105 28858 15955 11776 4456 10828 304 13407 19625 14863 25424 2041 9386 15174 27905 13016 7324 16304 15582 29643 29196 2537 18358 7946 1125 25962 17785 542 31443 24705 20077 26417 17571 3137 24680 28859 30013 21575 25528 12395 30229 19524 30761 28143 26942 23679 4151 7457 16532 29273 13779 12942 19084 31494 17736 5423 7364 1675 3519 9088 22132 11364 15553 24491 13584 17089 30591 20234 21424 7891 24622 24103 12233 1842 1297 8091 17344 30619 9105 1178 30659 5293 14329 10943 23445 31398 27029 15245 7999 7081 29639 9685 26911 3353 4819 1341 29903 30234 28650 7890 26437 28338 3432 15475 9698 3343 1941 28612 4003 21759 5542 21544 13346 9777 27001 12550 6220 32141 20245 3067 5491 6758 13990 8964 29764 3138 17658 7087 24034 20553 8262 7666 2160 14776 9698 7177 20327 496 21431 20507 16308 7985 24394 21493 31972 15171 24291 6857 2054 18900 7423 615 24352 6036 29197 28005 19215 26032 11891 7643 27669 19945 12393 22701 1410 19173 18434 32461 
12071 16759 6632 20731 4844 17366 25573 1782 32145 28902 2280 28784 9283 5977 24958 17688 22156 9556 24240 23792 25791 27857 23139 8054 9659 10852 4161 10392 20397 21811 12055 327 28349 27443 1928 17128 14015 28543 31920 11695 1757 25727 21286 32458 24292 15743 12626 23487 14473 15997 16163 4682 21647 19829 11636 9992 160 17647 23257 2256 11598 19862 13112 28208 15437 12128 16851 11362 13506 27482 161 13302 1944 27736 7503 19644 3955 30269 1456 15747 24057 22322 20812 18169 28966 17912 10035 2981 32214 10990 5240 19333 7093 6431 31898 27665 16861 32064 8172 11991 9584 16312 3098 22048 15983 1123 25387 32697 13428 7954 7716 21447 30144 4636 30448 9371 14604 19647 11763 13623 32281 3982 5216 19176 14497 5873 25684 2557 7482 8549 26986 20951 11849 28361 29881 16147 26845 10851 7395 9999 32102 25715 18323 32333 25919 10214 1974 30762 27773 6030 21746 18416 18946 7876 28950 7788 23817 27555 32114 2326 31513 3705 1825 8082 20255 18173 11829 19824 11460 22829 20602 1318 2338 31089 11566 9305 12948 18691 1588 24326 31156 16555 18163 13111 5791 16515 30469 27030 27561 14388 10994 31953 23209 28446 30597 17603 31218 16727 4516 5463 
13997 11024 31842 22666 16346 30873 17131 6098 20494 5616 12701 9792 24374 28550 23919 5637 18456 1550 14133 16260 29178 3654 13467 23914 24780 22871 22116 31767 29434 13912 26396 14659 16992 17246 11923 19820 31108 25343 13218 20498 8647 1146 15960 25566 28152 21270 10977 626 28660 19511 16439 27033 13624 1509 18955 8032 22138 2647 28848 122 5750 28655 6967 7024 29373 1364 25179 6058 32551 24463 10238 8396 2749 6268 5762 27009 23474 6171 22901 19198 1359 10933 5494 4823 28135 5480 510 17025 7621 17019 24015 16262 4717 18239 1788 32735 16827 9119 25296 20341 8484 26095 31942 10438 12160 161 16585 9990 18300 31281 21227 25909 17088 4193 12697 19677 22101 18292 28415 30431 21128 852 16714 12245 26411 13707 3809 28068 4356 24114 30760 2872 18215 17015 22624 18309 30234 15372 5745 11571 23766 6699 26612 9689 28937 9080 15029 2490 26200 30620 9231 17019 12389 15498 29386 13380 5033 1647 1659 20435 22598 12670 27597 18180 21291 7954 7419 26320 26012 16240 5075 28179 22555 8331 14475 30887 28408 10277 18498 8361 31388 14676 25079 13878 15890 5979 12965 6760 21625 20702 30393 19092 20170 23219 13112 2949 15301 10661 7664 1697 
9346 1338 18829 7469 15015 30232 17788 20974 16959 15089 3448 24373 1564 19716 10671 28436 30564 26516 14512 12938 4898 29671 24319 28797 32131 3700 23069 31937 9409 1376 16558 26067 24592 9238 22399 22628 11504 3424 16684 24840 23896 14337 3998 3134 9664 27820 29709 29728 19582 3833 3482 31504 21141 22995 27202 3184 23729 17550 30136 20502 2148 4634 16821 32215 1795 26927 26370 32103 18967 17426 2765 26711 12608 17804 26753 32161 29663 30288 824 6283 30042 14068 1432 27918 1529 2843 1707 14468 858 16721 24496 25814 13744 412 8662 20205 1437 32152 12180 8154 13217 27271 10265 2982 31076 25179 25021 22511 4773 10118 16470 29313 26133 8611 5660 6020 26859 29904 16780 12229 31926 27233 28079 13134 22302 15316 5828 15692 21190 27127 8536 6330 31949 20520 14187 29954 27552 7698 18049 16695 10773 16426 18755 23552 27834 23022 2081 26599 7095 22707 30576 24732 13364 18148 30792 23907 8126 23473 684 12714 27329 24402 18422 31267 975 20247 18051 18865 21779 6683 2196 2114 8805 7424 24950 29000 12475 8104 12413 16402 30844 7841 8089 10144 6076 9347 1915 25692 2653 6287 23543 7694 20369 27293 14241 30896 19597 12580 9108 4038 
15609 1519 23118 18801 29854 4875 13701 15713 16584 8911 30141 22560 31109 28109 20518 22363 18454 16762 3066 17352 567 20957 14392 23611 6415 8946 16902 712 1101 11831 27179 629 31537 7013 10732 17399 6670 29718 18774 8187 21451 22552 17607 27654 16291 6487 26671 8653 29980 2249 30215 4298 14097 17874 8921 28264 16938 14285 1003 22246 19539 830 62 17510 28648 9551 17531 2972 2361 32150 27293 7060 18075 27563 21964 21861 29027 10259 32523 29203 6559 32010 28791 23546 25100 7393 284 17024 26886 8433 32155 14526 13371 28419 17740 12484 21194 2838 8957 4063 15852 29651 6580 31573 22141 20351 18686 5018 8099 5940 27149 19090 20398 30403 1368 29169 20287 8201 23815 12361 11277 3528 29344 29284 12628 23035 9049 4498 7373 25906 13000 17800 26651 25735 10350 20169 26341 11962 26497 3510 5688 26736 9483 9948 20827 21774 17187 4184 28289 6622 26163 7787 2682 10361 15499 6070 13498 916 24413 30857 31016 19199 14127 15079 14928 25519 26140 21733 11441 5846 26089 20088 2125 24119 21634 19634 8975 18909 26710 13307 13332 27710 16860 5968 21372 26353 5466 18768 28946 18237 3675 21263 4678 16660 3965 13095 10132 4808 31016 30883 
21894 752 10280 31965 28995 18749 15088 27692 19416 22606 28811 29792 28759 14030 606 16173 28287 24248 25665 29483 4300 12856 24374 31654 19299 21660 21498 7978 5773 6558 21200 29291 6703 20312 16940 27672 13062 21358 30305 23327 30 10801 7262 22824 25788 6600 8463 1653 8325 8012 11832 7623 14306 143 29624 21145 4207 26364 25890 25167 2962 4761 13288 8154 27976 6766 24046 17344 9596 25577 28788 1095 4986 14973 32718 18808 8084 23228 13803 24617 23540 18542 13228 25596 2684 6774 16403 15684 18959 8391 25970 19066 22621 13661 4433 7399 31541 16002 5854 22846 7816 881 18670 29434 8651 14615 14608 15480 12627 12576 29759 23110 28532 11499 22185 23174 23753 29703 13587 22189 957 7857 8306 24442 20765 22531 4080 16205 4392 29601 10297 7917 13791 30220 8990 31365 17480 1420 18758 23751 27104 26789 20133 15274 18730 12396 28382 2622 28020 7756 17289 10730 23390 10392 23652 2824 2489 24977 19817 12436 9592 1795 6139 11069 27748 9057 15354 9948 13947 2466 24646 19890 7536 28582 8305 15230 9915 17434 26687 28312 15693 14395 18496 22448 1762 25702 7335 9376 20804 30374 20413 26625 10072 15070 1019 29034 32431 24590 17184 21382 
8386 13157 15290 29992 12583 8963 13094 17924 24185 29393 31870 1506 21512 17238 10926 1052 19706 26703 26259 24578 21451 24468 27746 29862 10387 2534 15086 4807 26533 28751 27064 29800 15055 15909 29345 17551 6700 21023 14585 28075 872 18253 18504 1115 3405 15337 28665 7803 23068 30517 31252 23670 7840 10518 26158 24105 3290 20250 8373 29401 19177 5188 11195 1185 21482 16099 8969 9061 28380 2904 18567 26801 25566 10039 23346 8542 28169 1046 2929 22865 11840 16037 16738 15040 29896 3919 15193 15270 32352 21214 9316 25488 28751 7264 27674 20078 1675 4747 25406 30013 10785 1770 9811 11358 25893 6397 9465 15207 13076 14936 18313 4353 21883 22774 19587 12907 7708 24943 30143 9506 17962 22104 24691 28657 12426 7718 12983 5730 19743 17186 17720 6071 26678 15653 20414 15857 8750 20427 23149 21097 262 19711 32656 11691 28169 912 14282 565 29861 15561 10588 23536 24912 13534 13508 28448 30506 32268 6434 11515 24555 10098 19039 5623 24239 15424 18684 32205 15177 21638 18664 32204 4340 4342 1978 29399 2983 18362 10370 30836 14502 15876 7588 19757 2507 15254 11873 26177 16170 1495 5765 3373 16655 11158 18828 29461 25340 8119 4850 29844 
9715 29140 25181 6318 4534 26168 4648 19270 18128 17525 19566 2301 4182 28815 25068 11951 28048 5410 14859 10291 13816 32475 30614 6613 29599 12953 27201 29363 17966 11734 26046 4986 20023 4368 23023 20903 28062 31211 27245 10828 24217 32477 31320 2566 30350 231 17520 18983 1540 19555 932 25351 12962 21039 14479 16853 5899 30799 5333 22718 29646 23848 1713 9643 7055 12725 7703 8855 27593 17730 7971 29049 16770 30985 10103 30504 1584 4159 11739 12345 27856 9224 7963 13506 1869 29732 20823 8049 19977 32127 28353 15087 29145 19125 23697 22884 11147 10198 18658 15979 27780 14386 9046 4416 20059 1026 17929 2592 32050 20683 10581 3093 17691 23712 28601 13768 28687 10058 27483 29324 1447 13527 20905 11397 17477 27028 4931 12859 11739 21441 24675 8377 20502 7622 21664 11381 28780 13912 21547 1609 18379 4169 9479 25346 21206 11743 2771 718 22024 11278 8032 2851 25900 17378 2588 12501 14747 3221 11182 25168 32344 13417 17722 12853 31710 10974 22740 19778 8009 22795 24702 7590 8354 14919 6363 17723 21856 30520 25935 25444 25513 15777 11931 16303 13833 45 26144 2238 30461 2958 30268 13427 29520 24808 4126 13227 9622 4079 150 3472 
8823 32210 23784 23694 22460 7133 9252 16953 6311 9276 21963 304 15564 9232 10013 4707 12635 3918 3975 29597 28321 20019 9784 4679 30692 7571 2928 20524 19650 14319 23922 12758 15110 5721 5608 1052 3378 280 9942 18151 31777 4024 26391 3457 9012 8498 12700 17321 3712 695 4033 6624 18507 3537 1636 32754 16686 27402 28698 21829 13061 10408 11863 18993 7748 3583 26274 6516 5883 32111 28194 28671 12347 15042 28536 9053 13103 32656 26626 8285 3990 9307 20025 10870 14878 7637 4803 12781 9379 2386 15379 23832 4176 27686 12889 20259 5995 26729 10337 1615 16812 6458 19609 3515 431 12391 24830 27182 19259 19009 26604 4715 28056 18078 31424 976 30047 9465 27673 24524 22596 31855 7195 17106 13893 14254 10565 11537 13999 22701 17495 4432 27085 11896 30928 16060 15479 24218 32161 15946 27289 8298 31762 23878 3299 17118 4506 23557 21420 9330 22963 546 12307 5849 31312 4667 31989 7397 2930 19884 11356 27496 1733 28183 32181 25047 28678 8841 15797 6498 20617 27366 31206 24145 10854 27501 5312 28225 13829 18024 19193 19432 21325 31368 10843 30112 28543 21252 29463 6053 19292 20863 9119 29627 12843 31673 21356 4327 16567 2029 
7443 7301 31207 22681 30628 18378 17340 9009 5238 19799 6704 28705 971 28534 21410 8796 17887 2727 9764 5382 19065 30323 20029 10539 24685 13863 4962 5549 12526 10826 21188 18537 5805 29546 4509 29471 4301 14890 13464 7034 29425 5790 15889 32262 12388 30240 17923 9795 29781 17400 30529 2926 19315 19278 897 3310 28326 9999 1826 20725 16498 13823 3274 22708 19113 1255 21692 25436 22602 6103 16606 21999 1913 19685 19143 21155 27907 30428 28632 6240 10899 27981 1408 2667 19813 6936 8903 28364 13936 4730 24503 30195 32140 6320 14953 19223 12892 10858 5276 13054 23488 30584 485 3385 4558 27795 29750 15141 29856 12024 22549 11891 12990 12302 2896 27257 29946 5483 29719 12637 27305 520 4243 1476 14868 19696 4875 1476 164 12417 15237 1814 27140 15298 5544 10695 2515 9450 8724 30254 12466 6846 23232 28806 17721 18889 17835 25095 17289 5655 674 10028 22156 1666 29671 14910 31489 5326 20070 31239 26665 13280 16623 7751 7243 12352 20051 13932 14258 16896 31578 3142 27307 9899 15721 17165 12515 25945 2407 6520 6243 29310 20749 32614 25033 27120 15424 31487 12600 28986 29952 28766 8312 28634 28084 28212 18489 28228 12293 903 
26993 26683 26678 25198 16561 25510 14963 24944 29819 24103 18491 11081 6655 12930 21574 25787 7239 16796 28424 20520 15048 31250 26307 2855 16742 11714 25667 20858 7604 20085 28131 31667 9173 17654 29457 20388 4146 1583 16861 20111 1286 4075 13066 1981 32141 6404 21194 8033 15539 10841 6694 13950 21112 13839 4872 13353 6703 20724 18865 19314 12597 12915 24291 27248 26051 4577 31179 24342 3500 1068 24413 28195 30693 5020 14123 17853 18769 21686 5326 32450 29996 10582 16890 12500 22649 22351 7053 7985 19678 22405 1154 19186 28399 28745 27441 17037 13243 21800 6985 28921 4023 11743 10360 27932 26706 15017 23385 13019 16720 31113 16033 16005 24611 3114 11864 25909 29418 32339 9034 17141 32247 10964 27278 11044 13693 20443 15856 31836 8986 16443 14841 31160 13090 23064 10950 25514 7537 4333 4951 6470 18656 24455 2181 14912 6069 17295 4951 26108 11285 19843 2755 30143 15429 27433 12061 18149 2518 12032 15591 21074 30907 17796 13327 28189 3021 27780 22689 30755 19542 794 21489 3018 3476 25931 12945 9295 18042 13727 24239 28794 9504 6823 27352 15301 5228 30838 3213 11086 4981 25107 25049 8009 9456 8967 13485 20987 20574 32013 18752 32150 
14560 27796 11481 20183 28356 32617 27798 17132 22351 8420 5704 22199 15145 9734 27332 365 3889 21889 17265 5338 17442 4687 2840 5263 17007 5622 196 24431 31785 28673 5617 24658 23273 22942 14516 2850 27474 10583 11463 31498 22480 1798 23181 12996 7724 1697 23080 28148 5842 1685 4033 29577 899 17962 3944 12904 24209 14423 29612 21832 26855 27268 21710 1355 8804 13185 3438 19336 32047 24249 6474 7012 31478 20381 26763 25267 28855 6221 9434 17433 615 16059 7298 3556 19775 30541 10039 9484 18387 13015 4349 20331 2473 10169 8806 20506 20172 26476 14408 23198 26619 20451 29562 32423 10909 29351 14426 1167 4758 16200 11160 13220 9604 441 23743 23031 29986 10671 8700 939 12193 22103 15890 17056 1496 29858 27277 11080 49 2269 20009 26740 19801 26075 19494 5164 31415 26689 22151 205 11162 7052 9135 24847 23290 14775 23326 862 21022 4435 7737 16261 18537 21645 21858 30182 31045 20741 3318 30501 1525 14653 2065 31914 28075 1809 9960 23897 23938 1653 7746 10256 12473 11591 28523 11732 9496 11747 29111 22744 16645 12138 32199 16043 24284 27726 2419 8825 19953 4085 14717 32459 4502 9603 19313 2098 7276 27503 14053 3483 
26724 27728 9028 15103 27750 10064 17649 22832 7777 19215 29021 7692 23125 17629 5441 9232 13839 30953 22653 6352 3113 17102 26597 30426 54 3534 5450 22099 1787 4092 13689 24785 6284 495 29109 11083 20574 10668 25756 14308 10195 6181 421 25492 5370 15663 1439 12594 15207 27451 7318 8006 32153 19728 15286 23008 6307 23778 15503 90 26355 13173 25541 1634 26309 16261 31486 12497 28205 10623 4642 5256 31704 7273 23980 18000 7904 740 11751 10297 16258 12583 12236 8129 24728 21195 11103 13967 26526 9647 5108 5361 2879 15154 14022 6374 31445 31890 24168 31104 3005 2962 12748 20264 22842 14688 15325 27956 5470 8353 22441 8651 24364 24281 15935 21555 5327 27462 28885 4514 30671 26612 24447 32494 28047 28033 1738 20871 15095 29799 4781 8737 18423 16020 9929 19598 10784 4400 7822 14137 29168 22048 2677 13184 31900 23439 8711 31077 19864 9092 4597 1306 29539 12563 28435 2608 9140 4912 32366 21612 7644 17976 12808 16777 22379 30633 28936 10493 22480 17334 27956 31570 6016 14797 7105 25856 20203 12817 26327 2004 23988 2632 24306 1231 9372 318 7521 25240 10898 3592 21810 28938 14507 119 8995 11047 4490 15991 17190 17696 
11074 14183 2515 6303 16740 18262 22154 28247 6665 26142 32673 389 21167 22767 14973 19704 17002 25104 1314 21332 12475 3028 23464 13256 912 7424 22897 1922 27751 21505 3718 4896 24064 21718 1198 22078 15806 30510 23581 9532 15639 15680 12732 16059 6568 11424 14605 11300 2833 17373 15825 991 14691 5343 7320 15758 1100 6388 7397 2098 12144 3234 4936 7024 29011 26433 12945 3238 8811 9008 12918 19240 12704 23283 12391 28372 3345 30894 26548 15610 24184 16379 6242 12769 21634 7437 16236 23576 4143 2851 31478 2760 22338 15206 10842 21052 7301 30113 11758 20464 21105 26899 29886 22087 11556 9564 2322 26501 10426 15942 7665 21144 24441 3972 32712 5483 6044 2305 31349 30639 29024 6484 30052 32028 13619 986 32674 13638 15080 20042 24799 25859 20958 13806 8878 15107 21749 3456 2467 9932 27048 18121 11750 22410 1118 28567 17585 22774 24263 18945 10657 604 30669 27127 30109 13009 14029 10589 21495 22292 10722 27188 13670 15230 14804 18246 15657 21910 9969 24310 1691 32496 16139 26431 17970 9135 22725 30157 25848 20045 26559 2453 28355 27356 917 27610 15635 17709 25282 15866 20348 26098 9696 31290 10220 14194 26494 30880 5204 15508 
6400 5821 16596 22149 14711 8851 8310 24561 11547 26118 13617 10110 12371 2240 6177 26137 31185 18904 29674 14396 12438 12793 32101 7480 24228 31230 30581 12460 22066 1897 6902 9582 1147 27385 18744 29090 21025 16141 10267 15819 28992 21051 3307 20992 4404 13201 12023 10487 12751 12059 12603 20804 32469 13357 28759 522 15810 24551 24357 7222 20552 18210 21372 19511 24905 859 25293 23297 29067 29757 2929 2202 31374 4542 3539 25122 15869 23305 25685 20193 15536 18351 11855 6158 25033 13842 19021 20980 11976 14668 8360 11647 22593 19833 29599 7573 29067 13656 16396 24564 698 26714 22675 19288 19099 17686 5735 29476 17399 16751 17726 24830 2498 2168 15498 27203 16025 31184 30519 11053 4608 13686 3359 12807 16070 8162 769 25209 13629 1154 30741 10906 13381 11488 21052 25018 2062 7877 9847 23685 11660 3868 7450 893 7534 32706 20923 23977 31284 8479 10929 30009 31603 30241 12848 16892 8176 930 23880 10038 17512 19562 31994 29697 26145 27995 28177 24896 27285 49 2549 15200 23077 28317 26282 24527 16403 10608 24113 12538 20043 12112 9240 28604 13118 12517 4763 19192 21538 2662 11596 3584 19112 27207 13941 9339 22522 31203 18936 30852 
18457 31180 27983 20943 20428 20308 14817 7384 23216 8541 23049 2865 14626 17684 12385 16907 22139 12510 18916 18235 9150 12394 27002 11341 7535 20923 9937 23349 26707 11990 4848 5667 4350 9501 26224 32081 29029 4355 25614 9451 5108 30196 7308 14618 10440 284 1717 2042 28570 28070 24716 10491 30544 10285 26364 19025 10212 28630 18938 15601 16668 1262 17809 20398 1951 26657 3815 27528 19398 30619 11881 18907 3326 30228 19897 31097 14120 32295 26568 32140 28479 27898 10065 3083 12089 21381 18870 29119 586 3401 25094 22019 30646 3492 14315 9033 12305 15221 30533 15595 15054 21303 1341 22555 2473 6922 27765 32102 95 24636 12019 21981 16695 2664 10803 8040 20673 48 7704 26944 15933 154 31549 31249 28280 29583 8319 26294 13005 28711 25022 19882 24764 16956 4570 30184 8417 16433 20330 17474 29797 9278 1244 10363 27515 25217 5752 792 15702 4069 1794 14584 25679 24407 2355 22360 5196 19909 31616 1975 8709 30461 5332 15368 24192 28298 9109 9445 11094 24298 28259 13417 11790 16993 333 1458 4087 25840 3651 29766 17276 17444 27410 31036 28494 16849 17364 8214 32670 3551 29267 32185 1259 2829 21531 13226 25235 31418 3114 2350 
18901 17886 26495 10705 5415 20890 28381 1744 8546 2821 23812 14448 20469 11782 922 21489 18623 16547 3017 29297 6834 15413 31781 22322 24956 4284 23900 9562 10200 18831 24799 10913 23203 22585 1457 25693 22807 32381 1912 25274 13580 13806 1929 10276 3580 7842 2152 12235 22630 11839 8307 32334 8980 22628 4073 8349 31518 29119 9236 3458 16505 22877 23399 8098 17178 5896 15254 9134 10080 18063 8525 14214 2583 3093 7393 28078 29314 13820 13605 10058 7868 11857 24184 3393 20644 30929 329 8508 7253 26650 13756 8268 27185 14831 5611 15706 17894 26351 13942 27167 21443 20693 23744 947 8223 6157 31228 3483 3687 21647 18282 25796 11510 18090 24753 16168 31644 17505 28149 15386 25649 11215 12343 22409 4471 23824 28033 29031 2884 29061 2916 12353 4500 17766 3861 3442 23106 14869 15177 17524 9305 20859 20301 6509 3663 6408 3649 19417 31216 19528 25099 26960 21297 4961 21023 24250 4015 23348 8376 24643 2125 6050 759 29718 13452 11110 28627 30478 17581 21792 12918 25357 22576 23217 657 11370 25063 5428 30755 13250 29558 5287 8443 16668 16905 32321 28432 3072 7047 13553 21425 31273 2294 23761 19194 30479 9050 11192 22430 4527 
28051 29736 23681 26994 27367 2959 3129 11861 7801 2583 27367 16763 6592 32568 10728 25756 4286 8407 9988 16406 4109 909 5920 1340 4144 19734 11930 25654 30440 6335 6305 14889 8004 28987 13655 6453 32583 2905 3707 28488 26697 461 14177 8147 22510 14065 27902 9917 9896 1316 23739 32583 8747 2385 20115 30626 17673 31189 22105 246 13117 5110 18232 10653 29067 13913 16093 27071 3825 853 31973 11085 2609 10509 13050 26970 1329 25668 21729 29423 30255 26439 10372 3799 20246 22141 6027 13295 30518 27289 26311 7545 22938 8992 29074 11257 6286 18423 24878 10632 13392 812 14022 28955 17554 20261 30143 23285 24330 23641 17452 9269 27305 23975 25655 214 11010 5631 32263 25378 1745 24216 23221 23991 23215 20431 1502 12438 18270 14989 25120 23414 13894 9571 1517 2314 27005 21393 7124 3777 23442 26892 10230 8413 6559 10570 721 24731 4384 30665 25391 767 5497 2660 30750 29076 12827 24794 8163 4947 6472 4555 7733 13433 29464 2524 25730 16845 10387 30919 746 2473 23056 27947 11789 3831 21709 16856 6624 10147 27646 12590 27784 32246 13425 15046 22922 30645 1557 10458 12997 23287 2666 2961 1078 5109 27795 101 16728 7681 
29931 7655 12102 30027 28901 24835 29296 29967 19897 2772 4295 24300 11632 24519 21415 21209 3244 16575 24616 26628 9665 9223 6805 15364 25889 20989 3855 25474 32600 25189 32704 19785 26138 28546 32133 9450 20177 20444 21624 30633 14968 12162 6623 6810 31293 24838 21083 23710 22590 17230 17422 9446 21802 9712 11041 5776 28916 17459 14941 20382 23748 14578 22450 24359 25836 30276 5345 11816 24847 884 28715 5126 32689 5750 10447 11819 25898 75 29933 9207 19572 8178 11084 19494 26328 27494 13369 1443 12017 8453 11157 14457 8899 1072 27665 4397 22103 21274 3920 21581 29684 5195 14768 3334 892 12228 29916 30514 7385 29858 16523 6468 27151 335 9999 23058 6648 24778 18614 9808 9940 31678 25114 8125 11729 12527 26352 15086 17437 23039 3764 824 9596 19483 14322 23539 811 15765 909 32199 1625 2451 16303 10044 15545 21022 3559 23959 12133 5569 24192 11713 28058 20789 23541 19729 4392 19351 8584 10566 13747 24267 13483 11543 15408 6417 3114 18339 6154 32519 18514 8366 12191 16651 79 7771 20717 27189 22345 23724 25912 30285 27509 26001 32218 7616 30877 331 8956 6391 18511 3631 6134 11952 823 9028 11038 31351 26883 19960 
1725 25214 22507 6263 4997 29485 28068 10808 28172 9547 9097 4941 18359 8190 4888 15889 13174 20051 28825 2917 24973 8479 2646 13603 24461 26471 13672 22047 31106 25581 32726 4351 23140 10305 19219 14686 28087 6987 23062 19052 14153 27607 30207 31208 45 2384 10264 16377 32751 20327 28966 27016 22694 62 15577 32683 20642 9659 856 22887 12373 1032 8317 22170 17523 7247 8399 6885 25348 27871 2485 29677 18830 13041 8375 16217 18639 7126 25525 23870 29946 14282 1885 14756 16091 17267 524 8596 14017 19890 25435 6905 20291 4407 15544 11422 7873 29633 28850 9444 22451 4593 32298 32236 23017 7513 6560 8657 27016 21677 8598 1407 24917 16506 8924 12390 23945 18076 8299 30929 16469 22261 5489 17593 13771 12281 19091 5657 10076 19361 14853 21932 27787 16825 9390 30558 28666 2075 26775 8438 8295 22716 672 21164 28626 31115 4470 29475 27324 19335 13414 7314 27398 10039 5192 15119 22540 31794 7317 11851 2989 16754 28499 26988 25890 23400 8620 20380 20778 26742 10231 21478 16692 26501 16064 3733 19778 7041 30855 13094 14480 20061 24642 15148 20569 14951 30342 8219 18238 9267 24241 18030 19421 13885 17777 30410 32457 24049 32573 27894 
22822 31111 5964 24920 10042 21031 7348 30334 26684 8229 19403 18665 12485 27026 4544 17531 13277 11629 13612 9421 7310 28296 15366 5495 457 5360 7718 17651 19781 20151 12306 18696 16881 20775 10678 9189 22156 12171 22598 16898 29828 31486 1132 29211 10391 26776 14530 21745 26728 16455 12772 11596 955 28785 23261 24196 5470 16301 1747 4676 22442 28804 28617 6253 23252 11480 14400 32167 8750 15204 27242 11638 24359 12948 17400 991 404 17133 28613 18729 572 30018 14727 3346 26782 21189 16254 2671 17724 2705 16196 27299 17960 1899 20531 10762 7402 6291 29104 16834 14911 4663 17626 26369 24724 26249 12798 26408 1821 18684 17458 15330 7934 25512 30484 1245 14085 4178 6706 8760 10408 20124 15401 20191 26440 14604 26316 11741 2584 5535 20141 1088 27765 21512 26888 27917 6566 18941 22034 21770 2405 22312 25838 225 5758 10605 32490 263 2514 20685 1001 11502 16004 32273 30640 24465 7806 17204 31792 7967 7694 15516 3434 23468 9606 1395 19121 30651 8379 4517 7952 12882 13471 4061 18921 2082 13375 17663 31480 5991 8916 12927 9641 10809 13695 6454 21505 20349 24441 30626 17988 11175 21703 12417 17579 30594 20921 2369 23228 3097 
16722 10287 26775 7491 8324 19670 13270 2343 22649 13358 8618 23433 11311 17647 24493 10131 5131 14042 10496 18605 19889 1735 26064 22004 29694 23194 773 3074 20559 21195 6970 15598 8674 16183 20237 14571 12259 20436 13777 31120 974 8502 15036 20423 5768 31002 3218 15915 1210 15876 4184 20112 19575 28623 10877 20927 9562 17617 14059 16253 4925 24060 11571 12145 1316 2817 11018 17205 5795 11642 25515 2314 26182 28971 21862 23723 18721 25940 20109 8129 11991 21164 32444 7582 20644 2689 8400 28378 531 14500 28387 23356 1278 30184 9114 8475 10532 28612 21571 19614 6868 10901 25900 2592 21758 31643 12607 27641 6190 18743 22506 421 29311 17083 9724 25102 13831 16643 6775 5640 19691 13407 16003 15217 187 417 13178 5377 12121 17110 20385 23047 11655 14727 7443 21153 29961 29031 31162 21339 17416 5389 28836 16524 17380 10826 22908 347 32687 11372 25852 23618 24553 10636 11709 17660 9928 1251 13528 5473 14588 9324 30444 15263 3488 8123 24036 5825 2114 1722 2527 21948 24887 11797 1417 2081 4657 28791 14945 13741 20648 7796 2286 3473 5295 23088 16550 1392 23273 27188 23569 31196 25508 32377 12866 3634 22555 11672 3816 2161 
919 10629 29131 16226 8773 29614 6790 9914 24738 27045 14932 20563 18435 12318 7192 9818 25002 12771 9308 24582 6224 16600 14288 32685 9483 16030 14620 31047 32060 17050 16904 6240 30023 23468 15989 7217 5774 29602 28672 27587 15912 31319 24498 22014 23917 21872 10768 23272 245 25988 4236 25202 7972 8082 21239 30459 10286 2989 24569 5503 15970 1508 10872 11068 28644 2478 26002 24466 16092 6682 15716 19567 12115 16167 28663 19332 10490 32612 6279 14386 26702 28567 19176 3116 22770 30221 5449 10195 22134 31553 16371 32050 27033 7106 28653 12787 26358 25409 26295 16172 30825 11738 25798 31130 19624 7830 31421 13336 9905 25941 12995 18572 16705 13187 28773 18921 30276 24751 4932 4030 15668 16384 7141 31908 12392 17952 15014 2657 12270 7793 30199 3339 32740 22842 5389 6350 28470 24053 5013 18611 23264 4232 32712 32053 28898 28885 22613 28141 8982 6612 26276 30114 31608 8477 14546 7058 20971 32527 29119 15041 15645 30437 830 10643 32719 14682 26933 31638 10915 8651 18674 15684 14109 5865 25706 17881 8462 17162 12660 11645 15773 230 14607 13399 22273 26514 18347 263 7890 15770 19148 10543 3536 9515 6630 28554 24927 25506 20339 29274 
7195 29583 1435 30637 12670 23503 23887 21097 23947 17991 19149 581 25157 12081 2257 12786 27741 20226 8260 22030 1216 16051 8721 16280 4568 10316 18753 21697 28821 19391 21102 27791 9561 10330 7771 19025 23503 24189 16109 22818 3169 11789 6124 17483 4444 8558 20843 22298 75 27459 2480 26953 18979 11514 32346 9660 18615 7578 26769 18556 31746 20554 32179 12474 10150 14047 5856 27402 27047 30571 5441 5529 25456 27088 3650 19729 1986 15465 564 26074 3043 17768 24478 1639 4228 7734 11580 2597 9287 29882 19649 21692 30806 13850 29720 11664 20778 17197 14987 30736 4803 23191 17468 10211 14921 7035 3917 23672 31473 16109 21488 1339 16316 2618 3493 25059 24806 5268 20133 1051 1742 30515 20537 27380 21884 23333 8767 29096 25059 4314 13332 28699 6820 31945 8676 11344 27743 4325 2424 28606 24856 5818 14665 10703 11672 13895 18018 5588 27622 24065 23663 7759 16722 27678 17659 30342 26479 11292 31337 5926 5710 23708 27391 18063 19912 24108 32413 8515 15173 20400 5702 22783 27672 8634 12831 4226 24971 23025 6073 5994 18470 19746 7180 5263 21844 2 12217 15295 17455 23815 2984 25747 25885 12807 31282 3815 1477 20872 13612 23335 
13860 31174 12906 27388 11092 20996 30769 31144 9024 5376 12155 17525 20497 11795 30531 961 19831 27648 1670 7736 18208 5502 22658 16487 9127 21552 29226 32552 32036 13720 2600 28870 27210 1901 14864 29355 6882 31963 8954 6021 24564 29506 19158 2855 1980 24034 8300 30471 19529 7790 22802 24938 3630 31865 18726 29916 27593 24129 32275 20848 24607 9505 15658 1711 11627 19562 6573 3002 12123 7043 4398 2111 22272 11525 30762 7458 31527 15720 20578 10995 32049 20120 30106 28696 17808 27461 19407 13650 12756 19743 21648 9890 23202 3481 8249 8118 27090 7353 3882 8948 17009 10763 26549 5935 10435 11556 16767 3266 4570 1165 23806 18631 40 7984 6729 25886 9888 19159 17938 18157 37 24542 24010 6872 28007 1785 9493 30553 12611 31861 31150 31648 18348 15872 18989 4404 4873 30788 20010 1041 29752 26428 15377 27497 1492 6873 8902 29880 21770 22796 10240 19915 21276 13882 26067 9697 20007 25671 3308 8987 30664 13184 922 11416 29732 5324 20526 26711 20997 16404 15585 4872 22825 26857 26216 13666 16870 5734 21184 9038 134 1731 19012 16541 5429 2615 6731 12503 8620 18090 10462 14672 28083 19791 27341 22624 21465 1720 9853 7924 
8441 14857 834 25719 26596 27641 22765 26814 29029 18964 8516 22409 23663 10013 5071 14691 4328 17553 11234 32377 25281 32685 19564 7303 23986 12584 9581 12290 25422 22376 1110 31202 16498 20069 18089 3114 26726 12402 2318 1985 15185 22037 15363 26856 20223 15700 9790 9370 11730 12671 15962 14050 22823 22565 28970 15427 28861 10532 30226 22185 5452 24499 21379 31946 9544 21647 13404 32049 9453 4646 28392 25506 1844 6407 18752 16829 4583 18947 32390 4640 7966 25427 25312 7966 31154 15902 19475 4598 6294 2027 5751 1006 31620 133 11902 31205 1756 8458 31542 1870 10883 9297 4436 23342 15642 29043 15953 16487 29581 14894 18378 21651 24136 15376 19539 4489 8366 30004 7547 3921 17616 29301 26319 2683 17111 3104 20097 3499 21435 5946 25208 5018 17511 21372 30353 13373 19976 17027 3508 31606 6532 31557 13706 31973 13749 29323 15021 19610 16684 16698 11421 26267 2201 30978 11462 25438 10243 12835 32089 6337 9166 7739 7501 6865 25064 20833 25045 10116 19272 23175 11596 9573 23650 6386 16638 31373 8400 5984 28810 25640 17355 27923 18103 6335 11323 24362 18379 25609 12037 21361 1326 27447 29471 24122 7149 28696 6892 24670 25937 28441 
27332 23897 23222 19174 22892 3664 22628 8034 1375 7307 5907 3397 430 784 28724 2134 6712 27489 26633 19389 4907 256 1197 19553 23158 2614 7964 28291 20651 15832 7778 27288 10108 25939 4088 5012 12728 30165 10659 32271 20050 7170 2900 15038 28311 1400 6317 28204 8563 12471 16375 32703 5677 28207 26001 24504 20183 22716 25032 29758 32717 6831 3396 29757 2322 6387 32369 13351 15488 8826 442 3009 23360 2405 16170 239 2758 8957 14270 19093 8700 12680 17097 12989 9964 16969 1796 11954 25527 15385 28294 25107 27686 2296 8099 9377 21177 26871 4656 8604 15407 27737 13638 22944 30490 17883 507 1534 22539 23576 31117 19750 16907 26369 11617 23313 24463 25026 9251 27678 9182 16233 19249 8154 21589 9232 23702 20420 17396 10939 26096 22822 14802 26938 9631 6801 22594 7533 10706 8092 14672 9630 16824 14055 28920 15418 1231 9640 24015 22498 16409 1254 16541 11958 471 195 6774 3931 16715 11584 20798 116 21503 1580 27659 8350 24839 30938 6761 21808 10045 12466 16784 3650 11551 12558 30612 12162 15219 532 15017 7601 32493 1567 16097 27890 7573 20030 32268 18015 15737 21553 2309 18397 18088 14080 28985 25893 20104 23973 
5320 5598 15053 14031 8380 24746 27729 31832 13085 27006 7697 12514 25937 18827 19270 27942 13698 7413 2627 10845 6003 29444 21573 24559 12423 4843 413 3822 8497 8274 25311 22314 29277 21706 24510 15419 6434 15215 847 7805 1467 30075 18304 21218 23859 4344 2617 8221 22668 15581 7317 28421 31657 4703 14989 1780 19427 26551 293 16253 25079 16970 27198 27221 8554 7314 3189 1979 5921 5679 634 11753 23816 25496 1607 27154 20364 26007 12391 24311 16012 18943 31899 10228 20723 1740 26335 28241 23711 10678 7615 13727 17193 4155 18677 13528 27122 16585 18420 26584 27043 25644 19795 17983 32589 7316 6166 12975 16691 13499 655 21363 16619 28287 30427 14131 12524 25475 12909 8872 13297 19808 25872 20882 12016 4627 12305 7373 4221 956 3901 24806 31605 19042 9811 4808 22794 14025 2820 30956 910 21149 27471 30314 8344 19760 21165 27109 31806 14613 15519 11769 19719 7820 16718 17089 2425 15495 9436 15559 29644 18090 7500 1159 19421 3617 3723 473 23487 13473 25888 32385 15173 24330 21729 13998 9408 9006 4368 9513 9427 29028 19152 14013 13862 2310 1667 21795 29212 26369 7350 28259 7858 10265 24946 8529 27599 10893 31056 14711 
13581 7550 1896 15762 6780 14556 4757 25416 18665 2583 15188 17369 17599 11658 1136 12517 18761 16376 27848 11537 22213 29208 5300 9013 2156 23922 11246 9348 31289 25731 2812 31474 18991 13695 16290 3657 27336 11216 21952 5451 6015 8712 1944 11674 21293 22936 16947 1584 14579 14256 16402 22574 4899 23291 10198 11937 10501 772 28470 25228 16877 17133 11816 17091 4137 11549 4810 24783 13595 4477 16808 14128 23958 21197 19260 27602 23941 6195 9344 22514 13644 9833 28873 30227 24009 11835 32083 6634 14974 6486 5266 240 4437 17798 21969 14318 30158 8402 27682 9417 7049 16898 22233 23065 15933 31689 28502 14082 3178 1056 10888 2463 17184 2700 12046 10500 3216 26951 28578 26702 7627 21397 12124 29831 21699 13801 9589 11819 6651 17828 24175 28054 8028 2499 21701 5079 30953 11330 14614 3849 4251 32412 14998 25046 21660 14057 20166 28134 7381 13935 534 14751 5007 27893 25025 3770 2515 15195 24964 5952 2979 25239 29888 3835 9883 2052 17509 15304 378 2675 17950 29892 8075 15331 28601 25450 8702 16419 10176 5452 6730 20249 127 16149 5758 1326 23800 13067 22255 1745 3526 9588 16407 3308 28696 14381 21739 26532 18703 26 
13140 26214 12254 30102 6738 15871 28506 15852 25816 5341 31419 3490 8954 11750 23048 17491 19455 21438 19899 20662 27282 10221 12420 32461 14818 22968 16065 5631 18271 1873 17248 28136 7258 4495 20086 10694 16289 19408 20206 19638 15286 30554 10526 342 31355 11781 9244 18882 26440 10388 13527 25827 17888 26361 14705 620 23575 273 18376 22099 9992 3321 18706 9121 31705 10058 24697 15302 24334 21922 7745 6054 28099 18015 1256 31610 30872 15490 8495 4201 24559 21765 30538 16599 1406 19880 15249 10873 25719 26629 20228 12696 27485 11276 14703 24932 32749 23268 26982 17701 32271 7949 11257 25599 13495 6548 26868 20554 15068 12710 3826 9745 5375 11180 26346 6997 6009 14483 29573 18852 8954 264 2128 8021 31719 4390 7553 32284 14423 24538 28942 9261 25721 36 10125 13893 12923 11545 5792 9332 17882 15017 24673 5539 31772 12605 20779 10028 16463 4648 193 9822 31490 32108 8360 32440 28149 12982 807 23337 12966 10957 31475 17254 8803 105 25150 4311 12962 20968 18498 17331 10566 31053 5639 23470 22943 23853 16818 27139 20613 16482 26114 27662 9597 32658 30730 16252 10185 7860 23104 20774 31177 29627 3916 22442 7451 4566 20967 20215 
27125 10346 2162 25675 30638 30908 9986 12896 12107 30037 19968 23447 17640 9083 10665 9079 28199 9898 22906 20987 26066 26597 28098 31981 458 10626 21031 12869 12663 20270 17907 30681 9132 12573 3212 1446 10213 30051 18106 20110 30647 28094 11584 22758 2762 25248 12167 10364 1320 2629 17914 1031 27897 31330 27592 3991 6933 7500 31366 11554 16092 10608 21819 3507 21272 2532 9584 16878 30924 141 27366 29823 18990 24202 15869 11017 30475 10234 24801 21519 2398 30226 9071 29098 28315 28605 27829 20313 29122 13282 8776 32504 31278 16768 9563 863 8493 14612 4510 9815 29674 19490 3309 390 30032 1745 25353 31194 12094 26192 23249 23673 13563 27601 12794 606 21857 10375 8939 22080 25471 1419 22116 3095 12804 16378 21416 16768 5678 15839 2137 841 4094 659 27554 25134 17202 2555 12605 21399 10588 7072 10953 6995 19612 4695 21810 16013 5519 2075 29408 7447 20391 20572 21174 21074 9965 23532 14650 31089 20450 20451 18357 323 15832 23957 32680 1106 12092 32448 18206 18523 13002 6611 31231 30207 29912 24159 7882 27778 29382 22522 27385 23580 12968 2793 12065 30624 26560 28624 23273 4412 19520 7396 4338 4692 32472 15366 27252 27408 
14286 28223 31453 25379 6719 23207 5619 30920 17615 6591 24110 5616 14816 9459 2187 29011 10058 19859 22904 1582 15379 21308 30549 26049 7557 26343 8750 30050 2187 22454 27484 23064 14456 18733 8476 25812 18531 22189 23177 8585 5127 5585 7591 28457 16410 17221 5 15504 8922 6212 30797 19442 22405 9598 8079 9910 19324 11880 14159 19462 12641 25893 1533 15109 12211 13226 30092 131 11559 26449 31577 18435 5620 7395 9397 18172 370 3520 25185 1680 27396 19561 16996 20376 10675 5213 855 14683 22187 15031 25226 17047 21433 1230 21719 32674 24972 16272 30889 21852 20218 17656 3306 27265 30652 18955 8047 21156 29534 20129 21254 4166 14971 6030 1186 4511 7027 26097 17999 27392 5528 13654 7686 28612 5388 3961 26181 10482 11715 30758 10591 27981 4586 19798 19621 11950 28051 18952 261 32579 9356 24719 6886 27075 22689 24504 30201 26145 31362 8235 15263 10134 19507 20886 13251 23161 28861 24109 28463 11670 4105 23474 22345 24810 8497 23072 11391 14621 15463 10513 28164 30599 19616 4057 12708 5491 17785 24263 2679 6681 14104 13415 3377 734 7432 12243 16189 4185 29074 12853 969 21738 28908 25501 32364 16572 12827 30812 29429 18098 
96 5311 22693 24236 23783 1267 6571 17530 13072 15990 1183 6240 4498 22305 18956 11991 5073 11284 30238 4581 6559 499 18471 22501 15562 25554 4403 11023 23218 26344 7249 6979 14113 3759 21289 16199 27557 3594 13933 1746 7442 19950 15694 21463 9581 31922 7029 27652 25395 23689 13159 28872 22883 29000 28996 12507 18072 31661 14324 27328 22717 14340 4169 22568 20491 12731 30582 6209 18766 590 24149 16992 9320 25155 23333 20332 30588 917 17584 6249 27383 3059 11049 19870 30325 8858 9606 32360 25438 10459 19747 31927 16097 5047 7264 3274 25812 2920 22609 6181 21530 20143 14403 10301 11495 29552 5110 3960 29395 9449 7611 25892 18561 30576 7903 32531 25618 32301 6101 17428 26392 1935 965 5495 4237 695 5822 17419 12858 13115 28208 6781 21509 13887 8982 22630 20469 16672 22140 17972 29807 29031 29150 10468 30871 16866 9189 13273 24855 19728 1653 23325 23468 6073 20136 2495 25394 6464 27599 7177 27827 159 29871 328 24383 28327 28946 3670 23382 26643 1784 30036 19718 10283 593 1613 29122 10492 654 10080 14489 13366 28896 13099 23010 4733 10302 13342 28619 3651 21803 31570 15238 29988 29079 31488 26014 11900 21045 16688 
23561 5130 9184 29843 2774 30877 17476 1634 18907 17873 13958 14791 11059 8889 28180 22964 27757 11151 28878 6830 18308 23796 27502 25403 29645 16541 13658 29556 12342 9300 16326 17361 27823 5057 32263 13336 8604 5369 5118 30293 20418 15992 20313 25809 6886 26746 32684 19428 17580 20973 27286 1660 25527 12999 7474 23737 21765 20328 27692 17334 31714 2047 4989 26132 6994 609 1595 25227 21894 13733 25086 12967 31171 16161 22904 24391 19313 18039 13138 24677 4646 10234 29492 27473 16721 2816 16564 23858 989 27362 5202 32312 2679 7408 28351 28916 12677 8712 18998 3175 20648 18755 9864 14215 100 21752 8877 6425 11423 28884 19188 24168 6125 26701 22167 9208 16371 22647 453 26274 11360 13240 30861 27712 23812 5532 14001 16652 3410 18767 27187 20742 20291 22957 16873 5144 25530 21178 30200 31559 30537 11150 8391 23102 29491 13971 30805 30042 17282 5445 19537 9675 25260 16978 29992 6066 11376 3725 23334 1987 12593 27891 12148 7103 6523 13585 11396 25682 14072 17328 28165 2304 20659 6298 21927 19513 8862 18535 12730 17760 23291 26937 18647 20272 15894 10886 3021 28674 17086 28915 6646 23146 611 21205 2452 6800 5442 29032 10380 19550 
4967 5227 19516 6343 1603 22533 7606 8657 3984 21659 4202 10724 12368 8008 21961 6921 10624 24847 32437 31272 17687 2826 7535 8285 8197 6167 4426 1824 3719 26866 25195 7756 20719 11180 21303 14281 14653 21906 14691 15574 29231 13814 10377 9735 2738 26904 26293 27695 4439 13994 13060 25139 5335 8682 30983 13344 6617 20537 3488 13186 12714 23817 11309 19631 30609 8678 9260 29827 2775 2324 29556 3752 27246 25374 12617 17147 27445 2813 2093 29430 20249 650 12915 5450 32078 2980 6447 6165 3952 26445 13586 17364 5583 7391 23568 15931 26423 23961 10535 26044 1971 7509 6378 4198 20669 6947 16261 32009 7395 2063 32006 10845 7839 12220 6949 22790 26545 23914 18430 26708 3400 15006 25466 476 16362 27535 26291 11680 21681 26220 20099 32706 21172 5237 24103 24792 21626 17629 17454 27055 29409 15597 1985 27349 21153 1152 9910 6807 10128 8021 3540 10127 8924 24439 13417 23335 24305 22894 21015 30576 8619 3090 7368 13410 24908 9453 11470 4828 13526 20777 5526 5637 29329 3428 16505 16442 17160 21280 24822 13293 16659 23091 31007 23925 29732 26439 19355 8009 6282 16770 28055 3469 28526 31387 26687 27623 22062 15457 4264 6559 
19644 23079 26660 31471 19109 21020 8200 6902 28261 6059 26146 6819 16880 2459 13597 20367 24845 17440 14842 4529 5613 7947 14476 17581 19883 26324 12010 15334 6582 23918 8965 29063 16363 5911 2818 27830 15999 7548 14205 27263 8347 13412 8091 12936 500 16598 18200 23973 6041 3304 13266 20110 19519 24071 25506 10281 27349 19905 7896 4560 9189 15639 24248 27198 12448 1394 25643 20132 5393 31356 5698 8378 11146 24650 30039 22009 9242 13541 23089 22972 26376 23566 21275 26375 22179 20906 20990 17614 17875 9038 1563 17026 15116 29298 21561 5922 7130 10869 13466 15309 29952 21767 1484 8344 18766 12542 5814 21348 10772 24650 16280 14017 7028 19716 13722 14789 1168 2047 27047 15370 31704 16100 29072 28564 31508 18951 18755 23042 15222 5505 1652 29405 449 12703 21571 6336 32178 8556 4766 21882 13719 3605 1754 24571 29763 28967 7327 27627 27006 21204 25200 21531 2764 31131 2019 4607 3877 28881 15175 4196 22601 10839 28847 1703 19552 9193 24029 21295 30867 28062 17214 15697 2012 4012 187 5794 12413 15259 29718 30657 401 2439 1809 8467 2315 18717 29341 30559 24876 31157 13229 3062 31026 19242 10785 16007 1890 4994 8236 28221 
11679 15136 32244 15602 24342 26367 24666 1390 24995 17992 6309 16953 28698 19993 19754 24792 14060 3110 15512 18046 21698 20781 16479 10465 27513 19943 18029 6861 6365 480 7188 28002 25074 5619 17682 4663 22086 32187 32108 3654 26365 19603 3915 4738 169 24364 7823 27460 7795 21044 1572 23487 27166 658 12042 2281 28866 2134 25004 5630 16735 994 11056 683 32566 8529 27951 25355 1078 12445 7441 19228 23620 30971 13548 1056 5495 11581 1046 11878 13017 25845 28880 18152 23365 30115 12061 19135 23656 15052 5142 26319 23898 7054 16428 8116 14449 29931 10828 17337 32150 28806 9253 14809 3895 2678 18116 20117 26667 26905 2016 26373 1623 19584 16154 32182 1454 13039 882 29436 19925 13704 5683 19818 19028 6232 1786 10041 8384 16171 30838 12303 28994 15128 5800 4504 22345 10884 18038 30496 28137 2832 16935 25641 8234 7392 5572 3106 6507 12668 32211 25289 8610 10508 5215 8724 31105 23761 2942 12317 24750 3518 23189 828 14902 10892 28816 759 26127 2358 2419 9008 1904 27940 5419 3402 8144 29881 24312 20445 21462 30225 27530 11132 24378 26500 28605 8752 22851 31463 10772 8229 28636 5622 12394 22086 24948 8773 28823 2107 
14367 13308 16 5620 15470 11747 6593 8987 15729 17109 20168 25219 24309 3524 22852 31922 12512 11365 31907 27660 9906 8691 1977 4918 10274 21039 4727 15940 21644 13250 31025 5348 22069 6040 30116 5202 14167 6112 15643 22425 20529 20745 28334 18497 17032 626 18800 5260 24744 9302 24897 9047 4554 22589 18770 31926 17654 2468 9808 5474 356 6319 1296 20183 27405 1957 2548 24366 1896 8374 31351 24445 1351 20473 13526 11112 9510 5146 12834 30346 4197 2966 26260 9436 20734 29865 30381 29162 24165 6358 31276 23346 7483 4000 32316 21926 26836 25810 13989 10790 9368 13285 30032 30412 31259 23963 28805 10114 15027 31227 29977 31375 17136 12428 4464 22201 19322 29048 29029 19032 30894 24045 26225 8872 15235 27821 20259 4391 22509 21669 14155 17958 2003 11514 28998 17103 20339 10059 23725 26538 28011 27587 3086 30814 23604 15779 22828 7670 20804 30683 30701 24264 13978 21483 21326 10317 23418 4903 1725 727 1241 7124 9942 14246 1673 14019 27163 28512 7074 29845 32129 8556 15445 30711 7767 6664 22538 19942 7205 22412 1989 1774 11693 5657 9462 10131 31700 30969 12921 9088 31282 2979 22047 20681 9605 6420 31448 9115 31127 19298 
12062 4079 21675 9017 30117 5694 20494 3666 17778 7401 27406 23481 23271 4334 9906 20023 6174 30405 22634 21029 5137 27639 3864 19000 1333 21970 16938 32128 30392 12235 30294 5131 30295 6749 4774 14452 17394 29959 10569 12641 25633 26875 232 7107 13116 7728 621 8598 18744 3699 26375 7494 8497 22384 9501 15627 16661 21118 25263 11643 17664 18762 6344 23131 13695 11852 1118 4880 24239 2724 29646 32401 372 24723 26920 16066 28606 11447 9147 16326 20986 20922 13549 16487 16631 24163 4532 70 32440 18116 19117 17360 1029 28895 19968 18188 5603 28855 2735 5570 31500 21482 11563 2564 14419 11779 4955 4689 26848 25455 11603 31757 8602 22968 13406 7834 23001 10832 17267 8032 10388 9332 24739 11822 26529 20980 29322 29903 22145 9487 21235 20880 9204 31673 2315 13028 7033 12098 1787 7219 17040 30651 22330 14618 29247 11360 2401 18499 32534 26021 30105 28434 32296 3046 13151 28640 5521 6005 17526 30403 17690 23468 5589 12212 29009 18058 10602 31962 28556 28536 13651 17266 13332 2838 31546 7123 13753 8733 12892 2515 30575 11867 5126 6659 4280 22948 24638 25818 12373 5735 730 3220 3052 29095 16619 18044 11778 7531 19139 14936 
20505 32724 21476 32356 11184 996 29784 8774 1751 9699 27447 16643 1045 11087 30256 30069 19555 24915 19443 26708 22409 2458 19404 19605 28568 12835 28137 8850 11978 13658 12494 20869 28443 18085 31745 26232 11188 16114 23620 4531 12595 29075 20921 12364 23932 27396 29647 1911 18734 11663 21610 19234 27546 15660 15066 4285 19612 19185 2348 18552 1326 22441 2360 8820 32684 1347 24173 8080 547 27446 2575 11646 842 6797 28620 21947 8722 167 287 2518 2790 28086 16892 24291 5236 3996 27510 29752 30477 2681 15749 5766 20356 21193 18496 28056 9838 18307 28069 15162 25533 8944 30968 23394 23870 9799 24554 23133 12577 15190 372 12029 27232 29368 14466 9982 6186 21971 14314 26971 1145 32047 3625 16398 24632 31852 26555 10015 22880 17751 18808 25473 144 20056 28372 19055 13994 26834 5375 5957 674 12824 9714 18037 29431 21084 19094 5258 7396 9226 18811 26994 2918 9377 232 12111 3021 5793 22515 8589 31524 19783 21302 15727 10671 28010 10293 22483 23300 3566 20391 23576 28189 7501 25279 6417 1752 21148 12967 345 14825 7937 13907 6740 17915 22640 15880 6533 10515 5336 12436 12047 10912 4777 19376 1913 30460 13785 30943 16352 
4190 32725 11591 21028 8520 32025 9126 6508 29806 22128 19389 11023 26750 17925 31705 15449 7464 2356 26418 15404 1705 22766 31424 20167 18130 9026 17554 8901 26014 16500 23751 25786 11520 17923 29709 20286 21987 6979 2965 17324 19577 20823 12133 1126 9983 26494 4639 13327 165 19227 16088 4693 265 12698 1949 16527 28101 5179 13739 26516 10771 4374 24681 9124 21345 17272 32004 23041 15288 17903 30283 16097 25710 32646 22105 1295 20108 20560 20002 5195 3170 19611 17932 29750 7492 10642 11741 9993 20135 4542 7528 32566 21535 17247 26809 31692 29019 26247 139 30273 6665 22089 22068 6566 32073 19258 12313 2762 2114 31258 8948 509 4293 28365 954 2777 7364 30209 6616 14876 12745 25576 19033 30110 7712 20583 3262 28545 28900 24816 18257 6657 27372 4526 31143 21531 3376 18294 31893 27204 16334 22678 26660 16749 12735 11786 10778 26971 20092 26843 23647 17162 11557 20193 29089 27320 19753 31430 32366 22336 127 25363 30100 18321 32043 14316 28881 17027 21400 8942 16681 17853 21948 24739 9327 8120 19518 3894 24353 14675 29014 22121 32556 20191 1338 18432 7184 28991 27579 11316 19768 20268 4072 21332 2428 23694 19812 24655 7352 16317 
7781 1849 3474 17375 30407 27976 26608 29118 3922 9388 30929 1255 19546 31272 21899 23056 10050 25314 17222 29554 871 1090 29059 303 15813 16923 12969 9497 9686 1188 1104 20336 20661 21869 30908 26841 15524 21422 28544 28261 31371 5888 2287 11717 29656 31634 23337 16842 16904 13852 22073 8636 13644 18779 30473 20711 18593 7149 30708 12138 16689 7455 12777 11867 26443 4360 27021 9774 15312 27930 14061 19018 10102 15589 24698 12233 2317 9190 9498 17257 27343 6580 31876 16756 17613 7741 24781 22225 2670 20632 21856 7991 10532 17917 7579 9378 10514 12598 32656 16968 11215 754 30897 22645 78 6267 10605 13533 30033 20142 32088 14311 13024 12703 18515 18005 16923 16347 30241 26218 27484 30851 32397 13655 15924 20449 26605 24650 18950 25108 25370 21507 21052 32637 26718 5567 25495 32556 32188 28616 7350 19663 13742 22486 17410 1015 4040 8815 9670 13873 2311 28613 15590 13127 5411 14398 19776 7167 19612 18593 23335 11431 22547 21718 18659 31938 889 22004 25354 15941 1146 4835 24005 22510 29715 31860 4447 20203 6764 7571 31802 25978 1516 17883 25877 19352 12007 31138 26916 22058 20551 8805 15531 4576 10979 30380 20948 12705 29919 5256 
3937 2725 31093 21572 8927 4803 27774 13105 7577 1161 5515 25834 28783 7032 8978 10322 30371 9878 32331 1573 30784 8131 6508 9764 11091 20079 28412 12805 4829 10096 21898 371 13078 30598 20816 460 28364 25513 9149 16341 29484 19595 24271 29914 2811 29962 1665 14670 14756 9745 17839 4636 16576 5559 25457 12731 4767 24882 18923 15178 17772 17466 19412 9345 6685 11497 191 238 25796 25216 13538 16904 1209 10056 15851 25267 31241 17798 2087 18455 23138 7753 19174 2551 32344 3597 12008 16773 12122 17750 6389 15124 32762 6299 15416 15397 5284 15669 6494 29151 31265 1107 31561 20629 24580 18592 13746 28262 12025 20091 12294 26279 14564 16113 10653 5310 16327 6110 2704 11120 8791 8947 3308 29110 10632 10107 18515 8036 11301 28403 3269 8827 32355 4698 3044 19272 32074 16727 26043 22908 19777 1011 258 23575 24782 31832 15157 7361 11224 11888 7426 1585 18398 12658 7330 31655 11227 27300 10018 11019 2005 9477 4082 6647 30136 16472 9897 28156 17553 23855 23869 31173 617 6644 21590 10462 15813 31983 10455 21632 7446 14700 27435 17562 28053 13061 16213 31681 16611 8596 17512 21301 2936 1313 29699 30476 27956 5437 19070 9746 
18367 31224 22634 32107 9719 22090 25219 2952 8572 3546 6864 25578 18032 16560 23638 14581 5656 28577 596 18654 7887 20359 14226 9792 3139 22139 13301 6242 5224 3628 32735 3925 2750 29328 12746 17763 10661 20007 31102 27499 51 20766 1783 12779 27388 31058 31917 27062 16121 4254 20619 22445 9680 16505 32573 2706 14870 23820 31318 26442 28421 20105 3793 6379 15672 18317 10918 2895 6280 20297 23431 26730 6441 16599 12544 19642 10528 14610 18705 11000 768 24922 7130 24472 6548 24622 11881 9589 5343 22026 17668 26944 10959 10869 857 1272 7573 28071 25195 8843 29453 22854 16007 11034 12361 31685 32224 19152 13125 1249 3780 8540 10305 9649 22326 19934 7196 5940 9733 5960 11479 26572 29625 11162 15179 1435 7084 20918 26131 30456 25260 29673 17432 13486 19692 16025 24642 14133 18348 6961 3280 1022 30736 20235 12375 2275 17339 9005 28807 29076 19481 21638 18772 18459 7226 3640 28862 32312 19627 28895 30053 24223 8591 29727 29242 27637 15257 32563 618 17322 10768 19508 12179 23482 6971 398 22812 31757 5224 22509 30775 11825 20407 28873 16565 25892 20478 2367 14158 7646 30042 24902 11175 5220 21152 13521 18573 3652 23177 5423 
1080 22039 11509 6909 23001 12621 32312 11729 30241 15040 19510 10094 1929 326 10123 22622 24416 31908 1023 21390 23596 259 6681 9879 6302 5758 16410 20349 3985 30042 5607 32530 6669 28944 23857 24833 6038 8472 14669 21640 14330 12401 6297 18117 5116 24467 11045 17234 7143 23247 30827 32563 22248 24247 21977 17361 4021 15962 14072 27280 20923 12170 9888 31172 4038 29445 18462 10212 1518 26996 5892 16552 8180 31688 27589 28990 2018 31724 18602 4345 675 4953 466 24639 3383 11314 30405 5976 21551 11877 23142 13434 28328 19883 17012 8179 562 1844 15308 10799 31640 2215 26541 28097 4323 9751 7750 2793 12528 23322 16531 10910 17887 1235 31432 874 19684 24757 30392 21494 29860 3440 12565 16347 17274 30837 6852 23540 2211 4100 31017 27066 17847 22206 5249 29467 31949 14074 29289 2873 11642 22245 5116 1760 15009 30882 27385 27047 27564 20071 16790 17142 24084 24270 31778 1660 1056 13821 14105 2055 1404 13825 3734 9352 182 17376 5603 15048 20038 18090 11023 21767 31557 5544 14524 25384 30492 20546 21263 18383 30432 17600 19439 29785 28849 26401 8032 10785 25875 4738 3345 13425 2739 13085 19803 27344 32105 16533 11336 2429 
29176 30012 18723 6177 659 2143 2017 28146 29867 18111 9540 23296 28499 13995 18899 23103 8433 12907 22960 13691 19496 12093 30378 24112 20850 17688 1359 370 2958 16243 29629 29756 17456 14565 3729 7705 14619 14035 849 8903 8128 2381 12363 7476 23859 29385 12332 5004 15698 15807 31312 1580 9677 9923 7793 1284 11571 29127 12781 8703 18192 14527 4945 405 30798 13440 11635 2460 23475 10793 975 23718 14922 15782 15118 25242 9656 27507 7145 29380 29823 17069 5013 30098 26290 26550 8994 24969 323 2738 6046 14341 18366 12014 13809 27765 904 25132 16819 29802 29366 30911 3520 12033 27372 4477 7921 4147 15693 25745 10663 22188 21985 5967 5812 594 26793 10472 17035 3151 9913 17958 11974 20535 9631 14341 12141 25073 15773 2508 20099 23110 9066 15292 17652 8314 28503 22209 29979 4160 30845 910 17347 17204 14242 29517 2502 13527 9609 22308 25644 13255 8002 7469 11503 20319 27111 9780 20853 352 9576 12386 9859 1142 29565 18044 1608 9074 3977 8754 16205 12392 30650 29078 6628 21279 9943 9939 20378 9135 11658 2428 22976 30026 8265 7623 5807 19743 24176 3617 5074 2694 5200 19313 959 22020 27945 28257 3098 7551 
24470 5637 21608 7043 7930 11103 1536 14551 22414 7611 22783 3035 12830 14643 2622 5406 17421 22798 32298 20368 9043 28145 12352 5897 23307 29253 16286 27913 2070 2558 7860 2566 12098 3116 27808 24313 23154 13285 7156 3604 32535 13815 16676 23756 4866 15220 1090 3728 18535 22188 29598 16859 16129 31156 17607 30445 6143 1245 24221 17107 7917 24234 18269 23835 27892 11571 25306 3982 4659 3165 6860 18868 24531 6693 32251 1769 14249 3586 26227 315 18771 209 1950 30621 25437 20704 17151 9818 21486 5589 900 25383 20257 30033 31874 12474 3009 1506 21785 22817 16032 18704 9086 31536 849 7547 27159 17945 27261 5453 10446 2359 13200 1104 4326 5067 16537 17582 10408 2784 3395 27696 17755 11990 27123 16040 23687 13517 20754 13652 12290 23652 27212 10719 6540 6723 30705 1175 3970 27988 14796 10469 12652 20455 9243 12773 13762 9853 7598 13971 5759 5012 13643 28086 13401 29133 31965 32484 5878 31360 23666 30850 28682 29905 4658 6741 25710 7549 7853 16559 15633 23775 20280 22264 27273 13338 16485 5561 18136 14958 20882 22314 18248 27200 15270 14387 32281 3250 14070 16551 30650 3480 14665 12386 14072 1847 10295 31809 1853 22134 
12323 22477 11151 11332 15481 30010 12344 6048 10967 28624 1038 772 14179 23577 8344 22503 2129 1999 2838 29507 27286 27741 31948 5554 11576 15941 10221 18538 28312 28615 2895 28610 21359 23610 9063 2113 1086 1803 25563 7465 21320 25459 169 12829 5920 11161 20938 14348 27683 23545 3810 1102 16569 30503 25382 17106 12863 29877 17101 10182 22009 17790 18204 216 26741 7678 1449 25379 1709 15131 29506 29832 19776 19649 12281 26180 8809 19381 16922 20793 27300 11362 11285 17704 16505 10510 7777 15152 10007 638 3840 32707 13834 5368 28978 22984 21255 32683 22576 12161 20411 14007 28559 18665 5204 24496 22375 28261 9910 20601 25054 28594 12259 8757 20185 19904 10299 4617 27134 28289 23388 21436 13617 27907 7935 30741 2412 7330 25837 30433 20318 16758 24281 8619 4147 10154 28262 13368 32472 23873 9707 14813 22659 20941 26191 2809 16029 14270 4478 3274 4927 25203 738 32262 22756 23919 10422 3027 22804 14240 10844 23042 12912 14933 32035 178 4652 18504 27126 21954 8275 10871 26306 19941 20672 6482 24847 8038 12012 3661 10382 25956 27036 17219 20856 31025 18689 25956 17892 13739 16436 26294 815 8453 7124 32193 15158 13070 23577 10752 
3255 23830 7653 2844 20524 14519 30499 20818 16370 15321 25445 26542 32664 3176 6064 10424 1626 1113 22928 12096 24918 30618 27790 2470 22105 5491 31946 1908 24543 12630 6852 8798 26671 26218 1510 25549 10790 28322 17646 23334 26489 769 10580 27590 32645 6146 31100 16011 8467 10849 6669 9584 21205 32710 7892 29978 25184 6012 25692 3855 30411 4026 7448 6110 11911 11878 11260 2138 25059 13681 31789 12327 6002 21685 13276 28448 6692 13512 27267 2060 9283 31373 814 10418 14640 811 2216 22987 22759 15996 10124 31123 12056 2011 2509 3723 13330 25736 9593 26246 6079 11753 29339 20869 22212 14640 12662 10704 19872 13119 13263 7188 21889 13620 9599 20219 24088 15559 25890 19988 8354 4399 9981 12489 31999 10132 13644 12083 12964 8555 18017 25833 16425 8739 12188 2660 23231 6493 22296 2247 18685 28329 23615 13640 5645 77 14832 15887 24160 25374 31461 14820 17882 21751 17823 20207 20738 29375 30503 21926 11780 11263 4428 26018 10332 13012 30873 3563 14888 15794 19731 26961 6148 25291 3801 14413 4289 31178 9206 3464 18491 15231 25953 15133 7312 15779 27179 9868 1897 26504 5957 7116 1293 15789 24170 8956 16880 1087 14809 1506 
20199 10801 5873 12345 12748 7473 16529 13529 9522 29246 6311 20007 6029 31377 28464 24919 7528 31058 15524 28377 6847 8905 6997 25596 15445 2777 4612 22338 22947 7568 10520 18000 437 26242 8446 7599 4820 26365 8210 13605 8696 3119 26453 26434 17031 15512 7627 27164 21887 24593 23272 25298 29536 8301 21333 991 5769 31714 23594 11287 15312 9639 32414 10397 20845 3571 14928 28270 18651 3704 29406 9904 11557 17420 18102 20527 27182 25211 2251 26300 29181 28305 19554 11367 31942 20106 25807 32565 20314 20726 17039 1948 4887 26207 4642 11766 24794 12723 32001 29712 14552 30099 29673 32191 21495 31524 24816 3974 23331 9895 28537 22419 8873 25674 29551 30789 15919 22186 27109 2695 11883 8934 28401 13659 21634 14706 18912 29308 10669 9886 21348 23678 4854 31422 1561 1129 7325 30753 27529 12669 20390 11338 431 10825 22502 22976 9127 14536 10334 16185 22145 16765 29848 10862 648 8520 23380 1708 26787 17632 4722 22450 7605 12921 16944 29481 14524 16618 4600 28573 14652 19720 29508 25846 30398 32645 8426 30027 27208 2189 15517 26163 23860 22943 20455 8919 7449 2148 19434 30568 28525 25227 22352 18460 25236 30705 9869 4111 26677 32276 
28848 1256 31315 10986 22348 23837 12272 22816 16323 21888 22483 30971 8646 15563 1265 24836 11265 26560 10092 6812 1048 26810 18513 2328 20777 11049 23849 13004 13644 14446 14211 19540 27639 31804 29172 16545 1282 15945 13086 12983 27464 7331 27991 1565 22108 3258 3384 9977 8273 5213 23960 9342 20479 25857 22528 491 7210 16559 26506 3552 9293 15038 26126 30279 12184 3013 28236 4567 17658 11413 14129 3303 9469 17831 6143 9591 27621 31858 24790 14659 5393 5680 4948 19660 22058 9039 8030 9884 5018 15399 29802 15903 6617 25623 26382 24996 10718 20437 1114 9578 12857 1141 597 20190 13813 12881 6227 798 1970 5469 9516 5969 869 13923 20416 10645 26149 16211 12104 846 17095 510 10612 8394 11230 5142 8329 4843 12368 16486 12456 408 18993 16094 24895 22689 20781 8860 14966 18875 28693 19034 18468 29492 16521 7931 26179 22036 24740 18890 9919 23581 4910 1611 28138 21699 16323 32472 11159 22300 27369 27703 2666 5778 20391 6347 26669 13831 27793 26304 22171 8657 9086 395 10662 18554 10715 16265 2687 17565 14161 23763 28182 24745 8214 29478 14371 2290 6565 6946 273 12303 19010 15751 25041 26210 28536 28342 22094 31055 
30844 26488 30469 30787 16027 17634 363 8687 22780 31940 5044 1751 1060 12832 3613 11161 27597 9219 16956 17795 803 32428 14469 21279 9890 22066 12679 23225 12690 23843 20775 20299 21262 31756 31105 31174 3933 5371 16331 30184 29250 31277 16034 15117 21813 31776 10129 24892 27283 21436 16007 32679 23684 24770 2420 4888 1596 28172 21234 16408 22877 18336 22403 4075 5340 18292 10771 25121 2533 16579 23541 15672 5382 28068 16167 9617 15475 3177 9589 29845 29105 25011 12765 8420 12580 23591 5139 17523 26988 12378 30500 12546 16293 20766 24586 17371 22355 13899 25705 20905 17369 4226 12570 24414 23871 14219 688 17789 7646 31157 3429 8946 22261 341 24814 13240 27359 7802 23753 8918 2855 21119 18234 4304 15030 29651 30000 4107 15639 3316 31847 28858 925 5567 8242 24585 566 8742 6094 29827 18828 5574 20468 17759 29310 6863 24749 11606 31058 12878 18239 14637 9268 23574 6380 9791 22295 24046 29842 15913 26647 2400 23584 9805 10509 7830 16719 27357 10629 30253 14681 12052 3295 26878 6085 14837 1250 13364 5390 4650 5208 11775 9038 2971 1436 1777 16204 26258 5533 15352 25830 28483 11118 14307 27459 27660 22855 1892 12926 15331 
30886 7592 9673 22478 9855 31695 27926 27819 15102 18192 17056 19511 21319 19664 19393 28062 815 18952 25984 9820 2724 3956 18756 19405 9713 13638 31593 24688 16858 31162 18302 9431 2533 11236 26052 28489 30891 29613 4148 17233 10498 30646 25873 18126 30483 14431 31005 6369 4509 27797 26937 9316 12096 12297 4199 17914 6074 9583 29580 18291 32556 32023 6235 19582 18302 30882 3316 16189 18334 9789 3614 30597 9986 27861 27400 20544 19384 16871 21470 13715 29457 13909 12728 21867 9089 24678 17215 40 390 13223 14593 18698 13042 12322 6591 3247 2652 4404 20420 23464 16448 17452 23050 7161 2498 30751 1620 20847 5951 30239 6517 13933 30920 23288 31399 2414 642 30042 22982 2577 11434 14965 6358 10384 17620 22378 11012 7739 1595 24400 13168 7493 20038 8632 11608 22150 26999 29810 2604 3352 6015 19291 3505 3342 23256 20541 11415 31157 20472 23586 3103 3925 23007 15041 11825 14910 10556 25537 28164 13295 10175 27553 1375 24292 11355 21589 18980 5116 3552 24982 21593 17068 864 3591 20359 20593 8884 17708 27146 25706 1469 20165 20098 12909 26819 32209 2836 2643 7955 23119 7418 24655 16631 30286 4804 17400 15499 32135 38 15893 
12039 25839 184 30568 4330 19080 10634 18788 6277 269 26543 2998 6445 7013 31859 11609 29708 25499 5135 9126 15116 20086 25645 13986 13165 9511 17841 3808 4596 12726 30616 21054 29379 11281 1684 12982 25672 23239 27564 22419 8955 21672 13129 16844 25876 13547 3511 3811 3744 29211 11537 2478 8926 17534 11060 13142 14710 21223 17026 8375 9210 24013 30963 28210 17152 3143 13903 19718 28459 13458 27192 27285 6430 22261 30725 12330 16146 20311 25548 19906 16051 26180 28294 8361 8056 18287 6094 4893 22904 21939 10841 29824 13494 3510 12099 26144 24419 30129 8573 2899 2814 23986 17483 24497 21099 30953 19376 8186 9197 11761 5540 8497 15283 25171 30703 10297 31428 15557 276 8894 16503 23062 2203 26415 15028 12302 31723 17402 19442 29726 24990 23824 12009 2085 12475 12302 25872 6463 12311 26883 6431 11010 10365 1227 11354 6982 22390 14381 7560 28966 13905 6596 570 373 1100 23179 23937 32493 18201 16119 27825 889 10536 3958 25704 18802 20352 32630 7818 17840 6903 15290 3993 6371 15536 8072 9432 32207 5307 14128 8568 11557 9874 10159 20665 28436 6649 17187 24311 7950 15033 21458 13804 11876 29834 2087 21892 15126 9783 1032 
21761 1588 27502 7688 20404 26707 20415 30261 13313 21596 22310 31708 6038 32372 8422 15490 7198 24564 30051 23836 13545 1863 3337 23443 17417 7453 24150 16194 19978 9389 861 5720 18901 11676 12623 7427 17093 25244 11686 15437 25522 19473 11285 5626 4477 27059 20173 20113 15882 28843 9128 21533 3656 31713 5828 23860 2590 8328 4938 4083 28745 19855 3778 2270 26111 4813 19250 9660 21498 22967 2165 19233 28284 25791 4335 31301 28490 5266 29009 1709 30124 30200 20807 21517 20372 5823 15569 18425 3947 26777 12272 30549 9313 4036 6645 9651 26863 14850 12808 31368 14372 32584 19421 11789 444 14727 1681 27844 13759 23969 13501 16291 6841 17244 25671 40 27222 14236 13190 30461 3463 18340 10425 9435 15923 28434 30653 26716 32373 23500 29046 20143 7724 18423 26837 20473 10085 8801 21035 8705 20125 1303 2427 9294 30227 7054 2847 342 2150 19218 10638 29209 12806 5618 32362 16497 6024 25554 31708 18628 14915 21160 29653 20628 19645 9793 6055 18944 29731 17083 30047 27957 6681 14155 5316 4461 7002 235 7419 2659 1574 3614 9085 10656 17744 6489 16853 12700 5172 29949 12028 7614 12006 11566 28750 30944 24522 8810 23883 7568 
999 29615 8619 18963 27492 18415 9633 26336 14220 10938 20817 29814 7118 23037 23433 28835 9979 10765 16270 22151 7869 12736 3691 388 20833 7892 20315 22031 6878 16178 14947 3252 27139 7225 31612 31697 12531 18211 23655 5633 14350 20090 11746 9571 1972 15137 3368 11557 18562 23298 23212 15984 15560 20548 22305 24474 9870 32709 14474 11257 16434 7810 9206 15017 32089 29037 23982 26244 29527 20138 8123 8454 2785 14121 3367 11101 17177 3758 25228 29633 390 18107 10083 27045 14676 9147 32594 4081 1755 13033 18700 19808 23085 1551 1033 24865 6769 10349 16704 14112 25958 25227 26738 16131 12034 123 2802 24964 23382 32051 32456 7622 18095 10050 29840 22969 16265 23912 24412 13608 5441 15140 14765 13365 13229 14243 23078 29330 16265 15884 30813 2564 27468 32027 8013 27717 17420 29323 17901 29971 14514 18481 5798 6040 2139 16603 10314 26777 23916 16739 1291 6466 30903 29754 22804 12892 17057 13243 7287 9066 20458 27496 32088 9918 9373 10415 22712 11736 3209 20924 15142 22371 17829 15607 2172 30484 6048 12532 2250 14754 6547 6911 23699 25046 13281 2320 18706 21849 26026 31485 9779 342 13268 27110 32087 9648 21435 20173 5319 31084 
32246 7581 23418 10413 26809 31733 31001 2811 14388 26302 17963 5174 26261 4818 5413 14322 26263 1971 4211 21883 20540 13070 12991 7998 13680 248 866 21424 24269 13833 5805 15034 1537 2467 28605 26216 13339 30190 9401 31438 8184 8797 19056 7248 23080 24864 23908 23103 6983 29993 29866 21130 23673 18806 15653 30652 9214 11136 18318 29624 6007 14988 4545 6564 1180 30507 23690 15564 3850 3276 31718 23083 8843 29966 22163 12948 3447 22724 16874 19169 21390 31992 6306 29009 16300 29382 3154 20408 31676 25529 11166 3528 19499 4831 25670 15467 15149 27838 610 9667 266 15230 12597 19579 1092 30190 19693 1462 3139 2582 1819 27838 16147 14362 967 3266 10218 21636 1939 14410 955 4796 18091 29859 7643 11965 1888 32032 7520 24101 2178 28796 3743 15791 14742 19917 22340 29587 4111 20008 6770 1624 28146 14436 24381 32255 27927 24497 30551 6262 8547 28465 24276 21687 24514 14804 20979 24426 16614 17380 379 15882 6453 1700 24640 3058 25019 27960 7207 8430 16826 13424 28625 592 22858 30574 27757 26024 11020 16261 6828 26221 27337 5206 32588 8033 25921 990 27526 2075 29163 3747 19119 2728 13689 24219 26271 13838 9352 13212 
12471 10893 25393 16589 5306 19829 25149 30027 11655 25279 17850 3648 20613 7260 17769 7491 31568 32186 3343 19416 6673 15687 8371 14988 12386 16845 13319 3155 18574 20452 29716 27420 804 27766 12503 12730 4208 16961 29787 2539 20302 26606 13520 18666 16162 27827 16345 3234 15577 5872 13898 4914 2858 16107 18054 20195 423 6921 14105 1034 3277 8310 11637 32279 23109 30647 7788 23776 15044 28227 17926 32528 18623 19816 14563 29285 12680 28734 7473 23533 22576 23163 5605 11132 16180 11405 5769 12486 31687 26295 13364 9354 2976 2364 473 12239 3273 5301 10220 3071 1172 11642 18603 20718 21560 5633 537 12398 13163 18955 9926 28830 12071 31282 25570 26039 21192 20629 18394 5002 30375 26001 16341 24745 19870 4482 21264 10414 11957 29519 8992 31211 18251 31121 31367 27526 28378 21807 11325 27702 11496 838 20452 9087 16873 21753 24643 2102 27798 26249 22254 9730 25626 25569 22853 26446 17681 10202 18643 14782 11291 19606 26227 5476 657 27887 13182 21398 15899 27434 23249 6789 28780 411 16493 15416 20200 11843 9989 25103 29998 12998 27121 7383 21803 11403 26495 16302 28138 13881 7874 8437 15084 14510 2587 24395 28562 8360 18600 20598 
78 24153 3281 16897 25935 2428 29002 14070 10002 28789 20962 25642 22724 16885 15035 3569 31575 8799 31266 23028 6507 25130 26231 16766 13566 6420 11059 22317 23480 20681 11170 10120 5874 656 32588 19272 21137 5610 2194 18749 17110 2258 9556 25483 21921 13357 32199 9914 7872 22145 27785 23861 25691 22936 2199 10676 11787 13771 8944 17299 150 2914 11927 20765 5879 1022 2063 27026 3563 1745 22555 2535 507 31722 16973 30868 13934 32741 10378 25544 18865 2004 25654 7416 30481 4957 1974 17442 10399 4316 32328 32235 16878 3835 4010 16714 19632 24818 32068 16264 19034 11103 26787 294 15847 32332 13912 11589 18373 6436 9325 4409 27445 1509 20742 23708 27604 26482 21693 31534 17200 6773 475 4748 23070 27323 25847 23239 4212 24970 1783 31273 3946 30014 21773 4507 26822 7614 8749 23653 2124 2033 11118 1727 16260 19742 12277 21860 17154 29310 19955 26134 9555 24613 30681 3388 4935 18945 23270 15606 20098 28607 29109 18892 22352 963 9666 31879 26201 27527 28851 21932 28099 7386 7086 20074 12497 18420 9434 971 8048 14919 17446 20887 29478 32515 7021 17224 366 443 23545 9406 5658 27763 23130 8505 20797 11001 1032 17464 
22157 2334 32424 8108 27212 21094 1566 32002 5680 2951 2651 3085 18812 8821 1807 20977 14079 19647 8083 31776 31212 25959 80 15337 31999 18486 5942 7040 16619 9538 29633 3974 10484 29692 3058 7842 18139 5820 14698 5187 12986 10207 20950 26755 13015 20152 21492 10868 15968 10555 6310 27894 30654 21121 9885 21675 6682 11138 20194 9943 26469 9375 12554 14318 32491 2775 14298 22979 13094 9610 12968 15823 17306 16881 10789 22052 14487 19343 462 6941 129 20189 8168 19893 795 18279 13952 1473 32147 16779 20688 306 31192 26272 17912 13380 10154 14686 3960 19972 15212 7313 21071 27502 23959 30097 31431 22531 4318 3827 19147 17667 12953 7584 4944 30587 28444 4969 13755 25655 7039 10252 24093 13475 12683 13258 24159 31861 30411 2583 30887 417 25675 22429 8172 12916 24516 18727 29242 12050 3768 3476 28021 30650 20007 9923 6919 29442 720 3966 28327 32395 2858 32741 16933 5907 25666 20059 29287 11968 16874 4220 25001 797 14653 30161 13631 13259 32637 26818 5317 18191 22285 25121 11397 26753 28618 9031 29633 9767 26718 648 22900 26708 12551 31761 27930 25154 20907 22391 3873 3264 5657 10776 4281 11875 17926 24387 14926 15128 
9216 26146 30083 18289 29017 31473 28777 14415 7653 28439 27212 5077 8772 6876 29826 9406 6664 3885 11243 15065 19049 2281 28377 32315 9028 20457 13592 1378 31663 32272 19853 12794 12601 2946 29623 16943 5064 3502 17958 10495 8561 22366 17988 31044 5004 27973 24919 19082 23612 23069 13966 10432 26202 17584 5237 3337 11386 23299 14739 22017 13020 7652 14472 3188 8333 15748 30333 4663 10395 30833 22851 20172 12659 10390 10403 23942 2379 3007 32694 18640 13060 2555 17766 3363 3492 16502 16617 11988 7336 29546 23072 26358 4259 14908 21540 28239 12023 31585 8761 26233 31725 19579 24688 27467 26459 658 563 7714 5362 1196 14721 28692 17657 26218 20422 13273 31589 1736 12816 31885 21490 27417 20957 29195 6808 15963 19732 3007 19619 31901 408 21513 12176 684 21125 9473 25844 6574 21544 30993 10094 22027 685 15368 19947 29912 31172 20259 2843 4019 8490 9783 18295 31507 19358 31623 18799 572 19081 4113 491 3621 28158 15532 25512 6998 8876 28888 13400 22097 13514 32260 21398 25850 3454 2510 2191 23523 233 29788 16365 31777 17479 28958 11552 8878 24539 13953 22374 12444 32759 29340 15077 4979 30594 15643 29872 11261 144 13699 
4478 29477 4422 3732 11725 28313 14384 7322 28405 14662 1458 1727 20432 8699 25770 29494 12848 3349 12425 8885 2630 6939 22646 5137 24523 9819 9375 22282 2585 30726 22870 26569 27418 2127 14902 16009 6221 20704 21053 12856 9546 4958 5923 7111 11121 13496 2422 10259 2238 1222 988 12101 19460 12851 6410 16752 584 6807 2984 32159 21720 30269 5705 21116 16405 12567 27500 22423 2347 2290 11420 5058 31419 10758 24743 3374 3390 31745 29368 7414 21045 17243 27847 15531 2252 11113 18247 25783 8415 6957 16025 20106 15427 25122 6405 1630 16709 12389 1303 31151 16098 16285 17166 26687 8527 7505 24959 1344 896 25071 6254 16498 8831 1540 16260 17190 4675 17236 15848 29148 31559 12525 6468 22092 3416 20162 15808 30646 6628 6326 9663 30794 6192 7345 3107 20207 29178 1781 19634 19642 23606 16498 31574 7872 8728 29018 8312 19073 17472 2710 23810 27150 30776 31842 449 11467 25360 3079 31705 31756 20981 16422 16905 11205 6595 11808 1056 11196 5423 2555 28769 8902 6156 18292 10179 6719 4425 17277 889 22580 17773 13019 30896 12795 32371 13274 32182 29060 9276 15742 24159 2836 30467 29423 25681 650 16001 26372 10944 22650 
5086 15293 25584 32415 20569 32744 24302 537 9440 5850 27346 14803 8631 3169 25424 29324 26695 18055 27566 19231 9184 21664 20568 7501 32257 7013 7697 26977 29229 21471 30818 26884 7228 27484 15726 25537 10774 12212 20756 13092 11838 31345 18136 9631 25064 32115 20948 11777 3771 1963 30746 15179 20988 17349 15691 2329 12721 9087 1273 12752 16104 741 469 17968 26610 31900 17236 17987 29699 29894 22261 25522 26673 10886 12057 31990 29755 8241 21097 17326 17020 13354 6516 1350 31478 5611 22639 9175 29327 18712 1796 4150 15405 29873 7921 27879 7486 25607 28483 21420 13088 2585 23554 28370 6361 18057 27211 1228 6776 20153 22296 3744 1120 26168 29888 6763 15787 31921 23840 30382 31346 7271 30900 31909 9843 14891 10692 25065 30920 23344 18535 5870 26840 29592 32410 12434 16536 1424 16235 2063 1416 7437 22734 9632 20698 25943 15342 6970 18464 4864 20405 7501 32734 13045 18566 18901 1661 3198 14624 18033 20100 24128 8554 28214 24108 14304 21099 25728 3065 31068 14265 13489 16646 2292 9910 27865 18305 23495 2710 3007 23942 27910 19595 32729 9792 390 23270 16230 14416 30338 16843 20436 9138 3910 24578 11692 31626 12963 23683 22586 
25313 17316 13580 29260 16931 1128 12091 27224 31838 12490 17890 19789 22631 18924 24821 7776 15707 30086 11606 18139 13774 27367 29748 2588 14385 14614 27108 32278 16209 9350 5420 2591 8276 8583 13320 16304 20517 15281 4089 16949 7730 22446 6754 20312 28592 28650 28038 16097 24697 22850 11958 23884 11390 3021 31801 10089 8270 9713 10682 9270 25392 3184 27490 28125 15570 22095 11625 32709 23823 13382 8228 31415 8493 16313 18692 19577 15151 22328 28757 23880 10669 7571 26356 29887 27194 5064 5416 19934 9955 28788 26504 1693 20544 2908 2915 871 19737 19425 19367 13731 32319 16829 32283 15388 16477 27122 4065 26020 11384 14057 12008 17794 23754 6773 27002 15530 3750 23714 22804 17243 3184 10719 30621 1682 2141 21520 23236 9201 4348 4780 22996 26582 28471 21768 27748 15258 19929 6427 27229 12995 20941 28204 7992 84 26146 9973 3007 19405 5486 32691 18092 1954 31611 19869 2940 12088 19767 17175 27248 29220 31129 21285 19098 29927 22976 14543 4807 2914 32199 20513 8212 4209 2793 12857 6658 3151 9352 29528 10569 21547 29745 20265 449 3059 21936 15631 5605 19160 23216 28490 28958 23472 26170 27162 6565 14563 5676 19977 21477 24601 
7814 8882 22412 1685 12882 2009 30109 9673 24047 22328 3877 31069 2755 22781 30898 26135 32668 23087 12362 28746 606 14403 23055 3082 17738 23120 32562 3714 18727 14252 25527 29930 237 23358 4238 11650 5080 18596 29174 12067 17567 18029 4290 26452 995 8278 31573 30634 31530 26295 15872 17666 17026 11115 22055 6814 22540 26912 14190 20042 29273 11202 16236 25405 10926 3831 20925 12298 21076 17515 28396 5989 15687 25633 27562 4761 18498 25989 16936 24528 13318 9488 2311 19901 13027 17753 30962 29633 12925 16620 8572 4137 6569 12642 4351 32216 23382 2501 6400 9950 10797 16322 18054 22611 26465 5597 3318 30564 28758 3852 29142 9006 17691 19725 22929 26815 10704 2696 8476 7693 2999 13503 455 23594 18398 5379 7447 18835 2210 25583 28494 16996 6824 18849 16048 12 12915 19141 10912 16613 21028 4377 23422 15503 1995 31962 2201 15986 4734 3620 5802 21991 15368 4417 27500 1121 29545 6565 15491 11478 27695 17640 3180 5648 25653 25490 2960 4029 6226 25342 22213 23133 23567 31847 1746 12340 8597 31507 2613 13161 4025 17357 21546 2063 7192 20103 11467 5109 6499 7694 13219 1988 23360 6145 13728 28292 16451 4796 4759 14090 
16347 1650 26575 28006 24091 15129 9515 13365 11875 322 5476 13333 2520 31860 29034 10210 21734 26576 8133 19958 28224 21421 28886 2879 6568 30869 9901 3696 15679 17854 33 17330 17547 16923 14715 4044 628 29901 2492 11414 27472 21534 14313 16184 8105 17624 4233 30321 27793 28036 10665 22269 23150 27360 25737 12366 30438 16616 747 1574 28736 5406 11409 28037 1593 4413 2402 6977 2847 20158 13228 917 27162 23707 24276 32739 31408 30252 20379 18480 1271 28903 13276 20351 31958 16735 28147 27410 22992 30210 25275 30505 4175 29729 4857 17569 18801 29927 9574 15650 30682 18284 23720 8994 29911 16372 340 24992 11207 4072 28068 24536 17871 20786 13723 2846 21876 13104 2679 19488 668 20224 11284 14091 28957 17482 438 28326 4790 3938 27160 11255 29572 18177 28326 1022 4283 20512 28421 31423 28227 2961 5593 1254 6941 9222 15418 14366 24850 10883 21803 1817 29632 14709 10672 32687 3620 13191 616 1877 11726 19368 21829 21483 27432 12835 22477 26990 4517 28779 5514 20278 20274 7479 19225 27365 2895 27544 26634 1767 989 13740 17517 1365 11861 15120 3833 2505 25193 30555 9639 31428 13262 532 13153 23944 21333 27943 6261 18275 
11742 10394 9057 16164 32584 9667 13009 24720 7208 19346 24778 18062 8022 15746 2855 15602 26723 3460 2697 17411 16582 27391 4181 7405 16818 7691 27957 18838 27553 8133 18117 29599 3569 18099 10405 24348 19244 25045 23363 28069 5948 20855 145 1045 11747 16012 30052 32032 17004 17215 26600 17511 24207 22746 10698 26425 19695 5314 27501 24229 30007 4104 11288 30021 12850 30239 26601 25643 19049 16284 11889 14324 25944 20847 24008 28784 19075 19159 21324 9107 18908 32703 13694 5863 28576 14071 26488 14177 30140 30475 4682 1812 13019 19201 25220 32669 18759 28161 7515 12732 9119 5561 14914 8520 18839 8161 32231 32129 31039 10821 22651 19541 10621 17775 18288 20639 31705 3203 12209 18272 24683 30529 30581 26388 25294 8495 132 26758 2128 21133 1730 17271 3581 9836 24316 24535 8919 23149 7619 6778 8857 31906 32426 11519 31894 28096 2222 5887 1199 13025 15737 2887 16207 10615 17320 13114 20598 9821 15883 25541 6152 11584 15515 14602 31702 5669 3930 26432 29126 29103 6472 27558 25761 29225 16826 18975 2575 26291 16270 5870 11749 7102 9681 6718 19885 19286 2775 16846 839 13972 8119 19251 4310 5994 12789 17690 7176 12806 515 30039 
7270 28370 6520 5330 27267 6537 21449 26441 28247 21818 461 8784 19658 4890 27497 32626 20682 13475 8514 21642 9663 12521 9847 9394 11182 20692 24524 14228 5587 74 4392 689 1139 7065 2641 2824 14925 26295 4208 6397 12783 28471 23316 8768 29095 7413 14799 19456 18795 30880 2143 6087 25324 2510 18709 19 18503 31614 27392 31950 20215 5045 24481 11133 30409 23033 19012 3545 14969 20804 27823 16269 9110 21327 6613 3307 31948 12512 793 11943 12801 27031 4883 30908 21720 28963 12406 12145 32439 20260 23845 9102 29551 22224 28205 2038 24572 32533 8406 26363 13577 17507 11051 8747 8500 5861 20306 32674 7577 6873 32487 4848 6510 16569 17223 17983 838 27328 479 24398 8858 28081 19595 15891 20843 21205 27332 20076 5600 10185 13161 31878 3898 21773 13330 21607 7371 4494 7518 8250 5015 2181 7545 17234 985 222 29532 24088 4424 24425 9938 30393 13321 5994 31718 17977 21557 18723 24372 791 10107 21056 17923 21242 13146 8729 24049 30551 25772 19763 24001 18776 6294 20882 23851 16449 6402 20014 4177 26229 28589 23945 20961 13876 28322 27905 52 25983 11087 2970 28810 21587 16604 19554 28440 17320 4166 17988 12006 16593 
19957 16665 504 25340 27534 16881 170 875 7633 23604 29064 28111 5787 32417 16580 410 22440 8909 8438 15475 1331 16195 29096 32320 9322 13126 25720 1338 3669 19245 20975 4594 16653 13949 7895 3094 6976 1209 15375 17032 24999 987 15431 29089 32457 4082 14463 11923 19315 10626 26012 30091 24765 6410 18561 15117 30354 13810 2001 18390 30545 10156 29936 3786 18852 3141 30024 11600 25874 15447 30693 15099 24589 3142 21426 6902 26024 19402 4000 3756 17324 15832 18554 32636 12940 5949 4420 30133 18465 351 832 27188 1308 16345 26346 5605 5236 8768 19928 7161 1999 10670 17441 25775 12809 12907 20815 9080 251 29277 9393 27135 23018 26449 4611 4407 5632 7296 18893 26400 9656 13686 18257 32742 16719 23298 22129 9627 21349 10851 27232 16285 14370 19149 19460 1373 19153 13430 5581 17183 14129 16063 16045 3397 13473 25461 5614 18848 16436 4264 29445 23279 29121 1870 24392 15023 1052 6184 21523 10635 16746 12213 8339 21640 25621 13136 21917 18000 31753 14248 8440 25329 5876 7502 19960 29251 746 10825 2579 30511 4761 13412 29286 15308 10566 11445 12086 22747 22683 6309 18699 24041 1832 19174 16259 20400 17763 32695 12421 29580 
12849 7427 32328 2684 28734 17049 11652 4495 10652 31952 28815 31127 29740 22495 614 3961 12442 10367 26102 12384 11216 1412 4172 15524 8611 3323 14288 12680 10822 1210 24182 5525 25487 17917 31144 10790 28891 5851 29575 11322 12232 29714 5837 798 12006 8867 13515 4411 19734 27439 20624 7697 9140 28541 27331 27523 28 25900 29781 26818 26874 10843 23710 8454 17308 29310 29857 14584 15845 20532 20530 23503 11428 15963 23343 5220 11618 21770 11473 4171 32713 12301 13920 7240 1708 22059 20985 8975 11071 28942 3784 8361 21694 3497 9093 9417 7360 3315 8123 10027 26468 4008 8163 4712 30037 10112 11738 15362 19409 460 11499 2916 15210 19719 6013 20101 10318 31743 27095 11906 12171 16953 10661 13479 24711 21379 7127 16575 25933 14889 30148 31405 20065 23484 13704 28709 32237 18894 22407 4447 19593 1804 30829 16093 22473 966 2061 30590 28728 6946 7756 16824 21034 9380 5068 28537 11968 6937 8380 5637 18847 14166 18271 8299 8944 9648 16339 25889 23169 79 24048 32683 29933 10041 15649 18772 30795 17863 9828 16245 19645 16262 24428 15027 17329 19258 27549 2481 31159 16424 1620 21052 26038 11689 7076 9161 18955 25484 9485 813 
2099 19631 14135 2913 8632 6506 14163 9375 24167 32661 4683 30175 22228 32161 20932 1136 19075 29922 23073 32277 22170 25992 7829 31314 19662 26349 3486 32003 11007 29174 2772 27050 8468 24825 23670 11275 11388 22923 26580 1632 32669 31352 3617 20666 25945 28924 3129 4645 15043 20496 22560 4220 9545 10926 17800 22857 24420 1898 16575 6143 8216 2890 15397 29880 4028 25446 32287 13710 3646 20229 10068 2762 28485 13425 1425 5273 27519 10469 21685 9880 26520 194 20980 12083 205 23883 28387 32177 4257 7177 21093 16359 12150 4047 23243 3107 10460 9881 1744 19153 8944 3847 15656 20123 14223 3405 4575 12219 5596 4903 2545 10971 20851 21385 729 30729 20898 15904 10700 32271 9899 21 25093 32176 32294 9140 19824 4471 24718 32072 32716 12884 10314 7029 28920 6579 13598 19092 13175 22369 11849 1534 23663 14297 24311 22739 3916 26698 22393 23168 14858 5449 29545 23293 21823 3531 27784 9650 15635 1205 456 2853 1251 22860 24161 4414 20135 9230 21431 27827 28157 30780 15311 11273 17368 25355 238 12689 4266 12587 24739 28766 6584 17860 22427 23914 5537 30821 28504 4725 26451 11254 9964 11064 13641 28713 32640 19754 26685 11474 
30105 28686 3842 25318 27554 2455 30788 16062 11888 30921 461 6272 31317 7100 23404 10910 28528 23207 32202 15074 28366 25315 14296 19487 3927 18020 6525 26559 5811 2376 4791 22474 24778 6331 11560 8262 31196 3668 1111 14088 8917 12178 26554 6670 31642 12156 9047 20627 3188 10852 9768 28843 17379 20858 2040 14839 11362 10841 5217 8345 20504 20694 10252 27910 31041 30679 25556 13108 26176 9488 18043 27858 8272 502 28529 16764 32647 13555 21014 3702 5536 1336 24661 8028 25758 18030 17358 240 7909 30190 27971 8222 20559 7642 7169 9720 10084 454 30281 8566 15856 31494 30425 19758 7271 31717 20608 22834 29957 13739 20889 31119 25723 26408 10425 18474 26540 19781 15504 25403 29727 16587 10707 16104 26849 22701 12595 18906 10990 23306 16196 29527 24104 617 27013 25268 7148 22130 3907 4246 1335 25037 5187 4701 22828 14695 17143 15846 17712 13234 29765 17720 11748 20088 3196 12598 17841 13380 1992 16794 10970 25854 29673 28296 14802 24428 4686 9575 24078 2616 27233 7870 1107 4536 16293 14313 21642 16598 28933 26377 21208 6152 11372 2455 881 20450 3395 30309 25560 19764 22770 31199 22144 19855 3639 9648 5104 5880 9437 2159 
3117 14882 18519 19418 26857 29353 14994 1047 3733 2522 9067 10039 31784 29453 27558 339 1846 16040 14507 8339 7511 15856 12722 30935 12470 24139 25768 12753 10005 31818 28443 5731 6365 10193 28019 15289 29431 10555 18721 12786 17635 4879 30903 191 32332 1635 16954 8547 19977 28546 31734 30185 21253 7250 22784 23499 17661 1277 4845 29289 15823 1993 29756 9472 29728 1186 24429 4204 17011 19722 32614 661 15657 12024 10301 30989 12002 7491 9073 27582 25167 5531 6357 23556 30212 5016 25638 22154 22742 19222 15768 7737 19617 4962 22658 23470 7188 16322 8934 26923 25135 32286 9536 31370 23014 32117 9022 19407 25764 1906 24898 27417 27301 11932 9802 3504 12073 29566 1887 30921 2588 2956 11984 22622 29908 7179 22969 30873 7533 5144 2905 17671 11725 26132 26868 27530 26384 10643 13693 27668 1391 1713 24121 5421 26055 19450 25488 22150 11302 18274 32152 17871 20519 13568 14923 21376 24747 15583 25838 18074 2290 23443 14975 4986 1296 23473 32391 28265 2762 29939 28944 5025 13546 3257 15122 1565 14293 27300 4317 19831 18125 29869 24719 3605 26133 4610 18952 14572 29811 16582 587 14639 7405 14429 15056 21271 15480 8854 2287 29397 
20990 27723 25507 12023 454 15335 7912 20101 9896 20238 31065 12230 12719 24232 1707 30600 14859 27758 5672 3515 24518 8296 8520 20199 10905 10713 16000 14882 1006 23740 15918 23766 30522 15446 11442 31076 15516 23530 22734 22316 19319 31859 18022 14639 12081 6746 14874 3473 6797 10375 11738 14987 10096 11600 22405 27509 18871 9315 652 31958 17120 21519 23454 13860 5036 17493 27202 1671 28907 8466 13531 12319 11893 3606 20761 8096 506 1973 3907 28786 25692 25355 20327 20714 19914 19129 4480 9321 9500 20566 26832 16805 20801 15362 2293 3121 30669 21859 5934 8040 9479 9462 8649 2540 28315 7525 15667 29047 22687 14284 8925 18034 30097 23042 29701 4563 17393 32511 26447 4966 15229 12589 32508 8695 6507 11354 20756 17266 31126 27800 22402 22395 3928 16408 18136 5884 19854 17180 14438 1327 6951 23330 29551 6889 22139 31309 5111 16439 26082 15920 5438 12795 31403 14497 24253 20605 822 4047 7977 13694 32371 9312 26032 6434 26011 26073 20775 8330 28867 9398 7793 24970 10731 19641 23318 6434 22680 31428 32026 8355 8107 9031 2403 19031 16924 18882 14063 26885 28361 23991 10170 21228 28166 5789 31341 28090 28439 8378 32350 17726 
28529 8023 23475 17755 15024 21975 6984 15329 28648 14312 23209 14591 497 15360 24638 6362 19373 10514 7397 29757 17644 20267 2781 24062 9737 15116 26243 12219 6514 12683 6202 31034 7358 14979 25839 24667 13293 32357 21178 19929 7041 12636 25367 9473 29075 2855 17843 29498 11684 6099 30675 9435 24188 9149 28477 1676 13509 5512 22446 27607 5503 14420 7334 28123 17205 6060 8969 32566 6139 20293 5499 9057 23508 11066 10058 30373 28516 1625 24564 2225 22706 6313 28685 25006 20096 20378 4833 7106 29157 20731 13499 31144 4462 5342 2412 7550 27298 2391 19509 25797 8250 8128 263 30303 5985 27618 306 25672 27229 24946 25207 6508 29179 16864 22138 10184 869 12261 18774 4659 27951 7237 5586 11791 10141 9046 22853 15603 30180 20781 1416 26016 20823 4288 18192 9644 5231 30986 30048 12974 1338 7465 20921 17388 11765 214 13126 16631 571 27004 29213 26438 14185 22590 8611 30010 1448 27153 18012 28925 31288 5554 3639 11655 21021 18690 27922 6137 4335 5171 10840 5072 18260 12288 91 5595 11324 13543 5111 22663 12174 12362 9944 32232 9778 5340 7613 13816 14879 22113 9685 18379 26917 19493 7227 24665 4683 20380 15894 6169 
7535 563 16286 14277 19055 13826 12741 25052 27085 21341 26425 6167 2040 6500 20510 1610 25337 27383 29119 7497 7060 189 10312 1007 27508 29102 3044 31137 1601 10543 2356 22748 14490 29418 27017 13744 27543 29516 27478 15921 6456 16233 8257 5862 31282 16037 6804 15753 12862 22768 26627 29005 4294 1031 14891 22957 15379 18197 11327 11889 15735 15464 29556 16580 11945 30380 18031 29170 31673 3151 16384 17590 26597 31648 11940 29466 18537 10764 8584 32687 7107 25391 20802 2431 17037 4803 6066 22274 3983 31831 8296 15471 27288 3498 22238 21235 2270 14721 5489 10166 28931 4741 1462 25800 11140 12196 25910 8378 2474 5324 4108 19600 6304 2618 21387 22877 13726 14815 23853 8166 26326 32451 15273 8135 25890 23028 28634 28290 8554 7288 24891 20727 19912 5950 7263 12702 13868 17698 3554 4966 28526 19376 19659 946 6801 29850 31315 1675 12698 2657 23615 29527 23384 29287 5990 12431 20255 24721 21398 20503 6087 26914 20199 31140 30112 5750 18472 28585 19321 25186 19898 15737 11080 28656 5096 27103 14656 20962 7345 14567 20889 4363 8798 12336 2854 19603 8256 10632 16540 24399 1006 27376 27250 23547 20421 21375 6331 7500 3000 1373 
13132 24211 7384 25619 25808 16397 22910 32115 6889 16542 30485 3959 28884 8311 19096 25719 17994 12968 7330 2804 22704 18240 30426 15984 32075 30279 27497 1632 21630 29476 10728 15886 14604 22764 31665 27753 2878 19573 11063 21614 23835 31931 8909 7496 18991 30339 4006 8625 18674 18188 8938 31993 3967 26180 27369 26057 14239 24847 19734 16405 8371 13023 22886 26452 19047 17706 19924 20595 12859 5727 14223 3728 24675 31597 9421 32613 13359 25511 11348 27613 29145 13845 2049 27091 6532 5997 24639 1827 16651 10030 14901 31365 19538 26576 11675 13968 25601 19977 32675 2051 14475 13591 20301 23934 17774 29473 21125 26954 15938 13590 14161 4155 25259 24517 3647 29334 17040 157 22695 3806 30972 23748 25352 21164 14051 16007 29503 18850 16961 12937 25461 30840 3425 20716 2710 16446 20602 22470 12517 18811 6657 6201 15177 6233 9188 22848 11895 30453 28473 20382 29736 8765 1799 4585 30445 3882 10335 9383 19651 12550 29832 20598 25695 5105 31246 9700 22205 5099 28464 4770 9458 24876 31215 23705 16089 5640 27109 10203 11263 18046 30997 142 27447 2806 18513 15842 32444 7001 14963 25488 20995 15804 3103 4800 31327 24400 26126 22404 16640 13624 
18453 14752 24270 22593 30735 7115 32437 10587 16592 19127 21150 8524 3737 2056 23389 10332 6489 8848 16152 27084 9605 19484 8959 16704 32487 6371 27280 15783 30768 22927 24797 23170 8007 4372 4024 4993 32558 24103 11632 22555 3581 15262 13124 22265 20761 3052 18082 19874 31959 6538 19668 25847 11922 25957 17062 11942 29976 31847 27303 4252 15728 26909 11209 26747 251 3 19810 32601 19308 16499 30901 9696 27683 8541 32472 148 30326 17520 10825 18630 4171 18139 17626 32002 1028 31241 3700 28034 27583 8686 17781 20324 4902 9625 3935 18631 23592 10099 2886 483 6760 32593 14911 27597 8249 11640 23865 2552 30767 26573 1766 3949 13327 2891 4981 7106 4439 7384 30195 1474 14629 3353 26922 30134 16481 32033 32577 32155 28092 22428 27366 12609 22167 32396 32708 32288 14761 16241 1519 22539 14801 27996 11605 27627 18503 16406 24106 31174 21634 24654 21568 2623 26533 4780 17025 7460 18428 24601 5067 15623 17489 25241 16373 23651 12972 144 23931 28596 26535 31183 20884 20720 8436 6858 30990 26255 7873 8641 790 29526 8866 11115 7355 29345 17987 29602 16917 2139 10384 30639 18576 9762 19446 31546 13464 6567 29872 1011 24344 14440 
25808 14194 18937 5073 16129 6895 26492 21317 896 15706 31945 29085 31330 31861 13476 24969 21646 16831 9538 2156 23495 32592 26891 24388 22257 832 1238 19983 3603 24822 30931 24018 28154 31369 9259 12766 755 3443 30467 31880 15995 1871 23263 15783 27312 12707 24704 1893 10276 9295 31783 2900 27884 8609 29044 5984 30637 25204 23313 3608 27781 28014 31648 10018 13737 2829 25863 26358 16168 9757 27219 15944 17220 1382 27411 32721 21493 8488 3536 23054 13134 22049 29778 26875 29226 32719 25938 28849 19712 14180 31621 8474 32700 20261 32028 23807 31664 28346 8371 988 6161 8354 18372 20739 28241 20169 549 10613 23559 22497 28629 28614 4469 9099 8550 9774 8420 3554 2517 21553 19313 13912 32755 27561 24842 17781 9184 13729 19203 20653 2997 11056 28577 20923 8249 24188 11119 10483 4356 15819 23018 19355 5437 28546 17624 2789 20127 31945 27812 24210 18395 26251 31939 17 11243 5658 23380 23049 14599 6589 2572 625 31753 8387 14266 3947 22985 27147 1740 19210 27871 4751 7163 22846 2432 28178 3119 21913 5499 20738 18673 27235 31292 23127 15038 32131 23835 4995 4132 31187 16852 3841 8672 15575 4426 7862 14867 4368 25126 165 
29071 26894 3332 26070 27963 32506 150 18738 17281 7653 24461 18571 20996 25494 31095 16239 22357 22943 14319 7671 20839 14932 8807 5189 295 22159 12736 24381 29899 28018 13118 1092 6736 20544 11061 31020 20993 2300 27796 31778 32 4909 15469 19670 11860 12923 13425 18615 4177 4980 26213 23371 8036 13889 8647 17234 24414 21612 29781 28534 4283 4307 7679 25155 16748 19294 6990 6114 963 23950 19233 10403 30548 146 23434 19775 8056 18829 14948 18756 890 24428 7832 14835 17054 6025 25822 5196 31903 9099 3955 8047 25668 19639 11667 29243 8956 21299 9344 28771 20577 20850 4279 7133 31461 13141 9917 30628 29041 22185 13207 26550 11460 28785 11503 18244 1801 31879 13545 5649 6206 3201 23082 7558 8019 12603 16844 21656 6074 14574 32437 5589 14111 380 7036 13274 21585 18000 6005 26387 21276 6827 703 25882 20241 1246 25195 609 7065 12886 19022 27640 32531 7703 9606 20370 25104 1648 11063 30360 24049 20131 2638 13449 26334 11626 9064 25856 24930 30278 25557 26772 25229 7018 16093 6832 14871 19908 25818 7178 969 9301 4907 15117 5110 22709 25827 3329 26937 7803 18731 28864 27059 28987 6422 32276 29636 11696 8483 3398 
16359 22061 17336 23678 10316 17758 23680 12753 21752 8525 21998 14749 23638 8000 447 20109 25665 17088 18502 23293 4330 16163 17671 27505 10595 26885 7687 9457 10192 6742 24466 26901 20910 5190 21007 30697 6233 23300 29033 13521 14258 12399 32664 23618 11889 25519 13031 22045 12786 5118 28091 18409 19770 27147 6725 8775 1472 19723 4330 13868 30049 31550 21778 2562 8933 11627 8382 10369 13145 1974 24369 15706 23404 15548 22023 21558 1447 262 23735 22386 8122 25796 13130 21288 27888 11640 8185 13289 29577 19639 21387 1060 10613 15278 12479 4776 16459 32749 31770 10386 7713 18427 520 20107 11960 15315 28838 4273 19888 13444 17721 2214 7634 6323 29921 4031 10278 26745 15645 3973 23857 14182 19218 3259 16688 6182 24114 20908 27240 19886 2056 24734 8313 12995 3149 15211 9197 18434 14602 17771 18540 21211 4112 20704 11925 4641 23693 17572 23514 21657 20159 23731 29062 9680 6184 31266 6891 4001 1424 2189 16271 28470 4055 29017 16775 6665 24093 22576 23748 9648 13265 12559 24097 20247 22781 23201 25744 19006 31996 26221 24121 19542 18131 13661 23850 24359 4969 26708 14826 18644 13432 1583 11394 31715 32625 23787 27724 5570 9607 11758 
15397 16137 3610 31332 25659 23688 15851 10204 21444 3194 14383 17115 19792 19181 30191 30708 26837 5374 12718 325 11885 17259 10075 11478 31687 10427 26375 16993 15612 17451 31839 28904 14335 21151 5024 27464 7764 24011 25164 5621 6253 27436 7508 2219 19280 19617 32001 3864 24748 11747 22146 26546 4261 3960 25157 7542 20215 31500 17051 5148 14769 11541 19759 2611 31304 15436 18609 29640 18008 22560 24125 27196 4801 31762 4241 18912 3747 9340 575 32593 4987 20789 12167 25873 14784 10446 13817 26713 27799 32494 11622 30558 23179 14048 2187 21233 5469 27837 929 636 28836 8867 6308 30278 12757 12928 4821 31507 14008 11994 28614 438 22295 8382 21398 8488 27312 29644 7288 16626 27459 17450 13261 18621 23831 9763 32004 31474 12080 2785 30187 8049 13830 13905 9046 31396 30682 8592 12659 7377 19389 7711 22175 12673 21228 10425 31299 10727 7867 23602 30676 6725 16014 21042 31936 19412 8186 24127 27682 13319 30687 1498 20095 25314 22335 5326 11575 10092 6399 16050 22537 17035 9609 956 6783 23190 20199 11779 25484 32332 12682 16132 20991 14783 8731 11411 25199 23599 7043 22190 14002 28409 9016 2844 28121 10379 2634 29914 6147 10067 
22776 3889 26682 4670 20773 3759 16207 22193 7694 14691 20472 24992 11734 28742 21210 18297 24024 4933 10054 16333 27997 6987 7439 28263 31499 1875 15074 26704 1616 28297 31031 25898 14282 6807 23796 29090 2739 22438 27665 6549 20592 12989 23065 18634 19253 32333 1094 31958 13029 25542 17713 29274 18771 17231 18555 25084 10197 6241 25313 25585 31691 603 20201 30847 9594 16361 20891 21678 20307 13375 24746 10319 3787 17156 21865 1869 15042 4115 7600 18456 19586 12176 17580 21179 14444 16745 19084 11920 13719 8747 23210 14439 17220 1767 6790 17385 15973 9511 11097 16864 30171 12861 8016 14714 31250 19924 9655 22673 26029 19869 26024 6025 31316 11672 25237 29872 27397 21994 19058 12537 8218 17207 7087 3016 15311 9963 13312 5675 31592 5576 24152 30105 12281 14414 7770 4782 26680 7526 1243 7984 831 17633 17475 15054 18162 16597 27943 9757 2464 589 217 29835 9834 27208 31824 30383 31616 21429 17182 2942 9067 14464 12835 9645 27 10684 19331 20265 16356 18357 17440 14539 25728 18115 2035 11471 7716 30253 15230 10058 22745 8645 26421 24172 14686 15116 21639 11379 11924 20919 16902 8114 5289 21924 24601 10545 19250 22125 25458 5209 
25057 3225 6702 9823 8252 12063 12339 21483 29327 2798 1471 8038 48 26123 19280 2527 15048 6532 9501 29869 25921 24831 2249 1786 13427 21524 2457 19354 196 13884 28316 11239 8307 15990 12705 22099 10678 9815 23993 22581 6452 3195 17113 7073 5071 17245 23212 19749 17892 2532 19722 16353 3766 28339 5769 29223 10052 18925 7717 5396 8797 9008 31537 1397 25959 23487 11781 3035 3343 27558 24571 19039 20890 2789 16007 32621 12087 6793 21664 26510 30656 21258 2377 17200 14443 807 15660 17503 30751 30807 18361 13704 9520 17448 31325 25109 30558 20407 3770 3804 1067 24724 2330 12109 14723 12879 30647 28922 16026 12562 27598 1361 16651 11802 6605 5109 9981 4493 31099 12176 22911 20789 7804 19177 31058 2431 10897 19369 25453 850 21595 7904 23145 8496 17446 17751 9910 17003 30770 13257 11140 13317 670 3299 6133 3458 2669 23192 17838 3332 18072 17146 30687 16064 15062 29104 28601 14430 13061 14865 2189 21821 9774 30900 9380 30398 24993 14473 29799 5039 2859 25420 6544 24397 17927 7950 9790 29143 17893 748 8621 16535 4454 3947 19390 25611 6094 356 12880 3472 16857 5679 20570 20386 31409 8309 11167 5848 7733 17798 
24437 2038 26025 17184 133 11092 30284 2030 1323 19294 3499 8412 21636 25495 32576 3135 17429 29605 18480 30164 12680 873 18181 16425 6763 24125 28542 21470 28247 9104 6703 26477 6608 10903 10869 2364 24080 16465 25138 16662 7637 29584 1343 17000 1822 7329 16747 28272 5157 6749 1991 7202 18071 2913 20463 22317 11866 7883 26553 14921 28894 26608 27088 26413 2831 23056 24499 7889 32293 12530 24209 19463 24777 21121 21561 29679 28782 32648 13402 10456 26232 22025 18134 14918 1705 27504 372 22288 22041 1259 18663 25591 25581 12772 786 20426 19053 5053 23283 26367 12982 31807 32537 21134 23027 1242 18934 9712 29515 19568 30211 879 29012 16344 9291 7063 23051 27852 4612 2208 22072 14270 6133 22428 600 20654 4589 26536 30659 31849 19647 5066 30152 24100 20294 10304 17110 16241 3353 25114 20657 13963 13357 25660 30216 143 14776 26666 26270 27573 25210 4281 10534 8991 27349 12941 17543 18670 31125 9805 7687 5826 5259 25523 14265 8218 28237 17655 32562 19641 2590 1062 16507 21507 19544 2179 30158 29592 13386 30048 31123 30271 30828 31138 3576 23384 20390 11989 1855 10021 24787 18016 19480 25645 23171 21927 26420 19522 6381 19886 
20839 19205 24167 5020 25457 2093 15627 24323 19248 4184 31793 16293 28733 24371 16936 32250 2492 16998 26083 6753 6109 1065 14382 837 21570 4535 30111 15542 113 20568 31053 1269 13199 24027 11466 2544 16497 28631 24729 19274 8727 28187 19804 2343 19664 17635 6307 25604 23712 18978 19059 13051 428 21591 4153 17161 365 28179 8076 13825 24332 5731 18137 18015 10867 790 18577 5438 9978 4494 1188 389 21465 21777 31416 6526 8919 6562 10852 1891 28077 10832 18891 5187 21657 23327 14062 27763 6822 30088 13160 26633 26812 845 32166 32332 28921 18496 22655 10192 17007 11101 14501 2300 15540 117 32261 9289 3678 27708 28268 25191 5209 6349 7599 18320 2045 32195 29553 110 22717 6672 11897 4009 4284 6745 19694 14902 2514 30392 11025 7227 4696 30836 18135 27027 23963 2391 11385 27480 25456 7720 11411 24958 20703 21342 6766 10677 2438 2156 11937 29656 14230 14250 27765 21170 14466 28819 13140 25346 24493 1114 15373 30935 10086 25969 16481 15681 19587 17518 10380 19123 12994 16095 16587 1672 3930 30880 876 3109 25656 28071 19786 4513 15457 16147 24779 5763 1378 29870 21642 11953 17088 12975 16768 14954 20938 4134 25656 16097 
8104 16996 24521 2802 30908 7371 17588 26391 11277 5150 21955 13599 22276 5965 26702 2059 20750 3801 6886 4995 1724 15654 9048 19856 12481 11261 24793 21054 3837 3380 14755 10822 5567 31758 19376 32426 18601 9618 11737 13599 26491 19710 10802 26545 4024 15949 17016 13130 3494 15628 28208 2024 26659 31560 13549 4024 5439 9472 14122 5048 15016 9734 12127 17036 14801 22835 12697 4678 28297 24403 22112 3293 19298 32200 27998 7599 17939 10875 22227 28860 5351 9725 16517 4443 14686 11945 6630 5677 23752 13242 31557 7350 10539 579 16346 31825 22572 8678 28057 3962 1900 3029 24743 29777 2994 29043 1857 26406 32446 2494 3961 31558 10728 20678 20152 19466 30185 3301 21021 16831 11294 26307 25700 26957 20185 6086 9441 2854 13373 32054 9973 25876 29173 1746 20704 10502 7063 6718 12366 10470 7334 16270 29433 15397 4808 946 4376 29792 29613 5358 30578 1387 31601 21888 21038 11000 2268 19714 7019 181 13213 30333 32633 29084 17730 10320 22824 18283 20477 13433 825 30057 8159 17114 2920 27832 26875 29632 27808 28989 26101 4473 9829 2599 19807 25791 13591 13457 28204 2059 15396 17172 25567 3952 31258 3092 29249 24268 23753 8120 
16798 21094 26628 11189 30600 14105 5541 10909 14292 24971 1154 24435 30057 30113 13375 32237 14680 30917 904 14631 14651 27345 9398 1125 30322 5134 557 23683 19313 8669 4363 21081 14749 21950 11810 28689 2794 13426 29076 3395 17031 31126 18892 23008 26370 14333 20295 15921 25056 31222 23196 16711 10818 2489 32146 3908 2334 32096 27718 1892 10044 11694 28253 15260 92 13068 6920 10139 10148 16895 3002 18539 7110 31946 18570 14882 9278 8437 1669 17606 23127 16678 20855 27466 1637 31242 24263 31552 20285 18915 23336 30240 19555 16478 23553 7434 4974 18362 22467 15962 3 18197 9564 1133 31969 15647 14387 23149 27469 24340 2741 15538 26790 5081 3937 2248 23163 940 8997 27490 32376 31202 22825 12992 9319 25701 9085 25413 8433 28079 5973 17111 21979 12772 16133 27754 26781 5727 20524 21057 21148 16037 27419 10339 31143 3354 13811 27581 5534 24123 4391 11449 14573 18163 1889 28881 30591 15615 16765 31926 20199 12028 2330 11509 31650 32493 16517 24809 30436 2819 27750 19291 13355 25800 12397 2996 15924 24102 14954 4645 15165 4735 19325 1605 22618 10782 15076 9424 22745 6630 28987 21993 20079 30611 28046 15799 9256 9730 30303 4148 
22810 31366 29725 7264 18482 22792 28582 10024 5211 26018 16678 29882 14857 21247 30460 29987 5465 24728 16335 28027 29756 19371 1770 7885 12658 21963 8156 24614 11605 21204 25770 13532 15443 10238 6583 12095 23658 28865 30711 18149 4353 5392 26143 19668 32695 23597 796 31615 4398 29549 5789 18320 24053 13093 9509 13618 6588 9242 19284 2732 15656 22687 25625 18239 22206 9704 7791 27661 23997 13093 3065 32608 4755 2343 18447 1601 12351 26494 24585 18860 32600 25256 717 24915 7052 24878 5661 5853 24638 23753 8254 30385 11377 28388 14961 26988 10821 30588 31504 28660 5582 15534 11990 10073 19203 1732 10406 22060 25554 11541 29391 38 11515 9762 5556 10927 1000 22106 25063 9051 442 16231 1905 17417 12481 1477 8928 4622 5253 2127 11362 3580 22133 8658 32279 7276 11552 7979 373 2989 25933 20637 18790 265 217 32560 8981 9349 16625 9257 13449 10549 9132 3978 17674 23858 25201 19901 613 365 26466 20368 10597 30789 4888 503 20300 8547 9440 19161 21181 13548 16228 15161 30819 6085 32290 17381 19992 11053 3543 19199 15936 4650 16106 18583 24676 30845 238 22567 26564 2752 1587 2088 27157 26757 11561 21564 28252 8653 
30751 16635 8197 10069 8926 17123 4797 2160 231 12030 7159 17813 32155 23559 4204 4378 1582 8292 26284 30487 32112 13091 12358 24909 2904 27172 2262 1313 22756 8459 21874 19426 3457 16008 20976 22018 9376 7034 28365 5590 32009 15820 2138 17182 537 3284 14596 18955 14501 18555 26647 23572 17802 25987 25283 18995 8501 31609 27379 26482 22923 16104 4533 25340 12550 18276 22209 24733 2647 9866 7202 12498 14065 601 3878 10358 12360 13372 9494 21063 26838 7186 24878 1448 31857 7279 25779 18569 16016 26474 24570 28755 11350 7475 1020 15203 23875 29916 14377 20525 20154 2255 32021 2468 23479 15321 13620 14817 16747 29630 5969 25222 1964 28598 31424 29689 16274 26661 13382 31868 13599 16761 23482 29087 31796 1892 9969 29157 9100 15650 10760 32161 9951 7143 6633 4061 1978 16310 19547 17557 28146 20566 12950 26474 17790 11393 29911 14024 18896 25490 7796 26284 14831 31306 4204 9520 26250 30369 2943 13297 21123 3668 17329 4581 30412 16752 2058 1335 12230 23688 15949 19792 21062 27458 15493 15906 780 16910 29753 24955 5127 27591 14882 6285 10362 13316 15192 21362 30254 10837 17322 11933 4564 19748 19564 12295 12064 31785 28838 6067 
14833 4367 6138 27244 31271 5846 18482 12996 23859 9106 23128 11638 19362 20626 10393 5504 24585 11372 20939 32654 32536 19259 29596 24858 32706 23916 546 6785 14981 30918 20956 2192 28082 13865 27309 5162 30536 18505 18215 17508 9154 26545 6950 23307 28545 19234 15282 6286 26528 13155 582 217 27126 4343 13011 17340 20628 31658 17519 13610 20269 12710 1550 5738 16282 5952 7241 5715 26103 20461 11310 29373 11448 21063 3640 6600 1119 807 9230 16172 4159 2615 28686 29721 17246 1317 28552 8175 21213 10730 19262 3093 27966 4716 10084 7796 11308 451 16741 12614 10524 11139 18826 28847 17075 5009 21668 5425 25852 17047 23919 2795 1454 7397 3371 24483 12324 2168 3419 24713 27815 29990 13405 13336 29988 14878 18692 16766 12306 25784 23973 30991 6288 30827 24727 8548 28399 26714 28148 3147 9506 10868 3371 23019 22097 25030 1733 23586 17576 12137 15854 5447 12613 22169 17254 23379 32470 5857 31123 11289 10495 5368 11934 4983 13249 31970 19753 27383 71 19486 7112 13 18362 17346 12716 19332 721 23818 3728 8895 19635 17456 8015 18673 13098 25933 28107 22051 22484 32724 1907 26290 21727 12089 13561 17226 19242 19464 30013 32477 
23408 19068 25099 32536 27040 26010 7333 4942 4885 12336 27101 23163 31216 12660 24145 9656 15282 14639 10116 7890 17005 696 27128 16344 28473 4213 24136 9259 6374 27754 17290 16464 28846 2437 22122 13940 24962 23801 1569 1573 27126 16680 7798 22735 10489 12423 20528 12615 263 29643 25574 9718 13017 12787 28688 13134 14523 25442 12448 44 23294 21999 1742 9434 1088 12107 22543 6578 401 10 22453 19239 22816 1227 10396 7549 27013 31816 29585 21088 25688 22692 4739 19726 24845 18013 1422 20777 24665 25231 26248 21396 30179 15140 5441 28433 28716 10734 12879 544 11618 1021 25212 30628 28110 3486 19796 2250 28533 15950 11189 31972 5868 24357 19222 29574 22085 29809 6994 17657 11434 10756 6862 3378 11428 2706 21880 30746 31040 29922 26972 32255 21835 27005 6369 22877 8171 4336 21593 3578 7672 29787 17158 4622 11502 20041 15689 17338 7087 6210 8394 23152 9770 994 18618 3829 13412 21916 30869 12019 32676 3847 25429 13992 23289 19067 13268 15433 1806 29372 10925 27505 16254 11027 31808 6406 3899 30338 31934 19484 9983 14858 21087 21333 20802 9305 24716 129 24382 19328 2775 9959 7480 4793 3305 10856 2636 7777 15362 683 
15470 1125 18247 9197 7655 7052 863 5880 6560 17250 17927 12128 4516 13291 16718 5516 11668 26501 5668 6675 29990 21079 15802 2501 18596 32591 8205 3452 32065 30896 28926 10732 26012 22139 5394 9260 6812 19562 14985 9869 14991 3523 11540 17605 6873 28362 5842 7338 1319 486 28395 2837 23479 16281 27209 13608 16291 28972 28586 31903 10425 31894 28825 31962 27833 2449 9845 14119 19057 24058 28630 8070 15621 1879 18402 18551 21958 22424 20827 22739 17457 31552 21167 1357 22182 19725 6922 31470 6214 12647 27037 18904 19089 29685 4338 3016 31538 27843 8823 15820 27690 3061 29849 29258 6136 2188 28577 32014 24557 10032 14224 20807 13079 19235 26908 7360 21253 7989 24925 15933 19077 23242 17216 27194 5938 28031 18487 23588 26446 15310 12805 4235 14911 30973 32711 14536 6262 21368 26498 23520 7873 18308 10285 17191 24162 24869 25000 22122 20693 6946 10647 2583 29274 9229 16928 14594 20093 7451 18785 22335 3972 6263 32076 17686 4572 20692 3925 27409 1823 5962 28477 20778 8586 25015 6530 10551 3286 20294 9369 5346 13751 29074 19824 15030 16306 11415 19125 24839 7804 13826 7293 5434 4583 28188 28062 24073 20590 12964 21393 22963 
12474 24368 10895 31664 25387 5612 10608 21230 5466 13698 1930 30389 22429 678 1104 17673 6992 6615 5059 12786 7500 25530 25241 10527 3964 12198 23797 25573 20171 7683 28249 18861 30439 27502 24733 29678 30860 4779 22268 6089 1273 11253 3495 8779 26874 11598 24196 28532 16173 3091 10797 23300 16259 19736 15662 6778 155 4681 17251 28570 22983 10446 23028 24136 8292 6370 7388 27740 24828 12899 26182 31272 13154 8925 17478 11668 20668 4131 23405 9950 6436 15105 5440 22211 12439 30653 9712 28605 7869 28522 32108 23028 2084 31001 29021 2737 23517 26173 26628 11795 9160 22702 8285 30655 8764 17430 22759 31482 1096 16558 13933 30064 32465 7700 7252 15060 30167 11094 24429 15168 21911 27135 23009 1862 21202 17860 29967 7643 26837 32335 25792 25939 31896 10870 9007 402 5304 6280 18395 32330 7203 28724 22167 161 19395 16143 17183 26591 6913 4872 24016 17885 32087 16712 13778 4145 18052 7842 6654 19625 7799 20002 9231 22848 29652 14612 17027 25915 30923 6300 30538 10318 19850 2059 19541 5148 28779 3734 29325 18917 17767 4891 17713 17514 3712 31478 15215 15947 16405 31278 18233 29415 15932 26210 5416 29655 6748 2272 19521 9803 
1058 23255 29303 23882 15828 23453 3987 31022 15091 14568 23408 3603 22970 27251 8729 30896 4780 23914 8477 31829 21739 5189 23649 31292 14904 8648 10472 23698 27571 27863 5776 4993 16405 20125 11595 2871 11377 7471 27766 21017 11742 4119 25538 8351 16693 19448 5105 15057 14268 16993 742 13652 2964 18426 31599 3592 27812 15998 20061 20314 4800 11382 5033 22895 6129 23522 10393 1028 31936 6154 8339 4339 18575 4121 5341 27946 4113 22214 30243 4482 8734 23766 21812 13924 12201 11610 2190 6788 29064 28640 20571 24330 31108 15483 11549 12752 13036 8877 17136 25049 14698 22390 26835 14336 5869 5732 31605 17747 27118 28752 7042 20532 13220 13841 11034 3150 5443 14642 12525 2739 32261 20560 31042 20405 21566 15218 27960 32644 1534 27816 14547 24070 15022 27385 25563 1750 22657 3114 11289 999 13056 19336 27648 31314 15953 32695 12302 14572 21809 21295 27794 30869 13124 20245 30871 15234 16408 29150 9111 22245 3649 4065 28608 16632 14772 27322 20107 22293 8490 3986 12257 15535 19141 9723 24725 28584 21412 23276 13215 17262 18614 7758 26973 22275 14371 26451 22162 19444 7487 29899 15251 9814 20488 17197 25196 9820 12392 4927 24320 16505 
16466 9390 11479 8777 28487 2673 27899 510 19836 7575 23441 29129 27115 10578 4419 6430 5372 28888 11593 15692 2834 683 15454 21394 6588 24121 30054 26179 26748 18176 7420 5574 2948 3067 3655 32008 19496 10354 32705 30059 29799 16173 18925 22802 7721 15245 17289 28758 357 9827 30696 28177 20228 30241 3617 30663 14669 9734 7547 20986 10072 7942 21632 18962 6754 3091 17241 32306 15551 2462 29553 6357 25886 29722 7226 28293 27746 6571 15988 1522 21924 30977 19702 2591 32688 2227 20234 32443 13762 5285 5001 4252 9693 8534 24998 31082 30567 27713 28328 2351 31237 4288 996 907 28455 22393 30378 19388 20278 25728 30001 3050 29020 14474 12892 27675 4167 25434 23865 5318 27287 23878 31930 2622 25994 13993 888 8790 15642 9854 12494 17794 16188 21791 28743 17323 12781 29321 7144 20144 10869 26338 19786 696 19586 20277 23518 10136 3099 30457 22410 4423 23603 12298 23487 1838 19196 4814 190 20508 10009 29404 21165 17988 26429 17703 14371 19575 2986 9393 21821 5039 20092 32098 5739 26970 10625 19614 17980 23196 24046 5160 22703 21320 6761 18974 9532 7386 26319 24587 9211 8634 31057 28515 22416 18676 30601 6473 24567 258 
30122 13527 25859 16463 32171 3669 31849 22950 7766 12714 1372 10330 20371 2021 66 20045 6838 23589 6449 3468 13687 2863 30105 27514 10246 12114 7759 30073 3566 657 6299 8321 8379 32011 17000 138 19280 20568 30458 13806 7251 2439 21195 31702 15834 12763 28183 2357 29067 31314 30180 32588 3045 3933 21005 18179 13689 16865 1611 5558 139 28874 17124 29148 74 9507 3110 29539 12711 754 18196 5455 31792 7344 3768 31067 17057 12439 18685 17842 17277 17140 5221 19704 8722 10529 10902 20098 1359 29879 1060 6326 26440 4837 25309 25035 13223 16530 29836 22083 28036 27543 16742 8111 630 16610 7174 513 26293 8595 13019 28637 20027 21192 17877 22324 21068 3733 26874 30540 648 31790 18411 24453 22396 27386 28181 32331 24436 24876 21887 18079 10029 31514 22512 32030 1988 10669 16313 9098 28779 14295 23554 21029 19608 13073 6146 23836 8564 30732 26324 9274 14668 8325 7045 18406 24410 3652 14327 1655 877 14387 27027 13939 174 17767 5638 16141 2055 5028 15114 17512 31507 20051 23052 9638 27511 13220 27307 1440 24233 22792 6296 31416 24976 19713 4037 14722 8411 6963 517 12487 28827 22591 6565 11252 8190 31247 21697 5558 
5571 3771 25838 7467 11442 12455 1361 6838 29953 18956 11642 11599 494 5918 2664 4570 594 29310 19065 7298 10075 10668 14558 16087 26263 13951 247 865 17609 24231 5079 31404 20572 4297 29761 24169 25662 4977 3647 30216 11294 31652 14530 23863 20236 17390 26228 29682 7798 22231 22792 26672 24925 17965 15891 20665 28634 4232 4084 28290 30883 28118 16297 24982 16053 2383 31019 19951 2160 12032 10236 24753 1219 1824 32219 7803 24449 7663 22221 14288 13376 14939 19753 12983 24147 24601 8722 29990 7616 15563 10762 15917 11003 32049 15617 8385 3285 4980 8357 22774 9508 10501 32610 26529 8224 31472 24891 10962 7982 6674 21000 4553 28397 3589 10768 19460 18590 7635 27542 27224 493 17258 17518 546 32224 8105 18101 20045 31266 21678 11893 14123 7866 20513 13943 20890 5759 25147 17560 6285 14898 17511 8747 22578 8968 7428 30264 19811 23515 25811 20348 30229 24971 10850 4326 31275 24512 12032 6963 15871 13584 15785 14575 29195 11579 17844 26716 25965 22497 25982 11869 26132 31919 23973 19783 23765 26970 19959 16535 6399 1367 30397 13639 7104 10666 15254 22565 13222 32639 10219 18847 25645 8378 30272 14608 5371 32030 3362 19727 19754 
8767 25763 10749 9673 3720 8190 14046 13572 4761 30362 24809 4739 21119 25313 8328 15819 20291 18894 6767 24731 17539 29747 11739 20986 19696 6802 17378 20918 5690 25016 3836 28604 25489 13214 3958 17702 27325 24617 25636 25660 7904 7891 31055 23296 18544 21643 6801 9360 15781 29326 1219 15253 13864 13258 23984 23802 2678 7868 10858 3967 14979 1397 19875 11230 4211 7646 29310 15600 3164 14577 310 29945 9352 24913 10264 20660 7254 1536 19380 9117 9235 17987 16352 27175 90 2305 7132 1135 19477 6456 24713 22032 9128 9598 29362 23598 25388 12365 9241 30608 6206 13707 1408 15110 5997 32013 7359 30769 23557 2948 19677 27694 13720 29308 5044 12292 12967 21209 21149 32694 24584 18894 4194 9386 17708 10722 26358 20869 10182 24395 10465 25982 917 23447 18263 28516 19877 4835 32207 14103 24453 24615 24789 7481 9096 25494 21316 25293 4425 28805 14981 16511 3527 10593 31634 3090 20355 30643 7324 29648 12033 32533 19613 850 4893 23297 21685 602 9817 30032 29039 11178 10999 14 5775 7491 20993 13436 5002 2597 31535 20779 16210 29851 18100 17695 28278 13372 2449 7183 16987 828 29964 27245 9131 4273 13494 20965 20415 17854 
3581 22561 26046 10940 25430 21125 10805 5557 26088 9136 16765 24138 1934 10645 25621 15044 28252 5758 9564 32663 13433 28391 23889 371 23542 24920 4921 21893 887 16447 21026 29021 12319 23101 16461 5114 8453 2927 1791 2669 4537 5335 1457 18121 11954 29540 24169 28521 25864 20269 7625 4717 14294 11590 5246 30494 11303 10092 624 11995 26521 27378 21199 5836 32729 25267 25488 26819 18504 30344 16117 4482 19397 2734 9330 29336 6106 1889 22595 18820 19449 6232 10104 25094 27839 28712 19597 15041 21229 21700 26146 7606 9486 8904 4708 21210 15912 1283 18154 4344 15035 5377 31152 18115 15991 23075 4875 27744 32567 15245 30111 5505 20525 284 6758 27421 4696 3822 31513 425 32281 20393 10048 28807 3823 16493 17028 21081 32006 15601 9995 15763 16221 30069 10350 8539 29409 24788 2466 27190 27330 9080 30724 11730 30860 4194 1913 11636 8752 32055 29081 27605 26204 9857 27134 29969 14034 31276 30852 13446 31533 15063 8600 30830 15538 7358 22216 12411 17834 1730 21241 27963 2582 18545 19041 22262 9262 17438 17354 30427 16894 5743 24090 9495 28297 26389 16281 11692 27107 15116 16005 9366 25206 25240 11006 12668 8037 19712 24234 21923 
7552 29108 27465 11958 26801 30580 25557 4645 5447 20762 23044 19636 21840 19600 19403 17569 15695 4749 18626 12406 29356 11551 16693 10437 24411 18312 11363 749 31105 7629 6970 6992 15604 20470 20357 18297 31336 14930 25464 19385 26515 12789 6922 6260 8200 2997 30254 8625 3940 13522 32634 18703 31845 8218 19436 27336 28568 31547 23343 31802 30066 19178 572 1811 23974 1642 13420 25121 5526 28725 23033 7335 29179 15136 19407 5183 9207 13772 10193 32505 26257 5702 24788 7012 21653 28156 25110 6197 17159 15800 18551 22721 10207 28957 13727 24510 29699 20012 24404 25960 25740 10111 5751 31982 5071 10612 12566 9873 1478 20188 24584 25711 13720 29379 19682 6510 16449 30988 15985 386 12417 19192 27800 951 32524 14035 31417 5307 3373 1685 5133 24087 23655 13964 10780 28121 29166 10748 14888 15117 6572 11708 2133 29742 27233 22336 28908 7826 29423 31791 5977 22420 18537 16632 18561 30174 29974 19536 11889 26431 20763 21467 1747 12828 15273 5579 693 16500 5947 26125 31202 9385 3904 29418 30315 24540 21323 7349 23506 26473 1965 10161 28819 30897 10522 14814 16761 27479 3982 1548 17935 21895 14848 21941 7190 10599 24999 14842 7526 16712 
27525 17361 8215 6156 4443 6908 2434 27159 30664 30334 3499 18129 10437 7055 9017 10589 15822 7326 20056 30817 27416 30888 31349 31573 29047 28527 302 29530 2738 4704 19069 28625 23536 29422 7743 19263 15867 323 26112 21471 11061 26606 21943 20950 2714 14330 26366 16348 11345 2564 27079 27825 29398 21892 199 5785 29628 27545 32170 30056 1395 21420 15584 4095 1360 31590 31964 27522 9678 26457 8010 1706 10196 9792 24148 14838 32672 3524 8212 8647 19746 4827 28613 18473 957 5391 8449 13482 9975 27410 29836 26793 19362 8067 28781 1330 27207 22005 10923 8713 1233 10748 8973 18387 18614 20278 2248 18017 9657 10442 8257 27701 25832 17900 3157 26764 6125 5104 19569 6742 11920 19749 11336 30156 20957 25545 17197 16239 28110 28146 24850 11323 30265 11185 27311 32336 14210 3371 24865 576 1187 27510 17032 21283 6095 1024 18730 20347 9625 2695 20280 29822 22754 1478 17184 14424 1195 8816 17507 667 31392 11285 30801 4645 11351 17306 19328 30413 8214 14324 11767 13291 31334 19671 14408 27707 30715 28038 24137 12296 6355 16646 12577 8016 4924 16211 29364 20381 32392 16055 11108 13072 831 12848 5011 4896 260 20348 29139 7460 
1738 20524 4862 26094 16040 27410 17832 32735 24545 15274 27026 29610 1356 17399 485 23651 13045 15708 22485 32351 28024 29807 25159 2648 19641 32175 21877 14160 703 17463 19774 350 472 3456 27428 14800 7473 26342 21083 319 5784 16303 20847 19821 26422 25216 178 24255 26627 7006 1947 19837 29384 28227 27503 7690 1108 5912 18367 7064 2476 7583 28363 22955 8371 1043 29695 21473 26000 26103 1973 15078 20605 23421 25455 22474 17132 27704 4124 6339 23783 25641 31152 25946 277 11041 7998 14837 17253 28267 13473 12777 2918 518 27137 26197 11228 2307 30765 26636 12615 28703 574 10450 1136 21729 4836 25960 2041 5823 24585 17210 20139 6883 13353 23215 12545 6683 23515 32682 26250 4818 23267 26633 8322 28582 29746 14784 24792 10234 13729 25480 11752 27937 2881 14796 15942 23433 22149 16362 4744 14866 25639 7878 22785 14191 8834 11627 9544 7921 23628 14270 24729 6215 9656 20984 21877 8632 18268 14316 28728 10649 25864 7596 15773 16953 23453 14081 24098 7856 30795 8603 8118 30162 8687 18060 10236 31200 3275 27803 11798 10167 29782 1398 25695 32212 294 17120 26339 2874 20565 3442 22443 30716 21621 22140 1829 3266 13970 6057 
2469 6742 15255 11721 19509 5578 7257 22156 12575 30447 2067 32226 22882 4692 25040 15864 17739 26879 4337 12468 18456 14820 25496 21792 27176 5176 10239 13055 20417 28333 9128 7429 10429 27116 8011 4357 11796 2648 16463 31651 5036 7485 20853 5905 17686 28941 13999 6164 16284 18842 23924 25250 14964 23614 31904 17771 13419 2064 19474 26965 6045 10608 15910 9536 15260 29669 11915 10351 7528 19733 1580 26928 16607 11467 22188 12510 9164 3628 19346 15340 554 9199 21842 24195 20795 27079 1582 3935 2028 9489 16447 14699 13669 762 18579 1129 14247 29701 19162 20620 13437 1567 5593 22588 11282 11857 10499 24857 22369 1452 27700 17171 5864 1285 24916 1764 625 12371 23975 28376 8737 24883 31925 10003 25448 23518 21651 25288 710 25857 11748 10691 27474 31921 13244 10576 3971 19573 24871 7517 32190 1557 28929 19691 10181 2169 2993 11277 18112 3067 12161 26366 13102 5086 21715 4016 23368 30223 29486 1286 16678 6309 25013 24908 18841 7416 31189 18906 13612 27436 8703 14574 9566 10227 31568 5956 11664 17526 28309 1265 8256 23556 12092 13282 6208 18388 24635 835 10560 2151 11727 1792 20250 6411 14348 13317 28964 29290 28351 32394 
9404 25451 22554 5429 22771 11965 27428 28048 1942 28469 4885 24113 2726 24063 4536 20500 4528 20792 483 25417 9722 30541 6152 20342 11180 22343 25415 12414 30792 25990 14111 15311 28538 17664 6832 25509 20413 13207 22269 31427 31069 26281 3151 14671 30408 12867 11123 1901 31457 26832 12026 24239 3882 30739 17551 26442 26099 28468 13592 30224 18006 20712 11229 19470 22564 6110 8739 18660 21886 2119 31013 13208 2204 14428 12816 30697 13104 13287 8540 21699 27774 1687 25428 24467 23289 10962 13974 21730 2590 15845 118 32475 18039 3836 7014 140 32636 4259 25163 25366 31468 19310 32131 649 5963 17631 19345 2878 4802 6898 8052 13594 3490 21877 19003 19741 990 25505 27889 3852 27590 27165 5752 27359 3089 13688 15379 25342 10185 29016 7501 12332 17970 25745 12649 11211 2500 18826 14836 5652 10905 31974 18247 8038 11942 13440 10537 22931 2338 2366 16942 22750 8605 7519 16412 22092 19135 15934 18453 9562 3666 27535 21279 12224 15020 20686 22754 4260 19483 5401 19312 31347 30177 4519 19061 18629 22374 25443 29029 861 21322 32040 18344 965 10377 22751 4058 21515 32219 20707 11427 8614 16286 15756 18659 18984 25242 1457 21702 22896 
3558 18477 8835 19974 5091 21188 21279 29474 23785 23639 5932 17607 30700 22090 19216 2352 20786 28518 7597 22740 11141 17610 30206 16740 19355 9434 16838 30598 17501 28067 26739 15164 25399 31015 5711 1876 24867 19056 29195 10762 20024 8712 7944 22757 1392 17719 3756 27490 11334 23368 22053 32480 3662 24964 16639 3129 5278 14740 1072 22880 10736 6738 9571 27615 1890 31614 16787 7678 22501 12617 18114 14492 16428 24075 3258 1264 26831 3310 24692 11288 27919 2957 3686 14156 13742 30676 25927 20856 27852 32355 31326 23939 32170 18269 3906 31645 1405 12448 13900 11911 2168 22805 5662 18384 3260 17173 19763 21226 4807 3187 619 18726 1798 18289 7983 2571 26564 15351 20512 32708 12819 25160 24932 8120 30226 20754 19517 12870 18628 31106 11354 10243 29973 8780 30657 8217 23293 9381 12192 17275 8654 11595 14698 9391 4168 22085 31058 7266 21061 1143 12074 8429 23956 25198 26602 5255 27117 25991 26733 27108 22353 1852 32686 31894 31152 6499 7673 31969 23761 22697 16174 3916 8817 18352 7414 30818 2816 17481 9709 5070 30806 29516 2532 26906 31014 25203 4452 8869 1721 11942 15279 11429 8687 20116 17377 12810 13531 18242 6640 25577 
5281 28768 22350 13503 56 23015 18717 6875 30173 11451 2030 17686 20103 27936 11641 30321 25451 32727 2073 28709 2750 28491 4944 12690 15136 277 17655 30555 32224 5080 29469 20196 13759 506 25963 2012 17814 14004 9487 30417 24373 9547 25766 21644 11302 9327 145 25924 9642 29605 23986 19270 6679 27198 29404 12546 20830 10458 30913 4346 12009 2104 18453 15580 19468 22665 14416 24567 7429 9942 3130 22944 29755 6557 19493 16108 22148 2200 959 2811 24517 29305 13840 32754 4011 77 20915 1577 32044 15124 27658 13254 20039 29170 13008 7259 10308 13314 5455 12451 11832 28445 10765 3371 25913 15764 12186 1223 15554 15951 7798 15086 3750 24882 17399 13829 9628 12640 9288 13462 12656 5956 30430 1245 14970 7621 5076 12934 17557 788 7635 29495 27120 15069 8022 23197 10268 12412 12557 19908 149 1348 83 4169 25144 15827 19034 7929 30238 15396 9410 27795 10527 24242 28527 17537 26119 11302 27062 7947 24258 20740 18326 25349 11878 6595 20744 11364 13620 25986 28223 17058 25040 17102 13179 15428 24875 7574 6137 21728 11665 28557 21229 14690 29555 5948 12814 22664 14080 26027 1221 8497 17080 4806 18976 20769 1374 1359 17473 25413 
26108 10886 32447 11274 25812 25805 546 17884 9219 17483 6224 14046 27278 15342 1743 32141 14912 21424 18239 15356 18753 19021 5506 31526 15964 27771 1316 20562 14508 17807 21310 27815 18233 32456 32425 4409 6047 11906 20568 664 25369 9220 23919 20539 13088 67 719 17772 15456 5764 16250 7681 32652 18038 11736 6953 17296 16874 31064 29467 19074 22342 4043 415 26020 14990 14015 32706 25292 26959 32297 12502 11073 15098 5295 58 18500 13478 7728 2551 14475 13544 4219 289 21090 57 10928 12699 25554 27832 18557 10507 13856 30932 16324 4989 22429 16059 3987 16253 16603 13305 31709 19882 24104 21850 5411 5158 30609 22303 6523 26832 11474 32154 12357 10000 26069 1042 24974 28703 30927 13590 25080 11608 1803 22918 23686 12554 25995 19060 0 4721 30406 12107 6788 13378 16210 15881 27543 7356 31904 4032 27512 29539 23511 13074 8671 6222 23656 28623 22809 30941 4808 18973 24350 25325 18772 22626 14669 29709 30301 16109 13599 12560 3685 19466 12699 31841 30869 12363 23853 27469 5822 26503 11839 5849 18546 24406 6238 29747 66 22489 26516 8028 2403 16200 25507 17472 7577 21233 27086 29373 5814 11471 25239 10569 28743 28497 739 18792 
12248 394 14959 30769 9897 13985 24354 4613 13158 273 14012 14981 15598 18285 29764 15310 24820 3728 18587 31949 12963 17703 32553 14015 8867 11445 9848 30482 21096 24114 12527 12189 24840 6676 11909 16020 6320 27968 6247 13378 6573 24470 4576 8943 9100 29182 9302 24348 31759 2330 4739 12251 21937 22765 6769 10975 6267 21808 6287 11077 17943 28335 1511 14740 24485 1101 24722 30143 7272 7689 28498 4610 13373 26423 4502 4475 29010 20255 4045 26269 27803 23872 7696 20952 32518 31009 19896 26864 14724 9845 18497 23187 13497 9999 29824 14372 30840 24905 22524 21153 20114 11089 31780 17218 26059 17340 20180 31982 32421 23789 6558 12527 31355 31624 28419 8005 14718 18243 433 7953 6339 31044 21860 6458 10735 6717 24667 22402 6560 4519 31277 8459 18788 12723 5707 9147 2304 12841 16501 17417 19826 5834 4794 10366 22923 11547 2384 14612 8015 29242 31348 4636 1501 19255 16982 16323 4347 14018 32486 3797 3474 9166 26635 2731 16478 26972 30831 1395 20273 24560 31818 15229 18403 25582 77 24553 20229 2520 19393 21981 15264 30593 25564 31376 21410 14980 5981 26452 19505 32020 18858 16481 4132 16349 21966 12476 28083 882 1090 28898 
13889 28226 5680 4013 19251 10276 14658 21383 5055 29615 17441 24169 3761 995 26210 1105 17113 9282 26805 8599 25172 18282 20285 27952 28534 32592 7673 13499 26898 17495 9511 15239 7381 27800 8901 1395 12469 32032 3353 23476 2829 10091 9238 20067 17931 26885 27749 11474 23314 29177 18514 15449 7076 17281 18397 8951 31222 14864 913 25745 2843 15288 927 3790 10818 17628 16504 21005 28782 8825 7022 29664 8370 19861 15257 7878 32126 7863 3293 16365 3758 11752 10748 32297 15989 15101 26287 29672 23 4342 24708 28500 25002 31348 9548 19480 31377 28869 12705 25012 31819 22808 32714 27344 19474 12198 8570 32642 32563 9419 26371 3535 7164 2073 29647 9972 22742 11054 16359 11397 9545 26469 20128 235 12802 14118 19972 9638 20939 30637 29403 10400 16896 12708 17033 2817 28536 24722 11965 2087 782 20073 26578 31151 943 21477 15034 2037 13253 8722 18709 25264 31552 13941 5171 7086 29566 19559 15130 389 8456 18284 31683 23383 28180 12724 22247 385 10981 10546 665 28753 1212 7631 2868 25869 26339 24865 4401 3491 9216 25377 32157 3868 6553 27691 3860 28581 9719 22406 21018 24821 31264 23016 18658 13015 450 2919 12706 30576 
9031 5285 10915 5144 21210 28796 14673 14244 20975 8425 15377 13333 8108 18444 22632 13900 14464 8797 14511 25659 11372 12782 9219 2392 6276 7261 21599 4544 18950 3015 24476 13165 6039 29277 14738 21928 31233 22120 4213 5008 11356 30515 3500 21353 31987 12635 22320 24741 7651 10131 11034 1254 27266 19234 11147 6492 17254 13471 32164 24999 23433 1910 10245 17242 1107 31375 3171 23188 2041 16839 16499 5229 15080 25440 23206 28771 14409 12728 2578 23446 22636 28002 3024 5164 27126 18480 31884 17811 10033 23656 16520 16195 30231 16065 10565 27940 28526 24144 22476 18346 11577 17793 20299 16355 5057 6431 23108 28194 29132 12469 8675 27970 356 9243 21377 24399 11385 28891 30465 20470 14076 19141 25148 4342 30797 6701 22594 31906 7827 5761 7769 19353 29522 7912 26403 22977 32158 30 5139 6464 12622 20959 13360 5168 27850 11701 15212 21312 19624 6102 25716 26900 18780 3179 5197 2763 21675 12612 29267 25002 7709 5768 6843 29345 12302 7473 22788 17031 27056 21575 27062 3931 25201 30846 17306 28306 29468 14873 14131 27612 7465 28661 32004 24701 7116 20039 29357 1827 23076 4070 19823 28865 8099 13527 704 19243 6177 7595 24567 7106 
12874 22212 16489 7333 32047 3132 26533 21944 24544 30217 19426 12624 12766 9859 1729 12029 13514 7575 13222 31599 20896 11398 12315 12812 16622 25910 4842 2650 16010 31742 31764 8887 13726 6917 21014 12039 21775 28677 14989 15373 15042 19279 5188 5781 11338 1727 26638 28601 11924 10290 21501 23780 5409 15962 30821 23519 26384 24832 18809 19070 5170 8882 31388 4957 14955 9634 31467 17661 7402 25439 16864 1993 16112 26596 13422 17373 4742 30945 5688 15869 2653 22018 17987 23465 12540 13243 17422 22998 17783 16490 17300 11431 27244 5545 10795 22052 29890 635 2390 26686 28308 20987 541 7944 6558 13731 4891 31480 3612 226 25527 27649 16895 8708 7319 13340 27071 25101 23355 20359 22301 247 6702 11265 29408 29742 27722 14581 19967 21587 20052 10247 836 6470 3757 30422 24668 10123 21840 1299 8047 7290 19707 9132 31670 25233 23470 5845 15518 9507 11519 9936 27260 7760 22273 23590 11772 4789 10257 28370 10254 4931 28070 15251 2513 9431 3289 14552 24413 23089 17477 17569 4653 4255 28300 21252 11783 19620 7866 29215 19478 4121 19168 22290 20492 6414 19766 15919 13891 20177 19668 3603 7460 14379 7676 29428 10103 457 21774 22390 
18688 24512 3401 3618 8454 7840 24017 11878 16722 22714 8635 26634 1437 19793 21738 9177 1705 2635 10757 23892 10386 31824 14924 13817 23456 22981 2342 20672 737 31291 4715 14485 15139 31522 31025 16659 11608 11745 702 17051 14109 7265 8699 8180 28281 26603 12251 17476 9441 9747 16220 2338 2634 20073 4468 26461 28049 4201 30799 3432 4592 6370 11547 9453 30213 1765 7219 21307 30587 10203 16066 23504 22760 12842 18496 29031 19628 4058 26319 21613 9688 32502 23020 5805 32322 19032 15116 2582 6809 9158 4223 27912 32383 16334 11981 13140 10126 32069 23663 13393 8076 1058 25165 20649 21918 4284 14172 30446 11112 18109 28728 25322 25061 12268 1595 7774 19085 28313 18270 20894 25328 15857 3140 19125 24108 4475 16974 24087 27557 7797 20202 24756 9901 15027 22438 10791 29005 2542 17252 16217 8490 30815 20058 32284 5093 25645 19294 19989 13586 8635 30086 10747 23226 7463 28549 1485 17100 20603 8377 25502 17504 7079 1378 3092 3530 4135 10437 2318 9661 25946 11250 25574 22661 1545 7891 2038 25756 12397 31294 13965 15320 20504 21861 27301 16571 15640 3583 15643 915 17888 26055 9336 6285 4438 25868 15953 19517 24256 21338 20231 
8924 6425 29253 28783 17459 26959 19131 21469 19748 14107 28842 12050 8784 24330 7412 26409 18907 19915 14556 11281 31028 135 15253 10110 17759 27751 11057 19683 13234 2392 15383 31536 4374 26813 15184 10149 763 4700 29367 30954 1461 29185 2499 26923 2047 26034 24058 2402 31275 27740 6090 29598 19619 446 24892 1601 11240 12101 4576 11823 17174 26496 23999 24907 20832 31699 7050 10829 21414 15892 20234 26126 12829 27684 25715 3977 27570 6056 25690 16063 8012 1550 3037 8945 17005 18733 1932 5802 19155 30973 16477 29266 13504 13432 6959 4811 25562 20579 27268 22212 13167 7494 25831 12528 32583 9103 28359 7970 16134 11759 17589 12407 7116 2493 17818 9282 16064 18413 28954 12572 4364 17631 22382 2224 3043 27083 21012 32525 27750 3515 31998 7745 26579 960 17477 8909 30630 16471 30083 15873 31596 7068 26684 16185 12203 31985 23414 9667 7744 26434 11441 15481 16314 14822 18249 17741 26594 13371 24875 10098 27472 20548 16927 9524 6761 1550 7845 22913 31647 27335 21630 24516 2573 27160 14967 31547 30581 11961 18219 17795 30094 15221 14362 8762 19983 6346 7026 21387 20383 7894 2954 22613 21216 3738 22650 1821 4402 6379 30284 3737 
19896 20280 15933 5780 3164 27427 3814 9648 389 28820 18066 4658 13285 9285 11678 22921 18182 24669 17927 21809 1043 448 13547 22231 23200 13845 15720 26072 23697 18971 5813 4695 83 12322 7171 6288 31080 3249 26185 12045 15058 23869 6830 29656 28680 14658 21647 28844 29068 27698 32384 23018 24817 9421 7169 13505 23110 14470 11036 12959 1002 19693 30253 13208 8270 20221 27583 1243 16110 28145 30023 15644 32089 16580 9729 17388 31338 2436 2926 31459 29463 14886 21950 10016 19488 4438 23282 24100 17134 23344 29362 30872 18834 26762 15776 24423 10090 17602 304 9685 2997 12523 13716 16914 18515 29669 7798 29733 7207 6000 5208 12248 9699 8877 18659 8842 4594 16588 18011 31598 18521 9710 29147 3173 16280 13935 25156 17074 8028 15899 20162 17758 15577 7528 11531 17719 5168 5634 10291 2056 15983 32246 23830 7692 2776 24560 24974 25021 31280 3950 15921 17568 19538 15352 9102 8212 28043 14220 14670 9623 21365 25211 19571 22973 30068 29178 30594 26814 25454 5433 2469 26869 640 15646 20298 2178 4142 29796 24184 11444 21471 19146 15295 20239 20870 22869 8972 26449 28080 20240 23520 12365 26149 18824 5774 21672 2437 22295 28599 29239 
32122 30972 1349 3618 16261 19928 3794 13538 29576 16401 11569 9678 2833 16688 8855 26143 27358 26397 30246 13711 10987 13754 27537 11190 9195 10044 31031 12416 5729 10175 9191 2002 11034 1033 22432 31298 7233 8952 6317 17144 32629 2730 15765 9095 23059 5201 18806 8929 25292 13504 31238 22569 15431 14038 17137 15412 14258 16534 906 1552 13455 29917 21795 13627 22208 13355 21904 19908 21003 12413 6855 19212 15562 22995 12870 11657 26730 20436 16687 10926 14526 15882 299 12680 4318 17329 8035 23161 7532 14615 19683 26031 15780 19545 12733 9860 27619 26921 116 20639 30187 27985 5833 4961 16369 4817 24710 18975 32373 30559 16231 15165 11645 18111 6859 21641 17227 7316 1106 26884 21993 13229 17277 3259 31020 26517 5536 2537 1496 9008 20095 30847 22475 3461 27406 21921 12652 2713 1310 2424 27661 5068 9972 4938 25355 16582 27367 16746 2544 6517 17541 30290 24445 10762 23299 12456 31469 25930 9256 16186 6405 2523 13103 10597 17436 8203 16574 30192 1049 7610 24666 17841 20608 20953 1897 15765 7749 16720 2303 25091 16724 8638 17527 15160 25622 25693 16100 3443 10645 8174 10584 3303 8882 31209 1630 23687 12090 11149 3176 5730 
16815 19546 2123 16906 26529 12421 22932 29278 7024 10336 12513 14281 15204 3471 24811 18434 21447 24451 4210 9218 14253 32046 8357 32239 31173 133 7274 27618 27081 25535 29475 16080 21193 20197 18981 12790 30420 977 5032 26773 6672 8589 18564 16890 22123 16725 20273 31903 5817 570 1870 1252 10271 16425 31819 32345 18634 6334 9913 22803 4074 21240 26109 15123 13571 2256 977 9067 10706 24510 18825 29358 29059 21020 12646 31076 26606 4222 1876 21720 20987 23454 19030 3682 11781 30983 6322 32475 21335 21395 21745 31404 4200 6885 19389 18817 4242 27544 9278 16448 13526 17747 27402 2016 26686 18023 7271 12766 18876 22966 4107 29026 26281 16369 10849 16355 13310 576 9489 16891 7247 3825 13961 2067 26290 23166 29894 8512 30143 2049 6147 23259 14534 28103 27595 15029 2977 8857 23404 6936 23905 20514 1541 370 12106 6290 12110 1959 30684 4535 13233 10984 32037 10710 7376 2385 23593 5829 26547 2457 30417 29118 11395 1254 17581 28971 6275 31451 30138 17063 20951 17659 101 14737 31334 18352 4562 14361 24643 24449 31327 2240 22239 17582 10322 10066 14799 6884 27678 4293 26941 23176 6244 13624 18010 12660 20873 19421 26741 1904 
31821 15436 22107 464 6037 9132 29524 23415 13797 22276 4295 20060 1312 15688 27722 27571 4596 24944 27113 3916 19713 4049 10160 8977 19718 29835 30896 25513 26749 19409 20716 25720 14678 21196 28122 32224 158 9048 11410 9571 30893 21201 9770 29400 3268 10228 7972 19407 5315 29488 23664 2743 13199 22321 32228 6872 12144 6783 18883 6823 26467 2342 8148 16122 5042 30064 23398 11954 13854 22079 17938 358 17115 31756 1868 15804 12992 2622 15815 7163 27896 22158 10016 16709 26139 22845 1957 22815 23769 22510 25082 26135 5438 18495 4542 8248 26313 13307 6735 14111 14764 1595 32180 3002 32160 19980 29484 10309 27672 26872 13398 3307 29140 17479 10348 32754 30957 12568 24696 22194 30669 17637 31025 11951 32203 16359 10897 19759 5317 20498 17559 9846 31699 17328 18558 7584 9750 6498 10262 15884 2745 6491 19262 17839 17454 25997 5311 18455 7155 11712 25872 14842 31993 18810 1260 17728 5372 6715 1780 26563 20864 6849 1525 26650 6795 30512 16947 6847 14694 30686 19312 13608 3125 2292 21205 30841 20298 16097 23049 21335 5231 15764 20280 2512 25642 21820 21223 24358 24787 15939 27946 29459 22938 4404 21271 17329 29697 26843 19851 12140 
19963 6774 3564 17831 13263 25886 15564 26838 31155 23397 8659 13745 16494 5660 12469 15623 29705 16204 21619 6190 13482 30116 15670 7658 19286 7391 24604 16848 10548 3785 484 27658 20615 28739 30080 9797 3837 21323 26097 27370 15829 6909 19611 20299 20679 4216 13186 11604 26529 12207 6460 7136 7709 18620 21296 8756 25361 22321 27564 18671 24898 15024 24658 26302 28260 3918 17990 25513 18197 28222 12139 18644 8627 3433 30321 14394 30018 23241 252 11071 29943 27674 28898 18416 23689 18316 27031 24902 961 32012 25244 5372 21678 14 18932 3516 10181 12866 9886 32145 875 17529 30522 14811 5963 19523 4469 27206 27171 18642 9037 16481 31402 19001 11390 25346 27074 23689 9176 22283 10912 27504 15994 14150 18951 30236 9776 11646 12125 31484 15052 18563 13026 8856 31802 9795 18839 11693 31657 13995 13931 17830 31981 22059 13705 19535 21678 2515 28693 4873 17403 14517 26141 22834 20876 15509 28579 26742 14170 20325 25851 23786 18712 28431 19616 13924 32139 13293 18372 21065 21535 24730 23208 17531 30949 16370 6872 24407 17181 24617 28204 12602 22352 31962 4484 21857 8518 2024 31847 2643 3689 21447 17631 2065 16420 24278 12322 9037 14432 10145 
13580 26413 14335 10614 19440 27643 12629 17751 3464 31755 25021 24851 12299 17802 3190 16225 6718 27105 15763 9521 23728 21116 30383 7605 25292 11084 10820 24463 16345 15334 4496 6203 12529 11602 9505 19800 22131 20425 30619 6573 6801 23686 13839 10757 19762 24531 9443 32173 23670 9197 10896 18033 14487 11602 10767 9708 3955 30195 18026 5008 29946 3502 23372 25630 4163 15497 14186 13585 18501 4264 23461 6100 23503 27671 11206 15303 23698 19300 11693 2570 16467 16211 389 1122 17991 16131 16694 3729 21686 7405 1784 950 6170 1974 28354 19548 23704 24255 4906 3039 8432 853 17802 20161 10764 6523 25453 4568 25038 28749 24581 6264 23421 29846 31948 27299 23848 21989 27982 30888 9903 6417 21678 16387 11675 24020 22534 12405 19098 32243 28233 27829 6429 15674 17406 27822 21680 7444 25055 11578 27315 4261 2278 112 28608 31820 26461 15737 1263 15694 2544 6315 30879 13948 20589 22378 17782 9385 19098 24722 30073 1642 5479 4823 19427 19161 22054 28699 2852 3660 15132 13920 25868 26868 10625 15693 21382 14531 8519 359 9301 22175 25133 26002 15343 20303 26453 7370 10316 26352 21130 17216 27495 19442 25675 17666 11495 24112 17276 13357 
27278 14183 21145 10418 10618 30812 29728 14131 8224 14315 30865 20542 17663 30940 9531 8550 15449 28708 28104 4185 2315 1490 18042 24245 30294 24128 14335 15262 10434 21888 4672 7105 18874 28635 30606 28057 14731 6610 9554 20963 20817 11728 22602 31833 21036 24989 27403 25715 428 24605 17202 28335 24066 19537 2566 7640 19009 19244 27057 49 13849 32517 30863 26804 28969 27028 19401 16060 28762 31444 19533 14441 27163 6535 3133 19191 82 4996 5243 19295 19979 274 30481 7818 28650 29112 28010 26973 12778 16716 29942 28572 4671 13071 21314 897 26753 29382 30117 15787 7145 16585 21587 14158 2440 5272 21042 23726 14532 7600 10703 29392 18344 15215 19667 21736 8949 7183 3061 12933 24609 3039 18413 4752 23311 26768 11012 11467 28795 12639 7827 20149 31922 28981 8012 28664 32378 13987 6102 21035 32496 24787 14563 5474 14365 6821 26772 10206 17861 8465 12865 8483 8656 5030 8981 19138 16924 28195 22922 4126 28692 22267 9258 5894 26004 29417 27095 17046 6375 8227 22079 9921 17519 16289 5190 8090 14479 4508 19775 13200 2389 27833 32221 9796 8984 20734 12894 8906 25730 22005 8924 1545 8979 7292 29692 28656 9535 5987 5799 13263 
25342 11707 25877 13302 7051 25006 20612 15797 15802 32167 5347 26106 11202 29212 16103 2411 2069 6595 21941 11351 12483 25227 24626 5539 2618 1938 20748 25657 23603 16594 21576 14423 28380 747 18324 15918 18484 1153 21914 21480 19800 31277 4100 12431 4287 10301 12210 14266 31749 18062 600 28832 27315 1316 6538 19349 29238 3245 8583 31824 31425 8368 27980 437 19828 2354 16288 3774 25652 7231 17757 16330 25058 16789 28103 16326 19233 15882 27299 27255 22307 11231 18765 12924 8447 25827 13275 8899 11601 17206 815 15322 8332 24872 30825 15095 15490 21893 24209 19970 21950 6495 16535 26362 30849 17304 29508 7270 24081 32398 30443 21951 27190 3631 25506 7157 21142 21260 3619 22393 23277 8535 11939 17434 24923 301 25076 8297 6755 27 18642 30356 22086 25099 10519 22101 21771 24155 16027 23555 21520 15574 26009 23041 25205 27791 16839 1871 17774 22470 17956 2150 7223 9987 31807 31103 6168 29732 15448 16578 19374 3476 17585 21171 25620 15982 25019 8429 15672 18045 8669 12017 2865 19555 25395 32103 32148 11349 7912 28942 8677 6199 18228 28953 9951 19521 14114 27846 30667 13656 12611 18390 6712 9155 13760 3852 10763 21528 11927 8064 
25014 21327 30107 11 30758 17550 24063 7403 21464 8474 27514 17926 8286 28133 5621 6488 8137 25940 19184 11768 2146 29561 26593 6173 18201 17572 26206 28155 4696 17222 62 28742 31610 27263 27993 19918 2558 6869 22315 29668 19232 30602 13016 17052 24222 3588 28784 27141 27898 4134 9231 16929 20915 8682 1815 27244 30706 23702 27574 3195 32720 30575 25870 4242 13087 3647 30145 1103 16514 24215 3277 9679 8812 1985 16281 2628 736 30196 30936 12162 4384 17268 25158 27343 20960 10248 9165 19916 31122 15271 30033 7448 13351 17951 24639 17540 32250 23341 23829 27694 14911 24899 19870 30064 595 23745 23052 7990 29539 30151 7949 363 10197 14950 25543 31490 20010 21172 10844 27458 17166 722 20950 25415 1557 19999 28798 10518 24895 10535 17680 1722 20822 27084 5734 11127 15148 1340 728 31257 25215 2657 15479 17083 3128 977 17047 1562 28671 2378 29184 25279 31733 19371 13117 28520 8993 6286 19408 17691 22813 282 16566 13698 19675 26947 26776 5412 29677 22682 28382 4258 2745 10906 16218 19396 19615 19740 26912 16014 19895 14862 21704 23012 2196 32250 25989 13313 6532 17203 4835 3107 9873 32001 27077 26832 21817 27402 21648 12655 
17661 27154 19734 7079 17864 25128 21489 11277 24328 32013 23879 1865 236 19985 19347 6733 4159 28997 649 27376 12048 3654 28621 27190 7079 3723 27459 17422 15639 24003 15509 31716 5975 23387 18793 4580 10392 6495 17441 23222 27755 7946 3623 19156 4015 13417 2741 8102 16376 7325 15601 32026 16793 13962 9949 4577 15934 17091 9685 25777 4329 1658 18423 30883 11260 11332 10828 679 32685 29297 9265 23647 8554 27038 24529 10917 6754 28460 17929 30930 10815 25323 20787 25131 16539 16807 13809 10248 5876 5745 31996 32075 21858 6557 23775 14411 14153 13242 19252 17676 4591 14801 7210 16543 11413 5804 2953 21818 1775 13901 29636 19798 24398 2879 30321 31286 19671 10660 5757 12230 23530 16239 31046 7148 16976 20878 28848 190 22332 7487 9080 20961 31393 543 29037 31784 25932 1090 4456 14283 16695 26985 2425 26908 16564 20097 168 3667 28655 6144 5133 25378 1317 13547 4994 6044 10782 11137 19394 550 16710 12174 4414 3454 27126 25012 22771 10336 5702 11941 31201 30760 13050 4817 13450 22671 3998 9219 17827 25254 5946 4090 2921 24042 11224 9536 29105 817 24784 20488 19020 5742 29412 17437 14447 23333 15581 6380 18497 32325 
11611 6324 4859 8751 3569 13927 15236 23745 10751 18129 29154 500 23716 8309 23890 10190 30090 25024 28024 7558 5383 21575 3577 22973 10132 3227 28883 8304 778 32180 13379 28761 25863 28849 1164 21285 26041 20000 27446 3892 20093 22538 528 25369 2450 24559 31281 13389 2203 13423 30709 28118 598 7872 29416 25544 23997 13375 298 9297 7235 13552 29064 24614 4762 21953 24300 4773 24297 11804 20162 26219 11050 13980 12285 20697 28574 25211 22047 7208 26112 27000 32509 13090 2004 6517 5969 27235 24214 30837 15348 16798 12350 10666 2227 728 21269 30329 16237 2872 24196 3300 18510 14628 19496 11374 32193 4378 19135 18997 8466 24944 22737 20579 6663 13421 16057 31494 23372 4428 22015 22366 10326 11081 9728 27484 18872 8545 10525 4031 30126 7011 19785 3424 13506 31940 7442 4105 12356 16927 27720 31177 22379 8819 16606 24737 23118 3943 20334 16351 6719 5643 10157 6202 26614 25446 25653 16563 23604 14632 9981 23622 18107 32066 8127 24224 2910 27938 2884 11310 3327 25214 6788 1816 18791 16823 29749 18260 6982 25205 29158 17639 12477 15766 1876 24236 8828 20008 29505 2091 9716 30539 20605 4222 16720 26727 32296 12816 5612 5948 
6887 31907 23983 24149 13659 1244 30024 13250 1217 32488 12134 15587 8183 24651 12082 30782 26148 5525 27473 25928 12873 32468 3885 26263 3890 2629 79 30034 12369 28562 5364 20566 27247 1140 8811 12476 8795 27638 14419 2889 29824 12791 10773 32037 23646 30426 8047 8278 8510 24111 3168 32432 18684 19041 27989 28627 7746 21133 32267 32045 20315 26678 18594 19659 28098 30558 23816 25297 19336 20190 10212 19899 23582 23271 280 26603 10078 32125 18591 16384 5685 11344 5963 4544 13582 31825 1146 18363 26436 13909 9085 17667 22182 5065 5865 1250 20117 3086 12408 1804 8086 18591 2767 2312 19100 16699 18606 16673 9718 27350 17087 29533 1312 14355 28344 22147 13513 28870 215 2813 11813 31918 13545 1900 25382 30903 29483 6527 21903 6188 9845 27876 28958 21735 11469 14084 28172 18542 29179 21450 24097 2327 18836 9966 30348 15114 6470 31786 24810 12043 9193 13339 7852 6239 12859 17311 7177 5848 30726 29138 795 1161 13190 1058 25481 8372 22688 1386 18499 10662 25193 9418 8011 17845 5212 13037 13143 19210 14071 16279 16483 18515 26515 9261 22427 18613 26981 29433 18753 23342 10272 19650 8559 12752 2630 11995 10177 19240 26265 28338 
30043 23495 23639 22097 25799 31430 4622 6333 12144 17891 28504 29960 4350 28210 24755 20867 18142 6893 31363 12472 23340 30424 27152 6245 6099 10399 21334 19040 5666 13918 18056 21808 20691 20918 3228 24168 21310 28717 16787 10564 27099 22249 10759 6995 10340 25287 10663 16453 5935 14630 26225 6267 8270 6759 3674 8643 26549 23642 2841 31433 11610 22335 29843 10595 25601 28050 17810 1885 8296 11055 28656 16217 32033 16194 15115 22456 24264 23255 20889 2681 7365 4436 30810 1532 29254 12604 17683 16036 18226 2282 29833 4119 4641 23689 6483 6370 3995 12422 26315 22502 5278 21330 7536 4229 7167 2816 6416 1789 20065 21248 6670 29871 9809 7077 26329 3066 3358 30129 25285 26512 18899 19252 9495 1034 11340 31212 26132 572 9602 11978 10834 6542 12844 19586 23761 16615 14302 27925 26693 16188 984 21402 21713 28775 23697 21718 2230 2061 19631 15430 25299 1762 13137 22463 21791 31597 31567 15963 29158 17050 1553 4164 14320 1380 5207 26477 1145 18669 5253 7762 16110 15606 10519 9859 30365 27041 22352 15564 30296 3579 9385 4914 18011 27503 15135 22875 21463 6904 30433 4580 29975 11762 3650 7212 22597 24148 18280 21459 9690 32239 
731 12884 18528 9246 31558 24815 18175 14201 25689 3547 18231 20431 6351 27542 22811 25436 20626 14642 8745 7364 2405 5482 14255 24660 3130 10266 28676 6580 25805 18744 19184 1035 5178 25090 25351 8953 30700 25957 31404 24334 26804 22777 23295 16300 18625 31012 23847 5080 31533 18417 20170 4776 22003 15800 20627 1202 3759 11163 26276 32515 14908 32343 4768 23920 27808 19992 1054 1963 3684 25712 16422 20209 17333 28884 29847 12305 11972 5482 18001 5760 16678 18521 19912 32752 24323 17920 10720 32459 12619 14127 16647 12212 15165 4592 16478 14177 31321 15121 26200 8126 11504 11608 23751 23577 15453 6271 14590 11920 29335 7464 23840 8360 27016 21557 29820 1654 6667 4337 7141 31885 9120 3321 32224 16687 1677 23603 11866 24243 31951 11081 16215 15861 25046 5792 21273 792 22953 32162 22142 12485 2650 15407 30257 23472 1737 18788 27902 2224 11511 14998 9827 30622 2878 13086 2348 28719 31628 25212 13318 29415 11406 16975 24903 17792 21690 15690 14585 10418 16405 2026 23535 30533 5951 20684 13027 18040 30637 20502 6665 232 10193 31443 15527 9411 19990 9912 21369 3287 8949 15131 27493 29207 10828 10620 18326 28520 8551 27 27600 28172 
24000 31082 2481 10609 22814 11601 6102 23366 7097 20871 4721 23031 3345 8672 18948 26956 24440 7791 1889 8089 8031 4976 28360 21846 30793 14412 3731 26569 14568 5090 18189 31786 25005 23422 5938 10452 22246 9176 18041 18532 1600 21151 20366 28800 30234 18753 27986 28067 32534 10477 23217 5666 6087 19873 3481 14249 24210 16695 31665 8097 22635 29698 4079 13057 28006 23363 2966 2197 20936 25190 19116 31791 6940 7918 23253 4090 20522 19748 2320 29387 12054 7270 10137 22487 9820 13780 32013 26525 7115 25546 20281 14774 9531 25427 5178 24262 11974 19414 30077 23663 7751 5638 5868 14225 4741 31215 9907 24235 23196 16482 3195 151 30915 10771 29492 3224 20532 106 19432 15023 26831 22453 5371 11073 26243 103 6416 18224 27122 10805 10218 17329 15525 1495 22518 27943 13341 14093 20995 16413 19849 24570 8134 3008 27860 10991 8452 12352 480 22216 20353 23459 15794 11024 20620 25778 31968 27034 13377 5910 17709 23227 15373 7642 15549 2927 4576 20752 18999 15515 2811 10991 26410 1419 11621 8530 18515 22594 1304 6011 31585 9924 26414 26506 28346 20650 12552 4533 3223 13016 10526 23817 13601 25604 10534 3861 11459 3956 8117 18564 
10520 8337 32323 28459 17334 25800 30402 2892 9769 26754 24509 29189 27189 5472 107 13589 7909 32537 5627 24670 13974 28445 1719 7720 20548 20370 994 15012 15651 23650 22708 19009 19032 29427 7958 14930 17459 1438 23330 17973 21996 28716 32623 11463 4554 7883 18025 20927 30287 5136 8357 28576 12113 16887 31002 29817 27701 21608 13078 4848 23762 20742 28754 32158 4461 14484 12049 31554 1823 18915 5362 18736 20208 31106 11801 592 2540 14333 31944 27398 30451 2257 10992 23297 6071 16419 567 8024 22134 7935 10802 15623 23474 29983 26309 11884 28012 23654 26560 30057 5516 26035 2054 13225 14245 12536 32652 12455 28515 28854 8101 13923 3988 27053 30425 7507 30279 20423 7841 10738 16753 24377 12231 14277 30383 27842 30682 23033 25503 760 24656 32345 2036 1762 1603 31085 10694 15660 27238 15606 24300 28117 9889 3210 13190 28551 30278 14967 27090 25539 1463 7026 18743 15483 6312 32337 29734 18154 27299 3164 32581 3001 20287 28536 20182 29832 20456 19413 873 12962 14527 25286 32130 19496 23943 1300 2685 27750 13595 6162 19893 23001 15130 28073 28939 20605 27483 15474 31520 3061 13884 32193 14446 24473 960 26423 30999 18425 27187 18066 
17396 14498 23951 28252 15470 23121 1140 8004 31028 5876 13302 7242 20342 857 5956 15087 7132 32269 25210 15881 14074 4056 31834 20685 26040 9370 2461 16918 15233 24759 17119 6768 10547 8880 14821 893 25699 32264 128 17723 13831 5275 4654 26739 21627 11057 16654 23831 26967 3201 32693 31179 3831 15716 15637 4566 18405 21579 24933 10369 18722 14598 20997 18298 18738 18736 19403 8556 20161 23102 13830 7318 15972 25166 9702 26419 28855 5313 30693 5532 31804 23923 14784 991 29874 22413 25967 25587 28359 2019 16184 32725 2057 5686 15092 24055 7767 4879 26125 28543 7406 13725 23695 23476 30315 9756 18046 23586 31841 25498 19465 27713 4545 22115 16636 16659 19077 22460 16750 31180 5851 232 25417 11282 18737 27565 21278 9685 30262 32213 14388 31179 888 11025 28746 4158 25660 16808 14519 9285 25645 26007 9314 8593 14387 24485 18937 16724 6202 2589 22651 18674 7636 2438 173 30728 8695 23735 15170 24216 6691 22026 1176 17551 15505 8597 24077 29054 9078 31713 17578 4532 24550 25218 23985 11925 13779 8718 4465 8204 3514 30763 29246 27123 9507 27464 13218 23329 5172 30576 22486 2510 25138 14981 22606 22943 21835 14287 25104 5593 
8667 28845 20570 21043 7068 4869 28936 14625 24117 29697 15740 29320 20306 15842 27445 10233 28559 11040 18534 14349 31806 16305 31067 21066 26098 32730 15723 22469 18349 15700 28882 24340 6526 28110 5115 25712 27069 16492 872 7740 896 18678 9591 19928 21920 10177 14960 9472 651 2571 21715 25711 31899 23864 19267 12476 13291 15498 24655 16987 24074 24088 4216 3295 7496 14152 26522 10989 22928 9737 19053 5488 8504 12943 30136 21943 30689 17550 23264 11057 11896 32041 28065 23216 27683 18830 29923 18649 12099 17699 7844 11142 7801 26445 32003 18380 22522 17923 4289 22229 16321 27228 5428 22812 23059 21651 3693 13576 17226 10109 12340 31554 26078 28065 30862 30077 14518 16680 30151 31806 5629 8490 25376 7052 28416 31713 29306 24536 16898 21117 14887 17908 6383 15239 24866 22279 28801 31420 15797 5484 2219 15896 21531 111 17925 13871 23973 16277 20349 14041 24036 23735 24943 1437 15536 16105 23222 16251 17537 32039 9099 6850 23466 11032 18606 6705 14529 27359 5658 338 23360 12536 26614 22198 11275 18 8360 9783 11439 31709 30765 27538 18977 28384 22004 17942 19691 13789 17137 30992 7813 22044 1963 9437 9368 15568 9336 29760 14972 28490 
28210 21498 5927 30698 7813 14668 17412 24131 4293 6857 27823 8077 1420 21833 4055 31933 27156 29618 1252 24521 14547 14502 27097 480 15750 19227 25295 9514 12581 18192 15024 14536 32640 32322 32364 21180 24571 7844 18317 20379 21483 8554 17595 24035 12850 14490 9096 22009 13346 23297 7653 13082 1910 31173 28708 10264 22042 22427 23362 5083 16182 29275 14875 18437 20742 548 16951 18253 1538 7058 30295 6123 31139 10374 25037 3861 16304 32307 15883 12518 9899 11378 9904 21849 26476 7153 13812 29440 23652 21426 27120 31505 20557 13796 5650 10711 9606 11180 7735 5030 19749 18148 18559 16632 24580 23047 8224 28127 16154 30205 465 18617 28790 25619 27627 13347 27759 10185 12243 23036 21477 14021 13 31670 29664 26611 25859 4871 17160 12178 16932 13824 2423 12203 15115 31787 7261 26131 2459 22123 10665 354 13111 24069 21779 57 10421 4679 1986 9955 26478 7955 29753 4189 33 29108 26986 678 5498 29166 24482 3487 24408 18533 24667 27345 3875 10653 14295 15251 20417 27684 15972 13035 2137 26577 15055 22345 31404 10675 1158 26162 21983 555 24662 18652 29310 31986 2344 29482 8017 18077 9766 20434 796 8539 495 21484 21872 276 
13001 1542 3612 21504 20011 10172 8558 1186 2890 20262 4612 7729 13057 11190 25953 1500 4783 12162 17173 9194 31428 7389 4372 24317 6265 8794 3135 17365 15366 17557 12383 15503 1309 21354 1416 19702 22425 8218 3694 6014 4832 12637 19318 4881 29635 11226 27783 32413 21000 20388 9670 26164 19642 7675 18425 4943 26921 32417 15274 25091 25260 16583 9675 12505 24947 23315 7029 1967 23855 20705 14227 23444 27169 13559 27022 1644 31322 12130 16331 2338 12405 14340 20797 6898 12424 24929 6529 10141 156 13721 13649 14671 4156 15068 3844 8760 12395 8558 9658 19509 22376 611 13448 32489 21720 1381 20220 10757 9659 3953 6067 10710 19237 32060 31751 32399 15212 31929 31012 17397 28820 12466 27375 27573 9068 18810 7668 581 11352 10163 14549 5900 17456 18041 31133 24787 15560 26138 18490 12513 18261 7794 23713 27694 7786 23114 17427 2024 16227 27991 7857 21760 15673 29169 6520 9717 15606 21412 2064 19765 4434 28321 20085 20372 4455 10727 2563 29898 20949 32181 14132 23262 27884 10896 15302 3813 20648 18543 6072 5888 18757 23581 16072 31993 12227 26938 19114 7306 16811 15599 29910 26318 12847 1255 27571 23044 18555 15517 13884 1048 
31418 20023 19855 12760 5610 12134 13834 12256 22484 17151 16495 24503 22019 6628 25029 13645 14759 13553 3173 5639 3418 22630 31630 26971 11064 20205 1513 11045 5172 22091 23366 21843 25949 7367 7478 14977 28446 21252 8340 5475 12630 29346 7711 23169 22747 20799 6680 6297 29076 23736 19008 19479 30283 20787 26039 9807 7932 25626 22133 3895 23222 6612 19223 9642 14421 7410 31457 7260 11264 507 28727 32590 10285 8981 6182 30688 17870 24263 17671 14552 30357 5008 12091 28941 26177 23568 13408 25086 827 18441 9842 20837 26081 5113 10708 2324 9181 12285 9687 1125 28477 28379 5338 20179 9425 20526 23006 11902 7691 28854 21183 26779 28788 12025 31670 30083 25666 26597 12398 3171 9224 10718 26834 26262 703 5057 29130 21931 850 14213 5928 12746 17551 28114 272 16264 20222 29198 10053 21986 7376 23155 2923 24632 20572 13640 2817 19839 17969 11475 26054 21700 23298 3677 26374 28848 8268 12282 11746 20017 30953 22300 24318 2748 19160 25339 26036 2491 13576 31579 19410 32034 24562 22931 29867 5655 11739 20844 16944 20130 31276 27150 24375 21275 20189 16457 30378 5698 16168 30225 14640 6408 25660 24803 24911 21609 14375 30287 31579 24396 
25922 10290 21616 3352 4096 6194 2469 17757 17556 5552 19015 10209 18511 23221 14094 14494 32498 27060 21969 23768 31856 7132 31361 10997 18524 11205 29704 26367 13329 17243 22867 4542 12702 32070 5432 5977 5859 2256 20185 21392 25651 27876 4139 5239 18136 3819 22754 3955 4854 20921 30846 23762 14007 11715 7650 111 29840 7649 18761 8521 10896 29883 4801 16696 23635 12183 3513 1580 7475 5502 25088 10269 18260 2710 30036 20387 3106 16081 26240 19083 7763 13318 6680 29997 16186 11491 16532 3816 31725 12296 32356 32712 10828 14655 30278 15749 28901 8592 222 28372 18770 28405 18301 8743 3358 1455 10897 17071 8839 28779 2278 16317 12516 32097 24275 19023 16469 740 29494 32067 21185 7208 19874 17687 16068 27125 26331 12100 8433 30460 30804 22972 12632 3246 4715 13557 20157 13425 27972 27688 13886 22303 21442 24655 18785 32101 21902 18088 17106 25356 11906 9649 21373 28744 17539 12881 18252 15619 30371 12593 23761 15114 27439 32511 28324 15676 7685 7120 14214 3771 16805 14822 31891 897 24808 24727 22240 8239 4365 18108 12990 11476 21773 8301 13764 23189 2409 10107 5503 4592 11714 13597 3686 28139 10104 32201 1301 13092 395 10153 
963 11952 24409 22305 22882 25975 4694 7580 19932 2593 29434 7574 14523 26647 16862 3639 11410 1224 30465 17323 21237 24381 12447 18275 28172 21742 7277 29544 6778 26623 6302 11810 10189 30047 22192 30388 7934 12763 1110 8132 10798 12659 21022 24666 5405 19430 13734 3489 28143 31004 4946 13625 30877 30878 27807 31410 29490 21601 30296 25765 15088 22391 13702 22860 19911 18425 26375 1762 20396 10559 18523 31730 20642 10710 15015 7275 24383 26174 30975 8951 7618 5368 30931 18186 6189 26295 5927 14005 25634 26164 855 14705 8799 26268 22713 13378 28292 4214 15440 22441 10496 13424 32667 22512 17334 511 31130 38 18716 9933 30620 11516 817 7067 6391 1779 27070 17214 4884 31644 7516 20167 24755 4768 21227 18228 14640 26808 21686 8791 3308 23601 4932 31193 23732 18336 16544 27229 509 31280 19079 11922 10596 30618 14143 23949 17458 31812 24750 4569 31979 8728 10451 23376 5083 11398 21026 15649 11448 12171 8413 8726 28977 21902 11345 16667 29693 23065 32610 2671 2219 13087 8059 17552 15165 15775 24074 27811 19422 28056 18408 1707 12634 5496 32414 19418 7546 30267 29962 7384 10190 12866 28497 10139 24710 25521 31995 27444 28672 21651 
30788 6964 9442 18231 14796 20370 1735 1345 16141 19097 12107 8012 28548 31430 4115 21626 32308 20472 29006 31761 24843 23052 19429 30002 27664 3474 12745 17381 10464 5534 12080 17114 29221 18622 9350 20232 27511 3559 16544 18189 15240 16813 14675 19759 28004 17225 5035 11557 2876 24039 16870 425 13329 27463 10268 25216 30473 19388 9442 13599 3773 12569 15768 5850 513 31690 11422 8069 20683 663 5534 11918 566 10726 24000 26510 16943 4100 8373 12161 18130 16246 3686 31905 25829 357 7560 32210 10145 23879 7019 15723 16083 22744 21965 11144 30619 8956 25932 11883 29813 20071 11301 31506 21832 5914 8607 3211 5616 1651 16897 11017 15024 4572 29400 7365 13178 26987 17456 23305 18093 22030 21889 7449 22333 21333 25816 15286 29182 8314 18987 20704 26300 8229 981 29760 25987 16786 30695 8877 25415 6362 6172 26274 22111 14490 26225 9540 24406 1135 12925 15982 16341 16429 19843 20430 3229 9033 3044 23727 30956 30433 11732 5585 32070 1256 28922 28519 9625 12179 8506 2469 9129 23175 29722 6265 23743 20150 14019 19725 20150 15852 10626 25904 26354 7238 32398 16391 11038 31183 17822 29269 7329 23072 31625 32104 10444 28539 27170 22914 
2454 4359 10666 18161 22870 27145 18645 22273 16960 29912 21410 10634 21124 11426 31397 2271 23971 21069 21666 21270 1740 21276 2297 28177 4442 915 8559 24651 22158 26761 27689 28286 11891 988 26265 16615 17162 19003 6069 24220 12598 9961 19415 11542 22112 12884 28375 9121 8638 7995 8250 2977 27062 29558 25129 19004 5611 26609 25884 26609 23790 6961 4593 22713 16719 29808 22022 8784 27527 3677 27325 10563 2418 7350 16557 17061 32331 13158 28065 15233 6171 3839 1243 13901 7894 861 3374 1336 31602 9895 9340 17634 10276 22198 4252 1203 20657 4015 30032 20183 27326 580 27651 24421 18764 31941 14862 3363 32373 20794 20616 26213 19513 31409 1435 6632 10392 21788 23197 3494 14913 22529 3684 30329 5576 7398 20623 26144 20398 28792 4137 22642 14719 31530 22430 15615 19389 18194 2253 11192 12964 24012 7115 19369 21802 23718 9011 12211 693 6528 14606 4279 16003 31734 6977 32726 11903 22709 32295 2254 7223 24132 16563 30758 27002 3529 6516 27678 22600 24039 30818 8808 18920 9029 204 9930 4553 7193 20053 14110 19852 8908 18323 25076 5057 13250 25231 13063 8387 16240 2872 31702 21613 7081 16494 19397 23379 31980 31269 11086 
27444 25706 25197 22518 1575 20182 19572 30971 16571 6406 5082 12458 7277 28759 5324 3812 9443 3972 29474 14783 21884 20239 1602 11432 28790 29920 6190 3629 28389 16675 23581 13893 2185 11676 16799 11507 17284 11765 20896 11004 11464 6013 5709 9878 8776 17756 8709 31308 1043 31022 32048 6715 23173 12611 3087 1970 24536 30070 29702 6274 23866 10757 7716 32023 27533 22657 26534 29594 13608 22858 16973 28719 10352 22125 16697 29721 24106 22317 20385 17866 25372 23089 12017 3197 2549 27204 24734 19057 2310 29933 22760 19088 23732 27445 28444 290 22143 2869 25468 1648 11641 5625 11903 1142 9089 20617 30741 12415 13489 25974 7044 2994 31022 3228 22917 7242 25006 31941 1540 19507 19357 14023 29357 12539 23872 4859 7098 27234 20028 29397 9347 8466 5391 943 32307 20918 1284 8990 24298 3044 29169 8719 29893 21970 27442 21758 8885 6224 10911 24870 10471 9518 9438 18001 3239 12319 7559 26961 11586 28725 31031 21970 27223 16692 32487 20811 4200 18576 28977 14820 9303 20452 14153 154 4809 16371 1209 26711 12067 20570 25144 15949 24313 28738 18733 17907 2342 10664 30232 26348 23897 28107 24723 1891 23864 607 21566 12841 1267 28334 
28660 11657 13213 14910 31904 11266 11629 19884 3154 10579 5286 15331 3750 19794 23701 5216 23197 25715 16416 26859 23674 17518 17754 29154 26213 12470 6578 539 7537 2917 3416 82 4074 25993 22486 25435 21279 4368 22330 3372 11813 32502 19720 32333 6835 11430 10398 16638 30567 14928 18047 27874 1561 20118 13978 2377 25659 13995 4584 12768 7552 19931 23224 14034 7869 29348 11755 6041 21492 14526 7624 3019 9293 21054 7807 11676 6432 24506 12859 12870 2896 13980 8282 73 8759 5593 19320 7500 4142 13358 29307 17194 23012 11789 7625 12409 29539 27991 31769 13652 27267 23916 14773 23612 4598 14928 29780 23370 32379 10162 6659 26772 321 3544 14161 30121 21105 12877 14402 8288 19287 509 7536 13233 7930 9047 16223 24172 16473 27604 5817 14668 15715 20306 10406 18835 12891 31637 30035 14329 31876 15582 12914 22327 27423 3707 21525 26589 1306 13217 31228 27005 19463 2236 81 4454 16802 14543 24563 1083 18644 10076 12222 19056 15475 2142 27801 26496 5260 15220 3975 11319 23444 1734 2212 5090 16191 21090 3175 9290 15609 12744 27921 32327 24855 24593 13311 26696 32717 27986 2387 7586 727 17251 24009 5578 23078 31614 32483 5049 
32290 21352 32201 24879 20522 16443 18872 20280 17250 21297 10512 11133 14910 17921 1006 8553 17643 8619 31364 23779 18791 8053 32706 13015 23077 15200 20432 1564 10889 1851 3656 2089 21513 12174 23995 32556 4892 13388 26600 16278 2788 5971 10486 29186 30409 18090 30056 8092 24314 28249 25490 12589 1694 5786 27225 32349 30681 8243 4799 6242 2762 7303 4977 230 17287 20228 29202 22274 20514 22129 29924 24439 26764 24622 16695 25902 31570 28819 11109 32306 4350 15320 24975 17086 14682 1155 1089 32644 7348 5186 12234 11863 21306 3755 27920 18510 5037 16452 12315 19870 22394 4302 31972 13272 26125 17007 32099 15051 15667 19153 9893 23779 29966 2474 10207 32692 13176 17005 30825 16085 29430 7300 9322 8150 23963 19298 18577 7572 5702 13526 11735 1703 15731 9331 23728 25281 18845 2693 4612 11013 13707 15636 25639 27905 24317 8770 3399 12504 25214 19257 14323 28770 20965 5961 15874 22769 202 11473 11170 13577 32229 27624 19072 2404 32497 10589 4235 17325 26855 25799 29776 14040 2268 8140 23150 31773 2653 7826 19050 13190 1833 11315 30236 21103 20780 28598 12017 6762 22458 3070 1863 30405 12404 21411 10966 100 21458 4949 21511 3180 
22455 20379 12533 11551 28803 5665 21621 2468 3738 13149 20586 25428 28339 18297 28947 3716 11634 29086 27113 7764 25243 30848 7581 1366 9391 71 6515 6840 3008 663 29585 19850 17486 8202 5457 25900 4657 29401 18175 12144 9105 12461 16401 26885 26447 18949 9748 449 949 25099 718 31233 29232 23261 3024 21648 29023 7394 5562 25271 7262 3423 16542 2912 22913 31246 7354 3674 24142 21432 1955 19424 12925 12789 2142 14757 23565 28191 28860 15363 21183 14839 14118 21071 8703 18707 25598 30544 3197 2609 10209 9959 3435 27914 15095 16400 3947 14214 15267 27727 19604 16825 9624 31080 7845 15242 26224 19229 10984 25988 12973 15473 15668 13962 10348 22755 22978 17467 21497 29489 22630 29984 28087 7196 29697 27288 22965 10618 6207 472 13044 30769 14957 12754 28520 20381 16292 15032 7733 19119 13320 4547 10265 15009 22884 20354 8730 5012 12320 31794 31425 9977 17430 27911 8840 29648 20486 25838 7746 2538 30876 2873 7312 2991 975 4770 21576 21171 10063 31276 13571 4316 32506 24617 2934 22291 640 1746 25695 20925 3393 26103 13221 21069 13486 11958 14352 10604 8821 14256 9300 79 22970 1988 9890 15559 11106 10903 6281 28454 
12313 32196 27869 25557 2439 22497 16046 1513 13371 20735 10380 13722 3701 15091 14766 17438 25785 24192 31264 29288 23557 9688 19565 10790 4539 7599 9862 17149 28777 6018 29773 1937 16610 12198 30802 9870 7532 1413 23763 29101 10318 10796 2660 14347 16745 19001 4881 18562 27825 5121 21584 18576 25342 29756 15907 27417 20867 28631 26226 17143 14953 30820 19099 12493 13602 26771 20937 27662 25177 8592 26503 16029 22440 21649 10916 27533 12143 24747 9347 232 3508 23096 11437 30226 31557 30602 12397 27690 28238 32229 921 4373 19640 22761 10463 17905 31533 27018 12865 1667 6524 4894 6824 21953 4636 27722 3633 2133 3397 7972 6775 7764 13224 16372 28184 24005 9385 10813 30360 13340 23980 1789 4378 31862 11689 19124 15141 14335 6300 20686 8271 5941 26615 6591 8662 9719 17396 26961 6752 31254 3065 5867 29323 21835 7561 22502 6590 22124 22358 11119 31307 8856 24836 2008 1295 2566 31924 14443 26621 31700 14762 25841 19562 10173 13473 9111 24046 3172 25650 12774 8000 8140 29515 17760 12308 3150 4084 14790 5781 17268 12970 24738 9315 11349 23867 18527 24280 22209 14244 7781 24097 27418 19444 10529 26517 32197 31955 28223 18132 511 
10815 8199 18425 15167 8980 16513 5541 18601 16618 14544 4032 3726 426 27361 7305 8221 5063 18265 12192 12753 15557 13503 11947 16101 30937 4984 2257 7240 2876 11205 1898 27411 8084 24423 9802 13818 29195 7212 29382 17000 13473 29931 20695 18442 1475 28091 31184 14214 5322 20764 2896 7477 2547 25619 31037 3816 26436 21565 20512 13602 4014 18541 11363 26671 12710 6807 3242 26163 26197 26430 18271 27681 30147 19482 16593 25762 15904 23788 30482 4732 9980 23690 22303 20118 20652 22530 6999 16746 5051 1096 31389 7548 10788 8216 4288 27117 7482 14149 16424 5742 9884 21715 3988 12627 29815 25615 24584 24626 22749 2828 32151 4287 8496 31810 25839 17549 17825 15048 31449 12473 3206 28475 15541 17930 17517 5489 2242 28041 8522 8791 10051 31031 12095 15866 29118 25882 4529 9459 17780 32354 32273 23829 549 19669 10355 27777 27234 13153 25937 10221 14716 7645 31767 4191 27824 22524 21616 551 6274 24319 28665 32045 31179 5640 28445 10072 31003 24469 10859 16490 12789 2271 747 9727 15331 26176 12739 21982 30837 32179 20256 13296 1078 23330 19584 9501 24669 22387 794 12379 31808 21477 24357 22280 9792 29563 28751 3371 7654 23121 
24095 29769 6805 870 31011 25592 18451 6309 29401 25939 30901 7251 4242 16020 6107 13835 29637 24303 30609 11546 15977 15292 4018 248 30824 12281 21458 13593 5643 6590 29861 15392 9225 26287 8792 5764 6888 17845 31321 32320 5676 755 21868 27523 19679 25491 7383 2773 11010 7405 4563 9517 28068 7948 11077 14916 20629 4120 16725 27295 29939 14912 29329 30506 4274 1101 31436 30961 28034 31774 5541 5514 11060 11097 31408 23561 26336 20599 27361 17329 3887 441 24876 29535 20334 25492 29464 22852 20409 5871 9045 3675 11 15588 23292 5352 31043 13416 7667 22178 27771 7740 3649 22374 22556 25166 24879 2435 19238 16811 11063 22895 30616 31612 6288 24282 25878 24453 32655 32241 21763 11659 20756 5524 8531 28676 3275 7327 15085 3808 1598 14517 26068 19795 25594 25640 10466 28628 3797 22686 13325 6686 10189 21587 17619 13121 6938 12998 21695 15017 11451 24138 15644 4690 6194 11245 31012 22050 10323 15333 22920 13024 8760 27302 657 16516 17521 15057 20247 893 11622 15770 31599 17207 10946 19972 9241 25906 12978 12623 4456 26788 9627 9140 20965 3908 32515 31027 4958 28723 16272 19306 14497 8534 6418 9933 24502 16184 32401 32056 
275 20467 21529 20332 29109 28883 14725 21725 32243 26043 31311 10249 4729 24964 17100 28202 961 26410 29399 22651 16063 28140 15121 5593 20215 18599 11211 18058 11437 21542 23441 27992 18382 11585 28697 17147 9498 15134 5446 25260 6463 13576 9143 27317 18713 32184 13990 21200 19637 25950 1116 21020 9412 8938 28650 9430 15346 12935 23299 457 29776 3544 28948 5716 2905 10999 5223 17854 26942 27300 13486 30427 18709 12278 6888 24051 8559 28426 10455 12478 21619 32677 224 32506 14217 26259 9975 27546 4417 30378 15070 17328 31307 28003 28955 20593 9360 5095 29172 18552 18904 18155 27075 29570 16945 18731 2457 4914 9528 19659 12247 20646 16249 2613 15509 2572 25643 4981 18131 24530 7106 10195 17801 32018 13481 12621 30591 9940 9522 7523 29186 8507 28540 16920 25106 24648 23187 31498 32142 16784 20844 28127 6683 22634 16745 24525 22461 24674 29115 27136 7241 20789 7582 4793 26018 22945 15975 19881 28227 13570 18934 26247 3228 21861 2986 16004 4015 12665 12596 25732 21697 31644 1597 13089 31710 21614 6879 4842 9040 12446 3482 272 20622 30846 3482 28239 14780 19884 17885 4440 17918 2499 14748 27288 23098 2503 12262 26846 16701 23119 
18794 16418 12972 7258 26726 17824 12358 5289 4215 5834 18536 29283 32476 22809 18360 25956 22842 19894 9033 26114 5600 9666 6796 29775 21058 26847 23151 13427 24958 26870 18654 20377 21599 24763 12307 7386 10401 5121 4219 28802 5582 9550 10915 5729 10381 10273 6466 18243 10300 2433 6535 29243 7255 14164 1462 2773 16412 13377 11212 24488 10562 11101 24544 10205 19885 21625 20244 21336 17654 23463 23336 26167 5843 12213 7367 3546 21017 26198 21289 29450 18901 2536 28550 31609 24588 14288 5556 2522 1182 27513 28552 5468 11263 31667 2817 21790 13563 6723 32243 22546 1560 24372 444 30648 9919 27415 23298 16424 13909 15491 27227 7942 13970 18595 12300 9176 23759 5179 26017 28629 3615 25776 29063 24850 1120 7971 28824 19175 12386 6571 24997 17624 16342 12014 26110 7499 30607 5266 10430 32521 19236 2571 12335 8221 26868 17759 23479 27610 19690 29152 16088 18727 14279 16725 31587 25750 1094 7692 19131 4906 10058 5759 14252 31324 22763 9134 27301 6418 27557 5690 13695 5694 14689 28800 742 3632 27080 20575 22876 19675 7722 1850 27013 5794 9509 25892 9029 17094 26102 10257 9389 32662 27600 31171 9234 24890 24492 13106 18019 11965 
23731 32152 27091 28558 13611 6377 2222 13848 7867 31484 3371 31524 28912 18251 21507 21171 14446 32561 22338 21537 31484 25219 27597 13322 10043 13298 12474 30752 12198 24423 5258 24694 24033 25286 6003 1670 15268 30508 17402 23070 13792 27374 28618 3170 5828 26921 32407 5116 32648 4369 24355 24263 13998 7323 10397 14861 28723 14859 11055 6858 3141 5528 26634 6083 12125 19596 23899 16344 687 22634 22073 6460 26921 12929 21761 19025 14845 15857 10039 22829 6923 14454 20283 29769 26797 30788 18602 18320 9131 4134 3594 22245 12457 25089 18028 19430 22490 28959 29789 16215 32649 30548 20476 15309 23585 4095 32252 30992 20794 5964 9190 2660 14934 3485 31787 17796 21917 4872 30041 2373 17401 22948 15038 20356 28862 25114 11932 995 8873 3264 8199 10080 27680 21779 10057 28755 8158 3694 13275 5769 5701 5577 29900 3538 5292 24475 31708 14927 26338 28508 29224 9970 16070 13442 4605 366 26990 561 20955 6119 5397 26158 28145 32532 10003 29041 27989 17379 12005 25928 21595 24411 21523 4560 26186 11236 21903 10815 12936 15981 10591 23424 23504 31772 26911 14870 23681 22091 6916 22578 15673 25136 10455 6903 411 9518 26193 6052 7534 5808 
22406 15890 1079 3071 21717 4542 25846 30740 7165 20324 24785 26452 18234 4798 0 2978 12665 29256 5312 3973 11727 8481 17960 23579 9102 31416 30661 28990 13156 436 22841 3996 14467 30628 2801 29098 8794 32069 6220 25847 32494 18278 5259 4824 30493 26528 28563 21562 13679 25731 20897 25182 30124 5924 9980 3328 10263 12712 3482 15402 28666 6338 28414 31400 8272 18874 6101 20863 27585 16446 13685 18476 25036 8940 24201 31915 13540 13168 18991 26737 23937 23685 28374 23245 20855 30117 17335 15199 14298 30059 342 15041 26917 15141 1718 17054 32644 3489 19674 4889 1298 29025 15525 20295 1136 62 2207 9175 9937 21184 8332 27977 30602 3367 21187 8878 10180 19943 17230 9389 25670 15390 25907 3257 27181 13768 22782 29875 24751 28745 30816 16033 21771 31227 31944 7688 18676 2815 23844 31174 7609 9747 5969 2311 22752 30801 2237 12982 24697 5486 23518 29459 8112 8942 13593 1011 5368 21257 16015 17801 16394 23125 25766 24206 2908 10161 22473 2473 10338 2338 30306 26357 32141 10327 23297 7654 4699 15103 23549 14737 4418 27225 14469 16296 14560 13121 4666 24466 6442 19600 11875 32187 24103 19515 1347 18094 19136 20157 15764 733 
22212 2351 5217 24857 6842 30600 4233 13002 3761 24321 28051 27636 15741 21393 6521 24242 3811 1473 12833 31310 29348 15503 3552 16420 23477 10266 6229 15743 19748 30476 3758 12574 31272 28421 29997 10714 2817 6255 9537 6493 4687 2450 18899 10291 17561 3707 5013 1948 8431 12961 1495 20897 7991 16521 9645 1157 30487 26792 32635 2014 17140 14838 20176 15903 6689 17414 26494 12932 26843 27533 20112 993 27380 27875 17844 26339 21871 17510 19323 14403 26586 30173 413 16324 20642 19671 21106 12065 7596 31438 23584 18026 31721 4487 14735 21296 1272 19191 21691 8445 31156 6646 19328 1284 10485 7031 25430 17284 30709 12995 11274 27446 5580 12795 20423 9051 9465 10936 13616 25347 664 10003 19965 13944 10036 18871 29952 14680 28226 1550 30528 16995 13533 7937 19246 16675 31904 32557 13971 25733 16293 18021 2759 19023 15951 11710 3828 6180 6994 19258 2390 14638 5978 29582 16051 20638 3146 3735 26394 2521 821 3125 30848 4164 23722 10298 20883 16518 29031 30324 23055 28139 7033 2749 10712 4477 6691 19451 9226 32135 28059 9010 26739 15702 20866 27479 9302 27077 27824 11697 12880 24644 24757 9023 25294 13957 14989 17311 29508 25886 
12909 17531 22223 14278 1624 6654 25614 16645 32736 13011 26282 15969 6518 15033 18518 10654 11318 16323 24282 14983 10331 16715 8353 11464 4647 2588 5777 19769 14598 11973 18904 10260 15054 8214 1637 28368 28484 2217 8751 15763 10261 26146 11188 6972 12138 28274 15790 12624 5441 2108 18075 5733 985 6996 32328 27422 19932 20010 24253 32504 5485 16363 24872 664 9333 6229 10097 20668 25566 22352 16385 27894 25760 4581 11403 27036 11977 14232 18592 2619 15024 2084 32375 7325 14152 24574 2261 7196 1642 9267 17336 30333 6330 8356 17591 11878 31713 21438 26188 22727 28897 17889 12486 11916 24815 29448 1309 23840 21992 29566 23867 10489 154 31907 3244 10181 3944 11883 9070 19149 18023 11865 31466 29141 6290 29119 10007 13131 12618 24182 27287 27613 25910 10195 78 10093 15646 16470 10319 5782 863 24289 7860 21757 11700 10389 2427 25051 5354 23380 18521 25454 24300 15485 6705 4215 1044 1370 12117 27938 18787 13208 189 3614 30006 16590 25124 29642 31148 5326 4138 10912 23737 8879 20813 29132 23213 10443 9056 31204 19069 18967 20682 28898 14103 4344 199 28391 11959 15019 32035 21783 28482 24993 10657 12596 22464 5558 29018 23684 
20238 6076 20873 19962 15761 145 456 14918 19194 304 14915 28510 26560 7271 2006 1806 14037 30469 7111 13933 20495 3536 13096 5496 8384 25694 25389 8243 31236 7196 15365 19294 73 19723 9439 21877 17162 17120 16020 10021 4986 16232 22595 28855 21301 27659 19137 23252 24444 19742 927 2481 12231 4875 31031 8160 2505 10540 24141 4225 10289 18106 7431 12400 27078 2443 8400 30359 4561 4799 5675 352 10725 26619 18462 29934 2205 7486 26229 17451 6808 21248 30191 4036 17730 15811 8094 15315 28189 13271 4613 26107 668 8305 24411 3414 24595 32451 31617 26366 23725 1997 10839 7887 19942 25193 24358 26032 6479 24198 19432 30051 5828 7115 26410 26969 16868 30815 23832 19352 540 10362 24457 20534 3795 28961 14448 23755 15936 5076 27520 22083 12349 22995 24245 1368 6332 17205 31451 25733 15996 2723 7666 28429 263 10107 1112 29669 17034 8871 2716 11815 10142 2908 5947 19479 13220 11720 10385 5264 14862 29607 22194 15382 10027 15748 11140 11169 1227 20406 30439 5110 14601 8229 4215 17058 20012 472 30662 2832 19063 20749 17297 1639 19195 17050 30519 8818 16394 9620 16369 18452 21200 13056 16820 28622 797 18031 26255 12374 
14297 32356 1810 29185 6336 18642 31967 31415 28202 29432 25633 7443 1836 16205 9137 23195 10698 18408 23930 2738 17706 24234 7458 11185 18984 27372 18542 3316 10497 16997 15160 27106 30108 21700 7479 28915 31662 22751 14072 16233 29121 10437 13015 26529 5852 8894 19867 20481 19355 27735 26385 4435 16365 23172 26499 1904 25243 16128 10483 10205 14008 9033 6539 5884 13370 2643 25534 13025 710 26967 30061 8342 24941 20515 22304 30825 23459 32563 32273 23338 20333 7736 17687 19706 10564 32170 32440 29354 28992 7350 5177 14537 24897 32418 12388 28689 27836 25841 27113 23488 11910 26528 32190 18923 12903 1770 32128 12949 29973 20027 24654 3956 16159 27785 12367 16352 10418 11463 31266 3584 25553 1963 14059 28004 14959 7996 20478 11602 17788 32051 30369 31538 922 12557 32498 9799 24540 23683 6668 26110 13033 12043 4132 3684 20512 14650 2306 26835 25634 20306 15739 7966 28239 20957 1578 30955 22404 6583 7667 1375 7607 20530 17206 8498 8459 19811 1571 17919 27734 25924 30556 10474 30624 2227 32155 29327 15504 4828 28148 82 12763 32259 15645 730 12373 7198 23340 13658 15661 12433 27424 25865 22057 30398 18365 27756 2796 13606 9430 2395 
3622 5995 17417 21457 25149 32077 27294 27994 22151 12680 22638 18608 13070 8996 12546 2708 19904 15757 27625 26964 32326 6044 27970 26356 4887 23503 30571 8978 5130 2444 25661 16967 15187 17102 26484 27213 2339 5780 10516 14486 27119 20445 522 3344 24146 17125 27063 349 29296 15386 25244 20701 18803 24199 32648 1101 2689 5255 31591 4819 32091 22105 24374 26148 22461 10709 19272 3868 29783 30716 5590 11178 3859 15277 2404 21844 16496 24124 20278 16242 3823 3790 29199 878 3523 9986 22614 17410 7083 25978 19609 15602 16168 8034 23898 28233 23640 10182 29375 4771 29638 9162 13413 25384 1554 16764 1239 32109 5262 15843 24421 28317 21386 23391 12404 8713 7710 16827 7247 32108 31447 4771 20775 3325 10419 27258 6422 7080 29083 7525 15 7519 2178 16386 28455 32210 14804 31202 5234 20366 21694 2310 3324 29504 26299 22345 24360 26414 21693 6011 31630 11104 10689 9300 9318 29565 10175 8877 21468 5414 15503 14992 30066 11242 27851 25091 32378 26802 10754 24406 24485 8022 12490 30214 655 20258 24720 30908 9962 23692 4238 26521 30099 21930 18487 6722 12794 432 14998 7240 22846 5353 19286 24287 24651 6889 22307 15552 32747 21133 
22893 11334 5509 28098 13892 31223 30210 4931 14696 283 25321 28987 9452 32621 2661 7988 24902 19700 2159 25511 7488 29573 18116 17113 11751 31855 7832 25215 31593 17922 22387 9125 15276 8304 7328 10118 32254 1209 11027 12024 11402 12950 10252 5510 12656 11725 13533 6609 1602 23382 1264 25744 23158 15842 18189 17869 5470 2997 2848 12977 13585 17866 31135 14883 6763 31078 10372 17506 15854 27326 11731 18869 6459 31561 13783 12569 21777 16858 27286 12583 20795 27009 18703 1299 25493 4339 3534 3631 2989 21571 1412 18030 31823 10127 27182 11949 26230 10277 9248 24777 4505 951 27062 20249 19294 6110 13960 674 15691 5716 2293 20372 449 1946 11115 4947 21478 32018 2479 26461 31735 19158 20030 15457 12090 2356 23531 17874 8688 24903 6870 25934 14856 10379 20497 3985 24819 22952 11847 27626 11878 6629 2675 7172 11130 23026 26361 11118 26415 2760 18470 13729 7144 10526 3301 9697 7306 23680 14642 5067 31219 24144 5853 32023 12166 23312 24180 1787 29655 8663 25650 525 27291 6455 17719 5922 24054 12558 23136 31126 3476 21473 3639 8128 7295 23939 4287 6586 1499 30954 2921 12699 11537 3850 11278 23102 27716 4084 29076 22353 
21313 5982 4294 508 14824 7388 26816 20869 21359 27538 31566 454 8339 5836 31435 13972 17346 18820 23503 248 26440 28635 26363 29550 21319 23932 22630 6532 8077 702 3115 18115 19652 16081 19505 26854 28143 19895 14350 9332 30346 30080 14797 20103 13253 27307 15078 4540 24821 2909 7827 10401 8281 15890 21562 14675 2915 23192 984 9785 15779 17748 17975 19227 7316 29775 9296 14830 4537 19971 6241 15144 7724 1148 15941 25254 13415 1086 23027 12908 19452 17235 632 10876 18227 19114 7042 18847 4124 27647 20450 3888 21475 12984 11305 27911 3070 17972 28162 18953 15857 30609 29344 26755 5544 15307 11409 22518 26655 19009 23199 10656 15021 32570 20781 9951 1461 17388 6765 3306 4243 30121 2416 16315 19861 31190 9851 10401 16442 29724 3712 10133 7538 10940 22195 23686 11078 7679 439 19676 31973 5526 14896 27877 20339 31755 29028 23223 23864 25775 26059 29968 8061 2257 11419 7637 25922 26073 20999 12856 13087 23529 27800 18340 12267 28399 20561 10258 36 8542 26694 25161 18540 32128 9661 12625 11399 7945 28269 13773 7372 5633 23956 12440 17408 9178 6945 16305 17000 11590 24274 15807 29123 1699 32430 14776 2629 3239 24486 26939 
2511 19128 22997 29241 14380 15322 2253 12174 31922 10437 5325 3674 19927 18927 12677 2603 2631 14892 6552 1602 5579 8039 6947 28290 11689 8939 24607 12116 18884 28627 6248 21451 6810 12686 22439 19396 1113 24408 28406 32598 17396 2793 15446 24417 18909 3691 1052 15453 1342 28047 16558 21337 20944 29041 29295 883 27302 8791 8033 1468 20612 25316 20306 3686 29118 28775 30656 22476 3543 1647 16934 18463 7278 909 30249 27293 15185 29271 23800 7706 16126 6530 10765 15730 23893 29272 14700 12324 19455 13415 26527 6853 11728 28966 11547 8390 19531 22452 9996 13930 11754 12973 32076 13940 11640 7447 17328 13656 3442 9840 10691 5191 16115 9850 2992 29745 21910 11718 4873 25825 11059 24610 25388 3348 7110 21309 18504 10518 9786 3565 20898 29377 26162 28183 3622 26550 32304 29616 12446 31754 22896 24554 10386 7307 30819 3789 25541 22985 16278 26539 20590 29815 22348 11326 13101 3243 26745 6102 2065 22172 1917 7259 3249 5692 32128 15180 16482 17611 19683 14340 11374 22544 3442 25139 18323 17452 28132 12465 23279 30254 4725 23975 812 31734 19184 1304 14134 20643 13531 24872 24266 10392 16610 31817 14672 23162 22989 3191 23121 28250 
24405 21671 14380 4453 26622 21123 1335 28959 2151 3908 16816 22505 13488 3624 5035 6748 27440 12658 10418 28763 25971 1083 4558 19860 2760 15652 18982 24201 8027 1542 6566 22170 26495 24246 7423 15774 10819 25142 28643 26383 20769 32310 29768 652 16765 4970 7530 4472 13375 24804 20859 22903 23842 3778 6373 23420 17238 11843 13445 31715 15288 29558 22927 19268 27140 17876 14661 2964 27758 2633 23670 11314 3220 23750 1937 9987 23357 12008 18579 1197 8611 16328 5164 2293 24807 2102 12895 18987 8524 19367 11829 311 27521 2537 21763 14289 12853 10157 26975 15371 25933 5339 17320 11230 31068 26960 6753 12689 10851 19772 16710 31014 11841 28728 28833 22368 4002 10003 32364 18872 14308 24878 9047 24181 22580 20712 6451 24261 173 17240 3952 29327 6318 4975 32323 7819 12297 2434 29089 8737 6552 4632 32118 9163 13754 29852 23318 5582 31526 25021 31399 24781 18233 5905 3567 14626 31805 28658 12368 32575 8477 10508 6660 4037 23901 17700 30114 18668 30680 18687 31984 29734 26198 32248 3043 31778 18774 11794 24445 883 6927 24742 30679 11603 104 17582 24280 20583 23322 10742 2059 19342 24319 2770 21020 13783 13815 29484 27289 21500 
29286 29858 17906 22813 28710 21014 9013 20022 14878 30674 22359 27828 13852 23336 27439 25512 24622 18140 8780 30780 20801 16856 19689 1790 25476 20406 18221 30985 4939 29842 13019 1711 25964 12050 28986 31166 8301 310 18580 10887 19721 1200 4423 2180 16683 3848 16635 5367 12307 12663 20523 3277 17328 6266 9641 878 13477 16891 215 546 11158 27694 952 2410 31927 19278 18203 7633 31498 13142 3867 10251 7407 26377 28634 26927 13890 28049 12911 13190 12720 5166 32128 26679 18238 29017 8430 21962 13675 28141 8628 9872 19605 5416 14623 8041 5554 24036 12369 9739 8706 30448 28305 28322 23224 17641 27944 17142 29514 23287 7710 18728 8288 24245 562 26190 4654 5394 13136 105 5049 21402 30680 19364 15031 17080 3371 20257 20894 17191 25821 20376 21089 22181 9514 16497 8422 27507 27352 12921 16160 17081 5241 3843 24221 32423 10282 3498 17032 1459 13140 9671 31615 5817 4240 28896 28538 25236 9569 28066 16276 16749 21766 15047 18156 19844 14663 13727 12206 22432 17157 14182 28544 16348 12230 136 20818 7692 4522 14100 9627 13546 4290 1673 29278 32626 16022 46 21078 20869 15128 7804 1705 32443 15054 4238 23847 23001 24440 1440 
25289 28082 30287 12918 24682 3141 32220 31605 11420 23231 28126 12444 32164 18293 633 8971 22956 10564 18006 5965 24242 578 32069 23174 18800 7703 697 32553 25487 23593 9366 32551 17507 12578 29655 20449 10729 30255 10651 13894 31938 778 12173 17320 21173 17792 18190 105 14250 13428 13079 2287 20585 17220 12797 29811 29236 23689 12410 2039 23530 10650 2654 16895 10795 153 20874 11337 27163 6111 3377 16228 25807 13221 14625 589 25868 22159 14775 7800 30474 12053 24168 4304 19262 15608 17408 11062 25034 88 18446 22541 20030 20391 11182 26268 3100 12971 17917 27305 22639 16390 4237 9896 2476 31968 16165 6283 27085 16002 18677 16806 14708 8284 21660 19118 11695 1796 24480 27110 1068 29497 26890 8769 13452 23704 26904 16445 1566 6661 6362 12942 13515 9933 22050 27165 25475 24156 10682 27834 21182 25905 13808 1053 15360 28772 30162 14635 32459 14701 20793 31772 9987 3188 30268 25548 20092 1561 19753 12972 2129 19679 2902 5254 21104 4730 3137 2861 20050 26519 7520 31476 12785 32552 10678 1869 10414 3382 5610 14933 16344 25228 19728 19522 30681 32078 20224 3490 349 18254 25541 11701 27609 23216 13875 23562 26957 921 18775 13417 
22011 27591 6373 19403 29385 20075 10992 1928 8259 31699 14848 30187 30137 6034 27357 20534 21070 28914 12094 6513 4916 5701 26138 11424 22954 23554 23308 2455 19267 10047 32756 12426 17826 23765 2567 17106 3989 1402 8321 6388 26754 2038 31143 22272 15051 4674 9765 22708 26673 916 3000 30879 19179 17797 9403 39 20995 15822 10418 24410 25293 31856 5578 9904 12938 21500 12731 7188 29705 24683 31895 28572 11544 21643 11659 27811 28347 3726 12552 4245 18077 8929 17263 10402 32487 12279 13229 30512 5301 23436 26184 32575 425 6752 5246 24478 8278 8495 6930 18242 23625 26586 16717 2164 11242 20247 29936 946 28721 22544 12494 8869 18823 6300 26547 21557 16930 9402 748 22331 14804 24094 3115 9344 6857 1408 19797 19874 6563 8962 1361 202 13447 23647 24195 26021 18168 7793 4729 875 2422 6305 29551 30181 5044 10564 14424 2719 13316 9137 14071 22291 16933 19640 15818 2294 288 5935 13593 28608 13227 29536 5854 30014 18398 6484 24399 32690 8909 5973 967 29398 13193 10091 19910 5418 2769 20673 18322 31923 23765 11259 10745 6086 6464 6355 32345 22158 22830 6877 2333 1608 9847 3419 20963 722 24402 25854 21152 31602 
26089 24727 11839 20258 28730 21598 29706 26126 23765 25165 8099 6018 7485 10870 19742 6228 32314 24590 17168 7165 11639 16162 10866 145 23472 8683 30229 7325 2580 13227 25554 24471 29727 13338 21346 12944 28086 12907 22464 3896 12607 25317 26833 22772 11848 21639 25401 8195 10528 32691 892 31849 9510 21432 11626 24551 6815 27649 16861 4716 8261 1995 7255 22818 16995 30628 8586 24175 23024 18257 22381 932 5392 13081 12560 702 17104 14424 2075 24527 3399 17355 20867 28034 7937 14229 26537 996 9501 3684 19174 11923 29192 28356 10618 8578 20072 21409 17751 4224 6058 18980 29203 1036 10710 13000 6561 10093 9178 21358 26965 32526 17495 24045 27318 3124 13916 18980 16023 2729 21839 16259 7217 20817 4907 27623 1928 13984 11166 27464 5464 4530 12231 5069 2929 22005 3670 9352 24820 3974 6049 4798 1935 17536 2257 22182 4145 31876 7733 31186 8116 23527 4222 477 21749 8070 10682 6928 12147 5002 19834 32295 22197 7392 21951 20167 24972 31872 15758 6656 6358 19889 14806 27490 25142 31789 6664 16687 11117 502 15520 32078 20991 6771 7859 19890 32543 13440 3379 13387 27374 4209 19876 4133 28107 28625 6103 15939 31898 17172 
30948 3673 4746 28988 17570 19003 28937 22383 1505 7420 21230 5597 12228 20203 15735 7006 5807 13758 16655 21466 4090 6174 26357 16978 670 32664 16768 17817 27885 16423 20831 4227 20409 21293 19741 31697 26346 20423 29744 6644 26106 27423 3042 30673 1558 30001 20701 25628 23621 5610 23404 18129 24311 14203 12570 962 24866 10955 16809 5823 30081 28455 21400 15607 15998 9046 32117 21699 9199 19397 28673 5911 21733 18535 14098 32138 30940 7728 25122 31132 6990 27941 10941 12327 21822 15279 30827 23687 12 31949 32009 31555 9205 21236 21419 7022 28401 13505 6165 4659 12108 29556 6447 6086 25987 5358 22719 23666 17192 3918 30870 8636 30704 9431 1041 7426 29980 19633 24349 21885 27818 19759 12141 11747 32637 4450 11336 17536 27594 13747 24337 14376 15459 26155 9939 21447 6468 29106 12656 411 2920 32764 3346 21469 25941 13482 1992 13549 8841 10502 9769 8022 23139 20000 25236 6929 198 22713 30263 7507 20901 19259 32521 30952 6747 22845 25239 1440 7324 7158 5706 21885 5888 25703 315 18449 7218 24476 28930 8881 17674 755 10398 22220 51 28313 17657 27543 17504 27149 13594 4353 31518 29093 7854 21673 8352 23886 3124 10913 
24113 10618 30675 24361 11433 2859 2881 25695 32578 10304 15930 168 10485 27719 13209 981 3430 18916 15966 30182 11561 6260 17113 29411 27367 5711 26019 3352 12979 18228 24323 21353 4842 8666 4306 31749 20995 1317 16224 19635 26173 15159 7557 16896 30327 21170 21368 27763 31380 8156 13050 8661 1865 31750 26633 22834 9030 24426 13126 12371 10580 17881 6020 7734 15790 399 21151 847 2755 13258 11201 23673 7192 5037 7384 17169 30162 18760 30907 8856 25038 2391 21246 29487 3113 12899 25497 18519 27677 20760 28334 25120 7804 26089 8753 25774 32317 3339 711 29654 21728 19772 7569 16294 25758 21900 11380 18388 3737 6736 10321 29153 9747 15034 14050 12588 29199 22295 12454 30581 9198 17567 18115 5235 18978 8867 31280 26647 7420 16218 15048 2936 3166 26785 4114 1020 17541 25242 6797 25878 18159 17958 24345 32235 27237 4116 15045 1178 7531 9199 13715 4002 7306 20733 25447 18742 5192 12633 22148 31370 14110 25264 30688 18581 19564 16783 9964 10313 26918 4155 32650 18528 7393 31771 26131 636 14474 31808 12116 8705 31450 16205 21848 31829 19679 26157 30705 20371 26370 20219 5807 19204 768 21608 20705 25720 18728 2033 9441 6399 
20733 5138 19336 32080 24442 16554 23702 17639 28236 17986 12014 14726 26116 29642 14997 25995 16349 19453 17062 24305 25878 10759 22000 12346 27418 28901 14840 30338 16909 8046 25214 14255 17126 10758 1459 1544 13128 16160 7043 29046 21566 20874 28630 28759 31366 12096 2683 3454 21402 5379 9298 3399 13615 6028 23026 10014 14964 16258 20497 9158 19394 30585 6432 28564 22382 25353 8700 13685 13556 10717 14136 6087 26713 10166 25533 16128 29770 24585 21888 7265 10167 3224 28098 12682 29465 30120 25027 24504 6058 23820 7582 20666 15863 24924 1700 22766 11624 22133 2582 5342 7558 931 15230 3365 30652 6095 32382 21698 2468 8501 9764 16509 18744 20469 24886 4523 14790 18402 29090 281 11901 13003 27893 17691 18698 8385 27897 6700 4159 31172 7494 14345 9908 16727 2385 4336 2402 23200 14660 28389 4551 16886 18184 30269 3918 22440 17223 949 29405 13868 11931 24761 19509 12579 5471 8417 3471 3774 17227 15821 26642 22975 6532 17815 4398 4090 593 7684 30716 23376 6114 1564 29375 7259 36 23557 15421 22933 29711 15765 13508 16924 31334 32003 5921 9489 26618 4570 6572 739 29653 6624 29531 5467 24121 23026 18370 11998 595 24860 
30724 15527 16062 1434 3250 24858 6140 2261 5095 12817 25276 18571 20099 9141 3968 14478 19430 28561 24977 9881 14387 20693 2177 25374 18045 6817 6858 13845 24220 269 19926 15178 27372 23734 476 4458 23961 15345 10498 26654 2146 8390 10114 15796 14402 18504 14017 31386 10175 22119 386 11201 17417 18667 1865 6238 13277 15277 31730 14959 31063 6309 426 13482 28186 8249 4779 21088 12742 7089 2713 5437 20291 20402 22635 25737 24887 3889 1012 29931 2468 22407 25026 31161 28080 2078 13131 3725 16607 17270 12529 20668 17164 17263 10977 22440 23004 30626 22843 22418 23111 29698 6749 163 21097 19835 26577 5212 29844 15086 508 22959 8041 27973 11961 11226 10061 29619 26562 28343 1454 195 2781 31449 7112 25491 31365 8530 5556 9532 9822 9309 15938 20781 25797 25068 3900 16385 28130 14444 22935 20370 25160 15770 16699 255 5120 17798 6831 18890 27139 4521 14849 15721 15387 2846 25436 28030 26145 14339 896 5304 31437 23026 30006 3417 4178 20264 14368 24126 13102 31097 31623 30888 19956 20879 20186 6479 6248 29326 28973 16050 30767 1487 8134 4617 16111 29969 9994 25122 32695 6163 28226 32472 12381 28981 10532 8618 15066 31875 
16064 28245 6327 2838 21022 5500 20188 290 9768 11230 261 32003 27830 17331 21877 10680 30312 2802 16769 11659 6569 31972 23485 796 27424 20469 26453 393 25207 2752 25137 15922 13927 1408 5440 7559 19305 4619 10010 22963 28268 7396 4290 23038 5571 7377 18742 17899 25754 26787 20513 31545 15046 24657 22882 9817 19916 19712 3057 25603 29459 8120 10895 5401 7050 782 11923 32660 29907 17327 4055 665 13823 7943 8447 1781 15277 15483 12843 4728 19244 22100 14017 16929 11131 14356 451 11544 30129 18058 7679 26225 19735 1007 370 8076 6099 21341 24225 19686 19942 4670 20048 9404 30953 11406 25405 25096 151 26749 28080 28542 11056 8636 28267 31518 14595 20028 1798 16641 18670 3604 30347 27320 27242 2329 5794 8958 10052 17702 2412 16648 25027 30253 30390 25482 30643 23735 25243 24915 12549 2919 27569 1932 12152 16291 18632 29870 10089 22069 14235 32122 15079 17835 16155 22278 2622 1236 8968 7973 5932 9647 1872 20523 23437 32477 24777 32270 17430 5502 18901 3342 5940 8782 13899 9456 30765 1092 497 25440 7068 12121 21479 8751 22315 17291 6357 15925 26620 4652 27856 32681 14687 24552 5883 4042 9434 6109 25897 14280 
28006 4953 17401 15485 3765 8100 12686 7552 16140 2625 13867 7237 9483 21407 17161 8023 11240 15218 29346 10905 25838 9922 17670 22614 31112 22959 22534 31543 10728 17070 4321 30536 22221 1070 23248 26498 548 18597 24478 22794 5369 24265 9723 14426 3118 27826 5731 22717 34 16978 5491 19090 13907 29756 6329 30560 29265 469 1254 16989 27250 21097 20898 12815 3017 22142 2652 7075 9744 24793 26821 13592 7413 28952 27420 5562 1415 3612 10995 8468 7973 20597 12900 8946 20868 16118 6939 16293 7832 26649 20623 28619 22881 31989 24854 27475 14744 7070 19122 13913 15856 10234 19218 27629 13398 29533 20603 11513 27914 23854 9190 28430 9517 23682 3158 31529 30702 11427 11128 15897 31919 752 25236 16423 8552 17369 18322 6293 29990 9120 26945 6777 25718 30922 10483 9011 26024 28902 31477 19038 6986 18708 4400 4991 1233 17244 18475 16731 28709 10784 20942 26039 16661 27359 15545 28346 5399 26869 10796 26610 23130 13770 21727 14486 12932 11590 10514 2098 23590 16587 28793 22473 14252 25927 18326 19173 13025 15297 1636 8130 3037 26122 27271 17040 1436 14870 5421 24262 24413 26267 12586 26616 8452 30771 28146 5831 30926 11664 26304 21828 
11003 19950 827 5734 9835 29767 2786 31104 26975 999 15910 31997 6993 11688 11416 28093 15841 26873 18143 8549 3720 380 19685 17270 1132 8567 6228 16004 5099 17407 26675 17701 690 11933 24365 15938 5908 23883 10069 14243 6982 14334 30057 25142 23647 28088 9947 16195 22939 4599 28988 31104 18991 2840 4416 4332 30668 26378 4583 13147 22383 31291 13845 21336 13338 3138 22289 9950 20607 6766 21321 26092 15855 8589 28647 5973 20379 31897 16727 30703 27164 21214 21402 2334 5459 702 9570 12216 6865 13992 17322 11164 27596 18542 13126 30960 29625 27955 13017 27709 22909 26881 6509 30245 24145 26883 13683 10321 2778 15214 18659 32206 1865 9461 28017 20847 22097 622 24835 29890 5741 12976 4032 13453 29805 22274 6782 11506 772 229 27637 3087 5459 6899 7659 30593 32357 24771 27066 4020 27606 7059 23210 7068 9231 7562 9940 14383 14828 17385 20904 9982 23273 7119 20804 15814 7134 31459 30121 8652 26781 11504 2120 8757 30236 1535 5327 23354 9803 27473 21448 26313 18037 3374 16289 20215 20127 13313 17151 4543 9270 22883 10113 18934 11216 11651 23739 1192 13316 16010 2187 8909 3354 17804 4850 23408 4468 6641 4398 9472 
31901 30043 10835 13417 27380 16554 7456 28406 20211 16547 31289 8959 8446 23693 25825 16288 8205 8378 8422 32701 19146 9366 4154 25865 25030 31053 8808 17926 31310 882 31042 408 7323 28686 16005 4434 20773 7911 41 9428 18014 15348 8034 16351 2713 8500 11471 31977 12973 22313 18454 23189 3410 3009 12425 18093 29366 11990 23353 21300 9776 25273 22769 9285 15097 29100 9105 24397 7724 29208 29204 19006 30067 9080 15689 12428 29772 23880 1579 2931 20462 19706 32066 17935 2723 22990 27422 25300 32486 8356 32407 1237 3461 13914 10625 22629 12642 32149 16880 571 31317 29828 4234 25985 1852 621 18296 29543 8345 6201 27320 15714 21125 14015 27053 17904 17817 29554 2641 30099 9828 20802 1863 1660 420 16408 6113 23601 19425 22254 8460 12465 15789 25899 18185 22847 16121 2083 9429 30427 4448 4764 26766 22076 13132 23143 1906 20325 22619 123 98 30356 5878 30736 26156 18758 24326 1823 9831 7357 7928 8336 32654 29203 17255 17873 16954 29570 2647 27433 16315 5217 9525 20124 8795 13233 4995 3951 5261 28626 15879 12673 28483 12359 14729 6368 20685 24621 17568 22897 24164 2964 19744 4470 12152 24687 14368 27622 1922 24456 
28993 22751 20397 10256 31170 1119 27505 1662 30770 893 26615 1394 23097 28985 10495 14367 27570 29285 9502 30386 3189 15148 3754 16434 11032 1088 4791 17629 11652 6567 22501 28986 10811 5583 2259 27245 3275 14435 20637 12751 23805 3971 28019 32712 23910 23221 22503 8549 31935 88 20642 14669 31004 5352 23626 13743 25874 758 9088 16431 25636 16099 22003 20816 20689 11204 4898 20953 31890 3189 29145 21584 4636 2215 10715 30047 32189 896 3912 24217 28035 2007 10384 250 7099 14581 25157 6148 11382 12282 16534 14366 20407 2160 11640 3729 10601 30179 24613 3836 26978 28191 8216 14435 24275 14825 5652 1620 20398 23753 16574 4925 19782 27650 1378 19691 19489 16632 26804 13941 11717 29487 18904 30434 32174 323 2180 27791 28705 9509 19329 19806 21783 5691 29374 25193 21918 5618 15965 15103 28602 16360 17621 8715 12819 14972 18373 23 3144 3766 30560 12833 28115 964 14048 23569 13533 12232 31359 26256 14666 7460 552 21604 4005 16733 9769 14951 17457 17840 20027 24155 32705 17138 11479 8018 26721 17562 6694 30491 22960 8858 14534 25352 17480 1905 7972 2281 10427 20880 30943 32317 27240 29287 11492 1863 29710 13537 7546 8125 
11245 18136 4431 17330 7321 13101 27137 29617 8140 6508 4999 2327 17348 24927 28746 28749 18868 57 16232 18041 23121 27449 20016 11285 13280 4368 4118 2926 13098 31668 15761 26818 4440 29572 5787 15956 15819 14735 4520 1934 4148 11768 32427 29837 23518 32004 22840 19024 23098 20671 23226 30106 11403 11411 21674 23552 3834 20286 28156 23166 12817 26059 20811 25453 29254 11427 28371 10585 32324 7750 2596 2619 17922 18361 25371 6383 7123 5392 15035 8595 29604 17612 4054 8135 23499 15681 27546 12343 24452 25412 4408 16709 26491 3537 9519 1558 2342 12395 12750 22029 3879 24842 4054 29401 12980 3216 8315 10364 22164 27070 2210 4476 15590 21847 5341 27475 23734 21927 430 18049 21949 20764 23720 16719 18827 17246 10122 2333 17793 31847 131 325 25055 29214 22139 14469 32703 29406 16666 14003 317 11013 4709 29687 22496 2582 9466 23788 32245 24960 4830 4527 26932 25846 20272 5922 13829 25057 3018 20519 4261 21172 2257 31641 23351 201 20792 13582 21550 26597 1631 20162 9931 16501 2822 5007 113 17583 394 24085 6378 27855 16398 19645 2920 5429 5634 1139 26027 19315 13139 11248 8250 4366 11370 6825 12852 16433 29845 23052 
31283 1917 12811 24991 30565 20231 27353 24132 21272 9449 30008 17994 12098 30298 16563 14362 21129 30072 7209 20576 30905 7785 2587 16634 5181 11408 2192 18949 2741 20577 10577 10027 18894 24273 1538 12394 11235 8158 23491 29971 16527 21503 27663 30690 4804 28228 8085 707 4791 17198 17236 2608 19553 13109 23788 28799 9643 30511 9227 26602 3265 15154 19904 16536 8604 3576 32702 5616 21870 23468 31231 5623 10052 6542 5270 13955 124 18273 11526 20491 13633 22821 19093 28370 2265 20125 4759 22400 2741 7696 19339 17894 31506 16156 29570 22293 24280 18604 27015 588 8980 9034 2364 29852 16668 26625 23367 28931 16580 31468 15895 5955 25878 30893 11054 20132 909 21071 738 15042 4995 16058 1133 32383 18881 21476 15734 5196 10166 12270 15419 8349 6835 24684 28198 12136 9473 30559 5235 18802 32336 3913 28960 27611 29381 25120 28421 10673 5485 21752 12723 4425 28500 16877 11255 16528 26829 9795 16748 10941 1296 30517 18327 21945 10444 21366 12480 24129 5838 31406 25864 25032 27268 4133 31476 12203 6246 4024 29439 14352 29164 25551 2198 29203 2570 8569 13531 15286 24698 15272 19916 26386 7940 556 8285 10154 1273 9342 18755 19268 
20566 28959 12916 31057 3225 21765 29792 16322 2386 7966 19166 23164 22700 22160 26959 19517 26161 24409 11445 6812 26242 11903 14602 28025 12440 6723 1269 20981 26189 27224 30169 2622 31262 5242 14653 19239 21618 5436 31888 4147 10946 16880 27376 5963 7668 13491 1812 31818 1047 31087 18696 27833 20911 32356 22835 15939 29407 25605 32398 21844 23238 26334 2611 1555 26128 21896 7624 173 12585 256 22011 26972 21374 2863 14262 26662 409 26454 22030 718 10051 67 25490 31792 27423 7069 23928 7576 3527 9077 4389 4794 12000 23480 1045 12242 27245 20200 11543 15 3204 10918 1858 32383 5232 6367 30657 14354 24196 2039 28431 11212 7747 11648 8679 8899 27746 19310 11394 10082 1932 22938 14523 32107 30832 30639 5490 13469 23958 17431 6188 30903 8669 18416 24702 2481 16696 22844 32400 20900 21268 3817 17829 8556 22496 1163 8231 20106 25452 32663 26773 15564 5256 11197 19872 16955 31860 18379 22123 3866 24062 8456 27057 22468 89 31437 9006 5503 24515 17396 25839 27604 16640 21683 18467 1259 16079 12185 20341 27630 10511 22446 32634 29462 10696 20831 27421 7463 8964 16768 14406 6532 31887 30245 8702 9419 1087 29581 1072 3942 
15091 16280 22253 28329 21818 284 25629 11054 26943 3216 9685 15862 20725 4139 24039 24862 10856 9112 23583 23624 29126 3486 594 2337 24244 22286 18823 12587 28498 7059 20622 977 522 7919 18668 28313 14157 18542 13137 6302 27408 85 12525 16261 15853 29893 8856 23414 29141 1819 27402 11624 15791 14042 9950 25419 10874 10431 11896 21942 21917 24873 20750 4363 3807 7720 12310 27002 12998 14830 12464 32758 736 32441 11737 13974 25873 31580 17990 3817 17270 12207 19794 16423 19963 29646 25750 7159 30028 10007 17403 19545 19681 8308 18085 25704 21805 13221 3819 15722 20758 26796 2515 7826 12436 12545 20017 192 3166 1953 11527 21059 22628 20835 10484 10157 31433 13871 20967 29537 9757 8032 11125 16882 21892 25442 22262 21967 20135 10812 20807 31842 19321 9447 9690 3377 26671 27905 12720 7006 26033 421 16933 2428 15239 26367 22038 9360 20977 18348 29218 24515 11749 7033 22121 12254 20333 7745 2047 32014 416 21044 12420 14498 31319 11607 18235 7261 9182 24927 6196 26452 28008 20820 2646 23569 24230 9962 27466 3171 32405 10281 7065 26337 1234 499 2412 26343 25913 4067 32354 5995 22989 9898 9179 19589 6435 13145 24196 22373 
19780 12421 25919 19870 1692 21732 4540 14206 20267 20316 4140 3752 12179 8860 14401 18694 12209 27317 11681 26473 12272 22179 6782 27603 18953 7048 17633 6525 19075 20168 1685 18651 31264 23304 15786 30217 9423 29243 25145 22749 278 16127 32592 19282 25842 21778 657 21091 20845 31278 31687 23119 10580 19510 18506 7913 28423 10964 22964 16075 23732 1270 1477 32339 12754 12045 21298 4771 29927 17311 27284 32462 32179 21093 16345 15778 27839 13181 2840 2415 10819 20529 21799 26229 29562 2123 4990 439 23491 3025 28404 22927 9735 7092 15835 19143 16124 7265 11606 29567 23526 7858 25911 8263 25437 26792 26151 27860 4986 17157 27211 17130 8150 28112 6490 4858 27658 21051 17098 12439 15749 17063 26600 6029 7202 13524 31670 20519 2826 26827 9616 19502 14599 2751 7506 22077 13792 32439 13878 5995 17338 20862 29850 9752 23976 23106 23981 15510 9282 23358 4730 14921 29638 27583 32287 16977 14030 28634 14044 7950 27313 8941 2693 26246 28022 8928 19832 5826 30112 32573 24550 32562 11392 6061 4311 8043 5718 16090 11238 16021 1253 13466 3964 14380 798 15673 12249 15405 11164 8197 7678 22316 8252 23316 25472 9551 12343 31791 25363 31238 
17537 9567 2442 7832 4576 7430 13299 15421 29843 20555 30441 22784 23954 11226 27189 6292 4221 32142 2706 13460 22487 17927 28349 6784 24012 6245 25727 10963 29490 25182 2637 13526 31053 25178 15809 14396 26017 24164 1754 14342 17564 29131 2015 9383 52 14927 16955 21509 28750 18916 18034 15569 15903 390 2646 29447 12522 11198 433 19193 30150 11270 28757 23439 18665 18774 10451 4528 10867 5623 28480 10485 2019 27110 26080 26463 18519 21418 14540 12811 19580 28282 26519 11163 18567 27808 14130 21878 13724 4154 11195 27885 21179 1262 24802 27564 22236 12160 22983 390 15997 29516 3237 31298 18162 23045 25247 20851 16322 25291 11433 28574 1364 1812 4400 12956 22031 32694 15098 18197 12784 10178 717 28841 12740 16733 11312 6870 871 14808 4270 28435 11097 15599 9807 7117 21427 1867 1935 31381 3333 1794 12775 3209 28505 2316 10390 4405 23764 4800 31884 23286 2439 31505 14628 8662 22645 27427 27211 20753 28798 10286 23643 32729 12030 6487 5978 8945 14514 7318 28451 6186 924 29199 4108 27550 6121 1044 6166 9385 20577 14488 14198 27161 28578 21925 14708 13369 11346 32532 11633 32394 32069 6010 11672 2389 8312 29668 22446 32728 
28987 4625 8465 15954 17548 4009 1532 14404 29391 18668 19946 79 1152 6164 18216 24832 1351 6914 28779 30912 2568 26225 29598 900 31893 16915 18637 26371 11131 17013 4831 11042 19825 9317 1832 16667 30694 171 30282 30605 3276 25633 8829 26144 31849 12607 15433 2835 16619 75 5380 5301 14158 5428 117 17924 1254 11533 14916 24396 9384 10058 19607 19093 15230 2395 19305 9673 30681 20014 16944 7675 13812 27222 5372 858 13427 4607 24191 8552 21507 11685 22424 15004 7380 29550 334 32519 3900 30218 24353 27 27366 6704 30914 2795 4730 8817 24507 17572 100 25279 19288 6173 346 29746 10399 30662 1174 3147 3140 23353 22296 14237 14564 24776 2616 30122 12982 22448 15183 11428 20057 5033 27090 597 7359 2648 4906 21355 11217 4032 2385 28377 1239 23583 16355 11613 17032 1151 7765 29563 1420 32550 3905 21849 21147 22535 21775 22634 11874 5831 3780 12989 886 20817 29304 4882 9225 18292 31339 17100 5344 22893 20777 32539 6471 21594 24678 21593 4836 8176 26886 22166 16769 2290 4623 18588 32504 31346 11611 21939 25933 2872 18465 31759 12239 7654 13237 16395 28240 26870 5 2124 25300 24413 26739 32643 195 1112 
24142 2607 22237 28772 15153 4992 31109 23135 8215 9104 25256 17060 32056 16759 1726 23128 13195 18719 10452 328 15647 20215 11543 8765 19133 1592 15875 26280 5113 18836 31403 12184 12837 10192 4659 11839 14020 7680 4718 3015 30237 24918 26916 31635 27193 25897 30451 19592 4210 19059 17840 22189 6619 8288 8072 18671 12315 23813 15667 2926 5961 1839 9800 11406 7812 13577 22954 8267 23854 8910 30836 27328 12803 12965 9971 31421 19646 30982 20015 27826 17006 12385 26527 11285 12767 20993 16257 2061 22689 27897 31452 11205 12976 22660 26243 17433 27717 9517 18375 3208 30779 5976 13034 1731 22205 9373 5383 29517 25362 22042 12757 9695 30841 17356 11713 24522 24404 6697 1783 30404 6224 4239 14959 22788 19112 5369 9235 16514 15358 20517 14754 26215 20015 27983 30044 23588 5047 3363 10197 14378 1460 1694 16500 19916 17062 30003 28989 27584 8151 19409 18157 13721 31551 20969 5504 11852 10266 28221 24471 8485 25561 23466 23984 24052 31049 23927 20516 2604 13574 3619 12406 27881 12097 17207 4523 26339 7362 15714 16478 7338 20416 7276 19618 22330 28619 957 2019 12177 17671 19548 28485 27589 7536 181 7536 12547 20 4259 12504 30415 
10314 24377 10498 9588 11924 27109 16740 30054 9648 17459 12082 17755 6418 23776 4215 31194 6712 10376 31647 1746 24978 26676 17247 17688 23662 6521 11397 12560 20276 19092 15845 20876 9812 24170 11276 23231 4779 19451 24612 28227 25648 1847 1563 22878 18336 28121 17293 10741 26568 31482 22619 30185 10384 7699 11851 26312 20406 16798 23677 4143 32686 14769 12189 28 32693 20209 307 10600 24928 27634 17415 10678 5288 10079 3316 2291 9780 9823 24537 20204 1999 6663 25566 27568 17816 14091 21425 2199 3769 9977 21859 25322 13214 30094 14651 4934 5827 22018 6617 17918 9885 16289 17617 21815 3766 16198 23202 5921 26397 26601 6882 12958 27254 28224 2621 17395 10027 1172 24261 32331 5699 16050 23809 7507 18871 17398 18914 25191 29357 1463 4382 21762 10978 1014 7521 18256 28230 15262 4932 9291 21719 22608 12258 3483 3909 26075 1547 23525 29484 17155 24564 7925 1398 5601 2961 8959 18681 20342 21125 5275 16311 21924 146 31367 3274 8810 29177 31711 19265 5257 7639 26915 2144 7952 5082 25553 13906 18412 16908 18219 7131 24557 1536 6401 10495 31468 12535 24123 1172 14469 18409 2024 13337 10790 22018 15723 6422 15598 10110 28483 
30844 2003 20800 7205 29078 19381 3737 30311 26246 9664 8120 4608 12553 6465 24020 27185 5219 27189 18642 7007 21669 7383 19141 16235 32534 8463 2499 8967 885 656 6849 6438 24203 11548 17430 26848 22280 19185 28112 17016 3049 23603 6394 30407 28738 27103 27154 1032 29029 16198 24216 3019 5951 19012 23474 11511 7190 26619 21000 1721 28440 17989 27725 20583 18123 21952 21718 31359 14079 32169 23013 22166 9577 11898 6264 25462 2630 25126 28116 13632 16677 31608 28761 16890 13719 17490 1985 700 15604 8390 23583 4140 28835 14480 3185 18068 3758 6131 22506 22807 21679 20462 5394 17261 1104 5221 16311 18916 5906 6306 27398 156 30513 3123 12009 19598 4110 16849 7266 13258 22475 25221 31630 32457 19339 15379 32160 32460 13821 13980 21 10174 14783 19886 21106 14894 32213 19367 21039 8355 11929 11209 4603 14502 355 28397 30333 13226 14736 6786 6269 7734 11822 2676 22135 5296 24490 31970 32453 2796 20313 28651 30830 19201 30703 22801 21653 9767 19740 30185 15571 28532 17894 19777 25982 628 28774 8815 23483 27022 17152 21432 16971 1513 12807 32308 14118 8238 23985 22244 25461 13201 30788 32473 14914 14273 16464 21529 15487 31579 
22624 438 6596 31216 27539 9770 19128 7256 26335 19870 2153 4898 10947 6687 10956 14883 30193 27735 3606 31663 14165 11739 19549 17688 14259 3329 13108 7232 14403 21267 26316 7240 5130 6568 21158 25332 26074 31817 23907 21621 17010 3002 23889 1422 17842 30909 10586 6968 4892 14637 18871 5298 14225 12867 27198 18139 13675 2048 2569 27510 25576 2485 3120 25065 17450 1965 4407 20618 6054 11290 6382 28304 21337 14211 28755 27982 32399 18209 4326 32015 14501 9703 23526 25360 28903 14456 24854 15521 14864 32167 22192 24110 11044 16592 15614 18256 6559 21910 32739 15283 24667 29902 12157 1828 29546 26702 10432 3217 18004 10527 16665 17789 31420 7285 28561 24186 10477 9579 26267 15133 12281 4447 8600 10479 5011 1475 30596 4633 32694 18600 25084 7578 5364 17241 32297 4400 12383 7887 21367 21790 11511 18708 15821 6388 9146 3607 9783 8438 25399 3802 23904 6402 1482 2716 1519 5514 5927 24487 23070 26939 22183 26418 20964 17582 30379 9049 31823 1116 8003 25396 14216 9782 11463 15195 16744 1160 3604 25855 22719 10612 22629 15650 23171 5954 9878 30516 22042 17976 27196 15194 29679 3696 21612 22425 3100 14833 12556 11251 22631 6004 
12339 23520 8534 12865 27831 22877 8550 17515 28859 14365 4495 29376 20746 16173 13619 5187 17134 24407 17013 16727 5539 1975 30319 6330 19287 25252 30726 31277 16258 1622 10277 28078 6695 12097 9541 1818 17550 15034 14056 29735 12953 3090 10929 18819 20506 11661 31687 9096 5931 32402 1262 27300 18691 11143 31776 18710 15041 16893 26535 22807 31184 27775 12230 20693 12614 27203 3093 28887 21270 31280 18859 20051 8665 13316 31726 3528 5958 5194 20883 27246 1059 30387 11779 12675 14791 27634 2930 14421 22441 25092 28917 28190 20098 3639 13693 27274 23554 6573 20629 7330 26713 25537 14318 8133 10583 29543 6685 27720 19547 30163 25608 26519 32107 4943 1581 24499 25395 12285 23020 17783 7653 25343 4023 9974 29345 12174 24468 24588 4258 29480 30089 21872 4822 5078 5738 16358 23218 3933 29603 26739 23305 20787 89 20990 28 31585 962 17789 17131 5648 21243 3260 1928 14993 30485 1307 14271 23945 2952 11584 32420 721 10582 29956 21180 26946 2281 10907 32331 2280 26225 14463 11235 717 15008 19499 31275 20252 25562 4538 17200 6462 21627 7869 13484 29351 25383 4498 8600 20445 17231 24724 27851 3298 31042 26048 770 15626 6272 19634 
2608 27615 24249 27561 3449 14109 12869 3165 6349 23771 20937 10780 2485 29252 10744 11958 14163 30936 4475 21335 32172 20746 31763 11131 12212 14659 31086 10557 687 1489 10173 31618 6106 19575 18033 10038 16481 6996 23346 30055 23005 26383 919 3037 5377 26840 4726 29766 4122 8631 7675 14944 21976 8831 4697 18269 6287 1082 7707 30878 18472 21900 11833 13756 27105 30294 17825 1059 31920 567 8315 30843 13763 11133 30195 27757 26224 3139 8547 8956 6240 13925 14537 32407 2662 3178 13187 17491 31921 31592 1171 29476 8954 14888 2820 10424 11510 8723 15718 15269 19508 29598 4700 17583 7281 1250 16607 19804 24569 17044 9143 28569 3930 23040 22381 8775 24061 32454 12989 5876 25658 10938 20249 24869 27672 27915 20629 8724 18162 30547 30118 22985 24401 924 4806 9480 16596 5931 29225 12061 24098 6992 12124 15975 4536 21648 27419 25396 32315 10993 5904 30908 25308 4976 12744 8444 23217 24115 29627 16563 1471 15554 27066 24784 2443 17314 25082 21200 4540 9519 31481 27329 18389 8314 28526 17930 10372 8539 10701 30093 12981 7372 10910 14047 10779 21469 10750 2968 24682 17180 9483 16317 11999 30048 15281 23331 3274 4116 8964 31146 
9476 17493 7414 13718 10908 2405 15636 23242 2953 18066 15722 12451 30733 22007 31416 10253 7990 28614 1175 28868 21033 1481 28807 20369 29649 9488 24811 18648 15665 22173 9790 16729 22971 2313 10153 4142 7814 8840 16142 17529 20565 31388 19905 2466 15401 24860 280 13010 10543 32281 12049 30677 29825 15373 24663 3345 4192 22664 4380 4567 4404 23061 6391 11277 8016 26308 29596 19623 7059 16994 27703 5017 32563 9811 26922 18608 4485 26170 29949 189 30251 12969 1801 30768 608 27401 11913 14721 29349 28839 9871 6909 6827 18060 3761 27307 12012 22665 13993 1878 14287 19322 9430 27393 25655 18680 3185 4171 5047 30307 22814 20916 1159 19218 21538 9479 11367 15214 28457 11607 2935 24704 28085 26142 25704 14031 17679 7458 15721 12768 10436 524 12385 15192 23836 8572 10446 23630 27036 4600 26546 18290 8490 15602 29390 11980 632 1823 7249 25328 10483 21579 15104 10863 27809 12129 31810 28526 20929 19519 31455 32612 11583 31561 22826 5428 27280 18746 14872 32168 30424 28494 31706 22183 11239 22984 3644 12600 2351 5916 11407 24721 9000 13027 7341 18357 28783 3974 14157 31599 7807 14140 21323 16246 12168 28496 27780 4408 32437 23005 
5628 17447 7003 951 20394 4271 19417 14716 20303 4448 18248 17155 22146 332 266 27437 17356 21128 3767 24801 30962 27166 21063 28556 26756 13506 1743 20341 32263 29690 26827 13206 27284 25416 22870 13568 13348 30416 19857 25745 17057 19291 12802 30765 25517 27498 13658 29292 15800 6300 15772 27622 845 15391 28644 22282 16470 19634 31804 17452 20109 6549 2195 2243 11383 9669 28100 11598 5077 25041 16939 10592 4216 30829 30656 27704 19702 11993 13047 3630 5087 264 19192 17955 7106 26395 27172 26875 6412 5888 6758 31985 16114 3061 1179 9834 3823 31610 18998 22093 2237 3335 8747 14661 5346 30700 21602 31472 7931 4795 12535 12732 29304 22633 22670 5747 21921 15324 6066 18314 16252 20377 26533 19888 30468 6939 26808 23845 9940 19336 3228 30344 6851 23761 13024 21128 3743 2023 16581 3604 27124 11258 28469 16366 22223 8689 31642 30431 16052 3243 20333 10248 7806 3549 24700 6592 17832 7908 22613 31078 4002 29679 2116 5515 1134 9102 26781 18660 6714 14325 27797 28193 31864 28302 15854 30219 16877 17272 18981 1180 1665 26257 30361 4865 17538 654 28157 24942 16542 22624 10776 21824 31010 4127 26205 21325 5953 19379 20279 32513 
1845 7420 21696 26680 3548 31589 11472 12412 17488 24168 22373 14648 22852 19500 26953 2 30506 4313 29244 24356 20973 24445 21849 28461 5109 13007 16917 26594 20338 23389 19505 9058 24593 15878 27657 25877 12423 10116 12019 12607 3809 25350 22161 19367 15331 6163 3973 3308 24953 30716 3630 23304 15310 30038 25756 7510 21248 15292 14160 1904 29763 3398 3705 1644 7434 1210 5299 4780 24743 4621 27847 28185 2859 27626 15211 25124 580 23805 1331 14985 1841 13243 1707 13044 25176 13763 23307 2044 23758 15240 21382 16664 11097 26674 10087 13710 31787 187 17417 13045 22210 3883 28961 7079 2254 21163 23341 2197 28511 24019 13199 8076 6074 20483 31676 2885 9494 26855 26327 12586 22693 29805 7924 20964 4388 1437 20393 24808 31814 556 17503 32543 9197 25768 11344 22281 24259 15246 31887 10790 20152 4648 31691 16557 18656 23217 10650 7543 10440 26353 27793 20865 29631 14898 28869 8440 27867 121 17185 18848 21441 9199 14239 8589 23956 24952 13832 31783 16713 2334 29887 29861 9090 15373 21068 3876 14858 17275 9566 21740 21397 24277 7041 22632 661 23291 12689 22993 31233 5449 15998 23692 22905 17025 28676 9346 10368 7996 17511 31878 
14592 26351 22020 5487 21733 20435 27701 11660 4893 30204 15307 7871 15836 245 14708 10243 14219 3461 15756 4926 23988 27086 19865 18358 12672 31733 19160 19662 27344 27497 11739 6462 6723 19405 27118 28622 19753 30771 14577 11148 30463 19987 17381 8293 16004 21531 2019 28650 30419 8846 9391 6083 3007 11810 5023 30313 18383 13427 2964 22315 28221 28179 23382 715 14558 19032 27557 7032 15071 12283 10813 452 21548 2048 28384 6127 9573 27101 26352 21718 4461 3147 25599 17490 15896 7415 4561 17823 3785 31019 22665 6949 2228 8339 383 29207 10498 6167 20482 7471 15550 27057 24983 5330 21683 26874 13720 15328 5321 21327 22366 2564 22782 21534 26015 6910 1229 10264 10808 6418 13557 26509 13544 4697 6813 22265 29244 28795 5688 32165 6978 4686 26739 12164 21314 13425 2566 22896 22973 16439 900 19363 1295 242 25611 26647 11750 19477 28903 20935 31850 7750 24765 17120 5194 1388 26662 31071 16792 28041 10716 29016 28852 548 9267 25397 2444 29356 6584 21641 22725 5227 24111 8189 22488 28673 329 29686 7596 7436 9476 31756 25749 16061 13112 11449 21754 3997 15317 6773 15549 8065 5445 13382 16753 1856 8702 16350 8132 27581 
10037 20094 23480 12231 30849 16901 1247 1005 2333 9867 28144 18499 2226 0 17446 17792 11127 24709 19957 10014 21140 8550 13832 6053 11075 23604 3010 28836 12797 9741 16133 12338 15420 2462 4327 4377 18267 21218 23418 12948 22454 14512 3051 5697 9768 12282 27403 22489 12997 20042 26560 29108 32393 15739 27683 18532 18480 28138 12180 16701 11174 11198 11930 31751 3875 12078 13120 26042 29268 19141 31459 3139 16656 2407 8708 8777 20090 4103 30590 30467 154 12275 20677 21117 25163 6945 18028 22379 5383 30386 18034 3930 6243 30672 6478 538 16236 8527 6467 30273 25355 29848 16772 10326 24302 29148 17010 20264 24171 16026 26561 19027 19891 22628 20482 6906 29091 24996 26675 30043 32016 11927 31015 6780 22900 710 11006 2117 3989 5244 27624 18694 27286 14772 24995 31768 1163 8990 28436 22375 11429 8476 4391 15472 11784 29553 15191 20829 14668 23188 11901 5459 12895 6671 29165 15391 31873 6816 10072 11755 26086 26553 12759 1389 32626 11153 20407 3953 238 12642 23934 21014 3150 18385 15007 465 1340 4111 15314 20763 14230 6379 7810 32542 27338 18703 19822 7492 18597 17896 22214 28012 13294 31068 3308 9290 23030 30985 16286 25681 
31024 27497 15425 4103 28945 15301 6565 14692 21791 19798 21024 29675 3919 13285 10279 31903 5844 32617 12666 16163 27246 28427 26499 4280 19554 31755 6449 15 18568 14050 22839 18043 3063 10230 755 13917 5502 28157 23290 22349 25649 21882 8805 4195 1285 5191 8711 30204 18091 9860 32023 5293 29518 21626 24654 23193 23207 17775 9838 5975 9696 26503 15463 25094 20185 676 6377 18039 5747 29886 25607 26576 13943 8664 23607 9465 9440 20864 11268 30790 31322 7685 5428 30926 27163 21724 10351 9548 4200 6775 11549 16686 24780 10040 22424 18476 24839 32457 14200 21410 14500 10147 20868 15529 21647 9224 15301 21946 23507 26260 2654 117 25333 23281 6201 9533 31223 26531 15798 27947 10432 24218 4797 25061 12120 221 3187 27590 5682 16889 11608 22718 25957 16900 32228 10357 30590 8650 2967 3571 26756 16549 12081 24898 20626 5556 32051 16741 13261 1837 28322 12627 28472 18625 17390 10076 16684 14713 2332 9258 19652 32120 13617 32516 6155 1620 26835 14691 18141 1671 3569 12649 25785 10342 22151 32588 4561 17563 22103 20287 11765 12883 15416 15020 4831 17300 3180 17770 5979 18852 20180 10244 28592 13586 24237 7614 9745 18755 4895 14817 
29900 14360 5271 8658 5124 5899 6994 20278 14804 16594 5372 18201 8662 22365 19994 22037 25103 21194 30637 4245 31118 8876 4914 8124 615 411 27078 30151 5568 9338 4281 8805 17734 6111 7656 9441 14370 21226 25361 32620 9735 8127 29926 3412 21744 16031 9448 24057 14492 32104 7195 25338 13784 9381 5760 7306 8210 18185 26689 26710 6868 25051 8462 17980 21733 2386 4498 29679 31846 23278 25058 2466 20799 19060 24887 27802 17981 10798 20621 26160 7208 19692 6516 12391 22843 23687 14265 6087 1303 7632 14703 18460 14138 20306 31683 1779 13857 5894 7095 22474 28107 4288 31974 31308 17606 19282 17487 11152 16308 27905 23429 2185 18350 20970 20003 25475 11087 7509 1500 13591 24191 29440 15698 19629 16717 26795 2803 2742 13429 31412 11185 17343 659 4008 14175 30821 513 31598 13386 16711 3501 9801 28101 24856 11756 5202 23924 13335 17506 31577 23105 1652 13983 2132 2959 23870 4769 21537 10410 26732 16639 14886 847 5879 1572 22768 18723 29864 25619 14302 29006 17502 12160 21192 23799 14658 26625 31775 27155 15059 29371 10718 19288 11280 17827 5747 27135 32268 28923 9734 2059 21035 8680 24330 32550 27426 9681 615 30428 18755 
10699 27908 1801 30990 27469 26007 9460 22870 17528 22152 9939 31766 6291 16453 30727 5535 2614 21402 31468 26822 28941 6654 2278 27632 16981 26227 26006 22407 23644 9866 15051 30305 30239 24771 18029 12658 8388 25455 215 10422 32225 31111 31679 4289 23395 13649 12413 32556 16873 11682 19390 7908 28864 7264 21215 13190 6841 15630 25509 24449 15004 16141 17793 8580 19089 25257 28829 28720 28860 21079 4176 26997 4985 3886 6339 25763 27262 13409 26447 15582 22400 15343 5033 16215 19869 2721 28225 6163 27415 7651 1225 26395 20252 19519 21421 10221 8302 8678 18053 24848 26273 12592 25999 24874 11631 25758 9857 12958 801 12677 6978 30440 11160 6395 1925 25618 1560 29502 17991 5028 21278 10517 11991 29781 5668 18343 23118 21464 17488 15635 10885 10246 1664 13607 26274 6579 29122 2011 27100 24732 1494 743 28674 13525 26636 32132 16025 25125 23786 29698 19912 26585 32655 18800 6953 11606 31045 22501 7874 17249 4756 30125 20733 776 20606 28334 19565 26322 7479 28445 8442 10968 24203 23349 8177 24643 16090 15897 12710 18946 14899 20859 18285 15737 4814 17765 11312 18242 16033 5337 20440 7829 8403 7222 24685 8685 20940 21763 14328 32354 
22998 25981 13095 15423 24428 820 16204 11289 4350 16618 2722 14000 15473 13994 21552 29145 12266 16580 8954 305 513 10553 25544 17094 26369 5422 24718 23031 16245 5628 7324 2452 8226 391 31820 9578 21255 23481 32756 29115 17285 13090 16380 16144 1309 29341 10917 20106 7917 29169 19592 25987 8710 30868 30439 7343 24147 7570 17811 5586 8774 4912 28430 1428 4835 16643 6694 21146 8521 18914 5383 28072 10699 16565 25429 15663 8071 12394 5039 14655 2251 19571 19579 7921 25166 1924 1818 4423 15313 26832 31731 25306 31838 28771 10554 29181 16089 10933 4234 17414 25276 11008 29607 9432 28606 12984 4494 7963 29227 3808 1946 3252 12170 28589 30181 17082 29765 32029 16581 4317 32062 13673 17365 579 32579 28140 12691 5206 3059 17962 30078 3664 18848 2212 29171 23102 29812 4574 168 13950 26836 23813 1769 21501 30480 4466 15227 1828 5257 17574 13476 3709 8221 2410 11302 15774 4035 1442 6178 27933 30117 8255 30 8927 5579 30690 4504 14711 5875 21439 19548 732 17207 3669 2235 312 9029 31121 15168 23559 5872 17013 21682 29670 17952 15732 5163 18193 25770 24114 28567 20853 10432 14911 26177 4161 20348 20282 2192 10849 
266 24626 3046 31447 12001 7928 28317 12435 16335 8876 2416 32480 23287 11029 19959 22082 18045 13739 13068 26534 22256 759 15855 31547 3761 1375 29742 20490 10958 7206 29139 10963 21062 12874 7540 3035 10213 15342 17250 20296 22524 14120 18048 30748 20772 28724 3234 21151 31338 511 27898 25395 14777 26394 179 25696 23827 20735 4286 2685 28214 30307 23287 7871 30271 16624 27040 7829 19181 16727 12295 25930 7669 24462 7548 6714 29648 23855 22769 953 13676 13361 30441 10972 29097 20623 11322 30750 4030 153 9266 23576 31149 19676 17817 19957 27296 15049 15912 18446 20211 7331 17200 28137 3886 3341 8891 22312 20166 16452 7158 14641 2764 22777 23084 12006 3138 3428 18550 10283 25426 23801 32263 24642 24624 18567 75 6293 9184 10123 24561 28108 29688 32087 31588 12177 30696 16528 29362 13780 29726 15419 3041 24433 6651 27872 6898 8593 30705 27253 6164 5983 6038 19635 7999 10640 161 31825 24519 30203 32322 23687 23851 9851 30930 19508 20592 19609 28483 14175 22958 4948 18736 30570 24851 23429 9516 31455 7629 16784 12527 29980 12644 28396 16479 10794 1518 10437 4626 6196 20049 25364 8888 13656 3847 12284 13062 5892 30732 24257 
4067 24625 13771 6477 22311 11501 21882 14513 16874 24877 11490 19263 21220 22748 28046 25236 12574 8681 21452 24504 23700 4085 16469 28862 28601 24549 23207 6332 8685 25402 4927 15459 5533 7908 23384 16865 15775 28888 22710 22743 32037 23391 8782 8062 25669 3165 20436 24584 5868 26160 26486 5449 18770 10923 20032 3950 5924 24016 10406 16400 19261 8811 2425 10041 23438 27673 15197 31187 17629 18342 12023 30465 6447 8856 32741 28308 8475 24508 22208 8943 30216 6823 10959 18988 24529 10533 26264 70 12179 21314 1899 11276 15987 26693 25270 12619 25775 11476 26113 9229 241 22827 23023 29673 8128 21753 12457 16584 22223 9841 11333 31722 29257 986 24959 31931 15556 25779 6141 17858 15683 25146 7406 7579 14065 24919 9152 5413 22210 26441 23477 18023 7958 1972 7453 19264 3014 23356 5995 30471 20270 24159 2705 28645 3944 11824 7408 28932 26584 12830 32183 31322 30254 26354 680 31012 9676 29343 6779 16375 31332 27163 4101 23239 29144 403 3443 26344 19074 32167 25453 2569 6336 10767 30975 27598 6909 25639 30599 29242 21959 22668 13875 11933 9577 18497 16832 4704 13520 21439 31876 27812 12490 19792 2383 20627 11793 10222 30434 28838 
11383 26288 22261 24048 16840 30780 25334 5569 2583 22516 5026 13808 22185 14195 20272 28854 12734 2046 22439 2561 29306 27437 29953 2470 27605 16896 1172 15643 19938 5737 3731 18872 22781 23172 10086 2715 24985 922 10311 23800 1947 17342 11940 32565 22430 17278 14822 9502 10042 6928 13827 25978 31563 26344 14533 1001 25930 21039 22780 16977 20169 30404 3987 31446 5583 15337 22909 17936 30850 3623 5619 1288 2572 1255 8513 23119 16064 5809 30735 27400 21370 20545 1016 19977 9753 292 3227 22250 4344 1292 21749 32746 5548 1567 31492 29913 18593 24326 25448 16916 27064 15669 9607 32509 17990 11371 2992 17371 22188 9133 23636 210 8218 25397 13585 12122 22470 19847 21218 26511 25277 6318 1414 13933 18617 21984 23989 15230 11731 3118 15223 3527 20049 24247 21139 1110 4788 27629 5326 20948 23293 21916 17314 7387 3654 19502 32388 16486 7202 17101 21033 7901 7560 19680 25522 927 4590 32513 221 8601 2784 9962 7831 3032 18203 3597 5079 29937 26374 21342 17591 8437 32205 8835 12870 23248 4515 19426 11610 30280 16852 5181 1854 8286 27094 9568 20735 2226 424 8441 30335 11713 16456 5065 13670 3496 20841 6428 22827 2063 
9079 18116 9212 32535 3491 11921 30936 17856 17477 3433 2486 18151 27936 24659 23428 15891 32154 30441 3256 17785 16020 14625 18337 5192 16333 24580 156 16907 1005 8335 28730 1401 18855 14752 19743 23017 21976 30617 21616 28828 5381 28101 6493 19921 27786 17288 29716 25863 24541 29517 20976 2684 31064 11862 21710 4611 18790 14437 8716 24165 15287 796 22455 27100 18713 1573 2496 31886 6805 486 23182 1046 22671 13859 8995 14752 17991 31515 12537 14679 11242 30909 2300 6151 22572 31873 18055 11825 746 5715 796 83 21647 4708 24226 9910 29683 2661 21026 10940 14367 8977 21205 15352 28425 2321 13847 4042 13241 13320 20954 11968 20948 12877 30358 25116 7497 26037 9529 31081 31432 26460 29377 7175 1401 10404 29991 19626 4350 2737 4891 25550 31631 11263 15884 9434 32273 16748 15928 25672 7794 30898 31256 19447 4553 18273 22364 591 21481 8889 27715 11048 18183 2426 14727 14262 9587 31461 31025 16568 6645 31007 18760 31127 10040 954 7065 10433 16577 19900 15925 20355 15863 17153 2578 31110 20698 23275 13376 11563 9291 29135 22783 27962 8393 6901 13893 20964 10385 26591 29098 175 13918 31335 14760 6365 6767 2193 22492 16355 
