23727 20712 21675 16213 16601 19878 28347 25584 25980 29850 932 15565 26647 29991 27215 14146 3861 18114 24191 32595 2430 31142 7308 14590 16966 22209 25874 7649 8866 19131 20961 23380 28633 32059 28231 22725 20714 5991 17299 16413 8688 6487 16270 31056 27211 32364 17759 14592 14274 31707 10148 20966 15772 21976 14670 10787 29359 2117 5764 5959 8172 30801 6958 1491 24353 29352 25444 22204 19191 24067 30500 1873 31538 328 967 8008 17553 597 12146 24237 19317 9698 31203 4455 16803 21306 2069 31715 2980 26833 31234 19693 31601 8600 12995 11021 11079 7351 13359 27729 22715 15825 15888 24356 15934 7149 17060 10196 935 18339 16171 24561 1342 2041 28553 16477 7264 21187 18419 22395 16347 11011 27317 27258 21156 14278 24503 3383 25741 28627 15743 9862 23315 20637 27958 8992 7029 6144 30954 7193 22863 10638 11597 22614 29591 1953 32726 14330 26614 26704 867 21162 8076 21591 16066 22979 19024 2306 28073 16088 20897 20815 19628 4384 7058 12606 6810 30212 5230 31785 30001 4749 9509 13159 14430 22386 20180 11364 31946 2390 4163 10334 28221 4009 7004 11581 21523 31378 16415 9782 28923 15641 26503 25118 2179 25695 28704 9419 834 27887 22773 26571 31685 127 4872 2846 2593 3799 1840 23000 13706 10637 14140 29826 26953 31917 1913 30581 18978 12482 15246 4432 32599 17700 27267 7722 12172 17727 18860 6590 29646 8641 2635 12248 7009 32402 29516 27272 31566 11606 15708 2571 22219 11655 4755 4074 2334 13916 26596 4690 27993 6805 6208 9283 14613 31675 6801 28307 16185 26391 3566 9169 20507 29417 19225 29455 4583 12957 2468 24344 6081 22334 7739 18144 4693 3113 3630 6857 8168 18374 15250 5351 7217 30519 24041 17397 26881 27494 24599 5551 8143 30753 18174 17375 24715 25333 28134 60 18034 25336 
23986 26994 2468 8332 26329 16718 21333 20247 825 27144 5768 22735 20651 27543 28017 31946 11737 28198 4701 15175 4014 5835 11804 110 9327 18230 12161 20037 7079 4309 17362 27591 23989 18599 18983 23278 12092 3195 10296 21251 66 10711 14614 31443 5959 22027 19285 3415 8611 32071 16953 14097 25057 5371 21609 30362 25521 29144 28897 9220 28510 17685 1311 29967 18939 31721 13940 17772 5870 1348 3771 16698 142 6050 16515 15175 31062 19422 18379 26945 31919 29056 1841 26612 15475 22684 26099 10614 208 3674 8234 24068 19699 20654 1476 22507 24097 12206 27803 31307 2100 22133 20654 18965 3128 31753 6085 6619 17552 20687 32471 17911 8795 7736 30691 17208 20556 5835 19183 3337 1654 28323 5950 30751 23221 12397 18128 13488 28734 11747 12101 15058 28496 29227 21542 787 22309 13368 26573 24046 13627 4860 21481 1561 18190 29293 24215 1756 31177 31536 2558 7987 1142 17546 22059 31205 12233 9522 15848 30426 16762 24339 3105 7518 26265 10224 10308 9455 23713 15108 1791 18988 20690 22481 1595 17116 14404 27789 24497 26292 562 4186 15566 2866 13085 11312 11351 28529 26121 18019 12528 2061 31084 18653 32616 14428 27992 26709 11808 21359 30969 5311 4454 4170 30803 18966 27668 18791 17084 5813 235 6737 2238 17784 24926 20847 3975 14107 16285 20916 21039 2374 16248 10452 32501 15079 3891 14237 8899 7525 4774 10543 1018 18671 25995 2344 22732 22139 30831 29269 2976 10488 1060 22107 12856 24354 12008 16922 8471 10125 17357 112 10089 4639 11916 12114 7053 30736 4175 6758 13362 14796 31738 521 4305 12369 4596 822 29555 30554 1995 27420 20209 28133 32466 8472 19287 7682 28578 2787 30833 25751 24733 19261 18318 21727 11066 26817 25616 5096 29944 10165 6640 17650 13038 29936 16274 492 13672 13625 
18492 11710 31414 16472 27029 2051 25430 18745 6172 25679 12566 24649 19434 13741 12434 2601 7137 334 12994 4384 225 29628 10334 5898 9250 5368 19337 4202 27464 24288 26304 9486 16297 20109 17108 14824 1624 5421 15545 7801 8586 24882 2289 20314 21976 23026 32520 27063 30594 25620 19285 3499 16161 491 29008 19290 29821 28110 8682 10618 11145 15399 4158 20801 4048 22155 972 2593 9993 16898 9189 98 2483 23676 10061 25285 388 8884 11569 8667 20724 4378 11830 25677 5740 961 2309 11328 6104 10423 9789 20590 4402 21550 30953 31570 23981 11014 20140 21925 7033 25551 27545 28581 13738 8336 26729 24849 27751 20606 4891 10709 3340 11079 2992 21864 20348 28586 16109 11670 25569 6167 12232 10774 14713 19119 26987 14770 26087 2048 26104 6625 12909 14128 12612 389 17304 21963 21196 1821 19558 25600 25516 7708 15264 22856 15829 4759 5334 4498 15748 12260 14396 12617 17500 15453 8141 13631 13029 11230 31014 2835 24155 13228 25174 32729 1687 9949 2950 29731 29350 29240 3222 27845 23567 9986 24415 28665 24570 21007 13208 7091 13222 11001 3226 2428 32173 29652 22573 23735 27515 27652 23206 32383 14902 13573 4130 26390 8497 31448 11755 13637 21935 32363 23905 2630 4928 30197 27637 19957 25040 21017 15246 5643 31275 24556 17763 3453 191 17024 25470 1166 22888 19167 967 859 30500 10339 6923 28434 1407 7405 26835 28599 5895 8920 15750 27811 2120 17153 29554 21034 32135 22777 22778 8821 18915 25422 30427 7952 5475 22529 6074 15337 19858 3190 6337 404 15198 28306 28335 19521 70 5340 15568 21346 7534 4248 6723 17092 4788 27949 29730 19594 21150 5598 11218 17635 7884 15706 17967 15928 24997 13481 5863 22273 42 20498 7823 2412 27525 4651 29950 21287 2760 8744 1015 29727 30128 27933 
30200 15351 7612 27105 13245 20032 32086 14827 3275 24661 32649 14664 3418 18972 28428 19327 31230 5140 4792 9912 29088 2098 1057 27322 26483 25546 14270 14197 14543 8355 7125 19325 15527 29543 21940 21994 3318 23551 18893 17354 1282 28136 9077 19773 17048 15217 31009 15572 22485 6793 19653 1895 15424 22078 29627 14210 12279 27501 3118 18018 31731 31761 3650 17065 25420 3791 3928 3348 19755 14914 24259 18285 20372 21065 14861 3766 27406 14979 23358 3266 25819 2998 9315 17211 18387 1626 7508 17504 18182 23362 23572 3500 13817 23292 1285 2424 30425 16639 21838 12507 8807 20577 9341 19919 2683 1612 22383 809 14074 17757 2151 32049 14144 32164 17610 15276 11512 32478 27483 24214 4381 15432 8615 6801 2294 16825 21006 21731 25740 4961 6052 23133 22277 30855 29908 21689 237 30160 31888 8963 31805 31478 4137 31057 10143 27670 19134 28260 31717 5080 30884 27324 12421 22985 8091 17740 7760 11620 7099 28451 31813 20727 5605 16013 21140 1006 643 5443 16342 24315 22659 13601 16524 10073 5208 15192 27344 13674 257 8538 23595 17286 25054 30816 27791 14046 31 18846 13081 8588 20507 25569 26185 24621 7733 22589 5227 9427 9924 13826 14373 15765 26949 15147 28705 19466 14080 26712 14299 21101 18183 32311 12319 10293 7603 23488 24494 27355 30536 23117 5596 30215 26233 28450 14909 27225 10124 27818 22930 32137 30141 18485 3480 8370 28495 17005 1660 26831 24680 21173 32328 12403 4390 13014 1523 28901 23010 10759 5413 27007 1621 29484 16352 30393 12422 22008 1012 17482 14304 11515 12587 2733 5120 24970 31532 31046 23907 934 3014 20917 5864 952 16057 992 721 15803 19398 30407 13995 26810 9191 16196 4454 1500 7468 24951 22400 18842 8613 21277 31966 31338 5528 32664 24397 21276 31274 27425 5213 18219 
10967 1862 10803 16606 11534 3327 31871 31391 32249 18045 23785 14312 5243 26227 29645 16739 1484 195 4166 30070 23610 28107 4889 32321 11457 24203 14774 6971 32749 29721 31470 29980 23835 32078 17227 19086 25001 11777 3516 14101 9874 6084 9047 29425 19952 27680 5399 27869 834 21613 23637 24369 18962 8748 23746 29515 263 32009 9233 6550 5879 16358 15192 23006 1036 25250 265 9231 29705 31710 27329 30578 14387 7783 29341 5671 23091 18707 31582 13733 20690 10518 16360 1312 5729 27724 15074 9398 21750 21618 9681 26128 8599 10856 29730 20511 10796 17812 11008 3275 15854 13297 21895 25065 4514 951 1767 20412 10500 27073 11627 15022 26983 19946 843 2995 814 3658 25054 5734 25561 16477 9935 7046 25201 6161 30398 20107 28318 18746 16193 28085 12331 28418 13721 21981 3123 20435 5148 13032 210 22988 5934 834 18002 22890 26184 29648 14055 18794 23732 13577 14881 22451 27947 6864 31732 29560 26140 11780 19943 12063 20847 84 12810 11182 1800 16140 5360 10279 9476 28343 7714 19889 11351 7827 21552 27729 136 13564 8144 17797 17891 22007 14443 21478 26159 7948 10192 28825 31127 12089 17589 6568 5172 16966 537 5600 2562 12729 7462 16141 10652 8727 10927 27743 16415 24250 18315 31825 3810 27373 6042 14545 8340 23052 8083 23677 11762 1356 29751 13665 31638 4770 18338 9278 4864 23416 30955 27352 20550 19025 26056 2173 10443 20994 23043 9223 24061 14913 19657 5923 1572 26527 31106 26625 20554 18264 15939 28792 21595 22130 25476 7327 32605 7124 30036 17835 31100 21142 9461 20782 7099 16774 12257 11514 26607 14391 1994 31442 31688 19725 21177 21384 22284 27126 20584 14322 22728 12969 17323 8123 23270 16533 19932 16284 20932 17563 3713 26359 1703 9793 24021 22173 11952 24866 31005 4885 29375 23043 
9422 4349 8353 27300 5075 21393 1363 27192 10902 3971 22636 11811 25904 30475 31831 7038 22750 9948 26025 23680 15624 31653 25778 15318 10505 7832 26867 8721 4459 7716 2304 2458 10950 6393 18671 22960 6253 1108 18525 24099 24597 30115 26935 30739 25853 8486 11356 21370 26420 12943 8000 11195 14839 10555 10102 1821 9188 16647 152 28553 22443 30564 20802 29947 12439 19134 29413 29621 23192 22911 19280 3657 13734 13398 27516 19365 2379 27594 23948 2356 6945 29130 24132 2025 25212 310 19305 23999 27633 8430 7057 28038 23541 10038 18766 17073 25491 7553 27814 24475 10960 18595 440 8424 18352 5886 26633 3993 20931 1581 29799 10821 2025 459 8492 16849 7256 28027 28738 10568 14742 16749 14409 8208 23532 32339 5826 27836 5367 30365 15637 19930 22039 4450 15578 13919 4931 29662 25114 19981 18832 6070 23683 27528 16191 17298 31226 3457 10046 10310 2917 9371 8465 456 10175 2549 5569 25188 8951 22056 14717 21541 25549 24718 22314 7044 13527 21655 17675 26701 11806 8148 5999 795 13745 30341 8348 3761 17683 13006 25529 16980 24814 29520 2702 9188 32243 20581 29679 9406 5070 31225 4484 18231 9559 18617 16671 32215 31897 28821 31258 22866 17652 8897 1164 19237 12272 13184 56 4338 21418 11989 11353 2586 28650 12749 21900 19899 27928 5768 14545 4322 27782 12567 11333 19690 26054 2986 8878 30227 22740 9929 31653 5516 5750 993 20306 1379 24880 3407 8582 22513 27897 5460 17343 30296 2411 2696 10919 2725 22214 28189 673 743 2246 31730 27238 4116 2657 31210 11231 31943 1395 11345 4035 30082 14616 11484 22155 27091 8884 12870 27294 14051 2288 19373 398 6806 8750 3130 13752 14379 8882 5043 6878 6218 15478 24414 24237 24305 268 21077 4759 17187 10667 7087 5210 4401 7926 32441 
26194 5965 8587 5613 3079 21753 18584 13284 15953 12522 21786 4711 29121 26049 9624 18120 418 1737 1529 15323 5603 23697 27441 3168 31123 23974 29681 19565 20081 21231 13841 1612 20167 8671 17763 24708 9169 20084 23423 22387 5820 19474 17702 31338 20905 20763 28308 19448 5691 15365 22805 29117 20912 1915 4247 12133 4209 9181 11359 4007 15261 715 29514 13519 32121 3923 9683 30952 11613 17877 11245 6097 14862 22822 13252 27080 11202 10650 6652 13091 32367 20561 20916 12941 29957 6961 21657 24904 19684 26054 25905 14140 21978 28816 5940 12567 2075 12408 27238 15662 27256 7641 1619 30734 6407 20436 8874 24014 24593 7517 2590 14837 25394 5838 9680 32422 27259 10102 31431 32104 23660 20236 13730 6703 32294 26978 4167 23662 4225 2021 8799 14087 26199 30650 22926 19178 24184 16761 2117 12291 3440 21508 21265 17261 30304 31449 10928 25415 12640 17082 8720 6354 10066 10523 27591 9264 10817 4576 13272 23084 20726 8343 29290 10999 23971 10221 14370 17525 10907 29465 14728 11693 1581 24155 32261 11195 30374 20904 10875 15430 20927 30995 17548 2726 22389 17463 21586 17595 11691 4434 23826 25630 20536 8599 25691 3101 28673 28516 13066 14409 4609 4697 19392 23088 21204 22021 697 7261 2740 29061 3299 11200 10992 6119 11892 17034 24816 22341 2024 6831 10312 23361 30030 11406 28702 10451 11931 7367 27840 18977 6845 18059 32652 25288 23080 13200 19530 17770 28154 13301 28055 15770 7592 19344 19213 3798 11530 28749 23000 11138 26049 17740 18447 23970 3639 16439 32653 21208 24788 475 21742 31636 5239 340 18866 12027 18475 13706 3235 13323 24840 22893 28900 20771 13428 31926 15051 19358 13139 5831 2636 5887 18648 16539 25052 2978 10712 31331 21759 27973 13969 15220 31560 14859 16506 20115 17627 10750 1940 22207 
3085 9316 6367 29093 17920 8494 6218 5887 28892 26835 4468 21103 9251 23680 15269 28546 10661 562 19995 6354 19582 4158 8805 9825 24801 24973 9444 7796 16670 2188 25029 19935 31401 15542 18390 1299 26707 25195 25020 22608 2652 20263 23045 8182 15094 17308 9424 22594 28867 31777 450 4806 21003 11671 16714 29677 17919 24430 8896 13039 21636 17887 716 8153 30593 26246 15510 17391 17860 25234 17489 27140 5878 7828 4735 7897 8346 17193 28649 1436 26593 31697 28880 17635 19779 20954 18767 22336 878 12307 10663 28168 31152 9227 18756 21690 16467 31489 8089 30623 993 27426 21495 23244 21628 4191 11824 11519 26387 16450 22552 615 28856 21488 22801 6547 30507 20182 15493 25410 18031 7523 8592 12155 12702 9664 21728 4971 29668 23031 12767 31031 25935 17107 14313 7358 10643 2666 11405 26301 9870 8772 26352 25965 18 26802 14741 23760 23919 23533 32318 24499 23955 3815 10970 4635 24413 9523 27169 1065 13733 6696 184 17462 27866 27245 25443 15452 4497 24735 2169 32715 31393 4278 23335 28537 4305 8883 25173 11495 13237 26367 29226 10814 20874 20258 2624 2482 16628 8630 838 12836 1126 30217 27209 12616 6292 605 259 11073 7564 22129 17746 7028 27545 17951 16042 24801 31224 26601 86 13308 20850 21963 10817 28892 2106 5665 23103 24901 7687 15634 20891 23876 29020 8073 18959 7191 6677 13753 1127 486 671 5011 2865 7920 27232 13799 27253 24932 24892 22018 19818 30104 30538 5412 11892 9834 14154 31135 15498 1299 2211 17750 1293 24756 1023 29781 28783 23437 16240 31012 9790 24090 8324 19682 10746 28413 868 27730 30417 27256 29995 14192 5890 23469 13135 24769 30347 2741 18693 22109 25783 3204 7320 14915 7388 7881 28617 17696 12394 2381 28229 14581 30963 32489 1915 12709 3111 10097 
21305 12935 25150 5341 10837 3494 17327 22908 30004 17281 25169 8000 26748 3089 17222 18317 20349 24567 24608 29317 26677 23334 15560 15013 12398 19384 6173 10314 32100 26212 841 19237 30351 3325 270 29474 4729 8299 18440 12103 3363 1218 13869 20383 6512 28507 15785 24766 4426 18639 17444 13786 3914 32289 11513 4888 4223 2425 20828 8353 8386 8274 8455 19296 17854 15052 26914 16972 16784 28399 9023 3185 32156 11161 18302 31201 8579 16731 4298 6971 29792 17695 32525 12440 17978 27643 1597 29850 14123 17319 17053 23515 1801 23230 5390 14633 27185 4836 24900 12649 23394 21144 5291 5136 11688 9306 14591 12378 6402 22876 9078 30914 22056 10780 30708 7814 21706 2317 17941 29165 905 29770 21932 31920 21115 1485 17851 19484 9469 6790 1763 15344 17112 26185 26026 13543 25403 7312 21205 20606 13563 31918 1682 8157 25402 19622 135 18027 23071 4917 28848 21706 2631 22440 25649 22798 22031 30644 23036 2962 25187 2004 1877 31443 9806 18497 14918 28482 26712 10924 9390 11465 8977 27062 8887 953 20212 29769 4043 18724 30143 27526 25715 17286 20031 7477 27015 5243 21998 29608 9613 29105 5632 24965 28427 18701 24007 5326 14405 26109 28563 10551 15439 25446 6966 11460 24574 1196 16419 6337 22857 24730 359 14989 6137 27481 29717 6271 31988 6171 17241 16642 11861 29028 1040 32148 17542 4372 25182 1398 17671 23597 24892 4889 26574 28657 17519 19174 21706 5409 23878 10520 20582 1687 10969 6427 22310 2952 28293 28068 11786 2070 2645 14713 7397 11826 31851 24495 30820 204 25459 2605 25535 4667 32095 3112 10857 29624 23986 14424 9013 31220 28406 23348 1912 13118 24108 19545 27624 12112 21645 12501 25972 15110 17220 10664 16242 19938 31563 21766 23815 29832 27693 29852 7916 20940 29079 16878 7471 3217 
17129 31771 18832 21969 31941 6087 12266 19852 18305 7646 11790 22376 11876 25429 2586 15010 12025 10043 32111 17274 20940 7391 23960 11421 32418 31058 32693 30732 30950 30813 21660 13297 204 12630 22113 23843 5140 30960 29350 25252 14790 30077 32194 26790 247 25289 20359 12106 8772 16404 5159 1069 10275 6834 10863 6982 12404 24555 22199 8161 30029 9810 29989 29559 26186 21285 14970 10433 11634 18341 8014 6018 5750 3534 31659 172 3425 29336 16439 16288 24744 32026 22389 7184 27252 15964 13789 14018 8089 8350 6074 29754 20144 7401 12334 10101 19378 6518 5906 21267 7693 22323 7999 4770 3766 27506 23744 3625 16460 3470 30770 619 17065 6358 16929 15326 32363 6656 5700 17555 8412 501 14893 32720 11350 25863 3186 27186 6441 21673 22593 28856 3282 1598 17942 31688 30544 25524 31477 12272 28369 9922 27630 2025 13213 12582 31749 15174 7260 2249 23995 20430 17798 12624 12784 20175 31739 23948 19384 11814 12209 26772 17716 26676 27719 23377 8348 19773 28993 4857 13063 21290 26002 32370 29449 20396 5560 13386 23225 4868 30967 26964 25546 3170 22252 278 6479 14553 24580 28409 809 1965 28253 18455 23945 31168 4755 14567 18011 4639 23751 561 28140 5101 22930 5834 29832 31930 10767 28070 623 17412 10204 16070 28941 6937 11080 109 7129 14704 4058 19656 14104 9342 25514 26333 22629 24876 27967 2866 20982 30923 31451 26330 12580 13877 18818 6665 4075 25890 29045 28497 28293 18243 24592 15044 31069 19096 15403 2818 6424 29369 30495 30279 20441 25413 6232 18307 8529 17769 25686 28206 28173 12141 4602 28874 289 6156 11268 13402 31751 7226 511 12283 27052 10287 16523 7923 21293 27077 26203 15895 14692 16761 11334 19301 23123 6511 9340 26040 31621 3955 1779 8061 20834 14172 7545 14145 15327 17891 
5091 10593 15294 9618 12858 15722 3751 891 2690 30887 5125 18927 17864 21114 23614 22155 19119 2930 13948 8532 26434 22065 14823 21610 390 12486 27693 30122 10045 17729 24380 9543 12332 31142 20250 15152 15214 68 31090 13028 5769 25388 17404 21096 18818 29242 10365 32513 17898 12264 21023 28427 10576 20228 20947 6396 29464 31321 10916 2928 20227 27662 976 10523 676 29829 21329 17288 355 31829 7282 16330 13266 10107 6941 3136 22841 20825 25207 32114 27129 3697 16062 28517 19469 22371 16824 18578 9939 12548 24791 5622 17961 32598 2750 27090 21997 28027 20365 12756 22904 950 4726 528 29922 8256 2269 32011 4106 9164 8116 29491 20557 18110 16315 9347 18657 1751 23411 25546 17026 7365 30591 24441 13954 23733 4606 5715 7606 11064 12697 9515 28164 7113 9730 8737 11354 19555 8088 15908 881 24161 26954 11534 7173 23108 15095 12101 21719 5563 21620 4205 4416 7664 15197 22605 30494 10429 12931 27471 26738 6218 7965 2726 28575 23183 17697 23505 22231 27523 9416 24272 1047 21294 27021 6056 14233 6676 12013 23796 5581 1405 13919 13465 21988 27174 24986 25949 12146 22433 23891 19351 6298 13560 26695 8124 3940 4991 21363 12675 2640 18690 18454 32129 1860 4368 3825 10948 8588 4760 23270 8881 449 23077 16752 12494 6090 13592 26567 31270 24422 3689 6337 6086 1484 29082 22627 1231 16341 9089 5351 32271 32746 3695 6056 12494 15608 18061 9715 18156 1069 9472 7042 9950 1098 7495 14417 11837 13362 28529 10187 21621 26655 5712 9951 6334 5468 19501 7703 14266 25765 21278 25426 13603 139 18337 27638 6132 11728 19091 17674 4613 28241 1925 4368 10171 8734 6507 27769 2906 16077 19419 18943 20760 14152 10759 6999 20879 31806 7078 29768 31564 16787 21003 32406 173 392 29880 25739 12637 
11842 21721 26611 18319 18006 24883 22565 7972 32702 22023 18079 18127 3818 9447 28771 2422 27975 9425 8896 16375 18927 8298 19587 22118 24814 6038 13303 23289 16473 28734 26001 12447 6990 17545 11205 28538 24828 26111 3785 7381 17675 11316 15574 26747 20603 4494 25166 6943 21994 15646 840 11380 16234 22911 21133 19897 22259 27675 21900 9564 2733 13542 2383 9867 10388 4899 29679 21409 26891 2931 12488 1334 31610 31875 11878 17188 15726 10027 19497 1938 11259 9039 27156 1765 25887 23171 3264 31321 4394 13555 32103 2141 2173 7819 16641 20150 5836 11044 28815 5776 4719 25137 14701 27177 544 4602 31649 12337 18337 6132 32010 26898 30446 24393 5183 30884 20736 22243 9790 2264 16607 23572 32697 17846 28267 13295 7003 31887 22300 7119 11240 21125 2617 24363 27260 2232 23636 551 8264 4889 19365 10477 11132 3954 31476 10584 38 25058 14729 18200 16434 59 31634 4917 24361 20153 16527 5257 19545 10882 19197 29700 25010 23323 26688 26631 19537 9438 3186 1199 382 32021 2495 30202 85 15942 31091 21319 6277 7060 29176 6113 26922 19969 9713 12626 18743 18635 26295 25151 2055 20744 7614 14574 27761 29365 234 18826 11923 16599 24709 24952 28411 9417 31714 14346 15660 25394 8923 20552 2831 13576 30610 25543 15156 9532 31929 1798 12578 32474 15859 3096 13413 12028 9340 5535 32657 16886 28443 1856 11299 31627 11192 9820 11049 20513 19617 3799 10335 14303 10836 2428 31410 3192 5491 8627 474 27848 5112 10525 383 6932 7432 3496 2554 22921 18892 2758 30213 2916 15911 12668 8367 23240 11223 5579 15661 20999 29442 12101 10756 26987 5734 31577 25378 15405 15978 25191 7917 22210 21959 6317 10890 828 26532 8710 32186 7075 3785 16271 6938 13965 2808 14598 30825 21315 2624 26861 19003 26762 
4782 25810 10678 10930 9619 29358 20287 11568 30560 8787 30396 22282 14409 28816 21041 15968 225 30236 5329 26207 61 32060 27974 4544 26156 18373 25454 19186 23196 9115 29831 10173 21851 12762 12560 27707 10854 5167 30745 12222 20919 24122 7401 3286 14262 19716 9830 8282 30745 9365 21138 3585 453 23627 8829 8679 9835 31585 24209 15885 1278 7234 8566 988 18637 21873 21313 1798 16006 21702 15020 7256 26425 30461 16885 6123 27962 21564 31634 10063 1145 5319 9721 16787 30283 25605 732 22332 8193 5338 18318 17850 25704 14257 19304 11848 30509 5649 25674 23607 32615 29970 24154 6445 18182 8549 2664 16273 21491 12373 21413 28307 14674 9489 20702 13728 7490 9087 18769 10142 21315 19215 15459 28893 16008 3185 31322 18821 13936 21266 24108 16815 25671 21727 22345 28181 7604 3607 22843 9586 29115 9383 13109 9337 27629 30708 29033 1172 23011 29750 25030 16628 18794 10619 11275 13822 20693 24309 8125 27623 3651 24927 31692 15706 6119 6098 29862 11705 24621 2998 18212 32081 5412 9514 10780 7758 26845 2962 18259 2502 30134 5622 18294 10690 14270 22904 5514 8088 23651 1376 31607 17224 13655 22810 9022 14371 15528 6505 32565 29812 4659 32197 14750 28508 26468 8818 29617 19093 16878 24209 24429 12587 14487 1654 19918 22498 29429 31573 15380 4903 27733 32475 1248 21049 1072 7385 2004 16312 21376 9984 2279 31275 27186 3208 8692 29773 4440 16887 897 24636 31879 28 7268 28487 4297 17975 11402 9030 27420 32129 19927 13287 8381 13675 19807 31773 15940 1940 17291 10485 1532 17889 2360 6669 13597 3082 10170 3929 31189 29012 6342 3575 15785 7028 22022 3606 31933 26949 25379 4318 10176 24435 934 4544 6559 27713 6799 2412 24102 4802 22062 14028 25186 29974 6501 11500 10695 28711 23372 13526 
22195 9807 12535 29015 19956 21956 5641 27991 11365 14997 16789 1366 3843 32175 15882 32179 22424 14447 30807 14038 349 7469 31754 14553 31558 16102 10216 2405 31475 8319 22606 24218 19908 6241 21225 10396 20807 15514 29090 19051 14875 17580 26921 6572 6609 15174 20974 4236 26100 28278 17172 1316 24141 1807 1473 18147 234 8181 7008 23780 21658 30284 15068 14913 8898 26427 22269 1661 28972 7275 4174 21349 96 25043 545 10769 6163 27390 25404 31596 21087 30196 26222 23658 28112 13373 2145 2346 15425 22607 9676 9468 17469 10031 18770 22252 20054 19709 17104 23589 13006 16139 25895 16538 9697 15931 22528 19483 16746 31823 26774 17599 22221 5715 19579 11341 14906 27653 26598 10490 29595 1491 23431 9236 24928 3746 3745 15207 27344 984 26997 15628 8518 11827 26968 17189 8275 8997 3641 15650 31305 21508 5532 13123 25854 22960 24772 26839 3504 8135 7808 30906 8767 31019 32435 5037 27400 15266 15827 24851 1933 1088 24068 9318 21787 28213 18934 23979 30535 29375 29076 8770 20156 22193 8378 5543 10880 24662 25174 24962 14829 29605 23460 23941 19523 23648 1861 32051 7106 22008 11773 1634 14874 19877 32360 12608 7257 10156 5556 28344 10548 20374 20162 31225 7435 1618 10211 21601 29131 27234 30897 13690 28383 11684 8556 28299 9309 6313 4045 20825 3791 2975 25419 5860 32251 7722 19733 11495 29675 18280 15592 13773 20912 24664 17035 31623 29492 17107 11060 23266 29178 32176 7691 21978 19789 5129 27174 26622 21385 12136 9468 14366 25050 23596 17213 26331 27564 17684 15820 20290 5293 4163 1786 28411 8150 23007 17801 10286 9194 6607 15177 20880 22659 6638 3403 1823 25649 15975 21697 13512 6045 25862 12024 2319 12299 9727 21309 12277 20266 6745 1305 9040 23719 26199 31216 13527 29406 4663 17774 5741 
26820 17996 28038 17244 10988 914 28251 21833 24126 1661 25488 20495 15174 23602 27403 5618 1818 27933 19263 7471 751 15924 15606 24943 5708 21580 12699 26386 16475 10850 28826 9950 22731 17083 23732 2153 23931 7763 10215 5051 15353 32077 2693 20622 20513 13855 22068 13061 19334 14156 3757 2424 292 1412 24965 8951 18617 14916 13006 28682 16274 6319 552 235 12926 31316 12526 7772 22448 22210 10717 28690 1032 25467 6371 527 32390 26532 29105 14471 26947 12819 10496 9342 19615 7198 16678 1421 20878 10677 19125 10928 20175 3225 19523 16115 22480 11894 28413 26039 32640 30993 12102 6175 860 15144 11478 16326 13293 25325 17497 4853 3305 8097 27001 15021 13046 9955 18266 15073 17818 16600 17550 11981 7640 12419 11400 4528 5467 12000 31260 16192 13738 19776 23462 18888 29315 20125 13021 26249 26799 16627 5291 13455 11665 15456 25993 4903 5217 8286 1190 28232 15497 15570 3443 27176 14202 7015 24023 17910 15902 19016 3505 7706 17057 11288 27369 26966 8974 12407 13605 6844 23760 22756 28502 25655 15794 7687 16444 1208 4505 21692 18056 21926 12664 19708 20784 25868 25174 9856 17854 12479 6900 5897 29395 10545 25614 4935 23681 18290 19542 16830 7764 27104 24692 29243 15838 31932 28910 21239 28550 8721 1648 3041 18571 13667 19577 28208 9140 23746 4666 21008 18987 700 3492 2903 13898 4433 28692 24899 13862 10501 15407 22650 24201 2615 12491 15273 3009 26943 28628 8505 10786 24387 30399 25927 28233 16637 23474 21904 7698 27672 30169 2515 26969 5902 17499 12835 25311 6535 30595 21177 19988 3445 1367 28053 30204 24399 17487 19504 30142 21258 25936 32350 21454 17117 10635 19383 20666 14504 25864 18572 15709 15797 28638 27848 599 5944 8032 1500 16536 10813 30173 25187 16981 7382 20268 24560 31762 6970 
18637 13772 18804 9940 22728 20882 4785 4338 27539 2959 30978 5668 20911 21852 29582 24693 8420 25205 13727 17338 5811 8541 5494 11873 24660 8881 26256 3805 31152 4272 23873 11448 30440 13776 5796 29060 30627 15290 26517 21021 9456 12348 347 10660 30844 37 9958 4525 8221 4234 3401 2675 2276 24925 5544 7059 14442 3180 6053 12172 18609 28917 21651 12829 7823 15594 2954 22543 16131 31603 32187 2993 11610 30354 1261 28526 762 437 28738 4971 17966 8494 14949 25660 11684 9170 27772 20364 452 17064 15725 24686 29030 26473 4276 21821 13369 2700 13333 22826 25661 12941 2766 29016 15884 324 26267 18170 23168 11759 20010 15856 26035 22897 8349 21595 22949 30206 27879 20744 28127 4607 4049 6313 6801 23265 13527 4601 29983 14216 15814 1280 8285 28158 13607 26002 28384 12858 18653 14118 15303 8902 6352 12275 14758 11835 1593 9198 1842 29860 19663 4012 29828 14724 13611 5176 24010 27093 12493 28759 26609 21603 13056 66 29431 19935 132 10019 5103 14105 3742 9785 11563 19122 27287 18 26389 13912 23575 26908 17544 31014 21490 3877 27157 17617 2679 29011 23746 6143 11471 6840 20780 822 2498 13174 4649 6475 2639 29570 7499 28142 4215 16604 11410 24925 22414 298 12502 27344 27617 7688 28353 23132 11207 18491 15612 15125 12054 32233 2447 21941 3221 17959 15452 2693 5251 11091 24305 1460 19750 18919 3457 4098 7501 3951 4080 8032 10891 28689 7525 26149 5211 4628 1205 3196 24886 10182 3089 21968 15903 11570 22831 14192 24648 11132 10942 19473 19514 16318 1149 10685 21870 28736 18963 21974 23419 24048 5661 28151 24529 9613 4440 23754 27961 2489 23093 12179 6504 21846 23653 22666 20313 31724 27205 13715 3755 29771 4140 4761 405 31420 18181 8952 15719 20473 29380 31062 1908 2700 
12071 11565 5831 3939 26004 25972 2400 30200 4471 25417 7493 3880 17458 23066 12623 16672 22381 31359 17285 22214 30870 14214 13982 22269 5657 26203 12411 10755 27724 32106 27026 17403 6467 4011 18816 24463 6201 7565 10199 12160 10049 1707 3442 13842 26787 135 10479 9874 22525 12848 11224 30489 14840 2799 23312 8315 28767 13683 12852 3344 4605 12018 32456 28194 3716 4159 9133 17429 5326 8553 22511 17496 9122 7632 31305 11036 25054 31639 28150 25352 6369 24737 13099 17222 9500 5159 19065 20415 3732 25469 2779 21535 23917 23963 22917 15053 1824 13417 2221 23195 10625 32053 24046 30715 19822 18695 5531 1941 27452 2990 1162 4367 24579 18367 280 27192 11623 27607 26319 14509 29130 24134 4607 23760 4586 28858 2816 14050 5142 28633 24864 7113 27723 27486 30122 29682 14192 4808 4409 19306 11050 8187 5872 16485 28574 53 4303 22939 24584 20589 8508 10595 3867 11 22147 30194 29600 2457 9071 25740 8108 4862 16100 18158 28005 2516 6930 29733 15349 4219 20847 2707 14903 18871 14501 3181 15326 11401 19389 24337 31117 27431 13837 6676 5323 12180 31789 14758 26642 20086 20191 4355 21057 18646 23209 24295 31669 23377 4803 19156 12276 10289 3085 29853 3952 2207 22554 17304 22234 10677 1313 11110 22152 17126 1038 10351 22355 9250 1342 5396 20946 23757 22190 26858 18804 30858 4710 26132 27067 12223 4328 966 786 19057 7457 7713 7160 25715 11405 5279 11349 19702 13602 16451 202 9607 12098 23223 24843 4209 19721 24537 1626 161 11139 29321 3903 18871 17851 14705 23706 10582 26324 16242 3579 14725 28686 18755 31606 28145 31700 31973 4099 10855 28509 16668 15937 24216 6078 15643 13023 11265 17542 15501 621 3872 28523 4861 21549 23769 2225 21768 3556 2827 27255 18432 9063 17127 11077 25322 
25495 3606 25171 30016 30477 13472 820 21025 17152 10361 25713 27886 14569 5016 30241 10809 18313 20874 14006 10479 19301 17041 14971 29262 2317 16818 13771 28175 4784 27652 20567 1860 2116 22184 3540 18752 20438 25900 26684 9831 9559 14119 16677 18900 4315 16896 12741 4225 3105 9996 764 15006 20775 17670 18871 7352 6789 30337 2018 18872 16142 7082 26070 18463 4037 8069 118 27269 2827 30790 10415 16932 10894 13088 30285 6813 21097 13840 4787 6671 15609 12747 24000 11842 23873 22590 26380 31248 2182 22464 10266 9678 29488 15235 29884 10181 31115 27639 17567 12899 32435 29995 9880 19656 20500 1087 16280 17111 30504 12489 26855 22909 21560 14251 18522 5867 19758 12260 28892 22608 11336 30964 14814 17016 16896 25774 21367 14978 12568 17732 25929 23179 2528 7062 7880 1700 13993 18420 29584 3750 31158 19346 24578 26532 29560 6481 28535 22556 2870 681 17171 27024 11894 4966 3758 4749 30153 26327 27425 9485 14546 10511 5999 25890 18579 23938 15832 26493 20054 16509 28144 26846 11942 2438 16002 12125 13119 1780 6859 23645 6734 3755 29159 5958 18053 27604 31896 14650 6681 10934 22004 26834 16873 19648 4288 18027 30656 13789 27229 9062 22863 4106 22786 19181 20312 24974 26919 11886 24916 25307 19209 29861 11634 28006 28077 19144 8147 1904 20942 14386 18477 16952 7051 20661 12452 1363 17595 5800 31071 10820 24218 17839 1145 25110 6083 6655 20493 1018 8996 6343 9822 14594 5435 27256 9480 28086 18627 10714 17576 16260 3508 29084 14868 16012 13949 28027 3686 6204 21617 11924 13063 3775 14547 24939 12395 24005 20355 5500 464 3237 27828 11089 24039 25116 31593 32412 238 10793 16724 20774 20016 15311 20979 27372 18584 9675 20282 28372 29943 26633 7222 2506 16219 5500 15860 10452 2233 25292 14209 12069 
6229 12072 15029 19884 23771 13328 32712 21411 15900 9617 3580 3359 27934 2191 21692 27243 6216 12473 16575 6008 10819 17447 31960 12727 25192 31792 6148 19580 32359 5518 17117 19909 31825 8742 21586 8927 18 1696 17089 11118 22202 7216 3107 29212 9366 28124 7645 23865 16225 7521 14962 14095 13261 26813 19063 15734 28115 6315 15597 10839 11710 6650 31748 5024 30821 17202 27474 15498 30944 11026 23153 30491 24062 26426 30202 458 29855 4111 4179 22522 866 22017 12186 354 3948 12864 31434 12187 23536 20906 17146 7132 10412 23063 20011 11708 13033 26100 16779 1024 15077 25731 2332 7907 26576 19233 31965 32398 9201 20135 19046 31431 18935 6954 2344 16934 2538 16632 29644 3529 887 31958 31165 6828 266 12558 23919 32604 18991 19634 26027 5606 19183 11641 27003 21119 3520 9584 1147 23331 1233 20697 1486 26674 20832 28507 19535 29722 7435 23797 25551 15028 15729 4711 9433 5007 26946 2235 22006 3374 25070 22845 18884 940 13672 20335 3690 30943 3690 12724 24545 11807 6632 29518 16934 11659 7817 19478 24995 11511 19427 25461 23852 30283 6514 1085 25938 19730 28449 7707 1328 24012 14898 24777 17408 214 14955 24390 12604 3925 11300 10631 2293 4922 4400 253 13872 30246 28923 23266 22796 11717 8132 889 16636 19913 4778 7477 21588 8981 28332 31596 14338 10019 27926 10835 14784 8938 30385 14238 20832 20550 21373 3363 31237 30517 16051 16629 29020 281 25586 28818 13462 5582 18807 23597 23627 30585 1372 27613 24994 17881 17969 30401 17186 29057 31317 14789 27248 5165 25115 17615 9416 1370 17149 27864 29653 1177 28751 11605 18029 24116 16988 558 15499 29268 16983 22214 22127 14457 11572 21892 11669 16194 8041 4884 29504 20103 7514 5506 29691 19844 6334 24274 3493 2349 21011 13899 13955 31726 
29176 2175 6447 826 4824 15528 9900 28228 18902 29972 14702 245 2822 18038 19175 604 8967 23419 2155 15814 12307 26874 26222 18929 30074 28566 13690 12679 24170 11278 5977 20156 624 13146 7331 17832 884 22758 11720 20963 25326 22967 4317 7202 27488 12077 21022 12756 27041 14379 14216 7155 10045 2808 12736 24872 27112 26511 22264 12364 11144 12359 17535 26177 30313 23835 18942 9057 31698 28874 12418 20963 3740 865 10783 22564 29378 16348 22864 1525 15140 8282 26616 8610 4272 28596 1434 3187 7513 5840 27728 30650 4457 8970 14100 13245 17815 31838 13069 20403 17214 3706 1555 19297 27645 21751 6439 5721 28968 10157 4881 25349 19047 4513 5999 21489 14401 32044 27772 26173 21455 6119 29187 5086 829 20912 7158 10715 11614 11522 22670 5638 18814 10833 26939 23801 6114 23734 25777 27002 19379 21217 12462 14610 7910 18930 8971 23446 3079 15749 8349 12658 13704 29596 29639 21527 30893 1723 1861 3311 17022 30780 19422 2171 20479 19737 25007 20266 32100 16657 858 6339 8329 29970 8915 23124 15277 18155 21074 10294 31377 30306 30381 26589 23217 21899 9260 14716 12616 21740 26984 6530 15894 4235 25897 10518 27617 7601 21784 4414 5078 5717 23725 10798 11529 22312 18983 8565 28912 27080 10811 13037 9236 15254 30164 14880 18862 22978 19182 11893 6478 15482 28675 27737 30656 7846 4362 11826 31120 30206 8750 30595 18740 9526 27850 27505 17167 13100 27903 22913 2937 25298 5316 16431 5262 13326 7206 9835 8784 39 15927 21025 14380 28355 7734 17350 30671 4962 31748 21918 9205 26231 30683 25183 23504 10061 20373 17004 1557 371 13262 1801 4949 6694 3029 30560 15940 5729 18109 23155 23641 29896 5858 12710 13515 30788 5364 15988 5629 8391 21380 1306 27334 24278 29744 2682 23964 21825 25751 5729 
860 2385 1615 7743 27588 28889 27598 24606 31051 27410 23985 10118 21825 14130 1882 20188 22676 30084 32615 744 4145 25129 4021 2180 29454 6192 29122 10401 16087 18931 31872 15158 2992 1047 9897 5687 28557 16590 23426 30565 20479 2096 4699 12535 22307 770 7780 21527 27109 17621 4713 14687 21606 12284 15564 32497 3496 9372 32156 29547 28660 15918 14766 30176 7099 29487 1529 29242 30310 23026 20407 30203 20930 31525 28628 24185 23903 29459 30264 23307 12391 23833 13985 3325 5919 524 29145 8901 8538 4994 1565 15233 31566 9902 2711 24514 4974 21500 14361 21543 10878 18188 24140 26858 16433 24995 13904 16665 20947 2369 3063 15476 4547 11512 1889 6262 6404 13806 5548 24279 5133 4600 5091 22267 27114 24037 29979 26651 15448 1802 2878 4673 5908 396 12044 26633 26948 14208 11673 32708 10136 24766 2079 23722 24785 6392 23153 8850 12515 32540 29516 30864 31538 16768 15698 29443 8014 20027 12612 19379 21271 6427 7324 989 17766 31910 10051 21267 1168 7283 12067 31674 10403 28558 15660 7152 31230 682 21314 10294 14601 6321 9886 27668 11322 14997 12409 4288 56 24825 24462 32099 13332 15276 23464 30507 14411 18408 16457 27711 26624 2702 27053 17378 364 12715 21307 5182 14612 15038 2354 13474 17565 31779 1891 9843 27187 14483 14316 2706 19082 20158 16283 668 29011 27530 12430 9203 26461 32037 29987 28273 27288 15430 31431 30055 22155 2556 21760 526 20901 10551 32493 12826 29599 8690 18848 16666 7850 16062 7046 16448 2439 26186 30097 16382 5198 19506 23848 10082 17755 2601 31650 17282 106 27577 11815 22612 12039 13391 6049 3426 14256 7973 15068 20351 18613 1445 25289 15775 8126 22001 17209 21192 23111 12913 25062 18470 59 3901 15826 26384 29924 3847 3473 28640 30961 32097 13707 8236 
5105 20312 29796 24891 27168 7628 26729 2697 26983 27385 15093 1755 30485 11188 11312 32397 22758 23902 18589 25871 28355 10145 20522 17190 32735 22806 11378 495 3807 1019 1048 11026 22670 16271 5188 24956 22226 31702 1079 5570 23827 1311 18193 10673 28997 14340 7070 31510 24214 18555 2031 28572 722 7001 18966 13289 13988 3852 5592 12725 29692 4607 8416 8051 8235 3478 13779 32449 24237 24193 23208 13794 15355 5730 3210 30206 69 24257 5145 3106 26036 2014 6977 21882 31258 32635 6162 19083 16281 21486 8844 25880 21818 12069 11193 21559 9979 15977 18190 10034 31706 19644 21772 1629 19137 2714 32538 24054 10216 11986 15566 27376 32205 31525 25402 30376 2390 30078 15963 17009 30172 19541 13080 9217 1937 9136 16699 2002 15579 23736 13080 5425 7110 8455 23831 1451 6761 18710 29944 14397 1382 4551 14176 19286 2011 20574 2341 25544 3772 10211 31294 26812 11626 22550 10189 17823 20427 11726 14668 22067 18404 29506 26604 17004 29390 453 10113 9278 23645 24066 20024 11105 23174 32362 18781 24015 9858 24054 32358 12782 5913 13780 5998 15914 14202 26208 30232 30700 3807 13833 21285 4776 29142 24228 3444 28771 2844 28692 10321 25409 22821 32208 11997 17996 26562 8574 31780 9948 8310 31820 12547 4689 27702 21382 3694 12585 24893 26417 31868 89 13492 3804 4084 10063 23602 28707 15532 25215 11112 9545 9481 9303 22955 962 20499 22281 29772 11848 16169 28839 28432 18960 24208 14234 2897 3719 12263 7770 28796 29294 32084 3975 16251 1855 21280 20189 1628 7700 19781 22020 29306 31274 11110 26276 26807 188 17947 3951 15888 19202 32131 51 9937 21336 13353 11752 6491 9116 20724 12519 19705 7526 23283 3387 25194 13059 24129 4856 29687 24554 2991 11445 13141 30161 25803 15560 6106 603 12898 11134 
8409 23653 17946 15528 4018 23292 31874 12177 2266 14453 495 21461 31317 17868 21088 21364 8754 850 10038 26980 14838 28896 2984 30543 3590 12747 30997 28346 31937 8800 7604 24608 24932 18673 3087 321 612 12862 4480 21421 15488 4467 27190 13298 28693 20544 16013 22045 17377 14523 32629 25680 27481 4221 9889 30012 115 13598 21938 7891 19463 27682 24070 13224 7946 10547 30576 24290 32408 25681 12456 596 25702 14388 27813 26750 20468 22734 27741 17305 1314 12975 26448 27877 20565 26316 13849 143 23639 13280 11955 11592 13127 2777 29742 13017 604 8736 14844 18585 9358 4533 16959 18244 16029 9483 9719 32739 11064 28919 10814 16198 7185 27656 29357 5224 29479 30495 3503 26824 31415 14638 31381 28104 11671 14236 29436 27897 30767 15348 30906 12292 5617 5664 11062 31146 21268 27615 10092 18763 3866 10304 24251 4462 2275 28870 423 4194 30212 12731 10590 8489 7579 22923 29757 23543 31324 10601 4418 18414 727 21844 1579 4011 30944 234 25320 7112 14448 23572 23873 1427 20965 22873 18128 6514 22911 20520 4863 27591 26995 21871 25395 3961 2025 12535 24050 17650 31782 6904 6618 23529 19929 24793 14342 30003 10936 8721 16593 20535 7641 5550 10111 21061 22255 6964 2709 26795 17675 29894 25607 16579 2758 21969 30476 16120 17049 25794 991 18053 16874 17688 32339 24880 7949 9894 23045 6173 25955 3172 17391 19173 9745 29376 27594 18344 17755 16963 3168 27598 17397 7343 12568 1979 16148 28868 32547 7980 4982 17824 6805 17318 20921 32701 3116 16810 12730 13136 19755 1623 25455 17798 2248 5253 18100 19603 31184 31750 17529 30722 30494 2562 7024 1180 18985 5475 12315 17452 2906 23075 1948 27999 5721 8385 10199 21615 14595 22024 26147 16685 3680 19462 6192 17260 25692 26187 1752 9612 11429 9975 
25690 10921 21572 12607 3905 31602 31006 8792 4500 6164 15037 543 20873 31573 17345 26841 28774 14987 10593 24248 2391 8324 11574 17661 31030 1852 32225 493 6355 30133 26117 23657 15100 8177 29959 32562 2167 13498 15704 11090 23474 13294 11594 7241 2411 6859 23561 639 4118 1482 19525 10846 27555 9979 16184 821 6387 28758 12797 8669 647 27490 11160 427 23844 18421 16208 4387 11073 28638 13264 20777 19089 15204 12730 29788 15707 9282 15523 8682 10 18838 11308 6169 28807 986 27615 3837 2867 4465 13475 8151 21968 20273 18301 7687 32025 19689 6687 13077 5883 26359 30275 19621 28682 26068 26626 11321 16880 23065 11836 4808 23569 18729 18141 13269 2838 18614 13388 7516 618 16130 11003 2047 1577 16858 29890 3245 29765 25401 7341 27074 24689 26761 30041 19591 11430 15689 16785 3398 27000 15867 20375 21591 22640 27775 13730 3893 26670 23137 20957 3646 27750 2918 1369 12878 14568 12096 23261 6885 14136 15588 15969 3526 7247 16365 26649 9645 13493 7926 425 16508 18815 4740 19846 22688 30294 7950 32227 10123 13728 10451 30392 1296 20637 23111 25338 9935 884 5078 23161 5610 14841 13296 10838 23116 13484 30820 29860 29505 13274 27754 13389 11419 26384 7504 11242 19054 9541 1692 501 31719 31622 32243 23229 30205 4573 8869 28176 19753 26493 5969 8210 7251 8755 1020 1771 18962 10041 22530 19691 26395 5236 3789 25356 24899 31318 2499 120 31147 2019 5277 27172 12926 2042 30717 22612 12549 8535 4663 25310 21252 9745 17021 31290 22886 24392 10595 11300 13263 4301 1013 31657 3219 25845 30813 16175 27369 25175 14570 3695 30127 32026 6464 25140 14779 3728 29407 20776 1 29117 16421 27196 21316 26341 20280 5934 6418 30181 9917 30770 13220 15502 29430 8916 10702 29711 1345 15333 32720 
11810 20137 30453 870 25163 11282 1075 26867 31244 13785 19333 7917 18162 4918 1362 31683 9415 28851 17291 31258 1582 11422 14897 8618 27796 17396 22168 27230 16569 21081 25263 722 25280 32419 6467 24451 8203 3314 30685 10175 28334 28211 16449 30166 3215 15342 7655 16969 25041 31404 3994 20108 3808 19898 21552 26318 29159 24574 4539 16161 3853 16539 14963 14611 16705 27569 21989 19874 19891 30986 25012 1419 18444 27819 9994 1352 30056 19427 6917 28835 20799 25761 9670 32537 2242 19723 18552 9888 19784 24790 32584 2919 14896 19889 18541 8864 5010 18621 4729 3014 17286 9743 31771 19595 379 29450 4440 9236 30848 28871 25500 31575 10899 5823 26686 16719 25262 5023 31159 17938 28644 27924 13271 26080 14471 17804 28910 19721 14149 6007 27526 28616 15004 22664 8746 11259 12859 1077 11481 21602 19161 22790 28829 14480 22964 18203 31173 7385 25894 25262 27150 19716 9165 25143 233 15890 2802 11883 30918 27018 12008 21159 194 24038 18726 32690 10218 17065 9079 32043 7055 12167 13407 24647 10990 14595 10788 5950 23995 8389 8713 3786 9913 26040 20290 5190 381 32765 21222 11759 11372 17925 27015 16373 939 8822 5552 8251 32520 411 20907 31045 3219 8943 28753 15421 24094 22387 25940 7282 6708 23111 1319 4470 1858 13387 19064 15360 32681 6960 14148 11186 26008 9557 22966 6129 8738 30484 4349 15516 22422 16088 26741 7159 23592 3365 8328 2660 20479 28659 12319 1312 16368 11170 13041 28274 18197 9037 30523 12085 32082 8182 22221 19180 13964 5040 11314 25286 7788 29509 11629 26103 12703 9389 20224 20592 10342 27921 3981 14879 27880 9115 16860 29831 8508 22470 5475 10531 30938 31981 7779 30670 26434 23974 21936 1010 20239 26703 4467 12742 16350 18159 29558 14412 7451 29311 16887 20212 28383 24084 
15474 23963 11556 9386 29135 8590 15977 10400 28329 15985 6285 4166 17675 22923 7814 27183 6469 900 5915 23476 16520 6396 9580 1050 24088 13749 31483 7618 6015 19171 30760 134 10518 8449 4160 23042 12272 3289 31551 10080 175 19573 4423 14775 8833 22395 8035 31073 26930 12095 14239 23229 11319 16240 7016 14884 9986 269 14432 32103 10505 8072 9262 5276 1731 32424 8407 26022 6376 27544 4494 29542 11982 20581 22976 1549 28352 15892 962 2600 29913 31829 31427 1726 20083 29185 22239 9107 1339 6189 2266 29421 1415 28830 3870 24607 4813 29494 4513 23721 1934 3588 8129 10474 32455 26585 9669 4927 20520 16481 4186 28505 27561 23741 23260 24554 831 5842 13959 16030 31929 19844 26866 11480 19946 32459 10843 11910 21896 4028 12144 684 1243 21990 2956 3197 13351 9537 11751 28088 18307 20396 23383 27715 6273 11983 24276 27384 22828 11891 18708 29101 21862 14126 603 29857 12929 9706 29922 16540 20419 30902 4643 11027 19160 11259 15337 3389 32734 5740 724 1714 11911 23588 10568 15826 5084 31203 5207 4786 18673 2098 28331 11375 27505 24830 19083 9708 16795 6088 27070 18853 11336 24863 26631 24121 9476 117 12290 10501 24685 25257 23116 29029 24331 11003 22313 27934 21399 24376 12002 13237 22850 22698 5291 32049 6984 31816 14255 23505 18541 18433 25820 28434 12663 11950 23898 5397 30519 24127 14557 25076 26158 24115 32670 11148 20683 31310 19124 20883 17315 9005 17132 429 21322 2179 24771 7832 6914 28881 4541 10112 23170 14971 9525 19696 3274 20197 15491 7807 13340 13851 10152 6581 17276 385 14155 27258 20018 12484 4595 68 11714 13925 278 10462 13116 14987 18649 29480 15912 7773 10584 15944 25732 714 10957 15731 21425 28574 27540 19153 10787 15947 5186 4074 7964 5422 22269 3757 
25086 918 9843 22055 23354 22470 12290 1089 15495 9815 9026 29848 21454 18029 416 13232 25511 3653 15309 19552 518 14627 12432 3299 3602 21644 25970 14450 12502 26630 30857 22607 6814 17953 11933 4923 26896 12007 24518 13256 5885 16907 13100 2111 10895 24905 11002 25894 18915 7691 7511 1328 27077 14461 1552 18424 10600 25939 29874 11258 23928 22691 32471 5609 18275 9987 5006 25067 1419 24984 15158 25339 24373 10416 8503 23539 3045 30591 1396 25483 22843 20514 482 22543 7650 14702 19900 14315 16078 28243 24930 16869 8984 2860 3635 13634 29808 14591 19450 582 23952 24312 18387 24584 1553 29074 4094 7074 23647 26406 15777 16745 31103 19185 7243 5220 9532 7064 32232 160 29176 8321 16787 3483 26200 14755 8644 30512 8615 30879 30644 26029 32340 23576 9029 27349 26170 10421 2896 19257 5026 14673 21145 13874 20992 20079 28996 30119 17584 16979 21396 31777 1057 2513 17778 32603 13815 16304 28355 17393 1301 32158 13869 23303 8408 31369 22439 14144 3789 21851 19078 17579 13770 5119 18697 14962 10135 24228 27400 17479 12709 1553 15894 26535 3482 26740 12392 422 6155 1472 27115 24110 32486 26203 20379 13343 18046 22196 30452 1373 24312 31049 3159 23437 31597 4097 26249 24570 3432 5256 12604 276 6274 18970 31819 29071 24911 32617 22478 14717 25012 19115 4151 19069 6847 399 4985 20599 29915 21341 262 29453 1121 27025 17727 18015 27720 26530 68 4122 32652 26283 11211 21496 5811 30283 16842 526 10196 19463 27120 15477 14520 28489 28746 14798 31178 3997 18830 22733 32734 2706 9125 13411 25195 6094 29726 1533 31278 7784 28359 28710 8161 13426 1373 19088 10460 11665 19844 10406 15570 26820 14876 15069 805 16242 5979 5177 26766 31879 24882 4284 12258 10502 16939 13290 3125 14805 9390 12856 
21108 9605 25629 25807 7739 23140 13271 5106 29763 14145 16934 19056 12037 3747 20371 17252 8977 11014 29748 14690 6991 3482 4554 10091 655 12418 29285 26891 1543 21665 19144 20630 8740 27113 7570 23608 7185 28372 9522 5910 30388 15922 862 15465 16785 25543 29385 9469 24876 14108 29880 31603 257 5229 2883 28819 4284 3250 18586 15894 8925 22741 9075 19809 22622 11663 9772 28566 6276 29631 16353 13395 16031 21035 15169 13028 28869 10411 8238 198 10519 20872 4925 26087 5738 21046 459 12158 30449 1637 18575 29093 25432 10022 30574 5310 22746 19120 19472 21095 13547 11279 2117 4624 27938 8256 24248 21429 3619 3535 21282 12486 3225 14420 22774 24037 12922 13772 20008 17238 10625 5058 14723 1842 871 2363 23586 11122 17254 24812 29003 21763 13726 25329 25686 19115 31436 16114 17665 12280 23310 19104 16613 9250 10941 6031 28378 28176 12862 25691 416 21504 309 25582 8640 16549 21517 12141 9497 2908 15368 25361 17327 18775 26410 13427 10690 20986 5069 22416 13759 2607 9832 30591 8872 19079 27999 6020 16135 5840 6671 24893 26353 23723 14379 27729 27096 17753 16078 29067 31900 13937 1104 251 26413 13445 3894 29805 4892 312 2838 16090 2827 18192 512 17736 10123 15701 9172 5212 19210 5786 30527 8491 4928 28252 11296 21298 18423 29901 26770 20276 2737 14371 8524 4361 21397 15351 16496 27756 30701 28832 14413 32000 20962 40 27165 4193 391 3546 10791 1756 29873 24063 15738 23769 31891 8003 18937 24738 8028 2350 21098 2190 24260 30485 22976 26276 12636 20847 17593 26529 24565 1608 25481 2591 28811 32564 12967 29889 12020 24653 30601 22572 23083 5295 1097 3003 22733 20271 661 29810 17337 21992 9824 16774 5119 21260 5482 9919 14147 12595 7724 12931 18802 32600 277 2698 7310 4059 
21776 18340 19828 17915 6271 1878 16828 20391 18249 31849 24885 14370 23247 16201 24289 3450 3528 9943 14263 4499 20356 23727 29224 1460 14273 1042 493 21789 6073 4707 24469 4278 18258 14715 17984 32741 31076 17696 19474 15227 27584 4035 5996 20447 23979 4407 2416 27249 3128 15541 5750 6774 3224 28001 6305 23401 6190 21727 15908 9925 14330 29635 22808 25586 15623 28048 17410 19124 3221 15672 16020 29048 983 9440 1086 22113 9626 23416 21941 29970 10904 13178 31886 18954 28032 12282 11804 2775 31529 22008 15111 3025 25769 14357 12933 3656 15350 14844 28920 13201 31471 28933 3704 13430 20924 20583 29721 32040 15765 13655 26436 19840 16911 10358 20372 19252 28493 22598 31111 28016 30711 22756 25000 8986 17004 20153 29804 29702 2662 11384 20975 19551 21518 27276 12680 4409 7442 1124 1922 12444 29116 6858 7977 11908 31314 23943 17168 2653 32294 14878 10447 4995 18988 28158 15856 6285 26727 29440 30584 32405 25786 29165 12409 13435 25509 22122 8800 20695 32149 18157 6534 13018 1754 17338 19630 31364 19565 1797 20365 6287 23316 14418 28728 1258 14415 5255 30043 22106 25627 29340 20447 4090 18627 19829 30181 6514 10216 21535 17181 24599 11609 25152 23386 6623 7803 16342 2852 9634 26303 32251 2680 19182 5680 22772 11557 8293 14524 14083 18761 5365 10011 26129 3965 21484 25606 26556 15634 19694 28140 8358 6171 23701 535 27652 28336 24584 14219 6873 5719 24532 2622 6669 2643 27518 4064 19809 21732 17620 9639 18329 4068 22088 23508 1124 4536 28514 31494 8246 30738 6546 8595 6773 23819 28397 4479 27101 3843 27771 2869 25097 13046 28275 27584 9619 17355 4171 9075 6407 26392 1243 9352 10976 19312 78 15841 1913 5756 4116 30824 31930 6434 1011 13921 22926 842 21642 16658 1945 25248 23866 
24494 9797 10295 913 13387 18348 17137 3646 13848 11412 17247 31373 4745 4614 28434 7772 7831 26382 20546 19708 25074 20508 24018 21744 25569 1568 25002 21016 32647 7011 19432 2744 19249 4330 9716 8793 12486 4927 9125 25442 26745 1793 30588 12591 18675 23266 13219 31470 12512 26989 18626 25345 32750 9478 29857 2926 20912 21312 14285 21137 22155 24872 6321 8347 16261 5023 21869 5643 3071 15119 3604 1762 175 18873 20040 17258 3301 19334 4036 15478 30302 3210 4716 3998 21079 11851 7360 17269 32520 32281 18155 13330 1854 3212 13691 12771 6526 20475 15672 2183 7919 30111 25564 30301 29614 26306 17767 32602 3946 17909 19595 24050 28529 17298 23377 13171 31273 27430 16898 30616 7046 17851 20106 1195 20257 29816 27799 7162 4861 22945 20453 27739 9874 7899 16717 12279 3802 21598 27481 5018 22230 19576 27756 12127 16414 6355 4677 4853 8472 13910 25499 29908 19591 4587 26332 3357 2262 8199 19181 6917 14182 3416 30022 21912 973 15505 17845 20446 14355 30704 28961 22659 21285 10242 17655 15662 11945 8977 18961 18090 16282 9291 1873 4358 8329 6285 13869 30440 32313 5596 31180 30931 6109 23478 12072 23877 10593 4426 8200 27029 8335 2507 29222 14234 774 5112 29216 28919 489 6639 14247 16792 30618 31890 10865 29294 5870 14631 19643 2067 17873 29996 7634 6528 10606 6384 4483 1111 16396 2299 13018 14888 10896 25955 15959 25287 25995 27326 13873 20996 2617 18711 3030 25656 2122 10267 3151 29912 32203 28163 27679 31560 21402 11130 22342 24974 10976 7276 6394 22371 31709 5042 419 5617 19605 3199 27551 9010 26419 6212 28934 4340 516 29881 20663 27816 4462 23409 26256 19801 28725 14986 16051 17448 26400 4010 30329 18286 12617 7656 14385 4099 3251 31581 1865 13370 19511 32314 20159 25973 
7335 1533 9979 16973 22635 31296 9723 31333 19618 2661 20828 3464 8474 653 5343 24714 15157 14366 9451 25336 23591 24373 7064 9207 1494 14892 4250 21466 10424 6687 18200 12531 31604 7807 30590 28747 200 23887 5338 16214 2794 32438 11760 2372 20566 25299 27938 32232 24961 5877 1437 16098 2720 31804 15714 8652 18842 20640 30094 2489 25471 275 15879 8964 21651 2333 8730 32661 25110 15309 25665 25749 9587 15845 18979 26332 32150 14155 8829 13255 5718 3004 5013 24170 18595 7639 1964 26258 12912 9750 5234 16161 1918 24894 17473 6320 5522 809 10455 31422 5566 20404 10120 19865 1175 16032 378 6186 20625 3784 16159 25880 27422 11480 23190 9512 26344 11602 26674 9306 8380 15119 29186 25958 16698 10208 21123 17492 19638 9646 13553 29357 21551 8181 4410 5224 32271 1135 23413 5312 31943 27772 1452 13861 14262 5011 19982 32375 30611 23886 9779 9662 22717 4142 7414 14563 20114 8894 16405 3442 8501 7844 11143 29638 9586 3594 2004 27567 9994 25763 1962 29957 15214 30099 610 4795 27491 22512 4751 22526 18689 27577 10918 22802 1846 30190 6959 15073 4106 10289 10258 5514 13792 30838 22415 25104 106 6513 11386 595 23793 9239 21704 2327 17128 32074 16665 19849 4131 14559 19392 19565 274 17763 17775 32199 9609 22942 20594 6673 14502 23566 3251 9907 12169 20578 12232 17098 4587 14393 21856 22236 12651 1608 2240 18728 16299 11007 2770 865 29103 3368 27825 17584 30562 17029 1906 28205 2757 25982 14027 29492 16575 7104 26781 27630 29022 13595 18447 3707 20841 2037 15939 15420 23197 29447 18403 13731 25260 2789 18940 3528 16715 25607 14803 4312 13776 15567 26981 24185 27292 30890 1898 22001 29030 17823 16148 4316 1466 11524 32502 18888 17375 20354 5610 11724 23750 2201 6706 1877 
20384 1451 25588 26739 31929 24628 28957 26320 23571 3181 7581 16870 10923 27969 23146 25345 21812 19303 6578 30847 26648 25864 21141 32679 23025 16283 32417 24839 10401 18927 23142 5188 22305 22201 29162 18984 21192 14742 17651 6348 5021 7436 16930 21537 30343 6139 23425 11552 1084 18734 23601 7859 13626 2707 31902 5331 31447 8100 369 25093 23999 6949 22662 2006 2604 27672 32517 11158 25838 16818 28664 6336 20064 5425 22808 10948 17786 29017 15648 12774 15403 4393 5293 17363 14925 8454 24026 6255 4545 24082 1043 25572 19085 21696 22150 1270 31145 10063 29538 27827 10229 11559 4125 8133 23118 1996 14200 24796 26389 29345 17439 11033 8416 3806 18318 26909 3637 19836 10611 11936 14856 24332 203 2599 29061 1310 2328 7898 19099 22335 10414 28731 30553 31523 18471 15130 18014 13436 25306 10198 10671 8384 22446 6040 4792 18401 9468 1363 26370 29345 31430 1687 1752 19547 11175 31643 30522 30986 9900 28923 24990 18075 19027 4339 21023 11502 16705 5323 7931 504 1210 17860 18047 5244 23285 2 15947 10361 29414 32039 24959 8636 4225 25725 28129 21410 4310 1466 11160 31608 28926 5927 26404 3367 3249 8003 11660 19438 27083 16928 2507 1534 12122 9449 25999 14802 2132 23108 9746 9551 12201 7240 2711 19655 26707 6770 25012 16049 30698 2053 25232 1059 23959 27994 6916 2546 32105 5094 23699 17688 8466 28350 9613 27304 11115 6559 15290 27544 24306 13122 10209 5129 32238 4517 28455 30605 5392 26943 1315 10935 6595 11222 23020 11275 28144 14425 25046 10863 18490 1794 9253 672 21480 32730 17068 24878 18514 27259 16453 19557 981 11453 240 20207 15235 17383 26552 10310 28027 22415 3106 11649 22239 26127 5397 8897 4641 21052 601 15648 3074 21954 1724 31822 17009 15737 2074 1119 16455 29676 
14758 10008 5973 24656 32565 9337 19677 32668 4480 5573 30671 13500 29369 20242 31442 10048 8233 22555 25215 1471 18088 16802 11164 11291 20132 20700 10703 28073 25155 19030 28363 27452 6864 20690 9312 19877 15642 4966 25832 1941 10632 22138 18887 550 11028 21277 11358 21734 1561 31888 19128 15623 17260 20796 15234 15714 2476 20356 6681 7092 27171 141 26006 23789 30994 19447 20694 14018 21442 31440 30888 19027 12329 22742 31006 11985 22074 25935 10287 28074 29797 6395 15410 32462 12014 9329 27745 26050 19495 958 1856 16535 6864 16589 19586 5335 26211 8413 14884 16387 32284 17659 32182 30871 16836 5187 4224 1576 30430 15172 17159 14742 19060 22140 27706 30018 6369 31285 11815 10252 24858 7213 32552 13645 32278 31870 26801 11703 25486 4054 9365 22857 19895 13449 13525 29894 5758 19010 14314 22662 2195 11417 10172 30356 4999 5115 22968 29411 23580 20477 18807 14689 7513 29487 4693 26930 5957 14085 18178 16736 5754 989 2707 26116 29381 15183 9717 32498 8215 4632 26952 28575 16619 12476 16400 12025 4051 14410 23717 31195 22294 31293 27421 17981 26259 13817 26492 2190 1097 3672 20911 8326 7623 1536 23101 1296 27850 3944 868 16662 18948 9080 6108 24379 20382 24410 5266 16011 28230 9359 5626 22271 22868 29340 25509 9878 1007 6481 11575 29602 4408 11379 2037 17005 19904 14957 27623 30355 20414 23109 25629 1398 26957 1438 25265 9233 8191 18657 26568 15275 249 16490 18174 11158 6366 7945 30894 309 25764 30683 20615 9832 30620 22884 3395 31513 8835 1399 6224 24492 18124 30330 32444 23704 11970 11293 19552 24354 22778 6910 4232 24460 10600 249 25444 21974 745 20159 15750 2194 20537 6920 27154 10869 30847 6835 20080 9885 13842 10163 28993 6553 15743 28842 25545 20183 13808 2287 24209 15359 
9196 25997 10081 23488 25121 15788 31563 23333 6259 29133 29437 8728 9535 265 21190 24022 24067 27724 5208 27680 23978 21628 10505 25235 20497 12910 18391 10896 7849 3548 9012 28623 16801 15194 24149 21138 30598 278 25902 9228 679 921 6566 19977 31145 3403 14914 3836 3763 19963 29195 3228 2008 23959 7551 338 26963 18047 9757 22451 30743 30719 14242 31852 17810 20210 4179 16970 23450 14477 15355 7379 32080 10960 28620 2934 17767 23394 3370 10286 26385 26230 12202 13549 17711 26443 18791 2177 9367 7577 22341 899 19684 7351 13057 23462 26377 25624 29599 4185 24216 8692 23870 14504 32458 20287 19051 32558 18680 11666 14344 15556 10287 30316 22669 27228 12571 18535 27116 26810 12801 26042 12604 2573 11054 29081 25765 20535 12124 19867 20485 28106 13016 10597 23091 17327 14955 28353 31602 6562 3247 27086 29537 15541 1618 3291 8300 10453 7124 1048 23522 6593 22933 23049 27470 4544 26465 30014 26914 27033 19984 204 19392 32629 22408 8374 30855 27551 13634 10511 3733 23233 8068 21661 7887 6538 21692 22905 24963 21741 20443 13011 9826 22421 11039 28391 6582 5623 15259 7418 11680 2625 17424 23069 29608 4506 12859 27539 30123 12372 22090 7634 11913 20059 24591 26392 20708 4236 15587 18152 12231 10444 16756 4972 14764 12438 9896 26279 18918 478 19505 16862 15927 22187 23672 30617 25326 12986 3527 16785 19609 32401 26347 13798 7659 3593 9147 1481 4436 28660 21012 15958 19813 14014 19724 27553 20110 13129 27409 32747 11219 17213 10317 2808 31523 3754 6903 15698 7535 16403 19173 30223 16343 17951 31180 17971 6862 2382 2473 5352 10890 28264 22651 32209 26614 2451 21111 8228 31261 15633 31954 23285 15833 3083 20961 6343 1814 31229 2186 4238 30059 22107 15841 26056 2338 31648 13257 12469 396 19815 
15032 22327 4906 7677 18460 8808 26687 32629 13552 879 4215 14757 20220 11378 20852 6973 25392 22605 19885 9423 17672 23528 31205 6723 32633 8578 24248 17434 23601 27412 25471 29377 15388 820 9080 21201 19844 25477 10853 1587 21872 12082 2388 22061 32593 11730 4569 2472 29057 8811 29735 21931 12790 3599 18011 252 2237 32016 19396 2137 25913 2520 16917 10935 16169 4414 27136 31964 11861 20357 26323 22778 1710 9656 21325 4167 17454 26779 17759 12924 6496 21275 1325 3283 19177 8542 28752 22672 29411 18923 9214 18436 15421 23864 5583 8974 1123 12592 21810 31525 21292 649 16368 17070 22190 14319 22072 18117 26725 16505 27022 19752 4344 11735 6202 14451 20586 16433 13020 20542 27771 4629 7020 4784 23617 19053 105 27495 5536 1399 19113 20209 29102 28763 22413 22987 21938 16709 23362 5925 17422 15799 16224 20295 16130 3120 10693 31091 25429 25153 4595 23704 20504 29020 30228 21344 2856 32307 30333 26013 19971 19466 3290 8604 1545 440 11765 10980 30274 23252 16248 10218 15324 14282 17065 14511 29850 3481 11870 25217 7085 28425 26084 569 14046 7120 20096 21818 26226 31078 22606 28894 10764 19932 28798 4653 28380 9424 5998 1071 26353 24883 25688 7880 20630 3784 11947 27632 24901 21179 6316 23241 26710 1135 1370 18254 25593 5495 7434 24591 9008 30828 18152 13690 9751 2140 10455 17856 28585 32041 31349 1459 21159 27044 24921 576 7890 16163 13880 3328 26589 3885 12585 30610 18536 17910 3879 20353 17073 16102 13012 2717 25754 14286 19918 7031 21213 32017 215 7777 22015 27962 18022 20545 8863 26745 31922 27539 6973 1586 16746 11116 14206 586 20574 15324 28158 25771 4439 26857 24050 30471 20456 20849 14470 19549 23437 563 18255 3990 22059 15439 23544 29419 23837 3089 17637 32636 7655 10005 
26895 27180 24756 21237 26291 9616 20165 4982 29322 6336 3259 31256 30387 4052 4604 28659 24247 943 26737 21197 25526 11131 12347 5535 13997 15964 681 579 31848 5244 28389 23717 15020 557 13109 12721 9981 10484 8822 20559 17229 26855 26529 6575 24301 20862 6703 4238 8052 14709 10132 9079 1331 21285 5446 3466 16851 1320 18928 9750 20648 15214 9881 14585 31540 7113 30392 13640 25937 31032 22361 13492 27201 12350 6218 14681 1143 17738 24116 9730 14353 23589 19529 6586 11679 11623 20169 16404 30796 5949 12007 13037 2235 10851 29724 18880 11045 25089 27748 14132 19430 23734 16740 1051 9281 849 9556 3352 27915 5637 11219 15243 13355 18277 20722 15602 10947 7739 23210 30796 29108 562 25905 9478 20203 5799 28248 14467 14400 31172 20648 3141 6984 5143 16634 20792 17588 5810 13588 20740 7659 4416 22239 25541 1203 13310 28495 30519 30407 18438 10085 26987 18448 26838 24676 16154 17438 2952 9527 8503 32279 21293 30748 21715 20512 5056 19207 5016 573 32480 8830 17341 6499 25564 8308 24011 29885 10365 25376 29843 1230 20950 9175 10140 11470 950 31150 31834 14937 19557 11969 5733 27886 23548 32601 32079 30555 13876 14415 30839 9917 14204 18446 29706 13633 27812 26743 3004 27016 27879 10072 10917 24930 12428 22876 31947 3825 9718 26285 26273 1045 9760 26641 13225 25413 1997 7921 13240 31030 21284 10818 6268 12815 10790 30655 32472 4747 7722 11948 6995 9474 27208 20485 22343 3261 32088 13588 4888 32134 3359 29592 18482 17923 13874 8200 14914 32244 21160 12686 6175 24226 1060 17499 18267 9958 11164 32498 2766 20968 10735 22247 4127 10274 1432 7663 5500 18781 19506 27886 2897 32716 3666 28223 22000 27520 119 8 9565 6300 21077 26251 19798 29633 23799 16025 31152 32251 11661 960 10195 
12814 736 5912 6932 32134 23366 17935 2293 211 9018 11848 2375 5680 949 11445 23584 5059 17618 19344 26172 15185 30671 6621 17504 20390 26585 20069 6331 4315 23900 18327 13030 19210 28639 10607 1728 9280 5434 24470 10831 20356 20445 11454 28339 5969 28325 14762 12144 31903 29939 12674 24495 21303 21256 13287 28561 2252 10265 13465 21426 31793 26783 8960 26832 30272 13125 14735 19826 30792 29664 13851 6752 7196 22329 4043 4343 20079 6569 14652 28330 16613 10363 8323 22558 29401 8394 10517 6611 2432 22055 949 22078 21404 13130 27955 4443 3209 14400 15564 2641 27736 29517 1856 6173 6010 16998 22348 31528 19688 31747 20976 32474 14618 14385 19538 25677 5622 3264 23810 27709 6837 30452 29800 15893 25580 23719 20764 2283 12218 15670 8249 13992 12125 23529 23763 13182 32403 27254 29559 12461 2849 7349 4648 23563 29240 32605 10396 32591 23755 26227 9078 12956 25328 20863 22667 20277 16122 32025 21101 14751 29939 30656 222 25327 11246 9078 6549 30513 20658 27034 29446 22234 32282 9492 23991 19077 27199 10358 30146 14702 1015 6986 23890 26127 8472 14979 8141 17858 22566 17791 5641 27141 6567 976 24571 21673 22248 11394 3923 4892 19497 20019 7145 27047 15762 18416 640 29721 2382 14108 2552 14225 10818 5268 17187 6365 6814 22707 4422 31520 19404 2230 3570 14607 13898 31827 3820 13944 23254 4759 13869 29100 1877 25223 11764 3776 19695 18325 22198 16264 13053 30726 31937 14169 29321 8454 732 24309 29319 13627 10628 15158 23068 32195 19147 8235 17008 2721 3066 224 9720 32224 29980 899 16640 14190 18803 29290 25068 11902 5347 22523 25622 6321 10295 32511 12739 8171 19750 17314 26724 18528 12761 13310 9426 23336 19110 27685 31974 1874 11834 13586 12908 15371 16757 29224 15000 2271 4177 14180 
13833 20406 20988 7017 8736 20317 21898 9996 6353 16407 28919 30831 6321 27576 10573 12723 28784 6112 20876 5517 696 17403 23834 7248 5217 32351 3850 11712 18497 18283 4969 17559 22425 13553 608 17338 27263 20920 7886 26609 12979 9618 15640 18646 22504 32068 17110 26266 13429 9303 25459 4253 24500 15575 17111 27100 23324 19815 22812 12319 22491 12451 30703 29027 15713 30732 1827 30760 13313 12888 19807 26243 10532 1313 23170 15157 9278 18368 28118 30680 9741 14425 1569 24199 27943 2358 1736 18355 9740 6889 13953 22544 15138 18062 9925 31889 26424 30997 14216 15259 14825 24557 22300 2048 19552 26306 3472 21424 17228 25807 8369 19295 983 24392 20877 3034 29639 32552 28392 10250 23741 1785 22090 26776 11804 14914 11159 17906 23954 19126 4585 12693 32175 24039 8180 28367 5735 18846 7952 32470 20527 25887 6805 31119 10909 14445 14603 21778 18429 4046 728 31083 29258 20497 15210 32341 9273 17872 10851 11157 23443 4956 18376 2943 6993 9311 21009 905 21662 9286 17108 13560 9202 26275 18166 9394 2407 2590 11245 24791 6842 1679 1221 8201 30964 8648 9502 25534 21459 17659 31448 27945 2444 12288 13379 28543 25908 22648 19936 13799 14929 27 30766 5182 25064 30250 31398 20539 15982 15424 31228 16075 17162 5304 306 15940 24168 885 29632 6704 31522 14696 10206 7235 12227 23742 25578 14620 16972 8864 28403 20738 299 11579 32112 14256 25491 14377 2082 20667 21936 28601 10487 9315 7731 30855 29741 5991 9137 8644 20563 27830 18496 11070 31688 1764 22328 10969 25851 527 4379 20500 29388 7926 11373 22041 29830 18808 11357 22634 29252 19712 4733 31429 2068 29738 4164 18715 22652 23681 6537 21663 9779 21880 5700 26740 26356 9055 10289 20650 13663 16427 13892 3265 15619 22738 2020 20807 24630 19098 
8335 22091 7867 20382 12979 28403 5327 20633 31935 24315 26386 2342 186 20665 17872 18009 31685 24090 29506 11869 22185 22979 29183 1256 25306 27338 25240 13222 360 30227 7786 8960 26531 5239 6378 30437 11358 16051 29508 16334 14019 2717 30249 10689 6089 28081 2546 8770 412 22455 22125 23338 30280 2284 14353 26201 9550 27556 25969 1883 1735 29764 28192 13228 19369 3470 31982 6892 22547 12565 4701 15954 30376 1019 12294 14006 27986 3040 4714 26746 32120 13033 1743 14786 7383 14337 17953 3943 26055 23050 8504 10971 9009 6645 299 5553 23269 29932 21099 4334 8442 8784 7433 20482 12969 12076 2445 1569 14821 27349 160 30035 10300 24560 28381 14642 797 6830 11434 23219 18507 5031 23078 16002 14930 31933 12491 2319 29092 6470 7074 1406 88 27008 25823 16602 27600 30480 8333 11539 31129 13651 18437 5602 22206 19685 29542 18483 26764 30029 13785 24775 2172 20042 15754 2576 12053 12746 14524 18163 31936 12780 12729 20914 23908 6641 847 31906 17192 20587 27970 27888 29472 767 15374 14419 17271 1007 19335 26965 13851 16924 1598 25272 16845 18813 13129 15255 20950 26635 12646 2807 22272 27185 32581 13912 4209 31512 4188 19016 14897 6572 27678 2491 24363 17690 20266 16389 30260 9628 20426 17047 7974 3418 27608 31999 18194 29152 23079 17593 10431 2561 16766 7865 5972 21673 16711 14462 2101 18371 9051 20961 25431 31417 13041 22255 10639 14698 25631 29478 19926 26065 12504 16674 30128 18936 26585 10667 23867 5442 7666 23517 1759 23550 6417 10509 21450 13137 18639 26785 10409 6686 9856 24975 7105 24035 11579 7771 21694 15967 952 5100 3654 17534 6972 3999 20436 16598 11663 27753 1441 12911 4452 12863 22830 29289 12405 27650 10931 8829 22096 15719 3635 2560 9561 13933 27209 30210 30833 17462 
10804 2074 13155 8370 17602 14475 20160 7971 6160 32484 3886 25687 5907 24736 25521 5894 378 4638 25021 7239 31758 25126 23492 16220 17134 29657 29475 31687 28491 8990 15778 7680 7845 28292 8312 29880 20600 24063 10084 8317 18441 30873 3459 15761 1554 2759 17488 29612 2563 9982 15441 30457 22993 2498 14754 9961 2780 19270 2031 18056 6309 9056 32352 22382 765 24025 27189 32675 5971 30685 20840 26070 28528 11764 12129 16076 9245 11112 30489 28679 15029 7142 8151 8571 26529 16911 24776 28295 21766 16666 10827 12248 23024 30108 12019 4774 21219 29720 8761 30647 24395 26219 17077 22563 6449 15310 32094 15394 6455 4921 17955 3757 8546 17842 4840 26528 13385 5710 16246 3359 20978 19903 8932 2729 29122 25066 7038 30217 30667 7395 5336 22691 656 663 7612 14516 10556 26915 31759 8643 30591 29134 29329 29699 10639 12067 29044 20962 14955 23396 20161 16362 16344 17408 3342 16136 12310 7350 8556 28681 2204 23596 17943 5988 8808 13679 17006 25839 16216 19098 199 21127 7839 6729 20400 12255 4887 5981 10013 28187 23561 3525 14260 2830 18080 29521 17074 9681 1609 23466 24926 27234 424 7205 32039 20895 30717 5764 22703 25331 32224 25609 11228 31438 23482 20977 11548 812 1507 19816 2197 26599 4600 25566 26879 26326 30033 17624 22634 3940 28243 6838 6445 21485 24288 32183 3540 5229 2969 15275 2921 5039 27878 28331 29046 236 3249 24477 8901 13821 10890 29999 30715 1675 20648 1031 7106 24872 30190 19960 29503 26531 23635 22354 6612 19307 16186 26010 345 21516 18050 26541 20929 19138 18918 29403 25740 30009 30937 10293 7055 18884 5613 30078 24779 16607 24499 15788 21017 29522 14965 4731 24183 17689 25900 17915 32012 10591 28380 23698 15601 19228 10679 10918 24012 8807 10943 4714 20580 32518 
18937 512 9955 31186 26450 27653 31796 1241 32066 30424 25024 16242 25636 21434 22339 9565 27305 12409 26870 3182 14080 31020 5300 5718 31352 29916 7544 7094 25441 22066 12472 9548 16813 11381 27950 23120 30018 25300 2820 29675 13387 22765 1859 24824 2055 23361 11435 30269 19859 19771 21886 18718 16965 12095 31310 19294 30496 22405 28653 30925 4290 27506 10254 881 1748 17127 8625 11160 29366 22833 14554 22510 4571 16626 12263 15388 3475 20373 488 2985 2113 13231 8420 3154 12088 1552 4140 22542 11357 16882 26457 11887 12849 17069 16647 30455 15094 14087 6377 16740 5809 13179 3040 28975 1886 12509 7652 10090 22460 25447 6227 20546 16815 18019 7673 17815 9706 21139 24810 8792 20649 14228 23268 9090 11167 26593 25191 8468 23479 27974 25985 30264 31294 20633 8750 1992 1933 19889 8437 25906 3225 19938 24278 9898 15093 11421 29621 3024 28954 17641 29770 19370 2408 12998 30105 14630 16213 5391 11768 5448 27775 426 8342 3511 25899 22494 24061 31306 26889 19956 18505 27606 10945 24731 16190 30339 21849 8369 13328 12240 250 25715 11505 25133 17550 19167 15395 19185 22576 8028 9652 3648 22975 24954 30482 23263 2297 11782 1504 2963 8257 20628 5780 20743 2509 2266 5581 16050 11063 919 25807 7644 10921 32745 3325 7171 11048 9249 22459 15142 559 1011 8277 6673 3035 100 28696 25683 797 9501 6634 23633 19704 5257 25679 19228 31952 27407 28143 28808 31177 8102 17633 4123 20738 7168 10184 11290 24818 21201 20138 13347 24315 19084 15917 10903 6390 12818 5132 19842 23410 11146 19810 6344 15904 31006 990 16789 7651 20433 26176 4828 19481 12486 7678 29055 14114 9011 4169 3911 18005 12833 20635 26564 24440 25672 10807 29915 7221 30086 9254 20047 29203 21547 32164 26695 15096 18530 4042 2290 
19614 19534 3171 1731 3357 2280 28241 21065 27870 2097 30575 18156 17854 20920 5803 742 960 13487 10002 15527 4838 26943 24042 29239 25867 3600 29344 22795 5886 10149 13527 12206 19148 11923 4483 13989 16348 20046 4165 590 12923 5909 11693 14803 7663 4824 1717 12593 12062 1164 29180 17720 8716 5589 12367 19748 32427 29600 19647 10427 11557 28637 14037 14359 8276 25265 18680 14987 9725 23790 10830 17849 22570 13757 20247 3373 19777 26943 23587 805 4013 10024 26632 17096 3370 15792 22387 3718 20031 30509 14989 31698 8630 8190 27768 28881 17063 16499 5571 28876 30975 15132 7595 29209 23162 31088 2870 27484 13445 28634 29784 8592 29935 13177 15053 18733 32708 16514 19612 25010 2320 25215 21616 1860 31380 13791 11827 8293 19692 31595 1980 24989 3630 4818 10486 17265 4342 20741 22655 32746 6342 23581 28296 7953 22280 14221 26992 143 8404 29785 10832 3925 4694 22717 23595 16416 28359 26177 6315 8484 17988 16970 19558 7695 4873 30317 10258 20689 11326 12997 1903 10433 2389 15990 23206 150 9212 6178 10543 27147 11596 26256 25527 32103 8112 3089 15874 31614 1086 32071 21303 12230 6913 26514 15973 10298 12018 29140 1452 10057 27990 4764 26906 13279 22508 12248 12930 27140 5570 3694 22722 1248 12342 28325 23051 7554 23510 9161 23273 11620 29565 26027 9677 30143 18214 29798 21034 8147 12612 11427 23869 14282 794 26041 6529 18958 1156 20720 3243 3080 12407 7789 8303 26420 9859 9046 7087 10469 20146 19223 12459 23172 9842 23273 22108 15811 11606 7258 1001 7622 19995 2027 4902 6011 9240 28001 9649 7631 20069 21019 8302 26023 23699 19249 16627 31227 14535 14386 27706 23148 18750 23451 3916 12305 27365 16599 29629 12144 22735 9156 13386 17036 31824 4267 17488 13129 5446 21457 5504 30314 
30065 6993 31024 21115 21335 14484 23273 14015 1286 31526 20786 13236 30661 26880 18297 15569 1400 15575 9248 19940 9672 28832 20347 20054 1029 32159 26794 32201 6556 29252 9587 30274 16437 14431 17094 17614 7409 156 23604 11997 14623 22701 21549 29295 17856 6473 10376 13311 16239 12205 4581 23788 23570 26474 10099 1691 9725 25354 24398 29702 21260 31118 2561 19720 15847 7467 20147 18648 29405 18649 32452 3733 2315 18492 14489 8294 25301 7545 7660 13428 11585 2926 10518 28179 31975 2726 30382 17720 12568 12576 1965 17105 3403 23830 6605 23521 17369 17512 17188 20376 18886 19568 26473 7101 6938 2267 15778 24692 8579 11020 329 10512 11337 46 12767 25817 25217 7190 20160 111 22799 17152 22811 25597 8230 25662 14050 10346 27301 210 4701 16367 25632 19250 26091 17415 29290 21498 14008 23849 31082 11631 26263 19735 24357 23740 8886 25025 12703 17382 14328 10547 17459 14656 6955 23252 26894 6064 17241 1906 1970 22657 28124 6135 6130 1800 24390 4836 32531 2793 30230 20168 2419 9423 15078 9439 1113 18854 8555 31430 1876 20872 9704 16212 4854 15995 20447 4278 2585 25664 21554 27794 15723 17172 18123 31560 19358 32181 7467 1560 27977 17420 21653 25776 6445 31137 31325 29215 11699 16979 26756 18835 21501 30453 18053 4348 8750 32454 30239 16431 22358 2187 26488 1651 2240 8403 2423 6209 4409 17117 20112 8931 27493 18805 24132 25543 7460 7629 14711 6531 4775 8966 26285 18182 22368 4258 31177 10247 17065 10308 14222 24757 23530 10047 20921 473 10552 10562 29818 22253 9705 26268 9880 7648 4940 16519 2902 19932 11440 21767 24708 10738 6232 7711 30062 17520 733 15326 30435 31940 4640 29956 8918 659 6715 8110 19651 7663 20839 6210 20063 20435 22693 29125 27889 23758 30219 19741 48 3105 
18450 16403 29187 29341 11918 15502 14828 16654 13164 11746 4331 23966 6267 11933 23144 31978 15249 17375 22936 6082 4210 30168 16048 25920 28016 27035 29421 23614 19781 24872 9538 21551 30032 22754 21254 27607 25397 18434 2255 7085 9719 3324 29719 26905 9068 22389 10520 1383 21089 18840 25571 17902 21645 456 12007 3674 21985 26596 2992 11184 21626 29939 31917 4588 28709 32289 17769 16998 23921 5669 31459 28568 17350 14500 15715 4588 21634 21586 785 14993 17020 23300 11215 25968 10619 22795 2071 22210 18364 24559 32721 22440 9481 16529 543 23026 2350 31584 6377 28491 18757 28541 30276 2262 2399 20128 5584 4406 20388 6959 13404 26660 16385 1423 28510 9262 23439 12462 31937 16904 17597 30572 24440 30037 3735 10638 27831 25132 19754 5840 27392 6801 22113 28874 6423 16731 14505 21083 19093 15319 13352 5884 15113 9973 29884 16533 5868 24804 18535 19065 693 13365 17777 29322 20201 28317 20869 1997 28328 31946 27546 12695 14994 2982 31312 27272 5690 6915 9220 23169 12063 4983 19293 11942 1886 11435 1141 16554 19158 23479 28671 27486 4797 7713 2460 17095 26461 16754 3113 16626 29331 1634 9891 24107 17523 983 4439 8191 24770 19543 11101 26441 28032 17039 21769 6856 21851 19269 31023 1488 12752 8158 8785 26118 21381 31059 807 27939 21149 2752 8792 18388 1822 3218 17504 13102 30537 31207 20125 2568 14660 14513 28975 20778 26065 25472 30795 11310 9623 16405 21344 32237 11405 14092 15963 15297 15242 8890 18852 23277 13763 25310 10783 12251 21475 24101 12069 31574 22179 7627 29194 4338 23691 28056 4592 15254 20394 26761 11240 5479 25302 11398 29251 15310 15476 3060 24745 22635 782 4863 31622 13619 10415 8262 10351 3045 15763 2954 14085 20735 25087 13321 14299 27822 901 20209 23688 5858 11255 2406 
17910 14551 25145 23144 2894 22923 28002 7936 16457 12985 32370 26270 26891 5099 4961 21592 21714 9815 24831 8651 29631 20682 14434 16464 17849 25776 23306 26469 13247 22935 2054 16693 31964 2741 21156 3126 32561 21085 29699 5038 19112 4475 29919 6972 3367 21748 10307 16126 2634 4534 15599 32055 23970 5004 13069 24542 25399 14114 9784 1812 29077 513 29367 16080 25635 27986 7691 13992 32331 22294 12822 31404 14429 23990 20911 12282 10779 10352 2464 21109 25944 31558 8000 15182 12510 9757 19008 19241 750 14046 8955 1606 19166 17037 1100 10784 595 7149 12598 6243 19405 19813 26814 9649 1306 31978 15265 10983 22809 10034 11314 32548 17863 4776 13420 18787 27567 32021 27877 23714 1615 13345 32070 8322 1451 5296 32134 26946 10931 26762 7341 27428 20775 6423 18913 30099 12630 16321 21374 30344 14013 28092 19578 7409 8458 11593 27864 15197 14020 21331 19741 2967 9464 15587 22676 19115 16014 24150 14880 24306 25914 21350 32742 2191 8315 12115 20588 31375 2694 3145 281 1636 7651 23969 8110 5077 10040 30179 16962 8884 8233 10288 23824 25463 30778 25500 6218 25749 29566 18984 20391 31828 26121 11821 5400 877 22361 25876 16344 3529 32285 28712 15294 17837 15011 31522 25794 28719 2117 487 23777 12365 1210 14530 31887 2637 13251 488 13308 17935 121 8539 25863 469 1751 16134 9784 20852 6352 7304 354 24897 32350 13596 16101 29854 32366 25403 22337 20386 25945 24194 29397 12732 18108 13093 29621 16338 2983 9152 5195 27549 25646 8013 10468 31636 4913 23127 12208 24478 1788 19061 7841 20248 6376 309 19491 11357 4185 16569 31697 5520 26229 10352 8156 22005 310 32280 842 11658 20002 6049 1989 10664 26306 13754 25150 17023 17981 19451 22388 6768 29676 31753 20504 8517 9405 27372 888 18839 
18485 18553 31853 31752 16349 2857 7753 3778 11905 17940 23674 22298 6903 15213 2652 11651 26804 18744 27632 14553 23771 31272 11349 18369 8671 15361 11203 15849 30564 28828 1542 26862 3397 8020 27926 2984 26001 13233 30170 25720 30519 5786 17095 32505 31771 14405 21244 4016 5343 3550 31113 2260 13210 4366 9887 29685 13896 1838 5683 26105 978 28847 3038 26761 16033 30534 25622 4815 4778 138 19594 7785 21869 17453 26597 11249 21478 25348 23462 13161 5834 23916 13941 12040 13771 21777 28204 11079 30579 27118 14539 897 19894 12306 31193 19084 10786 6473 13335 23777 12750 25633 23493 10575 23568 14117 4809 4981 3496 29244 27436 8055 8539 7856 17774 7908 1825 23931 3779 16172 1620 520 17451 30412 653 23723 3616 27642 19697 27120 4537 25628 10163 3772 11847 12915 19551 11043 7369 21070 28902 24364 9130 14984 17102 28886 32702 9969 11536 9024 9803 1264 20442 24 22870 16375 28754 22364 14883 11562 11998 6689 26325 6603 19424 21011 18132 16333 3305 27875 24598 10346 25614 31050 4313 14739 31175 22451 20923 5283 28232 6046 2980 15475 11444 20435 31418 10764 17094 29476 16320 8596 3121 22663 9245 11095 17704 29613 26311 29296 12962 17105 17194 23404 29818 32073 19639 2289 3480 4124 14422 1580 23160 15280 10539 29754 4168 21294 31093 29813 27053 13557 16149 5945 23488 27342 16469 29657 13709 3630 19586 12690 4512 32063 3045 27278 618 5734 6578 3009 24706 8970 9205 21731 30278 10535 21039 22650 11541 14061 25871 8973 21973 6534 23126 29267 23169 21131 11284 32231 2314 26531 31509 22466 26431 15987 12283 11088 10584 27123 22305 7809 23067 23684 28294 1814 4444 6382 29079 8666 11101 16015 12153 16356 28034 12907 7532 22377 32267 7975 16469 15630 27320 25661 5235 13579 30845 27553 20100 19003 
13606 5256 22613 3584 32123 30319 30814 16889 18405 30379 4542 19150 8915 5505 28568 4106 6443 173 14806 31626 31423 18991 15095 16844 20937 25992 9179 4269 25346 21305 7329 27337 6331 31768 8042 12682 5644 27674 8911 1642 24317 19196 20841 22671 8684 4143 13815 16328 1339 13236 13536 29816 4934 11268 26894 1648 10391 4150 11741 12015 6431 25509 19603 18590 7071 31781 8835 15771 1660 24965 12768 4602 18886 2804 16910 2854 25302 11331 22797 16939 11859 10871 11239 7322 18727 5887 13424 22185 4967 16890 13768 7138 32662 24891 21768 21696 3800 29137 11370 10015 5383 12385 15151 21928 1508 13598 2260 31184 2344 4586 27829 3850 12167 25862 3602 18698 9897 22841 20127 30343 25127 23351 17675 28573 3081 6185 28333 6107 640 18840 15653 2297 30008 3570 9555 4449 7027 7861 2290 4284 769 24958 18947 19965 18118 22548 24338 7819 14549 16248 26769 14215 10613 27194 11232 13759 27023 5911 5604 15650 6697 3160 3750 1378 26147 8364 16756 11790 29684 23240 7734 4990 5664 32536 3119 2368 18945 4665 13102 27565 11877 17960 23320 16463 3015 8260 15926 15232 4814 7228 5574 5232 7826 9982 2624 18322 13099 10736 13101 31071 8376 21243 13197 19705 10403 3689 31132 19630 20610 20670 19028 11992 20580 4179 18726 27352 24002 25592 14622 9987 30564 15286 23113 29906 87 398 827 20605 25648 15798 8234 4294 24620 18669 13743 29880 1702 21313 7391 25449 10001 21179 20900 31905 1158 20472 23712 27782 13031 22454 14499 2060 28393 19550 6013 15636 19488 31863 4172 15236 17260 31493 29107 26659 18341 20787 28833 30681 32069 13568 1760 17775 22294 4760 19744 8551 9754 16016 28687 32418 19577 4368 9034 9360 15297 18209 10424 5849 9010 17609 12837 17755 6206 29838 14201 8437 25082 27993 12346 11600 
21112 22227 21176 17973 11492 23882 9822 29111 30586 22849 972 8213 13789 2436 13506 4805 12070 11400 30192 32124 1865 26286 20105 32163 11365 10005 15350 14178 10471 2071 22161 23854 26233 6800 30683 23849 19975 15923 18654 17306 32599 602 19132 2720 461 1492 2712 3009 19109 25091 14142 7665 19288 14204 13196 5837 6267 8162 18590 12515 8631 2963 27530 1178 9561 24268 6692 18704 799 12853 16647 27679 23525 14472 21870 24664 7972 16581 4319 17260 29675 25767 8955 22061 5256 15860 12534 5056 11747 31864 8926 29963 10308 15971 16336 21604 27404 15967 17084 17409 208 16915 30415 1664 6928 2155 1597 19519 8402 15752 31309 26569 24486 13134 16499 12866 9994 10051 28527 2962 29362 32682 29731 5695 26780 12271 31941 4491 30559 20833 14115 16512 28643 7966 373 10907 24032 20877 14734 1012 21416 1414 6113 4512 30271 12494 30449 24116 10310 7047 2289 11583 12160 9204 20731 7864 26317 8341 10263 12825 31300 5379 2447 4825 26019 14419 7223 3266 9820 16003 14656 10091 23714 5908 3063 27131 15404 13548 29076 31630 26307 29310 7360 6720 9511 25246 16160 26104 6510 5389 5227 20061 25426 18448 7543 26571 27637 20802 10556 22265 12102 23247 13036 13171 32016 18887 25050 28473 8414 23453 3445 18251 26534 17964 1734 10665 25614 6720 1295 6252 5199 13869 10969 22248 18794 10561 6700 14425 13628 14474 31223 30017 9215 15848 4064 850 19558 6270 16012 16557 31041 23069 24213 22597 9038 24964 8556 10056 28786 1208 21698 26665 4890 3067 28650 25076 2929 25739 20721 24882 167 21301 30710 12504 15837 9774 14353 26967 30300 21887 211 25588 9051 16287 13560 10479 21746 32171 20657 1303 15390 16575 9208 20226 24289 3882 10153 11441 9007 4921 20877 27963 21528 8195 13995 6353 26523 1971 17309 22664 
20575 5406 5966 24597 25451 4750 23101 17686 10702 1485 8861 11896 24332 19119 2843 12688 9602 24944 13203 5133 2315 6185 14944 11113 13286 3206 24782 29705 19896 32587 16571 20331 7971 25775 18076 23357 3118 31827 27570 14155 21991 17057 5059 7992 13966 8403 6620 30069 14630 2930 30463 20916 20633 11329 6754 15710 25037 6828 1211 15287 30881 29615 18501 15131 9063 26825 29355 13762 31130 25889 7877 24852 21119 22090 15367 2666 22354 9050 25105 30652 22961 23540 4932 28697 17190 15772 10565 5741 3772 29779 23946 17698 12364 30865 17944 20313 18934 8042 27464 25082 2637 13369 10339 21102 6134 11462 19469 18537 307 28301 20698 19172 16288 26775 1474 29991 5894 14927 15598 21156 9418 6696 20251 27778 27744 3005 27733 10023 14770 3650 1998 21008 31093 13340 20565 1457 9962 13439 5783 15622 19246 16528 23196 20672 7837 10090 7469 23804 15264 23914 25249 7044 11391 31983 18971 12687 21378 27741 25472 12994 29575 23762 23693 29834 16253 20593 24688 22617 21962 11677 11960 3798 12395 9801 9617 31806 7841 10690 29740 10251 833 14674 25812 14169 10535 16910 11312 6953 24834 20048 21723 9823 20696 884 24482 25470 18616 28924 26899 569 10712 22451 19469 26515 14207 30221 32364 20183 27117 11934 24954 29394 16188 30173 7948 4881 11586 6137 11225 32724 31351 31948 15910 1593 18546 24484 11227 3793 7611 4334 12131 19615 31016 31544 20224 30894 26999 14937 560 18751 30033 19054 6575 20377 9424 9114 22203 11406 1571 22476 3506 30814 22907 25485 1813 12608 14905 13177 9681 7449 7986 7345 647 18193 18733 19232 5162 21754 15963 11137 31125 23691 13665 20202 485 31460 26009 11574 22636 11816 22465 29656 19334 5116 4263 27245 28022 18725 4652 29331 27057 7940 8050 11260 6736 23684 4112 7608 14948 22947 
11790 20623 4076 3862 22048 3103 29498 20657 9430 11470 7592 6969 19851 29805 5762 22563 16376 24583 23659 29154 8986 7437 7821 1517 16204 7062 30536 18112 32341 24613 2503 7289 29030 25896 11077 16304 3919 29131 27204 15653 16226 8023 21890 18221 2 7421 10476 27297 20175 6396 21874 6498 2853 31050 9679 27694 6680 31861 2369 26620 28811 20814 16199 21875 16484 14011 6980 7017 12731 27656 7128 29713 5111 1091 22573 27959 32685 24411 31699 28347 28225 16571 10333 18969 28068 30541 16845 13752 8887 15726 11492 13913 20872 554 23827 27726 11923 9665 10708 5655 15833 7887 29799 24962 9975 23592 8285 14510 2701 28316 28750 27610 4703 10941 31228 17199 12889 22182 16082 31025 30469 19192 11484 8434 9114 9205 12687 19451 25595 4439 14687 17305 24741 14179 32319 18705 260 14964 4073 31580 17101 20801 25651 11545 4079 147 30611 24392 22423 14796 9431 11293 32488 24881 13418 18997 18499 26118 3162 31522 14352 30459 13905 26117 12430 1326 18559 27778 29568 23230 25105 15377 21405 9063 28631 25689 12004 5434 14567 32615 3206 16445 2588 31497 2557 30946 20 16156 4666 17831 20423 12225 7893 21025 8244 16377 24212 31169 31997 8535 26603 21299 32348 25664 28399 30356 5434 4504 6577 32300 9907 15560 1511 16362 12367 23630 318 15691 26926 14864 17933 25773 25271 26468 26335 29348 31238 18173 5127 29412 6101 97 11608 12444 26881 17405 9345 20880 19446 960 11376 13074 6868 13629 17331 3924 13368 11821 5548 4494 24556 8757 26131 32137 23107 28281 10740 21316 25255 10044 16678 2599 3389 23165 27733 29950 6740 11309 17667 8684 25109 4007 1440 6484 4685 2965 14758 11633 21688 32060 20068 3177 7790 12140 3684 17884 27541 1157 6785 98 3527 23759 23871 23446 5294 18056 31212 22693 14716 16651 
4231 10363 11189 25863 15084 23393 15187 13666 24087 27606 26354 10590 19420 9039 19407 2333 25714 19250 31553 23203 3590 5938 28284 23970 10468 11151 25476 391 9492 20207 17458 24999 24362 18812 25328 20663 12244 16310 22662 2696 19983 20717 24650 11297 12176 10212 23422 18943 31021 7413 19640 21908 4189 17328 4890 8296 24283 22846 9618 8755 4921 3667 29358 21818 16103 15702 23659 6450 30337 25327 19522 25364 19464 3735 2726 22223 28907 5784 22854 23917 19420 1907 23817 31416 32739 16419 701 15482 22846 16705 1583 6013 23224 21816 11519 6053 7123 15909 11390 770 13478 681 31274 22981 1672 21115 30525 31656 20339 9772 25167 24184 28530 7161 923 2639 21846 16746 23322 17029 32468 21398 2235 1427 24228 1483 23546 24960 13401 15902 13953 11840 5324 4960 21170 28024 22657 10911 28355 21464 19205 14073 28260 6229 27332 28256 3474 21287 1246 733 176 25017 3342 30555 10283 22374 4312 28058 15448 7448 14752 7566 28590 29803 6996 17347 21067 16889 540 18612 11152 24319 6423 11907 27192 24868 2684 26413 19115 8778 28294 10852 553 13843 20871 11051 17763 2395 30862 8734 5187 29255 30969 9947 7555 1498 1752 8672 21204 10884 31436 24428 28799 23022 16246 23815 29921 13821 21868 5904 27183 21916 7905 701 21081 28784 12748 28898 19210 3943 14489 25237 1071 12234 30175 31587 21186 4098 1417 7615 7024 20711 11204 17989 14947 10013 8970 22121 22317 7563 31897 29127 14021 9909 9765 18432 22833 1974 2526 2737 13045 516 6639 20789 19470 25320 25486 12520 27861 21431 5108 31669 11601 18154 6455 464 4964 28418 27182 4635 30618 12985 12013 6706 28014 18520 7101 25990 27413 2145 16224 29550 14352 2428 4804 26006 32697 24929 14544 30641 25341 4020 32328 10663 12738 6925 27519 6633 6055 32576 
27954 5548 22352 15277 9779 6576 21136 8166 2989 7875 28399 18289 31016 31830 1539 15408 23088 26427 22993 28654 17804 8405 26019 20373 27850 1986 22376 831 32502 278 30309 6662 10630 5908 193 28716 370 16536 19565 16965 28695 21429 24112 3809 17337 16719 4621 9761 16086 14617 6720 5469 25841 8066 6816 15665 22348 26799 17941 25936 32204 8887 17696 5236 30208 4335 16763 19102 3793 11497 262 31027 32504 25752 28473 14557 27618 24818 17499 24202 12374 15690 15788 1281 24193 4921 23169 7305 8556 26327 14367 19617 10085 790 15469 27885 892 27915 7301 6359 21523 29276 24319 16248 6617 11967 26226 24030 3767 988 21781 3120 9608 27849 10066 11032 10189 6093 30565 28427 18447 22095 3204 24921 16225 3614 5867 3296 24811 8537 4071 11891 20902 12592 1058 12962 23311 3551 20230 16216 15911 11746 30451 17399 5313 3477 3302 18064 32481 31710 32143 5664 29511 20720 21386 15935 4895 7137 9641 2609 26964 11212 18260 3709 16303 4535 29396 4160 3135 6845 7315 24632 19263 5286 30662 1866 24527 30040 32639 14720 3877 29696 24701 31468 31685 18488 6688 8325 8457 15442 31357 11970 789 3158 22460 31755 8162 25425 267 31388 6247 23149 1722 25610 21632 2086 10080 15602 31227 2510 17291 6863 8737 8867 17130 5785 23005 7026 4077 10705 20699 4526 12486 23300 6558 27082 19089 8638 326 31974 27714 21819 3310 24975 17534 21530 32748 26912 19478 18982 16371 20354 32242 17031 5840 1700 28511 24410 29812 25662 5632 28931 4234 18326 29011 9845 3849 463 17592 14035 13619 25251 21846 9218 28850 7906 1630 28773 11036 19141 10607 12091 18316 1374 18896 27725 22746 26820 7061 6959 7424 30247 12134 11448 10313 28113 30279 30774 23115 21428 23975 25443 30945 21842 24167 20467 20761 16083 1217 5673 
5830 5457 16916 15512 3597 12578 4471 24793 15731 27370 3338 13104 2940 12286 27173 18782 113 9277 18666 29591 8426 7147 22493 13641 15025 967 4096 29200 19171 13527 11282 1201 9607 2471 5128 4658 2953 2678 21575 11244 7977 19841 21559 29707 14716 28550 25453 30243 25139 5605 32106 27882 6402 27817 22031 13627 20779 23482 22164 19110 10099 6470 13974 10961 2385 32390 22799 32455 29071 2995 28224 6540 23993 7739 26948 1199 30459 4408 2585 25446 29970 30422 25476 16606 21441 12233 26617 519 10139 9243 20919 106 23517 31178 16029 8250 23232 18510 17227 3233 14821 4377 16493 4491 26739 26038 15812 29671 7760 21122 19727 12573 18014 11239 11601 19722 9496 3551 11710 12452 20854 3767 20610 7073 27825 27190 19861 13045 26683 14094 24885 16754 28318 3361 11003 6859 31842 6591 31785 30246 23566 20208 19620 22432 14936 3428 27399 5054 21726 12546 13312 17500 3938 7836 14452 12575 31747 7528 23960 5258 25737 1347 4979 7252 30649 23239 736 19173 28210 25993 31482 17757 21282 26958 3408 20234 22786 19421 8327 20962 24299 24377 5435 31437 17027 20967 5382 5570 401 27641 8191 11472 12780 20278 4179 12750 9951 29783 12477 31511 15929 27301 26773 31772 22605 22715 18817 20340 7186 22463 16875 14803 30145 20211 24173 26942 11284 27710 9434 6577 11561 9800 8466 26617 5458 26581 28196 427 7824 25919 32463 7166 20822 20675 12014 11346 5643 24400 14228 21934 5830 10435 10767 13386 3357 27162 18931 25749 6738 3624 20443 26021 9399 17116 25473 32685 28062 19320 21339 21422 10030 23479 30233 13304 31600 3668 21186 18797 11511 15550 20237 25344 13674 10034 23019 32170 9253 11517 2712 9923 854 25631 13574 9836 19793 30288 23041 12735 8662 9707 29020 9541 24936 25927 18438 12417 7805 29502 31338 15938 
17288 25079 5184 3690 1784 986 17463 24294 21222 185 29495 12029 15998 12772 27018 17842 14895 23478 8466 26435 11906 14219 1042 746 13977 7542 1669 29964 27818 25963 31844 24982 15051 28949 15572 22212 7723 5136 21925 29497 14630 29982 9467 207 23641 30347 9485 32380 20314 5857 20136 17496 26460 2207 28656 8159 27184 27196 28355 14603 12837 32697 8919 10839 31657 21352 32176 27834 26857 14338 16125 13462 26636 23913 20324 2745 4224 5963 21714 30283 4435 22076 23523 30813 17977 11963 12048 7050 28008 20022 16948 15558 27603 17454 19166 2697 6403 2786 3384 5247 24509 8411 1695 15851 1504 2796 9681 3292 18156 17556 13875 10995 3445 29671 23369 14193 7783 23261 29601 9065 20343 32350 30269 19952 12743 23578 14377 11348 23621 2496 14953 4327 18057 3304 85 18436 27790 32762 4066 31737 8585 6802 10206 27340 10221 28020 26293 3542 13755 17707 24134 23722 24214 31329 18198 16001 25619 28481 28341 23951 20458 29627 15531 3491 1460 14838 19655 29607 4555 6889 1351 10616 9858 31989 3441 22073 13395 31570 14147 23769 21428 23363 21914 29945 30669 28373 13513 8903 20787 18913 5317 22311 26328 2741 2493 25834 15214 18380 18824 31641 22197 22776 7927 31692 15070 19656 29606 29654 20667 17854 14689 18923 18664 13749 30664 10352 18976 3067 32227 5790 368 10617 19521 3463 27151 8302 26427 26398 20603 3699 2094 25656 23454 19471 8229 4671 18022 10300 10427 22176 6450 19100 12272 21457 2408 19948 25027 14174 6017 20119 7951 3006 8270 14691 31346 10364 28525 17462 9679 24660 873 2183 8515 19872 28172 20568 9478 29740 18618 28435 24068 31906 19807 21299 27173 30943 32207 5895 6207 31492 19559 1136 4959 5608 31406 15639 8707 5857 28012 9400 32195 199 9025 18647 16395 9256 4970 20051 22538 12835 
20764 28218 27749 24366 12334 23972 18129 23417 28878 8767 30336 16023 31730 24735 15185 20916 17417 20701 19148 31096 24790 8278 23582 26790 1481 15786 14435 2831 20034 19490 16850 30773 25806 22669 1547 29424 12603 29004 14084 25371 2578 31775 29558 21138 11479 1972 10837 1255 17283 10081 24890 16642 28479 6609 2712 21891 32533 4361 12442 14630 22305 3926 15959 10991 28223 6930 31491 1023 25893 30278 27463 396 20622 10341 8899 18990 21849 22998 27572 15530 13469 31920 19952 17715 5686 11310 7886 7890 16385 4757 209 13628 2114 15268 25988 4443 29905 30242 19676 24729 10548 16771 15469 3121 6416 996 399 3472 21011 10993 28108 7158 4048 30518 4902 26410 11139 32609 20150 27955 10053 24708 25407 11312 13636 17982 4871 14447 9633 24152 13346 13745 18372 20677 15741 17896 15970 14907 32037 13337 12025 6099 4523 24342 16306 7906 12915 27373 15651 961 24422 30448 10022 17036 4421 15404 13726 195 12540 17744 20661 12874 5194 17969 30953 3385 24534 28741 17347 18734 1934 16615 6627 2565 14544 19923 31864 1665 28749 10591 10586 866 16976 25164 3266 27258 18762 31502 15267 6491 15661 30163 13689 12198 27114 897 22597 4699 7043 7349 29786 30201 11491 31881 19207 2387 10000 30696 9893 17291 5896 6779 25370 28793 12178 28930 22875 13247 27200 20248 6666 22305 19332 11232 13691 2560 5558 221 28416 19706 5006 23937 21879 11252 26798 29813 9310 1246 12205 24924 28975 23610 4039 409 12862 11014 19930 23669 25792 14340 8963 11068 10309 25543 24381 7249 29491 7833 12940 23091 19314 6055 12865 23641 23569 1484 32085 32041 262 12757 27784 8142 32264 8546 21128 12276 18505 771 27971 3827 14050 80 14623 30231 10498 19631 26484 3436 28717 16542 16290 31250 13821 9652 1760 5248 12280 29363 17558 12074 
24506 10064 31830 23153 23633 32666 17739 30194 3504 32559 4251 8777 13793 8855 1503 32469 6440 29010 24680 21059 30282 12415 11041 31061 19641 24582 16794 30297 31041 20576 5703 5829 80 29587 26459 25350 194 3761 4438 5928 14373 7176 19495 4978 10102 7197 16965 28544 6004 16328 30548 23988 23452 16237 12419 26010 28521 14535 9671 756 12610 12094 25530 8125 25460 1885 21696 3946 23961 2253 6943 13128 14423 20421 24689 17796 21644 23421 20539 17411 25173 7893 23082 15814 20996 2199 25267 167 21172 546 13469 23803 3102 25746 8461 6740 7550 12577 15918 21850 32701 32032 30232 21290 24831 15078 9041 24676 3186 13500 25934 30015 15213 6678 15723 27373 9327 19634 7736 1601 10774 22318 869 19666 27761 8625 3604 9429 7152 16326 6624 8593 14196 13025 8744 18280 30494 23797 31332 2215 21983 8363 12180 27936 2651 21071 25823 17284 8646 24098 2214 15082 18603 2446 29563 23090 4370 26950 31685 21007 11167 11675 32138 30645 24540 14830 17135 16880 3026 12320 4483 9922 25843 27431 10129 14071 20533 3330 1900 12677 32083 12324 4741 23368 18307 29547 835 13268 7440 21688 7233 24587 3539 4485 869 18341 25935 27930 16300 3574 9112 14194 16853 14611 28595 659 655 3067 14089 2036 24918 18342 23135 9442 12406 6977 31838 8659 28122 22343 27664 11085 5550 26909 28467 18323 11104 7177 17941 7202 19841 19285 2524 29743 1246 28913 26175 30957 21770 1474 19359 30620 1291 27798 14578 8148 10026 9282 1671 9030 13600 14532 32296 23304 27947 1999 13357 31272 21568 2297 23959 7973 19554 22883 8325 27325 16569 25423 14388 19046 4703 1366 9500 16137 27739 12363 8866 22185 9109 7577 5510 27545 18424 13592 20002 14654 12548 18319 4248 29679 13602 17163 23655 19920 20425 14977 21432 20023 1717 2045 
335 29486 9087 7917 11154 888 6342 21031 22308 20289 15569 25142 2047 16747 7296 20848 26807 6364 32590 22757 20628 6522 14761 10184 14491 9131 24566 21445 22738 19522 30915 24875 16437 6262 31780 25090 1140 29179 3294 10805 18366 21800 1945 29559 9702 9553 22052 21371 6818 17322 18307 30332 12117 11501 2117 11534 2826 32001 13190 6882 1013 17263 31509 1128 21028 6884 23015 2644 28997 19275 14634 4617 9851 30285 21813 31072 2835 12776 10903 30510 16594 31266 24366 8130 4435 11127 9994 28161 5827 2055 30042 29140 6325 14238 16211 28633 27462 1097 29605 21265 17137 30487 9918 8190 22705 47 32616 29642 8323 11366 31126 13594 11835 842 1237 5759 20581 13566 698 30098 32739 14587 17986 20410 30518 2934 16602 24198 23177 31786 5070 13058 32624 7770 25238 3859 457 29809 17999 7592 2750 24947 10985 13091 28608 2610 679 26581 29618 20365 14390 9834 22175 27372 20069 1657 10042 27193 20603 2422 2255 5769 12406 1867 20883 26231 233 17834 5558 552 13389 17378 28117 10065 19044 6101 5716 6021 26701 21294 8481 1687 19594 22637 28823 24838 27747 17690 24627 2491 16926 5379 20408 9698 4484 20218 30739 17567 12391 30557 24304 14595 5397 28592 25755 180 7018 2484 32091 29114 19070 311 5476 11918 30326 27451 15024 26700 21320 14787 22880 17935 22514 12067 888 8050 7034 31646 2519 19617 21769 26284 2369 7366 16423 27480 30129 24762 2272 21579 30013 15840 12789 5615 8824 21825 22190 2597 14086 28946 22837 29842 13925 17104 22071 12148 28511 6056 22303 30525 11261 30263 2242 11010 5568 3227 8172 30407 17025 25612 21905 11172 11578 16425 1054 8707 13646 24033 10728 13098 26527 27151 14887 10293 17873 13675 19311 15094 30085 5787 7892 28868 18761 7738 11117 5203 26495 18452 11772 20271 
17692 13589 19142 12405 17690 18784 4156 32752 17301 27309 10290 29615 6306 14571 25969 9814 26950 15739 9236 18795 10950 1255 19274 18171 5242 2211 12834 27697 17554 31117 17687 19391 333 8475 23214 4644 18740 26241 19979 6384 6555 29818 6895 10589 13448 26296 20784 25011 25087 3501 27440 25322 25407 29193 4106 8342 20145 15714 14264 27817 31950 11916 23522 21402 23861 22950 25598 10705 18294 29703 1522 3672 28632 5805 23584 22116 20742 5237 2393 11357 31425 13362 9972 6812 1091 30346 22309 23619 26257 30072 14285 15304 1668 11592 4804 18785 16204 24171 18573 32134 30878 27907 15952 29999 5158 28688 23411 7485 5415 16317 20073 20444 5946 30913 9284 15100 29087 32159 11365 10222 22650 17576 31397 14278 14058 12745 5489 10615 28214 3582 25664 17329 7632 3049 9808 30481 18292 25570 26220 8367 19288 28578 28573 31162 9384 14255 24225 14983 23502 3569 27917 10091 20524 20348 12216 21472 5789 26739 23028 26957 19578 20973 27050 30507 16314 10446 11825 936 19144 11100 9052 19007 3813 18794 23856 6835 23902 31295 24284 22290 26329 7924 15626 3483 518 15430 3657 13622 12953 15672 8986 132 10028 10721 10581 32539 16965 11581 28 31574 1574 29394 6971 3837 9716 11409 22711 23581 2173 6273 28269 12419 69 5056 16980 21204 15168 15418 13827 30815 21269 10629 21588 13990 14335 8222 27412 12551 9430 22863 22180 21525 7160 24235 1548 5892 17549 20754 28280 30987 26652 1225 9810 27548 15919 4769 32139 13279 32344 11897 13403 18578 25281 12833 9429 17151 14551 15041 18845 11085 19244 5988 28110 1711 10794 26706 19333 32108 9741 14057 12934 26371 19751 4007 22670 21566 31069 15058 7979 29775 5533 7609 6559 25107 2962 16108 18363 7418 19128 14121 23079 29501 31089 30477 17167 22048 11843 26718 13218 20581 
9296 12724 31098 13393 1709 3159 24449 30108 29439 5254 31971 3782 2299 6832 17002 8696 5973 13606 7641 17913 17176 17680 3603 24657 4219 15931 12945 9570 3402 26995 12047 29257 13626 543 18043 30014 24524 23205 10410 32229 17311 31235 24844 484 10594 21418 22421 29315 9725 18518 30247 9585 25502 23265 30787 10933 2832 26565 13057 27190 18798 16435 29326 2717 20931 27074 8981 3650 23964 10416 5847 28713 21304 28547 2900 19063 4463 30076 27506 29309 8814 32394 958 32734 26502 20540 2676 6253 24354 11269 14355 30010 11596 23267 30476 17581 11411 32606 13082 2333 26888 1549 15614 4644 8708 16175 7464 8181 3723 787 26784 24771 32696 19984 22740 14056 23483 26533 3952 23522 26693 4264 20472 2748 26578 16608 17797 3095 7429 28012 25932 6800 30617 3324 3008 28932 16540 14733 22512 363 665 2662 21072 13505 26521 15799 16093 3145 23911 566 14533 1280 24249 22912 27525 15304 19503 5774 24351 12291 16823 21473 20898 3491 29955 252 19070 18489 25475 1406 13935 19553 8838 9025 11576 26355 23776 295 7374 28495 2189 11114 21008 14040 15037 6692 18786 32179 25390 10208 5614 7293 27446 26449 31743 17062 30320 8123 22531 22685 8516 14864 23056 17990 7877 18699 22468 2990 10860 2837 8683 27269 15146 21962 12314 23661 19492 29441 27362 4273 3390 3560 4824 21785 17149 30516 12067 4186 10651 29757 30941 28192 19476 30491 17094 11716 2784 19129 16684 24896 6022 8490 8492 28199 20473 10945 8199 17939 2656 13314 29404 25045 23022 25698 30876 18296 16942 25898 12636 7209 3541 11822 20320 16530 26586 24947 8420 5995 32215 19486 15840 17796 6354 3760 20912 11099 29756 19358 24196 27103 707 5296 14783 8767 24436 4698 2723 4462 3342 15141 11075 12499 9010 19695 10438 998 21358 26171 28723 25701 
7628 15138 1119 14959 11223 4749 503 25608 30205 7453 24715 8076 15117 4512 28659 20424 16430 30351 26592 29706 29248 27923 11601 13682 27140 13125 9944 15218 13233 32159 3734 23876 17178 6024 9367 9685 18980 14157 7447 19803 2658 9383 3770 19448 20241 8983 3882 10100 14773 13374 2189 16103 27703 7709 11838 29401 6762 8275 26873 10388 8344 14711 13388 24460 32569 1824 6191 12425 20203 29659 30088 21376 2438 8161 13697 29048 10661 21900 4105 7942 22670 31643 6325 17149 23179 29806 11757 19458 24964 29280 23707 22449 32635 2179 20332 21917 27143 6098 14073 22095 4307 32239 9803 22995 20479 420 30151 5165 5444 18347 439 27071 10130 8642 24054 21776 15401 27184 15489 13965 7801 16198 17673 26546 18687 17727 24051 20030 15192 15837 5043 15462 6721 19420 15273 12857 5235 886 115 22713 23681 24989 17974 8689 7012 13170 19073 32261 26890 17467 27233 19306 17083 25669 12670 24746 27889 6826 18378 3978 7350 25208 24928 27944 12362 4434 30820 5872 30182 4469 32621 12064 30309 21124 15258 19854 17604 29839 5668 16104 1956 7304 31463 11376 23708 29273 13110 20730 1247 16636 30698 22667 4444 15210 18352 16941 19678 11476 23523 5970 31602 28555 15263 12941 22857 32341 28605 2577 25271 6129 14375 23421 27095 28651 7577 9752 1809 12260 26182 27608 7680 65 27335 27650 6539 18850 1122 9802 26062 28611 19405 14249 9902 21033 21188 28444 16284 10631 29577 2687 6228 17877 17468 14013 20947 8757 27534 2227 9585 5098 14027 22401 20254 19125 8658 3153 31922 20132 14438 22216 13554 11035 21032 28165 31097 6876 20622 29324 20412 30980 30005 8950 18487 7584 4227 11439 6839 22527 23160 27539 6688 12354 13998 31162 17114 31130 21540 32604 10590 20115 22109 9634 19084 23990 2767 16225 1508 3991 30955 3992 
21347 26225 8386 4714 19559 8316 15759 8422 16609 2045 683 9245 11041 12723 8190 20094 31387 25976 18626 16821 1970 24651 8138 18350 3862 19054 30561 30462 27002 21911 7973 11348 14768 26059 26136 24205 25288 20018 30539 5145 23321 22578 1007 15467 451 12439 23118 16850 4613 19395 184 25853 1076 5173 5637 16979 29976 6175 20101 11736 25209 105 2526 31644 13113 29049 24363 24749 8708 31403 5773 13094 3621 5971 13277 25352 23591 11408 12171 367 25969 5083 13965 263 7390 15975 31952 13234 2916 5923 5066 30777 18094 20001 28546 21277 28065 5770 13521 1138 5785 21069 30083 1327 12612 32412 26713 5417 10515 9696 30564 11463 10051 15958 18928 23620 26152 21501 18873 31813 19688 15346 31097 30999 17511 24794 20434 27512 8217 3609 22810 29124 30627 25046 11929 28901 26872 12234 24367 11339 920 19006 4139 20245 28734 14328 29097 21959 10495 13731 24024 3270 6272 29221 30459 2522 13709 13571 13541 11453 25055 6538 10473 29706 12221 1629 5195 23914 14376 16471 20713 24499 5372 17127 8040 514 13794 23611 19472 11878 20866 22332 21576 26814 21247 5995 32750 25653 12688 26331 21796 25280 3684 25256 2493 19098 12707 13202 1670 20533 19468 25140 15699 10518 1580 7117 30305 19772 24588 29898 16103 3836 9018 19252 14872 30166 9815 5409 19208 28568 29101 10289 20076 31904 19623 20561 6779 26181 23510 6761 18829 18174 29871 25735 21570 5828 17899 19509 21291 26677 9486 25494 79 23574 16922 28434 13875 15607 3457 28829 11204 12396 24115 12618 14872 9766 7426 18171 9854 16098 4575 27787 31888 30745 11934 27690 4273 24376 22831 32152 24476 10872 3529 21874 15463 5202 9185 18812 15381 25913 15938 19665 21838 30396 16770 15710 32308 16231 28186 15227 14885 15549 18871 9488 19624 19251 3753 6961 8751 3106 
21594 13546 26030 9418 19376 7412 13414 19635 25653 4755 27363 20028 1757 27360 27046 29646 28483 3556 18056 24334 9167 21335 968 32549 32146 3595 13477 2635 32156 29498 29553 7921 26420 1453 7875 18461 30991 132 30188 13270 32157 4972 30645 22725 27431 18934 669 9769 5015 14665 11327 18875 6058 20576 10271 15003 14435 13895 7661 15922 32094 513 16428 5822 16824 7386 15319 11916 31433 32569 21380 17860 28569 13732 9081 8330 19409 18468 13354 31435 23156 27202 25202 18030 23279 17575 30681 30834 11046 23711 26722 14275 201 16987 10125 17491 18005 26816 19507 14994 30097 31789 14017 11012 8995 30784 16398 28485 13357 1045 69 339 20673 30403 29659 7147 23951 20842 17066 25564 27943 10985 680 3634 13999 12905 11641 19786 14777 24628 28397 27144 17380 4903 16883 32490 8164 22821 1075 21812 2091 11325 27673 30195 18668 31040 23270 15828 8751 24812 20357 19034 20538 701 10395 3136 17238 1450 5873 19456 15455 23437 15123 14630 5897 11699 29911 8096 18760 27443 32022 4484 22920 696 30961 17087 24428 6659 30473 18839 8218 15688 2914 8229 30498 10354 29615 29823 24 2161 29768 31861 2996 1136 915 9309 17667 1318 99 632 21874 16511 9835 12820 14524 141 24007 7276 24215 25186 97 20155 23589 3992 31697 23375 4197 6808 20577 7639 17945 1608 3371 177 8749 12293 10363 16334 24311 26922 28292 5037 18741 30155 24125 6057 23926 22046 29149 21669 22728 32426 32457 7923 19796 4896 23578 23179 25624 2460 2090 20290 3339 11575 31951 19187 6054 11818 27642 20633 4533 14729 28278 21593 16216 15663 6943 16316 27113 21641 19424 10537 18031 3315 26784 29759 8657 2276 30110 11914 26592 16748 18258 14568 6606 20919 20108 935 10494 4121 10100 21242 25174 13961 6331 27802 13963 30256 27876 9723 
7727 3617 21004 29110 1009 25850 18968 9466 28000 7183 2008 26475 4522 1879 27203 6531 25826 26983 15551 1001 7229 30133 8589 25018 25522 18649 11721 5937 19093 4518 8157 22559 6229 2897 14483 17377 29621 18346 29664 21988 29809 1675 29143 3389 2726 17436 5668 1893 23049 16055 31422 4662 10212 13619 31994 11702 20850 21199 28545 6319 7216 22966 2462 18999 8868 16634 32559 13904 23536 31534 28424 13165 21774 1023 7428 24932 10265 15376 3771 25467 25221 31332 9748 5006 5957 18907 24659 28089 8918 3607 27836 14242 16341 9929 20646 18991 3342 15343 24450 17211 24831 6792 26174 12640 23322 17846 14580 5682 15122 12528 10932 28851 14381 16686 883 15235 17227 16730 26256 26189 20519 28937 5791 2289 24933 20959 4943 23445 23103 31724 3587 11126 15348 26613 26519 5794 31458 6797 26752 23155 32324 22531 17713 22100 14308 25240 13955 2609 22861 3416 6660 6454 25556 10835 5371 16845 12031 28744 28775 31626 11913 27226 23105 28453 16578 21128 7590 21070 31321 5166 23927 28081 9949 988 16834 25776 7349 13201 9770 12076 27051 21731 24033 26643 7429 4298 16014 15019 18485 13249 25186 27882 10758 27981 18345 3608 19928 15942 15303 17194 17243 9922 29082 5049 1693 31781 26483 25285 27358 10062 2745 21153 30612 6210 27941 4648 20086 6880 8401 2566 24534 26742 2533 1397 29818 20261 15614 8843 9574 21364 28130 31772 15908 5230 14263 15004 22583 27565 31844 3966 9932 26675 15395 17301 8292 24837 14560 25515 22061 16748 27381 7667 11274 6431 16472 24314 19900 8586 22103 16543 1733 9012 19075 14278 12629 6634 23879 26431 16905 4178 25890 19849 363 16988 29452 1292 21274 3798 577 24247 9737 10008 19670 11939 30414 28966 10135 17123 27576 4095 24003 22282 4462 1486 24755 30524 7317 23195 15137 188 
8376 5275 13548 149 6491 10383 2103 8134 5795 27930 11621 9050 26429 24944 26534 21605 17358 3646 22357 7223 13075 1634 22689 27736 10843 11659 9550 3755 28775 1021 32710 24393 31875 29362 29340 4564 25365 20944 18850 6474 3102 11222 7071 9510 20706 4585 19503 2542 4278 25871 28976 3152 25999 24861 24299 17624 31820 10497 31197 32298 28157 3879 26192 5851 26863 1370 17392 799 15321 26571 57 19596 26313 32072 3859 29183 31579 9658 28230 11645 7072 5904 7726 12866 12710 18312 12224 27664 32000 26472 21026 24044 13908 16282 32007 4248 18524 21941 17189 10468 17857 25287 23937 13590 7189 61 10925 23887 8386 31837 30952 5387 21147 22194 1549 32280 28920 27133 16692 16276 18679 382 28406 9541 22399 2775 17604 32209 22522 13711 32184 26743 15521 18147 22978 22306 22604 11465 31144 1002 21795 9753 20207 9382 2902 21027 8084 7962 21303 29098 26561 15862 2503 16079 6586 8539 14065 21668 30280 21169 21192 2442 24441 31311 2517 14306 295 26062 30695 21774 7468 26874 6140 18449 18390 24213 16732 23939 14258 29903 32064 2258 26470 31625 6887 7442 15349 17311 24856 31568 24945 2366 28012 14640 9980 7211 26470 10679 30678 27091 3637 23644 5168 19947 2275 25614 25129 9679 11660 3570 23374 10119 10093 27567 29636 6457 11392 27147 22074 6220 7832 9999 13182 24162 15979 10888 27945 15761 4146 2829 30056 18357 23723 9247 19748 14331 25118 4424 23139 11155 26229 26439 31847 3910 3503 14520 25221 6324 21243 6149 14745 10798 1631 11321 20361 8042 31466 13650 2051 30842 31729 15803 26169 3849 7211 12717 32490 13719 20053 15061 11322 29483 20172 3037 8867 24975 30491 26079 3436 7426 25118 9785 18490 30102 4568 4395 32711 23251 6010 26405 20551 25099 528 24589 16668 6910 3582 3171 20585 6091 
11053 23314 5078 27104 26685 20250 21815 18864 29886 29681 20034 13717 22349 2449 13326 18832 12494 23676 28134 13466 21953 21520 1337 21866 64 24590 6347 21149 31721 15308 322 21599 17956 22628 11699 29532 5350 8822 17777 19277 16588 8040 11933 2139 187 30868 32112 13670 20677 28405 22957 18003 10867 5561 4937 14127 22248 8127 8939 29992 31135 3276 2346 25374 12854 2766 19076 8263 6605 15377 27415 26805 718 3533 28056 21348 25829 22395 27516 4115 20932 11053 5467 9994 17137 9469 3198 11132 13330 3413 4355 20752 19840 22875 28662 19727 28691 18646 18821 11194 28070 29318 22707 7132 14963 23402 17551 8655 25131 22153 15784 24690 1649 5084 32374 27350 26062 9022 17586 24285 6078 12932 13276 22240 31251 105 28033 18493 23659 26324 7689 2997 22163 12914 14095 26481 8011 21316 21536 3743 5865 1674 27119 29976 31468 13116 6803 14732 11607 25810 24971 29126 16130 1619 2367 24000 10550 11340 11377 22484 2263 762 29461 19798 25428 17709 19969 26931 13346 6843 10006 5122 7463 31419 9209 4424 21978 30673 23989 23163 18399 21748 13383 22618 4786 26651 3561 29038 4776 12985 30922 20713 21904 19237 7459 15606 14246 16476 29415 22906 9306 14914 25391 23505 16016 26735 21362 23571 1767 8126 23082 10113 8026 10024 5010 29111 18804 15462 1657 6610 17610 9025 7923 8993 20838 2964 18855 1004 14050 13147 18830 6098 12311 11768 16059 9361 27317 11686 28314 2318 28460 2061 31270 8219 24631 6207 1297 1066 27945 5697 27540 9990 14895 23394 4123 19171 21969 30159 18695 15348 22617 32527 7942 7768 13426 20746 18047 17336 13364 13932 26502 24899 22286 19527 12159 22482 12879 17012 17955 32560 11477 12919 23732 9509 25300 28097 9950 21316 7918 15756 23604 25743 1442 15732 6545 20250 16709 1046 24810 4340 
31362 8440 21233 10055 21099 605 14746 15887 29746 6896 30619 9096 1447 14462 23096 3346 10107 27856 237 16900 13388 4194 10190 31618 24968 26787 30490 14403 3947 3429 23491 30181 28966 28613 7847 17653 12284 1687 7715 4612 30932 23512 20724 7424 24437 23080 8587 12423 11355 7118 15886 28717 11313 18313 17547 13392 30728 16369 23942 12358 7677 10884 13277 20790 19223 26331 15637 2733 27240 13422 6929 25269 28941 15505 23860 8350 10541 31073 19182 25593 8443 5101 27780 10741 26371 11537 1643 31741 26993 19929 20268 15322 28785 3214 8090 14114 22905 4816 662 21986 13655 13921 6451 6217 18480 15354 4616 22925 4400 12814 28947 23115 16236 26239 18965 23835 17476 27642 10925 25647 4789 4712 25310 3448 18174 17152 2057 2950 31761 24031 26386 19160 21706 24346 24800 18887 28859 29413 21698 30963 8563 4581 18724 19597 7209 789 12174 30723 30162 27158 31052 4428 25690 5174 24441 13098 7267 1493 2207 9220 9651 2940 17485 252 2028 6936 6710 24919 11676 28566 3856 10979 21038 21385 3079 26544 12887 739 16925 25870 29475 6096 13865 20167 32681 23831 5530 6345 14987 17211 7567 3268 20122 6886 24679 21226 14708 14786 25920 25078 11406 9859 7280 12426 13054 32113 10912 30337 2580 31579 11291 30245 29175 10495 11991 5180 20771 2793 9020 15036 5927 8346 754 265 26541 12334 816 28026 17354 4394 18103 16945 28275 5804 11856 17048 16061 2938 7342 17203 13488 21355 6854 1788 6099 670 23111 9880 29329 17430 3173 16365 1371 11358 31092 7546 3326 25251 23413 25961 27897 26544 4318 24184 11778 21352 21385 20030 19310 1591 7165 31955 16975 19310 15320 30143 9546 21515 15641 4052 28113 27459 6064 10980 19949 2257 12168 20049 22966 15031 24954 9610 30294 19410 573 30859 54 7768 5444 10797 
26696 7839 1842 25097 29995 10839 19133 29257 18984 20868 28000 25664 5343 9014 32245 24696 13406 1114 16505 3123 19703 11626 22654 6403 315 11108 29468 25126 11526 31932 8084 4764 26668 298 9090 27682 17520 26199 20779 9257 9635 11083 7018 2504 1622 10141 9414 4691 3383 9168 7810 16222 15460 1709 21561 31431 25396 13598 15523 10012 7017 23028 25565 16774 8356 18244 1462 22924 1906 3462 1153 26007 29277 15120 19422 10561 27390 22890 8380 26019 24147 22570 12174 31374 6705 29957 4365 28929 1974 5499 31536 1536 9454 7705 27701 8717 16314 868 4834 1185 6029 30077 10577 22257 20025 3821 29482 1425 25865 20643 15899 23673 9188 5368 11429 30040 27996 9744 9712 696 10464 22909 408 25181 6419 13090 29486 2884 15406 28840 11443 6196 30220 18449 23060 7347 19309 29016 17648 184 4440 17316 9752 702 2741 11963 32182 17620 28723 5390 24220 22838 12734 7612 32353 24487 25636 15250 28288 1655 25867 7564 14988 10169 26070 1224 30559 3854 21629 11371 5646 3673 12565 26564 26161 20620 24354 25658 3551 31093 25913 18240 28856 28773 10778 26671 20599 17290 392 23396 2279 29167 16463 12237 26375 20773 6417 23464 22060 15717 25275 16226 9046 24189 26054 23410 28078 15968 19610 20411 22630 3421 1225 19146 20458 9392 23843 16376 15619 8615 1978 6279 29750 26110 298 25970 16627 27112 10683 2464 15160 2719 26322 19389 14299 24525 10323 23103 7288 11265 9377 2910 29511 18623 15732 8138 12671 6901 19253 28514 14482 22273 29594 7502 20264 25800 1073 14106 32025 16915 27745 26211 17481 13693 28168 28087 11507 25467 13117 20228 31157 6247 31257 24115 11260 26311 7861 527 28199 25607 25858 5510 28663 31803 32425 25158 877 21383 15852 2546 32320 21635 7979 16664 20340 16005 6885 29295 29224 15725 
13630 23975 8378 5558 9767 12709 16153 11348 4736 16640 10605 11456 12162 25596 9338 26524 30079 7072 26365 8024 23141 29299 28171 1132 31490 23684 3650 14192 31376 19007 31424 18714 26807 1757 1326 744 22103 30718 27970 7842 24953 16106 4850 22030 5377 10088 21608 26850 16487 1209 12452 2813 9682 19852 18465 17252 20677 27103 17279 14597 10421 29559 10826 24941 25433 26753 25386 10945 156 25875 23382 22592 32746 8971 12445 3525 26192 8243 26720 4193 30775 16802 11502 22734 28024 7223 30822 22039 21091 11702 2065 9000 19895 5890 10005 24374 24990 5454 11395 16423 23785 10062 4843 15911 11934 28996 30624 499 422 3642 19231 7786 32043 3002 28760 13125 995 14209 4582 15639 7647 4507 13826 391 12588 1888 2309 15418 19714 23519 22169 19876 2973 28668 10542 19351 14354 7838 11138 24019 27879 1005 8554 17365 23618 4148 13040 11722 3716 31355 30201 14603 5472 25401 3661 18949 32564 4886 19895 666 30485 15204 1208 18337 30149 15364 13219 17188 16485 11686 6696 18107 24261 18385 8811 32100 11943 30004 218 21519 16229 1508 23460 16039 13851 25059 14174 13903 14043 17718 18817 23287 3174 7360 14332 15563 32348 13616 11765 18072 15938 27929 10869 14445 8202 5401 23325 28860 19520 10315 18140 10529 14856 12540 14326 3122 3605 16758 12468 25658 4511 21650 31180 15733 23288 31688 25475 25321 16420 7979 24466 673 29758 23342 24202 20957 9931 22617 17853 19053 31240 12343 21783 3057 772 15498 4186 13886 24306 14621 26453 3558 32493 3992 6304 31232 17145 28381 25366 30045 471 6323 23530 8398 22624 28521 23499 21339 23488 29320 4369 25420 18453 21715 2563 26184 21363 23452 26174 29413 8177 27739 26009 13405 23687 3678 671 9837 23063 21340 2808 23718 29251 27306 22924 5335 18369 7289 2100 11210 
28362 8872 7861 6270 14048 974 11125 27541 21635 23235 8827 17766 27665 21973 19722 29293 27016 8157 25660 4055 12864 4515 1614 6047 8919 13894 14721 24248 1370 17997 16873 22820 9938 10887 18264 20668 5229 1489 28886 27434 9811 12414 1755 5258 7859 4954 6682 26295 709 181 18696 24515 3919 20314 15205 17718 14867 17254 12360 25608 18592 31648 15340 29326 6768 27981 23181 1083 25844 3063 32195 17181 5033 9050 31275 31860 22766 1353 7420 17243 1138 10750 15133 26879 15933 3929 21599 24382 25124 31300 5194 4154 22583 4478 5079 26460 10022 18601 17103 8962 7 16367 20847 23293 31098 10768 28745 24335 17603 16421 18119 6762 18434 21003 6670 26514 5839 17234 30020 10507 23367 30965 31975 16364 27032 607 8752 7834 20342 18109 16668 969 27599 14356 6560 24289 5312 15204 18080 13702 20384 5933 13867 26700 24647 3797 9630 9375 13235 31352 12786 24012 6783 23023 10121 27825 10730 24187 10546 12568 18514 19696 6244 21202 2405 12163 11221 3781 11527 8632 3358 32558 12531 31641 2291 668 4160 7373 4491 25732 21875 13413 9363 7262 11604 16958 22266 28553 3969 19100 32163 26336 2911 30045 6091 8182 13887 21939 31114 17607 423 14284 13917 604 9815 30578 11898 27347 3749 16472 5616 30984 12109 18932 27759 23591 10438 24642 8871 2573 7477 24055 24153 1631 29056 16436 10067 3383 23781 28972 17911 14851 27768 2357 23871 4788 32470 3895 26272 25118 729 18149 10742 30713 17296 21804 3386 20730 26260 26018 1908 24242 30691 10025 16169 31610 8418 14684 3324 18019 4648 28158 6910 6992 1967 16401 9140 14606 9025 28086 27967 27771 11785 9903 21676 1631 25706 30719 29596 12635 4860 22662 24340 7187 25570 19118 9070 4728 3546 15825 3301 9767 32065 3696 30189 2815 20878 20714 13287 25509 
31731 25484 320 1219 19914 9922 15625 11962 15369 31453 29079 8415 21187 5434 19322 20369 21268 12915 2168 16938 26604 17800 2058 21193 24148 25827 11676 20454 2204 12779 13750 7517 19083 14892 1334 6381 15548 32616 2543 13232 22553 24207 26651 11599 3243 29244 26973 26025 9144 1758 22786 28310 18414 18120 22778 16573 30952 5158 9118 5952 14956 5579 12606 26316 21654 17942 20502 3780 21871 29118 2560 18374 18183 4082 31390 3052 25285 8128 28904 18500 14745 19742 28982 6779 30277 19226 554 25226 30862 21754 30947 3914 1854 73 6872 29258 5185 22949 1331 26256 26326 13568 1502 9998 27853 14449 3798 3374 22851 484 32340 16594 12277 2971 8843 10887 19598 16589 10559 18976 4289 4003 30388 24233 21762 28997 4062 13053 18109 25007 5410 11995 31474 10657 2653 3646 973 6391 24576 19070 32573 19932 21797 8348 31730 3590 20600 20331 7699 14670 13846 23100 27049 6645 18669 440 32530 29086 28473 8792 24626 7268 28903 11797 7954 31037 20615 20965 894 25380 4803 29618 3127 31592 3823 25918 29660 24416 2815 18193 22044 13018 9719 22676 12893 29269 24387 26710 31100 12077 8454 32267 22540 18880 2841 13139 29788 21037 10534 27676 9159 13688 12235 20706 3889 21085 19336 11087 25496 19120 11188 22629 1317 29462 31354 6030 6943 32553 1488 18983 31862 18261 11343 26193 28403 28991 6964 12152 19230 5328 19862 32701 4654 4442 25367 32139 30145 16048 15141 22237 24104 8035 16137 13125 11902 20292 12663 17755 32611 29553 15856 9344 11327 11285 27703 24257 11439 2173 20670 27187 1341 29959 30774 2129 32037 14428 21853 8288 19923 7335 1243 17448 25839 14971 6452 7150 30233 19001 12447 21505 21878 24661 12334 3473 8840 18601 7900 19574 30416 15768 31859 27948 10043 19400 2597 451 27957 15217 945 27958 
22013 30084 4069 340 29969 32121 4878 32611 9838 4995 2532 31173 3389 8281 6091 13993 11308 15728 20641 28781 24892 773 16671 1428 28052 22929 6397 6467 17602 6929 3966 10884 17851 12865 10315 16490 22981 15960 25810 5259 10601 24619 5405 1125 3226 7808 15937 15587 4241 27612 18352 14005 13487 27210 8153 21095 19763 9988 173 6867 9945 18736 27226 24522 15559 20428 13015 11531 29059 31845 10049 11681 20041 18239 31195 10092 13540 18705 2940 8511 24196 23712 1769 7811 29842 26383 7901 14209 13009 18348 22134 29209 16417 13891 28422 21008 15341 31881 21709 1818 18838 17532 31371 11932 9135 32674 22212 18372 1781 31851 5357 15880 31440 31444 28874 31742 5973 23558 893 28145 29180 18358 17552 9375 28392 17373 24508 18366 11709 20293 11436 20550 15341 1618 14619 7932 1496 21677 6736 2257 14307 5743 7997 28925 27435 14951 20638 10458 10455 15622 27274 20441 25546 191 29643 27142 10459 10787 13992 20742 9146 3761 752 23181 10721 19668 7832 25184 17436 32191 1143 174 18033 14318 5293 28843 11686 4430 28481 1398 26135 17209 27459 13277 16954 6601 7589 22130 6341 1510 12407 15636 18833 7444 15034 3422 2026 30198 29781 23013 28629 9326 21262 6168 9378 20593 8178 12756 12025 26271 8046 4396 31863 27847 6028 12821 12812 9473 20387 7679 12114 4784 26145 32313 14936 2397 27794 32335 27927 11886 1242 17889 10228 24051 21866 30295 30060 8761 7679 10174 18663 29299 23493 29891 23554 19839 24053 24329 21196 21008 12061 29865 25286 8485 16260 31347 28404 6900 67 18603 6549 17908 26019 1170 5701 30018 10817 31975 21409 12412 30407 20898 24497 8691 27015 11964 3190 31650 17918 29653 9273 19724 24751 32164 29592 15511 4496 15606 999 13068 10462 4646 14258 30153 7503 22877 25501 25700 28607 18535 
15190 11189 31327 12527 4137 1238 26224 30754 31355 13357 31031 8597 14380 30821 16510 30139 8597 28414 11795 19390 3123 17323 7730 1724 23088 30642 13898 979 21378 13985 14301 14767 6901 29532 21761 30768 19901 9595 29343 24179 20760 463 22784 13676 26585 22636 31370 17576 21511 26557 6352 30857 13422 20331 24844 9345 10116 22221 30532 28325 17003 10731 3094 24074 22985 15982 32267 17295 16075 18190 32626 20954 28459 19308 1843 20512 749 12750 9148 6047 5703 24771 17271 5966 4063 21510 22030 26128 9545 7888 23875 9610 6765 6731 21886 2046 24543 14521 19647 16733 13924 13922 20193 32444 13553 5146 27482 18479 12680 5021 3011 2639 19189 28382 12846 17159 3031 26129 23127 18377 16921 21979 9418 22687 27432 12560 4281 30134 19540 11435 14389 10481 28152 16556 2948 32588 13369 27218 8892 12486 18711 12357 31538 8549 19139 28778 16975 14718 5637 14430 31454 11109 16155 27180 27365 6108 25392 12269 21658 23868 3526 5658 21207 27017 22385 32438 28937 5310 5087 19088 21609 28415 16176 1362 5585 32196 30106 32298 9845 17459 8571 1142 27117 7854 14659 20228 3669 31134 15452 3443 27438 22610 11035 18024 31162 26190 19481 14932 20286 15077 31827 11129 7438 19604 13912 322 5874 20525 14743 16429 17354 13441 23906 6920 24689 30025 22727 8663 31492 130 6851 27743 31683 17036 18430 16387 2891 27455 29247 4474 14966 18122 22942 11531 15545 31083 13728 6795 20020 16243 31114 2839 25127 30090 5035 25733 16601 5695 29822 17109 21181 7976 5533 8344 18487 13024 816 15567 10752 8193 28043 21544 4331 25195 21297 21625 4710 6703 15555 12409 22927 292 23095 11367 25793 21285 11529 13022 1529 8160 21093 31375 32032 4443 4722 18749 15108 4236 31084 28398 27523 23340 6522 3208 7547 19605 276 26907 22669 17395 
994 28353 4161 1901 15033 29122 31126 11997 15668 19091 8749 30922 29440 19227 12033 29755 27953 24992 26283 7257 3220 20009 4838 23481 6392 31024 21565 6632 24132 13610 659 516 9401 23813 18261 16975 19997 8779 11060 22323 6080 31885 998 29603 31753 27398 11946 9336 20148 17284 32625 20099 26381 15287 24943 11837 3281 18391 12002 32217 1414 7912 12391 10285 7324 24876 2805 26593 5897 10744 5688 28336 14724 16912 7566 13872 15609 31939 18292 14389 23389 960 31411 22507 24382 32633 23598 28095 22351 15787 31014 24125 16745 5397 23877 3732 324 15672 16632 22321 6124 16333 9063 3282 31138 11186 13983 19237 13416 15286 28867 6791 25030 16981 7417 21903 14173 23500 28088 25031 7518 14862 18609 1104 7130 8422 17763 28544 31751 23234 1075 15236 10298 5741 32249 8370 15721 9471 24195 25866 29732 6974 29114 27569 3798 11247 32023 14322 25894 1094 20645 5566 18277 29415 8340 27226 21169 6247 12124 5468 25337 15915 14016 3135 27379 6488 19236 22378 27874 7552 19884 31683 14305 2598 4792 6318 21538 31864 17641 15005 18274 14490 59 16794 10011 25455 6208 16535 26544 4574 13607 30395 10060 4962 26416 800 12860 4665 16336 30456 25583 26002 20282 13587 6121 28528 2044 19973 3813 7467 29414 3041 14132 6677 25374 30348 30947 24615 21330 31866 18474 30978 23206 27576 2546 29241 22384 22933 17593 5501 17041 28605 31014 15128 30265 12043 29605 19704 29494 10804 30188 3956 15666 29934 26443 31625 10886 27102 14335 30177 27878 11029 24903 29762 1042 7594 30622 26564 31978 22995 6480 1156 13440 18801 7496 21727 21266 14277 4006 11962 17741 23488 30797 24533 11097 9318 12382 7878 18871 32648 22790 4035 24174 32119 6847 12304 19044 19425 1834 18021 26371 22100 17068 31670 17925 24888 14063 20512 9455 31554 
29237 6952 12626 3484 19252 5267 3184 16293 5257 26319 19985 25615 6594 13488 17425 21622 10645 23880 28235 22928 28584 31001 28564 19536 20650 29047 2272 8797 22601 25415 9221 29587 14970 18435 31478 11277 30097 16247 12207 15745 32450 27423 24311 22570 22969 8947 7367 15780 18328 17223 19018 25811 15268 8288 7684 12330 29803 3435 32590 18879 24558 22184 25006 10243 13802 28497 21677 1837 853 22562 4873 4507 8293 7012 8601 5252 8809 22252 1263 25432 30413 31999 992 4455 17331 30484 30281 27059 4501 24515 19392 29612 17021 1583 31995 2698 25641 4602 32173 11369 9925 31497 30547 26182 18613 22438 373 24324 11182 25314 478 6526 28570 18611 11624 26616 5017 6863 9753 15747 28182 32628 3054 2421 5588 26092 30222 13098 1116 6249 29030 15264 30737 19167 2989 11201 21548 6316 25485 2252 26466 29231 32731 16433 13189 14701 20475 32734 16371 19760 10669 29103 1426 13886 18117 28401 18093 8967 11655 2259 20415 14703 15110 1494 30280 4844 11513 23526 23268 31944 27069 29476 7100 30110 5489 22030 16641 21774 13607 24866 24531 28509 7804 9595 16742 8242 24820 23366 13209 20216 15224 30744 9911 3758 2850 1242 24234 19504 9873 573 9925 9001 28592 3756 19103 4080 18846 14517 12410 6588 10429 14698 28289 4187 25522 12720 20812 29705 13314 27174 16873 22600 4714 7029 14978 30250 17635 16893 3472 3207 11689 16247 2275 31793 4814 27199 14376 12937 5093 30421 4840 566 4613 31795 25665 25159 6899 30554 15002 4236 10265 730 1689 17859 12506 5759 14104 17867 6248 15254 13212 13898 31765 10603 31919 11528 25744 29287 2503 5938 30627 22347 26704 21963 9298 8271 16586 10770 24557 13847 11836 19321 20733 928 31961 5073 23456 1893 17766 18822 20168 25697 25580 31775 22837 23978 8429 22578 4144 8054 
20267 12431 24618 9091 25187 6703 30996 26336 23192 31907 1672 32012 5558 11837 16466 13554 30523 19570 23200 7078 30253 8590 22589 3565 16558 13339 22242 19206 10047 29424 2074 29071 26411 20271 1625 17214 3579 2861 18279 19714 3131 724 25711 271 23331 8485 22171 13346 9339 2252 24869 31689 29267 29436 29565 28651 15443 5515 29496 31645 3369 7816 2845 28164 27481 569 14001 10211 17574 12890 21448 25709 17080 31933 25077 27294 11807 3610 15138 7370 9711 3288 14953 5536 16297 32307 6347 28459 2216 274 877 13674 6290 41 16637 31293 4459 30717 18679 18485 18099 30955 30968 1745 5259 2360 3191 14160 21124 2421 9257 12143 29245 15861 4300 31592 9515 26978 7 1490 17457 13106 10219 32754 27553 15948 17241 15973 4573 23608 4978 4841 2639 30119 15094 20105 26387 12177 9833 10787 5641 20464 26714 17419 12524 7903 6538 21920 537 20023 2301 3732 18547 9824 2235 5128 16174 32549 16847 30553 575 14994 58 30168 18374 7019 31177 24688 1441 5809 24182 32221 16308 24446 7030 25961 23597 22436 15962 19554 12376 17713 17045 5332 23243 13759 14334 3121 18004 953 28977 9775 12837 32407 19091 32268 8210 15404 30369 13474 29693 19200 30436 27585 29417 10282 5336 26358 17733 2201 17825 16215 13278 4942 1951 8735 15700 2435 24480 30890 19339 31948 14645 14894 23073 1208 5556 12316 20375 30436 24300 24790 30153 31977 29139 14629 22648 22934 27220 22 1517 13418 7770 1548 28560 13770 2025 5465 20644 25918 18696 3710 10356 6585 22569 6594 22109 7744 9569 24569 3647 3685 5587 21889 21300 1264 30234 14248 15847 27104 14595 15593 1288 2400 4285 12907 18979 722 25707 18672 23144 26841 3593 3418 3329 1559 5737 10171 20425 32637 10584 28317 13305 20424 25092 7793 4992 4685 6945 13288 
7540 19272 21680 21418 26691 21258 22620 15087 13540 30308 18932 25693 12462 9818 18383 2864 22574 4303 26642 23940 32195 12300 10350 25796 25276 15306 14524 24876 15765 30847 8092 17785 12412 28760 307 24927 30929 18257 4867 7307 18226 4553 17245 7654 13905 29347 6312 17285 3626 16379 9857 10863 13698 31813 23562 20191 1152 1869 8848 2795 733 30044 11844 4630 26330 14610 19362 14419 32677 21501 29390 32471 1802 16726 16372 23312 17642 22501 12256 9543 10107 6873 8778 31208 19044 31109 28484 30721 8489 23003 11525 28042 9863 28214 31914 19346 3074 23465 32739 2722 32080 6514 1041 809 3056 10848 30628 13564 11066 26300 27621 24309 23159 4219 7930 20952 19339 19765 23145 12504 23908 2368 2314 1117 16995 6445 7045 4230 12906 6836 29648 21640 15413 14512 8511 13392 444 21385 1013 29008 26834 4587 25885 6711 24113 25484 7169 17466 6206 7527 1189 30665 13438 2591 471 28723 24979 23059 312 6032 5073 13713 16740 17577 4282 13336 31316 22496 10347 5101 2237 9803 22447 13638 10322 4387 6112 15982 21918 31110 3406 25002 6327 23429 29077 20238 19817 10065 24263 3828 899 18526 26383 7558 7648 1989 26395 21062 162 1989 696 29563 20814 2775 26344 7759 17517 20641 12343 4955 18457 27908 21223 18853 2503 22702 25768 6295 25228 29390 18938 12880 15827 20108 30075 20730 4640 4235 30018 25737 13915 28540 32739 30698 27861 6151 31249 29924 10397 2014 18775 29449 10115 20060 22523 4500 20561 26256 3607 17847 4575 22242 15095 23837 3498 13097 8794 23999 19398 10415 6659 17346 17109 6252 32540 18469 14878 29415 32392 10374 4121 12932 19314 17306 25172 15956 31281 865 13822 5441 12934 395 5713 24038 12582 29329 13689 23820 25344 23260 23143 20468 20118 6953 9265 7851 3368 22525 9478 27539 
17668 28124 9411 24769 11244 26663 19120 2529 12597 8655 5147 13542 6827 29140 12238 17446 10705 3452 22036 19154 2492 32149 8087 25344 1578 10191 2414 27626 8224 21365 9980 21706 19538 3820 159 7260 13453 12478 2996 28155 6286 23144 12238 17069 15049 19662 10626 15355 25470 26511 4191 18251 32661 22030 26624 19079 11773 6454 6276 22012 14789 8307 3932 20008 22950 24832 26792 30817 4127 6042 11000 12153 8578 6120 884 11436 27829 31674 11403 20458 18327 28211 2787 31360 2882 17823 2064 19389 31286 3703 30517 2678 27694 6419 11340 30127 16173 4296 4536 16292 12051 19269 6271 12004 20478 340 22286 28090 6446 24682 16807 6220 4627 12314 10174 18226 20914 8200 28116 18540 12750 19927 1927 31390 1260 2604 26382 14436 6859 23848 1183 26768 31865 20518 12200 21153 3125 11019 9296 744 4159 8959 15152 6553 8791 1909 18070 3042 25053 24402 4999 18814 13826 14675 2021 14393 11856 4056 8007 13315 31108 16594 29997 25262 26933 31526 6641 3232 23271 12986 23419 5713 32044 22778 18863 9410 4834 19300 11495 19814 24938 25874 20813 12865 32078 3077 17487 26871 32077 15952 28783 2395 24226 19919 16089 6751 30920 20881 23198 26130 25840 3744 10904 25865 22603 24941 29638 9921 15870 21423 5106 26277 19544 18163 6663 18878 13129 23869 30089 27821 609 32270 19622 2176 4783 15592 23547 11660 10323 21074 4724 32120 5502 14635 2896 5816 17792 16486 12336 21367 23356 32241 3243 32049 11648 18692 17898 17446 5590 18917 26636 4663 28220 17261 23064 13176 32558 31317 8458 12576 4215 3621 12194 28621 16458 17913 11247 30460 21683 28957 8123 22805 27218 30931 3116 5803 18262 18051 26079 16316 8148 8998 26524 16863 17478 11594 31029 22322 19587 6318 20371 27467 23226 31871 29399 6889 22201 25806 3868 6945 
13045 8415 24968 8163 14800 21799 23580 10334 26134 6425 7450 22997 22227 1169 17770 21629 24046 13267 18642 21546 15214 817 12577 27182 13440 27357 24654 21110 4909 10841 9807 16050 453 741 23886 1806 2088 10286 15779 8471 20499 22407 22028 5500 3137 9766 21989 6356 299 7361 18817 26403 22858 25062 29394 13103 2317 21982 1918 11417 29053 3985 2054 23341 21483 12430 19760 30698 25672 21360 20295 27060 7254 23301 2723 11325 16415 30847 31647 32528 21214 1458 1607 22531 1747 1208 28974 11087 8410 700 20750 7471 26182 5636 18645 6439 2841 18294 18645 19243 18988 6334 2466 12331 19103 5468 20916 22613 29050 8920 11257 19136 13900 31094 18779 4895 28058 19907 27501 30507 1584 4194 7752 3982 2007 3703 22474 26269 10177 31806 1112 16810 17452 11505 13940 6677 9004 26014 9055 30255 26116 15515 28292 1266 31479 26219 5941 27834 4272 4543 19286 7682 17965 895 16135 8412 25895 26917 28445 11739 27 7751 6440 30155 29403 27137 29974 29680 12637 9383 20864 1176 21600 5235 6801 20233 5676 13614 20367 21629 27981 21067 984 31158 1124 27437 16141 24380 26247 13863 436 30088 16556 30800 30512 19296 14551 23588 17034 10647 3174 19076 5619 186 1357 15317 20755 3308 24271 31300 30297 13462 31261 30640 17321 11966 27651 17582 15625 18486 11371 25120 25611 32752 4967 28607 31814 6667 7237 19852 31401 19031 233 9741 15748 18085 10616 4650 19887 31674 20761 16787 12603 18572 18836 13195 19173 30484 20224 23755 28510 22363 21247 2814 11902 3821 18653 25421 14545 26246 30742 10773 30652 10711 30054 8872 17406 14253 25279 18542 19958 5119 14334 6712 24392 402 14234 11157 15001 1706 30464 15586 24334 21783 5273 24787 17562 7839 31182 10604 20980 12334 1885 20442 28040 3841 13395 20129 28312 14790 
20426 3972 20689 25013 19708 25679 12010 25259 9726 31085 26240 12081 10811 30450 23605 13864 24319 3145 122 2487 27122 7080 28816 26406 16994 9659 28356 25792 11353 2310 22054 19962 20405 7402 8954 3286 9323 8340 9241 31949 12637 7046 19947 25995 28489 27365 21620 18086 11542 22409 9100 31981 14623 9969 836 26901 22148 13070 5376 23608 7037 22925 16788 23683 22354 15985 24182 27168 1083 11658 13780 22038 30725 1608 9309 4284 16071 20057 11426 18838 6160 6452 18957 32430 30976 6458 25064 7172 5341 11306 17066 25743 15081 22541 7499 25213 31152 16714 16989 18548 30614 27410 3685 10094 28890 6741 383 31926 18963 28614 23977 29900 26160 2543 21131 6737 10043 22623 9795 19115 10576 17104 20244 17388 3103 17296 17614 12606 22133 10976 1998 17798 31112 1985 25729 24714 13657 6783 24504 21832 5888 31304 28473 31972 12388 30149 16146 4061 5055 14008 342 10703 20175 6147 22555 17962 26346 14313 27773 7508 8540 14890 23594 6992 18328 32703 23050 12670 29873 1360 26780 19395 4288 29258 29810 7955 23438 30957 446 24805 3653 3681 26962 5617 32343 15648 22721 7616 1482 23599 17826 5878 11827 29570 101 11071 23831 9593 6487 54 28722 14920 11071 30954 18590 16682 2624 25690 30744 13996 9368 21409 22998 16258 12614 24497 6945 20962 8405 2432 28611 20667 18730 3789 7479 9262 19397 24666 15154 27800 1663 24359 19404 21680 19410 30774 7967 20794 11745 16723 5541 13673 7506 8260 15094 25918 31360 5414 31143 9602 2532 27833 14065 32155 2975 23552 10377 24239 28738 16065 27672 2190 21579 2522 20501 6964 1759 23999 13829 31141 19324 8785 18519 30555 20458 13775 19994 11049 18140 1169 12955 401 3136 29413 9564 1226 24862 25992 2892 17825 12161 15654 5734 24966 17296 3704 30287 28841 223 13513 
28 19050 25720 12077 27636 21601 7931 13318 23432 13889 18607 8109 2548 25522 27265 18987 21947 8707 27917 4532 15847 26235 17507 24860 22543 27442 5416 6027 20341 16224 8761 20078 11291 2662 7140 16824 5638 29851 4470 2524 21297 31474 7417 3013 2495 24958 12157 5884 11747 7974 7839 21585 32501 1428 19861 22097 3149 30141 18656 6700 14668 3160 23138 679 27605 11926 19055 3671 23283 15543 8783 6408 23230 3881 13814 26593 21698 15840 19293 13657 5595 29220 28804 13925 13379 5245 9190 16717 22730 22508 893 16868 25551 6121 17497 2893 5641 22005 5727 16986 28710 16299 13429 23739 13043 4154 16094 9725 20583 29395 28866 9461 26937 29954 18457 11952 28380 15740 11894 29356 32599 27862 7338 11232 2381 29962 16571 32395 7783 12865 20459 14449 11283 15889 24305 4031 31847 17208 25609 28653 28771 32458 25548 23240 21440 8256 9263 14719 9672 5926 1366 32492 10371 16159 30986 19011 9083 19327 709 1492 20308 32493 7353 16987 3593 22285 29437 8046 29650 12683 16787 22474 1363 26610 16009 7043 6410 25865 6146 3947 28332 20283 16035 5229 24174 6731 9316 23482 16837 16269 5956 18964 3567 17123 29488 443 955 1398 26933 5318 11483 18809 25104 25807 4182 3588 25614 7133 24327 6833 14537 12215 22838 1202 10344 10586 15537 20775 5204 5459 2917 18824 15105 18518 12982 12372 9796 12488 27589 17190 4585 24108 10328 30940 27082 11368 26024 15926 30001 28374 3406 26018 9746 23629 30150 12321 17986 13001 16446 11700 17762 11481 26540 15046 28306 10254 27273 7550 17872 26703 32612 6840 12549 7819 16239 829 2309 11931 15009 24970 22376 25391 30310 32595 29189 16232 1378 17906 526 3350 18151 23474 6230 4855 31771 24696 1629 23449 25803 7932 16667 17228 24947 18890 19228 2979 25987 2475 22990 10194 
32650 22273 7153 21707 15233 183 29749 15257 18028 12720 20702 2476 24198 21154 12064 12810 17254 3315 7402 9607 28465 7204 29546 13256 27082 15545 21961 16802 12287 23008 21398 26047 18962 10528 12494 19262 307 2079 9516 8818 27150 18618 4266 13160 10837 4260 8215 8643 3229 4717 9633 26008 24862 25855 12647 29397 31956 20017 13827 16918 25882 31281 13546 4399 13444 9658 6960 8210 3942 12816 10337 10918 19239 11355 18364 32337 11040 17124 12925 8606 3847 19060 6900 17422 20778 14134 11953 4461 18732 11152 25566 27313 27895 5902 25999 31004 22101 25133 24730 323 1934 6122 5035 20326 28746 15568 28 17757 8857 25061 32658 23027 17060 31945 16365 18793 29076 2833 4759 32352 10553 10698 21240 1852 20352 17073 3327 1261 16734 3078 2280 15015 18354 10238 14908 26898 29179 28044 3006 14906 9947 23335 31300 11025 3732 13557 16396 18381 6531 12911 12468 23208 15310 29094 30317 5470 9508 6159 22270 21139 7649 1773 17142 3317 20174 19271 11284 20496 20326 15933 29882 24627 14361 24107 27828 8257 26904 28348 32462 7467 19172 280 24408 17847 17328 20510 15840 1917 24935 12226 4044 10579 3490 9263 31246 24156 20198 21913 9905 1839 11429 10379 10196 25566 17409 451 19575 24105 24482 21526 12701 27550 16143 9703 17170 3179 2580 29322 19010 11867 18536 5905 23432 27857 29829 25970 15742 21734 15743 10553 29386 3991 14779 29950 27693 31269 18075 7547 25001 17859 18314 28996 31849 9441 31122 31290 24724 32239 28872 3587 20655 30877 24240 30519 212 4626 27506 15461 15407 56 28565 293 16202 13402 20441 5257 1750 29411 15710 19259 8303 14544 25263 25022 30223 23056 20757 19939 27831 22614 8864 3548 31743 10234 17866 12624 27019 26650 12131 4656 9779 5603 17264 18176 30940 15917 16846 19745 24470 12962 
15818 3256 19883 2449 7827 1444 17634 29375 28408 7926 17767 14588 27925 30725 12936 8983 12871 8560 19449 31536 30243 11386 6833 15136 1447 19454 17003 10710 24691 23648 16873 11080 2052 20732 28476 26621 15393 29694 1008 27640 19934 14869 23085 13222 22393 2823 14789 11940 10805 29654 1541 27814 15664 24555 5438 13685 10152 938 2725 29449 11213 27737 11680 6544 180 6188 1302 5958 18034 12445 27514 909 1391 11385 14716 10462 25334 9587 8649 12716 19268 14778 27062 12714 25944 4081 27107 9182 5771 539 22170 13953 23262 32038 8054 20327 30644 23558 29147 22202 3724 18587 8492 9554 4739 31821 18436 7906 23653 20144 455 21889 5834 19094 9197 19178 25184 12962 3857 8362 9040 12525 22118 27132 6970 30668 9662 15317 16494 2343 24987 17033 17134 7530 19558 1459 15048 14925 8025 12768 8387 29937 5393 3859 19203 18187 5871 11445 31044 31320 31105 26504 9185 23685 14039 19867 29445 13274 18935 9123 8634 11184 28907 12594 4205 24439 28213 18613 30830 18911 21187 18444 17680 27953 5922 6221 13488 15406 15228 20747 6471 8700 26507 2876 13001 28011 12489 4279 9104 22149 10533 20521 20708 18211 29466 9786 28586 1109 4010 21669 4086 2328 23137 27419 24851 11959 264 20919 28431 24366 29413 9019 3999 11795 1376 21137 16155 12598 18239 29350 24182 1747 15004 28240 13108 29013 14844 1848 13889 31600 16458 28909 31976 2719 31487 19129 319 13015 8414 12353 17626 29730 23491 23388 400 16315 24006 3817 17685 14393 18701 22362 22485 14331 15835 1021 19755 30986 26369 8602 9718 12115 29221 26254 11681 25102 5068 17162 6689 15382 18743 19665 32059 28943 23199 28106 24621 641 8352 21695 17244 10948 27176 32633 21577 6694 14899 22571 7741 3744 28495 25551 25451 17928 30332 17568 22648 2294 14905 24131 
32389 28616 19441 9538 5843 5582 18958 14783 21683 29533 7464 19378 2972 6032 18060 11252 15117 27623 24727 1168 6649 2789 12755 16709 7771 4494 13710 29364 4749 10671 520 8314 27416 2415 4652 12179 6175 8128 13010 10737 18738 1589 20344 16129 16401 19479 13659 9766 19929 12008 22714 3725 20114 31705 18944 14191 31943 7084 4494 22672 1152 25786 13227 4072 21258 25054 5792 21537 6621 30296 6802 15919 26276 21999 6884 2813 16953 2842 17058 5923 25611 25059 4370 20481 5437 13803 11252 12648 29431 20301 1887 26936 3391 1462 23962 24202 20411 12301 32562 27911 4761 11009 10541 16761 5217 25700 13142 4655 919 20998 30877 23066 21310 17433 23108 22453 18410 13353 12548 22063 12485 2070 27669 29048 22312 7783 8624 8579 9978 15041 20824 2392 20152 25079 24937 6299 3912 12608 25393 18749 29639 24490 4358 3 17693 10937 30993 29580 14554 22731 2793 22134 7141 18646 5334 14635 23974 18776 24486 32195 28274 17982 8759 4813 32179 10084 6825 22817 29751 135 8781 14562 28050 30730 16135 29289 1 13596 24479 19628 29059 18964 24002 28175 11777 16250 7739 24868 23267 9171 8578 30932 27560 9732 22537 4048 22279 26315 32404 22883 2455 7189 18240 27471 13304 20457 22980 7326 23949 23837 10811 22100 31368 32151 24624 25082 5753 31611 25290 7460 32263 18459 26739 28872 29701 7837 32076 8718 17669 22723 16150 19950 5992 25550 2175 32742 26948 20262 28830 7503 32652 12160 2410 17099 15710 24057 24143 23248 28564 16487 23344 5148 22025 14024 20523 17009 27740 3063 9438 4174 31869 21178 12153 25907 1876 1755 21295 28719 22702 10065 25470 4266 205 14165 31054 15416 18738 14839 10809 9142 18483 4213 29961 11657 2864 10431 9736 26502 20305 8751 28822 2907 27337 9149 26586 25824 12661 20521 22414 6258 
23952 22389 28973 8327 4515 25146 12567 29736 10037 6492 24898 21214 25777 29071 24351 22981 29872 16771 1085 24360 24409 8958 13202 27667 3823 32026 5962 25747 19181 30947 17354 3055 18437 26862 15481 7732 31325 18832 3856 28981 1110 27869 30628 23348 25873 26727 11506 31523 9727 13710 9843 20316 29836 2599 20119 30290 21223 24691 22532 25970 28545 3850 29132 15604 123 27557 25525 31154 19387 2091 22208 17669 28849 25440 25308 27886 26065 29430 26388 20963 4018 5107 12057 10692 18349 22730 6536 29051 18866 14818 25883 8578 16798 11610 18005 30952 32296 1082 30223 31384 32702 21713 18242 19192 20055 13261 8394 21502 5959 16495 15228 18435 9076 6133 23312 30643 9997 26395 4915 21354 18117 25488 19089 15253 24277 7265 2451 26114 17126 677 20029 8879 23436 7826 6398 23686 2668 2821 4115 31825 26342 22545 27085 24476 22036 1250 24272 30687 28097 28734 18532 2344 30031 5756 21900 23387 11956 25643 29888 11360 540 21174 4852 31924 21971 12390 4799 31632 16471 13805 5124 8143 32750 3666 7254 8226 32398 12875 4328 8428 25558 28200 32001 19162 19656 5884 3606 22134 21480 26601 5729 13690 6362 30020 31332 7677 2426 30106 29763 27258 18258 14242 30413 15191 24946 4643 1144 18586 7787 13727 26201 12859 21006 23644 25823 12244 18648 14869 27641 27545 21579 7246 31018 16272 29230 3970 29878 21135 7265 18100 19740 17907 17950 2941 8631 10639 10934 22265 18337 26069 23682 2283 18652 24535 13630 23419 27695 22031 15802 21689 14666 16806 20990 18502 5955 13207 11836 16013 9356 15930 103 6665 19684 22325 25188 30968 3205 13064 23693 13874 981 31227 21833 785 5208 24442 17349 5800 9537 26598 18029 1840 571 13040 20036 21969 8405 15703 7306 4452 4875 6224 765 4352 26290 13216 9356 6605 27093 21786 
31015 25930 30912 27075 26371 13437 17745 14840 6159 22923 19895 28358 7752 22702 24771 24775 17291 17955 25429 8077 8351 29399 22488 10199 21970 5122 24554 16115 13595 4732 12601 25461 17560 11636 20202 2942 11424 25527 13089 6648 13897 16317 1253 29396 26746 27968 26501 11037 24735 18638 2699 18983 18994 18993 823 8774 29564 32592 19001 11907 21367 30256 24639 6819 5880 18580 12557 23122 21939 9685 20933 18247 14326 26078 19061 22102 3691 31637 20615 6988 2270 386 9418 14483 8969 9576 29905 16221 10447 25636 11564 17246 12722 29912 12047 13305 26883 5086 2043 4639 5146 5791 30839 1549 24184 26226 30912 15623 7475 15754 28109 14653 2942 24620 2027 1620 17821 19210 29471 23831 29781 17799 17275 2918 1403 20414 21644 5668 6928 21458 9384 30191 28415 25779 5396 11339 14631 27274 13863 32084 16706 29800 16440 28510 10156 26990 932 10962 32622 26221 28985 14564 19988 17534 16630 12103 26573 28341 31335 31038 24508 19589 26386 17975 16752 17379 18160 22278 10756 26188 19025 5077 1664 3497 30690 3607 30160 3166 10956 30346 15871 21845 18046 10844 19481 18303 15713 14906 22376 14596 9956 30390 32417 7086 18748 4008 22861 6622 19362 19835 6123 8657 17341 26611 22170 1683 13550 10474 29284 16290 982 3922 19443 13695 328 5667 27904 6424 12480 20104 250 22981 14778 37 13764 14845 29346 29300 29345 10662 11640 31219 19792 29245 1848 30784 4026 1373 3053 8330 17868 18431 27101 28626 4598 20919 22835 27994 32 1229 20442 31118 17529 8976 17929 20586 29553 4929 9665 4199 32753 18262 20294 18230 13770 19125 17057 24688 9341 27256 13472 5885 10989 27926 4410 28810 953 25348 17096 32506 9315 1139 15088 28462 11547 19410 1883 10070 18556 4921 1538 4295 32457 7413 11899 22928 794 29610 1201 23853 
8904 6421 9342 31922 15165 6108 19746 17162 20337 6499 17992 6379 669 26256 18196 17339 9480 2472 20149 3541 2321 20602 4618 30252 8679 17961 23150 4915 7667 19985 18975 4811 27095 9579 12563 27444 30323 24221 25499 24042 16587 7871 12053 22455 28379 2968 3336 20201 2409 731 31932 29612 12128 23592 12669 16486 11340 1915 24788 12165 11211 17087 17666 3165 4489 31629 19803 725 12101 29057 31684 7289 26323 26205 7963 30811 30774 31790 27558 29746 17042 11530 6421 21821 27647 31642 28706 26376 31365 8711 9729 18753 31165 27764 26299 6307 23149 9534 22459 21468 23125 1565 6896 6815 10206 13194 3730 16931 32696 9861 19822 27182 28859 22010 2943 6282 19666 2257 16084 3855 4086 22555 390 13924 22369 32164 21673 32077 1415 20865 14709 14459 18465 12159 29380 21393 461 9987 32628 11848 177 32139 23776 30001 2535 20510 20378 17836 16498 28841 94 7554 6850 3641 5145 2640 29252 3294 31457 31988 26935 3797 16464 4077 24463 31723 23935 13740 31899 26278 16238 1761 12581 12749 4583 10106 23596 28159 23069 3394 31474 19029 19010 9206 32206 28280 14301 14579 31576 28848 21970 5210 17434 9743 9832 25503 19156 16063 10650 8802 2434 1198 17828 512 10355 1433 16218 164 893 2521 16579 2039 20697 14120 20152 24559 25919 26069 6488 29189 32169 924 6296 4086 11032 3828 23514 19742 14771 25671 21639 24522 24810 32112 20519 7807 7079 28255 26422 1292 4982 19363 27968 167 28895 32678 31791 1951 14858 9069 186 17310 3768 32765 3759 15214 25282 10901 5781 5098 23164 20313 9310 2350 5575 28973 22541 21397 31614 25948 2666 10660 28899 24001 29003 1750 15947 3445 24023 4681 9166 8489 1326 4357 11748 17331 9616 28660 12353 14124 28689 4512 664 2565 4183 16881 10601 8409 7053 17055 
3909 26377 23810 4151 12967 13680 5956 9120 814 5373 31544 8761 4703 20998 17463 2777 22242 11154 21819 4702 20161 22740 13349 16463 20919 25977 25192 8707 8636 27532 20444 15969 4165 27176 4967 30572 21015 19674 14841 17725 21104 14383 19041 32273 13381 6149 29225 20413 25067 4486 9396 3789 21080 31171 6352 24408 2967 17476 6756 2734 7597 15589 18930 29419 18093 32474 5233 19677 721 11741 13530 9268 30438 29142 12614 9978 6028 14424 31157 25563 19563 30401 1094 13569 7067 18216 2346 9821 24765 20500 25987 5353 17304 6430 1837 12746 12454 31364 28594 11637 32491 18124 32487 13387 32614 21408 27354 4236 2116 2809 30901 11829 21135 7622 17943 30189 12778 7769 31366 4643 15652 13529 11429 27871 30197 32050 25500 16862 17553 16674 5272 19193 29519 9631 3738 5977 17172 21999 10870 18432 780 8296 21541 12451 20296 27440 8781 13006 14101 1281 25908 31844 10900 29913 20476 3690 27471 29060 7976 23380 30602 797 13550 25825 23086 19299 9642 12746 15689 27997 7292 10842 1879 11507 22314 25760 16429 9298 23643 8688 16313 11251 17956 29346 9555 9832 5561 20951 22030 26617 10804 13416 596 10009 12808 19319 7275 27781 1441 20716 11977 7189 7881 12919 2718 6731 10076 4159 22509 1354 20411 28833 15618 16991 24690 23244 1648 26672 4832 21701 4689 22855 31721 29136 20731 23658 10189 21170 20856 16526 11133 30627 18701 12505 19456 19530 20532 3226 1002 24766 1754 32739 8905 30297 23380 5725 26714 24526 15954 7950 7458 23842 8273 9923 30249 4231 10700 20459 31707 31314 15385 5489 20145 2437 24139 464 23769 11991 23543 18305 6016 26810 3848 26155 26554 8171 13308 11774 301 6826 7736 8559 381 21757 3016 24202 19453 16098 18847 6071 27683 26458 15361 18463 6807 7517 6395 23623 30570 29251 
32170 7380 20620 13087 23697 21981 27488 6899 4101 3511 6034 18665 26056 19118 17178 30177 16010 3220 31210 4964 26403 17056 18548 12666 9118 23992 9564 14194 21291 31756 21494 1040 11216 1679 31243 15483 22657 19389 6372 588 15362 27443 9754 14679 26468 16953 18602 30004 28747 11683 1210 29332 12680 31715 12281 12442 21874 12022 5944 29271 29889 8949 22741 14219 17413 14062 3990 26473 4827 27660 18674 8115 11557 8282 25401 10534 20116 5900 20499 31444 4645 20110 7721 10429 27292 19580 7674 28190 4886 18986 21262 26585 4227 25724 32083 32185 11270 4959 6707 5718 18484 10588 11438 6942 26 6117 24652 14005 16795 14459 2153 14229 24896 8441 18084 17982 22698 13882 31751 2259 18396 3329 16651 9474 89 24435 27412 17837 8971 16304 4213 7687 14526 27297 23988 1859 27818 9802 25200 7888 16831 1454 27551 12849 27104 23307 18111 4664 30375 19025 29255 6613 2017 13219 15492 499 12447 7823 12710 11430 31773 21874 18264 26879 21117 31344 18016 26845 21569 16851 24648 32162 23665 8334 15754 6553 19605 32432 13831 11775 14726 29564 26327 26033 12150 28979 4256 30361 5248 22913 17826 6090 12261 14877 10736 21812 23771 30940 12066 15222 28473 17924 4842 20430 20510 6897 15875 11810 1944 14479 3344 24712 15652 15167 19182 29662 28223 18278 32528 31970 29634 5481 1502 1653 3458 6162 2089 3671 23443 12179 8292 1751 6890 5158 21134 2861 23336 15563 4901 28370 9570 17173 9936 15835 4806 4545 24867 3298 14304 21158 29978 18075 1169 24810 7423 24111 6791 8310 30160 25680 620 7741 7512 10094 29722 15207 20354 32587 2411 30310 8619 839 32715 18007 13629 7552 22043 1444 22830 26016 18526 27233 24031 6069 24489 29456 10118 6807 21627 27724 25364 8419 25900 5202 27832 23477 17849 19968 12723 14637 
30413 30216 5322 12018 26744 10382 8897 4434 31955 21912 29135 19830 3906 28188 17415 173 12120 21553 3986 540 27902 13363 24742 12979 25074 27422 2836 29328 31577 3290 31763 8476 27970 12062 26075 7562 4997 13183 12654 8908 22890 25369 13098 27195 8073 6205 22442 9302 5104 24709 12695 6385 23681 32528 5353 3702 1535 3068 25520 8403 1574 17022 14102 2482 18849 3903 17816 5066 32571 25855 27898 15007 24400 5252 17765 23260 10960 19080 13807 955 25668 15389 26282 11199 12825 15215 2656 24704 7126 29122 6084 12533 30880 3786 9194 22241 22115 11509 13779 6277 13759 22664 32576 10314 5277 27115 31042 15126 1301 16257 32099 28655 440 12349 6937 18072 5133 28381 525 22686 5911 19381 30461 25091 22105 22936 27534 13611 23385 22585 25844 11508 31558 4364 1003 2815 4125 11159 23434 9591 23799 7254 27598 8369 16052 16224 7766 10152 21778 6826 23064 7546 24305 31529 13221 597 21581 13162 23291 28905 2142 3440 25505 14572 25983 8094 30845 29097 5838 8471 17165 20355 20244 1046 11961 4706 25048 23819 3521 3533 2485 22971 19841 28050 28357 20274 23779 14917 6025 20572 6518 28758 19440 1522 2842 22277 27804 20138 26365 12639 8669 13280 4989 25513 32113 30032 5636 8114 8944 26432 26240 5163 27025 7655 23087 30095 17794 12878 4820 10504 32442 7209 8989 14643 20213 25842 10330 25129 25102 3505 21097 25207 7777 14029 21830 28946 16151 27373 20595 12062 21866 17321 23566 29320 12490 12194 28787 20837 14237 29048 4650 3192 32323 761 10404 10271 3730 30725 27185 15651 29733 9949 4059 23936 16735 21375 23179 6678 5440 14891 11655 32303 10805 453 20071 16049 26822 10534 27364 6110 1237 31884 23064 3087 15419 20039 23355 2706 9087 12199 7089 805 26873 20534 29339 26782 4580 6286 28212 4859 
4191 22732 18997 12025 17043 22086 31059 18072 28324 25032 29425 1450 21620 8759 32369 32198 27921 29960 28891 21112 18795 4891 19167 5217 23748 9909 24961 15808 16982 28571 25027 3128 4081 10910 20499 6872 8471 22980 4571 10729 953 17473 8589 30635 6122 9008 6076 16326 26433 24170 28310 3304 31187 10468 9759 9012 5164 498 31989 21691 17979 106 8563 8075 32579 14911 6179 16010 26361 1906 10472 29087 23970 27149 4508 8395 4791 23110 9139 21493 14235 12428 17661 30978 11121 31053 24617 5947 18228 4920 30516 9679 27181 541 31557 25541 31725 15268 18517 28020 21507 24594 10859 9159 1396 15859 23685 22409 11450 12417 11880 31148 16491 11407 29939 17992 22950 302 4247 19321 4502 21901 31347 1495 10442 8716 25782 9091 2341 13016 30454 3232 29032 25894 5982 10560 19707 4155 11948 22482 24209 20410 32727 7600 14869 14228 6045 23565 12264 30834 631 31920 5796 28878 18337 1952 17147 21314 25306 30735 31575 12809 16277 22224 24253 30444 10419 7248 11938 25901 26472 12936 18282 30307 9567 8450 4558 26230 31616 23309 29128 12855 12563 3047 19621 21163 25418 26645 27442 28884 17434 13710 20004 15157 19092 21638 13253 8756 1321 7 10721 11994 29788 15673 28493 7427 21178 13296 19297 17656 25518 29824 6212 32288 22042 5838 18701 15226 15529 27436 27254 11525 24178 17882 22621 23015 20515 25213 3315 24273 28972 8029 23560 16869 30366 7285 12672 1550 17595 87 26851 5008 2035 19208 4148 6388 12126 22187 24953 5371 23479 25593 28115 25553 26901 31512 10364 11571 28880 12659 6530 15054 29158 20287 1196 31450 26700 11886 28726 32241 12935 22445 23180 13668 18543 14237 15083 3515 23169 10772 30774 19046 2818 13248 27780 19662 1312 20719 15206 20643 8444 31530 5476 29261 16686 21611 10622 811 26066 29852 
24703 28839 9295 30101 1647 28242 762 14045 3416 27685 26358 1003 27935 8784 11447 590 14480 4304 9525 7123 9773 23762 22325 30704 3859 29848 30180 8716 20557 24703 30314 26627 18589 642 28030 32538 30004 32507 15367 10107 5621 2102 7916 28699 10440 17233 23921 31888 2481 31401 13307 29356 14392 8783 32500 28878 26978 14290 15476 23412 28044 20677 2076 27616 3063 3876 29036 5817 30777 1093 16613 24441 5158 15806 6013 19591 32433 1844 11947 593 28273 5533 5656 13628 12850 11371 16424 5328 7855 23982 13962 11851 26954 2644 14330 30343 1501 20820 7805 21681 18539 28753 25338 25583 6699 30952 4290 17751 23843 19484 8070 1977 18358 21684 5223 768 26913 10408 4497 703 11173 4738 31769 27503 25514 10412 6231 11638 26660 2414 13179 25430 16307 22266 23714 1763 24489 2404 9415 29491 1640 30279 15378 10326 32366 4610 29462 25566 3323 18491 18148 26151 9418 27780 21219 25752 18472 31032 1196 187 12405 23596 28568 30762 9542 26178 16410 32135 5683 10447 13263 18278 32243 10484 22036 3487 18009 27685 7366 5435 16193 29864 17287 4176 18721 22579 17595 27943 12588 24394 435 23357 22856 24097 3598 8479 4855 7790 29956 12819 26029 32173 22681 5098 8076 20596 16268 16222 18652 109 14111 13296 11321 6156 31027 12812 14623 9962 21400 21038 7149 20088 3033 12246 14128 1493 23487 8493 9365 1051 5813 20991 11189 25627 20584 9244 14256 18913 17784 19108 16799 30342 4075 28557 19555 21672 1203 18019 2964 13472 30607 13250 12200 852 15763 7884 15907 15441 23266 20465 18499 17194 13407 16023 29281 13832 19396 11831 8202 26630 10237 32461 22568 28529 10911 1245 18436 21593 11370 10095 19760 28234 21363 17691 25406 9748 2578 25507 26390 30533 4477 10751 18844 2188 745 30541 24010 12979 14500 3441 
24558 9993 1653 16635 8725 26045 28209 15714 3679 5635 843 20224 27261 8366 18789 7401 20272 6997 18081 9058 29499 16257 11548 27267 4813 11677 14577 6613 27581 3777 29387 6358 20260 4058 2360 32445 3739 25968 8679 20024 12720 8250 4112 1848 31611 3897 21086 409 17961 12238 12945 11117 16517 20498 32678 15521 24607 22713 13435 32145 5726 30137 25115 23421 13004 1395 28403 14279 29748 14474 23308 17478 7333 10604 21521 24750 9597 32047 12697 29326 13932 21848 7058 19938 10844 15694 10653 20245 7697 24529 4970 13679 16190 4287 31371 22396 10930 23158 4605 27518 3371 5472 20103 19436 32235 6688 14461 32679 26484 16649 11332 7710 23229 26221 20741 7516 20699 4900 27467 6080 14805 1869 30927 21778 3731 12613 21969 29095 13214 10017 8640 1124 22046 21071 19611 12746 29477 21160 13981 28249 20004 4592 12194 24303 17909 13018 30195 2482 26559 4806 15887 19907 21814 3136 23423 29458 6159 13823 5277 1621 32232 4850 31073 11951 21873 15781 21798 24171 19079 19375 28730 4133 20634 8330 2287 24375 7604 26034 27563 6922 6397 6756 19735 20693 10739 699 14197 13586 23500 27405 206 29963 3857 21007 22584 21333 23391 15172 28542 1512 6190 25489 5448 4037 29725 17980 31497 2574 22478 31947 28450 12927 27184 30598 25424 31439 4281 24578 27400 22447 657 15111 18068 24633 22190 5200 20623 13745 26484 15644 10138 2018 15776 18792 4340 2048 28126 30565 18240 11558 27395 15734 24347 19381 30868 30300 22439 9823 28860 25905 3860 10968 1573 3074 24921 1257 25563 890 24460 3560 2161 10270 19213 24150 7328 28157 20810 31667 27426 17300 6209 10714 11716 16812 22636 7794 14423 29185 15805 4222 5233 23077 5038 16506 27746 15590 23131 18302 15944 16473 32105 30531 6784 18595 14315 32394 8808 28242 11953 20721 
16127 13008 28700 1111 23531 32419 4140 16361 1908 8344 20250 13332 24226 32417 9313 19129 12227 19133 25212 21126 21689 1040 11906 22258 17 32009 7559 3902 9739 22426 11436 7740 18145 20274 22374 2419 3678 14180 26446 6827 19521 17543 4968 6731 4519 19744 44 21166 7391 13587 29875 11563 13667 7033 22687 29183 13700 32003 24821 21701 32189 5068 20885 18328 35 19354 22030 24477 28166 5080 16928 28167 21511 28943 88 19433 3423 14577 3086 26638 25325 29798 7245 21036 7504 31915 8121 15990 15071 2334 28684 31397 2183 24553 27655 1819 27521 31541 22965 32161 13444 2356 8855 17427 7605 32009 1276 7059 539 17383 5053 32311 14252 14725 9220 23818 23929 22807 21875 4560 11638 32456 29553 7441 8959 1982 5561 18566 12646 21190 3725 5666 20939 23246 26357 2050 14835 21424 16754 18974 31698 23666 1807 12268 11654 12202 32253 21062 15435 10049 26075 13217 30996 31002 29110 10633 9506 2261 1074 30133 11355 9901 13868 14172 26631 2886 29962 5393 21030 1216 14986 6435 5565 20918 4312 16929 4989 22003 21244 10870 10632 9564 11363 25967 24215 19223 30703 23031 14706 29880 16862 18171 18522 14303 597 9345 30166 24619 26162 25379 9896 5596 23762 1006 14963 5027 8823 19486 8063 15077 20052 32051 21736 30771 28384 5221 32588 27803 18823 8341 5737 3818 30456 21474 12221 32611 2561 21833 24014 15814 11959 5132 9298 2296 16536 29097 114 13236 19222 21701 8334 20711 13031 5369 28845 15674 12862 31230 27736 2404 3789 7834 32078 31716 19433 16862 441 11844 29624 23781 10383 28491 6949 29130 28998 7899 5172 31762 918 27685 4103 28165 20620 19327 12766 20320 7556 2334 11486 18021 29303 11703 32199 9431 15791 10860 22821 1283 12386 21424 23514 18777 21226 14897 2958 29426 31543 7075 20445 15971 
21448 5015 4430 19619 32697 30152 11719 18076 4398 899 14070 5086 28044 21480 27844 9606 12889 19615 4613 20916 16491 22996 24184 16804 9298 341 26953 19452 22572 16741 10142 30859 3130 11635 14092 24401 10270 31115 28455 6899 485 1074 1770 32141 11526 11979 23332 28263 21686 32209 25333 14602 7036 14644 735 6213 30919 28211 30606 12936 32447 16476 19990 26699 28744 9180 26832 1930 8948 25648 25287 3136 2034 23473 18674 6770 28748 5805 15016 15269 3195 21727 24351 25314 19700 12223 21097 27971 31325 29261 23107 9984 14812 20548 10209 9163 18093 11432 18093 7444 22489 7330 19296 17163 19399 25197 19160 4357 20632 5843 14510 16813 18207 1804 13737 4073 20045 9704 31477 25529 9629 6977 5872 3332 23491 10735 18044 16208 22104 20295 16328 20386 27706 737 28957 19374 29937 18028 11296 3190 18890 4650 16873 16036 17441 3113 23177 20513 22703 12348 15644 16793 30736 4243 9402 30302 2057 6345 30745 2867 6230 6996 7116 12002 27396 28993 4410 10158 15549 23883 1250 7286 12226 10990 5931 15302 19913 9652 12164 10804 5443 21940 20171 21093 22465 30574 20273 23541 23613 15214 18242 3769 10044 27159 5342 31072 13755 11399 4317 4769 30394 9455 29277 25002 28857 16115 21538 7491 25929 16528 19061 20060 3573 5672 2593 28464 21178 22812 11864 7648 5458 13674 8448 14453 15429 12863 20444 14629 25099 974 14082 14044 5891 5755 32514 24419 26268 20471 20706 21996 33 1056 17745 14515 31905 22716 26802 5163 3577 6448 16430 12580 15617 13073 9937 4500 26787 22424 10260 29159 9587 12248 20065 14314 3964 31428 25281 3227 266 19162 2436 19097 28502 11288 2863 2087 18729 14902 15972 11604 19231 20452 19570 4870 12899 4234 11522 28400 26050 21600 8095 23182 27995 21776 2119 23423 18269 18581 15057 5697 
3440 24346 31843 7290 10887 4519 28273 24561 13659 20303 22839 25460 11216 10995 26 10997 22508 15971 17354 679 4291 21465 26623 24462 21808 19342 847 23547 15990 22228 11846 5935 23829 31223 32043 5710 23734 7127 23277 28541 22512 30755 6295 28857 25316 24288 21959 29432 7825 31741 22202 10015 18055 20805 23282 26705 12048 20675 22986 24591 13090 30675 22855 8524 4616 18637 62 11554 16606 5016 16388 26220 14934 17410 14875 14271 15697 8031 13889 12603 13465 8449 14869 22740 563 12213 32349 31226 22862 3102 23087 4335 21952 951 8322 14444 17606 22060 2260 14807 28167 27326 26312 31341 23874 20900 4319 3327 30633 25099 17616 18726 25424 12179 12762 14095 11073 32161 24924 17026 19417 30972 4631 28185 12584 5961 7555 29625 6095 26299 6727 18646 24286 7351 6544 17778 1242 23758 22599 25289 8362 22769 30899 23215 9054 2252 30246 22505 25278 25444 18706 15836 21109 31063 24002 30186 22744 30533 16943 4573 27765 32570 14795 2432 28808 12549 4452 28831 2236 7407 2036 28188 32188 13949 23370 7540 13243 5703 25556 5629 7009 15558 28622 16300 12344 16356 19179 2455 16005 11116 14529 12546 4272 3776 5587 15761 8546 18576 12824 27938 8162 26195 9799 9484 15203 2628 27275 13634 31233 5972 541 24430 27079 28052 5267 27443 20933 17218 3082 27413 6215 25000 31591 3380 4052 8879 10943 29150 10708 9051 121 9422 27395 18903 12649 22757 31945 2304 2154 16847 8148 15056 4188 24010 1620 2668 18731 25579 11484 4017 6418 10273 2133 1463 23217 24511 18723 31609 4626 32195 16280 24665 19957 5480 3947 6074 27697 29159 17224 26913 5894 14589 15056 23108 29461 27991 640 15961 11028 19615 6560 13230 12812 19671 11809 29830 13171 1130 5237 17565 19321 18333 6381 5753 28671 18313 13518 26745 3805 19785 
8307 13715 6582 8821 19462 1646 25237 10255 29419 20379 2217 14413 31355 32341 15630 7208 32375 32537 9971 12307 16604 3824 14262 30390 2617 25067 18114 21261 8506 29603 9385 8990 18250 6669 13724 6386 5851 21215 24065 6199 22128 28481 7559 7253 3805 15942 4853 17043 21524 9741 20189 7425 25950 13432 7997 10362 6326 21099 22186 7215 28866 8596 10354 23544 2147 19431 17702 12943 7514 23866 28909 25398 32329 19570 7495 8801 17733 27163 23063 13744 17488 21740 2309 9388 31411 1074 25281 2425 9719 23714 13886 17955 8779 8465 11381 18781 6608 26256 1833 12657 72 1635 20695 28464 11039 2329 32428 6116 23372 31031 9915 30279 14573 12317 18889 24077 27325 23987 7810 12977 29400 1636 14295 27152 21359 80 32049 31849 24432 10412 5876 18241 26716 17477 31745 14508 12259 3009 18594 19935 16058 21868 16444 22132 25616 17125 7739 6470 6356 18687 31394 20899 2671 31857 6556 12441 21766 13800 11979 28773 32298 17893 16033 25014 507 1656 20544 1427 26681 23083 2339 26041 10401 11985 10047 23790 18858 28558 27246 32081 29161 18864 26633 7820 21244 12523 29804 8950 23578 15396 2112 25277 21799 25893 15224 5539 27040 14239 12175 16213 21541 8862 7021 25239 19610 5157 15524 11135 31592 17579 2277 20618 3871 16681 1606 28071 26418 8317 32261 19790 5540 19187 7485 6511 22499 6762 20691 9091 19522 19894 15654 8088 3671 22140 19550 5662 14862 15697 11073 19415 26269 8607 21304 3058 9880 2085 25333 27747 20591 25640 20848 32190 23736 747 24820 31876 16850 19799 31560 31893 27226 27019 19187 30073 24233 22420 6968 4781 30373 642 11263 22510 21408 15385 32538 19596 9965 21475 32469 15994 6789 2912 17215 9599 17047 12690 28789 3821 6323 26548 14623 26438 10332 29583 13686 26540 26891 28849 25487 23414 
13017 23242 31375 11501 9072 1661 17519 30299 14951 15335 29039 17310 23921 14383 18482 29779 31386 18780 1466 31507 25784 32478 7455 3047 11807 9128 4156 12702 5602 16482 16497 15817 4729 17854 2057 27807 5660 25298 14855 9674 22983 9763 27469 203 27564 16490 27351 7372 18519 29427 12658 27115 3996 19825 29508 13312 6046 254 8271 23005 7808 25582 30631 11816 10350 30822 14671 26004 30632 2058 4493 4313 2710 4345 13162 2184 31075 2243 5145 7880 28464 4972 2968 5011 31008 5802 5570 21108 3382 4552 6130 6439 32052 18668 16785 7813 16872 6799 4666 25068 15099 3273 9147 9259 26418 22326 13732 3281 6381 5815 10203 27952 21501 27247 5197 3953 25419 8786 15361 9840 2138 11071 17958 31480 11474 18557 25411 18137 28562 27587 10947 29515 25819 30412 19457 17230 26532 19615 5225 29236 21932 3542 32082 24463 3937 14444 6117 8652 15530 32452 22351 5340 28310 11694 14479 3204 25593 3148 11107 16706 6868 17208 6531 28645 19252 2491 28824 18674 26617 30686 10517 13431 14867 14099 17389 12136 1186 30397 10757 3310 15334 30484 25979 29867 17413 1662 21602 18087 27600 21145 20420 16426 30498 32494 22867 26383 5489 24335 15705 19537 7376 28910 22785 8607 17167 22741 20577 14048 7647 1806 24168 2595 6243 9732 19992 26836 19892 19118 23364 100 17277 32630 7012 20645 4025 20152 3360 5739 28627 3572 20067 30902 13402 169 10558 21139 4891 7344 6077 13454 11046 31334 15997 21801 19996 880 13061 8663 15357 9185 23068 7903 24138 5414 17051 4373 14224 3014 24870 26442 8487 8728 8509 3925 12651 29639 27888 30142 5596 24628 29332 13621 25390 10499 15538 24061 20730 24891 2218 19110 21206 29191 16599 19225 16633 3977 7430 16955 8660 8100 23846 24601 10807 20298 13358 5909 9220 11341 13588 15963 
28124 21211 2193 23096 19085 4012 23216 11083 22284 20579 5244 9363 16457 11161 18245 5245 16478 30901 8379 20281 5792 29156 26227 536 17512 16380 4562 25943 4959 13284 22742 8840 4605 712 25620 19384 5049 4904 26848 19820 24787 16206 27368 26786 9859 1543 2804 20338 12265 10601 1750 23479 28023 11926 15070 16943 10146 24648 32362 28613 784 17030 3187 26851 3420 4322 32217 19612 25291 9338 32522 21836 31993 15198 20576 3856 2356 8043 21235 15445 6871 26510 535 4878 16095 30374 24455 8375 23463 6989 14987 2867 3068 13530 25027 8413 14502 22198 25122 25337 7672 30992 18093 5970 27487 23399 28499 4040 7728 22775 12106 16056 20311 7145 28755 4142 4039 4904 32468 3849 21277 3244 6347 7368 17132 28093 25751 27049 9180 6834 22759 7028 5493 2834 22416 26667 9137 23556 17556 5450 21509 30768 6127 6349 5927 2063 25834 13522 28006 20998 10652 16718 6088 12114 28739 2665 7145 15792 9253 1386 5987 25766 22024 3047 19794 22575 20840 26381 15810 5640 4051 32058 32653 18084 16963 11243 15697 6979 32764 23990 21097 8906 2859 4050 8770 9542 544 14045 3414 26366 3527 22716 24538 20604 9811 25718 29127 32320 9403 15668 29359 19082 31808 31750 17927 23840 31916 28151 2484 19910 17438 17395 3461 22316 27590 28343 23947 20897 11967 12194 30409 11693 9705 4471 13040 3434 27716 2178 2280 14978 9909 6165 6417 17188 12700 12630 26097 22841 27705 13370 2989 26122 8034 2929 30801 32393 30163 7773 17388 18761 31634 21561 20952 24029 32599 6167 27125 23637 20771 15337 24189 10224 4214 20048 18609 19103 12263 25988 9394 26699 27272 19456 26235 25969 4617 21235 30821 30677 12293 3709 21877 28349 31126 4407 6539 857 16185 2491 12444 3119 17243 31765 30266 16525 12308 16936 6709 8155 12163 7709 
14779 19729 4833 13922 7021 9729 14394 16831 2591 31459 20249 15036 3687 19746 3009 12516 30155 11007 7193 32761 20450 20126 30751 1789 23366 24559 12944 20948 7799 4884 31543 19008 17279 854 5037 14678 21488 8496 5273 15718 32024 15588 32324 5686 31501 18889 7727 294 27983 1747 31439 10240 29091 15265 15776 29960 17556 1715 3424 14796 31656 26594 10920 14625 25910 21668 20116 22999 19403 26416 16712 31762 24 30677 11664 26750 13744 19961 20972 8019 11673 20672 15714 20810 27623 438 25432 860 19315 24028 28904 8666 12724 14137 8524 17608 9513 8266 30809 23139 10920 22626 22622 30954 12808 5411 31975 10429 30972 27677 29375 20291 7380 23589 4756 32268 2568 3794 13607 31138 25241 20361 25369 20719 16293 14773 11793 31138 1723 24714 4646 26649 23044 30005 3095 3467 32303 3222 30718 31299 18800 9989 31512 27756 22499 26800 8491 17793 18450 6924 3279 15005 27159 2623 22395 1120 2773 31331 16839 28415 21406 29361 17551 28858 26591 311 9377 18822 3887 31347 12020 28757 19964 24442 6113 17045 6227 3034 13345 6101 22390 10412 18576 418 13163 16862 29449 29816 16765 2768 29353 5515 18125 13226 24647 26507 11115 4185 8327 16649 5140 5495 29846 20943 21425 20111 3575 16514 18415 29426 14589 29601 3847 29728 17415 26128 22859 3594 8946 11818 29489 326 20565 5483 29589 6415 8394 8893 32107 24189 5463 11453 26872 9096 18516 18943 13694 4613 16273 4540 23760 3084 2378 10289 18230 21830 20551 10142 29689 17072 13387 5857 12207 4510 6524 6552 9465 24634 23970 26460 5496 7792 4015 6754 8058 22721 31285 2609 17824 15508 28527 31043 3056 29827 8128 12656 3386 18141 12350 8312 19853 24475 6588 22515 13037 18587 1765 24384 21818 14644 10304 30463 20465 20261 25198 7668 26875 15380 12260 30708 
22381 28667 22833 7758 11696 6453 28021 9706 27949 3723 16404 17664 12174 22886 17825 16157 9566 25653 10967 20617 12453 20426 30098 6381 13187 26824 5624 637 7957 12201 18762 14067 7746 5965 28227 32030 22002 2171 3216 17146 9659 26353 15715 11880 27573 2003 12230 7628 787 21370 18575 27200 12462 2696 16257 9932 7572 4933 148 32627 25950 20312 12741 31607 12802 19661 27197 13186 27718 611 2705 9665 25486 15543 22546 30429 14204 1429 15236 24022 6339 19994 27922 26618 26993 18749 14602 583 30897 19026 7037 23946 12058 9225 15182 12526 20474 26158 20830 25439 4936 17541 20986 18298 19380 10567 10208 13307 13554 27329 2076 30540 3809 15429 27899 6073 30260 17853 19659 24341 6807 1497 4013 13487 25297 15929 30234 5597 31123 13020 2825 28528 31576 21546 23651 23515 11442 17797 22431 20116 30331 2644 14630 1522 24657 1040 7325 250 17360 31094 10391 6569 1374 5639 10109 30207 19951 26111 138 11698 31752 16119 10615 24758 3343 7244 2205 13692 350 16606 9990 31570 8259 18843 8046 29609 13455 980 2307 28185 29881 1858 26544 32108 2407 26 23816 13731 15613 24895 22913 13385 26564 4525 11572 3294 21378 3326 28166 27978 13114 7105 30195 9826 16300 10898 22851 4392 21299 16959 23275 5721 18228 26110 3704 8029 2176 15815 19 19170 6870 29722 5655 19585 18446 19043 11416 3835 15943 1370 30076 28463 25817 16658 11160 30682 28295 19379 15731 10403 18312 26101 9520 425 15650 7122 19499 20017 15776 20817 25865 6636 31607 16418 2285 7397 5655 18253 27962 15475 31386 379 7806 12429 19980 13385 10393 8494 2196 2593 31036 7123 5582 18117 14209 7432 19595 19743 27204 12700 17852 5055 6596 19763 12055 1656 4942 20491 4993 21545 572 25145 5069 10454 29577 16450 1887 1562 4222 19445 
20337 17270 13677 12920 30675 2210 30739 28782 441 14273 16008 28113 20886 24434 29414 11248 18079 26643 17239 4375 19935 13271 21608 16503 13651 17720 22235 24966 9944 16443 30125 27898 14899 19770 22186 30134 21426 28667 12118 30937 29707 23068 3170 23948 26838 2696 22808 2078 268 7134 26130 16842 16197 22723 601 25606 12560 4654 27138 26848 19493 6711 3161 25062 5822 1533 16382 31594 6361 30289 24607 11690 4579 8955 20790 7927 8615 5878 3763 20270 20012 22797 24219 8443 9775 18468 14430 554 18271 5309 2094 12312 20165 7227 7082 30667 16055 30421 14726 5891 22677 13858 26597 16535 19760 2973 28130 25261 32697 15312 1446 10495 12105 21887 13174 27479 18958 4809 24259 23517 25770 799 11850 31578 21342 12130 20310 19235 16429 947 24783 26062 28839 6109 20687 30725 31087 16169 12443 10555 20773 18418 26491 12030 20249 17407 31134 15819 11334 31868 28137 13410 18384 15624 12104 31089 3182 10250 11599 17873 21375 12817 23732 9867 15893 29071 24809 30271 17653 25122 11587 25601 8286 30648 30821 3969 14170 3038 32280 26434 10975 7554 17680 31393 20529 7169 17105 16203 18149 17359 23851 6365 9190 11594 4114 19003 26672 27237 8147 5759 24691 8817 10200 23853 27326 17705 32546 27613 16035 29867 7464 15367 17879 12883 25530 11064 18189 6462 9390 12962 16251 15571 27619 22039 16256 4050 26989 2107 26134 16349 21456 5114 9125 14358 28586 26326 21690 7578 12699 30691 31886 18495 15904 6034 32330 12089 8367 23686 30179 24827 23822 215 22008 26176 3172 27385 20376 24924 2538 11274 9207 13507 19116 20634 21692 30568 18304 5096 31173 1030 15559 3036 11139 24488 12051 19356 14642 28682 30099 16815 8340 4874 13151 23701 17803 13995 18293 14096 10495 6073 20693 5689 693 1749 32714 9666 14622 17637 19587 12613 
12392 14029 15048 5534 31529 31392 14388 10295 5179 15460 12080 23795 6673 6631 15967 22210 955 10600 2451 18748 26777 3025 25479 11031 29669 17799 26602 25645 31706 15497 19185 15344 14873 26537 30590 25165 24322 15373 9053 21835 19904 27307 23157 18698 25436 14601 19747 24909 26901 24675 12226 7843 29595 4484 2202 30144 26655 10067 4777 32460 22210 8245 4288 6885 3503 23326 3357 12035 16323 6882 7113 27388 24454 9624 15516 4132 15080 15711 22741 5244 26617 16223 19873 15489 1864 27177 30126 6118 11561 7652 2606 22502 5050 26211 31620 19745 10564 27874 26285 8504 9261 13351 29487 23768 13390 4080 12352 9622 9407 26494 3197 2044 14055 24781 12314 23714 9712 3994 12659 1273 5482 32741 30053 15500 25559 14648 3765 15734 9058 20137 19292 2639 19665 19843 8430 7749 14206 17130 14419 15734 30105 17313 2615 20470 15013 22228 22533 21 82 15508 29934 7282 1787 26432 21812 13715 3410 18102 21780 11888 1670 11254 14660 9678 25044 20982 6102 9942 26176 5023 5916 11512 5206 3906 15840 16137 31275 21603 12350 9862 7621 31981 3653 8480 21336 2101 20016 27215 19449 11462 11634 11824 20638 12638 540 23655 8767 14255 8488 17222 18409 14817 2470 20145 25844 20582 6138 32513 5283 13645 17686 14189 27455 19859 31260 25339 6977 7007 18326 1425 17296 7720 20960 10061 26815 17121 3018 13816 1658 8714 29332 6521 21009 30061 27517 27519 2819 26899 2022 17717 7119 8518 15155 12893 12022 2401 9232 10986 993 3502 25345 16511 23548 11505 13115 4919 16089 16081 14256 30558 7020 13378 4888 14103 21332 7607 28878 29694 28603 23073 9645 7947 15498 13629 19375 21301 902 3386 28489 22339 11739 26101 13108 18399 15234 14347 13058 23425 5624 23419 26115 180 27027 12324 14319 30310 2658 11038 17468 12151 
1058 17167 1443 7952 26786 7555 13627 19522 26161 789 10526 11479 24606 30420 6089 26225 29498 11344 7646 18834 9800 11591 10208 14476 331 19793 2473 16572 29230 27036 7874 13686 20440 14382 11570 15945 8395 17951 5713 19626 14720 7769 5943 21175 25758 15862 860 2293 17383 268 8417 10260 5770 25541 27842 1050 27307 7845 60 15214 28866 31965 18355 2629 28561 6002 15993 31516 21164 3561 5501 8983 21912 19046 15664 19478 24790 20700 8695 17413 24254 26725 2586 19186 9054 30723 6055 16904 11827 5934 29144 23541 32668 9661 13136 3999 15187 22762 7503 5191 16748 372 29186 3699 1059 5723 30521 6240 23082 5488 5016 32422 6342 10359 5165 5935 14905 30004 26301 17004 2678 22117 30258 27741 13903 15681 32697 24855 4462 21418 20536 2898 5262 31205 19874 31306 8076 24329 6316 3120 22880 23928 3645 31314 16003 25819 1753 9055 6742 5306 6174 26283 1824 3105 15081 10575 1523 14708 12672 6947 22840 19204 9188 11813 30596 24949 1705 11238 23611 4743 1776 31588 8476 12010 13222 25264 2761 22803 17296 28093 11483 28979 15285 16463 20679 15415 22908 14477 15112 18326 20985 10967 20331 1628 1057 6902 29911 21685 6509 9722 9349 29223 21146 9837 9280 4452 25702 7693 11963 28578 2378 27499 4027 9264 32337 26765 155 2317 2348 29556 27446 25842 734 11342 20284 8269 8452 1620 6342 17656 1189 11657 26527 21930 774 12431 5733 2715 31201 22331 19507 16683 10388 395 14669 9781 13880 8936 7276 2741 21199 25024 26068 28429 895 26577 15216 27466 24073 28698 15542 17231 23539 14134 6047 7157 10597 6758 19553 8181 20573 20157 7056 15804 29640 2207 16572 13483 22773 19009 25584 32117 25521 28553 27786 9857 1929 5837 24713 29926 8554 7873 17467 18609 18354 5660 16493 6270 12703 7045 
10368 16177 9282 3562 20658 11730 32705 21436 20317 29 3259 154 6948 32139 12187 6896 29332 19468 5146 15104 1934 18196 21287 26868 4710 32519 4567 16108 5180 30955 868 7020 30081 22514 27094 20224 21124 25520 5404 21538 1288 20523 21510 23325 28668 1509 7197 31609 23541 9707 23466 26280 22306 7239 19403 14956 24098 6463 15453 1313 21319 3875 25122 21110 6076 15742 713 7570 20688 10902 28146 6539 10727 11897 8644 10747 22651 13671 32205 7072 3944 7097 30501 22112 11487 1539 10937 24901 15915 30046 24359 4949 27895 19212 3322 16333 1778 5415 20578 9846 12367 7150 14935 20054 21056 13838 22375 14957 14521 14879 30454 8858 10989 21642 17976 32529 732 12711 10559 29174 14372 13541 4095 25813 18190 27283 3007 14805 28226 27341 3256 26153 27643 29241 11000 10237 28828 12108 11399 12792 30369 10345 14636 27402 2483 27454 22020 8151 24743 21445 32566 18322 4247 607 18579 3569 4650 31658 22806 1547 9670 12292 30786 23770 8896 7889 91 1478 18815 174 15590 14159 30490 29067 14148 25788 23923 12792 14783 2048 4291 19827 2440 27018 31486 31180 4487 20691 22046 17005 22932 3323 3200 25909 9570 28734 3318 14885 8974 10505 30933 16356 5072 23992 6253 8469 6241 15143 971 24618 19463 28044 809 20292 30648 17470 11544 10187 14033 12851 15737 14973 1669 10507 30121 3981 12120 609 16689 10390 21986 7979 29983 13912 18839 19543 424 11880 11792 30008 18847 8260 20567 23612 23270 12290 17861 7982 7502 12728 31278 20555 4919 1620 2571 19359 16584 28879 12366 16181 6218 14351 14750 6718 8631 578 15553 4767 5618 3658 30990 23903 19823 24368 7686 25386 9503 27104 2939 15598 2885 6115 13986 14245 29419 32133 1727 26347 26657 26005 17949 6983 13370 25479 13147 1419 8074 9320 909 19572 
22833 6960 4038 17394 14230 4248 1406 23997 25537 794 23840 11568 25216 2768 23915 28696 12854 19833 5795 18231 5507 2458 26661 12977 359 18271 14578 6403 6776 1868 16616 10908 4728 29780 5406 29232 28264 20515 30930 3257 490 987 30755 15715 8249 6724 1086 9379 22428 8014 6323 14790 6685 11086 22948 27707 13265 5319 14319 408 2146 27792 20232 3538 27978 20376 22064 8797 31036 29031 17663 18588 24329 30980 23161 20966 11236 14430 23557 24338 24810 23595 7456 8554 18580 20018 12242 23782 16004 6271 25685 21663 18999 28502 9546 17898 24738 16789 1536 8304 19563 22310 15240 32216 3322 3155 9043 25093 6324 3383 31367 20547 16798 14596 15002 9635 6550 1639 21135 11932 13653 24025 10032 25611 3054 3758 15101 20558 24731 29887 20302 13257 15035 15045 9247 9208 9302 27141 13634 22313 19479 15863 4536 31328 20186 625 13776 16582 11000 16908 7683 18140 11282 2303 2334 22762 24470 4645 28305 30806 9608 17889 585 3179 10618 17031 475 29307 9984 9539 25999 11621 10204 28022 15956 12748 2748 5431 21488 30687 10236 18770 29917 20721 28925 12162 14914 9099 30334 24935 11677 23960 20443 22964 899 7687 29554 5750 27093 28055 29924 5891 6812 26478 23533 277 3040 30437 31099 7769 7084 24595 15848 9229 2801 9676 2628 25815 17313 5449 6595 12386 25234 18028 690 1806 9060 1125 12024 16893 14012 20738 22658 5042 2791 23553 7269 31043 32393 30238 20167 16698 29968 11617 25483 21685 16835 19409 6207 16022 25759 27244 12377 18073 5297 9368 32326 19347 3334 21574 23724 26139 31936 12270 20237 22353 25397 3827 22360 20576 1742 4913 2272 30134 28346 2142 31284 27023 1532 31685 32045 29740 2689 25919 25304 5788 21335 28383 13188 20761 9859 8592 22225 2149 27984 3196 10757 24042 19110 29877 
27216 4280 25705 4427 23936 22076 4538 17625 16949 5281 542 22217 12607 7520 10196 19610 26301 26597 29367 19723 25644 6133 29548 29538 30860 20988 21797 31702 19268 17434 26234 26515 1533 21867 2261 30065 30032 15351 17669 23001 21696 10154 11512 7085 5451 19881 29403 29795 26629 12432 11017 21554 1886 23963 4200 15369 20449 30403 11755 30146 7526 22235 22093 679 3477 32137 10880 1480 4596 10695 1833 28091 12589 140 17790 26163 18177 1316 6771 19890 32163 29693 21391 21106 12903 12920 4861 21888 21077 21550 17385 25574 6103 10924 11427 2562 18772 4480 28100 13916 22395 17732 32141 26221 7455 11129 9623 26511 28666 23981 13439 5699 32251 19248 3982 28503 4853 26578 18470 25210 24866 27457 32525 15354 8779 8348 20440 11337 4977 25158 30053 19780 24312 11773 12363 6474 19362 2430 14333 19874 11986 1964 26938 20587 18417 10350 29663 907 24277 3469 8697 30371 9412 8858 22252 21048 22475 1597 60 14623 12510 21415 5865 17129 5770 20728 30069 29798 9582 12898 16515 23653 10022 29534 4427 18920 19639 18606 28387 20529 16157 5075 13796 11578 10884 29645 7864 19869 23673 23513 13943 6196 2088 18487 15515 24757 1284 14782 6811 1930 19177 22593 19548 23755 31833 19870 15851 31330 3217 31121 3810 24224 22219 11763 30588 25298 9648 14768 13305 22853 19636 3846 16264 19665 2545 18993 22083 18083 2281 6872 18803 14544 10240 29912 13157 21985 9355 32329 29086 15454 3398 1873 23870 9970 23802 844 7268 4140 10206 27209 29107 15767 7409 22163 20020 2354 13492 2189 5328 25259 25638 5166 12851 28156 27823 18754 235 13210 21716 23385 28406 13849 21929 23674 27694 28963 7778 21790 6280 24887 25613 22641 13598 23415 18287 5341 18417 9378 6025 32519 107 21019 16495 3137 25100 11162 28754 25881 5388 6121 
27006 15498 16700 21249 18979 19475 21662 31628 17996 24567 7708 21300 20821 24955 19685 22716 15930 20713 24022 16756 17076 15855 17018 22485 29039 25732 23536 16104 2926 22113 11141 17424 10580 31335 26557 30421 11529 27729 10129 6975 16520 602 22637 16378 10016 15746 7326 8192 13688 173 15293 17115 32616 9650 16935 2367 22847 25953 11118 19599 16745 24356 13570 823 15016 4680 3152 18689 2816 12264 27914 17658 32540 30962 4836 14655 24302 256 672 2118 25408 23894 14183 32176 21350 5429 10244 24451 19546 27681 26759 2627 7201 20739 19454 18682 30783 7800 5116 24904 15270 5851 27039 21022 28923 16173 21084 746 21310 15703 4835 25956 11598 776 27237 4027 5951 4998 6119 17154 6558 23483 18232 6155 1814 11878 23170 32442 6239 24231 11375 7579 11710 29659 10992 8459 14144 25177 7573 929 32008 11996 15371 23798 10505 32104 4647 27679 29179 27721 1864 16507 15876 22016 8123 18266 2261 17876 13053 30931 29134 1021 6712 19782 7934 3770 32409 3151 30487 15611 8509 9723 27487 514 7781 15876 9400 24561 4084 18569 24327 22060 5694 11087 4574 26880 10530 27991 8369 678 25377 5294 22656 28493 2286 31922 28937 11395 22315 671 4308 23655 25516 6829 2982 26129 32036 17847 26984 11947 1710 674 14848 21293 21748 14322 13701 7073 3502 726 26016 30779 13711 18668 31242 11958 10158 20751 30594 23460 7486 5202 16271 25275 17811 30319 5878 197 9873 22134 16780 29192 14712 2438 32657 31374 4744 27712 13177 13756 22445 19479 13416 13762 32501 19511 9436 14317 23542 30053 25172 31512 15449 19472 7574 9286 3063 14430 16441 13429 8342 8699 22887 6884 24753 23100 23947 25709 30285 18108 14834 9412 29614 7345 1586 23557 13869 13272 13393 3617 2708 29889 3926 2360 6936 19285 29556 6497 16545 12619 
24815 1439 11468 21166 12246 26587 7703 2061 28864 30170 5193 9584 6663 864 22846 3658 31237 15681 23194 25204 16434 574 23647 5677 25012 23532 12988 20686 12917 31354 13684 13334 12348 15044 2412 19281 8195 4484 18172 6141 17926 982 1745 26813 30745 30665 11933 19678 16112 26676 24743 26865 21022 22385 1110 22801 27263 9081 22798 22340 18656 22343 19936 15706 23280 25210 27325 13078 23029 22320 29651 25896 28087 13841 23151 28694 31982 24705 20192 25742 31442 4096 6230 13509 21178 3602 5588 13967 23379 27310 12836 30595 30844 8244 24248 31228 20416 3440 26735 10832 586 18264 27021 2893 2214 17545 7126 17857 4339 14497 6446 22904 26476 3313 3623 23148 11276 409 22525 22285 19313 1786 5357 2584 13512 29365 5761 5957 6536 1945 17507 1307 11776 19970 16558 25869 31892 16866 15762 364 23098 18354 31268 32628 7013 17563 30903 29100 26496 15030 11221 24553 9210 31085 14769 21689 27755 30381 15356 26624 29668 21685 25404 19816 11864 2034 2670 17277 30171 10853 6650 18523 18576 234 1452 7800 2975 2022 29322 22308 18573 14808 32409 10713 21627 15952 21878 31939 25293 13984 9908 17952 18421 16813 20528 5233 27687 22600 20107 7758 1331 2914 16938 7281 22441 32407 8265 11943 2610 10324 18858 3542 27770 21226 28205 32029 15691 16409 21382 6736 21306 20700 11911 7025 28116 20358 18410 4532 29450 29438 16610 18117 27234 2882 8955 17259 1227 13761 11317 7497 14199 17671 26904 16721 26639 1030 9936 7526 478 23326 22098 9527 19918 18232 13996 32413 9926 11684 718 7303 19516 2610 22772 30383 22875 16152 12824 10886 5166 30812 19204 13241 22118 16987 17895 22525 10805 18162 13622 21138 22896 32672 27602 31212 10942 22975 21126 20973 31591 21553 28865 5167 16289 22494 9914 15513 22317 25301 24605 9550 
9180 19936 28232 18782 18851 10127 4967 14864 11764 30155 8436 31008 5256 19194 22940 22602 21434 29189 15807 8506 17798 30732 30874 25522 3990 10484 24544 23317 17601 12543 16704 16656 8121 1519 4722 30991 16354 8524 9421 17068 24463 16996 11225 5761 3868 15161 28743 29722 7566 2110 21671 12379 31265 25841 9242 4831 19416 2981 27509 21789 3388 31452 3968 24250 16064 31997 6604 7692 9885 19835 12428 5775 30793 9506 6406 2461 6482 24635 29580 29762 10532 20579 30619 8691 29700 17313 14594 8936 26346 2549 28431 5560 22643 21831 10074 28268 9997 8101 18359 12659 26234 24053 10694 5358 15904 24350 11772 11666 20813 9301 23766 23657 7316 14862 31025 15042 15697 32502 13544 22021 2363 9015 8072 29667 21254 30131 30858 8445 29142 29183 13525 8796 1963 21827 13115 1684 5772 2089 31236 24840 24821 23209 24835 12858 16029 20144 4905 30153 4041 21484 32092 18742 23252 31393 8737 6027 17693 25913 8476 27508 6512 12512 22235 18316 3065 10845 30960 15370 8109 32158 21420 9713 14049 4122 24363 30004 8654 6687 12833 15038 15792 10086 22513 21841 2093 14039 7651 15053 7071 7472 23487 16723 22517 30903 30003 21901 3176 11194 22035 3652 10707 21888 30121 30532 26056 25810 28182 22150 13246 14706 14691 18736 16661 8674 17491 16561 3592 5177 32499 13659 22211 4280 6518 7587 18914 27174 14993 14489 4561 30744 3924 22252 3233 26748 20619 616 30733 22030 26128 25999 3734 28692 30561 30596 5698 8165 9360 27045 12082 25001 9266 14649 679 22339 30614 8409 6511 6561 8059 13541 29418 30605 17218 5448 11272 13004 31371 26395 5137 2706 16343 20245 26763 16644 3633 18587 16680 17089 6029 2333 15234 25645 2495 6916 31618 14656 27743 26329 28120 26788 2377 582 5469 12638 9613 15155 13936 13307 4385 29443 
4816 22494 22949 15257 8689 17442 32393 18781 19265 24774 23729 19569 29427 27507 1314 11450 32262 29666 26478 19955 5211 29274 2670 9223 9045 140 3349 17561 31378 27056 28002 16965 5381 22386 4178 1457 5219 22499 30273 2684 31462 9436 18912 23533 28 17225 11043 10696 18231 26492 13058 21165 13128 20589 20632 10228 8477 15298 28470 30646 24003 21204 27999 4889 600 28662 24432 12313 30075 30570 3321 31910 21016 16596 29083 14316 12850 4761 22649 32651 9315 29143 28408 29595 14029 11583 699 7341 28689 1568 2462 3140 7197 23182 20452 11072 20063 22724 2777 14693 8462 28347 11334 9701 16132 1852 15327 32497 17428 19773 15630 9451 19033 22888 3295 18695 8337 12712 5079 8622 24828 10589 2167 29980 4261 6612 29489 6974 18678 723 23135 29713 1961 12930 14726 10692 32075 18564 25491 17411 28225 32749 22612 20290 13252 13887 27478 2347 7241 11219 32502 27541 2783 12705 15084 6714 9680 17583 23663 31994 22556 8386 2119 1582 17570 11785 29013 27040 7370 2832 1978 23031 24266 19014 21919 2886 7715 14302 21033 12969 25864 24023 18468 118 15463 28578 31883 7665 19031 2098 6454 18710 18088 1379 25881 10212 11023 1149 7268 11949 15281 23218 23116 23557 31159 15763 4253 16386 16818 10039 2920 7304 18593 21625 22067 20346 5796 31770 32212 30573 24816 8434 333 616 13341 20829 13063 29145 17993 22990 2828 23328 21721 8026 15981 16614 14057 27596 18976 4313 16976 2435 1120 13977 26903 11938 10574 15999 23532 26439 8097 14286 19168 3230 21711 8047 31967 8326 27311 8313 10597 5902 4453 1861 7897 7663 17290 28419 31361 6874 17227 14958 14381 11292 15448 27918 2318 20723 20849 31133 7100 17955 1307 10296 25759 4091 4974 20143 1212 18820 24743 15705 29729 1025 19176 22896 14654 31206 30450 24657 
7604 3311 22805 22447 7245 22222 4932 16125 13069 13988 31153 28754 23183 10190 6244 7931 1539 20990 31594 8315 6489 10473 15970 16535 1478 390 3821 29075 2464 32117 2451 1932 25134 5457 28923 11985 32695 19193 19729 27531 28043 16900 32180 17940 21971 31824 29140 14606 26430 30971 26329 29368 15585 27762 24700 27098 7352 10160 32110 29981 21900 791 27389 16215 23726 31018 16263 13441 10509 15779 20431 12957 14112 20447 16032 2223 12331 28141 1336 16154 3703 24016 6981 23294 15008 12012 29641 17742 18045 26702 7332 8073 16082 10410 16178 13489 10851 23911 1728 17480 31352 26075 32761 15268 25290 1597 12389 3094 30029 9489 30911 24936 11221 30836 19014 7767 430 12298 16114 14279 19731 14430 28053 4921 3935 18797 13975 28606 15501 12860 3832 23501 2566 14890 29932 11801 29432 2441 30392 11518 12624 11759 2592 17095 11031 16225 24112 29711 22347 22762 21397 20947 3010 13191 18904 17998 4659 18303 20944 31660 6815 4889 7246 31238 13384 24624 21749 11650 15527 30935 24780 17009 27155 1839 1328 27048 27840 1953 19003 24930 18981 13785 31462 25611 14609 13498 26612 30074 25884 10743 27459 10468 21203 24559 6910 31684 1970 12721 16984 9335 30483 15301 20478 12723 26458 14673 5378 20912 4514 29826 22892 15916 21254 11945 13865 14863 1044 4694 396 14684 2409 7457 14375 22187 3405 19365 8830 17095 6039 29915 23210 22207 30690 22897 143 514 28365 29953 15514 12655 36 4508 8511 7202 5626 28146 13866 29168 24337 23614 2513 8214 29609 9348 23856 8807 24927 12603 7457 25784 14436 12772 3816 10492 17510 31340 13054 5210 19206 15344 21270 2896 18571 13633 4313 2494 6961 12688 10610 12998 10113 31858 28588 10888 3084 516 7027 4681 2621 24487 23547 26316 5566 17648 9291 18336 30346 7193 3432 5470 
4435 7959 777 23061 27185 11809 5999 7669 11115 7307 16439 25831 26120 9382 17270 256 29364 14851 12985 8801 5677 8691 16520 1655 16765 999 29018 14300 2357 21657 24663 31636 28816 24367 2261 17635 30092 32631 28991 8437 16686 11910 12161 10863 9372 28130 1964 3674 17393 13180 12244 8652 16204 29966 3232 3859 28259 6225 20469 3929 30620 30885 5725 14869 29030 3199 12808 5784 2592 29080 29674 11455 2392 8713 4965 27638 31523 26653 24189 6805 30199 20054 9889 19427 8756 22323 9809 5428 1760 7893 31851 172 23106 21391 11526 2945 15074 4011 26641 14228 7702 23574 22134 31973 5467 10910 29282 28240 892 18505 14982 1791 13386 23198 29455 10103 2047 5619 8510 28210 12996 8395 18654 300 2580 24548 3736 14587 20949 8544 4586 19312 21357 21820 6291 1110 21573 28515 30297 25557 236 3003 24811 5953 9177 8602 7346 1931 13842 13124 26225 8950 25105 5152 8327 15351 21924 7640 30956 14001 23798 973 24086 26386 15685 3720 53 24327 22466 13281 2889 23635 15500 20723 9707 20801 19581 11383 9026 16358 11501 6176 2361 24789 6369 32228 11050 9495 31525 20127 6580 16527 886 4206 26039 14258 17083 6840 21391 19071 20172 29856 21038 9320 10611 29954 11170 25362 14189 6525 4357 14834 20029 27528 6492 24006 2125 20153 3929 32024 1504 19546 18187 16174 19442 20529 32036 25938 12566 6376 31596 21667 13633 10550 3797 9538 29089 32377 13060 13429 31174 29489 27132 11808 29260 5802 14355 31127 17709 799 25753 4207 3807 30606 32034 722 4682 13301 28086 11566 9429 197 14401 23674 21428 18879 9676 7626 1524 27066 16068 2546 21795 10652 26482 518 22702 14400 12815 9401 21215 3802 11642 21280 873 20188 12209 24819 10863 27049 17395 10547 17106 13622 32233 7822 17930 29603 24581 14899 
21689 12015 9671 24027 32359 26226 27394 18534 19746 10553 1825 13740 6536 10145 17271 19185 7215 18965 26443 30473 23271 6607 9722 31752 10745 17200 14644 29918 16764 3523 11222 14081 25055 7114 5545 8176 26813 24015 28198 6352 21808 31569 22685 25678 4808 9270 17333 10111 851 7028 9721 1777 8626 17141 18490 2754 16263 26869 9561 970 8022 26266 27693 21343 24913 15997 20732 1420 858 17504 22115 7365 14417 18752 31077 28240 23665 20282 17986 6846 24311 3020 21247 22789 596 8138 17502 24053 7231 30755 14723 19876 17676 11385 25692 23683 1114 31664 29482 27340 15905 8356 8156 24694 7127 9989 22655 6211 24549 7797 15879 30643 25291 17756 18190 30037 13102 24136 11017 12541 22449 12275 1938 23620 6772 24583 20433 15458 695 25114 5622 18199 11345 12133 11395 8294 28412 9584 7802 20267 13771 29298 32092 14339 28717 16414 4400 19344 19233 8489 43 7642 6331 6729 21959 2883 24738 15144 1553 26421 30413 27255 15171 20899 12471 15643 9003 1708 14466 27654 22078 25387 12595 19405 11815 2523 22290 23611 27410 30526 22936 3886 16990 6201 27060 27985 8784 4905 7437 26698 16482 21433 687 7627 25797 7498 18382 6540 9196 11316 24695 22532 21079 21683 2932 12440 9414 19153 26452 13074 6072 2880 933 25606 24579 31911 1848 20663 6663 3594 21926 18605 9497 15500 26905 999 116 24803 14810 12732 6473 11193 9948 1163 15113 14290 27376 6027 3967 7399 30901 6350 31030 9353 16511 27439 4756 26564 15606 27135 28797 32267 26983 13270 6406 15423 26687 17570 5188 15043 14190 13668 5491 10425 16704 3957 19012 16219 15013 17796 23364 16582 24890 10320 14403 4628 3575 7344 5857 1684 19451 932 25490 27298 4044 31205 5516 385 30424 8614 7178 899 14103 23091 28436 8866 25771 18233 30791 13815 
29205 754 10344 8494 31626 27026 22125 5285 25974 9399 1363 140 20940 18591 16854 32241 28249 30441 4550 8216 124 389 30721 7978 16221 16505 13009 18170 10706 7663 25149 32014 29881 27888 3345 805 1547 29341 736 435 31529 16203 25078 25952 20878 18036 6742 30940 16995 24213 7340 6947 32405 22597 29327 17294 5368 28825 9886 7185 14871 6331 12603 28891 16400 10768 10870 26392 28339 23078 25065 29233 4174 24887 15365 18441 7010 19202 13206 12062 23736 28971 11371 12715 25850 17732 16542 27265 15690 18139 9357 13681 2697 1931 414 7670 261 27305 6773 19308 9865 23646 11006 14814 7989 3082 16998 15691 10478 19288 27624 23253 2493 6471 31780 25836 10994 22145 11071 13798 14785 14030 23182 23443 2917 20208 8439 1731 12676 3930 29244 11604 25196 26793 17363 25079 22963 26197 28992 8015 25860 17206 20741 4944 19451 23843 9654 26823 14275 8200 1517 10632 20878 8730 3160 14217 2753 18792 11769 11167 8070 24572 9376 17038 20244 7942 12243 14172 26484 29663 12283 24270 21139 32030 6749 2846 17026 9193 19240 8431 14260 19310 26915 17776 119 25950 4289 15380 11843 19854 4507 24456 15192 29367 26773 29553 22746 31360 3758 5717 4837 23493 28223 35 9525 24337 30752 15835 13037 12100 17845 26241 8563 25235 11495 21868 1260 28778 5805 9383 11458 27752 29843 7533 8866 13272 2496 28368 18983 3878 12344 23561 26026 15228 25925 17477 28180 20222 19515 28142 4344 13207 11793 14045 25149 15782 1774 11028 3139 10037 3351 7714 6023 1199 1616 31332 2204 28191 15356 28028 28043 29253 4010 28342 1206 9816 28393 12746 27140 29791 13242 14381 4418 3789 21709 6418 27082 14991 4719 13572 7871 22924 2677 22217 25767 18935 25452 5846 32129 25626 13957 7706 24370 21437 23846 11625 312 13684 19548 18118 
10113 19497 21386 4462 31767 30554 13742 13094 23718 21094 10463 30087 23342 5182 27527 16005 26780 3709 23924 20889 14317 22080 16314 21742 6541 20670 9881 1118 27670 17521 14242 24034 22556 15005 15506 28947 3962 24137 25955 27261 3089 9893 9923 26795 30044 23900 27030 25885 1023 7286 20643 7464 29537 14754 26155 11264 30032 26468 29083 27754 27188 23954 18892 6907 31222 29311 9289 505 19109 4538 28923 22177 8290 3539 18595 25793 27499 10545 12707 26508 32390 3631 20036 5490 2473 24355 14336 4399 17714 31498 15686 20447 7338 9062 5587 16928 17670 9961 5010 21980 5133 30901 28588 30484 10936 19953 8052 14644 593 12248 30933 24546 28812 19806 20436 26755 20450 25354 6624 9246 5179 3736 17312 16656 235 2309 21203 7204 21661 13850 19883 27278 11480 25758 4776 18459 10400 6530 9566 31358 26945 1463 4441 13704 20713 25753 8849 2598 17426 12748 14018 23913 799 18847 5576 3762 2951 17315 12788 29523 28735 18227 8766 8548 14093 3238 10938 2857 12537 17804 1510 13565 5672 14078 6060 3394 14980 20295 7565 32332 2019 12845 880 4648 9692 23256 32752 93 25018 16221 8942 20144 20790 7057 14682 14653 29687 17160 15477 2507 26190 30591 1700 12654 11044 15377 180 29391 19265 19434 22978 19219 32251 5328 29359 19536 1640 1377 10843 7941 24656 28937 18763 17708 23080 10961 13127 15470 2871 24992 18208 23895 29399 6182 7536 11647 7264 32064 480 31382 26864 11408 13104 22119 25373 17398 26495 14576 27986 28644 6002 28359 24627 27179 15571 20621 18428 13962 7436 25632 11614 16233 25017 18064 25386 16455 13557 3776 22392 28549 29083 11947 2584 9922 17786 10945 31703 21035 5794 7182 31437 23717 11278 626 20496 8976 30908 22198 335 21109 13724 14316 7482 22652 5790 28629 22506 16987 24871 7967 
25050 2048 28763 31438 16340 24033 28329 270 9600 14547 3003 13688 16394 19022 3826 17674 26628 7696 3732 3295 28103 16698 29934 12810 4588 4853 5832 31223 6270 22285 54 28358 5068 22237 5548 7766 10579 32556 4737 32543 16878 29514 19804 20563 11791 1549 30558 24100 26422 20741 11855 11502 2251 23257 21723 32704 29799 25261 20953 11557 12933 29329 7744 20093 4469 15861 21573 22204 24851 1893 10340 25466 12938 9261 6494 25563 29768 6429 17759 5341 9898 32205 18844 3332 13130 13738 24091 4234 16650 23378 23775 24329 20685 11001 26886 30102 12974 14853 3825 17632 11699 9394 9394 3000 21226 19006 26845 18559 27754 4061 7811 14761 24178 6895 8751 13964 860 25820 26950 28088 27848 24914 628 12026 29555 15051 6245 13464 7255 22405 12642 9216 17915 24984 4540 21250 11211 20571 31752 29982 29168 27136 9320 7721 11280 27386 27637 26414 31229 11067 30576 24160 15767 13128 21293 13670 22824 9372 6403 1129 5431 30472 21444 32421 13365 20287 27934 17005 5142 21968 18519 25150 28104 11508 11185 32083 3140 8071 25699 3941 26592 3006 12692 143 32491 27789 7256 6891 9159 21702 4161 14018 21843 25874 7546 15024 31260 20933 243 26877 20184 12194 21823 7280 12735 1327 30239 9433 12664 30767 29201 10195 6133 19881 11106 30290 18741 17209 2977 26539 28397 12432 31612 5115 32093 31741 10855 11420 4562 23388 7289 18269 11546 10909 16766 30726 15343 23641 5505 8472 15290 9462 15421 5130 30494 2997 25681 29669 6560 1085 11328 9741 12163 18406 6869 19108 3198 4866 5307 32557 22580 22940 18469 30599 21479 9120 22469 9099 3530 27043 18651 20271 19472 13883 21999 13872 7594 26314 18639 6252 18787 21606 16315 12122 780 16441 27363 18189 16959 19834 10822 32352 3551 27853 28779 22630 28180 19603 1160 6762 
16211 24466 29328 15829 18371 764 11284 3933 19506 20005 15379 21891 15547 18911 24521 31292 22059 5562 8050 10393 30253 467 32098 29533 4615 9431 23334 29558 7907 14188 31040 23738 229 24677 25133 24369 5321 12700 23144 3882 11828 11217 29240 5524 27030 28430 5182 10031 28412 17278 25682 16150 32115 31230 1576 28773 21380 10860 26480 7223 31224 28852 10055 12882 24426 22242 20796 16431 1260 19745 12129 31656 973 28934 10520 10142 28827 2835 29443 20020 19919 15086 9964 28175 30035 21868 29446 19436 16028 26681 19978 32607 3887 14762 1938 31807 1528 10908 120 15345 22075 17253 30209 4928 11546 28728 22427 737 23863 15946 21114 3439 12275 30131 3839 4078 31145 17217 16035 31885 3247 23391 15578 19948 10225 25239 31791 9271 32585 9590 28101 25343 29831 11329 3024 26530 29927 25933 30418 24288 12784 29306 229 20307 13701 16319 15953 31426 15707 13999 9600 5609 28786 3685 5035 17409 19475 16280 20112 8096 2278 31280 23946 2422 14639 7845 30500 6690 32148 17787 27376 25458 3349 6288 26430 2661 24023 13647 6706 11635 9471 3599 30829 6794 6425 29495 26024 15212 17497 20237 2151 24048 8588 7835 19467 6294 21787 32121 23520 9214 21924 5834 4487 19338 4910 28407 1751 9359 19389 27443 3967 7152 30096 1620 32345 14462 5230 9395 22223 26776 6036 5926 31068 6964 22749 24674 15865 8480 14346 20292 27326 26466 4421 17375 570 65 22559 30198 32028 30314 1474 13297 31476 4083 14544 8814 8072 32345 25956 15109 12814 31861 794 15820 4694 28957 2511 10524 19898 31645 30729 2257 9116 29176 1596 6331 6933 32179 21279 950 25772 14669 32541 29293 1433 18061 27777 13749 24900 11322 3912 27088 6236 22249 3758 10094 29838 10916 8122 23587 26574 27189 8840 11518 22983 1944 17150 24754 10360 6589 
4603 22367 17770 3062 3601 17357 27843 1567 10443 6959 25240 8264 2593 12355 9259 24350 3516 3556 1433 28802 24888 17114 31887 8423 7264 6704 21155 22135 8065 18537 18 30061 24108 21504 19803 29101 14558 25007 21341 32669 15788 10577 4524 21863 32062 6317 15894 7409 13832 28858 29407 29601 4566 27250 15779 8124 14594 10281 18772 20840 10043 3291 31782 18831 1132 28350 3178 32301 2705 18877 4740 3994 13389 13752 18924 11306 21848 32329 14938 23360 10950 21248 7843 28530 7911 23961 13413 12700 2290 31332 29141 7503 7734 2457 2634 313 18267 4302 10593 21868 188 24149 2598 21104 8898 25770 9417 11666 2234 24088 9016 15891 1225 20054 3093 2656 28702 25749 6358 8891 2305 11218 24622 9114 183 5225 26432 1061 13109 16436 16284 26828 29083 5000 19987 28973 28803 29543 10408 5897 5809 17135 29028 24660 26683 5627 1420 15646 16534 7383 25364 9146 9751 9810 8156 23596 7073 18956 25885 19212 1683 9093 8273 28105 9258 11079 30097 11878 12443 10283 7069 6516 8361 472 32662 26216 7414 28446 8845 11567 2054 14837 22093 32394 14646 30522 27251 28112 31162 18896 26145 15875 3534 671 29637 3828 3771 10308 9989 30288 26654 5423 16112 21871 21064 14933 3348 24212 17789 1761 8111 1172 6917 15191 12137 24194 12126 13158 23492 33 1218 4268 16056 26810 30706 5525 12777 16332 20899 23940 25679 30474 6910 10161 27927 22852 28710 4893 3369 17696 26291 20222 7471 11121 21320 21349 1916 24988 5923 17009 11394 29936 26632 32547 11373 16580 13285 29318 21831 13701 30835 15638 13195 14502 22193 12526 16849 20493 12329 26194 10498 15532 27793 30467 27411 11422 8547 4618 18309 15319 12740 19530 8452 10642 23918 19850 31001 18368 10382 12209 3286 19610 31752 25782 6979 884 26648 32219 12857 26595 
9155 2034 20629 29166 22553 30387 14469 4787 27384 30927 1126 9096 7590 17257 18067 26509 6301 19737 29185 2645 23262 15441 14032 1312 26657 6177 13461 17758 15243 2480 8639 7751 19960 20240 25982 139 19962 2842 3280 21641 7804 14235 22012 30048 26100 2057 12733 11645 23332 6157 16728 27838 24353 5826 13273 13916 10829 32133 9598 16754 11397 29190 16321 22493 8444 20100 30856 15677 11081 26730 31025 1903 21866 19355 17521 11178 26045 21329 24364 23697 32678 24772 25816 27722 5691 31319 4471 28137 11842 32498 4060 706 21269 29389 12736 14859 212 15100 14456 20978 27438 13320 11728 10384 4793 2168 703 17344 32307 18205 13857 815 14134 6422 7917 4761 1429 18208 8101 5881 16832 27928 30253 20287 5940 1062 14162 28824 3129 14016 30825 22022 8609 12520 5632 32061 8121 11725 1732 9623 25429 11617 19026 25305 14137 32350 433 3067 9766 1535 2481 24460 25373 27063 2603 32727 32110 5207 8524 15968 21188 26364 16059 7709 11272 3771 12658 20751 24332 28448 25278 12203 20243 16979 2389 17699 7099 29594 23819 25204 22275 11578 31463 1950 28255 30628 7174 4871 30071 261 15413 4961 7978 30719 9626 5597 31789 24285 4759 9969 26768 16762 2532 30996 18708 28026 19709 24626 25007 5286 7037 21352 22723 32580 28066 3851 22080 15604 586 14788 3547 12381 26891 25577 5061 11702 10603 4583 16544 1834 24964 29913 19716 18021 1998 17957 8287 31644 13726 7688 18906 12494 27851 15284 25813 20182 30562 4443 213 12520 5322 17231 23657 19904 29124 2529 292 14845 11575 4172 4724 13559 13301 13055 21021 691 19932 21245 14637 17048 24403 3682 32596 2814 21788 12017 25351 29477 31961 6387 13003 19880 12115 1839 31381 11818 10822 23266 31122 12183 26642 25652 18878 331 15166 18344 30256 4407 19813 16201 
24319 30928 754 12621 5871 3805 19739 529 26235 18225 10495 23838 14073 3518 32426 20278 15124 6716 2480 24175 24839 24226 15690 14497 15129 23551 12345 15766 24097 6587 3327 5873 12663 18721 28116 14060 13610 20805 27295 32442 30061 8440 142 15669 5289 990 10253 21755 16348 20777 1936 12652 22482 16390 15100 2499 24656 471 31751 12275 1016 5092 12295 11722 4650 23156 27532 22070 4549 18327 8098 1365 16285 11019 32671 15105 8161 27597 30301 2854 10051 8619 508 15490 23374 4483 32685 30722 19180 12266 24929 11554 16949 12250 24803 29519 24088 2971 8443 10150 14558 24813 14540 8832 2961 29381 17005 4103 1974 32665 3817 6331 23339 12574 893 12936 3130 4697 6158 25799 15394 10896 17945 28844 21411 30675 31655 28881 19959 19733 22191 11372 17914 10416 22310 30508 23617 603 27831 12626 8607 8915 3231 100 21040 6996 6781 21308 13375 3396 20198 16012 25589 14014 906 1712 10031 5872 10306 3110 24650 7830 3988 4257 9343 31496 24723 11368 11629 15333 13594 9824 24129 15164 23547 16352 17680 30559 13440 28055 32155 32351 1901 17844 4182 5073 399 17183 29295 28098 16171 8088 15038 23279 3548 20188 8040 5813 6697 9135 26638 29772 30224 13273 23332 5615 2457 6422 17918 24870 28 18364 1186 29584 20817 1821 2486 7649 21574 12359 14334 27396 8558 5429 6930 23096 3016 10562 412 30541 9210 22911 8668 10463 26879 26354 9436 15041 19186 218 25654 29252 16289 9179 606 19234 24384 19015 27638 17992 20681 8978 28936 7129 1048 29898 20214 21344 4204 10238 31897 8948 30754 29969 11055 3958 11708 5947 18185 8136 2230 15719 32157 24274 25504 27321 27746 29137 15067 12657 25635 18088 29032 6605 2984 18249 7523 663 21127 14293 24213 30425 4680 14863 27919 30265 15681 10334 24750 27694 
4641 684 6339 15641 23541 22424 28205 9458 26929 20986 10068 10884 29126 2816 3162 4062 6041 14208 12605 19464 11917 20308 22384 4760 32731 19293 8293 25200 18729 26958 527 19720 32545 22275 106 7685 18565 8604 27246 20241 29764 26454 1852 18226 12107 310 31147 14573 21787 9318 15457 2566 25534 13717 19605 25742 27426 23237 24228 15119 17134 25306 8454 3835 21263 12334 716 26698 24487 20382 2898 29671 13112 9737 20871 17100 14718 7566 17610 31929 20587 24424 1626 18876 4137 12317 6153 29701 19848 6175 23978 24995 9789 6737 12114 5317 27583 20268 20302 2654 547 12304 16588 9020 28850 287 26373 1857 11206 9265 20091 18758 11922 30652 26265 15035 20380 21135 11483 31271 27990 20982 9398 8137 18070 8311 19376 32570 16173 26087 24847 23726 19991 28751 14190 16281 18150 27968 1870 32146 26945 5451 10395 11155 14696 25110 11699 1657 20440 10163 7114 10975 23098 23266 31624 10190 29109 18143 21658 28632 12117 25365 5989 2689 31843 21290 3774 9237 10575 9565 20203 16189 15241 30483 12101 28697 16346 18048 28535 4234 21976 18384 29441 30880 1194 22033 6572 9510 11293 28494 5789 1054 5171 21994 16107 23065 2902 17993 7855 8978 16524 3343 11486 25931 9144 5178 9247 9626 14114 29505 24430 6979 22443 25319 28319 27469 13196 8648 18126 20770 29062 12479 11679 23455 28715 1961 24678 27353 27397 8289 3390 7578 32305 7534 21782 19085 9686 31809 18233 32425 26228 14359 24447 20031 28228 5919 18008 7138 25061 2215 31698 21238 22696 23472 6664 22559 8502 26400 13433 11080 285 904 32636 4793 14238 19302 2533 20636 27789 14651 2355 8517 8422 5875 8651 17232 9392 26288 12516 516 32192 13254 6854 12524 20093 23605 7923 9038 105 10747 25223 24816 3699 18395 2209 959 5119 12176 10350 347 
18516 12415 16002 20550 30783 9060 23084 30176 13595 120 11655 21164 16391 24035 19316 18976 17005 12783 26506 31617 2991 13903 25904 12150 6938 31628 8710 20234 27127 18998 2958 3098 11489 31153 10723 30302 29429 26791 4582 5013 2351 585 19705 14875 31560 16534 26159 21009 9981 22460 1272 2999 28986 19308 21018 31217 17521 23340 22096 25420 14102 24997 13387 21261 21130 32151 15241 10248 13126 9724 18473 3443 26628 10318 21384 2701 8815 4379 6415 7617 17089 23088 28597 26033 2435 12144 24539 15079 15479 18087 9672 10059 22657 27913 10510 18903 28568 22613 17172 13349 3425 7401 26640 8151 24945 17762 10483 6296 10904 6078 692 6214 13388 1677 29587 14736 24863 22858 484 30163 3001 10342 13221 4748 27720 13587 8326 18013 28458 19099 29878 20645 32246 22662 28702 1067 28206 9857 8857 10283 29498 1532 17749 13178 24752 29502 5542 23896 26454 27575 19440 7186 21471 27771 28063 28542 7677 13993 4242 1496 21380 28524 6742 3602 2614 24129 20869 3721 27215 31686 12984 24088 24751 26440 6846 18522 26893 18010 22644 14722 1526 14273 19020 19039 16569 4650 16655 26814 9617 15199 5046 9104 19454 25386 899 23346 21975 10243 16619 23484 3684 17065 27202 4834 10836 11490 16716 7143 1714 16200 18843 25018 32323 22534 5989 23202 28857 23916 6724 17590 14157 21755 13378 14597 25472 14945 10767 3576 17755 17830 17796 31331 14232 8793 122 24607 3897 15112 22676 10672 14707 15168 7438 22359 23116 25069 13948 6065 21954 29673 7497 11821 5125 31806 23545 5678 5818 24059 319 24065 25513 26666 12392 11030 17795 22987 28960 20390 31927 13508 12829 19635 13986 26031 32547 1031 2829 17747 29009 1947 11552 26121 5474 378 3190 4838 6606 10280 1441 20882 19720 30804 14635 12392 20167 31181 6581 26894 11148 26987 
27429 29570 796 18239 859 12356 16904 32275 32502 14205 4108 17206 28055 10053 12324 10753 14003 9854 2861 22360 1544 10428 12396 27336 25752 25299 10022 32621 2718 1232 15334 16855 4562 23714 42 6368 21891 23676 11774 19419 4849 14841 30582 9506 469 26318 21276 10509 29065 29792 1109 26141 30740 7797 8210 3411 14048 21651 16994 12353 25582 32580 15018 29358 9919 31784 22878 18914 13732 31062 16292 18437 9712 13671 4003 27031 15594 22282 808 25171 2893 9719 25843 2572 15984 20491 14324 10419 8515 13942 29648 7487 1815 28499 29482 4962 17918 30546 12547 15284 19327 13891 9609 29531 30303 21785 13877 11141 32347 27637 16343 28781 15117 4140 9015 23476 13438 12959 23238 2990 1203 16436 7188 1015 12021 4145 5725 5992 11583 5972 11274 22350 15995 12741 28677 32445 8982 27515 1746 19929 32689 20028 27773 13246 32232 3372 19978 15461 14503 15323 26767 23766 14199 26387 19668 31099 25470 1232 1924 23104 24065 3428 19908 26558 7344 28422 448 3045 6844 7557 3312 21995 18091 30923 7718 17491 29722 15456 27225 25466 23967 6471 15837 17081 30273 27827 13340 27819 1713 24491 26293 2515 17579 23931 3870 28998 7751 10929 14792 8966 23033 17448 9647 11907 26522 22632 809 12571 12582 7559 4957 28760 12792 30027 6824 30725 28798 9162 18034 12668 10125 11885 5616 14053 2675 7917 4122 31222 18251 4047 2672 31900 10466 24352 19678 26385 3714 4739 21170 9059 27476 1483 6869 31313 21367 31890 12236 31480 32411 24764 16449 23219 22150 29857 17735 10124 31716 16539 31827 5788 8335 11082 12089 30464 21214 12600 18963 12156 22016 31764 1898 17104 23573 13941 22666 20020 20903 14886 26174 20710 4805 13739 18344 10117 13067 20681 31629 26827 22241 6508 29593 4136 19968 14969 18676 32565 13114 9378 3390 25801 
15098 25145 22776 26417 3540 26705 24714 16191 11043 23022 22527 20995 23040 21314 28967 8887 24191 30058 11281 11907 22196 13518 29551 1583 14707 9701 18538 18908 7336 25754 9961 12039 18538 4950 10807 9167 1634 31849 17719 32442 28921 2499 30687 13350 16693 11338 5238 6959 3194 22676 20368 12141 5209 6161 32399 31712 20842 26357 31259 6591 25601 22499 8346 27453 17380 17091 27044 2320 8555 7951 4177 22055 24169 12674 26369 22924 16801 25000 2630 27011 16168 10332 28830 23017 14508 19290 23893 24463 12199 14353 9155 23175 13083 1263 14979 646 24380 17413 31561 26838 13866 21441 25971 17105 23664 28205 14593 23333 25209 1361 32463 26424 10842 27449 18090 16444 30178 19403 25933 9682 10826 16968 15385 14125 28171 12313 9789 24677 859 1311 14411 14726 8842 25978 30707 14982 2995 15821 24754 10982 8343 9386 24239 15305 18657 26527 28120 12433 23155 10708 316 13640 6221 14431 22658 20473 29970 10317 27740 4915 19875 8888 23167 27823 2849 27496 14263 5113 18473 28951 26624 8519 5431 31680 6020 13859 32711 996 15578 6115 28186 26089 16325 30432 19604 22853 25683 32684 8945 23843 10541 24311 15075 29801 5733 997 4654 26569 31171 31549 24691 23038 19636 15454 23039 14136 24998 18173 4379 3869 5377 32219 22796 6494 20235 22354 25376 32671 6280 30036 12737 4106 18033 715 18157 27405 17982 27560 9602 25206 5980 15607 31039 29532 4968 1322 10665 23439 32194 28072 21395 7700 11217 23608 27296 20857 23395 7680 9784 841 20675 28110 9682 22634 12119 15582 7412 4598 16418 22505 11642 4297 4791 6797 9189 15099 12321 12907 20241 13575 16752 32380 14931 19143 11802 14657 12382 7563 18418 24920 16152 21306 4448 16511 26007 29493 9448 20870 26012 5298 4211 17283 17636 32428 10856 2511 18662 28745 30667 14737 
27178 29892 31836 29500 12224 14840 29408 4881 7545 19440 535 29313 4462 31522 18030 11400 7503 22018 7647 21475 24145 5569 26971 5513 1846 17031 21897 4117 172 12010 24983 22785 24838 18506 19344 10718 15489 8020 27771 26337 13482 25120 24848 14577 32251 19349 9529 89 25838 28365 6322 30765 258 22225 28022 19941 18441 15552 3474 24849 13293 20763 10060 31387 14839 20271 15864 25909 26590 22619 233 1636 8467 31349 22318 6918 22595 16591 21886 1193 32686 31139 30725 32757 8375 9476 27262 6598 14180 2901 31410 16896 15145 27190 31875 25421 32075 2158 19683 26336 29867 13347 10726 6274 9618 8782 6724 24966 22153 8575 10356 12906 29176 25520 14376 20852 25322 26015 9278 29218 26033 24324 19807 14788 6880 15963 922 554 9858 7000 23686 28804 20199 18456 9201 2832 1950 26612 10222 2657 14071 15476 4006 8884 7265 23399 25963 30913 24207 25653 24692 2612 12619 28704 11973 20852 12784 9009 22334 8624 28430 19034 19411 8449 16827 742 7961 4403 2302 12210 32246 10416 28015 20954 8579 28967 12139 10649 13500 32379 9620 28943 23434 12771 10666 30364 20368 22100 923 16344 24421 22001 6174 784 29717 6086 31969 1786 3705 31717 15390 32604 29251 7125 21491 21752 17988 14125 15089 25890 13521 19979 6357 712 28410 29682 9078 24967 17480 9125 14684 7037 11807 1694 14605 20105 23771 5093 19513 30192 10612 27709 7429 26236 7201 3515 30548 11297 11751 29946 23318 746 30403 3931 20185 25130 27547 9037 14402 21496 3859 16180 9215 30948 529 3139 13500 13373 25369 10504 11302 16001 25407 4844 4344 6793 28098 13274 18890 1518 8200 25734 31245 25133 30874 10609 20882 20632 4859 17908 17517 7911 23230 1345 27861 10813 20465 23567 32522 21352 9725 5717 9272 10691 6448 23774 14841 21318 19706 25443 
18473 32531 30501 12631 23185 22660 30172 8273 7160 24078 26526 8432 12727 14331 913 3058 25242 183 17638 5590 18382 1573 21206 15308 19525 11559 7550 10109 16664 19497 16595 29365 20888 2086 22842 1373 17221 32288 1956 22002 1426 443 10706 28575 28933 13897 20476 27534 26400 22504 9218 29476 8249 11889 28848 13349 22824 27167 956 22271 27349 25231 14396 106 22725 19884 32345 24082 17764 19985 31118 2210 25861 25913 14085 11080 4118 20207 2208 11872 11200 15505 3899 278 16457 22566 26402 10262 3126 7290 12288 25390 6938 15455 17505 21221 9617 5294 767 9225 8609 4546 18296 11682 16498 13938 28542 31223 2305 18517 7493 13973 31246 2730 22635 22167 4046 9848 8228 8588 14073 13365 24639 22685 13829 17024 16289 27652 16345 2403 8545 23345 9921 20200 3203 12672 5256 2553 5538 24803 18832 24464 31851 6928 25914 21009 30172 12581 11229 27516 20039 29297 26127 5352 31529 19002 5517 19166 23278 6246 11875 23965 22912 28844 25987 4633 18234 27413 20150 14979 28414 29592 2277 20556 18516 17258 28564 26742 6238 917 28813 600 18759 15391 19440 24586 8386 9892 2401 5203 9028 21773 24464 12530 778 25964 8142 15517 32043 4162 11009 7086 32755 4014 5496 17305 27959 24057 21638 26792 30256 3383 30701 8237 24440 17878 19925 9227 17418 26142 17883 6430 31788 30556 4687 23959 20332 24972 396 29737 27142 20725 23740 5285 22580 22559 25779 1293 27017 24842 13281 30146 29407 28769 1531 16870 22815 20950 3025 8274 3539 21680 30156 21685 15467 30932 24288 1148 17121 14118 6684 9553 7707 7121 29684 12349 1266 8598 15751 25542 16207 23336 14266 7724 30573 32724 8545 29266 21709 24291 11787 5671 11870 8852 25893 25314 11305 20470 14799 8117 31968 28886 7882 7310 21194 8463 17969 11361 17201 18319 
13485 12924 15385 4373 25091 9545 10942 5382 30591 26995 4387 21990 17792 13537 8842 8557 2566 17483 15811 19995 32206 2105 6957 19897 27350 26428 11604 12841 26413 4864 5078 23685 25261 6338 7586 19236 14386 14400 32328 18392 28723 8119 1468 7486 17296 31286 7622 15654 21677 7315 10015 9747 9613 7229 18056 23523 23045 24338 19663 24482 10251 5799 19820 30566 1717 25737 24977 20357 16495 24933 2650 7109 14483 9179 23829 16628 10871 23088 15408 30972 9328 9295 26074 22542 13041 26927 1059 10590 9685 9239 18370 26273 28796 7083 4913 27767 29575 19324 2671 7843 16901 14301 32706 6465 14897 9253 9290 12960 2315 7336 32154 31226 15106 1257 2030 22693 12467 1724 5838 17062 14476 15224 17634 2064 7699 31017 14028 3884 13280 22276 28061 4455 24798 26650 24770 4730 31053 9834 6144 5329 10771 8285 928 24140 9557 11586 27185 4779 20290 6981 22270 1612 24071 30152 21590 32740 20288 3727 2304 25633 22941 19298 30806 24442 16181 5471 21700 15870 8309 28699 26035 17842 23978 15136 21211 24230 15589 24089 3829 18252 15396 13947 31715 15986 3876 27377 14109 12213 4945 32563 14853 23518 624 21736 29705 7140 25415 9919 24799 19611 22087 26749 29728 8099 19130 25955 9216 4094 3422 19809 13639 792 6463 11976 22492 5134 7675 19838 7061 20435 24137 6301 27896 5180 3203 4466 22711 4438 8651 13163 15331 16327 8723 12890 7488 21241 16746 183 16983 19390 15359 11383 9358 11614 1496 30099 19803 27815 14070 32692 30 848 29400 1797 17707 31446 3727 31836 1690 4845 26514 8482 1074 24739 10839 20037 29357 16177 14803 12499 17782 13960 7666 14044 11508 18081 30410 21436 23133 26940 23895 29525 17824 25968 14353 12190 12605 29113 6051 12483 5682 21498 1352 24827 1848 26821 6688 20987 21360 31394 
30962 17 9147 17744 5265 21248 27055 4033 24401 29353 15097 6847 633 15619 14645 22343 26253 779 503 1689 32653 8730 4045 19284 875 6264 26293 489 26904 32083 26675 6864 12241 10724 897 9779 22821 32581 25861 4355 18841 9650 18790 15407 14075 368 11 11224 3638 21297 24326 7657 1297 26034 24627 17737 28731 2338 16413 14878 10548 31385 26489 15181 8787 3082 3890 8726 29809 32070 11201 20005 15134 8154 3061 14055 29935 26340 18616 21444 3893 25973 2170 14018 20470 2830 14184 593 22455 422 28125 23504 18363 31699 12867 11694 6717 15532 1587 20299 28221 32143 30056 14546 32498 17739 1675 20652 24874 15721 5110 27541 7046 71 18257 23922 3941 10612 24657 7557 25640 1088 3881 16277 1388 8802 26567 388 1565 11785 15801 30829 28806 1471 20939 540 30635 6774 4219 26099 8361 19350 20598 25731 1187 28330 29899 30767 21161 22220 3303 17706 29612 28565 7470 15473 6274 9738 15666 24116 8599 19420 25902 18339 3321 9610 31174 13311 24218 30083 17950 11556 1375 21290 22926 32151 11508 30216 19369 25889 26360 936 25639 21347 11619 21045 20399 15214 4673 30929 13830 6928 29254 23577 16214 25063 18912 20947 3704 31463 26417 24478 8381 28924 27525 12841 19740 19691 11391 18951 1601 29913 3480 31641 26940 11293 13 17861 22168 17764 28847 8667 791 26877 15414 23549 9462 15304 7523 5838 24620 14007 25369 957 5835 19898 22308 26166 14348 28911 18415 15208 25803 18845 5026 25285 14371 25933 26572 25652 18549 7135 31400 29660 21226 13076 29672 1304 20857 19164 15915 13038 8783 21935 26141 21170 29198 30395 27335 28344 32739 25920 25018 24341 32645 21201 27503 29809 9567 14010 21793 10619 18253 17427 28547 19675 29722 4157 22246 31311 13490 20449 29614 18354 20319 20416 3297 21001 10812 2406 
4243 11447 5377 12233 15203 10346 12824 23351 11521 20997 10206 17257 2983 16094 26076 18490 21882 29676 22804 23075 4038 29743 20868 25889 8768 8286 29981 9546 11648 12155 4859 19874 13948 28899 27747 1088 4620 10093 20344 32416 11989 5811 23759 9916 23043 32342 438 16465 16934 178 18979 19968 13365 5015 27107 11867 6535 29700 15408 30659 5777 32552 21705 14159 16621 22320 8213 420 21155 18125 21263 31214 18462 8248 8249 18654 25928 3692 7733 26734 2903 24261 5935 13627 8536 23159 15231 10195 20359 6191 21877 30090 22072 19960 9742 29382 27488 29933 20227 21979 19096 22022 6767 19245 13518 4119 15188 30263 29554 20405 14680 9669 5234 20316 1186 28275 8200 23841 21016 17971 21121 21363 31598 29791 7840 29817 19236 6650 11178 23646 13579 10391 16482 3407 32291 1505 32403 32264 16747 17606 17005 27938 13652 20382 17824 11929 8319 23527 24083 11914 28490 26787 3171 4713 18686 18494 32567 32048 173 32202 20419 7117 22449 31268 9514 6955 6173 25391 23185 23582 15375 9717 21105 31218 28827 25903 30640 6654 2827 17085 22443 29162 15754 28413 13605 11945 8191 9056 25477 18335 16614 13482 14044 2412 32393 27173 6028 29491 9896 29648 12573 9599 19054 15177 31632 17894 3931 14592 26061 20483 12496 9884 2237 7740 21318 6906 9915 4652 6798 9350 26849 1986 4885 7574 5135 32365 14847 26248 11810 22924 27821 16790 299 29198 1576 32212 13160 12669 1692 25260 29545 21347 25445 1028 7008 27775 31804 25193 13435 22621 5121 15849 6759 7796 4697 19380 6250 6638 3606 4023 3982 25203 6414 5910 8712 26653 8841 31644 15808 1708 14102 31942 23418 7008 10760 21248 26014 29046 5606 23123 28093 9824 8815 374 1008 13705 1323 17407 5167 757 31468 25916 6094 4476 727 1497 17779 20468 1839 23349 
28148 17396 11176 3328 29429 26673 4013 8355 4941 31079 29499 17770 14925 9617 27455 3937 24819 8059 559 16912 271 28045 22018 8193 6510 32091 16888 19106 2083 693 28931 28572 14453 9682 8374 697 17047 23511 10249 29007 8510 16359 11868 3228 19985 2848 28121 32579 12306 14035 5130 28416 25639 22589 24200 1613 12592 10171 24451 27819 29648 19325 14464 17430 27507 26081 27629 27660 20338 17635 29227 20289 16902 29677 26109 24149 30577 23375 15245 19296 9484 26425 14210 22918 19539 1770 28541 1202 32223 19700 11507 18907 19626 28942 2456 27504 8146 26134 28389 11212 13246 12798 16850 16036 16078 23038 16494 1767 1380 5954 24450 7032 17559 15241 25392 3454 20462 94 13238 19142 625 14618 446 22236 5694 8075 22921 14193 17101 21689 15923 16833 6235 30789 11264 8690 15580 13162 28772 24892 11038 10231 6190 6939 1402 14188 3118 2106 30536 12562 25534 4949 29839 2382 10001 19313 32451 32451 13884 23287 7520 9762 2902 9304 20302 12022 6280 28729 13783 3239 32643 3527 6234 3333 5650 30648 23728 14055 2363 11544 3 273 19044 6273 27851 30432 15014 29005 16974 22295 22888 31886 5558 16863 12058 28466 16818 29063 2487 28010 2123 14875 4300 5225 27449 12817 11527 25363 19508 30356 13535 26861 12274 12137 28842 6543 12835 16168 22160 728 23916 1103 17531 28329 19310 17821 3432 9826 10712 7227 32379 27432 24464 25441 19632 1541 27590 19061 20238 13391 3727 17359 6829 664 543 25456 14219 21029 12520 1061 28904 17697 21600 6982 8464 18043 13726 28729 7343 28222 20647 2367 29319 11627 27449 381 16927 9194 9020 29518 23438 26561 4820 5968 7894 17265 17355 13852 30703 17772 5301 3381 18054 19464 19713 1537 30413 22275 19149 16859 16474 14997 27612 8361 5454 18977 11640 28060 2212 22618 
14692 31726 2344 5728 29883 27625 3542 27882 14239 2505 11981 22875 9216 1946 24988 20212 13103 4484 9384 31829 31712 25725 31551 14891 6908 29634 18970 5733 23672 18544 18902 32211 29685 11918 13271 22002 29989 12062 22434 9229 26231 13880 11114 17585 1778 3996 15428 8770 25056 12835 17017 28928 14438 24629 1685 17572 11174 2802 32276 16551 23524 18964 3768 18110 27504 15218 30612 30451 480 24626 11217 5495 7698 22605 3358 25784 19713 28238 17805 23225 15129 4009 20980 24754 19352 14 9415 23212 25927 26789 12533 4022 30870 1694 10036 4161 11604 19161 16842 13554 4362 19941 30465 4516 5162 603 18148 32605 1803 4417 26262 9878 9861 24759 12115 30531 6592 32601 9043 15084 32325 8870 14659 23346 4107 5366 13560 874 21013 21634 2209 1506 8136 31662 16860 10301 31071 17926 27216 15199 7337 1981 29463 18069 27301 15224 4546 13551 30774 26779 24178 29453 972 16688 5275 784 20785 5382 7870 29510 28057 26980 26163 28159 10087 926 31848 12915 9962 32402 3849 16141 30183 26552 27029 21681 10294 7182 16182 9420 5580 1724 26254 16427 12144 31099 8282 17912 10437 16918 29587 16957 18675 11981 16271 20740 18361 13914 27050 24362 29411 26829 13550 23677 8414 31132 9649 28883 11469 19846 1659 1150 11828 9708 16770 1344 6015 29176 14217 12750 6569 10592 13630 6532 13130 29190 8108 29429 9591 23636 19460 15187 26766 31273 27085 27488 12873 28747 28195 6107 25786 13169 16899 4224 15642 20287 15187 20868 17069 20858 11471 14929 23229 30235 26753 26272 21749 10202 6451 22448 10835 1724 7656 16052 27813 5533 32426 29825 3864 9720 8574 16152 16367 19186 18035 32720 30631 7292 11139 20110 21472 30904 5712 9125 22150 26383 2408 14517 4426 9084 17182 3881 15799 6669 5203 12394 22149 32193 9686 16667 
9720 18804 8875 26026 31547 32489 12720 27152 28959 10873 14532 27426 16724 15935 5295 17368 5776 10803 18995 30649 18766 31668 1393 7580 551 27651 5470 29322 24888 2500 20373 30628 10209 31744 12730 24581 3666 4842 20565 23251 25716 32663 16334 8768 11945 9252 18569 26134 15404 25400 11554 21209 29174 24131 30394 29727 19831 27829 11080 598 4932 10566 1669 18314 9925 26979 4412 10071 14336 22801 10840 16267 17376 8613 12532 30538 31054 5197 6212 3981 9096 14179 26785 32301 24430 32536 19863 9761 2863 22813 15891 3402 28377 15409 8455 7872 9178 15807 13666 30112 17141 25672 13610 10101 867 12966 10471 20513 24668 7799 19630 15242 15134 17538 20232 15560 31620 24723 13354 1345 6544 22677 14070 9692 16272 10801 5242 31691 10766 3183 17349 19359 10299 29036 24670 25695 31289 2734 32064 16499 14239 22559 20313 1908 18253 21440 20208 28192 12491 5952 25191 22312 26863 3720 31091 10780 10518 3180 30666 8991 1711 30376 10767 19843 21533 12867 14410 1732 11034 32049 7842 30479 31082 20015 7979 13363 1627 27650 19259 17474 26474 10370 24779 13865 902 24245 22577 4741 3312 2262 8159 31653 4897 6825 3679 22452 5610 18709 16145 28952 6649 28980 27997 23873 7832 21430 20770 24611 26981 30291 30619 23547 18621 25295 15717 15542 22540 20433 1355 16918 30542 28068 11873 12906 32027 19224 23296 3669 9950 27836 393 6326 23313 7591 7681 9977 32563 3395 25728 20330 17892 24057 3228 5236 22864 26339 32539 3743 31638 15641 24335 22971 26820 12072 8972 9804 28340 10203 20213 507 25840 10451 12061 17368 27353 18518 28093 2778 2904 9777 23114 15133 2023 26569 24873 30283 27832 26958 21080 30629 31642 31702 32587 14289 27782 30172 5884 11258 31774 11299 5867 6599 7669 23368 27957 31124 808 18745 32386 4647 
282 29781 7116 22893 19019 14910 30472 27907 850 22712 11853 29235 10888 13461 25692 17911 32265 4766 24544 13198 32090 2972 18634 31838 20838 8505 4298 10393 23784 11260 7600 24082 14444 17176 22186 14450 16109 5982 23088 30471 19584 2166 14159 7121 4884 27348 22546 24029 13649 10253 18356 20096 9603 10390 28095 388 13012 5579 15176 5635 16068 30408 18157 8486 11302 1622 22609 19004 11830 11625 30864 20204 1750 17115 18620 3250 794 14114 14538 5184 27558 30763 19303 1503 14439 27467 109 23935 8066 25367 5389 24708 2527 18287 17132 1068 9942 25864 24569 5820 32153 13016 24639 18031 20058 565 13704 7888 17672 22618 2073 12140 11011 26739 8375 7813 15392 30026 17929 23901 17167 1495 6151 2671 17671 27022 24053 21758 428 10872 21266 25932 19334 12242 22759 30122 27353 12418 6485 12738 21023 9652 27549 21929 31347 5543 16840 20150 30789 18287 23027 4351 11822 14850 12542 8578 31459 4088 25095 27723 22890 12386 13144 27734 26226 9081 15029 20113 8917 20840 24206 13369 25256 12221 20921 30521 18848 381 32136 10792 4232 21368 10557 27369 3405 28305 25331 13397 18313 23401 20644 15792 19028 4711 30880 21690 12496 5452 24799 17451 17458 20683 17048 25571 7384 25834 25498 5912 20006 30077 7410 19436 22507 28075 28418 24202 4393 24583 1395 2222 30854 31748 4402 15999 19236 27075 7179 27507 11216 23570 10216 16147 16514 27665 11180 31924 25298 20351 28417 23602 30771 20221 28062 1872 14233 9316 2210 15491 27443 21242 14881 29926 30342 2556 24145 15809 11854 21062 18888 7143 25662 1424 32736 4308 18527 28298 6801 14914 28888 11770 27386 14455 8575 17196 23978 10533 11687 15851 20224 31324 11773 4970 9750 20945 32724 27265 11515 20621 26580 12818 28243 16240 21667 25902 4060 12776 3733 15184 28106 18706 
25838 16837 19040 13336 2265 14468 20235 23121 9219 1447 20153 8202 18394 28081 9597 29355 32367 9140 5990 8247 95 6006 22422 29630 19275 2455 4397 21913 2759 9262 10468 31282 22825 3412 8021 9010 24916 2853 1344 22454 23606 16676 13664 1023 17513 7936 20260 11580 11510 19179 10178 22410 20745 24966 25252 4992 605 17333 11326 82 23146 6047 21907 16625 28989 22968 23429 17285 31935 17367 1227 1453 4766 7633 6979 12176 29924 2519 8949 23737 32222 29430 14423 27052 22520 29469 17372 20108 13127 31468 4473 11264 14875 14493 18338 7127 1865 13132 20466 9493 8323 11990 12977 30025 5168 28743 9845 344 25518 29705 5791 824 9840 2152 25831 15061 197 9492 23937 26475 10453 22096 12146 17780 512 16745 8058 14831 15421 32165 15689 6167 10576 19234 25345 17466 14014 12026 4327 15233 13005 16534 17568 7928 2039 22054 31252 9248 25723 15258 30826 17660 2403 17128 17460 1248 775 17405 9003 25720 26591 18084 2218 2861 65 9679 1796 12950 6884 17599 22925 16823 25518 1103 6363 19098 27319 9639 21156 18644 30720 15826 8550 27175 7657 17771 29011 30169 17469 6635 18793 14399 31591 14802 532 12836 1864 24540 21660 28986 26063 22695 5277 31599 29273 1611 4515 23009 15638 19526 30072 15962 1753 13260 23032 4218 15723 6958 25178 20498 11488 8174 23275 12004 7818 30913 7731 9859 23855 31812 12599 12596 32009 20500 2136 31319 25852 476 9393 16512 15208 30704 27855 12535 11703 17685 26410 21897 3229 22145 13820 26704 7192 31857 2521 15379 17967 29430 482 27757 24785 32424 8037 21474 27237 1044 2530 2331 21655 28494 20123 1443 10361 7462 7695 25889 10395 14649 13215 14742 980 30014 7457 250 3662 21423 27570 25276 30344 27819 3129 11724 23894 26199 26909 9954 4009 18441 14027 14371 
17703 15169 28279 17466 15886 12915 516 4018 15041 4453 3272 799 18093 296 5802 13727 28922 13821 28811 16144 2858 27454 13011 18247 32715 5983 14898 26610 4406 6395 30993 16408 8810 3663 29712 31171 3990 18751 28507 25918 26856 24467 7763 31590 25456 25108 28865 31535 24441 20571 15029 17294 13816 20368 25858 21174 13581 9548 26957 4107 10706 13403 10761 24523 30091 16095 5171 16364 18430 17411 13373 21198 2058 18231 1877 31610 30671 5452 14469 2855 17954 7735 19624 6555 26644 835 16179 3581 11583 31899 12368 16931 25766 8392 1963 27484 9552 23028 29061 4376 13438 8044 21076 18477 23827 23188 9256 8054 15170 9257 16183 7782 28099 11193 15765 13962 4163 2881 6471 24771 15759 5525 8513 32651 21333 30602 5980 28940 11174 21189 12573 11628 22006 31256 3644 19968 18770 595 12588 31161 8626 20851 20200 241 5348 10845 16604 2097 5028 14316 22418 32228 20578 19223 14780 24379 25025 15700 3697 6133 14424 20583 10438 24129 11777 23796 22633 1425 25052 22459 13881 2842 30407 7598 30973 22666 18276 21251 25804 2216 18943 7160 1586 14918 31016 15099 2140 21307 12597 24352 2381 28339 387 8588 26196 18003 23228 15210 9692 32301 21668 9810 5888 3291 14481 5058 30636 13542 17490 28657 17714 24864 27181 17590 23990 24993 17976 28284 31146 29593 5731 25651 28386 4520 23289 25303 6021 10679 14300 22211 2074 7537 10997 25691 15660 24072 7346 8856 28295 32266 19352 22854 22287 19667 29083 24643 24725 29138 31597 566 10207 15765 27249 26983 11488 29147 30211 22007 23860 3824 244 20534 19304 22801 6563 18953 3411 24887 16243 12663 16647 18144 4417 23821 4764 6959 21516 28382 28230 5020 14236 4066 13281 15078 287 29716 23974 22440 23516 18949 4827 21169 17467 1315 16524 12022 16512 9040 10298 21190 
15653 8832 28345 2304 12934 20695 12951 23338 3181 10053 1936 19511 32584 24371 24161 990 1749 6049 6799 96 13338 12986 31713 28301 11959 1704 32738 25186 2251 28340 27004 20310 19703 26722 26937 9448 21534 21669 14698 14043 13479 8346 1081 21284 414 1156 14023 31703 7732 29083 26438 19448 12287 1082 26251 25614 19688 10755 20241 11238 23840 23326 27044 30671 18324 29180 5064 6000 8855 15376 18879 13243 15422 30456 32174 20291 27287 20582 6697 7572 94 10000 29200 32578 12644 10478 7495 18184 27189 32434 14029 27823 23464 13169 22279 12385 528 4004 17951 3485 16035 28363 17459 16343 20607 28583 1618 26268 24176 4030 12278 23699 4893 32510 12314 25978 7603 29664 11495 4875 3192 460 13438 14443 29122 19975 29122 24683 29836 8164 21113 4825 12362 304 3737 3577 19131 30049 4495 22931 20053 11922 1001 25237 26545 12640 24575 19695 12706 18074 20279 8853 25765 28597 23871 8508 11370 29959 15130 5979 6452 1202 13864 16923 6908 7872 15213 19607 2678 29930 720 22140 27550 2817 7940 8781 5113 26746 28794 10380 14755 27528 27510 29700 29085 16992 17489 8704 17418 1396 11709 27314 14591 7490 15209 3622 27356 30969 2915 30026 30513 19008 22923 9056 2455 11738 32728 19988 28941 3387 14243 31488 17543 8654 5268 6838 3606 13793 20698 27684 3486 22068 1813 10496 6025 8128 14871 29690 15460 5010 6557 6704 16847 9832 28131 30124 25096 17272 27904 23314 6633 22891 14227 14328 30361 26534 5416 14498 14471 10027 20720 20416 23027 19092 7484 1000 13114 2494 26545 4807 21670 19710 21852 19897 25851 20420 28066 23303 269 26351 9477 18393 28536 21795 13663 8742 20784 3898 26742 1640 9561 26705 25051 11803 13276 6984 25183 1999 10330 3611 110 13974 28735 19205 12747 14201 7938 19646 23499 11789 
20500 25982 17279 1213 3476 5383 12988 12820 32682 8389 4409 23112 26141 6317 10067 25804 7911 7218 31558 24731 8676 1084 23074 23677 21247 11584 14985 26791 18020 29568 15396 5420 684 22701 6531 6848 28690 21281 3478 20027 21837 7248 12990 25368 3506 11020 2147 29789 7960 15553 14561 11963 30330 16503 26886 25011 8760 19814 21968 29575 11074 16149 27076 13613 27137 24446 17325 27909 28012 13391 2097 20856 13092 26033 21717 10456 1111 32652 9609 4983 23395 16695 20228 28344 16838 21317 21119 30467 20839 23150 32754 7141 3147 12051 8146 11820 1407 28309 5390 2673 20415 14738 27883 235 24924 27254 29454 28423 15472 29520 12938 25771 30476 18338 13215 24973 18109 13331 19863 18514 16961 19449 4753 15120 2056 6501 31046 28713 26800 2582 20305 28074 20309 26195 29981 656 22449 69 22310 140 16330 28153 32117 14355 26149 11872 29963 11394 6121 12862 25614 121 134 10003 32677 9191 15883 10338 11514 29624 17703 7959 17006 9799 11784 16631 2426 10671 14858 9696 19253 10953 168 12749 24631 20993 9043 26339 9506 12345 2146 1394 2171 21422 17703 6471 2873 32006 16165 8237 24372 2622 31375 20113 18804 9244 16550 28399 23173 21800 15678 6134 21273 29073 28762 13574 7166 9218 29756 6515 13763 31030 12013 11760 7310 13480 13774 7769 32624 15117 9928 8717 7598 9380 30025 29250 11591 4961 4858 29105 11281 8270 32602 7655 9617 27800 1854 9105 21527 16039 12381 2120 28533 15622 1032 25295 8063 15038 10701 25286 18595 25596 10054 9110 11574 15898 18067 27876 30374 24053 19942 23344 26191 11189 12851 25134 1846 19965 1295 29817 28295 6849 25027 19359 13953 28037 14312 25836 8836 24771 30061 17832 31940 13458 31326 13033 25899 15695 14658 15458 112 364 7418 1825 16780 21145 22330 23333 28316 24390 
20574 13432 31063 24900 9197 10061 28296 12968 16346 9901 9801 17970 13253 29317 23458 30082 30078 14867 9485 32370 16437 6341 32606 14579 23461 13109 16005 18810 14927 30108 25384 27347 29527 24640 8780 8832 4639 17303 29403 23863 24531 2071 5716 7747 26738 19281 7155 2310 1839 32437 7877 28431 13120 26468 17647 14174 17204 30964 16441 9400 25699 6350 17440 30730 17369 18992 18717 31701 5049 56 31376 27492 18527 30271 23131 25048 4486 32273 24827 26892 6702 17700 13060 26990 9470 15605 2018 7985 14762 14719 32343 32486 18450 12828 24808 20686 25230 26686 4873 23071 28867 20573 32592 6110 31818 8460 29763 4596 5777 23220 4057 5967 20813 995 30797 19452 9099 22115 32528 21033 26131 6014 6379 20257 5942 9739 15508 18483 29046 16514 22614 27350 23435 17373 26454 9389 18030 23728 8259 16990 9671 4863 21600 12509 30642 32482 9507 10055 3667 2260 28552 6902 363 27987 19770 20796 3648 26924 4941 15556 16215 17536 11562 27014 31180 2290 10616 5788 1190 18515 2991 13849 15573 31592 5978 28243 11949 13998 23709 27380 20845 7403 31668 973 10912 21997 883 21495 24961 8819 1093 31941 14618 8946 865 12639 11251 7868 7588 25089 28974 1264 13169 10834 15879 7402 3312 10180 3739 10801 8418 7208 20425 234 30986 25511 5275 28080 13532 25947 817 21382 12552 31587 18403 23299 120 4215 14460 19782 3979 17396 26164 6350 31690 14950 21416 6997 13749 30203 18981 10909 7222 32206 8920 25013 27023 18064 18829 29378 3232 29778 15094 7121 22708 2847 18062 25452 14956 25345 25103 13776 26522 26242 20123 3667 8916 3026 16430 10597 4803 5375 14102 14172 25282 3347 8158 23141 28356 30486 10293 14374 17146 29710 26100 23726 6175 21639 9299 22700 26467 12292 20255 17503 29846 13913 24530 11274 26158 11679 
15556 21593 18922 20261 8882 29281 16301 4901 233 29661 3878 7990 5631 3842 10602 11179 1415 5592 30892 5259 32370 24908 24394 3203 8784 20267 3524 26755 12391 28194 14225 3458 15757 5746 2649 10147 17358 10243 7939 23168 702 11543 31602 25740 23744 28950 1956 14432 10255 30518 9910 9998 11632 22027 25607 20714 5288 10798 27390 26845 30074 2229 1616 26639 27312 2363 17665 2163 13594 6092 30753 9296 22463 29078 4162 30090 7782 12906 2161 13694 15820 27344 18426 15465 1915 25630 21380 21759 1142 23282 19902 32271 11867 6975 8993 13916 31332 11887 18140 14790 2892 25538 13414 4419 16810 25834 30718 8667 31757 14966 6655 23265 30770 10197 14655 15490 8218 20885 13723 10256 11750 22080 18643 14237 9312 30377 9554 7751 1588 23471 4490 7420 3871 28317 13512 17561 23755 19595 18285 12753 17503 27093 25997 15818 8014 28266 8900 6482 16501 22676 23362 6390 28988 28294 2887 23852 2367 29980 2926 25550 16253 21857 29704 10562 29612 7120 26975 11922 32511 17075 25758 20402 30735 28431 10812 122 5437 396 28900 17754 9938 26229 705 17825 21080 15913 24584 18618 5450 4699 21514 27854 26463 10499 18606 7009 8869 2415 24557 22952 3154 11160 25741 23066 7238 11206 17006 23711 12019 31980 8393 19180 26891 4932 22036 20477 28350 25886 7496 8472 23599 29620 6774 2340 3022 11386 13221 19724 22994 30164 32674 28371 31172 22624 13102 22972 184 32330 17930 22935 9289 5868 10984 25639 29024 19653 32105 9778 22040 30115 19927 20387 21505 17098 13521 26088 20853 19952 1785 19682 28621 31842 29878 14116 13110 11574 20320 2039 4063 15946 4869 25990 26476 19092 26186 6200 7798 12497 31973 26928 23582 13500 18002 17958 29347 5564 28794 14164 23903 7694 15704 3029 4806 4461 2560 30466 15892 5536 11976 26798 
15565 5478 31714 12842 385 9084 12599 9150 31646 28253 31731 6720 14260 9881 567 5621 7429 18682 32714 10382 6141 17708 63 18270 12382 26031 5024 29791 12954 17584 21496 25840 30903 3176 10544 14112 27597 28384 32418 28283 24500 25382 16921 7491 31613 28950 18051 25065 15523 27137 11967 16054 6627 5822 19283 12802 21838 8657 25220 30584 921 30418 9329 10370 15254 1185 6010 29227 13415 18425 2170 30395 29809 20071 392 30294 11988 10890 540 24381 9324 20300 752 23386 24592 934 9038 32586 10092 8206 29017 20204 29464 419 13462 12657 16914 17481 9428 3857 14143 23561 26265 22092 19239 6950 25948 17577 6994 23909 111 26648 16523 16649 29626 19000 31792 21223 7671 10080 13224 26353 16979 5778 605 26719 5874 25161 12448 4730 5710 8463 13913 9493 16729 11146 13527 26350 16314 19435 8136 5388 16813 24869 24660 16719 8396 23922 14654 28300 21515 23061 5198 1109 21749 14273 14950 27222 20529 4884 8820 3989 10253 16997 32731 30572 27222 21543 30515 12877 10591 8105 11020 20634 1416 18906 31264 5391 12176 21164 30989 9308 5817 30057 29150 30242 27326 11703 31473 268 9243 32290 16843 14004 7624 28429 29284 18954 28572 145 325 20614 31335 25547 21809 13251 13006 22415 9850 20560 7715 3256 26604 31847 24010 13523 23358 10970 24185 3603 17100 24772 23700 20778 29594 31524 23790 27705 32046 23785 26094 1587 24230 3531 10458 31361 4589 21108 9837 15662 19192 20419 3058 12784 3606 27004 18011 4879 14145 1664 27520 11450 3266 29561 26522 12828 12661 17766 16293 8179 24075 8329 16989 25103 25676 5716 22097 22087 26763 2818 13685 17314 11497 6274 27670 14798 18476 3910 19140 21046 24719 13406 6312 28566 25976 31196 17552 30348 4000 2699 5536 22444 17665 8758 23724 17255 7465 7096 2511 19124 
31109 5791 1951 7288 30261 17471 27736 6472 28297 26227 23390 15146 20618 26375 19238 26544 28801 15052 16159 9473 32755 10320 4363 18352 550 5057 14765 10792 4179 31451 20737 217 2533 24256 3381 28489 10041 22408 15227 25212 20593 27471 10113 28615 913 6623 3086 5046 7093 19953 31638 1764 16071 22013 27101 26848 9492 9354 23312 23270 6193 18252 16828 17060 29324 21625 31122 27554 19672 24529 18842 25252 9708 22478 3229 5039 29327 23317 19849 7200 20186 4910 19101 11610 23414 32215 14298 16019 19870 10134 8225 24606 20810 6458 15012 26198 1791 32410 9418 29120 1381 32247 17593 28419 16271 11548 16651 17412 2665 20651 7081 3388 27549 13208 10063 20296 29454 6328 17543 9462 30801 12764 246 6310 32074 23515 21157 12082 18654 434 13619 12133 16258 28329 14223 25933 32371 27417 9206 305 29262 2575 31975 25873 16751 13045 28461 10401 793 10295 30834 19618 7752 32464 29004 1839 30042 7953 12025 7892 31328 21256 8198 4916 25898 10480 12218 25038 29317 29886 20553 13340 29514 15325 30580 24258 12438 18890 14440 13867 23124 20061 20473 4013 14900 5791 22081 26907 27776 7788 30665 14731 16940 1385 11947 18776 7167 29001 7735 15045 15956 20276 15226 12011 18950 3142 4130 26945 16911 17495 19671 31540 18721 13400 15479 26370 18761 22578 5786 20312 11189 1200 26796 23303 4081 5586 5152 23651 12675 7149 13482 20538 4028 21367 26528 992 16214 97 12466 21213 2373 26875 24918 16711 27410 12400 2200 26753 19702 26460 3223 6280 10175 15667 11502 23770 13366 17134 21361 32603 26248 23795 7716 27149 24372 5297 4699 13419 7340 27617 29693 7572 20559 29132 31898 20550 27899 20681 5349 14480 19874 8145 22849 13993 14922 1463 5087 21330 17305 24504 16079 32240 29475 12327 23383 19478 3981 31163 21578 17141 
18200 10098 14038 30468 20413 19710 29470 32105 31913 29473 8630 4337 20683 3163 20886 8496 17968 15971 21329 22927 12485 21300 30291 26134 15854 27229 20975 1382 20944 24437 9236 11924 29060 30593 29185 26216 29006 31367 27649 11671 8430 29649 3660 4196 14182 16486 23212 11156 2368 4783 1151 1246 3674 13887 23835 19586 15495 17968 5705 505 18536 684 20128 12689 32251 14728 22672 5915 937 32561 251 10387 31052 8949 30766 11115 32392 6782 16176 30301 11955 1710 9834 640 14405 579 22526 23268 22352 16373 17124 23271 23667 29469 32531 18024 19162 11662 24353 14670 25146 23395 25287 26059 24483 23771 30235 14455 27786 5511 10372 27911 8483 17317 22092 31401 23303 30429 6532 25449 10385 4944 29485 18628 24266 7767 6460 26285 8285 32595 13588 17522 24968 20190 30188 18709 10532 28240 27532 29636 4963 24858 746 19019 9083 27937 19606 29521 21288 32730 6102 6751 20513 17006 8378 27108 20257 16767 25309 1838 4592 5974 19994 11590 9266 1262 9218 24364 7134 7602 20187 14778 29969 14930 2707 190 25489 6671 19790 16873 9728 17605 22004 5021 26443 25076 26965 90 9060 677 27111 23134 24914 25724 7304 2011 26756 15916 29133 20684 10029 21726 23954 2657 23699 9117 1971 29642 19959 12647 565 26270 14090 25644 29270 17153 23380 25 24385 3416 13761 31940 24943 4482 26217 3134 23687 32547 7498 25395 10874 9530 14483 31192 19403 5757 1968 5480 7088 20216 3273 15983 31229 6971 18885 30107 31509 18809 17716 20270 11678 7965 11204 5755 12892 964 9253 14806 29412 11230 26571 24338 5787 27540 23383 2008 32612 18122 17639 258 29744 16815 28698 1011 11397 20525 23402 3739 25736 12133 24658 8147 18036 29439 13444 32000 31080 31621 101 10553 3475 21403 23030 4418 28426 5114 14107 28225 29806 16995 
16984 18411 32576 5386 21837 27786 8257 31534 11773 11559 6631 10971 10404 19058 9263 25191 25627 9526 30852 16195 17488 18223 1310 25205 9862 970 15680 9321 14991 19965 26597 18213 17077 29535 22453 13233 23100 17124 21906 22814 32372 31245 11207 14082 10773 3197 25040 18330 15395 20684 16522 17634 12259 32237 16464 17640 32752 20122 13804 17424 16173 267 5058 4479 25477 2422 4370 17144 30972 8458 24604 1007 10227 10447 29402 31694 19787 8938 23540 24615 30028 1430 14144 22399 30759 9187 15544 29044 31676 13511 9594 16258 24626 30520 26647 2285 4364 32592 4201 14154 10008 16868 16200 12050 9817 30201 1734 13997 14549 9591 26602 3865 32127 1863 13249 16331 29281 9977 27902 1051 30689 10931 28999 1788 31986 9018 22264 19398 4334 30711 8221 11662 6684 25431 22838 8100 9533 32173 12645 27950 5773 5303 27186 32389 24789 3632 27458 22865 13639 14942 32599 28374 20469 197 12765 10717 29588 31006 4192 13636 30375 14300 5090 5873 28736 1221 20978 16438 3332 2346 17893 21883 24193 31418 17753 23227 11085 27854 18048 31827 12709 18404 10505 17872 1335 2269 6480 27475 11480 12734 7555 14071 9405 13686 11060 21922 11395 21417 23490 12054 9326 4747 26999 21205 2532 24365 21256 24612 10316 30525 23853 27409 9553 5098 25998 4022 23220 23605 23546 31116 25355 8427 5680 30978 6785 23104 11944 28232 28410 17498 30523 16132 337 22256 7973 20478 12500 6156 644 18871 26780 1753 6429 28901 25282 18888 25477 30138 22493 32390 25176 18565 24101 20120 3379 11520 22387 31763 24047 27088 29776 30624 1659 31053 16650 2386 6204 29443 7343 3725 18269 6497 21784 15117 6840 15545 9319 29494 31162 8354 125 771 16104 11272 15114 420 8809 14574 11854 12424 10241 14658 9317 11403 8830 10486 4538 4160 26417 196 
19307 11573 27913 7460 25583 27665 12533 19569 24370 27584 25960 2627 3695 12984 9990 17639 6648 20493 27561 29478 14631 31837 17698 23577 19385 26267 8973 20535 18009 25642 24098 18456 22822 16270 5599 31167 9922 8697 26176 21977 17576 16914 15762 22011 17028 5546 13543 24866 21051 19921 8004 30478 2393 31649 8730 17688 7260 971 18112 17827 16867 19909 20075 10614 23710 24274 30591 12626 14159 1599 22232 27912 10234 25307 1599 6703 31843 26989 1848 7295 28107 27339 30621 8728 9810 2634 23495 29702 11391 9526 27790 32399 26588 488 22105 20643 22355 5165 24624 16010 8669 7951 26574 17121 7356 25483 28729 14478 18628 21635 30277 28281 1020 9272 25632 26476 5507 2860 31703 30585 434 25563 29306 26534 17019 9367 28349 25024 10073 8487 12805 6156 12454 3242 24538 8289 20405 3503 11990 13172 30726 30597 17432 3103 16562 3575 12731 14218 10789 20448 6729 12045 26984 23332 28265 15381 10813 32633 32539 14639 6552 831 32033 3055 16343 30553 27318 17491 22280 19359 31867 30864 30718 16759 31815 23290 15371 4621 32002 14588 22688 27951 13292 17452 16998 12410 13405 29779 21679 5223 29304 29213 21713 27672 6072 28836 29459 28537 17619 5397 20497 28939 21887 6192 6478 14576 5437 6898 10481 13454 20621 14536 16444 935 13673 111 17158 25845 19923 13482 16398 4574 30800 8734 21200 29613 28276 21623 9772 26937 17143 116 23474 382 9672 6424 30605 28084 10686 15443 3661 12087 10929 32241 29443 11635 16593 1199 22181 533 14058 20173 25287 17843 22239 31495 28948 8016 2416 22734 16890 16593 28099 25231 7729 18108 28247 5161 9668 26467 31357 19524 1641 22750 8535 30819 22654 28604 25207 28450 13441 16886 17662 5276 22440 31917 5416 1109 31153 16676 900 12278 4792 16511 10202 4549 10387 12767 27351 30521 
12977 25481 21618 17929 14488 13695 13375 25354 12435 1589 21564 20992 24333 22545 17914 30066 5003 1642 25888 27819 22267 6471 7749 17247 23448 19226 13582 14228 10047 8973 27377 18190 17971 17489 17826 25139 32722 14155 28083 12540 22905 17644 16307 14395 2053 21980 8710 8995 8494 22890 18651 321 23875 11341 10760 28461 3318 18736 17775 2989 13265 26737 16562 7798 2857 14264 25605 3139 15115 8108 25633 30258 1346 28615 5500 30375 29372 30522 5177 21871 6398 15241 11185 32709 18484 10306 20624 18886 12013 13721 22071 2815 27111 938 20073 28848 3877 3705 26412 25018 8692 24838 29831 16088 24585 25989 24453 4073 10171 11540 13536 17007 5268 10567 32266 13744 16777 285 8890 19670 17632 25130 4925 32054 2678 24656 7923 1949 2775 10332 973 21156 11412 32034 7136 17125 9339 4830 5198 4991 4428 21517 16957 15810 25431 9729 11986 22162 16539 29304 13550 7533 22548 12684 28604 7888 27612 12596 9713 19196 5163 11873 15849 32427 19537 29191 29200 15832 393 20425 20969 1089 27205 5999 17317 15568 4834 9173 7515 3683 19732 1873 11918 22198 10069 10116 14411 8355 31296 5793 10959 23709 4418 21301 866 7464 3687 11157 24875 5501 4434 3671 21412 15008 16311 9274 9682 7522 30761 13697 25994 29273 17101 32494 14748 18065 21162 22377 27718 12440 4653 20913 30703 21432 16116 15865 10694 24885 21673 11176 13970 18387 6878 15241 7303 15085 11626 28945 24249 29945 5978 926 5778 24287 19923 32715 8283 16977 11531 11592 28877 18557 20105 11153 7263 24562 30700 1135 27806 20946 14073 16954 26496 14862 27634 6547 12948 4341 32075 10159 18926 5000 15318 25247 365 26139 32391 16217 2100 25441 31686 29985 20637 8966 12298 7672 31803 25678 4459 9424 19137 18406 24131 4157 22035 12826 23872 6999 10987 4904 
31404 6865 16207 27827 19513 12608 12969 26239 11154 11222 22227 5123 24890 32113 12647 3842 31898 24801 4173 2580 25664 23447 14122 3588 10796 27328 25462 23782 13456 13450 19875 6433 32529 16979 22499 8699 17422 29192 25926 21327 21923 18564 25172 8452 19929 1052 12435 19669 22269 1495 20851 3111 30979 18525 11744 16953 7226 32382 32469 20116 2080 10547 20151 15995 21931 27595 14223 4178 20147 17586 3879 22208 29632 3101 18432 5563 24270 10189 13934 21429 25544 18167 20289 3241 15856 28835 24945 18594 1746 4639 5602 13789 15695 7935 2053 24274 21069 18677 22297 15076 13985 31804 18212 2610 14787 15013 12575 30312 13642 30762 27442 20829 26742 5780 22743 2271 22183 13381 18716 23965 17189 15820 19337 10917 17687 15731 13764 7804 4577 14113 22756 4108 19562 14346 6252 5655 8426 3018 26935 4818 31929 2191 7600 1183 15373 19852 4023 26777 10383 16004 5082 12580 27687 11025 31267 16460 2589 11499 28983 8823 11717 12261 2065 21017 19489 20267 10754 8744 30394 22783 32209 19293 3769 18126 23167 928 3355 13220 13860 12140 16022 1183 32483 3130 30144 3657 29962 14953 27397 27560 16656 29026 7296 31464 31873 12792 18251 10876 24564 5756 5966 8695 30134 13324 29138 4845 5047 25769 20568 30101 28664 29570 15906 16766 22376 21961 4762 21180 13488 17989 346 3128 3049 5500 2217 15548 14627 13922 2357 25675 22214 18249 11207 27060 29560 14281 17242 11134 18751 30393 26541 18880 30758 4398 29632 25633 23795 7689 28909 8522 18386 22988 23174 17572 883 10599 9243 4216 21965 19827 2900 28944 19395 13537 30676 1576 5012 28092 1751 25540 19329 10586 17448 9060 21180 2065 12416 2758 5545 19264 23984 6419 17024 2863 31285 32005 2594 9792 20115 26401 1468 31392 14019 6059 26556 12830 8649 1309 20876 29256 
27119 506 9169 1166 6213 15168 17624 30563 12514 27924 18894 3485 18233 18361 10009 32141 24065 30328 3696 26521 22262 18605 29837 28255 3232 15544 24331 23353 24404 32403 16923 4975 5076 31450 31802 32367 18512 30421 26401 10726 11922 9268 28577 8333 11522 19818 20417 30758 17156 28675 28993 8575 6086 30150 30230 11088 30371 7451 17157 12684 21593 13614 22379 1702 15846 20560 32761 14922 28347 24454 14750 17231 10229 7594 28553 31913 21231 9735 5498 1594 26665 26438 8749 26667 20886 11557 19749 26639 20784 4498 19997 7382 15661 1984 6100 16666 23966 7260 21345 10747 23082 20232 20841 27494 12572 30032 15805 5081 17185 11903 28758 8489 10203 28753 2184 10984 17025 576 16896 4003 27719 4813 6717 1971 32718 1026 19289 27285 19708 10131 17538 2049 11725 26343 13972 27619 16719 9865 8837 12453 19024 10985 16832 24776 32233 25760 29162 26217 15318 31352 22808 31090 1494 10619 11764 16363 27490 14155 26103 3754 31382 8212 4831 3797 20474 7666 7317 8637 29251 4990 30321 11371 24703 17850 20350 30320 31479 32392 29628 12730 20702 9042 14037 5723 16723 17318 13622 24491 7130 15069 15173 30990 30327 30861 27166 8772 6221 20516 2848 15342 11671 16315 16135 32253 11055 11159 31793 28441 14974 16408 9406 16985 18467 32022 16108 18719 8313 30202 28828 5265 5235 29512 3985 17480 23714 25778 31362 29650 18410 6544 13399 21662 22465 17409 3876 20074 25050 9663 28780 8091 8304 6184 2834 12108 30512 13963 6611 1432 29867 18985 27780 1432 15079 28506 25940 31211 13867 9257 4858 29146 17524 31441 12309 654 21825 14967 1406 7310 2551 7022 1911 20411 24164 23226 17044 6558 17735 22244 261 17091 12251 15981 25610 18935 3941 7196 18152 20704 253 3115 29540 10069 13228 4505 2717 5432 4113 1865 20843 10129 
19870 31731 26993 19898 18978 15169 26600 15577 29729 4783 10792 10731 23209 7189 8537 6769 3110 13449 13772 7619 26375 20882 27071 30944 7465 24499 19087 3528 21780 8566 9369 21135 3082 25328 24873 17935 25840 1814 4802 21436 11947 32688 23642 1115 15997 5487 28806 18433 4134 21992 6252 6144 15828 24111 13727 32255 5354 17964 25577 2101 14969 23397 11242 11405 13091 3776 8397 9880 30927 25524 14724 7249 8716 26120 24397 11509 11276 26655 12726 15681 18204 15535 19346 22104 7385 10916 10904 9246 27289 9791 18248 22111 262 26163 21224 22939 25280 14437 27505 20525 24619 25390 29852 3900 26863 32500 12283 29315 30968 12513 31541 2000 19463 30070 22831 3269 14211 6230 13310 15772 11345 24722 3153 27497 26149 23377 22752 6127 8680 23265 20127 6055 29350 575 6128 3781 17868 27720 24278 21211 21208 17580 1595 30046 9814 13210 21148 4796 13768 5500 23726 17919 15261 11004 22379 15923 12063 9241 31018 532 15365 29725 19406 6390 3812 14919 21246 11087 23027 6928 21354 7315 3058 6340 28674 24596 8116 27091 22907 30585 16208 28018 25229 18510 23926 4867 21235 28671 7268 21927 9644 15461 18419 1059 11792 14952 11800 9918 10239 25149 7797 30750 11378 12994 32617 17432 6869 26101 23088 18071 1730 4905 16800 278 2720 28397 10880 21739 5538 18973 14220 6805 7627 29386 32676 31603 3630 3808 6559 2371 30930 31652 14095 17266 15526 15470 29150 28370 1125 30302 30817 11811 9450 7189 25254 26249 27758 9049 53 23188 30668 24685 6586 5709 11016 6306 11854 20568 15785 17587 5496 9068 12492 24395 12502 22794 9031 24507 17319 25700 10096 24773 15861 75 21926 31767 27244 27022 29132 162 21229 15202 10102 8959 11370 23929 11149 6377 13313 21502 8610 7841 12818 29415 25042 21329 15857 13338 7215 24484 
3495 14586 7730 22120 11291 5646 10547 23565 950 8029 2715 25556 6926 17834 19018 1534 9013 28095 13400 26710 25656 27530 12533 15248 18103 9137 4505 27319 16351 31984 10985 5086 21734 17387 28094 10369 13741 12843 9243 32360 32017 10382 16853 4580 5560 25803 11126 28407 3845 8725 8220 20715 31074 22740 17423 12996 30131 30071 21794 5065 25921 9617 6508 4691 14885 15821 32508 7989 6015 28451 2910 18660 21686 29142 16354 17903 20628 16319 24404 28769 28502 5555 27303 28311 8555 5761 24218 4746 18706 25069 27664 13715 14561 29640 17307 933 24421 30329 21783 18583 25939 29659 26615 7765 27231 12396 12290 14398 29808 25586 23623 13377 30081 9836 23569 25469 22034 30097 3296 16515 2321 4098 1130 18277 11591 10940 18963 21652 19399 3292 17463 11133 17824 816 9325 5780 2435 23868 30273 7388 540 26038 30518 22491 9828 21717 24264 4530 30480 8172 27699 6576 16438 30800 28553 30182 22675 303 5515 4626 6435 12927 30703 593 31171 13188 11305 30877 742 105 3363 27112 23230 29647 25298 7751 20851 16778 28306 17456 1598 9451 21917 28367 14756 9312 30503 11194 19297 9577 4803 32664 32364 32709 27926 25187 782 10055 21319 16498 26289 7155 30431 32396 21680 13177 28267 9486 28644 9329 19873 7343 21511 28953 32698 29934 4835 12627 750 11670 7005 14412 7399 14624 5033 7552 1213 777 362 31646 25969 28976 27875 24865 17622 495 10413 11674 28040 20163 14745 20208 19510 6721 22295 16811 8149 15065 21187 7078 10779 27424 30718 11791 29964 23419 6497 5346 22029 8507 25904 12375 27116 3818 1713 341 3035 12531 23133 9804 28508 12417 6073 19594 4540 25766 27836 4179 25333 11956 27713 32047 19317 994 14157 12239 2157 19448 3249 1422 5578 22597 20873 11272 30505 17209 29858 7266 30384 15412 
24720 25299 18750 26856 31066 25020 16095 22169 25362 17710 30775 11850 16596 28181 24279 114 23819 697 3407 16286 4800 22922 17783 26968 19668 18202 6382 22802 17404 15810 16079 14037 26384 18377 2943 20596 20102 19666 22562 16829 24251 31364 2418 12952 12173 16820 10134 30764 13084 4330 16864 22561 8952 28119 5056 9628 31100 28477 6513 18430 22521 5045 28616 1595 3284 10960 25402 11401 28230 17643 14986 19767 13846 21474 22808 15852 31906 1728 7185 14369 3363 10123 24331 9428 24887 11431 4808 5646 24291 5049 18743 12152 21106 23247 18283 780 28657 18839 14003 19874 29180 29805 15678 13628 13096 19535 25078 4451 23021 5802 30560 25694 30943 28326 28815 23015 26251 10594 16100 28169 19818 18991 1082 17450 25083 17677 1873 8933 8469 18357 19613 30506 4433 6065 13520 9134 6021 10323 21935 23408 30297 30819 1381 26837 22905 6188 18767 6730 1800 13772 9387 1608 25781 16227 7432 31910 21166 1514 12396 29733 17599 27075 6175 26668 14332 6516 9064 10006 17962 19956 14569 21757 21400 22525 15473 16333 21773 6912 30008 1839 12334 5359 8463 5325 32565 7302 994 32667 29340 19454 1665 19697 2414 2985 4328 7259 13032 24109 30642 32530 28001 17273 3618 8423 32315 2298 23538 32019 16364 23298 16820 21421 8632 14373 1896 484 205 24495 20094 32575 24406 29511 20900 32443 27150 20568 4469 25209 30383 1434 17845 27107 32057 6406 12633 10719 26001 18241 19002 25500 10614 17086 31245 13922 2127 20488 4440 29662 14244 2401 4558 27729 27295 26171 4465 12450 4942 4460 20340 20009 28487 20555 2471 13634 18505 9269 30320 28849 29939 23995 14280 22227 13356 8536 5707 22011 19429 21986 20474 6015 20593 21178 5583 3143 16454 6796 29744 27674 9681 27127 14383 5905 5543 23526 19875 24873 26737 29290 17779 14452 
17711 5566 26433 4507 25065 23379 26452 9500 10884 31661 5497 18261 12335 9658 1345 3411 27858 1391 581 22606 15003 4329 18541 16157 29115 20063 32418 1089 5893 14005 14142 10696 19016 18097 21337 6901 15134 4988 19071 25892 17218 22413 6386 28723 18473 6398 10266 11634 10462 20392 8563 16898 1083 25454 10150 4396 27076 24273 32754 8553 260 21888 9957 5506 23126 8532 23834 23395 4204 16886 23140 25199 2449 27158 21729 10980 14003 12576 23279 28454 15680 29280 22514 26909 31838 7893 16067 16175 16511 3447 441 26167 1569 22973 4057 7229 26388 6250 9954 17442 23301 3244 12453 14872 3477 28340 16168 15693 26888 8157 32375 15244 18346 25599 3351 20815 2487 29029 32061 27071 18904 30410 26562 22991 20926 13491 30413 25301 12097 7878 31428 12967 1070 24652 10350 18852 15151 22100 13443 9534 18148 24557 11712 20994 30542 24275 19350 12867 22797 1354 25090 1345 8913 22587 7005 1844 1439 1487 26526 28217 503 27946 6585 7705 13868 15669 29561 13259 5632 21732 27737 15937 2287 17815 21018 2535 31131 21105 32513 21027 10882 1461 3244 18051 30392 29483 374 29853 12971 17194 3695 18954 14886 3775 27041 7424 7945 9877 19066 10669 1776 20605 23210 12288 28543 26986 21180 10121 18280 10212 11621 9259 9346 25137 20312 26091 29553 12736 11292 20754 32258 3534 25289 2468 27244 23466 32570 66 9412 28829 10437 29925 8234 21910 1543 16259 29903 18661 4094 7662 24280 17594 29024 31489 23964 30637 17326 28925 7055 5952 9803 17145 11643 1047 17524 3757 29717 21712 30494 24020 23437 11723 14941 5180 23014 24781 4205 32224 148 17583 25805 1086 8800 5482 8793 427 23892 25532 4196 13192 8640 6146 6672 18532 28073 30013 8423 18911 11801 4251 4207 19592 24180 15390 6665 25643 19354 592 13730 25971 
22221 18074 8815 15439 15603 1474 14473 266 499 29887 27869 20095 19820 6340 3310 20487 2911 17157 28310 14760 31490 22324 26432 11210 24268 26755 16688 9052 13052 26316 17323 23472 25263 21327 4745 29249 8929 15181 28442 25932 19904 28258 8295 5146 25404 24119 11077 19702 27483 26592 21239 10611 29750 14162 5569 9171 12400 19879 16765 22240 17790 31319 20038 21579 12175 27517 28829 9983 13779 4152 11932 24275 7466 13831 17911 32265 21966 16409 16373 3376 25765 5259 16645 7098 12619 29500 27817 10825 11559 3168 25351 2889 23623 16119 11473 9412 17412 3704 21930 2885 6925 22393 16305 25897 14332 28067 12239 12378 990 8023 17762 32012 16885 9523 4971 17657 6574 2770 29036 14214 2165 1703 4703 3301 4892 9551 20171 24639 8273 20565 25771 32325 3456 27162 13087 21589 8436 22752 10832 3997 25823 151 22476 14700 16082 19725 1544 31456 14983 22840 25976 13730 13767 32027 3634 29548 17616 19691 10626 8862 31511 17328 1452 16974 23769 31753 11656 1777 6607 9585 32588 1468 13522 27827 8966 5159 23628 13493 8714 13127 28143 19389 29542 5973 21371 14301 24715 4308 23917 23145 18407 13384 3570 25091 19615 16817 3939 16328 32074 8961 17618 29778 8523 752 8071 23559 26090 25140 13300 28396 847 25323 5909 23561 6730 2310 14836 786 16691 15277 16468 26941 10150 6155 900 26722 4672 12965 15787 14101 20384 3732 8573 12530 11813 1854 5555 31716 20203 30495 24716 4732 15574 17912 19447 2685 4438 23206 16594 9319 29400 17353 20489 11733 20766 29570 4728 17481 31438 224 26164 1667 15862 8364 25446 13250 7052 31858 25887 8790 21026 28782 7220 2595 14164 19992 11509 25862 4127 15438 20755 17069 29898 19000 27240 16536 22638 9047 7765 25594 7802 27823 22444 2887 26284 25884 5866 14430 142 16550 
19978 24428 337 11648 32377 12682 20053 7753 30722 28393 9967 14559 17159 1154 23319 12491 27746 15615 12657 15846 13743 8080 6544 8140 24477 12560 28564 14032 8694 1992 21083 25142 15364 6961 24873 19341 27568 32266 27825 11412 23301 2975 23441 10090 23228 26037 225 19010 25188 20150 28613 4479 4824 6226 17172 25799 4882 858 19153 241 23561 21797 32190 10096 13702 16234 30013 5333 15478 26567 6511 23719 22526 131 5981 29364 23490 13213 2974 15516 31602 16268 23919 20966 3291 28977 21346 23021 19528 6719 5879 23141 405 18790 21732 4187 25155 30471 1441 13828 9282 32325 19001 26770 14048 24585 17694 14611 2302 8539 17461 17795 31674 1896 19833 27760 29742 31225 13074 5731 3200 7649 7743 41 19763 28127 13090 29206 12055 5000 15394 29810 2435 31230 11775 4637 14986 12224 17689 29864 8928 19179 26101 32125 32154 9952 14272 32400 18214 24361 8128 12864 20083 30719 31568 2596 22801 23394 120 4952 30337 32690 28719 32274 17100 21839 16421 2816 15601 4942 17535 31475 10404 26526 4356 17303 32380 17579 14863 22007 18984 20928 27050 1946 14931 32467 9061 20910 16092 27509 22454 20323 10943 5453 31086 5987 23414 8389 18995 17246 6744 29908 4444 31387 15145 2831 20309 10648 29838 1144 26228 598 30859 7386 24583 10992 13650 9787 9912 15657 32009 27431 27313 15218 9505 27904 5486 32337 4331 12874 1086 28587 15670 20038 27548 14691 1016 22808 27880 3404 3365 3385 30568 14167 30857 16958 16043 27720 14753 27624 10972 28576 1084 27574 12665 17971 3427 29941 22170 20539 3345 21895 22660 14423 21543 29873 9168 31747 27885 27458 9628 24503 29127 12110 26638 24757 28765 21818 32609 26128 11258 9201 2259 28699 1601 22601 30455 10904 11228 2343 6439 3956 26113 2462 877 7077 21353 6227 8230 6730 
6424 19059 9365 20166 22262 1597 18012 4521 26996 29210 16114 132 15141 9611 8016 13997 21591 26040 850 798 3408 9636 3271 15630 17605 20048 1748 22751 24311 18381 10805 6290 29010 17269 20726 7653 6987 31846 16540 32281 23807 29436 2592 8121 6228 31044 7808 24797 13026 259 23249 4004 7734 1709 14138 2954 7998 9173 2481 10914 19501 31979 24225 5827 27924 1294 1136 10802 7639 5834 10799 2990 26483 31003 28847 31418 26275 22101 19020 6691 28144 12675 11570 26947 25969 17263 8526 30852 17936 19886 13054 18708 29418 2329 347 8413 19547 31023 27714 25273 1972 31731 30567 14501 18014 23253 7070 5916 11542 5211 13054 16401 30637 8743 29729 3358 14387 3645 30898 10720 26325 10342 25249 30075 29051 2627 25065 30747 25171 22975 7233 20539 17878 26668 9431 21876 26946 28861 1821 1693 431 28576 31793 7150 16356 6355 17381 8198 25487 26945 5159 19671 32443 23035 27347 31071 10277 28004 8418 22665 5466 19892 30318 13108 29434 27025 17676 5092 23376 25688 5110 10763 13882 31973 23196 19564 18629 8718 4698 14331 29828 2859 360 17070 27154 32495 24183 4689 19511 6470 20455 31331 27809 21009 457 22730 820 25310 18982 15753 16652 24615 24540 31913 22585 6064 4228 29839 9409 27220 23073 2147 564 2609 30873 23635 25068 11978 7734 23514 25448 27456 12796 8068 13910 21061 22372 18272 4165 12781 19694 32161 1736 12412 17396 29929 595 30354 12745 29002 7442 32745 21280 2802 32325 28531 5534 14510 13237 26047 12985 24997 24673 7417 23551 25067 24214 4591 27645 3505 16624 2445 28191 30176 16323 3954 2797 12389 23619 9834 5052 1893 2807 28439 8769 29241 11496 15013 12132 1146 30856 24852 12019 11303 30487 28576 32152 6181 19631 12224 26811 5795 7003 3598 322 19804 12493 11515 29310 19462 
4151 23716 9855 29427 20452 3359 8834 7827 27027 27225 10121 22269 7564 29762 19450 31790 20087 1121 25585 24558 11011 18211 30223 32665 22022 15005 1811 5177 0 20273 14334 21933 26611 12386 7174 12810 24580 8611 25373 26666 26418 14299 15397 13060 14022 885 30735 22333 26427 16508 28902 10420 4333 14013 31361 9886 14244 32344 24043 23968 18894 25576 23181 23683 29669 25512 30085 1639 3557 4795 5286 775 796 4590 12821 20236 3320 17799 32277 24909 14256 7816 5113 10502 1750 8875 23684 13479 29579 11363 27585 683 4506 6009 25668 32347 26151 17773 4288 3788 2156 28730 3736 16330 8725 2796 6206 20888 12290 32672 2175 16329 18491 11594 3418 32574 13290 1974 4947 17245 26557 23613 1480 3581 763 23234 3627 16443 25536 6886 12502 29985 12049 20375 18157 25216 10299 2229 26288 13308 14977 27417 17909 10004 7474 207 24078 1224 3369 1994 5961 1942 32206 21502 11514 11425 28790 23186 31744 1513 19229 20760 12571 12858 9100 31574 42 25256 19861 13759 27157 21276 20366 19737 27041 25376 16033 22168 12252 27806 31687 15845 4458 17525 23316 24073 7097 7744 8531 19090 16183 8039 20826 2991 23200 27155 2460 21695 21146 9321 8408 15913 29225 14235 15302 8007 13833 8523 11421 5046 9759 29897 27918 15147 31865 5254 26579 10893 6672 22659 21659 22320 26116 13952 13463 27284 18349 6292 30792 18919 8355 3286 3276 24744 23826 16269 351 10789 29570 21977 27919 4729 9212 22171 23111 1321 5851 8721 17243 18909 8404 30227 10827 13645 28013 22485 9668 146 6012 20522 7139 31146 32209 14663 9929 4298 31228 8691 18494 22517 12059 21008 17400 22290 2208 3956 22431 29889 8428 12237 564 5558 29254 14209 16201 8777 16260 24484 30740 15698 16638 29005 4411 7836 18731 5807 21816 9262 23649 424 
8646 22312 23133 30591 4513 17247 8477 3074 7378 23856 3232 24395 32107 17947 25473 9883 23101 13032 21964 28156 2539 20362 26280 1037 8484 29613 25484 20158 1473 28765 7260 190 30844 13925 29907 3975 28554 22251 8547 23325 5812 5194 30372 404 22467 536 30176 12308 15668 9524 4958 11877 936 21837 7952 15783 2531 19419 5308 3331 32230 1243 14274 18226 19360 4027 11808 23234 8257 17183 15198 24733 30457 29260 23749 27785 5816 27453 15220 21557 32545 22908 5742 4939 320 23836 14994 27562 24711 18660 1279 16844 30979 6669 18196 12436 19555 28567 22689 21064 20153 15688 24377 30918 24853 24622 12566 10318 28224 18066 1831 10861 22011 3383 22128 5352 4019 14401 17339 25178 23207 2120 14463 720 20217 17782 9720 32303 30051 19039 3452 30682 25324 13369 22942 19798 2808 4924 12324 20343 16104 1526 31982 7361 10295 14720 18424 959 14733 26402 19579 8128 14241 9870 20550 14754 1793 12314 1933 5176 16729 7088 9962 28746 10018 27488 28460 23632 29445 30690 23524 16738 17080 5394 26773 24996 9310 12644 27110 18597 12582 31201 15507 21304 11142 18868 2887 27873 13596 25788 26940 9023 2904 14199 884 3222 9873 32573 8051 32064 14878 25931 30696 8901 1984 15051 31833 5615 16878 24298 5504 24611 22348 30515 21871 27148 9014 6623 22059 26667 8091 31877 13877 6645 23264 25741 5871 32068 20929 2175 9218 8486 11741 9903 12455 11790 6612 10524 4874 17894 15866 7404 13641 8271 7131 692 14657 10903 4279 4978 5747 25906 15367 6353 28647 10504 25515 17365 6086 27811 10448 23482 10611 12619 27890 26372 30005 3002 6985 9138 31971 11076 26947 15286 26871 7476 28385 15674 4242 13834 22863 25016 11813 8446 4233 12182 31521 82 18070 6194 12212 30359 28182 31851 21746 30872 31656 10727 7395 422 
15868 4986 19945 10043 26773 12652 5030 953 8668 28865 31252 24414 685 24913 24463 18488 26932 32037 27486 19297 18267 22714 16339 24460 30129 21608 13195 20210 16790 21527 23391 5225 30244 7300 329 10968 21143 26321 9791 8751 28006 11582 14521 2026 18051 15261 25446 9633 23420 10524 6111 23975 1616 5224 29469 6565 27967 28576 2912 9986 28728 10332 30061 20883 31684 21031 8469 7013 14317 15798 16518 25536 13020 20657 15395 15497 27106 31735 30794 13646 21418 18346 14240 25070 17619 5761 4066 28042 577 21322 21060 33 3354 5423 24222 3850 6391 24684 25146 15652 24842 12250 18042 14353 31781 1717 18246 19833 17990 25285 5621 22276 1588 25169 20309 12539 16681 26255 25549 7742 28689 14172 23731 31958 9200 12739 3547 11506 6214 30065 32678 3697 11508 1887 21647 30661 18057 7364 8250 16739 4528 20087 26932 30412 6140 22599 681 2859 9976 25990 2313 14063 7306 19924 3959 8461 4550 25766 20658 654 3641 27206 19514 24250 24970 2687 4475 31702 27617 6022 26690 16005 3526 3407 25955 10859 16969 25853 8425 32078 11512 3977 32118 30827 12682 6639 2502 28887 18054 26019 32070 20219 4048 5611 16126 13503 16295 10435 1876 25293 11384 13627 21325 16287 3444 31791 23970 23729 18084 14407 68 32172 816 26413 4216 14380 5789 8094 25511 7319 20559 17442 19145 604 1092 30246 21340 32176 18967 13827 24264 19308 6563 14275 12447 8550 20232 2328 11723 10320 17725 2019 31556 16635 12719 14850 6949 21985 30595 23896 29492 23688 20283 11533 30490 10922 11720 10121 7703 10503 22035 21692 17698 4430 28562 22402 24002 27647 29014 19235 27301 25473 27988 29774 31028 8148 20577 11149 20033 12532 29116 30023 27582 19638 96 21900 31863 7401 25787 14247 25259 24928 27595 4606 28383 6660 6301 32162 12821 1905 
12002 18400 17253 2057 6777 30132 2077 32033 11430 31874 6737 11193 11873 14251 3472 15132 24465 32598 23187 26103 23463 31307 5636 5486 14317 6644 2417 19807 10665 9367 12807 30268 26323 27847 4080 30175 18480 25414 30257 19812 25922 10146 19546 19643 7795 10090 13531 31770 19535 9657 24434 4789 21634 27073 2766 8409 16405 6930 10889 13257 7095 32126 9940 28574 28119 3174 3547 13370 12895 2996 32143 13505 15596 25890 22288 6768 21934 9397 9264 26923 20490 19009 2354 27291 9190 31087 13353 5558 16753 24484 6483 9879 19970 24950 23007 7537 3170 24947 23606 14097 7872 2944 30519 20871 23035 30468 29694 13765 28886 32077 5930 27670 32309 13978 11228 18026 2786 25962 19940 31029 771 25426 19433 26814 16666 24575 12771 6248 7896 14859 23047 6446 30861 31172 14693 24682 25950 13776 3306 8021 682 14584 15998 30361 32744 1450 19784 9516 22586 14616 8438 27203 21124 4821 15142 28460 20584 24486 25207 9211 17412 25326 20797 7336 1733 1039 65 10169 14241 5137 754 3410 26216 11244 11587 17893 23013 4097 2617 31519 27568 23072 9334 20075 25371 14079 4124 15147 3600 6658 10865 3293 10604 27271 25207 5471 10982 7736 3253 20265 15483 27001 17056 29992 9796 27661 20644 4103 28933 26526 28022 21571 8942 18107 30011 24320 4835 2757 11445 14645 5446 23681 20723 27921 6667 9554 3201 2679 30324 24013 7614 6018 28427 12593 26642 3136 26458 6643 23441 17567 20411 28564 26385 18124 29966 24781 16235 28501 29898 21592 6380 14552 14199 5870 19301 2359 24528 21431 22757 5680 21513 28841 3025 16797 11258 14490 12583 30137 10600 25252 9165 23875 20296 3942 5795 15823 24482 32161 2241 659 21907 11863 14753 24197 19649 25029 15957 30331 29116 11307 23034 29189 12762 14428 32213 8994 10032 25694 26302 19433 
23793 2137 21452 5503 27734 26478 19091 31691 10895 19682 9358 25001 16198 14833 26235 14895 14199 11072 14738 29760 31653 31894 9380 4286 15735 2794 11272 16005 22334 24311 22949 26837 1036 11799 7756 25340 11563 16815 27692 13488 22372 32444 2629 20069 25883 22179 13105 28811 26939 24607 10863 16743 17037 10640 29775 8616 31734 3454 30939 7623 14247 25552 2050 4405 30138 20085 24779 2348 27271 10903 5209 6304 8083 17336 612 2256 23175 19797 28946 32180 12299 20910 27162 32037 31706 31099 21983 14653 9189 23374 28716 24560 3823 8439 17143 25893 1212 26285 14942 13124 19754 22135 8917 22582 24882 22822 24590 4441 17622 6452 6090 28277 26211 20974 27803 10696 24936 21848 18018 22945 9322 8199 29633 31493 29043 12668 6519 15311 32050 26671 9655 26828 13752 26916 31487 2132 18323 15122 26681 10741 20224 4458 26035 20063 19412 2378 23431 11748 28344 22886 13312 27724 29391 2122 21121 11467 3121 25509 7135 13161 31039 11799 18454 1309 26014 2075 21148 7153 15557 15903 11991 27160 13841 12976 29947 10269 16646 24818 16755 18621 24832 15659 15798 577 1871 7182 23465 22114 14964 16646 27462 19579 8040 13889 12605 20303 3539 99 11565 20809 20893 1115 32583 28523 25049 20628 16057 30330 460 23289 19604 30811 5368 30399 5955 8904 15535 31318 26697 23990 23062 7758 14405 24693 10179 22397 11739 6885 11563 23440 20058 17147 14619 23066 1215 1419 19928 25482 5113 16396 22115 18704 27364 30695 1954 7448 1615 30855 8768 18387 25114 32638 9867 18630 969 8600 2759 12462 12119 6602 2880 27711 14476 6789 19 32511 20930 8024 16833 6038 4949 4783 2284 5903 27142 24401 29430 16699 12566 18082 10156 11188 24621 26703 17209 12017 14547 24722 28701 15892 24201 29631 8876 3063 28232 8919 9160 26217 7845 10466 
26643 8912 9008 29087 7228 14515 939 4146 18763 22945 17141 23687 20582 12267 11845 5065 12747 15225 150 9943 2931 14977 25041 9864 20643 12887 30767 18660 11153 14739 1685 696 22154 27346 9871 10631 21058 7592 46 27190 12952 2958 9459 26973 19834 9049 8198 8830 31638 6084 5542 12606 14589 8795 5957 19049 17109 19715 32732 10802 25097 21433 8567 3553 32650 25890 18585 4149 29345 17571 370 9567 4750 1308 27137 31459 3629 30698 17581 21129 11051 12676 18762 3131 10444 4294 16169 22117 17297 17833 23215 9473 26075 20003 32168 20177 31048 12113 25970 12311 12468 15091 4540 13155 14368 738 25518 31668 476 16785 4687 20722 16206 564 19672 23349 22542 8039 7605 20331 18798 16619 25451 4648 1650 31637 30030 30632 7744 19948 15512 26616 29346 19195 31388 15552 589 15834 23550 23748 7625 20163 14541 2284 16550 7765 21672 26681 16297 26113 3335 6221 16771 28494 13148 30604 13763 21438 13450 25783 18446 22530 23895 24901 19912 9379 21907 666 31415 27064 22715 25834 2291 18227 5746 11413 11848 21429 24988 30010 7636 10234 8169 31574 1907 173 29991 19069 5431 11778 22879 2737 1661 9594 19641 9121 26030 32007 24493 4435 10786 24704 16372 9610 19194 11190 3772 12282 2646 11065 28717 28826 2426 12448 16322 13135 20543 27189 24124 17155 32567 23473 12612 22735 1177 20292 5602 1453 10230 7105 16878 1697 7253 29907 2721 13420 3746 16846 14826 6513 26689 27602 17607 14444 22467 18341 12225 7760 25729 10502 27983 5125 24544 24113 27866 14851 8059 10589 15941 2483 26919 24748 13107 26563 15693 21871 28538 18619 10389 11042 31278 20229 15659 25962 21643 6064 27799 25553 24765 3486 32219 18137 18657 3306 9984 16997 595 14535 13384 6787 31930 4845 25546 400 15100 26980 8275 2435 13041 26728 
10537 1760 31261 6937 4553 26142 761 32117 23449 2934 32693 181 24283 4205 5696 19748 6491 15747 5049 21880 27374 17195 12323 28057 25379 31853 9745 25248 13347 28678 3929 19523 2449 21193 23144 26354 18876 1288 13782 4615 8309 24276 25742 31281 12096 5195 1704 8806 23226 32739 26664 3602 5057 16199 20897 27550 19906 26663 7252 23248 27845 31747 3519 14880 30756 3650 26434 12866 13832 28132 16929 14451 29800 24199 10641 267 15160 19712 5293 12110 3787 10010 3894 5097 25779 3025 18306 32733 18334 11256 20906 1575 7284 18349 15249 9218 12543 30685 4869 27160 14946 2887 31614 6818 31332 31981 24485 20279 28488 25823 32172 16710 24896 27548 4687 2848 29740 25600 27919 13835 27538 16057 15011 12329 7290 14957 10310 18591 17911 24772 16314 18329 30200 24275 98 20911 22316 3930 28005 23135 24838 19827 1334 3942 16097 12809 3545 4987 16385 11210 1517 13345 6985 17514 21354 23254 8372 14683 4300 5877 30074 28938 29989 27382 23427 26936 28009 13425 26402 30580 12324 26937 23705 3368 1590 11824 19204 21906 24917 3686 15451 38 11892 24267 30631 7040 27962 26584 14570 30725 11877 25881 18357 21184 17990 6035 17201 1278 26811 22467 7451 22448 31375 10320 21985 22827 25672 19072 31151 20014 5505 32469 6519 21033 24194 5268 24556 1551 745 32692 27206 29749 18531 32044 29694 22658 4479 26331 12186 13172 10617 2433 6639 20192 12220 12939 21611 30513 26195 5771 18055 30324 31761 26835 19757 21466 24954 21733 15757 24807 27127 20316 11250 23927 12072 9349 20443 16520 20994 15068 31001 18517 29338 14065 7019 19825 31598 19106 15363 27865 11521 6150 7917 15568 17415 9658 1568 14909 11981 29947 6961 309 27894 3230 15091 11815 5592 24038 17078 11979 23659 29606 18931 8714 13490 28283 17644 3767 10329 15722 
7322 20734 31260 20929 17494 25155 5577 22278 283 32695 22112 20604 28854 18373 8222 29508 15254 15807 22633 7853 17275 24260 1189 7414 24425 10702 25677 20689 24252 21752 16469 27390 21198 12395 15387 26638 2761 28748 23139 7330 32716 29262 27391 11066 12729 374 11560 8801 21893 10418 31002 7424 19377 19036 2729 21869 23152 24168 27000 20180 32082 27118 20371 27203 7043 22565 28980 2139 26007 30921 19138 11758 19648 26926 32191 23440 14070 13276 28193 8584 30402 27157 8449 10804 9259 18263 6862 21112 17194 18017 21920 14045 11059 23269 11238 32612 5784 21057 27709 12865 6534 32054 26896 5816 25963 13724 31819 29296 19143 21426 1617 12858 13888 1195 32620 27654 24032 4176 13830 9869 16317 16878 7100 23997 31206 10969 20481 11476 4451 28201 30003 29582 14568 22546 22004 11070 7741 18909 2047 23613 11584 18194 15446 291 9136 23369 12494 18874 18110 22870 17553 14988 13012 15140 25097 32641 20567 31284 5789 29721 11657 1067 14536 5813 10768 10892 2085 7896 16878 16745 15731 28969 26655 15851 403 9648 10807 30787 28281 26214 2476 28476 26885 4238 14513 7399 3905 27798 21166 2844 10676 25610 4124 11138 11186 12919 7599 26790 11502 23947 21637 9744 4473 12709 22594 28606 15022 17817 15078 1096 29606 6959 31396 12495 28300 5085 6501 2098 2284 3719 6339 30293 28876 3155 28071 29210 11691 5300 11802 37 19428 1284 30335 13275 3447 1893 18501 27010 11399 32705 23212 24666 4366 16961 17516 4849 27408 14594 30015 23222 28326 30185 13903 19650 4149 8448 17182 32001 5811 4060 21118 23044 32131 7266 18769 19311 28594 25792 29746 29835 13897 12494 843 15001 14490 21610 26949 4255 10765 20853 3277 10222 19394 16896 2306 30680 27509 5808 7527 11845 27906 24068 16004 15744 29548 20356 8930 17240 7135 847 
10646 222 14788 26943 17256 30195 8704 22452 14383 20366 19988 19464 15617 18246 27660 6745 5762 1167 98 2400 28409 7494 4710 19571 24612 17534 27451 22605 31381 11336 26914 23046 24537 11951 9337 1274 21791 27427 12057 858 18210 27937 8284 10755 2768 6335 27190 28602 5820 24265 19419 31504 26231 10202 23750 25216 3228 11680 23265 30911 233 14522 15439 12235 13750 6943 16868 3112 6471 7020 26840 22452 17340 1804 28954 17882 27567 17766 27278 25074 14784 28760 4053 3109 3665 6705 20056 28359 31538 7511 2149 27849 4342 23137 17130 1490 10002 23823 20441 11914 6668 6310 7268 21416 29201 25864 17694 3578 31702 8521 14788 23955 3686 3677 29654 4838 29372 7227 6790 22083 16653 9080 13983 27135 15584 27210 22957 28180 28564 5252 5921 32474 728 31543 19695 20754 26080 11625 22682 16964 23149 11720 176 14441 9148 4513 14469 12069 18212 11086 18570 10044 12559 28241 10207 10158 31200 21043 11153 25331 19028 1158 31864 3589 4689 2585 14522 23416 17404 14539 17130 14829 12337 1118 30494 4719 8909 6821 17193 5561 19709 32633 2921 11651 901 25493 679 17531 28395 9204 29016 30363 29558 26545 15664 23789 21682 21865 20968 22547 10926 17313 8264 7634 16290 3365 8658 24202 1524 30278 27845 18122 29697 11957 24141 22009 9810 13636 9876 32273 266 2441 29185 24565 496 11284 2531 16527 21641 27394 26971 31715 7812 8936 27926 8064 4172 14951 432 8659 5430 16869 25726 13266 9714 27727 20619 31634 7793 9671 14096 29774 20837 19402 19943 15787 12114 382 21855 14984 14027 190 10742 876 19752 18916 4720 21601 16768 24143 13205 11240 9304 26366 20250 30139 729 31553 30506 13752 26969 24799 23578 28276 29107 30583 21334 11738 9496 27043 23795 6381 20477 5286 24927 27914 2256 30316 21820 29137 
3387 28748 6847 4827 17882 5519 21064 8451 10301 28468 7403 12514 11518 32621 32747 25347 8479 4997 2303 19292 10924 11827 28365 28780 22037 31610 21751 17565 1633 8885 29560 22322 18223 29107 10342 916 14067 2461 26752 22430 1862 11830 15957 31013 5489 13891 6578 22374 22369 29144 9743 1378 21102 13521 19158 17786 20686 28443 20004 23882 16654 27275 5993 9620 16729 22898 8982 28761 28183 17068 17023 23828 11946 15126 23873 5252 32313 19972 8156 26028 416 11187 2388 25978 13913 31350 12068 26126 17391 10063 8293 22165 23305 17273 20031 17312 4994 15524 7759 26262 13680 14332 1581 883 4701 12947 2930 17938 26852 1456 28843 19065 28278 4156 21881 4205 27675 28988 3675 28735 31001 14216 23000 10919 10362 14601 4287 6930 9765 13223 31819 24158 32326 11752 16171 15149 446 22773 15993 25773 26617 26711 11161 3040 3161 11807 23007 14928 23795 239 5363 31934 9615 16808 24080 15280 22054 19677 30524 21262 19650 29164 4754 21006 4728 3282 8369 24773 22337 8000 18953 14829 30236 13882 21828 2824 31702 32085 23376 9863 19624 25801 17521 20934 4481 14299 24763 2886 29891 28117 29641 20516 31760 16833 22599 31759 10308 31225 17152 5529 4786 23726 32162 25519 14879 23212 23288 18682 10973 15749 31261 15688 15529 8853 32100 12370 31213 7095 30619 7306 14200 20124 11243 208 25624 18918 27877 180 19050 11999 28172 25596 30089 12453 11681 11800 3320 2369 4565 23575 20737 31711 6157 27874 28107 3767 10361 12629 12033 8465 11663 15138 28442 7491 28922 12518 25377 21076 13652 30220 18803 4223 8118 13129 30297 17167 2700 15518 20763 30670 31616 15876 31767 16502 12080 17323 20933 21523 17227 12288 11848 24268 16125 15817 29680 6955 3710 26870 1852 32251 25810 11373 27410 26155 30411 23225 12179 12068 10047 23023 
28981 2505 19070 24956 436 13046 11687 32208 24057 1075 19683 13280 24631 8266 5667 17254 11228 32262 9515 14428 10024 23157 16721 8334 14762 14944 8184 28877 32222 8257 19216 3421 2516 20359 22618 11341 24240 18614 19470 873 29925 9681 6542 7759 19107 16201 10623 3590 27185 13927 27296 12733 21572 26113 31862 5546 20240 29546 23113 7823 28465 7928 19599 32219 12751 30482 8847 7234 28163 5367 24413 17029 26874 12887 10545 15733 18774 812 24902 20137 29449 27687 11147 19733 6286 15589 11335 28995 9228 17439 19840 18100 28205 21604 11697 9893 1603 2577 30678 29010 2155 13759 24815 2260 1777 19849 10368 15659 28107 1023 30561 31170 12789 1352 6624 31453 22052 20710 23683 31698 18910 14760 5983 23755 22538 914 13002 6816 32267 1843 16389 7054 15665 25505 20331 26681 28464 22662 14919 25067 27108 25748 22343 14618 23747 19605 2094 3092 11874 16123 30711 28925 23804 11207 16000 21778 25227 2664 27635 1275 1625 25192 26728 21021 16047 8187 28338 13098 11917 9777 7418 8384 23616 25093 5792 18603 4660 17711 3709 14172 24304 25959 2692 5693 6170 1777 830 31542 25247 11379 2016 24527 4947 1618 30891 5930 3870 19420 32692 15889 17794 8994 24233 11258 5550 8016 26541 10029 117 1976 6650 18706 27178 29452 27100 32482 29160 21452 27502 16458 20853 4171 3149 10349 21853 22502 22020 2010 9749 13412 24619 9501 27574 13118 10289 16041 28897 10510 7448 13450 28030 9927 31953 25132 21582 32619 29050 7075 30671 21107 29010 8264 24937 22444 4002 14898 24843 8176 18106 14094 8592 7932 13277 20999 14536 17543 2154 8468 2244 15090 8995 32274 29367 20894 27669 1039 25100 31539 28707 27061 32746 28164 15847 14680 29065 14300 23702 7429 7656 15865 9201 28694 16239 20648 26639 25540 16526 3236 25362 7409 
17712 9637 29734 27580 21633 2549 13063 23823 19595 1006 7113 4842 31051 22952 29482 18240 25486 31279 14878 2022 24113 15060 6344 11978 15822 8581 8070 5831 19155 17432 4186 6438 16163 29794 6564 2775 6028 12890 0 15967 18890 10235 25407 2305 29937 1861 22810 21660 9433 16497 23736 12327 9608 543 9555 18658 13503 18831 19873 20923 8072 24227 14910 27093 18041 19363 20699 15892 29881 5133 7851 8656 26813 14961 11018 22619 15253 28971 8987 26095 22133 32149 31862 9121 12956 26880 17611 21284 3629 12721 25453 22410 29019 26986 11258 10024 8900 4369 30547 13172 2737 12725 24390 21557 27750 11556 24398 20440 20578 32031 26681 20974 11870 25217 23451 8966 16840 22681 3316 9946 26186 22558 17832 7480 15664 3529 5660 4984 24733 6286 28470 27245 25364 11142 25951 6289 10485 32723 2302 24158 909 8401 16581 6051 932 5162 25316 21649 15957 20891 3797 32560 9939 19904 26974 8952 30851 3351 23080 14418 32372 804 1084 27281 3332 7374 22278 14740 6892 28965 27291 20913 105 14123 7625 14804 4659 21332 3498 25783 16391 27994 21101 86 18473 10570 16985 6628 15607 21308 26967 23356 22820 1475 27028 30065 2084 19424 18561 20943 19718 7310 31980 20993 19819 11401 29313 19813 18190 23453 18856 101 29346 9558 8973 26531 28873 1782 5253 16930 20993 7795 29318 14870 6316 373 6929 6722 19452 16798 9162 31404 17935 31296 2427 20714 2596 4088 4349 20986 7633 32559 11110 6238 25122 1030 6534 27294 27738 3837 16531 19033 6288 15411 4300 3264 15317 15346 14898 20883 28989 29329 31602 8461 7256 19275 23020 11592 15544 30604 27033 8357 3829 18769 25939 18980 22973 6383 6438 17208 284 26805 14896 493 24145 20475 13166 10552 8286 21197 4631 23032 28070 21883 6737 31638 2989 31938 32016 29537 
23576 7904 7234 17990 31395 7326 27345 8876 11708 24254 13872 3924 9761 13457 11335 392 4029 24184 20186 16999 24466 4508 20375 26447 5550 23086 18020 16653 14254 6314 24517 7069 14018 26126 19757 26848 3635 21576 29476 17757 8274 11377 22185 29311 14747 8658 7373 15710 21364 4023 25329 17259 16599 6551 11082 9810 30030 23623 8113 17192 29462 17984 15035 23223 4777 29423 29460 1578 10156 29078 6398 7738 506 28692 9438 6202 29716 21806 11808 32695 20694 486 29210 465 2190 5804 22244 31070 8167 24058 9828 8052 19363 32745 10809 16097 2213 9551 14333 23195 25041 3582 16998 23903 13448 26450 23335 26735 10171 23252 19886 11847 3438 3472 23919 26967 24051 25033 10943 26650 13141 31644 27672 7537 15104 32621 28137 23421 17353 31688 12594 9027 3736 17281 8279 356 21033 10962 12981 10741 28698 2508 19608 4295 24191 174 16591 17190 1298 5328 23302 27461 18167 5100 10342 24332 14324 7156 19100 3955 30874 8832 12627 19795 3260 646 4795 12267 24522 22150 2559 14024 7942 15566 31732 2058 9535 14205 16588 23893 4620 18424 5751 13658 1950 28900 2479 32431 19284 22511 10720 30815 26790 11782 31887 4523 25587 18944 30571 16479 18175 16875 16330 11786 24514 22645 22516 27279 32739 11639 21404 23008 24837 1032 4886 14726 23882 10961 2434 32047 28854 10929 9476 3861 6879 15596 14105 3881 28651 28499 29774 13125 27942 10639 24184 17850 26348 3789 27341 31973 24649 21062 20953 22837 1236 13350 3860 29980 27883 2908 26703 24356 30517 31744 24170 20576 6063 30341 23216 28647 6254 23624 23189 20786 24386 1408 23530 28263 2357 14266 29806 20933 14922 6165 6803 13132 2630 16913 2700 21977 18593 6966 15110 15602 31803 19062 2065 4084 24302 7850 23848 19755 31179 24397 19526 3402 3342 22482 27936 29769 
899 18241 16734 24302 3173 21831 31241 28071 4895 11021 4409 16896 22560 26149 4889 4779 22698 11537 23433 14533 19311 26397 30405 4932 26829 25379 22454 18305 20822 7406 7995 16839 13675 17827 1692 31563 22514 14802 12591 17502 13361 31778 14690 17866 31952 10489 3302 27797 17512 21321 26560 0 19909 31798 20034 10727 22524 9873 15262 24076 26946 10069 5258 556 24741 23478 4067 26442 30091 4127 15010 19941 25815 20090 14916 1550 10193 15395 8336 29110 27500 2041 3475 20290 6242 16413 8411 29979 21580 17351 25812 31660 17648 22145 16543 416 26312 28592 18721 19038 6428 19404 2753 1062 28274 22212 28589 16661 32540 18434 20699 30683 22678 29730 28337 28959 31695 2078 5698 15290 16155 7915 10988 1867 3072 29893 19999 18397 4320 25868 16737 5028 31129 13324 16842 15546 20698 3098 19795 32677 14993 18113 24955 32570 27031 8177 5453 24767 30543 19281 2087 5438 20076 11031 30831 22729 1072 142 25298 5960 31412 16028 29427 9853 14058 22828 21816 25990 5775 24705 29608 25937 3566 141 31505 26226 2923 11151 32095 30785 27536 24621 16985 25903 31861 24480 5288 14353 23467 12121 23975 25706 28383 22065 636 25344 4222 2340 17574 13040 7411 6879 5813 532 31875 1390 16083 31068 1380 6878 2841 0 30734 20819 31165 20538 9304 6650 22186 6162 15412 19629 5037 23031 27317 21846 28692 5119 2548 17911 14498 2633 11384 6390 31932 27042 27009 25171 18336 244 10964 16854 3933 17282 8242 11460 19675 3093 32400 6805 22966 6642 4893 20604 28148 5077 17631 27673 9167 24649 14606 29776 25666 26787 9333 30783 30304 4609 12811 23183 26461 1954 3329 22575 21159 26876 13639 8538 8666 7965 21002 25558 13764 3886 5296 6260 18067 16734 21238 30701 13532 27418 25708 23313 14881 32086 552 20533 18422 8343 
24646 2640 3500 11026 8294 1619 7904 25143 7260 16834 19299 16063 12104 6414 27749 1234 2232 26488 22950 28639 9537 3895 22522 5538 23152 19527 21073 29548 23178 17664 5081 21387 17743 5282 21751 3573 8213 3935 24354 20635 26969 6031 11937 6888 22234 29746 29214 30462 6286 9722 23315 20108 26689 11925 4930 26321 14843 28894 4286 17119 10881 4973 12742 16195 26055 11047 12930 13915 15229 7848 25261 11017 7220 7991 13326 8102 8236 18082 4379 17497 7713 19434 2263 23778 4483 23006 27499 31501 2885 6134 5925 1221 7105 15928 26875 18266 16167 10344 9679 9877 270 10814 892 15908 12026 10555 338 14341 5115 2595 3849 15731 9393 24468 2033 32070 776 29199 18046 23114 7267 29427 21029 1404 10732 32323 17562 10074 32692 22121 12869 27489 19423 16988 19453 6728 24358 2005 25506 729 29676 16290 26896 2957 14780 27290 19788 8387 898 18128 18172 7043 20341 5559 9490 14448 20122 14318 12448 32068 13343 3629 31690 21029 26224 14139 17653 32530 28136 26492 12302 11059 11435 4789 9787 7916 30095 30467 10045 14425 28836 3329 16910 26558 21627 14146 12953 29524 23492 19777 7095 23288 10844 5218 25551 8689 28956 21299 713 16493 15865 9133 9441 2157 8525 30597 19862 17042 2720 19175 18120 15713 21292 2733 10030 5815 32593 32605 11684 16558 19988 19987 27573 31273 32343 2278 6742 7032 6414 13921 25954 14372 4300 706 20652 7114 1420 21133 4505 30363 25664 27332 11408 19684 24090 23541 2193 20850 2983 10027 196 2500 14420 25519 29444 15497 23449 12810 1611 11949 14771 3566 23898 17249 7521 6023 31258 31472 21495 14510 20861 26002 29828 14716 19367 25378 3732 12439 640 24096 24824 15302 11798 1965 15736 12097 4182 53 31154 13083 19839 22203 5729 2229 22279 29989 8345 29382 13350 7337 
13035 2258 2638 10501 25911 2059 3212 7927 10882 4354 13892 1151 25518 31960 24380 16503 21726 4520 21295 30273 5071 29840 16119 7273 22616 28716 29260 18759 31955 32287 18830 18824 20184 21086 23639 10495 22459 1285 14621 1879 21264 27582 6718 14300 31176 20239 13249 31557 25263 31136 7909 21670 24303 21811 17101 15041 18195 30289 16865 23464 32023 25024 7392 8076 14046 28133 1612 26344 22850 24060 13327 18787 14735 12868 28358 6771 20639 15365 10203 29287 14738 14787 25082 19549 18803 14802 24591 8471 19346 17210 21548 18252 17181 23491 11732 6907 13221 25489 8376 28551 985 29121 21259 16043 32683 17723 9615 11462 32667 8265 16858 31986 7965 21572 1103 5061 23068 8227 19592 14955 20734 18452 170 16530 28781 31102 22138 16154 3913 134 15598 9319 3902 21322 613 4485 5896 12690 17322 8482 11913 1652 24128 3399 5877 22084 4836 16113 9154 54 25697 21644 18044 19392 11114 26278 23080 32340 15856 31529 20067 10180 20248 5123 17015 24882 26708 30871 9478 31266 20381 12910 22066 16058 23098 23210 6778 22696 13055 4500 7622 13180 25866 7327 18585 21358 27492 23689 14851 15480 18802 5460 8791 17277 26671 14052 12082 7289 18810 20229 9517 17863 14268 779 16408 24790 3614 13153 16818 24841 20467 23712 25274 14815 20053 961 2456 14644 5875 16615 2876 22158 20083 28058 11375 4761 13453 19638 32529 6379 22810 15657 21027 31952 234 24411 27624 13018 8203 17523 21220 18 11917 32026 1681 3174 21579 9651 16047 1332 24374 24301 29620 6315 28149 27998 25582 31480 8348 10594 11157 23838 20472 21095 24122 2360 16154 18760 25662 15649 5835 19425 12471 5918 28387 25995 10979 23237 32166 1547 5656 17992 25499 15890 8509 18156 24923 17448 15147 30909 6925 4712 27213 24005 26977 12810 32318 29762 4815 10795 
15658 17513 29261 26932 744 17454 21558 950 25276 20140 7975 3171 22037 2329 3335 17358 12209 11756 96 7132 7819 2435 27610 26360 11308 3924 3150 32625 22816 3879 23311 4928 29427 2500 28056 19960 7918 10543 1844 10968 1045 8040 10768 19319 18354 30836 8784 10201 9615 6643 20702 18995 32533 6049 8304 25378 16236 6600 9556 17464 19608 14206 5237 1785 9685 32113 14880 16936 32486 13056 23197 13061 21843 31211 10366 9328 27985 6739 24816 22879 26749 19127 29211 18757 14673 28052 66 20060 11198 31740 11512 24060 26394 29459 13612 14183 10940 2627 29230 7766 26082 25526 16028 28677 7760 14776 27131 8586 2260 1545 19546 23822 26908 24736 21647 2445 30645 26903 28929 10978 8890 13299 28510 31136 17695 3416 15187 1078 17361 19256 3598 14931 11661 4025 13368 8417 9783 24596 3499 15052 8558 1728 7451 26713 12999 27258 15499 10503 966 10679 1604 5555 2776 30366 10139 15157 12745 13695 30366 29305 29527 16628 19237 6210 781 3171 5024 27193 21439 17720 12703 9925 6168 11956 6079 1922 4165 5950 283 30196 28635 23703 11278 13169 1015 24963 16308 3 10344 30838 20755 3381 19926 16700 15920 5743 2789 13149 25957 14220 13455 21284 27577 9112 7394 19713 6602 18740 23302 22310 25620 12338 20610 20157 25470 9445 11785 24635 31541 1124 23333 13135 13087 299 29019 24080 31089 10754 2159 27939 12857 24036 18645 19976 2331 25484 13464 9616 30289 14547 14060 5522 18310 30352 26777 11809 22586 4500 23970 10005 18571 1821 8994 8552 18664 16399 30133 7131 16327 27389 11307 4034 4877 15919 21302 16381 27911 7019 28229 17631 13198 27176 1053 11580 3443 24973 8638 26230 23461 30429 31079 18832 10285 20621 26549 28518 5207 19216 9902 9041 32150 10425 17142 20335 31748 3490 11013 24891 18782 50 
26885 23831 3772 32200 32755 26693 26417 30091 23227 955 4888 18752 8770 11746 898 8224 19196 17173 10941 6115 24460 2098 4570 19020 31844 10702 23419 19607 21242 17390 29656 4456 2132 20253 11845 1392 15859 7670 25234 5713 16799 23390 30522 25562 30743 28146 16264 28089 19720 4961 18122 30805 7047 5764 14202 28216 13912 26784 14912 20688 17548 15265 19292 1202 32689 23808 29356 25386 4514 80 25837 25766 19248 25500 31215 12846 7580 1481 20173 8886 522 4281 16262 22282 4009 28226 12317 7785 2127 30369 28247 12233 21805 14494 18559 19154 8218 16548 800 15658 3705 30789 26557 11337 660 826 9439 19861 28083 26130 5508 7993 21593 3095 16732 26187 1984 30 24041 20034 1975 6638 29575 14470 29177 23877 19264 6876 23837 2921 17029 4636 29359 8833 21082 11470 14075 32170 22310 3201 9362 16905 27063 25258 24900 29388 5705 10803 7452 5304 18077 16889 26736 24623 9847 11008 14786 27683 3960 12195 27354 4027 30687 15114 24863 7647 3590 10811 3932 14121 4522 15690 29282 32254 20417 2080 18855 6232 24400 19516 1174 20335 28934 3797 1216 31730 1771 6958 6360 6120 5207 30385 1399 5050 3847 31631 9752 32358 11847 30764 25050 14388 19944 31325 16284 10420 2546 28847 366 27482 25928 716 29946 10146 32212 30952 23921 9326 10488 14257 15946 23556 8205 3578 5518 24867 31763 17375 23053 29244 2631 18843 29376 29588 30805 16334 15193 9063 7897 8122 2307 22896 1316 3258 2661 13999 7688 12949 11207 5265 14018 18830 28446 28102 12330 5044 4602 15916 15871 13905 1691 19937 29371 11688 406 13186 17242 29217 8876 18563 25400 6353 17221 26935 13932 31187 5268 5117 26759 17745 27977 3239 18429 29809 23964 12165 10502 11671 28474 14867 8857 22602 22771 14312 21264 11011 25147 25690 14621 10827 
28141 28225 15861 29554 25015 26515 16247 27464 31740 32619 12823 10721 4012 13817 8617 5542 15240 19746 15392 20275 7669 15368 6307 25088 9856 25625 4501 9253 18598 27331 17063 18955 15634 25293 25808 866 24743 6830 4578 992 30304 6043 2926 4709 11977 19098 3894 2403 18519 8992 26071 24790 15637 22962 31791 15425 8408 27640 27489 18571 8238 24985 15985 12350 24304 23628 30422 21842 18759 28629 5437 31019 12578 21778 13870 9915 21659 30455 3542 28802 29063 31502 5464 31760 26144 5383 7100 5575 27112 23709 20046 26017 13640 18371 18542 29820 16342 5998 23548 23303 28373 17923 3303 12810 7828 20990 21439 22993 30360 7179 28375 21308 18734 20825 26118 9702 31035 19264 25003 7440 1816 23887 8884 31280 19086 5709 18728 26328 9910 29983 5693 31956 16226 19463 653 23922 5667 595 11395 29399 6527 25729 4690 29744 13600 19194 16152 349 29613 14004 31449 2769 15781 31971 20997 4947 21717 21633 23729 29047 18206 23136 3619 14986 1349 21629 6319 19574 120 14973 2922 4136 5211 4607 24107 2879 19701 7426 2499 23104 13562 15009 14663 17345 9449 30904 26581 21773 9385 17830 24896 31961 11976 31151 7715 21925 18079 4325 13828 7121 31595 1880 31985 15922 6579 1936 28563 20098 18512 26951 19065 31355 17873 31680 15799 9778 2666 8315 24134 10501 32010 19159 21893 24214 2806 4372 127 29622 21469 32340 20336 15297 28289 24432 31502 19677 26069 30027 25788 7231 17952 1596 572 13702 32072 18240 10760 18881 11614 11426 304 12270 22652 24283 11710 32229 24136 32422 3504 20861 16835 10331 23289 23904 4724 27369 32329 4056 23872 6605 10227 31944 212 23143 28664 7160 31613 12240 18136 6672 4041 31109 11185 13235 27768 31290 294 12040 28331 14843 25344 18938 28615 25649 28143 28078 14893 16707 30236 2158 
26861 29344 28501 9731 30631 8401 27486 28207 5666 14592 31969 29757 30375 15357 9320 18326 27629 4874 17895 21515 20407 28625 2582 6219 28146 28889 11333 18784 2383 31420 8530 19906 2094 28273 10972 5165 2570 11389 30000 12493 7701 22591 2730 6732 32227 2314 31327 28679 16046 13729 29631 25713 10197 12617 28449 398 15202 31906 7466 31331 23054 1625 26791 624 27611 15167 7704 29841 16630 30371 31666 20412 7084 8573 27527 380 25586 18762 20829 730 28628 8893 31938 16713 32693 25821 3215 8590 10868 12602 11125 32763 28461 19365 25390 32576 3565 8666 9305 16600 162 14038 27931 26221 6933 13831 11424 5067 3525 11246 17879 3815 979 27982 7730 30457 3197 26088 18632 26585 6212 24085 232 31058 19710 3544 28407 1120 21859 28885 1405 27238 32597 14084 29063 2682 11428 4760 22738 7456 20098 27054 3374 5806 24825 16903 31880 16895 8130 18276 14822 28260 15671 26176 11476 16474 10430 21405 18464 10219 23380 1677 14858 20824 11725 13119 32284 28848 3957 11672 21156 12541 16178 22100 27513 29475 31008 4369 18016 10321 6123 21191 20758 24476 4351 18706 30763 6235 23895 2133 14113 8716 25854 5330 21626 16897 11852 15523 18999 20614 18580 2868 763 7327 30386 3700 8226 28793 9006 6955 30925 32718 8495 21056 30254 1136 6767 30795 30905 23842 18078 23116 15142 31522 27736 1142 30980 10822 12911 11694 31832 6189 3952 27918 26801 14719 28159 32461 12926 4258 13003 18058 2314 24332 30358 11766 16962 25705 27571 29828 31476 14498 24568 26721 7363 23173 18604 7892 12193 5617 17595 4014 6610 5651 6977 19684 17393 10473 27075 32464 367 26710 29754 16923 9755 16222 1299 11147 13599 13657 16170 9525 18989 31568 20797 24424 21964 23595 31147 17580 5400 5400 7932 31785 28614 413 10198 6681 949 4431 
17002 31891 4434 2600 19665 9869 32539 11377 8657 27767 21768 15396 20620 17586 6234 22261 754 22669 13924 31828 3558 29578 8838 6273 5585 29758 5586 32007 8245 25485 9046 6193 16706 10582 26242 22252 19955 24124 15854 13922 7465 29008 11266 10857 7606 12199 7108 7346 11273 652 12921 4419 21558 22259 9873 19566 17297 13077 36 14123 14690 25238 13863 27635 9479 15610 22688 15130 23777 8415 16707 28325 7359 31134 23039 21829 29874 2313 1936 22890 6378 17115 3637 17487 27621 24600 9573 17181 30058 22605 30207 8249 20893 8815 13000 4639 10439 21393 21180 8471 30242 19353 12410 29574 16168 17575 3487 4361 22690 23770 10288 17436 1067 26276 32606 13608 19512 26818 26323 4490 29991 6772 11594 22794 21556 24308 12541 25506 18999 28865 466 16762 10962 22694 15284 28433 10384 24962 25759 18390 21652 13335 18608 4408 11608 15559 8766 23999 21079 619 5314 5465 15473 22988 30017 16671 28024 26089 26064 29964 8127 25987 29988 118 17390 19810 16724 10997 23509 30022 27451 675 24823 2389 9928 18557 25104 12972 19975 20419 5502 14964 31928 31133 9785 7054 21265 22484 25509 2748 3513 25759 29733 19821 26502 23285 14737 2478 27368 16268 18605 19531 7364 8024 4883 22972 15169 26274 30621 23813 1502 26445 18593 20726 6963 27233 31723 602 11780 28 22421 13888 24821 7683 8718 30851 32334 3982 10521 18567 1106 17498 3619 9431 32540 3196 6296 20986 23671 29144 19248 22199 23079 18373 16376 31095 19169 15436 13177 21017 11324 5781 22483 18060 26495 1757 28405 116 25962 1433 6307 13361 23908 24629 4865 17434 2702 1249 19626 30066 850 3742 9823 31893 5343 14261 27454 23779 4458 27723 5885 12001 11859 31594 24447 16593 1670 11679 25810 26435 178 15544 1305 9892 16088 4967 29814 16552 21737 16406 
1094 2459 28589 9105 25432 6229 1186 11631 30454 3804 3055 20219 3953 3523 7586 6143 2216 6937 13189 24545 200 7858 336 30665 28885 11211 22847 22671 5272 28436 12015 14801 8632 31094 16996 13613 22983 11999 15659 6923 29658 14755 14436 7949 16478 22090 21083 15286 24605 29114 25192 12762 24785 4101 14485 19138 8398 5860 673 20917 15709 6188 16562 7334 8232 5606 10624 32551 30829 608 23865 24778 6728 10196 16574 29318 10872 30248 25999 3764 34 2666 16579 29198 22230 22087 1504 134 9915 24778 17474 28704 2182 3252 23295 16942 31099 31575 26186 28778 29360 15161 21854 7029 26773 30264 6579 28865 25836 30861 7108 24388 14457 29103 5882 3320 11385 13783 14407 7595 14109 32339 12038 4024 20163 30611 6211 12643 26543 10578 24344 20273 30475 3137 16762 15212 9017 987 27533 28026 17059 7822 2248 17641 4678 648 29953 7384 5578 17403 12197 31641 19622 23893 4900 9956 3526 28668 11821 21481 13534 11066 22862 31315 23491 26895 27201 18747 2370 11323 1591 24500 2304 28116 4604 3488 30383 7629 17107 21308 2183 16329 12400 18011 19579 21052 27876 32342 2297 3919 15978 2870 27382 13459 20684 16804 27486 23861 13014 4062 17800 47 9864 15472 9741 22779 1640 20063 26568 20938 20300 25039 24739 10727 7177 3771 25460 19831 15476 19172 12195 25852 27712 5830 15828 14225 28095 31571 11526 13267 32081 2313 31155 19414 24771 3352 24559 31586 21592 22446 15359 8861 27342 29383 8127 25270 7203 9520 31724 3834 24121 26983 19978 19667 13135 24139 26317 19951 6935 32637 30514 15681 6049 19411 669 32017 7165 12595 11732 21910 13604 13566 7972 27907 23358 32763 26100 18399 6435 17722 3933 24431 19085 28967 19479 10467 24365 4411 1794 2272 24537 31933 7792 23091 24112 30949 30852 11100 11237 940 
1776 31867 5164 5251 14711 11559 16037 25798 10638 31891 1051 3760 4112 24307 5651 14479 4054 6910 29232 23201 1447 22734 7962 21521 2913 9537 28165 12005 25733 21357 22441 12048 3724 32559 18301 11960 16085 22448 1129 21914 5461 18977 14428 29225 1684 6314 14421 1234 753 22580 21143 26235 32444 9226 29394 26005 14508 17438 10430 5097 24433 30670 26967 27469 27870 19327 27990 13593 20388 20502 11930 32535 10790 14110 30989 16790 20213 10779 28234 14588 6964 19362 16864 23605 26520 324 31224 11503 7211 12833 13929 13465 4016 29609 18203 12924 12984 798 10464 6213 14391 1680 23328 31949 5265 1151 5438 22596 1403 5111 28326 32350 15204 13204 22327 17008 19441 4360 32268 2398 29876 5848 27102 10895 29179 21111 22192 27668 4950 23707 27081 1148 4722 22424 10242 7794 8707 4538 22877 23862 30908 18775 11394 18010 27868 18610 5848 32465 25631 20881 32458 29628 6405 19933 30414 20821 20165 16807 13680 12757 3245 30347 31527 26627 16982 3907 22040 15900 14081 13967 30969 10391 2783 29033 28448 31372 21206 20804 29407 12005 24673 13211 2878 19937 18371 6559 12288 24433 8790 30309 1643 18753 6494 20696 8564 23206 23711 26239 31750 10985 28064 5196 7134 3699 23040 29550 4296 27881 10248 14493 3851 12804 28550 10976 19350 17858 12577 13941 9088 12313 7907 14978 6156 14370 14590 18399 20789 961 18159 2147 7264 5261 27555 27026 27344 17510 1004 532 9458 3029 9884 25873 8604 2589 6647 2348 17412 24639 21209 5800 12783 18678 12713 24924 23032 18976 27992 4898 30365 22710 3479 16643 4172 17096 26663 14428 17092 15816 4693 28412 14664 20163 23808 22377 12332 16727 32105 31287 13087 12026 18507 32548 32469 16328 449 6467 28261 29880 5210 39 31363 8871 26955 7885 15261 31142 27425 13829 29309 29733 
2420 19741 21279 1764 11706 29970 4039 10832 17747 7553 20382 29127 13453 9362 24961 14733 31608 23109 32399 25286 991 30209 1708 27038 27287 512 5760 23973 5274 23906 28803 15204 22392 749 32641 1184 810 3349 15639 12050 25810 4296 30518 7497 15260 12969 4153 10106 11007 26374 13707 19851 29029 11134 27030 21695 2587 25988 14504 27668 13004 21765 25988 15759 21694 27671 19457 19030 26752 30050 82 20529 28566 14772 30451 27037 31367 29830 22093 9465 14411 23235 6631 26411 8038 2829 17144 14768 16530 25337 2471 25344 22904 25728 32095 19432 10800 4119 14918 17818 15512 16267 26431 14784 7779 1374 22150 29668 17957 14383 32485 9034 14521 32281 18691 29758 7033 5830 31656 31830 18668 9468 13483 25371 11769 28827 15947 159 31103 9041 3535 21026 32162 23458 5626 27454 22374 20070 14453 15120 22801 7513 12129 17688 4983 13829 11371 26748 16852 15915 31334 4070 32082 16759 19059 32549 22546 9756 11403 27452 22099 22974 2957 2568 22195 17043 4119 14817 17829 11513 20286 18771 3162 23359 21047 9646 19311 27675 31623 1509 13353 13684 9707 29241 29257 15255 29727 11925 6692 19434 17851 11500 21646 16482 4620 26455 23203 4564 22119 16733 20507 5845 28844 6465 13854 15860 16592 821 31784 8195 20721 8080 21259 15802 15669 1971 5893 3249 13084 6928 23007 606 11130 9603 23811 19686 31509 23355 12749 29491 10793 26018 1542 14562 7962 12451 19120 15961 13834 14176 14954 1255 22452 4870 9304 13341 14656 2028 19027 25571 32201 10245 4476 27891 15709 30944 19614 9582 19169 8222 16623 23657 5539 13617 7069 16866 24520 32027 822 26373 3508 11059 23805 8546 14436 30083 15136 14253 16561 28902 13094 9115 24768 9083 28869 3989 15514 27414 18769 23524 152 21534 12367 15499 3422 3476 29762 9817 26730 12147 
10595 5485 18530 24718 6717 24809 13626 18769 10519 15876 20291 28550 3609 25261 13807 7563 16682 18026 29603 319 17297 2900 14502 24234 25897 4685 8285 9389 17981 29422 31260 23108 10600 20347 3883 5440 636 4360 17213 7812 8997 2879 12763 29252 31398 9474 17696 31752 29915 24122 10730 146 17785 24758 31945 27189 22242 11736 18316 15935 19579 25137 18082 13037 9041 18568 28897 17403 24055 4689 8502 11951 32516 17934 30430 22724 6648 27618 11781 1191 766 13749 9041 30568 1539 12739 26049 32535 2520 12015 17491 15089 21818 1840 27961 12097 1749 405 17716 31320 16124 2122 16809 13 9166 16887 6113 20926 30918 19554 21552 1005 8848 2843 4318 20797 23461 22408 18259 215 28745 20572 9223 7310 18004 30566 18293 15573 13647 24738 29072 25624 25078 28710 24582 14736 19171 27687 20064 2707 22704 909 2302 20197 12422 18733 16789 16645 9193 9218 6949 8886 30525 9422 6042 2700 16455 16111 2531 16633 26627 8257 25761 26957 9810 14794 30326 27340 9967 31907 14967 25761 18620 8701 5144 27158 31588 22909 26047 5847 3771 20623 19628 7922 20712 210 16339 28345 9503 4170 19851 7936 27265 1299 4351 24494 13852 9846 27666 4985 28682 7750 21572 5282 17916 3147 7079 5065 31240 20108 4226 20701 13978 32280 21661 23312 10019 28277 7196 7599 4510 13299 18104 30945 16634 17215 6166 16710 28602 3152 18312 13939 24220 21871 19667 21172 24897 31514 29312 27027 29725 9157 3812 9497 22903 26786 7145 13296 9414 30472 31876 1453 27752 24114 21981 27793 14920 25307 28029 25150 23000 22671 1891 27010 24198 28837 7324 21684 31016 26168 20892 1979 22961 29650 18158 1965 21273 326 8868 19118 17259 26192 6748 22416 18082 25396 15622 14649 31264 16629 21927 15211 24630 10419 11892 6248 8067 11657 14038 4646 
23680 11017 3284 3117 19646 23327 15563 30348 12279 24878 26607 2874 26608 6870 12224 9987 549 26393 20383 12204 18775 445 7322 28819 26579 989 3645 20379 8765 32202 18668 17682 2785 28068 18266 32199 24530 7747 21101 7336 373 7989 2679 3806 4 29739 11640 12409 771 2282 10469 30412 26692 1349 15178 7764 10620 16528 10222 14752 24262 27685 15873 6859 28773 5735 2277 16314 21353 27377 14546 12034 29746 27192 13787 29193 7347 1125 7024 31939 31541 20906 5990 14913 20992 30193 23358 12864 20305 9212 22413 20237 29924 30879 25717 5348 23633 26935 13727 14164 3184 22647 32189 2532 12124 29938 21199 9796 6578 7767 6489 5912 17943 6996 7377 18308 9056 20887 9472 32279 23844 20715 5706 2243 30726 11433 26784 16529 10896 22005 29168 26877 28709 10189 10660 29693 5120 27629 14918 3610 18310 1215 30554 29272 16622 21667 16557 30771 18854 164 6892 32642 18117 14796 6466 16543 9290 24670 27343 29056 32483 8031 8587 26345 12030 29215 16725 8589 18630 9563 201 25661 6626 17784 2513 17641 19506 6274 17353 19083 2499 3654 1768 8576 31788 29787 3739 18749 25758 15437 13798 21361 29507 27285 32519 3591 16003 20783 25616 31789 5199 24042 3797 4294 20905 13981 16058 7298 114 10711 2561 30260 25345 18891 4357 17594 24497 868 30811 26568 22194 29458 19201 7214 12134 25181 1993 22823 21203 15603 13489 28253 21430 18299 15250 23545 5099 18789 3524 22571 788 9291 25234 31206 3897 9381 28198 22980 13506 16981 3579 30040 32416 10965 5077 31443 18853 32135 26149 944 20218 11040 4101 27399 24385 2310 15118 32391 292 26032 7595 26039 30098 5045 4760 14239 9631 22638 1962 21930 17120 18593 9754 5567 22908 28936 2902 16586 25463 4750 20383 8761 30568 32311 21956 983 6407 14687 11591 23127 
5384 20856 6412 28325 16953 31157 28231 29141 17569 6100 30320 12791 675 28186 17733 18893 10777 1913 515 221 22222 11119 12460 30453 30580 507 19903 13969 29156 7476 715 10609 6848 8752 13285 23991 21310 27187 6520 8359 1488 25481 28070 16508 30813 16087 23749 31066 28973 18072 5228 12094 10064 18422 20569 29925 21885 15885 21130 22144 21637 3358 19240 24199 10635 6189 11973 21520 19632 27143 13893 9343 31997 22885 22154 25083 570 26459 27316 25276 30652 4303 3141 3033 24894 24453 13599 11900 29390 234 20440 26401 30402 16112 7472 20401 8356 1297 26714 16193 11076 13317 29785 31419 23557 1062 30130 21464 22975 2532 14109 18214 5020 3898 27570 9670 31457 11047 32316 12968 23609 10014 21085 3842 16905 6679 31380 27111 4550 10259 28696 9755 19783 30725 20187 24299 25758 6438 22228 19631 1201 14810 16298 20477 16001 9869 24592 24407 22878 13285 5770 13966 7653 13779 15516 4798 3486 8473 26342 10228 4823 23728 24996 5049 25502 22666 24067 25988 29781 30964 10916 1325 7037 29225 8685 20736 21981 28976 26173 30610 7687 28610 7447 25930 3059 31866 30227 2097 11221 15167 29942 32398 2858 26733 1903 2085 24791 1321 16100 20938 29050 4638 25688 8918 4249 8729 3774 839 19563 25163 26286 26838 24759 1010 43 296 26305 24277 16145 19 3165 15099 18158 19590 22985 32347 31479 30258 13678 17678 23256 23648 29123 8234 9089 29089 15131 8391 7292 24431 11204 28124 26762 28925 25481 6360 26950 19620 25023 20632 6908 32562 21706 17933 27221 31532 14301 28903 17871 19084 5410 19440 17731 19734 19148 8580 11121 28403 4443 11550 2477 17710 19239 31383 21828 29563 6543 2077 28620 21660 28288 31925 18208 484 21509 28701 8292 18751 744 3095 2782 11454 18012 10170 27071 8059 6741 21044 8503 9867 
8081 14023 10148 128 18995 6989 28900 7926 2950 28689 31830 12234 19956 18071 13950 13204 8758 31939 19183 2846 27369 28303 14751 32691 19173 18120 13092 6275 26526 29841 29048 7474 2774 5944 7065 7807 25678 25062 25584 31831 6061 22992 6675 12225 18191 17948 11120 31584 10701 18268 8934 5789 3013 25986 13927 8887 3780 1476 1687 2489 26962 23615 11187 29340 17127 30378 28863 3119 14557 18233 17674 5365 9718 4347 29860 26117 21667 25070 24154 26896 15670 13403 23689 22229 23877 28953 18951 25285 4225 18054 14904 3233 9113 31392 18572 28149 22628 16110 22595 1334 21215 14807 26469 18508 26900 10092 19399 27979 22034 14740 8917 29638 10743 28031 27649 15743 25508 1303 29507 11662 17216 26769 17300 21183 2246 30829 8813 32272 24144 30787 27039 17994 17027 10866 5016 24640 19660 23681 29332 5208 6868 1667 14460 18011 17360 5639 30743 27004 257 12734 23242 19564 19469 18923 19743 16429 31768 8510 8555 22382 22626 2075 20509 8853 12516 7177 14715 20650 24881 11959 28427 20951 21758 13166 8731 20787 4588 15693 25219 24370 11235 24616 12679 19763 18132 21923 21621 17747 826 16686 29985 15631 2933 26673 6799 13633 4362 14350 12218 14736 21927 1850 8515 27187 218 21131 221 7680 28086 8574 1392 27001 10584 20687 22840 4014 10229 15233 7765 3045 4406 4561 28655 28653 13267 23886 31579 15551 22029 27716 25866 17191 1065 23385 17506 10929 17777 21885 2077 19185 2801 14396 2057 29661 20083 16476 22631 7462 31347 19859 25314 26498 27194 21833 17536 385 11363 20076 24678 9616 29604 28875 26891 29093 7785 6565 17612 22396 30685 17887 1264 14505 30688 18316 25089 15186 438 7370 8811 5196 28979 3737 29647 17210 10318 27710 32480 18286 8519 27756 408 18201 15058 15239 11460 17976 6284 26224 8848 28450 
1943 18571 30049 8963 31673 28181 25721 9468 2309 16670 20454 31844 27182 16070 28313 10098 14969 6805 31134 1025 6035 20604 32649 4989 9232 7317 12112 6312 9914 9212 21190 20000 32617 14757 20793 16414 17969 12358 277 3357 24908 17300 29905 13934 27543 24229 3746 24855 29610 24325 755 27611 13741 14248 32378 39 2244 28762 24723 30497 9538 23623 5061 11962 16528 30379 24979 19587 7969 29241 28652 25404 29620 28210 9210 10663 8614 5504 2594 30101 29498 1090 7740 24031 661 30980 19762 29110 13710 23256 12540 10654 10603 5291 27045 8200 5275 10107 8658 10763 10708 5297 13840 9136 11211 27132 13423 26241 21425 22841 20358 9919 14225 5434 25974 25447 1082 13894 32759 32689 18927 330 29537 5502 32507 1812 2092 32543 18534 14315 21530 16087 24424 20767 26869 29432 12655 2828 17896 29988 4839 27686 7325 3179 1298 32569 30722 21531 24181 12340 31167 17282 32081 5490 21856 6320 2147 28047 9090 29673 14449 19132 10693 25427 10631 31114 2031 22810 2360 18538 29070 579 16847 32019 22105 12323 9672 18862 13180 7307 30150 5738 17097 3762 24792 11814 828 28032 21578 29492 14884 6148 15943 5014 3162 3114 6646 22604 28153 29782 17025 3574 14469 3468 23403 32693 9852 11930 18646 20559 24205 24689 6045 11813 15166 8697 22965 23151 28863 4414 4961 2017 21922 462 9342 17498 17368 17428 13359 31307 14499 14403 7424 27017 15435 26104 7880 15983 8816 11371 24673 14473 12966 18016 23545 22014 29092 2335 20550 10758 28662 24527 22550 3300 24462 3253 1238 21097 22447 18525 19913 30453 5607 15170 26273 22312 15068 2954 13020 25952 26208 6350 16687 6468 22920 8339 15315 13578 23752 21162 29367 9262 11488 26243 14367 13807 28705 15857 844 7359 7324 2065 27531 27621 21090 6843 25277 18836 31160 2034 
29065 17662 20195 14242 2937 892 1630 4173 24847 13753 3277 11842 10953 9710 1845 3239 24505 8929 14904 26219 13714 27496 15911 8134 4515 737 13072 16448 12851 14573 6879 1907 29665 29462 1508 32545 15077 8229 17911 3269 3769 23294 31255 19111 26815 7813 10108 14559 13713 9262 15931 27175 16595 17989 17545 10030 21872 1553 27437 5895 30423 16906 30829 30912 24835 26009 10825 25357 8357 5999 3547 23961 25380 17655 6048 9246 26761 16324 31471 24652 23005 12885 20093 1853 15223 27510 12217 3652 15572 7364 17278 4304 16754 964 30421 32082 27030 23487 23940 9394 11546 10402 30510 29877 8424 4807 7841 13867 5486 3511 15981 10558 31706 28745 24286 24308 30690 12195 20762 16557 26965 12780 13878 30868 7768 27127 15907 3037 6211 7418 2373 9193 15589 18342 22289 27132 23736 32376 21668 20444 24391 8867 31714 20997 2695 14903 27968 30511 14234 4569 19795 2396 22114 25076 17852 24598 5842 18280 28440 18039 13223 20713 29593 30836 27851 26910 492 18754 18065 6796 11822 12323 24130 287 29828 16460 409 101 25319 1073 16248 14451 30706 17414 27853 5847 31596 8296 8302 28744 19583 19999 9693 17298 4574 24394 24672 32553 1406 14356 15116 1004 341 25989 25079 17457 10958 18968 16809 78 15959 16303 22567 8441 31296 15926 50 10249 5302 9770 14526 450 29244 10167 4148 19548 12494 18059 21299 13001 28562 3732 25031 4882 21798 15707 1831 20281 13920 7905 28305 6980 26280 4511 26290 17771 9092 15190 27102 15251 7052 8930 30476 14081 1323 32540 26473 25270 26296 25199 9613 3335 11472 32137 22295 10154 144 26111 21733 8013 9357 3646 24610 5831 9724 20311 9540 26028 15622 22413 3362 9134 16089 13119 14148 28396 6875 3780 12380 7287 290 61 27778 15416 23217 32253 1401 1756 6988 9449 
796 32049 10657 10329 3917 19810 8478 20653 25394 20334 9351 8666 1616 24742 13972 6304 15824 5069 4852 8849 2798 32540 1845 24385 18527 32111 10451 17667 4510 1649 15817 3029 22584 31177 16064 6261 22661 2600 31197 6167 5352 17300 20501 31225 20393 16833 18073 7391 32113 10599 9457 3521 18771 12173 30522 28870 15246 14322 19364 5103 908 21958 21923 6875 11778 28579 6518 30892 29329 22924 5280 51 17149 27722 12352 32335 10831 5266 23777 24584 14304 1694 11344 29033 17789 32080 6660 7434 12339 27539 2985 25564 27014 30466 29728 17380 6679 17787 12560 9844 6793 19896 23483 26790 13255 17643 29341 11449 14068 2704 4970 28894 15340 26986 24195 22645 4431 14817 15347 16460 28069 21728 21555 31539 21264 23194 9112 21579 85 32240 8106 26042 19644 24590 29732 6336 4857 12023 2177 7638 29716 21198 24731 6227 13821 18348 3008 8026 6100 14282 2562 16907 9491 25503 5467 7013 13657 19573 15247 15769 18345 13578 29340 32634 11908 27310 30118 7393 24678 22962 3056 30703 8123 19443 24100 25212 18399 9323 22055 8382 16088 21413 30061 28451 7318 3271 21996 31187 32665 32504 6595 19830 26850 30314 19880 13063 14703 29500 21859 11532 10428 9170 27349 5765 27109 18136 27295 19040 13850 27146 6659 3059 7754 32509 5910 30107 6822 20507 569 6881 4673 22310 21465 5460 1429 28063 28614 7806 26954 20433 12298 32184 241 9597 32447 18236 5213 20200 11495 25527 27485 6734 24897 27076 10108 20170 13969 30236 11021 1911 5421 2694 25826 21234 14716 27033 13624 19309 9535 2151 25233 5454 3272 4366 13786 28912 20506 14152 4811 11000 24231 26045 32451 8056 3585 24392 32432 25550 7162 27045 22433 32149 31255 6675 30297 17729 17743 21720 21823 25232 31055 7130 27015 8001 10475 10293 31634 25619 31558 16526 
21951 17591 14361 12423 30155 16726 18605 895 15326 17831 12525 12112 17041 28798 30741 31182 8723 3430 21479 610 22503 14344 12984 2193 8619 28534 17973 11317 5368 2529 26498 965 21703 30970 2292 14567 13894 12070 7388 31868 31792 22370 30827 1419 8624 20195 14952 21758 18995 13970 24115 11020 18318 23423 17023 17614 17884 73 7361 23430 23252 50 24843 27128 7281 20423 12924 25741 21032 452 31112 7006 12212 3448 4001 29605 7147 7740 8357 29447 13360 13645 23466 28682 32357 17980 5071 16768 25119 12365 9408 15378 26248 787 21515 25711 13179 10806 16455 17871 608 11168 13436 14884 1145 6512 6676 4963 15669 30098 22192 6860 21571 25375 13716 24940 32629 6992 8567 17193 31496 17966 1948 28337 26016 27349 23619 29180 8805 8318 18215 1543 24299 770 27123 28641 7362 12462 8313 8208 14740 1564 10634 10454 361 11943 12582 32114 3703 7404 15009 21439 11178 16737 21871 12194 1682 2744 11900 7967 9182 32455 27407 7955 17443 27664 3355 6475 5026 23009 14999 3721 30244 22092 12614 18132 10918 1400 6388 18415 18162 15187 1329 13180 19258 18261 26186 16246 25258 11719 743 24157 22525 4220 5126 31274 18656 26496 19641 31463 11654 9647 19384 14583 5309 25031 15528 16897 25731 27427 14396 7848 5972 29950 11747 19429 17831 14772 13403 21947 19224 1829 19658 9165 16506 9108 23386 7190 23991 30557 16807 14630 23736 28321 27796 22168 12089 1712 24112 30857 17659 27383 14430 337 30924 29980 30210 15016 938 8511 6517 14084 5776 9954 8963 26593 26178 26092 20933 22933 25445 21137 14705 32202 19181 4179 21614 32518 19804 21756 16077 8873 4146 3216 5638 13134 14957 16940 28941 15709 19066 24839 3607 25325 11385 12459 6992 15868 12005 24809 2705 23927 2429 2864 31138 14445 6086 15261 28297 30657 
30779 15726 10439 5431 22839 1371 8516 1403 26128 1079 10755 21703 9630 28640 5674 16875 27431 21221 27014 10926 13371 9024 6867 25467 14743 19885 6161 18353 8766 16761 23272 6220 10971 25712 21342 7302 13617 22193 18741 29098 11619 15725 3795 26384 12120 1169 1948 7455 4810 30937 18642 2351 17339 14015 4560 32466 1736 3056 26177 26398 10842 9454 3940 7281 24667 5364 15512 25117 2199 9509 10418 12458 18133 23644 3789 11961 14003 811 21992 10273 21544 29748 18642 2418 27334 7544 11052 28332 1510 4676 16412 7825 16134 21329 5000 13029 1648 23863 7025 18972 5286 13789 10589 565 26415 16966 26236 31553 17422 15154 6598 29892 15962 10184 13850 4139 6387 28708 15531 32163 23795 10051 29149 11805 8806 5926 31466 25972 15837 32095 16403 3034 18669 10448 3207 24684 21600 3198 6865 13490 4766 20135 17340 10846 17499 28859 1196 19419 23731 21380 13225 15806 29707 17599 28039 30360 3179 12514 16512 29582 20665 2185 15954 19482 16287 26456 31311 7435 26408 18706 10455 21856 19040 11495 28661 1718 8950 31067 17084 5741 29944 29001 24497 30237 18887 32010 8188 360 17004 1577 7755 6279 29615 14825 19756 10668 32145 1018 16333 473 18055 23133 30028 15246 39 13017 22279 26662 26729 21482 23864 6744 22551 4003 13024 25781 10430 11908 12705 16863 10963 4366 19660 102 23006 27414 19617 17582 29500 6170 26508 11400 31431 12923 15438 25397 24145 1263 24111 15433 1206 25779 13790 15754 23943 3641 16398 4386 9725 28224 24299 5598 10592 24234 27233 1528 16025 13274 12457 30407 12043 13247 29511 2097 13950 11333 19844 20107 566 29030 19713 4064 32345 24297 26481 22582 11616 20652 29748 5547 16283 21065 26992 31681 5881 22588 21451 27198 23045 31512 30629 15146 23980 2917 23540 2781 16557 21893 11401 29287 
17436 25039 3346 5701 5822 17916 17780 32404 12146 22701 29541 29391 31078 14642 25522 24410 28011 5565 25704 22471 31443 26413 31223 16505 18482 8873 2767 2575 26811 13932 9 13368 21126 17982 4207 18023 13321 14718 31906 31956 13918 15689 4009 31492 13600 10950 17652 14760 761 26112 30070 15834 3453 31891 28031 30787 2372 885 17080 10429 2094 4127 29205 5270 2712 20613 26426 10862 3985 23359 23465 9984 689 1994 3169 12801 19684 32386 13111 2240 11647 13620 23294 6796 17555 30078 8691 19552 27296 2374 20772 13615 24742 424 7934 30226 10412 5790 21871 32003 24118 4549 31779 26708 6277 29932 15510 13366 6491 31751 19227 16420 22357 7763 18064 19411 22652 19268 8547 1583 9656 21025 675 29857 21637 31924 31365 6190 4701 29878 18600 18442 23007 13018 23091 27154 27788 3267 16792 27183 23991 21435 18745 19378 18407 8455 4516 15567 32143 22282 7389 31705 5174 24749 17728 461 25940 26895 2512 30494 2850 21419 29554 25202 2738 26363 14763 6334 21228 30149 27337 13707 26876 29449 12639 9657 31422 15676 4765 20173 8710 31392 29875 7913 150 3312 6767 2005 28237 16844 25246 14517 16540 354 12453 32149 296 21103 10825 6927 19238 5008 20718 5081 27607 31284 4708 1800 15824 6964 3221 18802 14879 14165 21284 4124 15730 5499 26400 25601 31409 6466 21538 9295 31462 31772 4809 7224 9321 22830 32310 17803 3897 9908 15436 32403 13552 9645 32345 4454 18517 822 24777 15789 21109 17704 12203 16017 2222 3712 22707 32488 31534 2277 32483 19236 16436 30746 7856 29539 11976 15569 10509 8079 14310 10215 9613 28837 3045 24645 14096 17038 23049 9089 6795 12557 18694 30905 1936 4642 6318 4832 25909 20359 8530 19673 17647 27276 23991 11133 5024 4523 2716 14728 24287 10759 19118 4246 23956 28867 
16458 7147 21374 18257 20822 22397 29320 12570 13302 1423 23388 17085 20371 3015 3928 23171 6760 23737 16249 7827 26721 9735 5959 27362 28225 6553 9469 15313 25033 25210 18279 699 9853 32389 11139 30086 3370 23768 17990 11957 21481 5927 6280 21769 12017 12514 11309 14239 2661 5876 29007 5362 23150 31836 19593 28929 4864 14198 32506 25825 15781 11216 9522 19926 29685 23760 21616 14386 26280 31421 14452 30980 19608 1392 16870 32071 7392 19169 29629 27864 8542 26193 17797 8888 17163 2951 11111 9956 6453 22220 28073 27402 22422 13033 28355 12147 13201 19099 24779 28556 4389 29055 24849 10710 22769 7177 13057 2154 1929 11059 8686 22637 14196 20540 7974 26165 12638 10144 28994 30203 23879 7958 29297 1341 31846 14163 10464 868 17193 26306 2068 22676 22720 15106 29309 8784 31956 15762 27380 29361 3731 14274 10573 5329 30918 5254 26670 30912 9831 2755 26139 18760 16752 6741 153 3043 25288 1573 1739 11107 9699 2884 13372 4583 211 10104 22894 4694 12703 29397 11577 21775 15959 324 22559 19888 22881 17446 4043 9092 7909 24187 19279 703 20920 13994 4670 23841 18652 5861 8527 20518 7627 12515 29291 29962 1166 28995 26419 20453 17174 27841 12291 6720 28525 24559 25472 10544 21032 21959 5555 10907 31080 2889 20318 19000 6034 24916 25205 4535 8612 18129 30777 6284 9513 24627 27745 389 12837 30030 25225 19019 29643 16499 12612 2531 12687 23728 5791 22298 3558 29077 30163 9986 26370 76 26674 6415 20388 30705 9264 1321 10708 23887 1129 27592 28160 31745 32709 14843 29629 16235 9294 30277 30038 25370 6238 11958 11513 27596 3259 23287 11634 14896 4818 8135 27159 2879 18623 24401 29902 21499 14144 31441 7232 1344 19032 18157 26329 28192 29281 27968 5638 18929 24437 29536 28428 6699 13740 26827 
6549 856 7541 5827 6673 18681 14226 19668 24287 2669 887 32284 25206 1578 19827 28855 23218 24576 13357 8709 31343 31861 5824 19375 14485 8055 4760 19737 15843 10104 6974 13822 22700 8613 17173 2932 12692 21017 3223 24282 11317 15667 25695 9656 13318 17524 6379 32101 12211 26214 5074 29575 9454 401 15701 20307 23267 23895 4673 10145 4580 5419 28874 24116 28298 24802 4879 8015 28144 9527 30616 3985 20521 11078 14885 7408 7985 24540 742 15744 18040 3434 3541 21675 9692 7890 28110 5249 19920 17869 21581 26641 14430 18779 23836 6103 4476 23170 1624 6092 29449 10260 23433 13821 15734 1396 13850 6946 15083 17780 15805 4822 21316 1220 23860 7795 27480 22596 2593 10694 22097 11230 13987 19875 23479 25851 26474 9255 30817 26246 26919 7325 19827 8862 26642 18235 2846 26430 31156 21062 3243 5719 22435 2396 31574 28451 10053 842 25389 31671 22673 3020 4923 1857 11819 17080 19077 7554 24091 12391 26905 20570 28883 7376 1001 12885 23146 31105 32523 15027 18287 3669 6761 2562 29242 13311 14880 2117 28589 6138 30331 17116 16049 25086 14013 31998 19687 1056 8424 2885 12490 4228 19022 30464 21578 15630 15595 25796 20489 24428 795 28325 25795 12761 30254 30555 14100 32178 30092 14417 2220 18744 6072 15188 6162 2932 9530 10411 20042 28613 13330 7403 109 9971 19695 19890 10856 7204 10093 22999 18200 31685 23283 25347 118 14056 6926 32364 2813 29942 32620 29259 18020 16215 12358 11299 23498 27759 1347 14385 21972 12871 23630 27357 4782 6586 2441 26152 2919 18083 3068 8946 4238 19692 29180 31426 11722 25504 27820 22743 16348 6137 8619 3289 17265 32025 32270 29244 12341 24911 32540 20052 14547 28716 14638 31595 30692 32306 10221 8167 16282 27118 11866 15066 29355 16246 14193 24643 32478 2610 
25946 12308 14592 3960 30474 9240 12417 24340 15486 10312 17162 16050 15690 11331 18477 11622 24701 27785 32117 15771 22441 5862 19740 14851 3989 28061 28564 16946 1651 18996 16278 10840 16318 26437 27909 27073 2318 11862 31811 8251 10165 20936 17200 1373 17670 12275 6079 7626 12287 22389 7731 13184 17390 571 11140 2717 19051 27363 1486 8491 2759 28841 22949 8904 31750 19753 23950 8212 26853 28925 10889 9086 28615 20518 31591 11292 24739 18435 25807 15778 1829 26822 25637 19461 2391 19934 7471 21831 31411 14684 21725 19577 6944 2881 12644 6650 12821 6458 26980 10844 1448 497 23500 13338 26371 15329 6577 32682 31073 10035 25120 18501 21132 11310 3768 3862 5883 7334 21871 15723 1691 13755 4381 4136 29145 3200 30430 11735 13046 13298 26513 31452 8087 11169 6799 6269 7057 8696 15250 7785 30930 153 26691 7492 25842 24495 23367 19737 9672 13853 438 19572 454 28347 27655 29534 30147 1226 29173 206 4925 9313 18852 20304 29061 13271 20510 18910 8113 7444 10712 23941 15476 11806 2047 26457 6788 11190 14536 15292 30488 22390 31377 24198 17864 10885 6259 21541 24428 22135 12556 20785 19141 20847 27459 1025 14130 5697 11506 6371 8478 7156 760 14280 24246 25640 29726 928 18834 11221 3464 6460 29077 3152 700 9277 29815 7433 25331 30013 11008 8508 10496 12838 8303 12044 1780 19247 3758 176 4450 2770 29576 2854 13435 14924 22581 24706 31577 19729 24689 1147 29315 30257 1515 8297 2674 696 28930 18895 30196 18496 32351 23913 5767 29118 23812 9870 29032 7646 15419 18622 3396 1883 14154 22238 2254 19458 4791 23006 17642 28788 27670 28512 21883 9715 23161 13197 1606 19960 26709 32357 6225 328 10505 30986 5487 13959 26727 27746 8952 23129 25173 7068 15678 3213 26518 9142 1122 9875 
11393 29775 24627 17696 3723 19743 27101 5796 10368 23907 17299 27118 19634 19427 11817 21462 30418 21301 28531 17236 9409 4724 2204 20350 20562 11935 14265 31061 23412 10024 24204 17550 1464 8684 29401 4269 13313 7232 14800 25677 25168 25573 19305 2758 24693 28582 27840 24462 13442 17392 4229 21881 2584 13110 31949 3236 12885 18625 7757 9829 4892 22640 14407 14735 19848 27245 23364 22418 29175 32236 31522 3290 2525 10049 19001 22367 9412 20673 26666 14587 20052 22600 23427 22336 28777 7442 8960 1733 20280 5307 20030 12557 23862 6983 9261 3836 29568 29720 14045 23530 3698 1409 29279 24261 19381 20275 10466 28055 5922 7536 29039 25713 18683 26691 28906 17953 25949 23298 4048 18698 30647 3820 9177 29877 10583 9050 105 4799 13875 4395 911 24863 17631 21331 13714 16814 2011 22800 17290 31460 20618 6141 24011 31554 26227 9602 31064 5053 25710 27257 5091 27865 2945 27978 13248 26159 22782 22409 29565 7413 11545 6592 26933 27627 21822 8833 21147 2169 3167 4117 25419 29765 31374 17044 14095 20562 31950 28853 27526 20348 19988 12758 14802 17885 27120 26410 1374 13780 27707 22749 2345 11404 2252 16906 22504 8319 13036 9754 20900 10226 16672 25819 234 13252 27051 18555 23481 25447 26270 21705 22184 25149 12603 4042 23566 8495 27528 6326 10392 23784 17791 23830 4178 21473 30363 27243 9542 12574 7001 21054 32272 27479 17706 4052 28942 11051 17986 12701 29604 394 3024 13050 18375 13674 26462 24350 8954 30923 11445 26733 2337 1769 24502 16495 7399 13012 460 29403 29296 969 7342 10852 28612 5216 1568 23730 1074 8462 22831 18844 3889 22771 25184 23475 7940 17001 18427 5121 11357 9980 11020 2799 4934 4474 8831 26062 22003 30438 7006 17786 2644 2963 18761 3199 15767 14037 21731 11392 16475 24313 
9796 13575 5843 17415 23053 16267 21809 29556 2257 15389 12710 12113 5790 15358 13924 30771 3549 26723 27620 1878 32093 24743 17549 20404 19242 12160 20521 8120 27649 31481 11928 13151 11771 24073 680 27850 8032 4898 24006 7613 21471 10144 12286 22760 18065 17896 13190 21485 4967 15897 16882 29381 21040 29332 787 25124 13517 24940 25231 30261 27010 27035 31723 4209 1414 4461 8990 20650 1312 31673 7665 23870 19240 28309 21221 2401 22810 8993 25894 22294 19373 6972 9377 23026 5333 10483 29378 31153 16433 8608 20934 10758 14104 30714 22724 28272 6691 3800 20665 10694 11224 2733 7940 22893 5399 11636 302 987 17444 28918 4629 7420 16517 27068 31694 986 12936 20950 8896 11420 27730 233 24947 16517 17592 17819 22639 4320 21487 340 9759 18238 23125 24470 27659 6256 12009 20785 4698 6559 2308 19341 16184 4998 12299 14773 18175 10486 22730 23796 22929 31642 2591 17517 28599 31884 8582 21095 35 26409 6493 26461 25350 1677 6775 12202 12264 22583 21549 4553 29789 22046 5686 30729 29098 32278 2600 22570 12803 30438 26693 21615 14894 22891 22189 22394 16491 12912 28269 26214 6487 26161 26678 7748 18153 5536 23589 24296 5487 7669 20394 25747 10071 28564 22087 5776 28293 23882 31339 12333 1212 19062 1100 9241 18576 32465 29370 19025 19682 15404 10847 21340 7980 24675 28237 25557 23928 32429 1906 28907 5115 17157 27450 16542 11623 16791 23972 16507 23648 4359 4936 28093 9094 16481 20386 31312 25710 3998 23349 6163 1047 14764 12258 23527 14898 2230 26927 22460 28479 24400 15735 12603 29205 12395 28426 27357 32595 28989 25890 31328 31851 4844 1529 25654 28289 19268 21938 20538 27235 23694 27856 11549 15582 25148 29791 29952 4018 17162 10344 20152 17047 26487 23213 32507 28685 13475 29852 8691 13116 6527 
21240 1191 20898 28297 14361 22702 946 29680 20180 31065 10175 11054 19701 20333 5748 56 27722 31988 32698 8660 651 5324 12407 31358 17808 21628 16024 21447 25026 16659 4087 21617 7562 28619 3843 141 9028 9161 9169 20069 3412 26530 6574 19379 1893 27311 16571 11155 16845 23818 25165 25288 7227 15802 27171 31139 8877 2615 19910 4999 24898 14699 629 30349 9070 17579 7177 5976 14099 25783 14291 9057 21376 13822 20682 15938 24992 9252 10154 29638 19465 23044 10612 28334 5885 29713 8181 32646 4595 4740 3713 18305 15847 24766 26746 10598 4752 21177 7676 1967 15831 16621 4077 20807 12940 18851 31560 12424 11991 10007 30852 20633 11823 4551 18701 29522 859 5364 7183 21148 15260 15746 31327 12711 17381 22793 17317 29979 14391 23298 29688 1861 17210 14768 8574 21451 23645 28634 24940 24593 8975 23531 2923 9737 27875 12712 25481 15206 5425 7668 4291 8475 19995 31448 28835 21050 32452 22993 10396 31757 21672 28042 32044 17025 12000 20553 24134 27190 25058 20011 21351 6088 29827 16547 4926 17380 25672 21313 5367 425 9724 5322 10383 5403 29934 26738 2458 13524 25392 27579 13307 332 15193 5068 24124 24514 32374 26358 25578 21692 13595 7506 23764 28330 22497 824 27318 24419 26941 8438 32500 16449 3830 7904 29828 8786 14176 177 17224 1079 8732 27265 15671 3555 27080 28143 8237 8293 27864 15765 16942 366 28432 19309 28037 26929 3414 12043 3263 31996 1381 11703 31933 30220 15819 30466 17952 7258 23705 656 685 10005 18652 17352 16420 17304 29301 9811 28600 20525 8449 20602 21548 13524 2475 21820 4426 6432 13444 11405 3865 14148 26210 22234 31797 17283 22885 11926 31089 9040 30690 15783 15407 29082 23692 17265 32271 4165 28995 29293 25259 27383 20083 21061 8188 12614 3552 27210 7970 18241 
26997 23752 7368 1752 19031 25590 18314 29946 16828 9965 12414 18112 20712 6450 2116 26992 16547 19803 9994 19520 3455 10305 19410 4926 13653 24414 17881 10777 20981 31017 26457 26369 18723 8908 24657 11109 4240 23993 9842 4680 7303 29664 18615 14222 22139 685 16341 27792 17021 14456 2746 15254 30496 13671 26429 29206 12705 9932 24069 12274 17377 2398 1760 23987 8767 1831 20285 31059 11246 14564 9510 6377 10757 495 13006 30634 27006 3339 771 8514 5829 10799 21841 25978 24798 13223 5188 2128 14719 22151 3788 9348 100 21262 27914 29612 30406 15894 14392 31530 4905 13313 23842 4505 1215 6020 2352 8043 17503 17624 27087 20376 10274 7593 10139 18832 17354 7655 7810 25995 15476 6799 25697 29417 3307 17697 11974 26758 5189 25137 20909 8338 25080 18243 19802 22538 9656 15759 32033 17137 10246 3894 17885 19883 9310 21023 6083 11801 8893 6399 32323 32467 29448 17522 23904 24162 9850 26300 5417 11210 27352 19156 12275 21019 5487 5605 21274 19949 30419 29471 3259 27349 9868 27307 29522 24453 12665 27170 29461 14674 24739 17957 4128 595 21995 15135 6773 25495 22231 5741 28897 17518 2741 13389 25205 31297 15434 30322 22749 13743 1799 16783 14268 28789 7679 27147 3926 18778 20209 8558 5420 32029 9046 28195 8940 22655 11568 25559 11041 17031 4951 12028 27934 10436 3392 20460 19188 19521 9175 7986 10279 2944 22887 708 3369 5568 29825 28111 28038 12649 13475 19735 11305 6749 1016 26113 22550 11100 6939 781 18957 664 10162 32622 4406 7715 6451 16167 25276 26578 19444 20044 2244 13452 26322 20525 27386 18149 25533 4953 19978 27902 11109 19864 16042 2642 8873 21394 14256 6077 5383 27032 836 16575 31148 27816 20509 1647 10287 24240 10847 5620 7987 27680 5696 13784 13222 19701 25556 21756 
18875 7352 26330 4734 7018 3293 16886 18659 24476 28521 11800 6443 14970 24272 25539 22305 18795 12011 17559 22596 29508 11775 15563 3353 781 16837 4440 21023 1734 6179 21172 22516 28164 9459 10599 11346 18061 9004 3567 18795 27442 9986 11924 2869 31359 12822 7485 28190 2741 18943 14352 10515 27721 21791 11098 20380 18903 32709 21035 27995 3220 928 28017 22045 16519 19392 25535 5704 10862 18984 21044 6100 12134 28219 3522 22775 27980 14257 141 24511 10140 8028 22609 27335 18025 27542 32090 2248 22786 13832 20889 813 21944 15172 19369 3292 7198 21117 29874 23962 27241 16400 14796 4815 10040 12521 19135 30084 24814 26859 16186 23276 5060 21984 24098 11233 29544 15023 29993 20222 3304 6542 9431 11354 8505 19885 25025 4894 5876 19698 22846 12665 6710 9250 24866 21606 29388 4534 32455 23394 9847 24212 23598 13260 14397 17395 24213 504 30963 19746 476 7568 25408 14489 1138 12850 12873 29091 26588 14586 1495 13484 7122 7125 1723 25928 19489 19395 263 754 18613 26088 24983 26642 7144 12046 21556 28990 14771 22485 22569 28318 22321 57 12749 3853 10216 16030 14383 16161 9109 1095 31571 16502 16979 14144 2346 12256 8797 2017 14302 23078 11112 5934 30027 220 19769 1106 4905 9536 21219 17472 15479 31174 1639 18221 17309 22566 26474 20381 1054 19549 18928 28359 16519 32292 18999 28999 13864 25630 28882 9264 11469 5550 19080 24820 16530 25163 1629 11742 13134 28531 15173 8448 1686 17691 14418 6978 16377 30335 1070 20172 13095 19021 29340 7433 8026 12197 6441 27357 11619 17921 1466 29191 21655 16415 18136 20684 32029 7599 17346 14950 5313 21914 24347 16601 9505 30803 21785 32413 8970 27529 5027 26216 19809 1536 22798 662 4628 12427 6832 2047 4655 17393 8234 2830 11241 5358 4835 18004 
24115 26327 4230 8362 542 3770 26587 26799 7886 5297 3282 693 14291 2393 11808 32434 30841 19100 23496 9665 23984 11129 5110 29182 16720 22960 8807 5706 10500 17222 26308 11404 17364 17954 22636 5599 26515 16358 23742 19591 21233 9499 11987 17501 13005 6305 23683 19108 5803 13549 24968 4620 8361 2106 12392 9529 28965 4969 9366 24646 27243 3267 1086 25165 3133 18957 29662 30105 20201 24110 4220 29070 12428 17961 11923 17730 5814 27568 20187 25318 15309 7714 30873 7357 31493 7080 19768 21815 16825 2606 462 28422 19553 14483 15871 11350 8967 1728 29635 822 28248 17607 11552 29888 5 31080 803 9190 16284 17032 32223 20675 7216 31788 17374 14936 12111 13651 23525 15040 22479 8394 30872 21935 4571 14175 11482 11738 6658 990 13136 29062 8390 25975 2629 15701 7399 32546 6660 29222 21918 25496 509 7528 9387 7970 10253 31883 11307 30849 222 7256 22390 1853 2342 804 26775 25608 8044 23046 10341 12142 21521 21319 22735 31904 2779 10457 28972 18464 3453 12964 5259 10290 5447 22067 10723 22315 22369 6164 3564 16693 22657 4305 13550 2156 27194 13225 4960 7069 11123 4298 11264 24168 13796 3098 32087 11379 8182 1968 20416 9855 17029 23565 9911 26521 29287 23786 29609 16749 28174 9496 4867 19012 30403 8495 16787 24840 26014 9140 7459 16238 5309 8608 17813 13139 15967 16485 32463 16065 11225 31528 27564 6223 17967 21108 12726 8611 4285 14069 12294 27704 6090 27826 31460 13811 4289 19766 15465 1594 252 10819 26126 29657 16286 8139 26505 17197 25146 16369 20315 15305 16039 21770 30699 16010 20663 11584 19508 821 26346 14961 28196 28420 1143 15230 23124 13899 30322 8 20507 23591 2180 10210 31134 8265 7720 16209 24976 23410 18839 9621 9836 14160 14009 17248 15101 29529 9564 26601 
16648 9270 4707 30112 16664 21441 13153 4227 10796 2138 12567 8236 1856 24234 32541 25236 2993 27450 7114 12054 3857 22640 13076 627 3482 12653 7250 17344 17480 7210 4125 2658 17389 15711 46 21339 13756 20318 6570 29334 6037 32601 48 2637 13019 13330 13318 14294 16295 10949 15224 23370 23592 29147 28034 14918 26893 20957 25106 29423 27561 16269 9952 22982 2787 11549 25999 1136 20063 27462 29574 15177 31971 23868 27908 21143 665 27967 2854 679 8785 22008 4039 23614 3399 1988 14395 16760 5064 2381 26947 20940 22955 12805 9881 4599 2755 10056 1231 30798 11455 28443 3995 29165 17839 6131 24833 21032 31002 30818 17217 19587 26841 3830 30463 1318 21980 18166 9304 3338 31501 13444 26453 28993 17822 10002 14331 28823 12644 30496 20302 23651 20850 14177 27488 11233 5916 14695 18539 17793 15161 5819 3015 24437 32345 10930 1239 1559 9514 19031 299 16375 31822 12983 3388 10858 5128 27505 27278 19859 10292 315 9477 31608 762 12421 7079 27863 13662 9696 17862 12013 19994 1746 19626 26280 12714 20903 6748 8012 21146 26053 12454 3921 12463 26491 15203 18105 3532 6470 21703 6483 31210 28710 28712 611 12997 17144 32463 18402 30908 5215 23624 30920 11861 23844 21963 1457 3528 20338 17259 23661 30602 21556 26188 7534 9909 29568 13211 752 9810 5756 31590 20449 19172 4469 17876 19019 32072 19456 3578 30351 10236 26571 18699 24907 27019 6220 1118 20187 29342 21171 11751 5558 16387 2139 2329 31571 17034 11780 27598 15607 23428 31182 15521 7696 11267 18530 30897 31247 13513 11202 13899 29404 25696 5093 19780 27553 12006 20977 26545 18452 15210 6060 18470 18985 22045 18764 6167 11758 29335 2229 26622 7698 7192 2541 24213 5935 8032 13781 7140 26325 5119 21115 2518 4072 26860 9262 24439 12768 
9077 28388 9107 21741 11771 7942 10468 14256 6270 15642 2719 29679 5486 8397 10373 26811 28837 6384 29648 29896 4112 26195 24060 30018 24551 15943 27073 22385 26478 32364 20712 11552 30307 14251 2747 32293 26282 6532 15435 3598 13327 14463 32020 26877 13589 9553 17767 6969 12477 12826 1815 30435 25890 5061 10007 9250 17630 25850 27695 1439 12118 1267 18354 29885 468 4229 11527 16734 2118 25412 4368 25323 21860 24531 21624 27842 19863 1573 25842 15213 22026 14358 22888 3290 26483 8154 22049 16466 17529 525 7552 13648 28460 19844 10413 16366 6450 12399 19566 24289 10949 17331 2218 16884 8213 2774 14009 8582 32015 16174 32496 6162 19965 1568 12152 14810 1287 5759 19171 31626 28766 14710 6468 1172 21294 5097 11856 26183 26839 18598 24338 10376 8330 3660 29645 19738 30093 19900 23688 13132 15415 28648 13196 7919 26939 132 10839 24382 29373 19802 30384 14697 21729 26974 5689 27598 8133 30104 24659 24136 17928 31482 982 28435 26943 9531 14865 3308 2566 31509 29002 17496 8571 8761 26392 26552 13065 30366 17597 1628 12116 3100 19955 20054 20361 633 31634 20514 3221 9708 21479 13681 20592 4380 22204 20658 18179 5337 7202 3483 10685 19340 29815 26183 13209 18323 9929 7434 14649 19197 4172 27257 31424 1079 870 14055 18661 12627 21267 4758 12338 17316 23268 9673 22623 20012 12148 9721 24538 14395 19889 29055 25589 16543 9336 17476 2505 17841 19639 30418 26349 28963 31080 23403 1773 16895 16140 11269 30332 1500 23757 21342 29173 9783 16070 22411 13413 17052 29071 22778 26199 30823 17875 12026 24501 19655 20938 25962 6746 8759 954 26083 12298 15261 21514 26333 4396 5794 18112 32497 16265 186 2346 9706 21656 19447 4968 17799 23823 22707 27106 950 9030 18271 2826 22974 22849 27100 23018 5494 
16787 32176 10745 18505 17653 25980 17000 790 6979 20408 15164 15190 25758 16103 7242 15271 22770 22348 23613 20068 9450 562 23712 606 14200 7955 31523 10375 25216 20494 28722 31972 28763 15898 12079 17783 13603 12683 5063 21787 27887 5076 16272 16727 15300 7519 28509 29738 22571 12182 21624 24182 12756 13477 21371 2803 13333 32118 13090 29829 4649 31643 8536 12263 24050 5142 11908 18956 20884 9213 15301 14590 32055 12508 22763 24701 29767 32683 22816 6390 20315 4836 20330 8178 8540 16223 28677 19000 32269 26450 723 17125 20824 3525 2309 3871 32349 28187 26095 16042 25865 20823 19264 20085 15754 11802 29341 22891 5095 12963 21119 4341 30297 15098 17638 28157 16157 14412 26397 20622 18274 16831 29063 23489 19484 24265 29104 14349 7535 17851 25166 4815 5032 808 21396 3619 10536 28739 249 14714 31869 30220 26305 9888 22970 15838 3040 13072 18940 30884 3602 14977 7145 5980 15672 15664 3765 31031 7728 20077 20504 8339 19256 12507 14626 5789 24823 30292 17511 15172 17498 22253 19526 10 29012 22060 28864 17610 26618 25073 9276 28129 4677 20631 12402 17467 9256 8439 7255 25793 15059 4928 23007 16287 2845 32039 24112 23980 26137 25487 12395 22153 11554 376 2310 19132 1134 21883 18200 22051 23255 24504 16403 20718 534 24044 31932 17141 26436 532 30140 30337 20299 25701 15094 2442 9540 13627 16789 8355 27648 24318 9832 4813 24723 21835 11397 30419 30192 15449 4672 26052 10782 24842 6426 30514 1098 1257 5950 2714 29577 14994 17369 14546 4391 18011 29264 21932 20543 31315 19612 23659 22606 10524 2202 22727 445 24821 647 27448 27387 28790 30262 7725 32186 8385 12485 2826 6934 11844 1087 9079 14884 18043 15254 2040 14981 9685 11925 28912 30894 16509 25514 4343 3803 14641 27564 7862 30482 17188 
24031 21869 32502 17398 1507 8156 1509 2265 8899 28244 1540 27259 17844 10042 30785 4256 25812 20996 25595 17427 5395 5217 4791 30021 2374 26612 13213 11661 13211 15255 21893 7371 1777 25534 28089 2949 2168 24221 32704 32165 17831 24257 27627 13242 248 20042 13400 20179 28379 15487 12440 11973 8046 12936 937 24313 19881 20588 2165 18976 6671 29854 23470 30455 22548 23318 7755 4305 8161 29888 2820 725 15948 19025 7745 23705 4169 8393 19920 4242 13651 21355 24288 7954 5639 23277 25938 30389 29097 32355 16293 471 2730 19726 3591 12683 6038 12565 23649 10365 5683 22790 18699 23424 5725 11587 14725 12137 12936 11123 7559 22 7893 19346 26089 29486 26773 4729 29351 24339 20174 22574 21660 18167 1945 3723 7387 32751 19990 9367 21404 7320 28752 8201 9064 20949 14173 6286 28607 11646 6713 32680 2324 18768 21060 30377 9216 2164 20172 13458 8113 13642 13206 2804 1334 1124 15329 19583 14227 13157 20785 6179 19911 31980 19569 18793 15052 18557 25281 24540 31080 2562 18512 31002 21512 12567 5905 9748 29423 162 32202 30335 3144 5398 437 23648 16134 15413 6021 27428 28888 26031 3268 9600 5731 8082 24949 31913 22420 30112 10593 6528 2846 24822 7079 14879 7040 20787 16835 15755 8475 25719 13510 8955 17119 18604 2899 21041 32460 7325 17937 17739 30820 10314 20722 599 7048 27292 2317 23787 29357 21537 9454 22499 11881 20296 25504 18690 20809 25646 7067 17037 28142 28902 3645 16034 23559 22128 29928 9929 23472 17072 19449 6825 10975 18894 7756 4232 9215 27844 7341 13697 3279 1271 17550 7419 10053 91 22968 24825 30521 16847 22955 11491 11957 29797 20364 4681 25229 11372 15177 13802 24304 27628 18912 28156 8228 5654 491 18342 10131 21395 26830 18022 12805 10771 2336 28304 16053 31470 
53 30684 27125 14317 29977 24169 10481 2328 15847 23882 24666 24379 27100 29569 27851 9528 23287 19148 27660 25345 31192 2901 518 30515 3658 23783 18426 2379 3033 933 15581 23608 26383 21782 25777 13335 11276 22298 12022 2962 18755 629 28 9182 17077 17911 27182 7708 16862 31740 19577 1138 25777 29959 25141 12921 14079 2028 8319 5586 10853 29469 9989 3735 26790 8527 21675 26252 2622 2739 27204 13545 13773 23165 3988 17728 20373 9201 26447 24282 15851 6049 12973 16106 31945 24029 8824 15870 18138 29390 1712 4053 12476 12932 10337 41 19600 31679 18959 4878 28356 5497 31718 23546 22244 10362 8606 4586 3057 10568 19326 11229 10465 24397 24422 4804 14321 19435 22062 21576 28143 1723 8250 9890 11873 5520 19768 12626 630 4317 4497 11542 12238 16571 15400 19237 25525 23614 24756 11184 30673 24791 376 8138 12119 11459 17013 15015 9733 15186 13564 29234 8110 12489 6704 467 21163 27253 19613 23601 3092 6287 26576 6064 32105 52 17253 22134 6495 16775 963 18734 192 14990 7362 5928 3382 953 18618 18442 31031 27528 30866 17231 16664 3462 26377 26582 12525 25778 24093 5860 29345 2788 11308 471 3964 8130 3694 18104 15617 14176 23180 31763 5717 28032 19313 24383 22431 23648 18485 22006 10370 7346 6821 13803 24941 21088 13404 20187 28085 17401 30106 21686 18962 19402 9731 7183 25439 19176 16032 8756 19052 19545 14810 26081 24403 32054 25761 21870 6991 11785 11182 28263 5320 31236 11093 31512 31799 10745 29397 32308 6835 11175 15825 8892 25285 18713 31342 19277 9589 28615 5436 24862 12254 26673 5471 19997 27963 3511 11663 18127 30787 29668 24701 6510 4397 19123 5697 26602 1923 16541 8053 15641 17556 19958 8479 11879 15333 16694 7828 61 7061 10329 16186 899 25726 19864 8447 29364 
16151 24750 20264 7554 14324 769 30314 7188 13307 8006 27728 26896 829 28074 12309 30873 5188 2242 27357 1863 19577 18241 10898 330 27579 28803 8221 19524 23102 29987 4170 24288 7139 20574 15685 17714 32047 28630 19616 25951 10683 10759 27656 11264 28250 27062 12101 7716 21793 32296 21413 3677 26141 26534 32236 12004 24097 3834 27739 28416 6657 31774 16937 31976 13127 23596 761 2371 32303 28283 25379 26504 21163 16104 1809 17264 5140 15941 9304 21989 7214 18908 28850 30947 10252 7289 23046 7192 14698 22355 7280 25628 21692 17271 27302 10098 4579 23461 13974 28853 11587 4814 13589 30791 23968 7835 25170 24886 5783 8527 7335 20389 22723 31563 21783 19273 24592 7645 11510 12607 25319 18289 17827 20180 1496 8448 10420 7685 10394 5457 24964 13135 5494 17616 16718 13234 25720 23489 13709 21036 18941 542 12554 29188 29225 26189 21216 22341 11445 13405 18338 757 9827 24310 20369 5659 9544 23846 11732 29159 19014 16239 28375 25348 1428 12306 5749 11104 32668 1444 27426 6046 13274 19187 31881 14229 19181 12125 20015 1972 19922 17374 6440 15075 3547 11780 10169 12432 22781 25810 12922 22905 21206 552 21684 15379 28673 32717 13211 32253 27106 19439 9120 18879 28370 20891 4143 1021 13490 30553 10108 2028 20915 17394 7657 20619 21881 12264 5556 19710 30706 22553 24424 22389 26927 5160 19846 31472 6268 17482 12221 11991 19106 3253 9845 6177 14638 2828 14640 25351 28743 6024 12667 30534 5643 14376 10032 5539 27720 25667 11219 1907 5234 4971 27340 5111 9290 18497 26664 368 14307 18398 27839 18708 16512 7767 21760 1275 13609 16016 28707 13310 8425 8285 7443 7421 21146 12438 4222 23363 24593 290 20382 21017 8932 18123 19989 11772 24359 16518 26099 25025 9596 16851 30018 31255 23775 22437 21487 32628 
20225 25105 18271 9031 13374 20194 28154 31890 9076 14078 27722 25720 16694 15438 28945 16989 2098 27374 16338 29018 18002 20161 17825 15613 17568 9735 13623 25333 3204 20057 28647 22621 13514 15546 28715 32229 12882 1420 28618 8263 31367 5788 9807 31684 13034 15955 26218 29008 13963 5000 31567 22582 15402 20658 1644 27716 9306 17464 21589 25143 18158 6584 24639 12112 19224 13983 24132 32376 26492 5570 22659 31479 6132 21422 24809 4835 10835 21974 12078 28952 13586 24334 10329 24820 12007 3578 7010 15425 20405 6989 18073 20632 16434 21929 8899 10934 2844 6295 17447 10193 6823 6636 2356 22451 3224 15918 23804 28200 20131 31631 19602 10187 32050 2701 12538 22822 11125 14557 14081 6866 15626 29129 9963 6527 25484 18101 6214 29531 5211 24855 6526 5425 6588 19636 6549 25221 23355 7826 31495 15785 25295 16984 25078 5224 26996 29514 29826 24256 9059 5479 3129 6408 25906 4896 9501 29674 12072 13917 15725 4731 3692 4842 6554 1184 23009 10044 26999 28349 21493 27471 30146 6472 30381 31692 9435 15176 20411 20719 22272 12246 15674 20162 8999 24474 895 24068 12904 20252 18380 4971 11642 3920 27229 25355 11509 14740 14298 7395 26895 24805 30995 28832 24925 22086 27589 9448 14416 15548 5120 17338 9146 18890 27549 15965 19846 25907 12142 18189 22268 27607 6922 32140 18900 11170 25737 27398 7533 1517 561 21125 29358 9935 24915 23128 17386 21231 31037 19342 23863 21658 19266 11866 10718 1102 8849 18324 32622 8709 7015 32267 12485 13447 3974 16281 828 7520 18988 32239 18498 1883 20656 31338 13571 25727 8686 17071 26672 12276 6749 31412 3842 28508 11772 8219 22826 24224 3928 27060 25237 25032 13894 27252 9697 8703 4952 12133 18438 11362 5644 13183 26454 24419 28169 8598 27193 31960 21471 19008 7266 3280 
7334 5289 24806 15930 21390 26264 17858 31855 1082 20296 1650 32766 3931 16361 2046 4231 9846 10658 21429 401 3074 30560 20446 4002 9842 8381 18441 18198 21450 23956 16509 28296 12534 12970 26485 24422 19339 1627 20383 23382 22315 29797 17503 17447 21240 31878 26088 32631 3748 28697 2670 17033 21298 173 4601 1816 17501 22913 32566 26513 20653 27998 23139 10158 1734 1039 7075 24164 26678 21608 28881 11569 12922 24040 26994 12150 2295 16323 22654 26188 31362 14420 6251 26291 30793 10464 32556 5742 541 580 11602 8232 5960 16447 7587 10514 32320 30109 19437 4585 18401 25623 1017 5494 7405 4863 8446 23691 31049 8489 1249 26880 25848 14968 14339 25873 22929 529 21944 30402 10671 10707 15779 20307 5532 14639 1756 17897 21321 623 15963 31812 6279 23119 22057 8106 13547 6271 23859 14201 19649 17964 29772 23365 2549 11214 2867 20090 27561 4892 18230 17577 5528 26274 24468 17694 18862 28319 25456 19942 12597 31072 23980 9202 20765 2594 23954 7791 15412 6863 29148 1432 28537 31039 18838 32371 31631 5005 19078 23379 3214 11158 24401 9319 26319 27608 17532 10447 17922 434 16372 30552 19311 16740 5572 518 16221 28760 7268 7272 32252 15679 30152 3312 28117 18212 9631 28188 27406 16383 118 26752 25123 31625 2032 8163 19930 2017 9167 17863 9240 2968 20171 3003 10570 727 15754 5919 11537 1532 19586 27421 28231 32280 16525 20650 12898 15106 8187 20930 3715 3248 25851 8881 16907 18926 759 1501 26815 7488 14129 17725 28550 30080 23280 8129 26265 24183 24817 20851 15431 4248 8299 3463 14601 27072 13659 27942 18226 12609 19513 11234 20616 17178 12415 906 892 3993 30105 27930 20693 4828 26687 26595 20540 21733 5511 22265 29220 15420 20551 22069 23120 10038 3372 15801 4856 31244 6191 9351 
6126 12324 22090 3190 5096 15492 4627 14971 2824 21380 28545 5433 47 23103 13742 21293 19818 9082 23298 16536 6767 15522 11333 9035 10807 27730 23579 2333 1061 22198 18824 27794 11349 1715 10291 13770 23984 19630 10410 4005 1289 16043 23653 17163 16856 18271 23340 724 3034 13011 18325 25770 5251 4889 3279 14128 28120 9625 17913 21976 31065 3351 26871 12491 14761 27156 31272 4018 5304 5256 31300 3824 23945 3158 5794 28094 13360 26806 27207 14576 21429 21493 27643 14611 182 5815 28910 28716 4388 12723 31461 14214 20235 6660 1100 6785 28095 25024 22588 23456 29255 15193 29994 16947 16371 26014 12024 8643 10515 26928 24584 13626 29827 28443 32732 14017 19111 3859 17571 1043 13805 30073 29072 16472 27150 26121 23258 18095 112 12593 28357 26891 4931 22120 15024 21872 5019 26203 30246 6629 24307 12957 5621 2377 6065 29241 5808 10200 12625 4555 1663 150 28154 7931 23617 26489 5729 17308 29316 10412 28428 88 2636 10921 1666 27427 4729 12589 23924 20850 31138 32125 15707 3996 10823 8313 3788 7074 25021 25152 21284 4507 6923 5073 28902 14845 29984 31760 22953 7682 14596 1294 8957 19788 23436 12164 29270 626 30317 29160 22304 14074 8129 20791 611 23854 27392 31813 31296 16658 25220 1126 20599 9804 29063 2633 22903 7547 759 19192 4239 30429 9656 27289 7365 24333 25753 17147 12942 2533 25180 9285 24525 28678 9934 5388 7352 11480 9687 27849 7414 17810 1080 32650 27861 582 6057 26724 22623 2719 32362 10893 12383 8647 29419 30160 21138 16580 28914 32704 17573 24742 10413 14155 11718 26575 11774 11186 20469 26923 17517 25551 17434 31843 23671 22120 13405 3441 19260 18101 32228 4561 9154 7800 22068 30038 4238 25431 28216 18512 13434 2431 3747 2750 20714 14171 31454 31348 18087 23362 
16523 11359 3871 25683 32284 15550 12205 13795 3804 11204 23669 16935 26703 6656 23198 19308 4904 15280 26255 159 23171 15692 19185 8396 16874 4461 3827 4987 23347 4435 24287 18974 16609 11943 19372 22488 4222 29799 17976 83 27088 4668 28447 26814 16769 24226 673 2579 3082 16354 32431 31617 11626 7756 30469 28666 32467 31628 24311 24399 13382 13969 6181 14908 29130 19607 3464 12660 31474 7966 13933 19674 26542 11 31051 23656 16497 26615 2534 22530 21935 101 13145 4217 7383 1945 27972 4144 17730 5191 4436 29589 7395 3413 15932 8264 2208 31554 28892 32343 26460 26819 5977 7070 30447 9371 26433 13536 17840 20661 3630 20309 20680 31944 3265 25473 10278 20195 23585 13528 25043 29853 863 312 2194 14049 13367 27612 23890 18446 16619 13828 15489 20670 16945 26043 17047 27264 27209 22769 30720 12096 20768 32754 17976 21232 11430 3180 25821 1043 5210 22020 12248 32334 3870 4178 27918 320 24817 20385 30219 26476 9733 21141 15453 24755 10291 10331 29528 29039 6728 11247 29131 16052 26458 9696 11170 1805 29219 32468 8165 31485 18931 17916 12563 14859 29878 22299 25724 1605 27863 4462 19547 26344 29590 29842 20913 18349 31072 3781 26244 1441 12485 26729 152 2661 29857 24022 27727 2847 7650 30606 28849 12499 3783 28221 17281 7272 31180 14528 2963 11970 8558 25488 24308 26483 5602 10704 27889 30552 9970 12327 31431 5179 9658 25492 17134 13224 20116 5773 7752 17784 18527 12903 14552 26491 6293 7740 5158 13430 24931 27818 14803 3715 21180 1568 21301 31846 22523 11224 11419 850 27516 5577 16690 19967 3948 13588 569 13190 25385 22304 6324 844 4239 18158 5206 890 25343 28480 25704 15701 27698 1577 8798 25863 21494 16515 15970 27574 23546 6347 22931 25752 23800 11373 20859 7906 296 16735 
7790 17765 30143 7057 1991 21408 8978 17402 12287 6063 31225 12733 3151 18621 30273 16745 12628 17443 31379 24785 6397 7393 3201 17298 5557 14586 457 9440 1754 8363 14257 29170 14574 18283 29243 25896 29447 7121 19042 18632 380 11190 14118 9018 20411 2861 19206 9040 8971 29320 1724 21519 3391 24564 915 30056 1106 8853 31296 20761 20323 1486 31473 29270 7981 8748 32382 27746 31497 26399 1065 32065 30198 6590 20891 23102 3256 567 8510 6329 13520 3333 22004 19707 18680 17719 13817 16785 5224 22338 8694 14785 6402 4317 7036 25520 28312 1105 5343 17861 7064 2968 25596 20309 2958 9416 22698 6689 1414 23821 25305 11555 505 11941 21533 17380 13547 7855 26004 14121 17135 18778 1709 19281 4361 11244 25568 25524 28636 25638 4877 9285 25536 18738 20961 1161 28165 29603 30944 17853 22603 4635 6362 15677 27689 18042 18503 16044 2197 1850 11023 8944 23123 7357 14843 32284 1478 13043 9544 1216 29376 17979 32419 13980 8910 32419 30801 19035 5372 27727 15986 19539 8454 13989 3297 14148 10305 31815 10057 21841 1929 19894 12237 32044 11674 9055 20899 12649 22787 6023 30883 9177 13751 24518 27018 11139 10095 19314 12613 9512 9573 9999 9042 29176 4584 3405 27834 13875 8439 2746 23193 12431 30595 13074 21229 14645 17363 18459 27085 19598 10755 22008 7273 27938 4093 10798 17839 25288 5722 12261 3751 21936 6438 27639 3239 14313 7658 27985 29567 31639 5222 13994 28842 30743 7397 13089 17865 5300 26993 811 10072 7120 27524 27655 10928 3173 6505 140 29444 15739 20078 2402 13982 3874 20890 8014 20582 7688 6389 30622 5483 22046 14181 18029 3957 9611 1772 783 29267 24598 5571 8116 3549 17446 9725 11739 6897 5483 11494 32088 5987 11473 15877 7199 13047 18954 23441 19319 21815 3341 
32079 30564 21267 32001 5336 4194 8676 6511 23135 20046 26901 2450 23038 16683 13096 25926 17277 8209 28386 12788 123 12726 9764 27318 8583 31013 11101 4630 30498 27498 13744 24716 16419 30986 13689 454 12246 3725 23491 1194 12598 23833 20554 28624 30941 10386 18601 24513 6936 6412 24891 30509 7 7670 18444 8702 5081 17285 4062 10449 29167 30914 9955 9772 13730 2504 15190 5384 4639 18701 22862 29372 14014 18085 25275 22249 2103 31246 14496 26018 17110 2086 22338 23693 17659 9027 23513 24013 5488 7230 19191 9847 10941 24278 6071 23871 1482 19069 30464 22405 22370 28820 15386 20674 29132 15355 20357 2145 30653 8886 19057 358 3778 8827 18528 10247 15166 19983 8488 26956 9473 7573 6172 3587 13313 12135 21502 12832 18767 9088 11747 18660 26419 32042 23172 17560 26548 11313 12166 5065 21490 32471 19903 28106 3135 23973 13098 16340 32408 7053 4616 19663 10936 27120 31358 12017 15358 8052 16620 13954 15206 22422 10943 29837 16374 6801 10868 19997 24904 1182 32472 25450 23851 31092 25992 23401 10026 23258 24742 29442 8237 18103 32543 23608 26169 18289 14971 9740 17556 27780 26057 32457 20311 21955 26619 10844 17716 19662 511 32465 27272 17846 2619 11504 20879 427 15948 23371 31023 3380 244 19057 22300 28631 15602 11660 31262 24462 3893 14791 27090 28833 28999 27638 7444 31246 13355 4352 26674 13671 9433 6389 638 32080 26436 718 8954 20063 9126 16025 15020 16819 27928 5499 12842 32599 31067 12140 22399 3025 30684 8216 13884 9383 18088 12540 7249 32164 24736 5330 25358 32727 29216 4568 16835 255 23799 4929 9209 14787 14914 30707 6865 26015 26119 15277 30581 20156 20259 3542 4096 32225 23856 10881 15639 6605 13510 12070 14395 5281 7544 25897 7328 22601 13417 19445 9884 7262 13436 27135 
10316 12557 18271 4131 24564 5527 14263 9218 29727 13727 28776 31149 26968 3571 22887 2280 18068 31970 31981 31053 19399 22220 25351 14580 10182 7946 1559 9657 27537 16644 13012 12269 16544 16072 29170 19698 14563 27742 1910 18373 2593 6201 31341 28878 16057 8696 25677 29071 24447 8642 11953 29995 8042 15007 5028 8170 16005 22889 22279 20673 22436 16869 25316 13673 19068 9089 4324 18582 28114 29884 7369 21455 4051 24872 21413 28591 10236 18931 839 29902 3589 24442 29294 14547 21669 18406 13859 24660 22383 7284 152 15934 14513 13302 11939 6238 6967 23292 23672 21183 18834 4382 24497 18298 30856 18543 44 10729 10081 14849 20478 4846 29842 13105 8254 29149 28725 30418 3229 30150 6379 7368 7807 4815 9971 181 19821 1447 3059 17262 16506 7834 23421 2622 8905 12503 20771 29165 13421 5477 20519 22790 499 23579 23481 4826 3321 18964 12852 118 1713 27559 9944 21211 16549 16966 7059 14265 11694 25262 26574 10407 5718 16208 2607 12638 12485 23331 5937 8307 29387 16811 16529 29102 18462 27769 7591 12260 26419 4210 3029 13489 26011 29503 29982 31915 5947 8733 27870 16237 13029 17897 19521 19505 7010 31279 5925 5730 16653 32713 24050 8535 11037 5130 31013 4119 29065 30552 22096 30407 28574 22045 5677 2228 12730 12911 17873 5700 11604 1977 5106 26723 30344 8947 13658 6181 7192 4615 21800 27363 8251 27882 21384 5870 28628 31336 8783 5953 14740 6640 22304 30268 30705 13885 14803 25019 10190 10546 32376 15960 28470 1106 13706 2593 16166 2487 18130 2014 8609 13170 5004 29170 21411 22710 30271 29040 13798 30831 10342 14605 26834 13686 23159 25974 6816 29185 18676 23631 10414 25499 7611 30295 20096 14324 8529 23029 3542 5833 13716 6758 169 12551 7594 3959 11582 27626 20316 9246 3944 7702 
6857 22684 21987 32398 14858 17107 13762 23177 7900 25954 1061 20054 15813 10680 28269 17246 4113 8699 11967 28029 19984 17728 8568 5673 19843 26042 25559 12454 24381 10483 4713 20239 5412 31333 12817 14914 28807 21800 6683 15069 7971 1916 21923 4048 9641 23274 27346 7644 15177 16036 15048 15647 32367 19209 30946 14833 31617 3794 6414 18093 2748 17236 24817 5911 25363 23834 31424 30782 1278 22474 8237 29994 2695 26872 16314 21314 19083 30582 25805 28203 17578 28410 11648 3534 7421 11797 11967 9850 27280 11517 27581 3853 10906 4480 22183 25267 9559 24047 12088 19676 7820 7958 629 20906 8189 14328 30375 21951 18732 7861 30574 18928 18723 8891 619 669 12058 32285 2333 16991 1057 30281 17038 10233 30764 15519 5471 27659 21587 21666 17485 3351 32657 22105 4726 13582 20439 14430 3054 26025 11377 14796 32628 25602 29176 16388 19571 5316 10910 19979 6050 4606 31831 26165 7478 12099 21678 20723 31816 16615 8202 24447 16941 23746 2490 18503 1608 7340 10230 937 18260 25874 1185 26334 9912 29916 3732 3584 15616 8486 2460 7075 748 20253 9982 7658 12959 6445 19351 14023 11741 687 20042 16679 16917 25174 30834 12260 21546 15227 9626 3263 2974 14455 17545 31694 15159 25578 23544 30943 29087 27516 27561 7953 23974 10996 25513 13471 4318 18255 21461 9857 22882 19520 2372 17038 29438 12176 16756 1343 918 6822 14417 21123 3415 4475 21147 31771 1141 18134 15032 8661 14516 9414 17402 13411 30638 19415 25671 22863 15728 14112 28670 10121 27642 2344 5773 29813 24439 30392 21678 29299 306 31877 6401 17736 9716 14946 6642 31832 25377 28793 19822 25929 36 3543 25783 17706 14631 19491 3999 18362 343 24553 3240 6801 10414 15028 29087 1699 13485 27666 24771 2946 12940 3714 13691 27276 19783 29941 
16324 18261 775 32284 26043 13924 29094 365 3222 3552 20980 23066 24727 15520 7792 8839 4589 16669 28928 6343 6387 8076 12846 27265 28264 7493 22966 9211 17720 4200 31244 17335 22836 28495 29785 25422 24331 30310 1082 21954 15496 32355 9522 13954 11743 19472 5214 19260 7057 24053 24209 32401 26965 5738 11273 25762 18933 25517 1382 172 1043 13999 12765 28587 3884 9451 3291 18538 20670 15598 10645 4585 9561 1632 27182 10953 766 29333 9481 11447 13132 32278 1784 4687 7733 26676 2157 5969 6511 28370 26707 10553 13678 5936 4120 12563 14937 19008 25231 27720 18489 20656 28132 20908 31698 21069 2753 28938 19703 5658 31480 26479 32086 30896 10750 23038 2653 10497 21799 19093 1969 11993 10695 25862 26141 18986 885 30617 9965 28447 3874 9013 16203 27690 7379 14979 4230 5427 20567 11654 13255 12538 21521 31849 15196 20786 28737 29199 14219 524 23814 971 12666 4423 28368 25278 31973 20879 22185 22293 8024 25756 31913 10598 30735 32470 12453 20808 13607 19955 29507 32712 8604 6497 14439 1805 783 14348 9690 14253 29733 8900 7355 12963 22058 698 30338 8437 22140 23619 6351 16452 16703 5312 6448 29627 7413 9145 24244 14311 17323 13442 4513 15478 18641 30452 14420 10493 25460 6411 25988 26096 15900 21510 13545 2579 28522 23833 3757 24787 25200 16977 12878 18664 10758 23307 23319 20908 2854 5778 26485 16717 11808 12586 27861 30653 10549 25777 1580 2775 10085 1800 30660 21388 11852 27329 3678 16032 14042 24109 1579 23252 30263 5518 32271 24549 14558 32182 25217 28643 22850 15774 23942 21900 29888 6489 19204 22599 2596 149 22223 31198 30168 18492 10687 18957 17508 22391 23359 1966 22926 71 13936 19376 18909 12480 772 32011 9562 23345 16884 21976 18794 8501 6942 23885 1515 8950 13211 31390 
17645 16911 12419 12584 30666 943 31143 14126 10081 12482 28716 8488 30935 10627 25441 2102 25465 6006 27823 25944 6572 1158 24923 22124 13179 29831 12747 4214 5751 19268 13462 21131 1540 32103 18075 21868 30016 30244 21574 3248 29827 19773 13061 4905 24696 24308 32305 22973 12750 1042 6276 18269 23272 26819 4313 5060 8702 856 29489 531 20400 5436 1740 4248 15604 1395 17946 14879 9171 18811 9341 7338 6474 30852 1755 17722 10118 3582 29224 9985 7026 29976 11638 30740 715 20723 29679 20508 20346 25494 14669 10832 3629 16858 11283 29481 2239 25650 720 26244 9053 4581 7711 11466 2974 14444 19139 125 16419 8647 27590 31134 27071 32397 29201 14509 17279 6401 14622 7113 3328 3333 3161 26997 1135 20131 28802 20749 3245 26244 3255 4155 27193 23142 14771 19348 17104 10464 29950 17246 1737 4171 12534 12341 20346 29814 16859 7781 4081 97 9886 14450 21352 1845 32220 11993 18585 7622 4039 4414 2544 13578 7850 9181 799 26576 22912 8755 13262 4908 29766 32255 5303 31647 15494 18220 5304 15840 18658 29742 27026 84 30490 15603 6530 4159 28833 8620 21578 19070 29614 32694 5756 16078 8825 4760 15210 15438 9720 18810 18329 578 3385 20221 9716 29784 19875 26025 24755 17347 19977 21504 18826 2641 6741 15947 12698 14538 2188 16572 13885 17045 25740 1489 6006 25193 29820 28522 13998 5639 10473 2336 31453 29012 20092 12726 13661 12666 13661 26575 22266 27253 22784 12872 17050 14895 17754 32704 32556 9308 25630 26218 26390 4420 12685 28501 10873 22060 17345 27046 25242 5053 17702 27301 19479 2987 16184 20805 17065 28844 8426 22827 5289 1475 9787 29333 10322 25331 25522 18582 16101 9522 24138 8001 3956 29874 4493 8750 27855 25548 23587 24645 24066 2679 32548 23806 20197 17258 16004 25789 
17650 28544 18162 5114 12315 21321 18368 12926 3838 4429 23727 27452 11317 25103 809 24535 30866 10831 9194 21260 24632 31836 11528 31978 31788 14587 15660 32495 30684 8367 13858 24962 15318 23606 17624 26121 17022 5038 22222 26861 19658 25055 16640 23262 6715 1777 10638 13292 1284 8736 22904 3927 23811 16163 8961 7066 23181 28137 27299 7388 4548 2000 7780 26906 15016 23085 23728 8087 11807 21227 11507 7084 28856 1333 25732 5349 31625 960 28588 7558 29104 23196 12794 29339 10689 14443 25408 2221 13612 31987 8225 714 25455 13113 29947 2456 10444 31938 16561 6168 72 28204 12524 11722 9208 30474 30184 31851 1656 29563 9605 15432 6948 2044 32134 6632 24848 11329 19979 25650 11469 30533 26496 30104 6498 15983 4134 28279 3144 7404 16083 15038 9041 31664 10015 20215 32222 1275 1868 8435 17168 869 28911 4946 19607 1098 12151 23028 24227 22581 32373 581 28145 21688 7617 30593 24388 12690 14351 18977 7713 26588 3680 20771 10954 6550 327 19576 22351 18409 27165 12998 21934 26096 344 6543 29689 12608 26532 29122 25945 28689 163 15295 2510 13882 25377 5851 28120 29654 20490 16238 24380 4941 26040 9383 17198 29562 9513 30710 8298 27331 31194 22908 3274 14748 25538 2233 25630 5050 23953 27708 21349 26679 8178 8050 17342 28035 4737 6420 7059 22818 420 28348 20166 2970 23304 17184 18984 27017 15508 2532 15720 30694 11883 1624 10985 2965 5419 19979 1967 12642 18410 12177 6201 2857 10514 3517 16784 15807 31826 9053 4142 22965 20145 4476 5782 12315 20826 6704 5956 29697 13951 24232 6576 32321 5802 21554 7228 23252 18358 31131 23232 7292 14188 16481 9814 30723 5770 12956 29888 3080 17364 19793 16859 3577 28676 8909 14499 20403 25878 160 5961 7228 19669 16236 16476 15881 7979 19238 
25863 22362 1243 17032 22366 10578 17422 32358 2522 26420 9541 32395 25943 8425 27662 10788 14272 15835 7018 14033 10914 10292 14416 27821 22847 3035 15524 6624 29672 20406 7049 19067 28977 12251 7008 9764 20745 18350 11728 6151 13305 22259 13579 3641 1318 4570 12430 22596 32302 7507 5823 9411 18871 22738 28712 837 28891 2837 17306 23377 24559 23064 20346 30204 28196 30898 14464 6118 23209 7087 3018 1723 9818 18608 5998 7806 767 18961 13591 9995 1350 8390 30399 26449 17774 11920 13320 24545 10387 20258 5345 5414 27300 423 18032 4734 12985 14109 25853 11097 12567 15101 15434 6311 3812 1533 9082 28152 409 10704 32605 10721 15070 20736 28525 14017 13134 6997 8760 6854 30256 21869 18512 7698 14575 10364 23470 4697 25596 21735 25890 17536 18000 23266 12993 4324 11890 6493 21459 19057 21814 29879 12476 6964 29108 12854 14959 4180 13851 9500 8823 3680 19585 15679 28171 10110 19272 7682 17135 10389 21353 27922 5167 8170 26177 576 17814 19527 26104 14242 24811 4499 32148 31081 27705 9906 11892 6139 3574 10178 27762 20415 9495 8349 16511 32350 9308 14629 14308 19816 1852 15484 4149 6030 22834 30120 27469 11110 17097 27483 27169 7730 21700 24644 18288 4786 4669 16564 8103 19732 20673 22969 16425 24937 15716 11964 19669 1722 20102 21443 16029 4877 7278 22755 30702 11491 29850 28926 22386 2757 26484 28335 15730 17832 28348 27847 24215 20500 22278 1747 5075 18917 3162 14118 9983 4247 27096 1622 8218 27502 27096 10831 16986 30241 11801 10078 7557 26273 26841 15473 25189 6155 26435 29587 20223 29516 21278 508 30374 25717 29336 327 26805 18716 21506 27180 10465 1506 9841 23382 22512 19556 16662 11746 26701 23592 18389 25779 15112 17017 12044 15407 24606 23820 21904 16376 1259 27475 237 22146 
7352 25363 22379 18125 26796 4314 9617 2850 26873 2761 11581 7528 12985 8010 32219 12585 6916 5408 15068 24731 1688 19865 26930 9938 16231 21799 32087 29812 5889 16156 32689 22445 11756 7025 3875 32644 10640 19097 14334 22680 17120 315 17781 24115 25203 3874 1812 25469 7278 22540 2488 10545 18665 31460 15253 29924 14824 1778 24980 7841 13996 11080 15114 29820 28117 29960 32235 2181 19793 4655 16277 4639 3202 15434 16188 24858 28475 17115 31991 13708 22975 12301 21637 14438 23799 20374 16630 13577 15512 23998 32221 12950 2964 3270 30243 9084 25200 13821 32265 21414 10245 23727 4179 11035 22279 10708 1995 9091 165 15479 149 29263 11749 19416 16702 21368 18386 7732 8270 2103 11338 13376 1795 16550 29605 2799 25665 7321 17948 30957 5435 24202 3484 584 18487 21302 20382 2470 8417 10053 13948 13469 3508 8076 15942 7014 15924 2344 22191 21152 21044 5555 29416 23571 12940 24053 9409 14905 23438 23638 12543 17723 6834 33 2552 12906 2613 13882 13541 31621 2166 9209 30734 4270 7255 20110 54 27086 7216 26465 28337 18743 1786 13549 19812 32240 7818 9588 12328 16597 8697 13808 28845 23183 15579 16007 14765 12203 4002 10542 18720 23749 22005 26427 27443 14237 31059 30939 13194 25902 2832 12436 30540 11044 16158 26206 13983 29677 26438 31223 7874 10739 322 7410 2633 24360 15736 27257 27332 22203 32075 28873 9050 5846 14026 11522 14343 28323 20514 1423 4719 21915 23878 16018 22167 17875 1236 19262 24693 15321 7117 8163 22687 15771 9503 20799 27407 10547 23952 18739 7990 14791 5699 24210 7179 3199 7750 13539 17247 13304 18744 28968 31650 23047 10318 12781 21262 17815 5282 5641 11352 16025 5781 19419 22491 9656 32309 7524 30635 3867 7730 9665 15069 8855 29907 6052 15363 25191 18563 15555 
1252 12371 30954 7358 3956 24041 28614 13181 30408 5815 14549 10675 20655 25279 6311 23178 12230 26784 18783 20195 25244 16247 2480 23434 12910 10248 19281 19960 16423 9113 21664 25713 12881 15341 9698 1175 11372 29482 14209 7546 26449 2353 22661 29202 3142 20577 16728 8863 13065 15398 15521 20233 21466 4496 32006 24751 25332 26519 7115 23252 7467 1337 5548 10954 23138 21666 30738 12221 28107 18276 17028 30608 29334 949 17112 7806 25536 9507 4372 17334 27559 25386 32507 29598 17847 18050 23080 8142 32208 16090 20816 1784 29733 13868 4653 27409 2778 20540 9131 6479 26093 2817 24433 30402 22390 24902 22195 7270 21078 5702 6569 21832 29651 8318 18813 25520 25073 4180 462 11510 659 15618 16802 2568 28524 18787 30889 8134 17405 26584 9807 1711 6087 19257 23237 6471 1282 10928 29909 801 13234 18102 15231 5954 18908 32242 30858 13985 13999 2819 16979 5008 29014 22541 7403 31040 28971 3996 28578 11159 17650 27051 31125 26832 22455 14087 29884 13981 3894 16167 28810 2555 6977 1424 23648 3912 14782 25510 27258 2566 19804 761 26395 14938 22050 12255 737 7333 5753 2045 21452 15011 3327 3441 4635 30040 12996 30352 9128 23641 26514 8565 29232 25041 5238 11907 15678 15307 7190 15708 14962 14143 9013 16653 2131 6717 30366 7408 30571 22059 28848 20743 25408 27616 22300 11731 29606 24919 29193 28953 4844 30712 4750 19477 703 17837 22702 8157 8877 8062 10856 15048 26271 18404 7921 12717 26191 20948 30917 22106 10990 12305 10353 28370 23802 13515 21397 20493 10313 1598 159 29962 24376 17997 2819 18070 21383 7848 12154 20682 10640 22961 2650 30462 26119 21515 4537 9137 22395 27672 9734 21586 8732 15142 5038 5184 14435 10333 13546 6400 16797 7031 5500 22701 7900 21616 25788 19790 19192 9513 
26462 6787 13285 4394 9105 4246 32379 20229 13191 169 24058 1211 23310 13828 31767 19141 22928 20753 4930 5468 24514 7416 3080 32169 7617 25906 9783 9702 92 18537 11006 26413 18984 5627 10002 26520 14822 5701 6657 2660 29784 29979 7738 5333 14474 25470 20461 26403 27096 31606 29528 8269 22856 5071 9145 14313 29626 21436 22647 1186 9912 6635 20528 11872 15681 32679 27731 7880 23648 12757 8764 7911 29636 32245 8167 15131 25598 15199 19382 21227 5686 27009 30725 21942 7017 19659 20046 29739 21407 1311 736 24096 20951 18920 28661 23297 11779 9320 4105 27371 19429 20381 7351 1607 28795 13004 1968 15959 1289 10267 4500 10672 17358 10249 30312 4976 2686 27066 24782 23534 19382 31497 29355 17146 600 11483 31173 8953 7421 11021 10862 25756 4797 27460 1404 9115 18800 18220 7106 1962 13490 8847 8052 13301 29410 14216 5502 2509 18813 14545 4589 25727 32025 17884 24605 23675 5995 2049 20839 24649 18678 6777 24510 26343 15695 30038 6356 19102 1660 1963 18637 4504 31660 11979 23961 1756 27542 23184 10776 27831 17044 30328 19753 12461 19738 14897 12225 5170 5054 4657 13880 10570 20603 29271 1409 5839 21497 26876 32156 27435 24290 10580 15429 3753 25019 18605 14912 22017 12843 6254 23177 27372 5771 6412 10951 11498 600 19928 8667 6886 17159 2005 30577 6564 28464 12747 29961 28945 12174 4695 5448 9550 817 21151 4019 23090 14090 13589 26144 2909 5931 28310 1861 835 31541 8416 5808 2927 25902 1247 6649 10475 5409 4393 5286 8488 31614 26565 25743 26680 18746 30387 32491 13586 26862 15338 5510 20225 31654 9173 2057 31534 27270 24852 31180 3896 13783 17476 26842 5822 13590 24009 11823 23554 14803 16989 24800 28965 1263 25335 31690 3498 26930 14028 6538 13604 1752 9160 12680 28558 
6086 31193 17862 19365 4555 21913 17561 2405 1792 20725 18784 22715 12183 17033 18088 4244 10130 31194 23861 29459 2835 24453 26247 1770 14293 9651 31263 31168 28485 28047 30895 23439 4090 26356 3776 20539 7783 1995 30965 27174 11156 9449 31188 6233 31230 5584 5466 19159 13091 32642 4407 4679 10156 31480 20837 7926 4584 9572 10431 32232 28969 9896 23001 14654 12951 2702 30503 29658 12706 22674 299 30405 17914 8407 27844 22270 6719 22445 19588 9146 18271 7178 27882 26753 11722 10714 17991 23508 9357 1453 25469 7879 21989 5953 4698 19969 10714 5985 13978 2534 6594 1619 6348 29772 26525 21129 26508 27575 1376 15459 29524 20025 31315 22182 21522 26503 22194 25281 19519 21177 22354 857 28691 18818 14463 6361 28658 6588 20359 16342 3619 15633 30119 4103 1103 30875 11046 17387 7500 28646 31549 2086 30280 9528 21820 13078 23586 23491 22097 20187 1360 11487 3530 11971 592 3820 676 6684 16185 13795 12129 3748 8998 31045 16036 21068 6652 22776 12361 18419 57 23300 511 6799 26244 21106 22634 20752 28543 17967 21739 23647 12744 6221 18688 18828 25537 26302 5313 26555 6613 27535 26894 5576 4668 5968 10778 22158 20222 7424 15195 31588 24252 14310 1546 14430 26226 19868 10660 13276 30054 20366 9559 12184 21600 26538 29858 29828 8450 5844 19005 7382 3177 24138 23117 26466 3034 9686 22777 26999 7469 6015 27514 29483 32148 1481 14937 16581 28792 12867 1239 6118 16864 25048 13562 9084 16649 22690 31362 31670 712 8317 12057 15815 15412 2350 10803 32571 31406 11303 22046 26997 8278 4804 503 1360 17637 6595 20218 5743 18342 17168 32321 199 3109 28673 23442 31410 7484 5066 5592 29700 11473 12028 11531 26597 10267 18595 10222 30161 31939 19587 12201 15541 24620 6929 15923 25868 13716 1924 
15991 10748 16430 18626 17551 9218 3695 11767 8051 3836 7345 25179 16671 30444 20209 12991 18991 32730 4012 8507 24522 1631 7125 18740 6546 25547 8122 15991 27046 27486 18711 28234 27670 27325 24556 23020 29706 15006 26147 3012 21435 6370 5187 5405 21894 3417 28982 9978 26574 16432 26097 21979 31469 17265 7430 5072 4119 21920 30028 20791 365 9563 20897 30863 15458 17100 30157 27188 30056 14594 3404 29657 26889 7673 16000 20285 22397 19504 21541 16419 10494 15955 832 13480 4662 29159 6671 22236 24326 23779 19944 1316 25491 13827 31585 2307 26332 8016 6654 32201 10754 22084 16999 6437 1347 7687 25539 22468 28388 30127 14625 25341 11139 23801 21972 404 32306 11420 3622 13124 5977 18143 9918 30927 21286 10052 27276 31836 26600 2421 18344 697 23315 15084 8251 19896 2763 30428 29506 17673 25241 1621 14012 5746 6632 3046 24477 761 513 25108 26340 25750 18343 16638 13474 27439 8407 13310 8028 12723 31226 23134 25782 21237 11874 1526 11829 17247 5221 23938 1453 1843 29063 2017 12933 11647 570 7003 29870 18082 11215 12206 15408 14609 11825 1203 26323 12440 10421 11225 26567 24357 16482 11990 13690 7548 15950 28367 22659 12174 2697 12151 31384 10536 31457 10212 30296 30470 4642 19885 6905 11374 16502 31144 17970 20225 29273 18371 21042 32700 30242 7311 3896 23091 19398 30100 24023 4201 9832 16931 28651 18908 4570 5118 21880 14719 12038 32224 18524 21046 804 1632 26239 22908 27399 6130 30642 29878 12427 18739 20387 26518 19272 18243 20997 9134 351 26234 14719 8272 14643 12002 25417 147 27961 31532 5290 6293 15354 26189 14330 17554 26528 7590 26161 27449 27507 29451 12545 3974 6044 6590 24808 15114 8521 10966 15927 53 17308 28304 29910 16687 16136 4919 23174 30142 29735 19966 15308 18823 
29555 17933 28141 19126 32720 15907 11976 10961 31552 8951 16710 7849 31087 28027 10094 1304 8588 10418 9061 8097 31908 3230 23067 17549 26548 3343 1327 7438 20576 21554 17598 680 29864 11496 27714 28028 11484 15497 11380 11167 21343 10015 7939 146 4292 3820 14070 17781 28334 31579 30594 6239 475 2169 4719 25886 10534 6135 3399 29425 23030 28819 10019 24695 25448 21939 11466 6363 25351 3922 7335 16967 6716 21251 14914 28130 407 10195 6946 9212 30215 23352 1306 24906 17162 5519 20071 8056 13434 15032 1636 27274 9600 7745 19392 5146 17950 4268 561 31166 30726 30220 16358 16446 876 29130 24455 18864 18514 5556 10297 27256 22964 11219 27838 29630 4576 23319 11673 23789 5847 1381 25004 3171 6697 20863 13555 22156 8847 8518 25947 26066 25462 8378 23794 3630 14734 8979 22852 12699 7294 20395 8587 9969 18784 15668 24315 10195 14201 25696 10368 9345 15504 24607 11367 9532 31822 12489 18228 24869 8332 23458 27446 8198 27578 17280 8689 16581 5319 14473 21410 13770 18876 17855 24997 23824 6153 1787 4782 5269 13546 18098 28809 19264 26153 32502 25625 9772 9724 2114 9052 29317 14827 12369 1275 6957 6806 19184 20063 10103 21448 29099 18456 17925 3586 13970 25723 21772 1771 9216 2999 679 27221 5127 19427 17987 20318 21842 28867 21757 32414 4346 21141 10349 25502 18728 2875 28926 29459 16709 3693 97 18510 32271 25394 26905 19059 30748 6853 28753 20061 11914 29609 12308 2217 20886 18170 30705 2106 24490 5991 7831 31553 16308 15136 7262 16617 22381 29005 2142 3909 20528 12388 32467 16126 16088 26564 23959 31342 28177 9873 15118 19082 28066 16467 26193 28317 6704 32096 16508 3198 12646 5335 18903 16409 28610 13566 9298 5018 22461 18471 31225 29955 14543 4669 31526 2988 17197 8247 7840 
29249 32648 28111 30620 15648 28104 30855 6235 13827 9675 3376 947 29476 9297 32443 10151 9783 31084 22610 16783 9086 13255 17610 2334 12264 25743 10807 5125 12527 3618 13395 4976 32551 29559 20690 813 13130 9383 352 26934 32332 20872 29527 3405 1925 10540 25109 8702 1149 26188 22285 16550 19207 16357 29794 5665 20887 13170 10872 18827 23127 30141 17758 15335 8854 8559 22187 13029 29821 20853 18690 32675 15087 31033 4671 21945 11680 3385 32009 7494 16010 16139 12026 21505 28268 17305 3432 29416 6531 5507 9227 31043 30249 13568 6062 14548 19028 8198 1376 25088 31372 30407 21257 31364 6607 24517 24267 26531 13861 6008 19941 18095 7674 4579 21200 12344 9590 16317 8942 18641 1118 5981 17574 2536 31674 4698 20377 17364 5095 25087 14343 20921 1915 14466 12218 26080 11651 24143 25614 13047 32192 29593 25296 31753 16942 15735 22345 28207 8184 31014 13937 22480 29792 32322 32542 15530 8495 8936 30759 21455 16330 19863 13420 21641 6278 6997 25700 14481 2468 27919 4358 8635 27090 8165 24385 22323 8133 25346 2853 3119 21371 3121 2603 4009 31068 18160 181 15600 458 29033 11586 13071 16411 13474 26516 29150 25793 17568 26721 21106 31754 16176 19722 7294 27710 29113 7568 24393 7566 25152 8059 10092 4804 6134 31884 17600 15042 2837 9421 24625 13109 2042 1624 6892 14924 60 6302 27529 27527 4525 15729 27079 29712 18877 23164 16613 11938 27145 9668 21534 19983 10493 22863 15560 30600 8177 30303 24213 7757 2611 25570 9304 350 11659 14058 18886 496 9261 15146 27240 12697 30629 17950 18736 13735 26701 7983 14308 27008 7561 29265 25073 32123 7125 7995 32235 20873 11221 8863 21392 27651 16679 15057 21075 29812 7323 2246 4313 14866 31422 3754 7184 2832 31748 15478 26264 24390 11922 31155 20424 
29168 348 1545 5824 32518 17236 525 19747 18212 5080 5773 7757 5998 14026 25059 16318 13672 12866 10201 22203 165 1884 7554 17732 12162 1707 8416 1775 8804 15919 9704 32478 24811 27777 14894 13840 23918 19373 10810 13840 24237 1333 22649 13929 22620 4139 4014 31353 22356 20186 10005 11671 31024 10902 27713 24676 9054 22399 31175 11207 12097 20370 30314 12736 22163 30720 16101 21480 16720 13693 21585 1842 17887 4265 8837 18085 26494 20842 1089 24631 16719 3890 32219 7950 19833 26091 13032 12738 9895 1964 26721 3463 1371 2804 13722 30032 11517 872 8507 12184 32192 20 26457 26393 25573 8846 12488 15876 23746 25576 23357 31060 28881 880 5324 7876 5418 3908 5100 7089 32470 24802 11717 30669 3977 18899 19614 16057 1389 902 27869 19719 94 25582 18154 4415 29773 10698 901 26054 25732 27408 16486 15826 11002 26066 25582 25116 15621 24208 31245 15259 29016 14168 27094 31754 13064 18577 30543 32272 19386 23960 14579 15654 27292 10987 19098 16674 3673 13745 19177 19433 6361 18117 5155 28224 6879 540 27555 5798 16009 8259 13190 16882 14028 14271 30764 18902 32696 7015 16679 9582 2370 11145 9483 14473 5676 20702 26901 10812 22707 21341 4675 20653 26532 21411 21916 18024 26552 5946 23956 27135 9174 20219 26175 21948 22172 12847 7368 23371 7228 3774 6447 26610 29467 24786 431 31684 25660 433 885 22192 21702 10064 24752 2532 6716 3321 10391 25308 22787 621 8327 28350 10284 24493 22469 21121 5968 12374 24404 7368 13477 10931 13397 25275 31556 15498 7708 13208 10838 2375 31851 4720 9227 29120 14180 22916 7356 29194 15204 29337 8304 20079 11527 11815 26186 1229 11148 3096 20584 5049 4369 6003 23048 6679 11133 9159 28688 20286 2090 25371 8407 4973 27392 5694 32444 14472 25545 13521 
13404 5295 11191 13760 20278 7993 29671 3118 10851 14173 5629 6382 319 25640 31109 24724 7620 5792 32671 14635 26209 6828 30885 19141 3829 1098 966 5987 15614 15512 24831 25028 27291 20484 18495 13231 29574 26599 15398 6218 18182 13153 24260 6033 26154 6132 8534 5499 4696 27995 24090 19432 29959 15032 28425 6236 28098 32754 30133 10109 7036 2153 24328 2120 23240 25793 29814 31676 12678 12347 4831 26680 12159 5539 31210 6879 31199 3859 21614 3318 12008 20234 13830 11375 26160 25944 9314 29841 27612 32735 30713 6046 16116 5384 14672 15214 10732 24900 22972 3989 12265 27256 28393 4646 6255 30727 29690 16952 13592 29250 7828 7044 16469 21673 25384 1940 32684 7671 15012 9377 14249 30131 769 21231 1256 30065 13943 1676 244 2693 11950 14861 31550 27507 31614 19305 19817 7755 3196 26408 671 3426 6674 28047 12967 8811 1387 3187 8168 24250 963 4987 17827 5268 24311 23215 9440 16128 21028 15 23264 31228 22848 3732 30936 9191 397 20152 28634 6033 2567 3607 5556 13504 26125 27874 19383 5427 10720 11424 3195 20125 28830 26466 12690 24584 11102 16510 25685 17773 5319 26483 16416 13909 31811 19798 18421 31704 27762 31621 27620 17786 29665 6323 24256 31246 16184 6448 13440 28797 1891 28024 21062 9838 14997 8841 26397 159 7932 5545 1129 27385 9498 13524 25312 7016 23589 9615 22158 7792 32262 20372 16433 26869 32374 27796 24213 767 26919 17183 17162 9390 30876 10677 25074 25455 26997 21947 25700 7834 29618 4472 16986 29732 24737 9186 9354 20659 28461 5242 13188 17881 10893 28797 7276 28843 4921 30422 25784 3751 31875 29543 15967 28407 13877 11829 7117 21656 7608 28813 7037 3234 4206 32463 9740 32613 18470 11681 793 30829 22183 22013 19474 24793 2566 2507 6262 9342 26639 8909 
17608 5032 9998 16589 16722 26077 24891 12997 29053 15814 29519 25981 5180 18214 2365 21776 1616 436 102 22351 32693 4509 3127 16739 27714 12381 688 18876 27341 31280 25832 8255 24857 9277 25220 6806 25654 22088 3011 32394 23985 10781 26763 32693 6293 18944 15144 1045 6865 23997 9017 4478 10537 5960 9489 1597 15028 397 12229 14950 27798 16237 30711 23068 18043 24634 31498 15508 9754 4334 23742 25732 15330 15310 10921 2035 2176 30686 32282 19040 11460 21016 24053 2786 14080 26301 16541 18723 4819 10297 1820 1930 31546 121 3253 908 8977 13050 25991 342 624 18137 14486 29542 6388 30767 4361 1564 32675 23166 1664 31274 27623 11130 16780 46 30744 269 8332 18018 14407 28518 21577 20606 24812 28407 7523 368 23924 23944 18119 27227 14889 26083 21604 9541 19305 10876 14848 12769 27811 7488 13283 14331 8459 15928 10333 31089 15488 5976 18060 6224 4262 12115 1371 28036 25041 32349 3163 23189 14290 26640 18161 29918 29216 12567 19636 9668 16589 22366 12971 14346 13730 1485 3214 12542 28986 4639 25288 24620 21125 23478 9350 3497 16613 26554 25759 24931 11930 5575 24447 32373 27153 30992 12940 29904 3581 27024 9665 15204 27476 21005 20314 22442 2609 4819 14904 15693 26893 8968 20058 16054 9060 13989 22329 13997 14538 2416 29413 28629 21270 10465 20978 5089 3579 31095 25852 25400 22540 10887 16933 2268 26580 29484 4425 7327 25741 31149 29827 9959 7436 27773 25694 24760 1814 24422 16353 6625 29052 18191 31851 17923 1277 31614 11824 13825 20327 6384 21986 25280 2136 85 396 25531 27057 2259 2408 164 29864 10958 24008 8561 16721 12099 9572 12749 28952 29664 13320 16150 1618 13452 11534 10031 26563 23878 2083 4257 1956 32266 24024 19650 17437 108 12808 21085 2900 4047 29380 8655 
9592 17427 27829 6628 25700 1640 25385 19570 19626 18368 12936 21771 8812 4140 12907 9078 27082 10554 17250 636 3406 5629 29611 21270 20657 18411 24413 25871 23861 29411 25915 12974 16633 25709 15453 19099 742 18373 18388 19402 23011 16373 15033 27623 29875 25002 10066 8690 26573 8654 25734 5071 27585 12616 7802 16814 23732 25528 15597 30055 6421 10750 7547 20342 4375 31453 12095 7566 23010 24552 12779 32295 8411 29468 19035 17901 4260 2545 18478 7620 2478 8572 8741 3906 11712 25784 28093 18970 28960 5667 22569 24224 2043 26330 10922 31552 13410 9031 32438 30572 25831 18477 4865 21430 14081 29755 14633 4878 29560 31890 22977 10081 1349 19345 18177 6010 18868 23589 21156 27571 14080 22282 26921 3056 15226 17267 10019 20919 11265 27305 19512 14076 21665 16871 26648 22509 9777 15454 28884 4336 8498 22338 23631 4850 15015 14075 13444 821 16005 27839 10192 16685 13671 7525 27547 3235 9423 30568 671 31655 30064 8118 19681 24205 25019 2091 20622 9637 17422 18170 21876 6203 24775 2911 8844 29248 25920 29641 27405 17938 19558 27452 2041 20095 22348 3896 18349 10499 12740 9015 2435 3464 20296 8666 25434 16560 9700 8470 7447 1047 29104 14387 16761 16332 13842 13519 16709 20445 32460 30630 25382 9746 30011 21633 28742 24579 12697 22015 9945 929 8338 32307 2192 20170 9715 21291 3636 4722 19981 25006 17862 10982 216 14155 381 27482 3244 12222 26397 23494 24052 10407 19015 636 21126 18444 6260 4833 28883 30636 24147 14464 24449 10724 20276 12544 15924 15052 9446 17071 16897 26665 17063 16707 6060 436 3528 21954 11551 2452 12168 26787 25938 12019 31372 16119 10222 13973 25477 21494 16709 11388 18222 9734 9232 2535 11094 2821 5834 24022 31432 9023 29672 2801 1085 23747 28344 963 7544 4448 
20706 1605 20438 14783 15861 14440 23663 21413 18588 24893 17447 29308 24701 12206 7053 18204 20867 30880 15891 10720 32609 7734 20604 7579 4742 10310 20898 9053 26596 7469 22063 1902 8325 29610 23529 27291 23282 27234 29267 1399 30413 22138 26751 2723 6103 30804 18271 13027 25496 27305 24585 23676 17722 834 25810 21229 1845 21126 20431 23537 21112 10466 10536 31951 15475 24472 52 11311 5792 6141 16863 18663 15668 5982 7619 24730 31921 8892 24561 30287 32054 1609 22029 3643 9188 16215 7324 1185 6590 22096 23625 18340 20753 17018 25876 20158 9795 29714 21955 18490 5355 9865 320 22899 8946 13805 10557 10096 30244 29719 25418 18509 31624 32379 28936 12908 13087 8002 1674 26217 11513 7722 23327 23465 18326 3253 8306 20206 20100 31843 27572 22930 11859 11008 3812 25087 17225 4829 9776 12541 2665 23900 20464 23107 12616 554 24100 23110 3154 28183 15475 11571 11065 31638 1640 8275 2556 19665 2723 14877 8367 5953 26331 4640 838 5371 32384 27704 18674 15447 13823 8882 9019 14973 435 21208 15627 23508 22564 22533 32471 14091 10041 7043 12104 14925 26298 27967 28896 19772 6578 20037 27720 23260 15310 25195 13656 29394 2587 27259 30720 26099 14430 4369 25000 16100 31970 9501 3097 12947 27232 8676 22856 31257 16604 18262 8429 24598 13317 9785 16602 21458 6022 26702 16403 10137 20067 26440 11782 12077 13438 22640 30988 23495 21060 2773 29653 13027 7102 24771 25430 2766 2573 27931 30654 31014 42 31219 10031 10769 24304 10207 4478 2873 13142 23399 14048 20551 4918 13863 3160 21006 13723 29390 20556 5711 11974 15207 18641 8958 9403 13241 1343 24553 19985 31379 12013 17742 26066 8596 11267 8614 16055 21775 8057 5620 25782 5381 1240 19261 27007 6219 7402 29112 21353 6678 7368 17161 25712 30929 
19047 15000 31613 15670 19814 28662 9874 3963 3654 15138 21396 25345 16707 21390 26916 5049 1124 22537 14635 26239 10600 25893 24750 18284 13426 13023 29173 29655 16875 28012 5144 10310 30916 31771 2024 637 1989 28537 12378 16771 5630 14994 5333 21770 25384 2995 21293 1702 21559 24260 1661 20727 19400 123 9525 26426 271 16524 26777 27103 27239 5778 23593 19850 31932 13645 15184 30889 10147 13322 31466 21135 1794 9599 12148 29933 6032 18113 11314 8092 10293 4697 27456 20265 14373 2497 9715 28671 2127 22345 20584 20038 4771 19971 29002 9720 24670 2495 7473 25393 24923 1517 17309 25242 24131 18117 13063 4603 13578 1513 21303 6464 30619 13244 8019 19644 16952 18950 11702 2557 3856 14878 30607 2829 23889 31750 4106 15942 3727 27580 17323 19621 30210 27495 12330 16646 31191 16310 9817 13812 12055 8975 1993 19357 22583 9868 15790 13101 16440 15727 9544 21772 3647 3197 1833 21147 15084 24841 19019 32528 20780 15216 9780 15413 9322 12609 9245 23659 5207 2258 20993 13755 26333 13972 477 24652 408 2298 6850 30701 27992 26048 14663 12959 21873 19406 10606 25374 15219 29128 12191 8875 9647 1600 29877 6883 7843 24597 15971 1698 18209 31663 9597 7638 14728 3031 9752 21333 19193 1652 8893 19361 588 27905 25761 4790 3604 31370 28912 20222 18011 5642 25016 11460 1902 7404 25242 8899 4571 8915 18549 24089 23655 29665 22317 11602 30396 18256 21336 13560 29416 7882 21188 31940 18180 18935 8817 915 20014 23406 12021 31442 1784 5419 9021 7564 6001 11274 21628 18681 9924 28601 1559 7718 16623 10470 13598 24084 1814 5383 1906 2494 10763 31235 3128 24212 30845 18111 21429 4837 26522 25463 3139 32542 12948 6980 21636 1020 16928 4360 29988 27833 28880 3478 23018 30446 24457 10158 6891 19454 
11359 5725 27878 27191 4985 4738 15668 5793 7589 25002 21087 21675 14132 27362 7901 13906 25087 29169 29352 17780 16201 17000 28968 23466 20427 18811 12270 19535 28602 2229 16432 25857 18927 10697 25791 1835 28520 23671 14025 12141 32434 26435 16676 12115 24619 21514 18639 6406 12474 27004 30467 10172 25761 43 1820 6724 13078 1913 25661 24666 16291 9667 16694 23434 27134 25245 15218 26722 2604 21068 12187 17673 10824 20464 6874 17578 10522 16704 5825 5238 21528 14124 7290 31375 11248 23645 17043 21414 20346 3324 13008 3966 12420 30574 7500 10378 14003 12710 23831 18124 16377 23266 22749 23771 3228 5685 14546 3109 30119 8563 31609 662 23094 3203 23159 21753 27963 18575 32256 13452 13879 20483 7936 18254 13409 21526 21781 7523 3503 28981 30918 5416 18335 21403 13812 22357 10057 3293 4554 9139 2208 29861 24748 19310 25738 26136 3322 14755 24299 20965 27813 6096 26218 23619 11786 7567 16201 14445 14538 31996 14113 13737 6323 13017 17063 25724 29299 26770 20933 12847 21039 14541 8500 17070 26423 14321 6698 21655 30608 7570 30716 4682 22001 5061 24733 15340 25163 19271 11825 20907 12360 23518 22018 16225 5503 29841 12536 14922 12896 9444 16344 7487 11639 16069 17157 1235 19313 10264 19701 15405 22696 3560 28741 2693 23753 8383 2825 994 12434 30380 7077 13888 27856 1285 29399 25564 15443 4127 19015 15303 14861 12213 18366 7250 16560 3981 4205 7776 32104 13842 31602 6727 1478 4983 29296 20281 6334 747 27483 7897 24956 3834 14182 13103 32195 6133 24383 3415 16258 28259 17956 13826 10267 9267 26666 23791 5046 17613 29042 3096 18738 465 25715 24759 31272 22206 16079 26443 20928 9338 21427 764 17322 11087 18576 20191 13115 32054 11153 19480 29654 32283 13753 10038 10346 20701 7574 12650 30859 30010 
21379 25072 26215 8182 14020 8770 7637 113 20181 6598 29397 26960 4750 24244 5203 6640 18904 29580 15794 14436 27805 26617 5335 23832 27976 19367 14309 13981 17470 27982 30122 8731 18385 16633 14354 7609 21303 25751 288 14704 25481 19970 14840 28663 10740 12704 18602 24131 20670 3106 16478 15958 32612 26080 3950 21748 9601 700 12798 7015 2917 3924 10699 4950 6658 18157 14441 30065 10309 21664 21108 29764 24608 30375 27231 24217 19946 3704 19655 16557 14505 1773 9980 4304 30696 25731 31794 2638 19365 19546 18698 23507 1721 30934 1616 3022 12621 21710 29246 3066 30227 18225 16185 5387 26604 11927 7900 26020 18052 13557 20581 5130 19538 25228 23941 21019 26671 32262 14966 24981 20327 21646 842 7928 2532 13152 27600 30203 10564 14197 28645 7180 17522 1501 28435 18976 13104 23481 16912 19411 8386 24165 5405 2141 16631 1077 621 26621 2629 18803 17315 16033 19247 4048 25616 15923 20827 13186 26321 24265 6934 5989 15432 22979 20150 25315 5629 31395 9790 25900 17789 23335 1082 8803 2665 19161 20993 21014 7109 6355 8020 27871 14230 14917 27420 2662 14691 20344 21996 31200 15612 12568 23157 21723 4950 31573 32560 8842 25387 21941 11692 25732 32684 20569 6772 16637 11365 22324 20687 15720 28031 24262 15865 25968 17006 22362 6863 13870 7308 12423 22201 27946 2057 30820 4768 8686 8369 7643 12708 13882 22497 1479 2148 341 23203 11949 25681 14011 21553 384 4792 2031 12559 30809 23203 9278 16827 10671 1725 4048 1356 12116 22246 8286 27410 10861 18537 31610 7682 24049 29368 25704 23383 25979 22093 27030 16840 14025 11764 3280 6346 16100 9683 413 24724 10961 1276 15319 2830 15736 19195 30397 12564 28867 18471 29294 5084 2582 12120 20986 19162 24311 5869 7220 30726 5889 358 20411 6626 4312 
4460 26223 12050 5908 9900 855 8003 32478 7797 3976 1538 19886 9631 13258 20231 15006 23587 16167 7403 21530 107 10924 12176 32661 18472 15112 9152 3655 29059 22908 21166 26731 1581 32115 32628 31395 1081 5461 11310 29816 27017 22039 27681 9099 5121 9180 19937 1902 1453 18793 24026 24759 21143 27688 2505 23752 4961 17242 3193 20734 23440 25922 2701 3952 28348 25969 10478 25175 10867 31748 176 6907 23453 15160 5653 6727 20943 11161 11185 12651 21393 22268 16964 18085 6668 17474 25118 22598 24650 6326 7143 29703 26699 18356 15812 12266 6245 263 12252 25442 16688 5324 29228 29135 32076 20020 31177 3924 19419 12046 17503 19316 15552 1105 8706 23054 27062 24118 6926 6196 23372 4715 905 32048 1001 3840 23025 3434 10230 14171 26886 8593 13396 22423 28333 326 4377 32215 12461 16419 2512 9807 13574 15995 24173 23451 16333 23075 21533 22725 25565 30586 5322 953 27073 17463 27740 7249 27650 17491 20619 15352 11086 21645 25668 18868 18368 26274 11476 6164 6096 29500 28113 7856 6732 28529 5337 12566 14373 18809 9492 12363 30821 26294 25175 32084 11518 6280 18002 9177 6205 32163 13213 24190 20718 18262 118 21120 22477 22197 31002 468 5097 221 29810 14336 31975 4806 7292 14032 5149 17914 4843 18336 17887 19589 18315 25438 29857 23370 23933 13451 22595 4266 31700 6076 9900 3885 28152 22398 19239 5560 18827 15842 27462 6130 12375 22286 14776 17610 7731 14710 3663 5593 27940 25677 4428 26477 24586 7841 15755 5876 2157 15859 32538 5386 4572 32237 28572 27773 22626 3510 30005 28359 22037 1096 11223 1941 15628 18640 19162 18708 12756 4372 14671 21311 5159 27854 13638 19834 25240 26197 30880 1022 15912 8774 3091 3257 8245 24177 4920 18026 18098 3550 25589 23147 27815 30817 17451 18689 
16637 13944 28884 18214 25252 26915 24773 20568 9972 16935 18071 28984 23530 13253 18536 2089 11185 30879 9997 25095 2632 16639 1948 9457 14815 4249 10562 2747 1255 32212 19297 25836 18007 4504 17489 15391 18177 2648 14180 9419 671 25767 16449 19153 26659 3759 8498 8330 18197 27976 22003 13814 17167 11477 32741 27726 9021 7881 6374 31949 14057 15535 28099 21536 30030 21285 21127 1437 32287 26668 26704 4133 4410 28088 17668 3303 20426 25313 11627 20294 3533 16608 14062 17175 27838 4654 32394 28386 13938 17029 32210 18443 19972 31453 29333 29140 10728 7496 12893 31823 7570 21014 20360 29828 19345 3218 6643 21770 26185 11081 31145 2591 12117 7637 10513 20447 30475 17246 5 30202 7461 4612 19357 2510 32694 4757 4189 15325 31553 7633 27353 4784 27559 7052 9441 12659 31504 472 31904 28664 15531 32274 271 690 21653 1540 29700 9621 14606 27927 26715 1701 25536 26787 8741 24839 30954 6141 15083 20593 28523 3646 17669 24839 29755 31965 2396 11680 22632 15088 30679 8969 13461 21827 9072 16916 3749 16051 27337 7971 31830 15274 10131 8396 12616 6325 3084 18935 25547 30484 7598 27826 8904 18538 27381 19000 31214 23774 3123 22287 15139 3142 31561 12789 31974 16714 13593 7690 14300 29520 15023 26902 24454 26166 30270 21803 7968 12085 28215 10763 11475 2715 1301 9816 10875 29171 17608 14220 4313 13425 640 24822 16416 17319 29590 16591 2566 22565 14922 27940 4127 140 20613 32745 6977 19293 886 26793 30164 16422 14020 25122 1736 29911 2266 17903 6372 3368 21822 8517 2446 1748 4318 10617 18552 31514 8108 1569 11635 27048 30075 10055 2814 16824 655 31284 15856 25738 32523 28515 25570 10241 10018 3575 22088 26858 10829 15766 25452 11721 26558 29520 22257 21012 20471 4899 11915 7744 22909 20358 
28448 25406 17525 25247 29658 29187 22208 24634 30722 20944 18305 31886 14920 26922 28396 16987 29083 31556 1125 16828 17802 22576 5273 29625 32307 1846 30219 28135 17847 31842 6393 13505 17118 25675 2345 20497 17673 6019 29656 29410 6317 10491 14481 30627 175 20615 26892 29259 9191 24502 24039 9291 29522 10565 32397 25696 21224 29672 23735 10414 1602 25322 14620 9092 6835 29920 32364 14527 15034 2729 2920 25133 12905 24260 32113 16332 314 25379 16758 20810 32406 9855 6815 27461 282 25391 7731 20693 29471 18351 18985 18358 19163 16050 6982 31387 14772 30452 22011 1344 23838 29933 15384 18900 20008 22049 1376 31470 5390 6463 24164 10995 15465 18880 17273 20647 20441 4056 18921 28050 3825 14157 8570 6134 27879 18215 14699 1311 8588 21456 3734 16473 2863 6983 17545 21174 25765 26310 5520 8861 7602 16182 29425 25560 15600 5895 17403 31764 27618 9884 23265 31842 16687 21991 7393 21111 29101 27388 11238 22682 20144 13942 5599 7362 12041 23277 18931 1345 24422 2196 5776 25237 2371 28930 18480 29110 28586 22030 27300 18655 10857 22264 26241 32523 18007 30190 20118 5427 18399 16359 4520 329 23101 17857 7876 25147 16501 29400 18367 4667 4309 15094 29278 26817 12787 32237 7180 10269 10304 23373 12105 30678 31559 27232 1115 27487 17173 17209 10786 19226 9903 8207 1585 16283 27055 13089 5001 24919 27697 11837 20596 25321 31302 12697 29813 4785 8100 2549 9730 19210 2221 16039 24298 6420 18458 13713 15578 932 1725 9312 31304 18032 12807 25051 12519 7189 15088 21148 18522 18071 15034 4871 17910 25943 15361 30740 9432 59 22551 27100 11229 11431 10218 2962 5399 291 31539 4803 3043 5537 24522 13040 24542 9082 16770 27918 8271 20677 12940 21000 18165 22259 16436 10692 5283 22506 26786 5269 8403 9413 
22528 18999 23201 18178 148 9917 14624 26319 23295 18268 6191 5114 32290 4871 14797 20063 8873 6644 11971 31610 497 24850 11208 1934 632 17871 2088 27373 2475 26098 8000 2010 27203 5186 8571 8336 22394 26438 23769 31597 1234 24548 1361 17089 7748 21282 16780 735 32025 30710 22218 23929 15927 22907 25313 209 13409 14108 20734 27465 8793 4883 19355 17411 27313 6141 18188 5483 17014 21719 13552 26599 24929 19251 25908 21510 1679 3497 24210 19262 21144 30990 29278 27450 22975 14848 897 4026 25250 2117 21999 968 30901 30394 31441 27075 26919 3761 22585 15872 20135 26202 32159 16751 17684 5170 20905 2514 30450 13674 18579 198 10608 19493 10944 11366 23846 23074 23338 31991 4086 19865 16983 19005 15219 8659 10217 7526 30422 27539 15745 23003 30083 19693 24128 16470 3041 3134 27350 17645 241 24066 6039 21388 27044 17439 2044 22371 21552 17976 24963 5646 6217 2279 30696 14027 18281 24249 11885 26527 21045 17689 604 20059 14688 7137 3047 27891 1835 13635 28941 29940 21690 13540 25627 22698 32503 14173 21274 9195 249 29970 10756 18042 6373 9270 31228 16260 25644 19991 28007 12944 9939 2499 3828 26611 10610 14633 30597 3895 8647 17229 7186 25252 22020 8960 2168 14185 22516 20583 32228 9814 10318 1997 27454 11842 21877 6945 23739 12790 3412 30288 27965 22535 24567 16099 25653 24025 23866 27087 8712 22160 31024 20121 23666 23935 8094 10825 25315 17838 18457 29614 16636 8696 1375 8065 32199 11113 1233 13303 9869 22 25594 5372 11946 9994 24519 19582 23793 32636 11519 10908 22736 22824 3157 5843 21649 4858 32156 15685 1199 30544 24026 13961 14513 8475 18693 16434 1318 23261 12486 26984 3771 31777 24562 29248 17855 7277 29880 6001 828 8717 16056 13184 20573 11155 8054 24872 7660 31626 
21098 7375 31151 26575 22209 6390 3023 3239 30384 10015 31458 16580 2760 19265 16758 28547 11327 31251 29549 4099 5854 13087 11138 21498 2765 19638 30870 24062 20233 12728 1787 8400 23314 10750 19698 11481 19398 31518 17644 8580 28032 11917 15158 17033 31028 8744 22542 23447 19984 15395 10888 22836 917 13307 9436 17824 1300 11848 23321 5648 10672 8443 2116 29896 28446 14227 8631 19012 9868 24764 9856 31235 28377 32017 18114 20447 17650 3077 9236 27864 31366 6859 24904 12746 4693 14667 4593 4505 25375 13564 26693 15338 7741 26351 16842 18921 830 9380 29184 12384 8756 8897 21338 31534 28187 26779 31903 32450 25710 13694 14896 10296 29292 16156 26612 22889 29498 26114 31547 3681 20266 14548 2489 1392 3977 9953 6684 864 717 31304 8406 2029 31405 2938 20621 21992 12905 26126 700 15273 9068 18924 665 1186 16565 10637 28732 24178 19527 23924 24730 29030 2335 3453 29450 18937 22053 6832 25426 23194 28856 29340 8080 3164 9107 29168 25716 14813 17597 8021 23291 10379 9687 15205 32220 21360 10923 26018 15347 18953 10438 19903 4767 1514 20225 25088 2028 25821 10562 23261 1556 14787 3180 9368 26181 12822 12865 4023 18043 15062 10818 19760 22702 30447 310 26290 28091 10261 3835 19490 9763 28992 22167 3560 18489 6713 4901 27068 20037 26955 2514 9117 9863 13926 23587 4226 23235 20184 4256 11131 3895 2173 30279 6621 14512 14747 17060 20040 12173 6125 14230 6546 17845 8157 24216 27566 28179 2787 7829 6737 25504 18033 28278 2061 58 15559 16423 17289 25941 4946 7914 12067 26792 20630 14155 18205 22416 6584 9765 25741 5066 28231 22239 5541 6338 1766 7507 20287 17644 20104 4173 11486 2548 6697 25128 8551 23908 31849 25016 16877 4403 21768 22543 9432 23044 18982 10845 29242 10655 13334 
13904 30464 13920 25054 2377 7393 4782 9359 16335 15568 21515 23935 16181 27364 20931 6041 29845 26797 9701 19234 12004 10931 5076 18601 6849 20438 18730 29299 31945 10704 29774 5442 21726 28317 16299 27005 13479 12235 19984 28956 29833 27068 26850 4637 22772 15360 27976 25258 2847 16491 5728 31011 30745 1561 12362 31404 23495 1593 28755 15692 17192 19786 19266 7504 28276 21499 28871 31819 8904 15313 3462 31890 28966 9049 16533 23427 11472 32024 27969 24139 14133 2393 7255 14295 16027 11356 2926 10610 5718 11936 30525 625 4240 25469 27628 2686 7672 12242 10799 6048 14108 1451 13878 7754 8990 4361 10350 13039 2595 17524 7974 3934 2372 467 3177 4335 11413 141 4496 1642 872 28348 4782 10502 29573 8083 22389 1303 20701 21709 16362 23234 29232 24703 16794 16187 7758 5858 11536 25627 29712 21429 6298 21246 130 15779 31931 12836 11723 5015 22757 5464 1702 21075 22135 22636 30402 6654 14707 831 7465 11450 11809 3991 29529 12197 31755 2961 14026 27296 1609 13730 10699 18960 20610 4149 22592 2172 467 24719 31738 10616 20206 7834 1403 3881 24415 30672 11765 22974 19295 6635 26235 20588 13058 20383 4025 26854 23615 2216 12845 31311 29739 23164 22627 26224 13575 15307 30757 17589 12659 9706 14189 13315 27671 1481 20902 27674 4980 15194 22347 25847 31286 23942 16974 8584 1330 8329 2404 1394 19079 8835 24052 30704 30074 1702 16141 15535 12882 17483 25404 11276 20254 25120 31584 28399 18811 6407 16666 22704 10300 23242 8430 9357 24157 32467 21520 6517 14220 32336 22465 11646 187 20094 3955 10926 12808 29598 31520 5875 31298 29944 2596 3526 2705 28709 14135 24093 13965 6633 16191 21828 32377 19702 205 29783 6367 21424 31387 9545 22019 31292 26055 7172 20600 13048 22213 30197 30551 26899 
7474 21212 21761 26449 14099 29412 5575 29712 25315 9304 10364 29665 10476 29411 22069 32754 25937 25394 29986 15397 29236 8269 15528 18458 8092 8848 23890 14984 19080 27122 19730 31031 30264 28018 21611 4875 30762 21107 8405 17997 16041 23189 15770 18116 22906 9828 15596 23541 15232 555 15396 15625 20520 13035 16998 3532 30672 9728 13764 21041 16843 24905 23676 18710 25501 15121 15619 21770 7675 2578 11234 20093 18369 24426 31927 22609 20431 17794 12548 6392 22124 13647 21632 30869 11208 9603 11510 24629 4842 3336 16105 17986 28120 17812 24826 1559 3940 689 13809 6049 11077 22671 8205 29142 20861 12571 2669 11734 27739 21293 11797 347 31892 23058 18279 6942 14258 20698 7852 21817 15490 11293 12278 11057 11188 27034 23911 11977 16791 21882 22957 9485 21475 17088 31582 24763 1035 3120 25719 13041 14381 17845 13556 19056 11569 8963 18803 23469 14370 11515 23107 26581 20317 29221 1451 31431 10080 26664 21677 21241 17936 26999 25938 25283 30699 29754 32168 18952 7099 11619 26858 27484 27040 13503 25540 12946 10747 21372 2691 31962 13661 401 28671 16955 25253 13454 18082 26325 8620 13955 27782 6320 3423 6497 27805 26108 17523 25359 10041 17697 1690 6020 24511 17505 24366 4200 10354 21774 22463 46 2624 2977 16992 27141 1713 26133 22582 885 16232 15244 21115 5578 25919 3737 6516 24997 22732 16696 14841 25192 16708 685 29471 32465 20304 19429 25458 18582 13744 31268 26973 16748 3051 27155 28137 24660 19094 25407 19158 26001 14029 16795 4521 6486 5838 245 23469 7195 1540 31876 14814 15158 25842 30591 15955 27741 22798 9433 8565 30269 5321 9230 22314 13035 2428 21372 28901 11983 3810 4829 17085 22381 13513 3405 19281 25052 7903 23503 31929 12018 11551 26011 31657 5621 5277 8956 26356 17623 24332 10513 
10266 12211 3090 16958 3819 23943 28305 15957 7380 31100 7070 25560 9111 8284 814 30128 20433 9935 18564 20910 2800 14818 7131 12429 16795 31250 23710 5883 6886 30431 24983 4799 5149 25733 4983 22770 16735 1310 7815 32265 26487 1000 22892 26396 14847 13536 16616 10789 28432 30824 18249 2122 22768 2549 4648 10122 13184 16205 31346 9693 5624 25730 3400 24823 19373 15647 7405 6068 27829 8959 9688 13235 896 20496 24427 19182 26358 24567 7871 23193 20829 6221 302 1487 14315 16003 16441 10545 26608 24699 16175 16359 13532 17877 2950 27248 29538 1057 3681 14288 3349 407 28095 8980 32112 19011 31778 10261 18917 1032 10106 30553 8174 30284 22048 19149 16496 31297 29281 11283 21810 11694 6438 13192 9737 20815 6870 30933 29924 32021 5841 29024 29062 19663 167 5509 15750 12551 30498 17203 4583 30910 19548 2639 20192 29045 5503 26746 2309 8905 12319 808 13285 28407 4581 11492 8148 5924 22018 30974 28183 32295 12797 31555 16482 27920 144 12249 21780 24297 23776 5456 10262 26097 21661 14853 316 31917 12378 10294 24094 27752 9244 1610 9693 20781 9721 28137 13632 10143 29488 31828 2745 7919 1780 2608 21890 14628 19886 9582 11118 17608 16572 11530 21528 6198 25184 4557 7404 18916 6810 1193 14623 6188 15760 26321 28397 8979 424 29402 18263 26589 29246 10450 10451 14466 14115 23700 13656 24061 29543 32080 2985 711 3749 23383 783 23970 10515 32231 7254 23378 7452 32714 28993 3976 13190 30518 19961 8280 1799 10458 19431 26136 19371 11463 32024 6016 18978 16134 23589 21519 20830 3628 18137 7258 2606 31928 28272 28212 13759 20718 17178 7236 545 31276 18097 22050 8363 7516 13150 28632 649 23811 32031 25520 207 4872 7129 4663 21553 21147 31426 7404 16038 15724 27491 106 3623 18661 
13940 3231 12868 27991 18447 13554 32360 25940 12328 12575 28540 6467 6608 28213 11055 11215 32665 28474 14908 16842 9096 12638 29834 31513 11174 6897 11587 1141 20216 14845 21571 7647 7416 719 25027 7736 16900 24442 15622 8936 17235 5221 25998 3240 16497 8125 15449 24869 3456 12043 12181 3887 22406 27962 24897 31368 5450 5342 16802 9743 32126 5906 6190 27879 3942 14172 24636 31973 27661 10247 13779 21636 2325 18299 20373 27894 3347 30742 9650 1769 30835 11145 12951 17956 26240 5564 11603 16365 27375 3895 11230 27042 10837 15450 28257 27557 26920 16329 31775 15681 21433 7425 3284 8851 6574 30643 21901 567 12711 17273 31394 32212 28918 253 25455 25185 4946 26208 5311 13274 23687 22658 9300 18497 16650 117 28324 21887 13338 4880 29969 23224 1351 15039 28861 31755 3389 7337 28741 9495 24679 19007 14919 13595 7882 1594 12700 1156 19390 26011 32411 30360 16156 16640 3854 9260 15511 29726 987 24104 5458 19035 3752 19702 27355 10377 13454 16650 1154 26012 8456 10206 25252 2065 12792 11602 10202 1416 11640 25679 27040 10082 2520 18225 17239 28066 31928 8731 15850 32174 23681 30008 15705 8517 25997 25262 19900 3034 22545 11282 30943 17948 25637 30584 919 4046 19027 11394 14210 15092 13260 2210 24062 1206 6283 2333 15 28251 24807 14774 11147 17075 2526 6762 5247 18424 14361 5493 11911 24673 32064 14740 6286 25708 26577 8904 14279 20781 446 15873 1647 23217 16450 31769 18931 24827 27161 16717 23927 25305 5965 144 21547 14725 1438 22067 15970 4268 24679 3764 59 26576 5657 13226 6311 16337 15673 4239 15248 23985 4763 25919 10353 31329 27568 5728 4499 23991 31381 16636 32765 30721 11481 12506 16014 18433 20082 8629 986 13705 18253 1603 18264 25486 7894 736 22640 8684 24022 14175 
32487 16679 23110 17931 17226 24332 16025 30259 4932 21237 7243 10527 13182 6304 31787 29300 3088 11174 31447 27675 29752 28563 28180 11161 1426 14645 5310 31784 12436 1610 7420 3959 28997 21767 30127 20954 13691 11233 2261 12548 20153 14782 9791 10050 28399 12773 32413 11568 28810 25688 19402 1533 12533 8819 7757 819 10090 15616 15056 22786 15427 12587 7924 3907 13843 20332 1273 10415 10746 17782 14656 20462 7345 28466 1727 18768 25921 7207 203 17167 10321 27318 31889 198 12713 10375 31327 6424 14290 30535 9991 3058 25699 3625 21346 25712 13247 17751 15841 26502 14163 16910 13423 31204 18210 11263 30550 8514 11142 21296 8189 16557 9273 23285 30923 27299 26945 10405 29956 8981 26777 18157 22055 12277 6811 2482 8050 15946 24843 23014 30003 30314 7180 23623 21924 23969 28736 8956 19020 31486 14699 19420 11168 30253 11678 1562 26548 25071 11318 3327 28578 31610 22426 10076 16188 19822 6296 27193 21313 32713 3643 25522 8145 14835 6302 21361 1273 26304 31540 29157 31435 7331 12297 15658 9617 16937 28459 17048 16862 3875 11886 1013 9546 32375 10920 5447 16478 3464 12454 18922 14657 20591 10085 4425 15534 16008 18788 11384 177 28726 9614 32226 2443 811 8310 974 11091 8896 31076 18495 19403 22929 27709 1676 30039 16628 31729 4537 17343 17761 8307 3424 26433 25763 14079 21482 5590 14584 28973 10114 15063 22507 26670 20738 15383 1421 13255 19230 10519 16160 15993 23396 23299 392 16744 23269 22821 29527 19843 10594 30156 20328 10671 19744 10763 23719 10814 24135 10748 10779 4919 7965 27749 15750 20164 24263 30588 13849 29143 12322 5092 25 27274 19687 26255 32222 9709 31062 27552 7836 25626 15201 18145 2995 18241 8770 26248 8478 25397 31774 13959 2393 30013 5013 19536 19909 30624 23842 19954 22544 
16198 5949 27588 22743 28870 2700 17427 19479 20674 27183 15839 8720 13257 7406 3163 6817 6114 13573 7795 4591 18783 14547 26611 14141 19247 7943 1388 4055 24135 13486 13060 32592 18163 28239 24870 20041 23595 14087 18827 19336 294 23325 11045 9876 29343 17205 28021 16498 4649 30893 31439 9342 32254 13640 602 19152 22019 3463 15929 29861 29519 26857 11183 19828 4706 32059 21501 15296 26062 26677 30813 19250 16177 3596 25826 26443 11181 21202 9166 26995 16552 31504 30051 15664 18216 1770 25225 23270 30248 9347 19601 17090 18689 17034 15721 3322 3812 29467 13046 30627 15294 11400 26714 30060 28942 28977 11404 26985 25111 23528 4775 28633 6778 12410 31271 17195 8535 6210 25814 5004 22458 1867 27257 17255 601 15741 4401 18457 14963 2883 23761 24900 13857 23763 18200 18243 24130 29962 6089 14859 29062 19085 6493 17944 14338 26355 32398 6851 16489 30986 22014 19087 31614 26861 2279 9159 31242 23707 21127 1635 1427 13404 9158 7298 24769 4273 18603 6031 25026 6309 31240 25425 32117 4401 10753 15062 446 28656 27033 21382 24875 12749 31643 29653 28139 23548 22810 23284 3791 22592 22830 15808 30296 8552 28325 7766 1041 20974 6433 16006 29117 4622 3436 18663 1637 22377 1179 25558 16922 12875 18241 31135 5121 16303 16549 19203 28223 15638 12308 28513 6654 20085 12417 6305 585 5126 22717 26374 7310 31499 13264 25976 19265 32393 5946 5457 22222 14639 5021 5959 10511 21290 27223 28144 25452 6340 31496 29570 4609 6761 8263 22564 4627 1880 7130 22920 502 12402 30686 18516 28147 4756 17836 23207 19295 7765 9406 5408 23021 25250 25552 14169 3151 13788 14637 25547 14516 19627 31793 26223 8863 26250 29095 32693 29439 22494 444 387 10274 6261 17776 28558 5525 22493 32302 32454 27150 494 15846 6613 
17313 10786 27675 8850 21719 23110 17989 26353 17562 4854 32326 2831 15784 7913 26342 16326 32260 24391 2863 6876 22025 24883 959 9764 4836 19690 31504 17194 22615 16131 31979 2918 12915 14056 1921 26296 9299 3702 28782 28611 3686 18175 11021 13743 10407 27410 465 17983 2075 19883 18746 5429 29823 12862 5811 15114 31158 31826 24125 11075 20991 31319 25112 12623 1222 3189 10472 22284 12555 19095 28226 29198 25312 17880 26320 31234 22098 19696 30722 14068 10806 8050 32098 13209 17278 31907 32154 16042 6027 30513 29081 10420 14183 9269 14039 32568 4346 13588 22395 24820 27780 26269 19848 10766 27680 2967 19808 26886 4542 2742 17141 28047 14908 31598 32216 27532 20414 17720 14463 7101 23794 9328 17680 21944 2882 20890 23881 32170 9004 3665 11960 8594 7846 4463 13156 28921 12727 11711 809 13574 6995 13234 18924 2669 20816 3789 7304 29318 25944 13616 4017 28069 24752 26403 12066 2549 17092 29036 24683 2759 26624 3986 14670 15813 27221 20898 25100 16070 1561 8936 10915 13737 32678 21809 6728 9072 19108 10286 14261 3893 4778 21633 6867 27285 22838 6027 7405 23245 5316 30314 19739 4196 4791 24093 18036 8498 31557 10785 32275 31177 21544 955 449 8964 9868 10793 25291 21956 9438 14135 19910 28269 7869 16171 29226 28750 9294 24484 22286 6265 20822 22829 5437 21742 20084 27986 1524 30691 32309 3584 432 10120 21085 15877 27271 24771 31420 29783 7969 801 25194 32661 19238 17710 26076 18202 15068 11471 17826 10467 5143 22383 31743 29446 18698 24983 4405 30092 23589 5095 13957 6854 20779 12474 4747 21390 1944 32281 6008 13720 27782 4480 3338 3437 7048 4325 14076 17404 8308 3382 25279 17388 8956 8532 16021 1890 25794 14614 22199 14089 15988 17621 15296 18449 28509 22658 29009 4811 16491 2781 
19395 21702 31991 8228 20239 16864 22767 18480 22076 10606 9116 22738 29233 7611 8382 2878 12770 13875 4921 18214 1624 24935 27046 5735 13427 2527 31684 25590 21394 7270 11710 7138 7891 17075 21035 9027 19715 30013 15134 7226 7597 5342 21889 23824 30613 13646 30927 20904 28087 5425 15648 20917 29500 1451 6366 13706 30297 17504 27778 21974 7563 10835 14855 6017 14497 6544 25097 9025 3570 3646 29206 7675 5751 21469 19586 1991 16491 9969 101 26226 30928 7544 23036 30067 20833 29894 26088 20047 415 29564 20864 26673 2901 2592 21780 4752 15955 18624 26530 12077 30553 7806 18151 14926 29811 9521 16786 6515 23152 6952 16079 20145 7883 25866 17130 7222 27504 15774 4714 18844 32022 6577 629 26883 27808 24626 510 28949 19164 10947 15051 7011 12039 12745 14552 6635 11831 20618 14281 22901 17492 6752 27750 12602 13315 1615 12863 20943 12165 21281 6007 29290 15368 2444 10823 16160 31837 26479 2358 7019 14186 23769 15156 5957 32758 12510 19462 31636 1709 22317 4819 23099 91 32230 24999 12654 3462 7829 19753 17408 24854 9268 14723 23135 26046 31934 21300 29831 7338 24468 1432 11395 2399 1467 1685 31468 9232 10542 9197 21010 17958 12767 1631 7250 15933 15072 32075 9193 11641 32588 25660 16151 24920 22002 8698 11797 9380 20545 22420 21178 3714 1409 1295 14155 3741 21007 32351 6003 22636 5836 5492 2627 25483 15576 9189 18144 12724 939 8678 2667 1939 1523 26173 13996 27134 27455 15295 24844 3932 28697 5442 4731 3733 3491 4658 21115 19853 20256 27455 13954 15891 12126 2425 29529 2534 15253 31162 3296 867 28254 8078 16363 9865 28017 24136 18092 12999 18290 32604 29122 21023 24843 14502 14269 12509 32340 20675 23925 4091 7801 25767 13435 3951 22823 2970 25258 30693 27081 12642 28675 
2008 27955 7657 6192 29017 12960 4909 963 29467 16737 1845 9769 8435 24004 21318 5019 17989 4159 30900 1397 25905 20998 30677 32165 4905 21460 1576 15307 13911 8297 31158 16142 22733 908 27889 6877 16838 10460 20028 19579 11153 9697 26113 2618 424 8066 5705 30887 10029 12231 24014 4973 16054 27026 31253 228 23330 17478 30184 11448 30164 27968 8289 31798 4174 25712 797 9571 5556 23550 27206 30578 30079 333 13614 22758 24080 20668 4432 4766 3219 18611 17678 9586 11129 31851 19775 21085 20802 4271 22841 20048 17290 19968 29530 19346 23143 20195 22976 10564 19618 24238 12838 28265 6370 18642 5537 26157 16040 12407 14031 23075 29536 20093 1649 26511 12794 18220 26485 18268 6520 20575 23463 13656 23022 5832 32548 15859 24738 23474 12356 15823 11471 6628 11483 20058 10181 3596 30025 20849 17390 25858 23392 6872 6863 20059 3371 20226 3814 8843 16873 13210 3275 2636 23345 31614 9816 25954 19168 5387 6075 27142 14447 18349 17202 22506 1884 11977 9193 28130 6091 24233 27935 28676 17918 17589 30876 4614 25162 6563 3278 8027 17008 16243 19369 849 17784 26610 32371 690 17476 16476 18644 30580 23761 5415 1425 5593 27979 4149 4313 13068 32656 29084 469 28847 8477 17009 12706 18648 32245 634 15544 25153 20569 20618 10276 7886 8215 11514 30452 27720 5499 18041 19894 5609 18394 29690 8304 28346 17551 12598 16539 24611 24507 13475 24524 8169 1179 19992 10582 25480 23740 32319 12751 23348 29710 4252 5649 24599 29926 23721 10388 5382 8508 25015 14583 29057 29062 21611 16152 7579 31711 10136 2270 2931 7553 24918 32753 22177 30658 23904 30494 9684 13985 26421 25801 4487 20190 30080 16575 27170 4509 20054 29900 22303 9846 13674 11190 21772 27584 25465 2925 15631 19823 22225 8881 11652 15055 3843 
2022 26450 30436 32581 13662 28243 8232 2283 1738 30921 19090 1612 22873 7448 17619 4182 22904 12478 5269 21965 12244 23395 8839 2887 6033 7516 1038 2004 6557 27078 20911 31614 30619 8250 21491 15686 24939 7136 21590 2558 8442 15698 27166 30350 890 10865 32416 24120 30637 29995 3113 12772 17471 27384 20211 10845 25960 8466 19464 26583 25540 19237 3588 28935 9705 8920 1220 17039 5307 12470 6519 16558 4752 32744 13064 5273 13182 16359 12808 18576 32511 27990 1807 18771 9570 20656 17548 1033 32559 20079 15277 4332 25722 2325 11346 11018 24256 17284 739 15006 17909 2456 21407 463 16459 7523 14314 18259 6224 602 24561 22946 5731 8837 21887 20219 4656 9582 30073 15265 4440 10993 18291 214 9920 15653 19871 6568 12692 26132 15031 16035 16934 27286 6368 4051 31900 32474 651 15872 24325 9552 13094 11924 16911 10777 20156 18912 1486 25774 16479 28949 2864 25787 27017 20673 24140 17806 30791 6157 268 7487 17017 21321 9666 27040 22036 5623 25080 772 31460 22894 1446 2469 5203 5985 13934 24535 13765 2608 26627 6591 15842 14070 22674 32146 29695 4337 5762 15210 9197 13366 20664 870 31793 9873 5550 22380 9499 30737 8501 22881 20738 12763 29680 6267 31332 5015 31201 26615 26897 14658 19549 15348 681 19534 10137 19717 11116 8521 17166 27126 23913 30269 16748 27570 18850 9189 30087 12674 20441 29918 15865 8719 11845 13219 1962 30106 8159 32643 10934 5261 8304 29017 162 13181 6726 4958 18581 7026 8384 12692 11230 3232 19720 28331 23528 26152 2717 17482 11019 9015 6673 23185 1981 13181 10794 7064 30227 12761 20879 18000 21532 12845 3566 13749 5944 10510 16476 18211 9370 7262 30347 12426 21635 17198 32325 8499 22798 22163 27781 27094 21963 18558 24839 13290 21628 18634 14749 24621 
30206 7248 9867 23194 1728 190 20789 4258 771 22861 23185 27491 30854 986 7045 9369 6431 2385 26728 5615 968 29487 29613 23644 16059 17556 16230 15001 2257 28909 14016 2261 8065 31671 15756 23979 4820 29776 17338 11403 7579 14148 28396 12931 13117 31723 21425 9074 29532 6397 10999 4461 12143 27054 14993 11977 3953 17355 3224 28005 19464 16548 9641 24210 10262 20318 20694 7315 27569 1693 28073 17170 28599 3658 17226 22631 207 29196 10873 11818 12638 21347 15911 12021 30846 22023 26245 25610 20242 13099 22315 23620 23708 21686 10865 30523 17455 11105 21750 8275 25320 25619 12838 17544 475 11585 3539 16379 32629 10845 12789 21900 15139 26779 5680 19341 9520 23329 21107 11595 1265 12813 19778 9548 5331 158 8701 2390 24173 20470 28761 25660 31157 15067 17886 6893 5223 28547 4830 29049 14454 12182 14357 26673 1568 12478 2729 9953 22700 20612 7678 1471 19161 5137 16672 16825 4330 8091 20888 29597 25037 28656 25686 15743 27208 14105 18433 4874 32093 16090 13839 2830 17895 19946 15012 7033 10196 20879 10915 171 9851 9395 1650 26357 24169 7299 24336 32168 28520 23029 1644 1394 27604 12094 2466 10596 21529 14077 29343 29497 5937 28918 30694 28017 28548 12567 13066 10489 9005 3738 26958 10736 27116 4786 26783 28631 10074 27745 32061 21068 16935 2103 25124 28779 18067 15988 9542 32609 10329 4660 7296 14178 27360 16348 27072 31623 8787 20353 26488 6834 30932 9943 30824 831 13556 21447 29177 12365 28497 17161 31515 30990 6766 19338 31817 28499 4200 8199 19688 10399 6147 21520 639 17424 8781 11806 5877 20162 3440 783 503 7151 4306 27309 10070 2719 16196 28909 20692 27647 16643 1972 1405 3402 31192 31834 25374 12922 25541 965 27744 9750 2752 19448 4427 31294 30333 13968 18954 9505 
26215 10026 22127 26559 29323 28685 10547 16257 7704 12155 7258 22800 20503 25101 28863 25932 10550 3458 25641 29837 16784 27936 22785 8313 17735 19585 20345 13581 16624 27497 6925 17779 28288 19613 12603 31530 5870 25578 4579 24697 13520 30298 544 18486 9260 3294 28537 31179 27998 17112 15955 31297 23037 11023 28579 22862 4370 14928 8080 2288 1884 24182 31251 98 15322 6319 7068 4435 29239 29402 11207 1377 20619 30516 12091 15225 32465 17373 15496 5226 13137 7402 20213 14746 27875 945 32435 27097 25609 7661 21969 19149 21605 22553 157 29450 20372 20982 26742 4428 20198 9602 25606 9659 20445 22156 6015 27354 11600 15315 342 1465 649 10236 14319 17661 31152 28997 7590 2277 2983 4890 24995 5989 5869 9587 14027 26463 31963 18652 3838 4194 4373 19228 8203 27735 549 23054 8539 18891 8315 27952 7807 26880 14013 30010 9248 11413 12121 27088 10552 16434 32604 27605 18987 28398 29821 21102 5940 18894 18202 9023 23896 28803 4619 24364 3893 14232 27456 7885 7621 15219 27721 6157 27116 11022 61 17682 25751 23508 25736 14890 28645 13750 14848 26268 27657 2530 23096 10440 10791 7142 16404 1116 26555 11102 32562 12422 25367 15434 2718 23747 25381 29209 28395 13933 5834 23633 411 28600 16756 432 1458 30454 4258 28643 10920 11972 4208 14131 2835 19323 8853 7329 14037 12113 12637 23688 3504 15978 30111 7307 30899 15411 10517 12628 27283 29507 2659 7674 31229 28366 18478 18312 2132 1843 12678 7282 20202 872 19324 23641 14798 14426 30781 27940 5879 3096 21842 30350 32137 1061 24858 10866 30683 29273 26347 2228 13531 26341 30551 21788 22790 23574 23317 3252 23 3270 8483 31548 28992 23132 12888 9922 14110 14248 16740 15944 742 8655 504 24453 1149 8447 30138 18540 1250 20929 14577 30379 
30859 13386 16023 27843 29369 18297 20543 4629 19529 4962 329 18878 26419 6247 10271 22958 26878 23687 15909 18776 11126 6337 10344 15428 17195 14384 19236 32681 29144 25896 28975 20703 14988 30840 20649 32180 24391 1777 21916 8416 10198 9362 11940 24493 4289 6271 26049 17243 13493 13108 27791 8703 13594 3306 19631 2050 3317 10015 21537 10615 14131 14104 14405 6506 29682 4883 12806 23824 13832 22314 19130 21769 25264 21312 24122 3080 4288 9881 4426 1694 30282 31871 1475 1959 21082 1000 29001 22819 19398 27168 19855 22136 2325 13080 26192 638 12395 10012 3916 7324 1186 13027 8272 4308 22619 13059 5881 18627 17529 22762 8048 15199 3869 31205 30195 16549 14489 19852 6142 32210 5290 26692 21905 3216 14042 8026 3003 23241 18077 31563 24989 19243 32672 29680 7169 12990 9548 16090 14977 16806 30961 20341 26652 10323 23459 8969 15390 31696 3354 26685 13702 1325 26540 30597 30066 10561 13520 32512 13107 19746 22913 15923 28683 22797 169 32383 25550 15198 12980 4284 29068 17901 29203 29943 6690 27488 3661 2450 14923 6998 11587 8801 17744 8476 18294 17076 12357 28837 15154 22485 19868 32280 15393 7831 27935 15255 3403 10293 29603 15373 22504 4298 27415 1950 16292 7052 9779 22452 23636 9174 22287 4471 14874 9526 31730 13829 3200 7653 14382 32329 16158 1738 21821 27393 6480 98 18313 8616 28865 22030 22617 13610 20334 14818 21708 27772 27344 16788 30530 5625 1256 12586 19147 29934 1493 31568 32498 22468 22874 14697 16301 20138 15101 10612 6893 23904 14964 28932 26846 16869 16176 11368 4202 17395 30520 9190 9393 11064 5584 16625 10921 4210 2797 4210 507 5093 12267 1370 4026 24249 8238 1140 14876 1013 30550 4003 2387 32534 2136 1389 16962 18584 17694 7227 24665 32626 14307 5675 13361 32573 
18159 11614 9400 18976 13803 7823 19008 21053 12522 29779 26837 18303 22596 30314 8678 23841 24196 12705 22380 31890 28692 29533 1698 25053 12720 27391 12616 16201 12559 16186 10325 30195 5536 13671 31350 14585 1288 17519 3441 18341 15027 11866 8028 28135 14032 2523 9416 7264 6105 27761 18134 8151 16833 9078 27971 1872 285 19903 13862 10897 32148 31776 12205 7871 27949 940 9720 29045 8936 8869 30880 30754 4677 1780 16875 19545 29288 22714 15764 848 27637 4909 5813 20857 28739 10709 5932 16880 8053 22520 1418 5355 1772 21665 2854 480 1069 24165 32063 196 5619 11781 18046 1095 16534 606 28783 153 29182 10023 27003 4088 14573 4688 30561 13146 6358 19275 13929 21247 8995 6979 8825 29915 19647 7016 7206 10559 12048 626 31272 23924 5750 27810 32743 14675 3353 21816 13770 345 5380 21995 13899 19908 3677 15329 8237 31620 6445 15340 7409 15621 16030 31416 20597 18002 8169 6063 6360 6293 129 7534 20840 30501 15782 10602 13675 10419 27649 13348 32509 9393 1785 24566 31228 26091 3602 24768 263 26800 11264 27875 7209 25889 1274 9356 12804 32093 25025 30858 1085 24554 10702 29986 10232 21405 11777 23671 23723 14418 1546 27031 16762 94 3515 668 7767 14262 25095 13256 27847 14033 8496 18365 13508 15859 9563 31678 19894 18143 18583 24602 9535 25209 7657 17685 30179 5739 7861 1845 30282 13572 440 7981 11734 13793 30171 28193 14797 32650 17352 16044 31768 14771 27881 11890 4538 5629 1525 14109 21680 10520 13700 5587 17339 4163 5391 15678 18762 26354 16256 3758 20637 24462 11253 10254 17614 19397 27090 19742 30876 28805 10840 526 24254 32316 28905 18958 18774 24678 24730 30648 18726 27500 18198 11565 24349 20795 504 3921 4300 21955 13621 525 339 13028 17199 2767 30573 18853 
30366 29965 26068 14051 10168 27459 13793 14202 7826 20687 31137 19626 15680 22798 13991 9832 17673 9134 8941 30631 8012 16450 11775 25206 1876 10841 4184 449 16521 971 3810 9072 31920 27805 32030 29605 4547 20998 14165 17184 5083 22524 20201 18381 22615 17538 27018 15709 19296 17523 7717 20691 17174 4333 16799 10911 8124 30996 28660 10268 5687 10520 23310 31751 7100 2569 28984 27797 21321 25152 28741 13743 26448 10243 2772 9217 5113 29979 32080 15934 11571 27742 8555 31463 23511 11599 16004 29087 24741 940 17476 16916 27052 17963 29596 2466 2233 9406 30546 20472 8456 29980 22919 10580 14469 25596 30948 9887 25844 12843 11387 22253 15607 5009 10771 21901 27323 22346 18598 30591 25527 16647 16240 12186 24448 26593 32746 28778 7359 16448 28076 24976 23788 1806 19399 4759 1787 24476 20481 21154 15181 6626 26114 21232 25981 15643 3040 31415 12375 9044 6896 1430 21644 29337 17014 22052 32475 30478 18263 30789 11199 1349 5726 15610 24941 30744 8056 19326 31938 19001 8886 16490 18923 3137 29927 10138 10720 12456 14761 29344 6920 21007 28674 19701 30006 29291 9802 19675 21418 31431 31575 5791 13347 542 28941 28339 464 20223 5508 3093 22191 514 12049 3804 3593 27704 21525 21022 28313 3254 19352 25732 7695 10669 2632 32060 18787 5619 23850 23125 13719 24565 24966 23967 7520 1518 30033 30506 11834 19362 16729 21128 19656 32040 26411 25169 15451 10525 15624 14139 12204 24775 28511 7107 19953 5838 11623 27028 2970 13920 4003 17166 29161 2884 10736 11429 21975 23137 31671 5306 17365 5679 6496 26296 21038 10125 26221 5835 9346 5022 2527 24222 5676 18644 19416 32512 14431 30087 25777 23164 21059 7497 31535 20926 4261 28974 8567 25711 12468 1766 5011 29300 10829 8072 31505 14959 18709 13436 25705 85 
15145 11899 12889 19933 2294 7839 26523 16005 29108 26197 18180 16515 12476 26584 14331 15821 7412 26969 11061 8803 9469 2556 10360 13745 22377 18468 2617 2871 27626 17963 7505 24940 21626 9961 29208 9577 1873 18964 29309 8004 5448 12197 3306 27684 7732 21592 208 21998 25692 32718 5479 1560 629 10545 16083 31932 16544 539 25009 19312 3423 20716 15621 21585 4989 1053 18 16425 31341 2935 20216 15729 18907 23258 23667 2935 28789 24869 25388 14171 11897 6116 21868 25002 15756 18762 1545 19278 12341 6214 12330 19851 4345 20188 31552 20156 7584 18371 26534 23300 24952 18775 17954 16916 20061 3813 14691 5749 30411 8999 19976 24663 18268 18762 1132 23125 21349 14041 5627 3058 2494 9911 16175 15469 16612 12278 5495 5708 30319 3269 3676 30885 23943 25447 15261 14824 6462 17312 4154 3400 31233 12058 965 29644 6987 5549 16833 28214 4068 11478 9036 8356 10087 3650 30073 31954 32056 6698 22932 11526 27809 27126 31261 10121 2492 17504 20884 13918 32660 25679 23626 16458 20117 12339 27145 23527 3337 25985 27816 6318 8885 14800 687 12755 10585 1316 10498 13777 5973 387 24512 2728 26475 31273 7943 20801 17931 25576 29542 10215 5529 28934 21257 20835 17798 17903 29042 8236 12293 21272 5620 9625 8711 15169 14992 31235 24330 11508 3291 6829 8081 25736 11288 12706 32033 29885 6786 19893 10362 18925 32029 17538 9425 30087 13277 3763 4056 19367 2934 7458 28507 19839 13877 7320 9088 28208 1961 31855 26392 29477 19293 10654 12683 30244 10833 31307 2399 6792 6672 16043 3831 3078 14861 4217 19902 29860 8456 8199 11806 18868 26281 19826 14074 11735 3653 20585 29291 23376 19675 15943 11897 6309 21706 1757 1483 29115 16233 3871 27558 27347 2279 17879 5769 13215 30316 3305 10762 1877 28156 28654 
15983 7697 8117 23943 8594 25389 20210 27344 16001 3412 4596 20790 26991 22371 25977 17058 23483 16722 31558 26880 26225 825 25860 18887 23176 17141 7863 4663 19130 17114 13704 27427 6912 20408 21724 22097 723 7779 22303 6017 19661 24980 2471 19634 18715 25189 31418 27514 17762 15666 13122 5137 27433 8736 575 14327 18261 5081 23474 5004 4610 13924 26709 30667 12846 17460 12480 23277 11330 16102 31830 16955 32617 12358 25484 18745 25025 18469 28312 3510 1043 8143 32624 2725 7822 21502 18822 5070 6424 512 31362 7036 247 19712 17279 4495 10948 32445 14110 336 9041 16357 6288 10409 21765 27371 13052 14687 1668 29922 25018 19111 23854 12194 22822 27817 1372 24645 31200 17478 4507 1939 1663 19927 29664 4783 10927 6958 29225 1719 11715 23196 8946 13738 2412 30184 9309 19776 2161 24720 6472 24074 16536 10190 20193 28098 11296 32727 30659 277 26948 3698 3256 26306 26949 10542 8314 27963 9466 23052 3886 10954 17232 32716 26395 3830 5785 12430 25299 8997 15856 2127 31256 30065 948 27401 12325 13530 28928 31021 451 24600 12492 20303 18512 30841 31299 27413 20236 4518 28950 19718 31144 4389 3879 7264 29518 13442 25701 9783 31127 14341 27184 18345 8829 24733 13713 4701 16595 26701 16210 7053 21667 28139 15598 19677 29878 8794 6394 8264 12119 44 30435 6044 2889 30739 15574 15252 22984 7883 27939 43 23978 25538 12369 2899 693 4812 10758 25366 13741 13246 5275 15635 29597 30797 30474 26966 4427 6979 22352 22933 29245 16594 23766 9349 1183 22510 32735 14175 3036 8783 9908 5346 30285 30172 30991 21921 18046 27340 15705 1544 24363 8829 16103 17648 29937 6819 29701 8477 12190 21043 6830 6827 2919 28656 7723 19866 28315 27196 19725 10668 12850 8614 13351 7018 18422 3698 18981 8881 
14777 26024 9785 24617 22901 11695 25592 22847 6408 7380 31086 3191 6543 26126 6091 13880 12911 2840 31887 3988 28551 22749 32539 30680 29265 23560 13180 14104 1379 25228 27720 15396 25082 27272 16769 3032 8018 758 30510 30536 31066 31911 11953 18924 7840 31825 10734 631 19658 18726 22992 23395 2454 18921 3240 4799 6191 18418 2320 8383 21610 10652 18498 23021 21148 15472 18232 20540 25197 27285 2316 28185 30296 17403 11546 12654 4309 31548 11654 9543 27550 23464 1269 15334 11700 13353 25305 16190 26247 29716 15156 5145 5516 27551 15647 22728 19823 6646 23390 20064 28888 18757 22013 20926 22290 171 27246 1952 10957 8469 11174 6889 28276 28299 15482 11780 10482 5834 1479 23908 19506 8919 28043 4535 3718 6452 19979 24296 13831 17221 23629 7491 10869 7212 6910 29072 4189 25471 5752 7579 9684 23839 14874 25755 26673 23255 13230 19789 25586 7013 6090 16365 8361 28836 157 11087 21632 18535 30500 26767 21173 324 27317 12683 24151 27282 2626 22969 6986 12378 6470 27731 15127 26082 3065 14991 18666 7687 30866 31368 2921 24866 31667 16197 30039 21576 17804 10442 17054 31181 17670 15752 25484 6322 17352 12586 1356 12869 5529 1532 25507 5043 27075 29570 7345 19783 2001 11837 30738 24936 17641 26990 19533 32 28531 23088 29833 11480 24003 26550 7102 25891 16386 21242 21012 32292 14567 14911 5323 21305 28075 2161 31514 7445 15680 26578 12666 2197 22298 10533 10763 4417 7761 25221 7746 7025 16787 10823 19258 30917 26222 25769 19839 25226 8198 14897 5755 77 13311 13764 5795 15547 28559 16914 20271 2665 1578 8199 9242 6771 1222 27869 10446 7419 24622 14386 17263 25270 2014 13670 17699 13730 13842 25919 29764 20631 13948 25118 32003 64 3703 14645 3899 14647 9775 5925 29491 25635 28456 12186 
20279 1553 23673 29621 18818 9795 23774 16112 16341 18632 1959 31467 16994 7519 16627 29998 19867 23173 21852 14700 17982 14034 3509 20330 27037 32395 2831 4674 9604 5431 11726 3940 30850 15923 25197 29914 18414 27531 6381 31068 27231 26393 32361 2812 10161 5252 17131 30077 10792 1712 2101 9166 24238 29205 23222 30408 28172 31846 14101 12063 27086 12324 20541 17006 8794 6100 9959 1475 6691 265 6173 24906 10818 4060 11387 1347 8670 20668 366 16103 27533 20328 18002 30352 8232 26151 26939 3131 680 27509 8688 6479 10880 21737 27765 5582 10953 31441 16721 26154 32287 5563 2691 22573 18672 31766 24405 10767 13725 9031 10144 5883 21701 26887 3797 7583 23075 23605 14730 26321 18037 12787 29139 32650 12876 4563 15264 27232 4508 31558 3672 14572 12316 24049 537 787 5501 6050 23281 29710 9208 13438 29453 8373 28571 12693 26770 29364 2371 17020 12042 8339 14972 12037 3652 20913 10977 18223 32084 13877 15886 8825 31749 22612 21427 22368 18334 22160 10220 4554 21126 10915 28200 20240 23824 4866 2920 9557 7575 14286 27725 15030 7899 28318 12836 24937 14507 12231 23723 13718 22960 25182 208 10241 8940 16144 19601 17123 32153 22641 31154 32095 29989 10401 21848 20994 4297 14958 14248 11053 25347 31005 30786 19017 11907 7732 5090 15217 27890 13266 3543 4331 32420 15094 20991 28072 30441 3615 161 23905 1698 16182 11273 19242 29631 24342 27516 14353 5115 14914 31428 22371 17457 18736 25381 7278 27209 22436 18065 14613 28902 32479 28749 28294 26190 24534 18657 29518 18689 16550 6526 27640 23044 27951 8835 23693 4320 4055 27088 10678 25970 27171 6895 16338 8652 24131 24113 3991 18976 29093 15900 17085 7763 26180 19582 24788 28508 13889 19780 11828 18946 6388 6745 190 5996 11192 23855 10866 6171 3439 
10692 5855 25397 24824 32689 2994 30109 5255 20596 20276 19659 14894 20052 7430 10725 2005 28034 31397 8313 28966 30340 5263 32483 14330 25215 21699 15979 22772 10581 28105 26870 12400 26197 15366 21046 7408 721 19329 13257 9902 5227 23126 12695 17067 29471 12344 22561 25214 14858 9087 5805 13730 1659 19139 23355 9158 4606 8515 25075 27487 4139 4949 27179 12453 216 19504 25031 6990 15109 14445 25876 22611 26146 15939 31780 13783 32088 17293 8820 1416 3419 3762 7708 26130 7437 4430 28221 16222 29189 26040 1915 11425 1768 30900 22399 25121 6574 11268 650 29148 18933 13200 30836 30215 5834 28026 19072 12273 32396 30892 4163 23762 7397 10863 31405 19106 29999 7812 30729 15356 10381 23642 22672 3863 1184 1108 17711 11226 29824 11652 10785 2735 21594 10718 16059 6492 14706 32078 6062 24615 29972 11831 15712 20608 28599 27649 27031 18376 3455 10463 17217 5839 29868 24326 21661 20800 88 31582 14598 3536 16953 5000 19078 31889 26242 1238 8301 23070 22898 32542 9443 27060 12267 24372 14895 30251 30119 1619 16170 19198 29611 2797 26616 25307 17110 7504 25749 8689 10963 16835 28572 21832 24901 19180 12906 13344 10182 29864 1452 3469 1289 19842 31716 17302 16499 32231 29739 413 29662 11535 15711 25354 10646 17817 16225 8449 15335 5395 29800 8943 28485 10172 25783 20248 12498 5630 10427 7911 28924 14022 6926 2524 20241 26294 23192 25088 27758 29400 22705 1241 15412 29314 24095 22860 22637 9420 14683 26082 31693 16676 1266 29035 19139 8045 4049 20055 10769 15251 11072 7061 23275 30385 18485 3237 27595 26815 2094 19704 18194 26711 13177 27619 20297 25715 28341 26660 15312 11760 24509 21735 31165 11546 2749 3772 32122 23548 17354 2652 7412 31024 4245 21621 9135 19027 225 9559 18662 15771 5416 27812 
1780 3520 13266 17849 9976 13290 29056 19176 31567 13987 5519 29639 14183 19645 27568 18616 2409 5965 13348 13048 17130 28305 442 12121 3993 21012 742 2586 25170 29820 733 16534 6064 5265 13627 8986 26028 15166 5702 10586 16100 22899 7500 22662 13198 20354 31014 18255 8689 14582 5077 8503 16724 23606 32389 18161 10204 27557 29820 26789 15383 15084 7474 14248 3691 26047 15974 15810 29436 7171 2591 13629 1170 27393 7982 7909 17307 2583 8493 24957 15697 16815 23264 5098 26251 15480 12944 17053 32758 32160 25937 4933 17694 12985 4996 29214 30437 28374 26169 3550 25097 8202 5503 24999 9606 27064 28450 8596 27820 4498 17866 30772 23649 3901 21889 486 14707 27518 25494 2521 6265 11312 275 19073 9397 20925 23162 15693 23287 20002 4640 3658 16464 30178 20922 20117 2918 540 14098 221 15992 6178 26285 2776 18723 31700 1872 21983 10674 6147 24043 7075 9737 4914 1686 27323 8879 28897 16080 26959 1836 25253 27952 10207 9917 26859 20210 31070 13568 26815 21307 3794 1794 4953 31815 30000 21018 1624 14421 28739 30737 10284 27502 25892 21427 12115 19883 14151 6534 6641 22296 11446 2974 18856 11028 19187 18339 14517 19511 3570 20954 7893 25210 11629 2685 2616 2402 14723 23447 555 14687 15007 17565 16399 31533 1312 4665 27071 7498 16390 31582 2139 5462 30650 7529 31296 27435 13223 23203 524 16988 7696 10943 27917 11617 23461 13509 29838 13419 30965 26132 23654 23490 10326 8869 21373 19014 10941 19561 6980 1517 31406 19559 12065 19749 4547 16292 3833 11929 29794 21542 29216 3332 18178 5655 26660 1903 1511 30802 27717 26083 15146 12057 29194 22779 3312 1024 15549 29871 1468 18067 12446 31999 23211 7962 26877 13695 32404 32743 8908 19614 30952 19734 14477 3457 17893 21081 6986 16665 8671 
5797 21041 14932 9170 8878 11966 24608 5712 23621 31847 13162 31538 1693 13095 31996 3976 16867 4161 1795 27393 20730 30288 1512 24467 30490 8914 12001 5336 28171 4337 660 26667 17771 4892 30777 3641 22768 31803 15333 6545 20045 26722 1123 20406 25558 7519 4604 31809 21736 26696 29931 11764 23138 8608 5493 1517 12184 27655 18676 19944 12224 32611 17712 8691 22761 18311 112 29904 18078 30896 13926 4449 29217 20240 27518 24408 16642 21907 18983 16886 17866 4255 18320 21442 20462 28997 18091 6886 27876 7039 31565 6024 28357 9219 4290 13416 5281 32177 4422 21404 15026 10192 29370 29513 21301 29440 5839 27486 27363 19193 8558 2178 32738 28916 1874 2111 472 14734 19162 21252 28206 31011 9077 18339 18100 7064 7947 22998 27159 28541 20039 26744 30481 11238 25634 30819 21785 32686 6084 12782 2262 29775 8805 32393 13700 212 18043 6522 24255 30636 17362 22053 13080 10026 23349 511 16988 32761 28636 29872 15958 1656 31067 10397 21222 17273 23009 8833 31177 13306 659 16043 30301 11296 20674 8614 2466 10722 18152 56 18127 4996 26994 4641 19643 1529 6541 20013 16278 21599 10396 31329 4051 7145 30461 28982 8351 13579 29918 539 8387 31540 15846 30468 10220 27614 17739 19845 2207 5729 19859 21157 19297 17362 8218 10728 13092 3624 32487 14381 31729 25398 22061 19582 2025 3621 6683 3152 26077 25004 15005 21841 21213 20881 4628 25906 9004 22856 5333 12297 3944 3358 2614 27638 15221 23858 10135 29602 6569 24491 19913 4582 29051 18445 23971 31032 433 20623 7986 6996 11603 10094 15961 17711 32403 25517 27529 28620 31437 13935 16807 28766 15698 3398 8184 23224 668 9431 12738 10566 10849 20178 25161 31485 18781 26683 266 13478 23650 7497 3662 32028 15899 5376 20318 31922 3058 9159 1261 28052 
19579 26093 9714 18701 4676 278 13604 29364 15639 5254 18921 23459 24965 32643 15541 2853 17089 13158 25469 28957 25557 15772 26954 14805 22669 18017 7526 18395 18261 5678 7548 26229 16808 230 1861 32383 23567 15984 21076 22838 19524 15324 8982 25727 5067 4497 5425 2416 15293 22993 249 24976 24581 4480 3153 16556 30053 27399 14993 29236 22730 31718 12068 30052 25438 9374 3279 20696 20529 1245 24822 30731 28610 8855 19350 12813 16221 29173 30281 14875 27575 6822 15964 11328 27759 9320 29738 3059 10788 438 28079 23477 4072 10867 2844 23441 12045 19131 21588 8914 6754 26851 21684 20814 17364 3662 20893 31511 590 29320 19999 2916 10201 4772 10383 20414 16689 27147 7595 28234 2888 11771 31456 926 9521 8371 24056 23489 26390 9743 16535 14790 25383 31546 19099 1726 23384 2704 13270 17010 2870 20634 193 1825 8085 792 9445 15585 27115 29928 17156 2840 351 2 31207 3229 9255 19067 15471 23912 29778 32438 31276 2556 336 8403 3341 17817 6392 236 24163 7926 14976 8680 23261 5584 13827 14068 4403 15915 14910 16518 10888 31865 25726 25422 13139 9517 24854 12337 1672 18705 4773 3343 763 1655 7320 8425 15822 31717 10793 2 21685 12548 2749 4398 30301 28171 21692 16512 31325 14064 14415 13727 30263 15056 5180 21348 295 31048 18468 8120 28107 8060 16339 26789 14122 1866 20855 29476 12363 8054 11157 25444 7993 24881 30674 19728 20607 12153 16478 25627 11485 10613 439 4537 14295 2966 2044 23584 27055 14206 8553 5409 30602 26181 8226 4530 7147 26836 16640 3223 26681 12292 29309 5829 9079 976 21154 10243 29827 17922 8504 7820 8293 31446 28913 30581 185 11664 31325 1793 20414 3105 5232 15142 853 18556 6049 29491 4618 2143 5696 23850 4236 20211 7747 28672 16471 2606 
11853 18792 1515 12935 25049 2366 30916 14681 7746 10847 31614 20986 5792 1027 7710 9081 13946 6122 28619 21747 28674 21510 2269 11681 8352 22276 25531 4591 8555 9560 3865 9760 30331 14961 5952 23922 27348 24573 20772 8177 11834 353 4827 22306 9981 18883 2540 14071 18493 6370 27572 8072 9386 21359 10100 23089 15394 7767 27535 19812 15888 13918 25110 23281 28676 19090 458 31346 16289 10707 7737 15109 20886 327 21424 9834 2577 585 25707 22856 29516 19481 28577 6083 5605 25938 32636 23701 16206 22057 18960 7008 27025 23510 9106 20972 27448 24524 24303 24446 11636 9851 16228 30973 5472 7023 10842 9535 16020 32548 19536 15131 8842 19044 30017 15318 26202 22975 24421 32136 31166 4491 31497 20291 20700 23835 15287 28360 30222 30345 9928 25335 15724 15361 2822 9236 4228 1990 7935 30996 19035 16513 9650 14380 13744 7004 22610 26455 32572 27564 7803 5232 17335 30015 7530 30894 27548 21078 19110 12929 27859 17348 25963 25604 16499 10938 31658 32051 20911 18860 26733 32552 2498 1926 6828 3263 5437 8473 13720 17503 30023 11798 7873 26645 23890 7697 6860 18148 3243 3594 11474 24865 10585 7186 25617 603 29906 14270 7851 17615 4328 22033 31483 27333 13676 14249 32466 26989 250 354 26908 17128 10017 3180 2837 26775 31402 1059 17218 21124 22558 18194 13886 3714 1003 2587 5730 8119 28653 21831 23443 14356 24108 29254 8862 29182 10794 26684 20615 16091 26061 12180 15440 30045 25508 11087 24838 23269 16277 11969 2914 12908 2983 17515 6896 9372 7779 511 2895 16263 13115 13481 30006 6010 31942 31053 24822 1763 18123 28664 3856 26799 796 27115 8259 14621 6781 10980 4438 32297 11290 20368 150 7273 17931 21075 7070 15051 19360 19931 28679 31457 30885 29434 11788 25298 30182 18523 1001 6648 
22880 18494 1597 26794 31750 6279 29126 8711 24460 29792 27941 29594 557 968 30711 5269 31807 24590 2486 11788 13054 19825 7992 31415 25433 23134 25861 29341 1846 11247 1556 18934 27859 8560 2085 15299 28453 20872 13730 12874 9312 1993 30617 27915 19429 21536 2655 21582 9222 14483 5662 14731 14359 9173 22891 6146 14156 7035 3402 19258 4291 21425 28792 6998 25478 5685 32690 508 16942 27600 27739 11551 31856 28659 25332 31978 28495 10439 2351 25528 3614 28918 24547 24309 30790 26438 7217 18621 9949 10368 26427 9562 11352 13822 14234 30840 5579 11786 10808 21615 47 3974 26809 29919 10598 24891 669 9202 20025 32736 26482 17603 15856 15091 32574 6782 11584 16378 28380 18978 13064 22931 24071 30702 5988 23702 4095 22726 386 14727 27102 11093 16831 1507 25988 25203 1246 32295 2952 28334 13182 24049 10404 12645 5839 26016 7955 12014 8203 26364 4253 23780 7648 31589 26395 1647 9075 1335 31025 25783 11531 20493 12915 5954 16145 5807 17922 18353 1292 28140 23993 24530 13151 15511 28378 294 15461 22527 30782 10238 5032 20776 19747 21057 15932 13230 28410 24558 8612 1919 18509 1765 32001 27248 28022 19312 24112 15856 815 19849 28725 10121 5554 12673 3704 1303 21386 12485 19101 28452 5813 13720 20458 27577 23766 19627 5121 23777 11906 3138 15664 12088 17832 3892 5690 16652 20318 31300 7110 28295 17605 1905 30495 30695 23984 2278 24349 22199 25405 3459 11621 25282 11697 18698 14502 7773 16054 31434 18114 16698 26142 6087 22807 28730 20980 13197 8546 18474 3201 23422 1240 30086 22551 6135 2766 18795 14388 10319 30288 11633 6368 5290 18964 13008 810 21753 10610 16276 19276 11941 12539 31295 32174 5597 22904 22857 31313 12525 32765 28102 11442 13926 8018 1698 4093 6901 15836 19356 7583 3240 
29059 2573 32559 21356 19356 23188 1886 2477 27835 14268 23458 22983 3389 13838 5480 7451 5449 6778 23277 20920 8194 31520 1136 14894 24392 2855 1713 13826 23287 8414 14091 29489 20998 10082 31858 31284 28712 30368 19338 8754 31402 29482 30551 8283 5651 17645 27193 28137 5832 4496 6126 26734 21110 2755 12740 8423 16375 4216 19947 13010 30314 6360 31262 23074 22876 22145 19317 20788 13780 21152 16846 2106 2212 31757 17787 22395 8593 163 29908 776 17262 12245 12703 4679 28275 22258 7482 7334 275 27459 19874 1347 3 30476 5186 23262 24602 16580 7707 8320 7550 15130 22478 20628 7671 13918 5788 32673 30996 28909 2993 1510 26212 15444 17362 1526 14580 3448 10298 18589 28649 10000 20602 19204 21443 28335 17006 25483 21664 14269 28872 21781 31061 19399 16493 17430 4746 26315 29433 4510 31873 32669 7019 29095 10286 25373 11910 20701 32527 19192 18291 188 8842 7694 15571 5417 12340 5019 6030 2115 11571 8414 28707 25088 25228 10485 23580 19351 27276 20084 7653 29852 20826 4999 9238 4710 32053 11292 21724 16973 468 25803 11042 25403 11990 4500 858 468 32427 1088 2710 14263 8741 16112 27896 14082 24850 12318 22720 8014 2646 1494 27354 32025 11793 11446 17109 31074 2616 8409 23359 15860 1840 23356 32747 22395 13887 32670 12623 16599 20420 20675 11568 19068 1473 29904 11555 30208 12981 10121 13270 192 11264 31101 1532 31086 31809 22805 22175 5423 13258 13329 15720 15636 17528 5322 14199 394 22485 27356 19858 11377 2579 27484 3816 17424 24919 17080 11241 30508 22263 29041 27767 22235 19412 14805 13518 28679 11602 21937 1853 23706 17554 19159 3731 18408 15620 4370 26328 14941 8213 26655 29688 868 15669 1570 23087 21591 19183 19627 8972 4749 27554 19001 8902 32219 25453 11652 24224 7079 
10303 7387 27119 10834 6960 11344 30173 28849 30169 12524 10513 5080 6936 29542 6453 18488 23159 16543 31988 7542 884 19909 3461 24837 18909 14543 14220 4147 4279 796 27382 31807 3193 21204 5408 23732 21915 7180 25703 32363 32427 22029 31991 29830 16452 7232 11926 17047 27349 4366 18721 16252 30920 19627 14395 12392 9522 24823 14592 934 2333 891 10742 14640 19947 22911 31765 29193 8082 31423 11604 27008 16813 23771 21404 24091 15124 30501 495 9775 26382 15103 15810 22899 9661 30025 21701 5411 8940 31762 17096 14963 4050 26654 28627 18373 6669 29275 6149 20317 14715 15082 12971 16104 20838 13279 1003 907 27672 17054 31276 8370 17277 18236 8371 14968 13981 1507 16846 24663 215 7309 24239 23470 25197 12316 21207 12636 12630 15549 32208 10728 5201 30115 11215 22189 30386 32554 23466 21060 31686 21557 20564 12285 9918 6195 23162 18402 30900 16373 11461 29644 18022 2880 20994 5091 11067 18380 29241 16487 10177 11447 30053 22464 14943 15713 29029 24761 20897 329 28616 31084 6752 22940 669 5034 21692 32453 23588 9454 18658 15128 22359 22968 17084 4444 3199 1666 4052 25471 11997 16126 17207 2906 31953 24539 9751 2053 17708 24509 10332 24852 3591 8056 14336 7271 24716 24686 19901 6012 24297 21270 32258 30844 23432 5140 28044 13271 20237 5990 402 19040 25515 6131 3799 31834 24616 24715 21594 1823 16097 1524 17912 29793 30132 32476 6171 8556 13270 2763 25280 5216 17650 3423 10528 8298 7353 25984 32373 8902 7829 1099 26479 20445 17760 1851 12625 11420 30332 24030 13104 6017 8756 10358 17548 28615 21486 11198 27590 9989 6675 1692 10862 24498 10542 9279 1635 21068 11391 29968 12340 7417 20087 8451 8021 10580 29141 15915 20129 22678 6600 16543 26324 30448 9110 31636 13125 29368 13850 8547 
31400 7511 14391 9735 12957 17586 11574 24891 19207 7940 9892 10391 9257 9543 18775 634 32424 26856 26390 31182 26399 14998 7964 11613 32471 25067 27267 21299 11076 14810 15992 6245 11102 10119 3784 11364 22573 32365 18026 12907 16850 6695 14759 24510 5486 8964 23434 5087 24040 15334 14035 170 15358 19105 15645 25133 16059 23114 26453 15893 21584 16147 17688 4138 13484 1471 5161 10890 4794 2649 7092 12616 29276 27702 32368 10669 31916 426 20544 21608 5654 11801 31451 7846 29034 31303 9881 22647 20365 6277 12411 22362 26244 31880 16389 23335 8487 2836 25075 157 15274 21330 12763 7452 11178 22824 27338 15866 3112 13389 1968 20644 19152 12478 24689 20444 10711 21248 21824 26511 19383 25027 19059 21751 27416 8974 16404 355 4572 1792 14049 28508 14890 9664 20789 25198 15803 15357 11999 4584 18386 4203 18859 14527 24893 27431 32090 8287 13805 26181 8199 18067 17140 11352 13589 1962 21216 25220 8583 16815 30597 21629 22604 27492 27478 5740 16728 15982 1800 9392 16107 9146 26082 7313 18310 22037 2857 21330 24883 28264 7170 6887 29386 8763 18466 1770 14448 10749 3693 2356 15767 5420 13043 19598 31201 13535 11160 2659 2230 20651 15459 8211 12975 27028 2781 22369 8133 5085 7908 4332 28524 24439 30937 28849 3195 28885 10867 31030 5703 22523 26400 16359 3405 16967 24217 19650 6182 7245 12612 15911 16260 6448 6591 15534 795 15435 29618 31476 30758 25617 10824 11608 28148 1630 7651 28920 1819 9685 14671 20041 7449 18226 19140 6742 89 40 16502 3832 23170 13833 7471 25544 15384 24317 32420 18453 31971 23822 8870 14824 16975 23270 20602 29155 3413 5236 12541 10746 9863 11697 12818 7451 26315 12776 25783 19638 21880 27861 12381 21364 577 10892 21948 16182 25330 2423 15600 17956 376 19012 
13090 23202 23850 2030 992 7590 6407 12667 22850 5505 3443 29563 13072 19405 6137 25359 24322 13706 1659 15277 28539 29736 751 7302 4947 4526 8241 5789 32115 10757 24582 6899 23702 7655 26903 11120 19713 19352 2252 13671 18087 29120 5510 6075 10679 31727 32024 24129 19818 10148 21171 9480 5248 24122 1107 4295 4551 23815 22081 1688 5232 10386 25687 30128 5178 23850 11225 2262 17944 32722 17456 17121 26540 19459 14013 31083 2034 32411 8292 22684 2123 9159 22855 11955 17830 26941 276 19552 13296 27216 14215 9668 27816 969 28231 41 12168 13921 23038 14003 22320 1744 32584 9710 23547 3434 8861 10646 16425 8807 11788 24436 13558 28324 19059 32129 17681 20196 24278 5065 2568 22488 9353 12602 8623 5820 20916 30961 23392 7083 9683 24246 62 15024 29311 30238 27566 18581 5947 26009 19677 4305 22342 12023 6330 2910 10657 23314 27125 32031 3499 11774 8530 7929 15203 30236 17040 9655 24632 6695 13659 27113 30475 16554 1340 2483 8341 13973 13611 20314 27353 13638 6941 7955 3755 23703 14665 7052 32505 17691 17591 21674 4488 19076 5084 8552 12433 26381 32172 1408 27183 23816 17278 18160 2059 13336 6725 27399 5778 6275 1015 30920 29333 20003 26757 21500 26916 17827 7592 21246 31908 8363 4519 2788 2795 28619 31377 7698 16323 23255 23041 7666 11658 20673 17060 2691 18820 10043 12077 5926 32513 27267 26638 16245 22606 27317 14274 14961 27131 21652 1076 20151 10068 15426 12843 6688 6562 15045 18105 3232 29217 7560 3397 11249 22343 29879 19649 3772 16078 22690 671 17737 32012 29488 20567 18491 20174 19262 3013 15827 4811 13529 15658 17615 10704 2861 7949 18802 30281 2796 1200 8288 27067 10851 22883 24185 28380 21284 28818 4342 25129 19646 32266 23095 778 16474 31395 20470 9246 29989 
25226 4129 30681 7530 16576 20261 28269 21843 25738 29987 22695 30668 19969 299 14048 5013 16297 13386 4879 19383 3877 23634 12329 28925 11067 6492 24173 28641 6601 15582 1862 682 27254 25813 16901 1942 22526 18695 28529 2144 976 18980 4350 25994 15933 18222 20504 8264 18246 1908 19256 7916 1372 30370 3704 16930 8044 25184 17284 14811 19958 23447 5269 14581 5421 28121 9040 6156 212 14802 16580 31474 18065 17593 11726 21600 20387 13538 18147 24214 18049 25453 4089 18049 1042 8377 12626 16989 23693 31021 23773 27087 13268 10378 14374 16899 10643 9550 23448 1470 7849 22939 14955 3866 22664 451 8133 10908 10147 22652 32688 20192 31703 2602 18225 26606 31880 19106 17962 3607 16087 29719 11861 6515 16464 24880 29765 32304 29958 1041 2494 22125 21337 17263 14655 14886 4506 25828 9758 13016 26779 28134 5071 13710 31111 26045 9203 917 3229 21202 22163 20204 13219 17384 25863 11491 30967 13728 27325 164 23288 4906 16987 4233 31147 19287 3057 30731 7058 24496 11632 15034 15445 1236 23392 26980 10319 18432 2518 14081 22837 23638 18918 2320 11071 30039 22990 10158 27298 19823 24248 838 22825 10646 5618 19147 25578 4241 19142 7643 19384 26061 28698 29773 7178 29398 4299 26152 28653 14608 21114 16497 9943 15500 2723 10552 7838 14565 31819 30727 4262 29126 17478 29084 28997 13730 32202 3727 159 32488 27727 28161 21526 5642 4088 1800 23796 5842 7582 18258 29357 9127 14295 30360 12671 2344 3436 32585 27608 10657 32605 21802 9044 11835 545 31835 6222 14229 30679 13289 31417 9310 31128 1596 27534 25608 23988 17149 9258 8070 4837 21468 1001 549 31709 21242 19280 12147 24625 19844 23868 13613 7475 6665 1854 14174 352 31260 22794 453 22103 18420 15624 27237 6731 29628 26084 24462 7835 30382 
1658 16350 1519 12049 2269 10923 15357 27569 28859 9436 20374 31476 13907 29909 18291 28620 26123 5964 9466 29082 11644 32603 31183 11158 5625 3308 9935 16021 21028 23645 19847 9729 24891 9688 9352 3137 6595 29089 1892 5060 22203 4064 12895 32070 764 12492 26667 1154 5542 12784 10573 14317 6259 3534 17871 4342 9756 18409 29206 31556 2265 14377 14499 15643 25838 22925 6462 11153 5893 4579 20720 25000 10116 19898 21219 30686 20334 9954 18683 29817 26274 25870 18093 2241 26235 1550 17903 6152 3958 29403 11467 27835 9362 1205 4268 24672 17179 25376 30824 17534 15430 24315 8580 27061 32591 16417 24298 28378 25940 11202 223 27135 18075 8943 19170 12361 13114 25778 13178 15515 8089 14970 18965 3403 19997 13579 12137 20260 7138 2513 8965 17896 27336 20227 26027 3869 12840 32605 31891 4677 15258 18495 20313 13253 22797 23597 19987 2203 10091 15677 21861 4249 19549 1414 4765 23534 21219 7249 23259 17826 12849 2546 8842 8998 28485 2592 7371 10115 869 31153 6407 31685 4170 25913 17287 6622 28158 27003 4754 31463 21169 27993 1355 24486 24274 11271 17531 11496 23277 6916 23098 22471 6310 20228 31874 5301 11070 9340 32462 20688 16202 12534 23832 27998 4789 27244 28316 22778 7318 30956 7823 6118 15103 32360 5675 13133 20763 24440 19463 12625 18624 29005 7492 636 3946 32331 6010 31637 29897 18587 13123 4737 16551 8432 19495 23674 29734 23479 10270 30168 3885 28668 11022 9158 15155 32271 7453 14946 16676 14998 24023 4509 11406 8413 2574 21685 30836 10618 23286 21907 26932 9649 31235 14869 28594 20087 17818 31127 13109 5877 32670 13526 3465 9517 12124 19375 18321 386 32629 19608 15686 24422 28320 19214 19 14578 28463 28274 13898 18474 24901 6442 11790 30928 9019 28935 22486 28739 2161 19738 
8481 4503 31743 31352 15900 14317 18191 7391 193 11482 17070 12512 4769 32123 9823 10079 20697 521 17840 10232 21868 28234 21863 4543 28816 25227 534 10598 31022 9453 17935 21295 19469 2078 30841 15276 23703 5471 9619 28644 24773 26584 26631 25549 18686 31625 2340 2199 18966 17237 14586 16473 32105 25345 12395 9713 7484 1166 18173 6269 27329 23147 6507 29549 8992 5097 25315 6070 12846 26166 17110 16310 14481 4506 3303 29195 18578 6317 12946 14021 26054 30382 30525 11043 5839 30575 12635 28932 9878 14932 27455 10071 32047 11610 27512 12694 30136 12329 12084 11368 6309 22219 19349 17890 15257 8845 17834 23836 11886 3108 7732 31243 27351 3027 32092 2024 29960 30694 11661 9858 27117 6199 3648 14483 16811 18477 507 6393 5051 16958 31442 29459 19260 14095 31523 9178 1198 13837 5599 11108 30075 604 13303 9391 17257 9791 28199 29673 25113 25368 32237 28508 10516 12729 27203 20203 22052 14774 4616 29063 15477 30950 12277 18360 13201 30308 3082 5135 9132 4040 23800 3608 17184 26678 7342 28209 14916 7863 25076 19937 6715 25495 23400 9100 28825 16859 26677 29844 25132 29469 18159 20142 24787 25675 26812 21498 3095 20191 13716 10681 22946 22027 21664 29141 12632 31424 21791 23473 2544 18397 17295 20378 25023 1673 10103 15365 5365 11573 26730 17983 2004 1980 10672 28395 24680 26894 20889 17313 31975 13938 12939 5380 11459 24130 434 17600 15959 25779 29016 25457 17434 31417 31606 1784 2819 22068 5635 30344 21864 20615 24435 3005 2331 3222 31736 17898 4794 20273 1378 11331 27522 12157 18571 7555 3046 32104 18345 28789 31252 1794 14700 25659 17356 17923 6197 6763 26712 31943 14259 28091 18022 20046 30655 28116 28254 7959 30344 22028 18349 8390 12983 18514 10551 19101 12294 13703 4012 22184 17378 27447 
18628 20654 15458 9902 14324 26266 24508 11416 32615 12683 3199 31043 16678 22122 1452 16672 29511 8075 19985 4583 10094 6330 17196 20994 21118 30952 23787 4161 21495 14739 14767 9856 1610 20886 24599 26236 24416 13939 29377 23957 1483 6323 2497 12931 7840 23308 3347 32073 13010 32082 4598 3210 28491 28817 28690 378 2366 4868 3029 13902 19780 5939 17612 124 30754 11101 27361 25214 13268 11234 11867 16628 31345 1319 16568 2629 6496 32172 11103 1228 29205 27139 17193 29939 24182 2903 30359 22800 24100 3326 4964 18164 21401 19702 25726 27439 27617 30791 13662 24632 7486 1080 12863 32600 23195 3673 1986 31318 11900 18584 10427 27702 24881 20217 229 11071 24578 1236 29018 4456 5311 27080 1628 6313 7639 3880 25564 22695 4760 10631 26954 17678 4434 2402 15098 14769 13236 30767 22619 4172 31301 1643 31889 11639 6699 26069 23437 19186 9682 2543 11123 19114 24492 4477 14493 7197 25533 11858 7840 20880 30077 7263 26659 6265 9061 25615 22904 32199 14902 1142 18167 7525 5644 3652 10248 26340 21224 109 9930 27341 6810 7240 14514 17167 15543 5871 11956 12491 3353 21923 14903 29763 26795 4636 9279 29358 32095 26922 28991 19560 26766 3727 16541 9080 6967 7464 7389 11427 22557 2517 7422 31713 23868 27566 16455 30089 13360 20511 9093 14600 28818 5878 11174 25458 1669 13317 14952 17332 23673 17080 13907 19322 16734 28974 5409 6086 14194 7550 19245 25407 14928 22215 30965 25546 11360 30872 7592 17601 20906 9953 14687 8092 4277 17089 30267 18906 15253 26493 20983 17570 22653 17867 26880 2673 7597 31009 27373 15175 8459 30336 22806 26603 9118 21826 11856 23070 4441 27412 13283 25395 5390 24906 26497 14109 30592 568 210 30730 27509 13763 15095 17670 28887 4933 15039 10337 31213 336 32689 1376 
27539 31341 14045 13128 991 17220 16695 30155 26132 12197 18209 15483 30299 4696 26808 32277 8867 3277 10276 20765 4798 6789 12186 29431 15195 17607 13906 21299 2508 1483 8380 11176 8961 12439 19020 7966 1840 20965 11760 29943 11951 26300 17608 8147 12677 31454 28892 28014 28081 8191 20885 16941 24806 5158 400 17241 17253 17002 16249 17421 12972 19395 3365 31226 6475 32416 31101 17294 1323 3799 3006 9861 26171 9367 32506 28092 16405 17342 8694 32131 19713 23153 32628 26375 9145 8410 4973 17477 28869 25155 21779 8350 8787 31640 26145 29315 966 639 993 7563 25122 18673 27311 25774 23217 3939 13139 2867 14168 31993 5415 2387 17905 21234 20101 30513 3141 6325 2937 15504 26037 5767 21160 20894 16587 23849 6728 14873 1779 13858 27281 29742 1162 13366 27332 12850 1245 741 425 27155 21210 30263 8852 13750 6932 6681 9306 10201 3412 14828 30629 21733 9687 26372 28255 23355 6424 22420 14126 18207 28978 11664 13937 31159 27355 6023 13039 23417 19425 20927 25099 5988 25695 27081 8581 19602 29698 18287 13383 9280 32738 22553 20119 10253 26167 7944 12946 27966 9998 12542 29114 17324 19602 27923 24980 24382 26070 28462 7307 12327 6010 336 12474 12578 16524 25817 30412 16761 6010 26942 31166 8676 8560 17584 30617 21021 2985 8659 25572 9019 28342 19437 10761 14661 4978 19833 25932 9018 12082 6172 5315 14680 5057 24104 332 18509 6460 11844 2118 7042 9531 10723 17344 1794 4624 3056 21300 29311 19798 6993 18796 26567 8723 8106 110 18689 13949 25162 18010 12367 20019 20703 24611 11684 16577 17134 1240 29997 18535 3909 11888 8207 28185 5101 21706 23603 11614 29724 11011 11660 4231 2557 8476 30996 30190 6240 14879 25957 8396 18134 22006 25100 5851 32086 30018 19062 14094 3784 4917 32377 
12315 739 30775 4515 8485 16356 23317 784 18425 11805 265 15220 6100 8164 29976 17421 23128 2834 3775 30384 32309 29048 21461 22400 2395 19299 26973 11987 4898 5896 27634 7052 18958 2923 21806 6593 31115 6950 1711 26505 14851 22252 184 27927 735 28464 24257 25559 25325 10424 909 1373 18170 10893 14390 6078 16577 22622 32226 23857 7201 20719 26218 25059 23583 2820 10692 12144 30567 13696 7225 9400 30133 21016 19966 10410 30711 19797 13514 2581 13013 3486 25326 4264 3738 31571 15571 14377 22763 25061 15772 27114 5752 18493 21710 2936 25311 3604 1250 3781 20190 8400 24169 10461 31993 24596 13441 22373 22425 10988 11883 9861 15940 30919 25304 23147 31216 10255 12112 20724 18998 16597 2730 5994 28464 24706 19526 9064 12594 12064 12026 4372 18422 9502 25872 2036 29966 31323 28249 13504 16047 26763 2762 9790 21170 29720 12423 1839 32098 10107 16298 31263 10514 13320 1167 1485 7861 7725 17933 174 31430 28437 13249 28192 2181 25258 16062 32489 9871 24600 7020 1786 12916 11539 7601 6607 8909 15167 20505 10309 13364 768 19322 22704 815 28000 23320 16062 8388 6168 32704 26250 21233 16951 17696 13064 28724 31592 12227 15149 24289 32321 16447 11585 13476 28253 9803 19987 24019 5572 24811 10497 28241 3741 21837 32466 30365 21936 24679 20060 8390 21877 11425 859 6165 32629 21373 24822 20444 7362 5317 7506 29511 16025 8320 7784 25019 21195 20205 22788 4722 17191 17378 29307 29972 19347 683 29157 30476 740 25316 19416 29518 2844 16865 23446 9384 5572 15228 29281 28399 24714 1218 12140 23179 6629 28880 5349 2317 11321 9463 16321 15086 14336 1272 21716 8223 515 15765 4279 6492 649 2411 2129 13446 5903 12483 24471 4165 7344 25730 23986 14044 923 4117 14653 8840 25373 26 11515 
19445 20538 27267 24358 1202 17084 16211 13719 17921 6830 12045 25556 2626 25869 9424 1798 20388 6497 8210 9169 1352 14042 27561 15535 12097 13322 8956 9863 2816 24074 19224 15034 24970 29625 29973 22180 28004 32258 24468 31445 14623 530 17216 29171 18424 7925 26089 24178 24442 7729 709 28004 26028 24590 4092 20002 26229 9260 12416 7126 28225 13926 18944 28322 4124 23391 12939 11996 18645 5016 18089 19780 30102 22067 29249 6487 26354 20377 22094 5560 30106 20029 25352 32594 21757 9529 16820 26305 12174 10435 31516 27049 19495 9643 19162 28172 24878 30938 13060 18076 22586 14314 29908 1680 6199 18380 598 14823 23922 29907 13258 30143 15415 2822 15660 15859 27934 30150 1653 32424 27565 18619 14156 9234 13504 12136 400 21918 3681 31047 9351 30802 4088 8782 32639 11309 19809 31676 9675 6557 19782 15223 29920 19441 12452 21273 11214 16735 30676 22738 26813 32541 7959 1163 19844 32122 23163 11823 22154 2393 20604 10196 23388 10883 30477 17752 20166 9190 5658 26267 2070 7260 15968 27705 6330 17760 9808 4494 21243 12003 2742 10014 4374 9489 25844 6485 17846 6403 28169 11937 13850 30884 19023 18187 26141 7012 7054 23934 19059 17814 974 2184 25470 30494 208 23858 23084 24026 16616 251 3536 10546 15035 31053 20989 3656 22815 31566 11742 12878 31609 17415 1037 27455 2297 30417 20350 30680 8405 2027 10677 852 20989 25852 29178 4076 16897 12209 13915 28622 3664 11580 22441 1669 21845 22604 24376 1182 28331 4104 13675 26046 6379 20519 1603 19369 10515 31064 32265 18569 30600 32478 31383 5497 14245 12831 31901 4415 2986 21087 19084 20128 29805 16670 28768 5880 24655 32072 17658 30950 24463 13960 25730 9647 26999 16555 8089 25175 23028 20018 28368 31602 16051 650 21655 24067 20725 4316 8898 10611 
32759 32057 32281 9887 8708 28463 4824 15090 7911 6794 5968 29531 30616 31363 20442 11550 30019 1431 28874 27306 5082 26080 23630 18792 965 4054 14134 14972 16292 15712 15313 5351 6063 11509 6987 5906 22168 28509 528 26070 17096 8825 27721 23648 22068 27560 28847 11584 682 8551 16655 21624 22556 3004 215 28161 7137 21781 1623 11928 19404 27154 4011 15367 29191 7796 8535 30909 8154 26878 23233 26777 14232 25913 5189 32250 13264 17653 3043 16399 18394 3044 7980 22378 14292 12313 21021 18516 8501 7592 5841 888 680 22247 10988 7706 20664 24628 17560 31628 29375 11649 1624 20578 4443 21619 24805 3424 20571 23001 17273 18635 24886 28556 8655 5169 31273 9312 21671 12331 23284 32084 499 23365 31746 3742 845 25875 22701 23287 25914 25626 18713 28235 29030 2864 30502 3414 16678 20466 28823 31882 3658 21950 2667 24656 4813 1777 27252 24170 6046 26158 994 29756 8782 23796 14774 28968 17957 24158 32564 22630 4962 25559 22572 6810 8490 17188 11234 5893 18168 3882 5898 31719 25724 6176 11645 24979 22082 26413 8500 6276 4242 12137 30748 10590 7450 23055 29090 579 25044 18011 14930 9744 29713 26766 19266 8266 13986 21276 6997 9727 9174 6308 4861 18512 23514 24561 6067 18264 8561 1945 19293 27965 1568 19362 1192 29636 8447 25752 3156 16232 20709 21247 446 32029 28880 12139 7479 23773 11842 15850 6136 21758 7949 2669 23943 6656 5261 10920 19817 23888 20132 23385 4015 30548 22057 17794 16964 29588 6496 7705 1010 17388 9537 27291 32702 18616 8701 2648 18031 15454 20792 1794 31368 6156 27103 21145 21034 26697 32549 11830 12856 28144 18700 29634 23087 11334 16546 19189 460 10361 8205 25479 18470 13907 13320 21465 24114 25805 40 7971 4377 22474 3633 23897 6305 8629 30345 5359 
22175 19017 15394 18718 22429 29726 1168 17114 27098 4904 21045 2552 5793 20487 7252 10672 28070 22132 20272 17767 29653 6368 10961 24686 6877 20665 5554 29674 27919 32456 24785 4974 26565 3545 9534 30753 15237 17381 31066 26101 5002 9685 11449 26254 28252 24715 24986 10180 27327 1157 23810 15582 16180 23208 21535 29406 12397 9983 13021 29273 18273 6326 21114 13170 31205 10810 26163 16042 15232 2351 28039 22475 4035 20626 18256 25088 12580 15246 7361 15173 31240 25797 31248 547 26432 12980 31229 15580 17571 27484 20040 21436 19656 5686 32414 1392 32026 28597 27475 23309 19086 27842 24189 6926 15010 30746 7474 12330 12745 4253 23623 20392 692 4821 16509 14321 23844 13590 3436 18765 10625 23093 21164 28518 3535 24926 32315 32696 3889 31861 27761 2988 24567 8901 25370 1846 4984 16067 20280 8217 26248 3002 22782 31705 31895 8348 26757 8938 20036 22316 29525 23148 24028 32720 12192 13324 25933 16426 16319 13591 6380 14785 29312 20382 19807 19873 2977 26930 24349 30338 14739 29111 17741 17895 12775 28808 9438 23571 2564 13484 4873 16209 24042 16064 9145 2904 26364 21971 6832 19361 17505 8456 24955 32089 14116 5865 26596 8705 13670 12329 23207 7101 9914 13956 29992 18742 19713 24165 19449 24503 2575 25547 29489 17656 17377 1591 6894 22247 26022 14443 14217 1024 24973 26074 8393 25107 29868 4808 25767 15764 25623 17138 17444 10256 11715 2145 2668 20421 29594 16719 15380 31499 18684 28333 182 26342 20053 27916 20415 29597 24543 26602 7226 20027 19912 18133 18992 14805 30109 32 31084 18225 16166 13344 6317 13068 8453 12222 25364 21711 1545 14498 23893 32338 20276 15625 14811 29713 16564 31171 27142 21439 11670 2442 17064 24241 10157 12884 3358 31811 2099 3623 2552 25473 16348 8927 8826 23503 15917 22367 
27563 18462 17768 20886 904 29154 30929 15316 21505 1269 7127 16772 5286 6247 27977 15785 32381 24799 20655 1828 8910 3966 9333 20606 18897 24242 28760 6571 10026 15370 28100 30874 31793 31648 4407 26942 4499 12937 20790 4072 21613 961 29691 20524 5022 9178 29178 21089 12723 10466 8867 22565 18704 12953 31824 30914 18989 21699 28775 9372 9464 18594 6632 15049 4929 104 1966 16998 20156 914 27963 19064 8468 32275 11683 18899 20333 956 27760 18064 14266 26512 16228 5595 105 7661 28135 7592 6805 27169 8619 463 27204 31352 13318 10641 3637 1908 31226 13617 29658 17560 13733 8778 22201 23458 12035 10445 793 201 10187 27496 5240 32526 18972 21537 31197 11337 21248 22838 23675 521 28501 19018 14543 6279 28245 9881 24981 1160 17866 30349 28665 10284 12804 29588 24151 24611 31966 31027 32697 27458 11626 30943 32182 4799 32661 20259 8329 10322 2763 26359 9621 15018 19570 31012 29491 24274 21965 27422 7209 28496 16213 26440 2834 5471 31475 9068 671 28512 20681 9559 23724 24015 31715 649 31642 1774 28745 404 15169 7904 16031 13166 16028 30057 11048 15129 8707 19692 27846 32555 1496 3408 13524 29315 30277 26293 1237 8632 14215 16813 16755 7142 31830 31448 19419 5830 3458 10179 7198 15560 7646 17900 7164 1035 17275 19460 22575 14047 3249 2677 3212 7888 27789 5734 20098 22927 451 18983 5183 9724 12372 7410 16063 27997 22135 29271 7180 17805 16459 25136 29684 2224 10658 666 31915 24036 9607 30866 28218 17579 11209 932 23067 26492 27566 26157 10236 11592 1336 29720 27026 17926 14603 31777 2733 3488 23019 5821 13014 13852 13683 26588 7694 21557 3788 24757 8330 31733 16234 27301 6547 4511 10391 22450 12651 939 454 10867 5459 17120 10351 23709 17143 30994 3828 10757 15133 23239 
24952 25621 21603 24096 24637 22350 7928 9079 11112 18632 5277 4998 25414 21453 14810 30947 32748 20307 1393 18134 20457 24967 5685 27030 25477 14556 6449 25176 12233 21916 20469 3838 1078 25806 21971 15461 28847 2015 6764 10868 18848 10846 24381 19829 14649 4906 28030 28159 2713 14428 22240 6868 24488 23105 12241 16616 2696 14100 240 5954 8740 27766 7729 30520 13184 6980 23202 24843 637 10061 960 15939 24078 27304 29141 20224 23640 24198 22482 12274 3390 22172 14638 14419 30008 21728 31112 6155 11893 26014 2592 32686 32241 6875 1310 32100 12319 31786 1251 956 4324 8400 16397 24077 26434 15109 4127 3765 1971 10920 4782 23874 22822 29319 16070 21474 12465 21792 29970 20371 19273 24426 21249 3167 13349 23460 29257 486 3658 32518 9039 1029 20827 7242 5537 24261 10698 22471 2680 12365 19215 8619 13133 7708 24245 5054 2384 16265 21378 29887 5853 13587 29354 18747 12173 32407 14751 13132 28362 8721 16195 18409 19971 19851 452 266 9916 15004 8523 1664 2120 24066 29170 24687 21374 2464 7304 5279 21782 23220 14012 31486 10246 29938 8369 17657 26876 1288 28841 4491 6057 25124 29119 18348 24420 8592 2913 2354 17752 14077 16828 22481 1474 3069 17793 1031 16097 23959 1042 16124 11003 16796 21200 9859 1379 2641 12661 27540 22158 1536 31216 26204 1170 14039 11244 9781 5589 17637 7327 16579 12555 4644 9746 32699 17852 3393 26152 28775 12794 29012 15360 19572 30180 6088 10155 32141 13785 7584 15030 25320 24633 12939 27046 1580 30345 26507 882 31712 15208 20949 17987 28728 22136 32451 8469 1345 13158 12135 18869 29011 2025 20856 1121 8028 1136 2520 30926 16433 1110 28548 23340 32322 23214 28751 12607 26802 15919 25979 19635 15457 23959 28938 20760 8254 24268 17691 4694 3329 17452 27688 
27919 3972 6977 3949 30555 8539 10427 5189 27073 7503 28692 31030 22457 17358 13783 19067 15969 29861 16740 1610 3205 19918 26578 27759 6577 1046 6067 2206 14763 12770 23851 13608 18181 27248 32459 24219 22269 31157 8453 19758 28095 31891 32275 21432 23103 9060 10464 26052 24734 19456 15611 109 30082 28911 18567 21486 26846 5272 4907 17542 24878 1164 11415 6303 7290 11038 28964 27567 14658 360 31588 25736 2221 24996 37 15509 25391 19980 9219 24628 29410 32455 7773 14940 28132 16147 10227 2336 26852 30885 401 15411 14053 25147 17400 28731 29974 713 16774 18619 11077 4400 28763 23289 12899 722 27336 13018 32081 20718 9297 10530 18496 30916 14849 23764 29380 10975 208 21829 10871 13706 4985 82 27105 4521 17524 22695 26305 26779 7430 22494 12153 31653 27859 20440 31661 156 263 2758 10969 6924 10283 15921 29706 27566 19683 29427 22130 10168 6393 10998 13839 26765 14863 31825 7371 17400 1955 5762 15779 7177 10176 31620 4632 30928 21712 24773 28858 3898 12228 1720 25836 19340 14205 15572 26531 9862 4070 13593 17789 7605 28200 24097 16238 21550 9901 15572 19507 5818 31523 29466 16891 10251 15997 25763 25400 3425 32165 16020 4377 31745 3958 25666 2013 25814 6643 30323 24746 6603 19781 7459 25529 32298 23538 31979 20232 19693 14863 16652 26439 30360 8722 17918 466 2843 10781 21925 19552 9660 12438 16027 2741 17409 10891 20300 19453 8806 26709 5932 17220 3091 14548 10295 726 20313 22664 26394 18975 29030 24549 32409 7205 28000 5201 20209 12773 30373 862 6472 31826 19142 12563 26614 13362 30266 7383 31146 1556 17325 9659 27737 22182 6294 2033 29946 3057 22764 13547 9303 11943 15816 6228 976 22536 15635 25083 25061 5840 23664 30746 2890 10998 28398 17415 23129 6098 18230 22365 26947 
30868 7460 7391 8286 29538 30257 27067 12687 6488 18415 7114 10716 20925 10057 13790 3386 20313 12661 574 26453 1959 6011 8821 3685 16528 14611 17112 8130 18093 18867 9104 1341 27740 1542 16629 16500 31479 30772 13741 25748 12388 12235 29857 14707 359 23794 13657 9902 12590 23710 29753 4018 9707 24834 3244 21259 3998 19607 10515 4408 14332 13816 20767 14530 3896 6469 9855 5765 659 15994 4980 21448 1965 10146 17372 11999 3551 28233 11654 5686 8636 22631 3336 3641 3768 16977 21978 14545 12591 12072 5487 8350 3996 2785 11504 23588 31922 5697 7659 1078 1185 22198 16528 24381 30983 835 25973 7690 19609 1298 25656 12804 31103 3191 4011 27738 12052 14420 19796 17315 9692 31541 1750 23620 21038 9553 30519 4598 12166 1998 30312 28561 15222 22324 4322 22865 9224 4831 2256 14786 22850 6952 12471 6128 32611 25963 12264 3580 22968 539 9973 27971 5657 29840 26580 19931 730 15044 11401 13012 19182 12218 12201 29478 14101 18588 23886 9363 10470 17874 5737 10024 14405 10257 18586 2053 29725 5555 12058 22430 29478 23512 31810 4298 15244 18466 6825 29926 22783 22863 30902 1588 32160 2120 18301 26131 30756 15611 30052 7732 8600 6902 8323 29461 23092 15846 10638 13743 2574 12615 7829 31015 5178 1616 23142 22914 2460 11990 18360 32286 12970 31997 15372 15059 31807 12545 14489 18583 130 14644 31830 21672 4011 8700 18491 12323 17787 24023 23978 15669 7160 27884 26871 6035 13510 23587 15298 6415 10248 23980 6922 16400 28094 920 3637 26588 31269 20923 1561 25243 27751 247 27394 4577 8974 25624 6411 15257 31879 25880 31240 6302 17266 15545 6857 14672 15041 4874 32491 4504 130 894 5737 29998 14633 19322 14518 3012 7611 26551 22722 13852 3176 3203 15676 1590 8033 20914 1822 14345 
26767 18113 3843 31777 30841 10953 20186 21621 13500 1435 5934 25430 201 10130 28877 25307 1564 645 20359 11044 5867 22040 5840 23285 18096 4882 1468 20551 8160 20103 18636 13223 21936 21700 13260 11535 27331 1032 12858 19006 26261 24702 7090 7990 40 22674 5660 9600 31626 22184 31068 12950 20933 19484 18714 28118 24202 30348 20678 8603 14053 25979 25280 4461 25411 16855 32162 5926 22991 13033 27444 16875 15588 8403 30195 6041 2301 8461 11995 28545 21291 20346 6304 8710 31783 26413 17641 4143 20537 12853 7862 6536 31688 29579 3405 28207 6850 25697 17037 19268 10294 21914 13370 17767 2155 13950 15402 12472 6654 20311 28849 7914 3488 25408 28333 5056 8314 7667 5968 13231 11541 9683 31368 27759 8933 6181 14984 3262 22990 3116 28371 2484 3492 10680 11529 26368 26298 13856 10177 21848 25252 11749 26628 3917 7404 18862 27915 23123 23884 29185 6294 31795 16695 5959 21586 32343 23176 20286 11634 9867 30533 15834 20730 14324 7350 23121 4037 13580 30876 2227 840 30605 21907 17696 24545 8940 3766 27913 8100 7374 25648 10619 27045 9730 18034 16444 18884 31067 15954 541 29308 27683 13748 19541 987 27721 29898 1902 31151 7823 11404 11254 8999 30016 26033 26905 21672 26305 16719 8827 11600 18354 4156 471 14179 2971 5332 24245 25424 10294 16719 11061 18740 29831 4393 3882 2338 25468 23726 9620 9328 29247 24976 5535 1679 9467 30502 5979 28297 3413 9503 19328 28759 5184 31004 7659 12730 5834 11347 11963 28749 21754 26120 27310 7695 21460 32613 2588 29109 5049 18618 2066 25474 22730 14861 17110 20161 5005 22325 25319 2578 7147 6874 15597 27281 24653 14816 12957 21604 11474 25798 30189 19785 21941 30386 18779 15725 15500 13034 962 21777 8274 11618 15764 18437 26304 15014 28352 19460 18523 
31682 31021 30929 8278 5907 28878 18592 30066 5189 3140 3464 10295 7474 15811 13090 15282 22364 9296 9508 6168 1196 1862 4031 702 32413 27143 16479 10669 4827 28628 14213 7439 26575 6392 9870 3346 17291 21499 23459 13309 16878 17676 3418 14957 25222 32111 28568 7609 19310 3803 25206 1190 26284 24501 4205 15269 5759 15189 16354 2172 12535 28690 32000 1445 14215 28959 2445 13502 10567 5293 12667 15790 6469 2745 13315 24223 13688 5433 1670 5202 5435 6190 23955 5213 19817 14317 3737 7722 27517 27865 5867 21855 9110 1478 20314 32414 27372 5278 16883 4120 22732 17364 16003 19007 19437 1883 15564 13943 5643 17419 23438 8389 6583 4301 27065 3666 15459 16878 19466 21648 28379 19042 29796 31413 31461 27694 1617 12138 19438 26699 13550 19684 13447 7684 114 27363 21157 24318 4071 19304 14928 1218 860 15466 2617 17349 17186 7734 8580 12419 25712 23606 20786 21158 22725 10047 12705 22734 20286 368 24116 1155 264 25315 29698 12147 14694 8545 10579 18992 30170 10597 22233 16242 14610 31845 21992 9622 23855 917 29257 11600 30794 15673 770 21853 6158 21640 17183 56 3118 23063 9156 13796 15216 24459 17259 27691 13295 22987 16496 23426 30309 1521 12511 20848 7449 11831 29040 21807 15332 6865 22514 16271 15904 20714 12847 19221 14054 8849 3818 2360 3870 23102 22706 23511 396 32618 10773 18316 24833 4379 17754 6030 26194 4936 15582 15020 28032 8651 19541 15868 20918 20466 21185 88 26133 9701 12836 10299 18475 11885 27768 6661 18430 12281 17872 6341 31788 5487 12854 29814 21825 32450 184 25038 14570 7632 10570 159 27435 13405 20 15748 20300 8670 13608 20269 4361 13986 4246 22310 9262 31050 20547 6393 6261 28598 14535 15755 11635 12943 10897 6408 2381 25865 30480 28970 15628 26387 
25209 6972 1395 1478 27882 3549 28988 462 2795 10336 16135 11830 20459 7110 12152 31144 12557 24872 12574 21434 23715 29721 15375 6928 13639 26151 7059 17058 29598 28977 4577 16132 3036 25654 32517 18488 9355 17976 11599 5796 27080 1256 31240 6614 30034 15426 13055 22255 17364 13142 26087 21407 1993 4901 20016 21630 29986 2867 26536 18862 25933 10856 7485 23319 881 614 3325 818 5833 14488 13328 250 22743 161 23322 32071 3612 26166 18383 21441 14748 6430 22528 28778 20889 3602 28485 17959 19965 28051 11425 20305 17155 18741 26846 14921 19098 25690 21058 12756 21236 23855 31815 12562 3584 14327 23860 10031 9760 18880 18218 20044 4852 24512 22225 2448 9863 6689 11876 13181 31828 22486 28110 23055 21773 26709 22641 28054 8078 17318 4729 30612 1976 1835 28888 10377 13765 25329 10635 21490 10789 8253 17966 16488 22977 31565 6143 3820 15989 6072 4517 18937 10667 18431 15662 16540 19113 19577 31308 11471 6141 20606 11601 29210 29472 13499 8355 30777 7400 22899 4999 32010 20028 1152 990 16196 1409 8310 3788 2124 7066 31266 9013 10454 17595 26253 1306 24435 12696 6485 24856 3244 8476 9172 11056 26556 24712 14550 20839 2277 4665 3373 18024 2908 15200 26620 23700 19217 25220 574 9945 12225 32626 17423 6582 24710 7489 17180 6810 8343 20762 15034 13017 25842 851 20014 9360 9281 5587 577 16588 32412 3802 19557 23311 21218 19575 32472 8591 24583 18585 60 13048 24526 21036 13419 31456 24740 4293 26694 24204 5228 24119 6155 18793 7444 17955 9079 195 12331 32442 32011 12648 1304 30273 12406 23781 22798 12737 10297 28940 15967 19215 16294 25038 198 14718 3732 24862 19366 22532 22538 12279 9153 3057 2508 988 21374 32267 21600 8473 20066 25206 25750 8730 10506 3780 9784 32506 18475 
27269 6841 22659 24459 27565 4347 17072 7494 7636 28936 15905 25171 118 1947 11947 7336 32048 6700 7008 9873 14458 12801 7711 7356 23498 16299 19166 1966 3039 3667 2613 22427 6350 19688 18167 31656 1848 10887 24426 26332 22763 2628 2382 27927 30679 930 1614 28725 16378 4785 3039 11302 9929 4888 6249 27742 1720 15584 12069 19258 32412 20276 27765 26462 4678 8355 32354 28236 18827 16425 2012 30127 20206 5136 16134 24272 10117 4803 180 17130 21274 23997 5484 23955 5038 29201 30238 6327 5808 18006 9834 22443 23464 6920 4215 7640 20907 30854 32492 8819 30461 5315 29099 28107 11063 2576 23831 20131 12539 10982 30177 11748 31907 25681 718 6540 23752 9931 31406 23929 28239 31106 15760 13985 9769 13362 3086 24553 297 32278 4773 15282 20615 6709 13142 25519 6175 30753 24655 24693 22440 4792 4420 18518 20903 23189 21296 15767 23103 26080 30530 7429 21620 24945 8187 31315 4565 5582 23668 12366 7862 25701 21823 8758 24572 20640 10014 4022 2592 24958 4805 3535 28326 31496 9823 25490 24385 26430 7694 28367 23884 21513 480 30954 2537 15027 14521 13665 12526 18942 31061 15848 19632 3055 9999 4395 22975 22534 6215 4040 6603 19591 6736 15837 13822 31865 181 29211 20521 26006 26077 13101 23348 3713 9380 32043 15494 24163 9128 27583 1878 4508 14940 28391 28397 25433 3515 24438 18723 23098 25368 16790 25861 19785 18729 12233 17045 17306 8565 13144 17637 28180 24332 16857 29893 5023 31253 6197 17795 620 9572 7946 30336 9887 11129 7935 16082 12939 29346 27748 11123 10533 12989 25132 6852 4953 7426 13110 20699 24183 17861 607 27913 28728 23290 23162 1087 4055 20888 7773 16902 24112 11076 18708 16568 1296 28030 29067 31782 19805 29011 7008 6488 28238 32179 11125 22031 24212 6026 16980 
14617 10595 28573 19907 28171 17016 26487 28314 3565 4430 16146 8620 31321 2113 19331 17781 29556 5413 25871 10131 15211 3550 4180 27359 19215 30543 10405 28601 3751 21649 29364 11981 31794 24503 25963 29713 22767 15365 2961 18480 1702 26283 13611 575 9218 19497 3517 16423 23871 1636 24001 6839 27078 29461 28285 6865 8005 17318 1083 950 7517 12300 7593 31159 11631 19687 1810 9763 8066 13112 26334 10647 22283 21523 4910 26423 26773 21696 8303 25260 20719 23136 9731 5024 18137 27279 5192 25846 19299 13561 19666 10005 221 30279 21028 4447 7084 19502 22743 7582 17393 5270 13980 1246 2768 15508 23765 22517 5346 18077 6415 23073 25800 27509 20103 32076 11692 9256 26437 12925 18579 27118 15774 28109 4035 4756 29868 15662 21672 4011 3893 6007 1767 14869 18273 10229 2742 16850 3997 327 26404 10544 11884 1034 27505 17279 3546 30666 890 12455 32689 12644 11650 18753 15698 21184 3683 15080 4537 4979 30902 11877 21605 3603 19737 21469 21817 14833 25056 17579 13951 16309 11906 13076 4687 21724 5916 11168 17726 10008 13546 23502 24488 20793 24332 15652 7487 19672 8533 7790 11651 11627 7283 6212 25846 5460 11218 32051 2905 5515 30137 1558 15000 21762 5523 10412 9780 16814 9184 11502 13325 20648 8607 21381 22087 28107 226 2167 26488 1401 13683 8727 17456 5591 18387 17392 8782 21869 13254 23253 18356 19173 20441 23612 29475 18465 21022 9102 9497 29948 30652 32447 17619 8310 16928 30249 5460 8412 14824 27551 21463 6290 23089 20835 28839 14826 17447 30428 10635 11731 28668 6099 28104 22932 6279 19043 22738 19087 9931 18370 32003 17934 21319 26305 23051 10016 3859 32542 28187 27477 32611 14806 12764 7838 2247 29789 8145 1520 31716 15810 14581 32028 12314 2053 31923 139 24838 697 22083 20621 
30123 9626 2103 31909 2890 24876 29879 597 14989 30848 23157 15579 3456 6049 28463 12169 3034 25080 3528 22602 11522 9753 4377 31441 12811 21363 4911 18095 28418 21033 27627 3879 11436 20055 1692 23150 13070 3294 31152 4939 7432 9821 17520 4115 16049 27312 1041 24566 29812 18711 6735 17297 26353 21810 30402 11605 16563 27674 28693 18452 9304 29501 30388 9058 3066 19153 10886 10924 25156 13214 30889 20717 27631 27624 18615 26496 20599 11306 21195 15882 5496 9989 27077 2192 9318 30912 20598 11819 31170 6725 20967 17805 22072 746 16554 5162 15397 32719 9916 30826 12905 13496 11480 19198 8461 19365 14288 26310 4542 31597 31770 29574 1532 25090 26469 3876 3901 29606 3097 11428 15333 27575 28958 32269 12400 7478 20270 28484 15072 25317 7966 10614 2284 2205 21369 18883 654 11956 20274 13370 21157 8634 29558 2614 5926 29943 869 22008 7869 8577 7862 5524 9476 13525 1172 733 22442 25013 25200 22013 7903 24149 21408 27289 25995 13050 4623 6172 5617 6718 9477 6934 19198 30 18958 21935 17642 20768 16 4306 8745 917 1726 22416 12070 25979 22780 29030 10861 17256 29920 21515 3412 25878 30939 12038 29782 26298 12127 19027 9887 8355 10986 6753 17984 24892 14979 27668 18222 31313 9415 17246 25811 16312 13602 2023 27993 11960 14196 2944 10694 5353 15936 22348 17233 17996 22802 30913 25436 27188 20333 26172 9978 6283 2598 30510 2694 29150 153 32543 11472 11593 15405 25910 29930 19775 1162 21763 6484 18674 21308 17196 31630 10052 7840 13327 27929 24259 877 28736 28840 4416 13307 15518 4508 1705 24196 26252 18937 31777 14137 22619 14449 6131 13377 5735 30457 11464 8192 3877 7191 9400 8259 14541 26021 10392 3544 32309 1332 12503 16907 3007 27735 21870 26475 6358 21140 32692 23497 11004 
23113 7862 25676 30903 23765 21098 32442 24892 17278 6207 20002 22289 31833 31799 1063 1275 8959 8471 19374 17654 21577 30554 12666 3138 6450 30529 751 14242 591 11405 25362 12214 17324 4541 15601 20984 9280 28483 28169 1805 10725 13358 22701 29547 15545 23172 29448 26845 18555 13799 19938 6119 28154 17388 3322 1284 20268 31716 29318 2279 13041 12865 403 3093 21353 333 24261 13724 20171 4324 14203 24466 24281 8438 426 16702 31713 17699 18380 16693 6895 1184 29768 1128 14452 17214 26975 23597 2759 21204 4041 17238 27026 19938 11109 17821 21327 30354 27062 17461 25152 20290 18139 3259 23814 7186 15169 9134 14903 10108 541 21939 1865 29460 19479 7696 15608 1601 29445 7787 28083 227 5413 5633 9871 12244 30201 21797 21464 10290 21372 8163 12665 3978 285 8849 7240 2665 28907 12658 27454 3972 30032 19811 6388 17570 25564 1937 29977 28280 31632 10641 8081 29422 14971 7158 3530 32000 13209 69 20669 20014 19294 24620 13052 25232 9111 14752 24573 32587 22530 8928 11414 12800 4802 6342 11784 420 18368 11068 7432 8523 15011 9861 12986 30090 4618 31600 29975 10736 14846 11884 27748 10784 18886 1740 28086 13173 27088 21574 6144 23507 11095 13872 12400 17489 11580 23535 11077 13376 5509 11149 23545 31618 26135 13268 26284 22116 30685 6841 5141 6388 25218 17756 9376 16443 25851 16436 28176 20956 18143 9302 21475 16075 20283 13719 28011 19516 30866 20675 32451 23773 6561 18256 26012 9248 23666 31051 5852 28973 15136 3409 15895 7396 493 29241 29042 27199 3461 27590 19861 23557 24099 13583 15297 30940 32670 19424 10720 17029 25731 13970 22318 21099 13486 19533 23998 3656 13275 21468 28849 32622 262 11519 24525 13104 1055 1228 26992 20850 29701 5450 9913 847 26199 29436 28181 8021 17235 21215 
21125 20803 19581 7009 30221 24125 7059 29470 25090 7880 20848 1152 3129 8368 7900 6589 31537 11142 21599 7072 24720 16019 11298 14819 11677 6155 15629 9544 10378 29046 30672 5296 16576 10091 5645 20551 15320 2688 11069 8183 31402 26381 681 2008 4866 9648 28609 4193 13563 15398 6743 21891 23190 31710 6790 5557 3195 5920 13634 21592 29951 11235 26842 29634 19904 30159 16039 16642 31075 1407 22000 23263 13918 15481 11938 25407 24391 29347 24167 21588 10872 16311 16029 22815 15242 28696 11992 24992 18373 19455 30833 3701 24482 9666 13757 24804 31477 9814 13513 3833 7977 22237 23945 9251 11586 21642 29699 12132 32584 28579 15554 15098 11644 32121 7120 15200 12160 21939 25005 18934 5625 2523 8102 31886 24038 9566 14898 619 19596 7541 19816 11553 4550 11435 2934 1165 32505 416 28810 20167 18643 32163 15801 20583 10285 30635 5596 7791 23132 8664 13705 10380 29611 9346 5991 27453 19533 32290 12550 2031 4387 25451 2705 22729 14164 25467 31629 18625 8935 30222 9145 30485 5063 24418 20624 1467 24853 19771 5736 30610 19635 31045 25275 3417 27808 26481 17445 19088 15229 12160 31151 31560 5313 18524 26163 21428 31825 19438 10670 667 14047 23705 21678 20613 9020 20786 22488 11474 23448 26841 8535 18790 19042 2075 15470 23614 5135 15529 4828 25331 3812 28471 31456 332 11360 27918 6278 3601 25075 6435 5389 14057 5412 8655 9857 1507 23016 1186 2128 26564 20057 31910 1282 104 25639 25932 24957 28760 30820 20746 11495 2975 1065 13109 5855 31467 21852 11822 1801 27546 26797 6638 25969 20503 31089 17697 14444 22010 18148 12959 14509 27193 2707 5478 20680 2500 9164 8467 28096 29705 11654 15421 13328 24025 10743 21139 5397 19231 13336 22846 5278 14858 12994 21561 27614 7719 22558 28775 32130 22850 
31255 26739 18155 12252 28216 15675 17429 21190 788 30212 7685 23175 7574 26982 11303 3750 25178 31299 28520 27150 32225 2285 8227 24405 17929 12270 20207 32723 12170 19930 7963 18585 13456 2835 20204 1370 47 9031 11140 13975 3120 27568 23841 28554 3285 32477 25096 2688 28326 2871 30036 12061 5765 28678 9241 19655 31549 27281 12329 14232 8025 24645 21124 28312 3958 29907 26893 13750 8392 12930 29346 27162 21983 4610 18312 32222 22794 23054 16242 26375 30415 8199 25919 31218 19889 28175 9511 10215 16043 19083 794 32036 180 20560 26192 5796 9514 16068 21383 8783 18849 17718 15534 27316 3304 9682 6323 16055 22978 22389 11321 1428 23609 8906 3548 12920 31455 15561 26971 5469 32436 714 4922 9391 14509 6559 7462 7000 17522 14432 27882 1567 30970 27406 12740 22100 13754 31326 8205 20584 5826 9133 19443 31909 10154 9013 12361 505 9056 12516 11083 31381 7765 31467 29430 22869 22159 62 687 12480 29962 29926 593 30172 9567 3444 8288 21354 26188 1207 18909 9304 10 18483 4747 25913 30963 26302 31666 21512 23995 13358 26428 19478 18251 22351 9404 17605 30623 16932 8532 32406 10476 12984 20073 27982 18187 31693 24644 30909 8813 18088 28741 3135 974 22303 687 31029 4970 14065 18459 22757 25287 19259 1014 22822 5682 13043 28218 19712 6705 17437 4103 6618 24442 14611 28726 13814 11323 2207 26635 25669 1223 9900 11956 25705 179 6451 6765 14784 21700 26981 10256 3155 24081 14087 20346 25017 21818 54 2642 9956 32602 25455 6586 20629 9425 560 25518 23245 10243 15105 6935 4407 18335 24572 30411 21371 27185 2719 4958 19352 24188 16488 32487 29748 984 23057 25783 16160 22073 9806 9795 19705 9745 11929 9011 26267 6833 19284 8281 22336 23938 3940 6534 23330 25954 24416 24066 19015 
170 25607 7056 15370 10452 2929 23625 10653 11432 15868 21199 20205 20779 18282 12176 2462 9296 8504 15723 8277 31215 25269 3498 14554 15837 30466 13848 28974 22259 8885 32615 17578 19938 16410 21535 31854 5161 5637 29170 9514 14401 19647 3306 407 17759 17786 5956 20992 20035 17486 9051 28545 29488 18966 2439 9503 31040 24065 11650 13611 6555 8109 25669 22621 28710 18814 21493 27789 24453 2122 5125 27353 5607 32063 20362 2620 10098 9993 31645 7237 26972 5879 18683 15887 32060 16799 25340 4718 208 5664 23011 29608 15437 11181 32353 13094 19187 32349 5141 25590 13394 2037 20650 7965 9586 657 25898 2746 5254 10109 9659 4706 16470 938 31245 23349 1910 17647 18828 19064 24735 31280 2742 6571 9795 32618 28517 4539 31823 22154 16936 7710 452 15584 15560 19186 3081 10576 27722 5589 6163 651 28758 11564 12185 7699 20537 16054 25992 15120 11248 4533 10712 25416 1379 10464 11072 26543 6730 31349 1852 29071 3953 20038 23764 10944 4293 21103 16976 432 20745 31918 2157 26486 2968 24667 3933 11741 14920 4558 15456 28692 24127 15358 6258 30805 17625 23270 9047 6887 4373 24341 4914 21462 28752 21353 4146 32047 21913 27431 16159 31494 3334 20064 28626 10201 28093 10011 4872 27739 4238 8145 5409 30499 8474 14746 10118 21325 1910 3321 31265 26394 11188 21603 16657 18203 30483 8520 31009 11412 8740 15284 17045 26013 16807 11885 10779 5486 5414 12697 9242 5969 3985 334 4402 18130 9834 13606 31004 12041 17398 11368 25580 5344 26705 818 32519 26109 12251 22139 17307 12398 11555 27741 20489 15326 218 11602 10181 31097 12768 7060 655 23804 23035 16912 4085 1001 21017 7261 24390 18526 25562 2507 20000 25114 32675 8673 5794 15665 18893 28370 28037 19854 12998 24125 23943 12949 29762 10904 
323 17696 1053 31707 29799 19126 4347 12610 7111 8923 29529 25827 27518 18076 22888 13234 6142 16783 20147 12069 11693 13902 5185 21094 16118 3486 3705 20784 9467 27534 29868 4597 27128 3795 17376 11789 943 26490 26445 15799 11379 28285 19881 18053 10110 18037 11572 1271 2930 31603 30037 13572 26145 26298 488 2345 8420 14510 22175 7663 20895 875 18026 12680 30243 7565 18441 9452 24553 32077 23667 7911 20271 8584 2026 18922 11782 30306 22597 12521 433 2355 3886 20610 9619 12633 6433 11706 2537 18147 32514 17559 12248 7508 7945 5267 2119 2392 8967 10359 4590 2891 3536 9145 17094 21848 23200 7532 28198 6077 21495 6565 16571 4872 27918 20041 16945 15792 0 19785 20222 21859 7911 10713 24935 10074 31471 2109 2011 29775 31551 27627 4630 11110 26883 19857 27715 4416 13511 11706 13848 26668 3776 14817 8914 1345 16917 4857 21917 19920 18414 15397 9914 4386 20087 28268 20979 268 14595 18699 6469 31673 4422 13180 22188 7750 18132 30877 452 3114 20207 21543 14623 2166 2556 25058 12556 24108 28257 243 32220 27204 4442 32030 1691 13025 22515 3789 20111 3305 19572 30964 1554 8137 20036 17972 7223 32050 17532 3586 8772 31726 6982 20199 835 4192 15180 32489 8112 9788 17402 73 31014 6557 18288 2830 11250 14707 14421 22418 6642 20702 31586 15712 23491 12920 9769 917 23375 10726 32682 12291 17326 25622 12387 11479 26309 12210 15421 24065 20645 21116 20025 22162 231 19597 8277 16165 4922 17427 20354 22396 22849 2244 6649 8948 8049 27407 3114 14626 14173 8872 26547 8723 25628 18987 29634 27665 14335 31795 6420 7670 19958 8014 19814 26856 10713 13112 7387 13166 16811 8592 7796 19143 25817 17878 16107 10795 19692 2060 15855 30152 29450 16288 1902 29106 14779 30959 12418 4577 
9433 21302 32697 12126 14278 7227 30264 13291 28390 540 887 20086 9433 21811 10790 16993 25658 25144 11383 9544 26191 16715 5074 3699 29540 7402 26064 50 25539 136 14053 15951 20846 18570 18090 9794 3907 8647 18446 4715 2182 27071 27848 13472 17701 29456 17224 4283 24176 15747 24363 20662 24337 3523 7884 672 14157 27258 25583 249 1103 22733 19397 31129 26607 9092 32477 20188 26149 17127 30196 573 19607 7411 14514 5571 9695 22696 16205 21773 1242 15929 9095 28349 29098 6887 21423 30081 11076 4763 24606 2924 12354 21977 4848 2721 6175 17980 13742 25947 24977 15158 25597 19102 23722 15918 30823 21056 11607 30194 20926 1601 28320 18393 30886 10122 12904 25188 30996 4504 26377 29026 14937 31947 26992 5731 19212 17706 9381 3985 16052 9042 537 25247 14865 6220 32696 30003 17540 23719 19471 26964 20794 18510 19775 26232 17630 6298 6565 15189 31060 16406 10004 20029 8899 1745 20200 2192 21102 31316 5707 27758 16147 1631 24032 11206 16298 8249 22461 7851 20096 291 27585 206 23542 16197 1344 31849 15766 21649 8523 32371 14384 27889 3623 5972 15313 14724 21128 12073 26207 27480 18208 18541 7714 20897 10177 13037 18458 15880 21851 30154 21688 11236 3716 521 4730 3919 6630 21726 11464 11749 25133 15704 4476 7013 21529 3791 17427 32501 19830 21067 10649 22922 19175 25034 21447 24448 18953 2955 9941 27664 16990 14847 8397 24545 8933 2213 30522 3546 14965 8539 8645 7784 17463 21688 28881 11365 6251 28383 30063 23865 25563 30320 9774 17865 447 29040 1607 33 27222 25530 12691 24246 12676 17253 29487 15036 11548 21755 8890 19880 16122 23399 27261 24975 23330 18067 13544 29375 24847 8645 27340 18054 16189 19646 5939 27183 12767 17540 24365 31673 1804 21060 25815 5237 11163 6296 22239 9321 
17368 639 27524 9754 947 24233 19575 24067 23766 21659 24961 27508 21392 1022 8644 31012 7236 19513 3807 3596 26444 28171 26771 22562 32195 480 24898 24078 21558 20958 6404 1373 27847 206 14955 4119 22745 23102 21768 17435 4319 23983 29918 27537 2599 26529 28196 21727 7771 21419 15479 14986 17047 18491 5184 20471 16609 21115 30237 11631 5645 23584 23099 21341 17792 28838 31632 14895 20674 10216 22974 30938 27037 25998 10866 13329 28568 11329 25735 28144 27049 11280 17360 3580 20349 6717 1042 25526 8446 7525 24421 7513 25254 3134 12614 30510 1817 3712 9500 4841 4906 4613 509 3276 16791 27252 28686 27687 9285 22158 25224 4310 15414 25466 1216 8702 32133 16088 7346 23892 516 30644 23285 26244 28068 32461 26345 9517 6437 28363 7933 20994 6297 8228 13087 29589 11564 13020 20897 20489 13018 25753 10226 7848 30656 11124 14826 19363 17939 10685 5583 5100 25446 13443 11315 24231 20048 8452 30194 11346 10214 12605 15142 10687 26022 25760 25191 1676 23204 23328 29904 2541 3809 25429 17812 16388 25496 307 26761 983 19262 6898 2682 23418 1753 5137 5892 321 17716 13938 10445 23107 32748 4543 2196 19898 18574 28201 1807 21481 14248 15765 19211 3248 27633 7508 30375 27933 5832 10440 23359 3711 12892 27392 5161 1345 6392 19396 12811 7029 32735 28118 28881 9666 9463 26667 15464 4412 20958 26719 31650 6004 5862 27206 7991 28391 21346 16040 13916 14523 31621 23435 3404 6964 27556 17252 29197 30034 32708 10698 17753 16215 3514 17706 2420 21226 7312 15472 13329 30923 20097 26755 27588 11691 23973 9976 13727 14675 18627 26142 20349 32221 2058 26882 15892 27060 17099 12100 724 20470 14206 31993 7127 32511 24761 223 18 9653 24984 20134 18449 5617 13324 1907 13600 10428 16429 13375 7436 16311 
27047 27156 11715 27892 32108 19480 6507 24564 14327 12922 15188 623 7753 14938 13627 9981 19641 25589 31307 4063 22141 10745 4287 28198 14711 21808 5929 1071 21438 16247 17257 32671 24539 17043 15324 17961 5637 31957 5046 22951 17337 4150 23781 11800 24326 10497 30180 18637 8739 7165 26163 23543 14447 4747 30989 32389 31693 13218 16035 5008 5701 8993 22574 23896 26723 19990 6243 32706 20237 18655 19731 5622 19139 18000 19690 12110 30533 21229 3568 21904 20859 27743 25575 32490 8767 26220 30547 774 15963 19819 10728 3110 25910 16582 22580 959 25275 13759 25667 29746 30437 19939 5412 4449 30062 20936 8943 25260 8759 11400 22387 9230 14312 21559 27978 2057 1311 2293 4525 23146 6960 22994 25481 22881 27064 17733 27143 29814 31299 9052 27163 28899 1331 4356 8529 28423 603 2742 4285 31557 27211 7000 12842 32135 1182 10461 13467 28595 32675 29260 16478 21118 21957 30551 13551 16943 17766 6464 15878 4039 32425 21531 8025 18481 13847 12917 2114 12400 4541 16202 12345 27782 19951 21841 4296 28527 7385 2787 10763 27420 25158 11003 25881 18088 11313 31206 25917 2374 1553 32215 446 1275 12613 22125 7954 12148 25898 12843 27961 19997 18178 22749 644 8393 27509 2389 12319 9448 29377 2587 19566 29614 4044 3011 7527 22652 30379 19362 28754 19961 10571 24865 27737 19040 31127 32337 26481 14111 15902 27994 4357 21051 22093 3294 1422 8215 24898 28120 3602 22337 11724 27555 6493 20155 21753 21298 21636 15568 3163 17022 22304 20413 12994 30108 21780 15114 25105 31041 3212 26047 12356 31266 17540 27390 11673 14901 2532 28380 32738 19276 12310 24540 14453 8601 612 14476 4565 10187 29713 7898 2731 5073 21878 12749 28947 23515 26322 25967 8486 31284 29221 2201 18958 23235 30818 28948 8282 16323 6160 4376 
25622 28633 1917 4008 2292 27575 1089 4139 13737 23188 5139 21990 18215 373 13183 12645 4704 12733 8737 20114 12097 10595 4629 1362 13665 12448 1304 23300 15 1889 18505 30410 26216 17146 20584 5365 22342 10323 19529 29286 7237 24312 22709 12326 17081 15966 1719 32418 9869 15122 10763 15401 28331 30734 29063 17600 26485 26356 32469 31237 10475 828 25137 7249 26082 26951 25046 25988 9447 32448 12566 31123 23782 30110 12845 30753 25590 3151 29187 20962 27259 5734 19937 14009 1155 15704 32159 20245 30538 29226 24830 3338 1462 2789 2788 13454 20649 28667 1042 7440 21147 11926 23873 9921 30865 21335 10998 8463 25489 20739 26109 32497 20586 3601 4158 25555 1887 14106 4729 32725 2039 31073 29604 27918 25527 19616 19031 3614 25673 6908 2916 6161 31843 22033 19887 18221 32591 19853 9164 4261 48 5546 22590 1034 19868 20783 18794 17002 8774 18453 19119 312 12596 15412 5529 23251 18935 16145 12203 24413 29761 10606 22706 24157 11732 2681 31118 16615 15576 6676 6727 14098 18730 15922 28842 29928 16624 15390 21481 25154 2208 21726 29796 24563 2224 32409 12995 6243 29648 425 7950 19254 6810 916 30530 17112 4560 15426 3742 968 16866 3699 25480 31617 31477 14097 6218 29463 27182 17787 3109 2640 21702 27537 20643 9389 21087 22091 14580 31131 5219 19891 22675 14074 28456 2967 29892 22311 25938 3660 22115 20655 13470 21688 10107 27449 21738 11291 18339 3086 18775 2292 32109 19006 20339 19390 15908 31071 5923 21608 31927 31783 9984 25295 11889 15364 23518 22050 12869 10804 12244 27643 28215 24437 19330 17653 11431 11853 19124 19659 4264 24611 13663 10190 9956 6694 14160 21454 20671 24038 22380 1277 14786 23535 22883 22020 29363 18979 31553 9504 28669 8735 28204 6438 28629 3619 24824 9208 19840 11964 
17685 24213 3916 26131 11880 31243 25134 474 25991 8222 19669 23648 19584 15737 32542 18805 30219 28073 29199 552 6110 7099 10700 12968 23580 4985 24742 813 22831 4098 13963 14969 24079 18907 24248 4289 6871 13028 28214 10120 31307 14768 30548 7499 22474 3110 25633 5149 2072 6557 1092 11618 28474 20600 5274 9574 32284 12652 20089 31233 8236 7724 27761 15222 16566 30757 22843 22033 28849 22308 12631 17970 32407 14766 5048 4100 22088 7334 408 7865 15925 2379 18018 564 18903 13800 20183 2813 25615 27183 17965 9046 19932 12470 22545 28656 26983 6228 29002 28975 16533 31694 32720 19031 9279 13068 6733 32595 31989 950 24327 31899 23226 32631 19799 9730 8422 12507 27607 25771 19685 14480 3302 20324 19734 4697 17139 19589 24969 32321 32325 29648 7116 14470 11412 28660 26771 28811 7141 8813 26213 341 7618 8450 31901 1443 24496 19555 32582 23825 7833 22787 26595 25103 18139 20458 20293 23423 5800 11470 30643 23194 30663 1659 20960 4342 2264 25280 4062 32427 1798 20385 17940 20273 27559 24308 19098 21528 16423 11038 2742 18582 18625 21983 26198 14726 3476 7280 3762 26000 27788 22743 9795 3182 5575 14295 32748 27732 3348 29200 24697 7914 13452 577 19563 26846 12946 14286 12634 4802 11828 7545 10844 14529 14555 15014 12170 19343 31192 3693 20666 3853 32079 9685 14741 12747 21092 15639 4916 30925 3511 20404 27778 13380 21249 31849 9313 4927 16923 8049 26080 10952 11755 19783 24174 1997 12259 10904 6124 12922 6957 1427 27132 2127 30846 17733 25464 25766 19104 28429 21213 20543 24765 13487 6214 16176 26484 17135 24247 24537 18977 12153 25912 18769 18170 7634 3135 29324 145 7469 17310 22437 22876 20382 9681 6952 9115 12904 26120 20849 13891 30722 9897 22888 14726 27473 14260 25211 2601 25625 
25705 27198 14060 10396 30586 32307 1002 10756 26529 19392 1559 1915 26268 11530 14993 7172 16442 25859 15043 10885 18895 6209 21183 6475 14939 1419 4678 15775 11890 860 11457 31627 8172 4704 10003 28267 8537 5693 18891 20003 7182 14636 22958 30604 19269 22230 18987 30110 27088 17732 14917 469 6252 17325 28743 28537 16661 1158 29768 4226 5591 19407 17632 8011 4517 3599 16936 7179 32747 22117 4790 12676 25353 17680 5546 28621 26886 1970 28327 13722 30468 19443 16029 27952 3161 27164 6763 15425 17977 5735 30037 14442 30872 6430 10684 15411 3656 28325 23467 12096 12154 15033 4560 3727 21354 60 13467 9037 1266 5891 4670 23619 20676 10382 9390 29910 21402 6583 11862 16178 24014 17565 32418 9623 24300 26155 7294 3545 29286 5635 32243 22237 30900 29952 13045 22268 25648 18094 3634 28892 4540 2522 23035 14730 11405 12327 588 19324 9664 2338 24587 27508 29253 19922 1249 22923 20752 6711 10835 23517 20021 6268 16276 27026 7255 9610 11428 16491 6552 14115 21554 18253 9869 6697 738 5641 6993 22759 11417 781 16447 4350 24898 32664 8939 16602 4154 15546 19919 17060 10525 30897 3993 21657 3710 6698 16761 4816 31957 13963 3382 16376 2080 8859 11198 7590 11267 139 25999 21761 29235 31066 22339 17090 23342 14791 989 27155 17777 19135 6736 29140 14801 27093 15116 11079 24341 20177 8063 28109 19747 5447 10604 7664 2217 5128 8648 5901 32041 17095 12054 20022 17287 1374 15587 21453 390 11773 23077 7768 6650 28560 1518 1746 18136 2267 13908 13609 11192 32476 15564 16902 29435 11854 3379 11249 4304 696 31405 31553 32481 24863 31689 1762 15510 26703 15033 17060 14841 19756 18952 29136 6667 13425 9547 5020 6863 11896 23540 29228 14343 21840 11310 8203 27829 21056 9729 2405 24906 2433 
16374 16404 12273 32708 18556 5 23061 25169 29191 8644 17566 6069 17236 23732 9273 373 4894 13354 11863 24527 17340 23104 14936 28306 31038 12811 4011 4371 31498 15254 10360 9704 31385 8624 2101 21624 30271 9598 9593 19774 27902 9709 13629 17639 14797 4530 9100 7202 18440 24077 13138 705 4693 22532 15382 2772 10091 1389 32648 12589 25609 16674 14523 6465 28752 20982 9301 1741 20212 2013 28047 7493 26445 11964 27172 32020 17001 16367 12574 22115 18230 16990 2583 3387 5772 10749 7882 22801 2386 2631 3495 13319 242 30257 6883 28219 19702 274 3634 8479 22677 14311 24135 7723 3572 28936 19763 13341 1125 9376 26442 9009 29606 31599 3325 24559 12987 11581 18906 21485 26443 32456 10826 27486 11726 32145 17804 30861 12127 29853 6493 30161 9606 10379 1501 32625 29187 18191 15705 25743 12316 20449 26907 23202 4979 24600 17061 32034 10402 18889 11245 8964 20581 1187 25321 12328 32580 15487 16321 8484 10666 4127 13874 6088 15467 26977 18339 25190 431 6824 22213 28881 17779 27120 13983 12388 8130 30455 15825 2375 18152 2750 18785 19320 699 12825 21271 29945 20347 14326 27024 15979 13674 28682 26397 20787 14297 1950 31266 2851 28340 14782 31229 11784 2150 29318 14384 25431 16929 23510 20289 7391 5142 19497 1451 17136 11934 5059 32479 23686 14185 4158 15957 6911 7375 11706 9444 11723 6249 18625 6506 3827 18622 29889 20602 3288 429 19873 3282 1041 28159 5182 12138 22738 27151 17953 18955 16911 13426 25050 1422 1166 30361 13094 13472 27359 26479 31354 21307 5876 17097 3186 27751 4044 15000 18532 537 29333 15656 13506 30888 31863 9084 5553 25136 4675 30073 26833 18107 16088 24632 16830 13850 8454 4086 11631 9607 28908 18101 15571 13408 32170 7083 21915 24944 5620 25552 3481 11876 27077 
21612 21911 31808 8887 24056 10269 1918 5754 12224 21148 18162 23033 25394 6805 2848 22124 28568 11215 21558 32462 16394 22204 32589 5044 21837 8622 2667 25164 8645 2026 31631 25619 7169 30171 16356 21965 20791 24901 11086 12492 1669 12203 27848 13200 1239 3819 17949 21828 7908 28411 26668 10003 25872 6115 10908 30977 30238 22308 14448 25870 8346 8576 17697 14447 13916 21681 2872 13669 21610 5033 21548 26503 31036 9242 27724 30376 5434 30598 11108 7077 25565 21659 19989 22325 29161 23122 8688 14964 13370 11258 600 30061 31270 4271 5976 32542 25996 9911 32569 6553 31941 11606 15199 3824 31483 1716 15281 23204 8785 18816 20129 23198 14345 5040 26448 26343 23472 2876 29409 24126 28509 14868 26151 22051 21194 31661 15299 24249 24899 10380 3127 14731 6917 26369 1329 2939 9863 23446 27940 29735 26837 13960 12742 25608 14882 24981 32643 8286 6579 22855 3307 32540 29969 22494 14733 27466 18947 4174 20210 26400 5820 19373 25496 1408 16913 8347 20171 10146 17519 15655 14255 12697 16221 20570 17062 24817 32482 30757 2992 27853 5869 12535 2785 32423 25434 5808 13407 23658 28594 7537 1874 13307 29322 9898 20291 6510 18093 5683 3255 783 3057 21243 19788 29191 10987 27148 1285 9445 9084 25720 27682 17615 16588 24633 18418 18631 15500 9637 18071 11494 16630 2667 13828 13935 28020 32186 10439 4317 11810 11282 6749 2345 10075 250 22038 12959 8126 24566 9613 29713 22605 3781 4199 23311 9867 8331 2512 16945 4970 10615 13056 24066 31337 20357 12558 30759 10263 15084 28764 15710 25763 23902 8935 21074 23123 14478 20383 16967 3273 17217 21179 28379 6797 4873 21406 20426 29657 19266 24773 15346 5437 20138 27009 7215 30132 16595 10963 5085 11355 24830 27987 31953 6742 22557 5195 18537 6354 26628 21746 4420 
1562 31365 3948 28052 19040 17750 10760 1622 23392 17231 194 13583 23363 11503 20247 11927 8037 5785 12858 16612 8586 2880 11101 17151 6332 28712 26613 2421 5834 17501 22824 13677 27842 28267 10311 28133 15710 16680 20288 24916 17951 8135 8618 19382 7753 10467 13259 1005 15937 12790 9267 21902 15327 10624 29110 26411 18690 24527 17864 13940 15018 11032 8861 21567 28043 27212 9981 1445 10266 26730 26578 7824 16740 14342 3184 13896 3531 20535 7878 6823 7706 3331 31359 22183 6434 3072 5726 19159 10802 30273 21285 16688 27485 8977 21375 18644 18450 15301 463 22374 17572 28789 23023 13575 28793 14763 30729 19230 1041 2145 32750 11033 1015 20147 23609 4286 28896 647 0 11032 11412 11151 12647 22956 11338 15364 10607 27343 18043 11728 6563 12504 26950 5928 15360 17775 4031 15082 31681 27310 28367 28359 23401 23259 30411 1359 11389 31551 3422 5781 25911 19929 22238 6637 24855 26879 4446 25578 4412 24248 29339 10046 18948 29958 30344 31291 11534 1935 18847 22393 15561 14867 23038 22370 492 23080 20316 13284 7261 21883 3290 16288 7485 31182 4337 2141 10395 32403 12303 19311 17006 28492 6670 31922 28534 5781 12591 18956 19282 11752 20815 1393 14652 15286 3887 6849 12376 32154 1072 16326 17474 25143 15186 19445 7507 10899 6987 21231 2942 18881 8476 7108 21433 14796 23270 25325 26688 5332 24379 28412 15966 8837 12789 12532 4349 19318 5088 23417 22401 7130 16426 19603 29091 26917 15366 29433 13346 9193 15038 12214 9750 12285 17020 28251 28512 13672 11111 11803 23942 24340 12471 27355 7440 14864 2748 10058 16287 10438 24688 30425 24576 32240 882 8840 21762 24473 8 19079 12565 27544 26300 9749 15371 22217 30728 6348 13228 20750 28148 28351 27255 93 5639 27617 31578 15192 24885 32435 24931 23671 
19514 24553 9496 24351 28045 1105 29858 15950 31381 15511 17414 20556 5646 25656 18764 30003 19549 2219 9514 16092 3459 8824 22728 28213 11142 6067 15421 3562 6496 26236 21112 25340 11496 13347 18033 4985 30043 31142 20868 25798 1530 2010 14023 26426 30417 6324 8629 1885 2805 32540 31169 2675 1985 9539 16150 11291 23504 38 24257 5697 31476 30079 12732 30555 28333 9578 28041 12696 11193 11183 29355 12264 19241 7565 10768 5776 9093 3001 24785 29942 19182 32180 2659 30030 6587 20807 7398 8402 26745 26270 31415 11681 18458 23116 26772 13447 32488 19145 27391 10093 10801 2556 25442 24309 18535 31129 9008 31052 10297 6483 16787 3373 15569 9432 22361 30831 25699 10851 23499 8097 24766 26560 21942 261 20973 1780 22608 8248 8762 21014 27867 342 16491 17499 19773 26137 27968 21756 5032 4686 17065 31854 5712 3829 6345 18776 26562 22518 29085 1805 12771 18084 24364 21140 3228 18758 16257 7495 9411 21895 22036 7692 2851 32295 2910 4970 3823 5219 15425 4162 6820 23529 5011 6983 27665 22150 1017 26065 20616 29981 22826 19460 19041 26567 3828 8769 10024 23027 21524 5056 27300 24155 11277 13444 31711 8131 3782 21666 31290 21956 5723 22384 30741 30275 16902 167 22234 13944 3384 1566 25705 7414 4075 8534 18948 6491 12068 17347 23159 9731 28117 10067 14810 10563 11735 16311 28787 6506 28428 20935 3556 19207 7212 13195 4692 23850 24080 12260 28951 11189 18909 14128 14450 8482 17407 21428 11679 30113 13805 1271 5546 29066 10446 29277 18540 27623 12396 6140 6549 32154 15518 25873 10636 5325 13238 26768 23773 12260 24977 26795 12794 13522 18810 31975 9653 9098 21923 12580 18848 4196 23043 17352 1854 24372 15369 18930 127 9220 6115 31757 5234 19930 13484 18029 22456 25822 17273 23587 3863 20248 
7378 15290 12352 9288 11867 18368 11702 14795 4619 27016 2646 19393 1614 29736 5562 22244 29186 13951 11427 10341 26407 23749 1953 479 9196 31216 14505 14382 14642 11429 16560 138 7851 25866 1131 1418 22237 3459 20820 1546 8317 18039 12633 21487 8102 19951 6597 13878 25917 20422 13828 19753 23479 8011 2995 12835 29650 28733 14367 5355 23945 6988 19137 11038 757 10668 17350 7834 14344 29427 13642 4728 2192 18447 29780 22013 23271 31418 27636 14362 28199 10898 20651 5375 19365 23389 19253 19610 28654 11257 17419 29142 27818 21905 17395 1423 4349 7848 16748 7526 15669 1494 28538 29344 30036 12299 11178 12487 24893 6315 27820 19022 24371 16135 23520 30282 24772 4132 18489 9859 28441 27803 11617 3499 9854 18213 21142 23933 14434 9097 9928 10906 11500 25376 545 27669 30113 11923 9248 28584 24660 13927 15787 9629 29572 26582 23466 29475 27903 7632 15202 18104 16469 17079 7319 16793 16122 4044 6982 25741 18363 17325 5563 6068 6026 19551 17258 5297 2479 447 17109 402 10746 10271 18862 14394 2027 14695 17853 2190 8294 6268 19274 22143 6814 16839 31933 19103 4148 79 30494 3838 8642 15341 7907 31392 708 3687 12090 10205 14341 29142 12328 4236 2949 20549 5323 30655 32247 13745 13655 6912 22562 4699 5054 21515 8568 18047 13353 32448 21717 10639 11519 12692 8286 1690 26731 27939 12211 11557 21828 15210 843 21470 26769 23796 29511 15510 31534 18358 4077 525 11691 27175 15101 11588 3490 111 23296 20936 27005 10746 14363 18462 25169 16074 18155 20969 20369 1151 32050 16278 2690 5905 14799 5370 16833 4665 28872 6844 17304 917 25553 17009 25213 13786 12800 22869 17004 27425 12666 7824 1541 730 1637 31890 4786 15066 13554 11065 7288 1226 14952 7468 2161 725 7180 29807 12501 7476 
27840 12054 17414 19752 26010 27338 15143 6535 27371 1656 10173 15695 14900 22654 18956 11656 24008 32394 12094 10085 19916 30553 21730 13779 324 29996 3362 31604 18276 19039 12472 13183 5441 16287 9607 6538 14359 11043 10602 1664 6970 7008 10485 1741 382 15769 9007 12775 10838 21983 2176 20206 23421 30285 1717 259 8785 27009 4938 15109 28420 4226 28662 15867 22299 4566 11952 3854 1866 19603 15467 10359 20987 4413 30187 12998 2512 18501 15225 32507 27077 21572 32143 1098 30928 7970 21309 27976 20665 21775 8196 620 25216 7517 27904 10540 2564 31880 18758 5520 27745 2381 11637 31012 19833 407 12857 18865 3390 7969 4261 645 14672 21185 25344 3752 30065 10262 17449 1895 7590 22144 10133 17362 22705 24679 18553 27518 7265 3892 15498 21439 13586 4056 9568 17287 19940 16661 1765 12935 15603 18358 19864 13965 31181 28632 3087 9771 7696 6807 27596 6783 4577 15088 5523 30603 28778 22750 6496 14064 26188 5328 26604 4268 32476 29199 31284 14055 4572 13538 13398 25235 13330 15220 6636 29332 9879 21314 25039 26131 21755 15240 27357 25673 20416 7642 1006 23731 23268 8128 26166 31522 24824 13446 28428 7817 13676 9653 19583 31076 4802 16887 29476 10999 30627 8035 30729 4280 5299 25830 16916 30863 8434 8781 11979 9436 23447 8198 15321 14529 12596 9933 14328 22464 12862 1879 9856 26122 26101 22843 16081 25963 15044 9082 20878 4200 26973 1347 17068 28064 19799 17144 6854 3313 19026 6944 10529 1316 7466 2229 9617 23075 14781 14612 26386 14439 21879 16620 5041 796 16040 24926 26882 2549 11772 4600 12594 14034 26489 1693 26393 16920 397 24996 31010 210 4612 4753 4226 17693 13390 8514 31912 9995 31010 32058 10830 31068 29584 32596 17789 14829 7556 3679 16874 18194 25787 29389 20990 22144 
