28468 689 8358 18277 19585 7361 22007 26670 25531 32401 4570 11065 8178 12852 31421 21633 31662 2696 3481 4803 7919 17896 10317 31297 7337 16319 32085 6036 10466 23739 23901 13525 10860 3520 27730 31169 5876 29013 23859 12343 29667 17421 19185 28169 31954 32711 9288 17234 6003 496 10758 24022 21439 27584 27345 28359 5175 19522 8937 25732 15405 1580 6611 20915 2179 23833 8880 25394 2004 27446 21317 28046 26592 31265 20626 30785 12321 19241 11927 1137 18336 7859 12191 244 2036 27929 24329 3750 68 17774 325 31999 1871 15253 32068 8120 31465 24068 17903 5089 5516 24521 6628 1494 4749 27938 23297 22201 29159 16070 28300 32595 14453 27033 18329 4492 6732 11552 9850 31930 11959 15476 26013 19041 17234 15114 19544 17655 2173 20978 9850 29532 1387 29524 2275 4868 26048 7820 15531 10872 8694 26682 19569 27955 20813 31965 24143 17196 13847 22423 9928 13491 23369 16175 30813 18623 16592 8702 13616 31436 11405 23213 2787 25570 16225 25034 29472 17435 22274 11449 18704 2129 20932 14674 9165 18023 10653 19967 21762 29200 15969 19132 14681 27699 14296 22785 3942 32637 11418 2612 3905 10584 14720 32142 24030 7673 5574 25264 21802 26958 11626 7600 29917 22868 4194 8526 7939 10430 21545 20169 16313 3454 3631 19686 6474 17836 9213 19461 13920 29099 31051 22373 284 7276 25551 6181 29844 24049 12978 20924 1268 113 2722 32041 29274 14706 32303 14742 15110 31093 24007 9682 27720 16596 17658 10778 13365 3066 8855 13697 20922 7283 20159 11417 7886 7407 2294 17329 10485 21988 7475 31113 17183 13805 59 28833 372 26781 18299 9742 2740 2963 30737 16057 15714 17639 25327 25559 2590 8173 10111 885 9798 18506 17988 26408 11993 4900 18611 17960 18497 423 10274 5910 5170 14498 9474 6202 9590 22452 11982 285 16491 6990 2110 15594 15104 24850 25766 28859 493 16015 3577 18120 11376 21845 6620 23319 2627 31350 14926 1177 23396 30562 21571 21269 22130 25417 3498 7755 25982 12774 22738 808 6417 13174 6956 25492 31462 28024 16896 7589 15717 25443 22401 9243 21591 22286 5599 13868 3863 967 29709 22429 27295 6080 4548 13930 6315 9902 4903 13149 4647 3870 26156 30966 14951 24572 26634 22299 12574 6707 19526 18922 13502 12773 15882 1050 17261 11495 3014 25785 7184 31936 24249 10176 17192 23428 12116 23864 32367 19278 30038 26484 5839 28086 4956 4122 28979 3675 
13545 5240 4573 95 21054 14486 4174 28769 12122 22432 4108 32682 19181 7555 24292 25399 2867 24675 15664 14533 15329 31675 14885 28437 31756 6864 23676 10501 9577 14024 4820 21614 6108 2914 20771 18734 10339 6847 29281 14928 14182 3014 29611 26286 3384 7950 30546 11256 21862 12734 6227 8293 11812 16409 25046 25840 28559 20829 20097 14657 9398 4128 21563 1066 8777 21169 6536 4482 6290 26279 22561 8407 7593 10053 19236 1377 28808 18589 12702 7800 31629 8845 21899 10242 1205 24806 28650 26236 16347 23232 32536 15412 23992 22310 31867 9428 9958 5398 23000 26398 1883 18673 26921 19306 25540 14617 25256 4701 28461 7439 3882 15098 28708 14496 18091 16348 2582 18228 3500 15382 23175 28590 22715 6951 10777 21214 3714 20969 11410 4785 29641 26899 12525 28929 8990 12539 9439 20132 16935 22899 30828 1874 16392 6170 15017 2436 14948 30028 14235 6139 683 16125 30824 11602 12543 19212 20821 21004 13033 4744 21193 4797 24648 2045 10575 2134 23195 13924 31809 8436 16956 28474 21321 26488 25729 31522 23156 7654 10548 7618 31845 22924 23237 26869 29191 29997 14727 11574 30633 28098 4898 20068 1265 16268 26423 18595 14132 31283 20750 29439 26116 4270 13468 27900 29659 14729 28698 17681 12671 4194 1738 30778 13000 23414 31132 12986 15503 16892 18321 18675 7312 31047 25700 6599 29265 31145 30428 9047 2724 2809 30129 6461 21650 9839 14636 4247 21625 1046 6176 23467 26296 18725 9114 1431 30890 13329 21445 15366 24951 11081 25493 28348 24752 19481 23394 30172 16519 14146 11114 28815 999 26765 3909 4057 20623 3280 30863 2559 17935 27705 16368 14012 927 27002 92 14976 29517 20962 20324 20460 2291 3752 22708 31422 30466 9744 31843 24622 3806 1031 19293 8416 11235 1802 3965 9303 9129 20214 2504 17373 12724 8081 20247 23353 12969 23896 23102 23806 12831 20297 26830 14116 10804 8335 25013 3032 21819 16349 14039 1583 19329 6342 2434 15731 16636 17308 19411 10683 13648 26190 25223 28328 4171 12566 10222 23324 2344 1360 10850 21895 16393 17311 22604 27011 16981 24020 7981 29308 10824 24365 22516 9613 13394 26560 11268 31174 6886 24296 26086 4617 11572 11161 6853 13694 13389 15787 9810 30013 32250 17926 20987 17857 1152 2707 11391 32570 27634 61 30638 31501 26885 29484 6086 18738 12144 8706 25385 27283 13210 22016 25263 30914 2692 24605 17085 10260 29477 7031 29746 510 
14387 3635 1687 1162 21961 28100 5629 24150 22021 3481 11582 31253 19336 8234 167 31468 89 14166 17279 28874 27734 15189 3684 13823 14323 22929 24913 1976 1865 27934 24886 30423 32317 24530 13714 26423 8094 25499 1642 23484 14844 24325 12065 20448 256 18044 4415 28082 13989 18228 11982 18579 13201 21663 15266 4730 19891 29594 12167 24226 11653 1094 20968 31816 27398 23152 26416 19824 6020 14596 22090 8952 18851 15050 17213 24419 12842 4231 4023 6185 12026 23605 14410 25226 26057 20217 16688 27884 1386 9352 8330 5634 5340 9632 23536 5376 29986 24243 7755 25448 5210 22599 19953 19950 22082 24887 8673 1595 5571 23134 1835 29401 21995 27759 9982 12729 26051 16320 27145 13316 12320 12441 16717 21190 7216 6909 17507 22352 8556 19792 10670 21587 30695 29416 22391 85 7123 17584 17102 16146 890 2626 10062 14117 19755 11094 23085 1921 16557 20381 31758 30543 11643 388 12991 9344 29720 3619 8374 25847 16928 8031 10382 31223 24843 9660 24342 13596 10753 16003 14852 4320 24671 17564 23795 10030 25291 24327 15185 30506 22186 13550 30327 28799 24093 17746 10857 201 16684 16831 1295 7947 5370 20305 15224 13310 17984 1928 20309 16736 2270 21986 17016 28249 8615 4155 13593 10272 3203 20927 12709 24941 5785 23815 14821 15854 29008 17331 21568 21355 9693 15676 16810 7478 29618 23877 3640 23990 15204 8165 7388 13909 20568 28085 31811 19228 3450 23415 31583 9567 11042 2913 21032 7068 21199 9062 29198 7723 11707 9136 10018 3568 14614 32446 7456 26874 17148 2378 3967 23758 21614 10890 20758 18054 23825 26956 23105 32440 610 28133 8921 6541 11345 15536 10712 15283 11441 22401 10598 11862 15173 6446 15342 3468 23939 20377 7116 13597 5322 7135 27101 13870 18039 20160 6662 4731 8453 32199 19778 20511 10797 7569 21761 22045 29054 15307 5719 16464 16096 4554 30079 18787 18665 5390 11075 53 8164 6664 30493 11885 4448 9893 12543 13399 21037 9186 12151 9435 6965 21693 30005 16886 26581 30901 25271 25857 25133 4077 4933 16119 9288 5154 11073 14211 10960 19055 30960 9876 31160 3906 9 7302 22751 29061 5098 347 20673 29911 10677 22196 30576 15231 28160 21627 19671 14166 22170 13527 26237 15141 12063 14883 14967 31816 353 22453 25710 14327 3995 4703 25245 23558 14076 19602 15442 7121 8706 9208 11097 2217 19912 21401 7075 25513 19950 180 18435 6585 4990 1955 
30044 3099 9726 26706 29977 23558 29046 14500 6719 2870 29077 10657 24759 20198 17696 23408 7237 1815 15977 8808 27560 29513 18771 1793 2132 21157 22424 20038 93 2756 24665 14913 21599 10753 18023 14193 30691 29243 5490 18588 5438 27142 32082 18085 4355 8852 7912 21974 15262 28512 18228 5539 3628 21486 22311 9656 11275 12875 11019 21069 29634 20471 482 24916 5107 24037 24754 24250 26358 16457 17417 26187 13087 1509 22982 26241 31102 25109 28349 946 434 20599 8430 13518 11339 18910 21661 9906 29410 4108 16050 22148 23267 26904 32367 15632 23630 16768 32625 30987 16403 32196 16593 28688 27530 21330 16352 19551 22639 23737 10983 29301 2457 16881 19794 7257 28803 23903 9262 5383 29601 2428 23339 5624 15165 10952 20705 13972 6122 27355 16381 12144 7331 20653 12597 13470 3316 24944 11269 10107 20184 10824 11518 2448 28691 24452 25402 12716 10120 26982 11128 6522 18048 22666 21101 19687 15780 21713 30700 10121 15111 32659 16285 28419 8479 13363 1138 6514 29228 28307 20361 3138 9953 29548 3962 3689 5062 11973 14250 16434 20359 23624 367 6566 30040 12013 25438 32420 16578 3128 19838 2317 10014 25401 7591 10625 707 29139 12224 25040 332 19604 3025 11301 16435 21526 13254 14499 15019 21674 28007 3264 23059 26203 20365 14152 30542 28463 7516 9466 7557 8794 25021 29743 19885 10650 8336 25929 7563 30633 28104 14061 32070 10968 20721 8819 15738 7613 23335 23993 29776 13241 31000 32537 32159 31534 12678 6970 14489 28262 22730 12720 14781 22892 27803 6354 25108 5180 4816 9880 27766 10240 25817 31347 30252 23986 8635 23683 17172 30699 25509 32141 718 4448 20 5979 20398 22276 23343 29322 2788 5564 22975 4310 17513 259 3024 19590 10338 30572 7135 11991 10488 2425 5339 18503 31649 3445 18605 21805 8830 1869 30108 865 18620 10330 8259 10197 12318 20037 18831 29910 6144 17962 3702 31001 17251 16684 18842 12676 29273 29367 31003 22293 5977 2250 17113 32250 24812 6022 15822 24875 8261 13576 5920 25024 18461 8114 19028 26780 17550 875 9763 25179 10708 1707 15416 14506 15340 27361 7358 12685 32334 17492 25668 2227 31152 2997 13401 32041 11608 7912 26152 23912 22888 15052 4475 16030 7989 30896 7845 7354 22096 31849 589 9186 14365 12116 23852 21550 8465 12942 950 19926 18888 26665 12546 25154 18763 8826 31429 16376 13517 18172 6419 9529 5018 10710 20298 17913 
19744 10813 15317 2901 22153 16556 11713 10105 30872 31341 9889 19878 19589 4649 835 8697 31754 10444 27487 473 3542 18898 6952 22220 25089 9415 18013 18235 16047 26284 9586 17857 5360 26530 26372 11965 29138 25158 15808 31468 27969 20019 18431 3462 5146 11445 8371 32043 24510 23829 13534 6889 10938 20541 4801 13302 17028 24531 8245 17527 2219 17169 24552 18231 31902 6068 21082 21542 20435 9686 22294 18376 22368 9917 20323 6330 747 30801 13081 6384 16625 947 24352 9509 17910 17540 26231 1358 30933 30207 17680 30213 30413 176 8143 28064 4958 14622 29772 4477 6530 4688 10051 19022 31439 13889 13033 13279 9877 15424 17824 560 25060 17294 15739 25066 9375 7836 8072 28365 3435 6182 28398 16133 6578 1789 3568 22105 14818 31262 24051 19099 16231 26900 14944 531 1954 17299 31641 20445 8661 19185 19596 19040 4156 15410 26416 19739 20516 18590 32748 19968 2948 30925 12129 20227 29061 3765 26007 29623 17602 28360 24387 841 8090 30492 3709 10875 9811 29557 4053 2030 2366 21646 6866 22190 26853 4231 29673 9501 20353 13905 23821 32627 9758 21062 14342 6455 5151 18191 23756 12115 1533 12826 30557 24841 23267 27971 28047 32419 15844 2676 3990 31248 32026 31574 1795 13193 21871 12602 18196 21574 12054 12890 9332 6315 5166 30324 27173 2529 30023 13794 31710 988 2500 23748 17705 11051 10347 23232 696 11253 9299 11813 22055 2306 3149 15070 8974 23387 23738 18476 11833 19373 5618 5228 23624 4694 12567 11676 32454 3053 520 28443 21483 31500 6139 9342 10395 20280 31562 24706 29269 13952 4121 14813 23548 27910 3204 2512 19243 4898 6716 32374 22343 28401 20752 2497 2852 1953 20044 11921 4972 1868 11019 11618 16828 18555 22082 21144 12649 19178 23652 24672 8541 26390 10510 1091 32756 14322 32670 25718 17775 21334 23927 31978 8323 30086 18820 4777 20375 18286 23954 5737 26315 1724 18476 5062 31417 30641 26194 21876 30509 9885 3605 17003 18187 6215 25959 20640 31173 29318 26549 6017 25078 31201 15435 28242 24070 24117 3891 11216 20256 25482 31396 18734 4986 3506 31893 185 11520 8752 3347 16983 3462 3279 5619 15612 5740 19827 6123 25392 11664 1 29527 14524 31200 5169 16170 27074 15098 5675 19353 3217 2414 15880 16385 7030 5808 30723 23272 30726 1991 3217 10204 16246 30743 6347 24750 32124 9610 16720 9528 7786 31034 7578 4011 2760 18198 6852 
26929 19401 17178 28050 21971 22213 32737 10341 6506 24194 21351 3256 14559 26252 18864 7118 21208 8101 15063 19028 4311 26037 1864 21916 13117 9367 15209 18255 9201 8237 11985 17532 12196 26758 9579 20462 19758 13741 13109 12896 23716 19728 24616 28188 20609 5178 6724 12629 30629 12030 26555 2780 25440 11097 12829 11453 26475 8822 24714 25098 5315 14985 21003 15223 1046 7735 3770 7341 7822 11321 3059 5023 23045 25400 20062 13141 18339 1470 626 16312 30606 10016 15242 11261 14560 29411 4253 7864 21871 27358 17584 11925 6841 30054 9043 30521 26733 25957 2168 2300 30272 18012 23922 18863 18614 21487 18453 29139 6909 28947 17999 937 3978 31225 14330 22207 27583 27815 782 12435 14724 7139 19735 7975 10360 2425 18857 10767 3319 25157 19713 12874 1959 16366 13178 30272 22555 27920 17709 29871 14417 11310 32035 3633 8157 4600 4196 2715 25862 6066 9983 8586 6823 16719 31495 29638 4257 29270 24242 27447 10349 23046 8183 3497 5551 28575 11 8717 25107 2796 11398 3399 19114 11460 4988 6798 30570 8353 28502 14902 14124 16301 491 26935 9776 24186 713 7374 684 4896 6718 28251 12756 11968 17848 31649 16966 24092 16709 23037 28720 23773 31932 28505 31964 27037 23410 12273 10002 21090 30874 31324 31893 14079 4439 27000 18332 26125 21197 8937 25809 29530 14090 3577 18992 1054 2076 7885 14771 24223 10403 13159 30930 27537 5891 21320 23065 9011 26796 12357 957 941 3600 5728 27646 27074 31230 16508 25253 17085 12434 32528 21798 15969 18286 13510 25066 10559 24311 1690 14296 11415 13060 4925 21706 12228 201 3380 8827 26706 23411 1896 18395 7360 23733 3180 28741 25441 1591 3316 31640 32065 4588 24582 16213 7614 3918 5835 19684 19813 16755 22173 29033 24178 26514 2500 28037 32027 11116 21939 9017 15357 10612 28754 13140 9340 14456 5840 4834 28126 3613 21331 31842 29180 4879 23675 8167 7231 20834 29054 747 19916 7961 15596 21669 28841 29305 4289 9740 14078 1560 8088 19054 30483 6062 9846 12792 17816 7787 26380 15111 6241 19429 30847 5030 27663 9084 15915 29612 25174 21282 29394 878 2645 27592 5622 11039 11359 23667 8119 18762 22493 27781 21690 16551 17088 7797 17432 32506 1525 24188 858 24893 9188 22826 6594 26827 23708 8701 19026 7203 14484 16241 11308 8518 21680 18291 2648 30650 15607 31718 5387 28814 22780 8105 5556 10932 4374 13588 6635 
24713 29867 5245 20334 7945 24966 20981 519 28982 12897 17872 22283 19832 26572 11967 24434 28691 14173 29308 30164 18364 28095 30728 26293 603 31029 6674 4762 1409 15927 28939 30156 8119 1351 28240 19352 22469 20603 31779 24751 764 3577 21627 22502 10350 15015 6131 31941 6405 16869 28767 9779 23116 29382 11727 21861 13073 25759 22348 20639 7509 6617 2744 9287 5908 32200 23769 31795 1780 28599 26046 5019 28225 31984 17170 6325 22694 27264 4192 14398 19205 16193 6645 13623 18963 10351 9973 15458 22184 9929 11006 23001 29485 1609 12114 30674 25018 26366 23380 6712 23757 30591 3798 25751 1574 4538 2654 2025 17473 12117 27788 1226 18758 22121 26423 18845 6390 5852 8192 7138 30325 32372 4252 14382 13089 15716 10114 20469 14478 1462 12874 26162 5891 6765 4293 25304 8868 2338 24365 15819 29476 22581 31098 17175 13692 9474 5462 27874 27471 9508 11122 30074 3248 25670 4594 30134 7051 14560 2697 15892 11096 23642 12593 4290 18468 19532 30557 17486 25590 15039 11625 23874 1751 16834 19546 19836 26930 32534 888 26368 3112 14952 4702 32209 8185 27712 9273 14132 15893 25878 5205 15139 22704 960 15470 27513 14447 31032 28874 20987 7647 10098 21531 17265 1885 16499 32265 26272 11473 2595 6784 30009 21166 20450 19133 8367 2029 8184 22361 9746 1392 59 910 29101 12353 14449 15495 25576 29997 9230 31347 11994 7465 16795 14236 2212 31133 22222 10834 5568 25726 16098 28673 101 26037 9441 12084 14287 25441 11627 11146 22479 1335 1156 9915 23699 4221 8551 2778 22701 2357 14529 23021 15622 18733 9949 30488 26491 32005 4639 30436 3495 12550 16547 1020 3772 18340 380 9068 13104 22997 3756 26750 27894 26951 29288 3861 26669 3377 29941 11835 32375 32302 26823 13073 22566 3875 18893 32577 7554 25625 2766 25487 10255 6492 2405 20820 19089 20169 4770 13074 31076 14603 32072 22552 22423 19082 15497 30752 20091 18046 19194 24535 27109 19471 21745 23589 21641 27612 14015 18746 29731 19733 28472 2901 32240 28539 419 30331 24428 535 32447 14584 5949 2253 15656 6595 14306 29983 12310 14637 29266 6490 23567 11545 15981 18143 25813 15597 22301 8142 13469 14613 783 2334 16855 23600 17705 26893 9185 2287 3998 15535 15120 12173 32188 31580 13453 30455 30209 7134 12222 9621 23828 24969 21104 24254 2194 12698 26760 18796 32672 5508 19861 14761 6744 6509 30532 15822 254 
3253 20123 7019 7784 4288 22341 939 10739 19694 1195 23750 12635 13150 30219 26202 29206 32128 15984 16167 923 2528 1470 2146 23001 517 22174 7572 14685 2302 27089 17462 31669 31989 28181 26402 15097 22189 21372 7041 31241 2381 14460 31494 21771 10659 25795 12034 14321 17471 6525 10575 16999 17422 13576 29114 20315 30651 19647 27703 17489 16522 18361 21818 5584 11789 16234 9084 24657 4360 792 21629 6611 16443 22873 16090 6187 27349 24586 17690 28067 16028 26273 1453 11983 4741 17208 9657 16134 2660 18089 28727 12720 18820 19433 232 8937 29131 28834 6882 21029 14740 1008 7445 14934 31234 19583 10530 25094 1136 27204 6434 17803 14430 29973 19709 3053 19962 5955 3621 6755 197 3552 12931 25653 30646 32733 17525 17475 6486 18200 19864 17077 5763 23976 17307 2916 2025 29518 14309 9390 29465 2124 29820 3138 15592 30864 7360 1200 13798 12088 26038 18061 14719 6490 13149 31609 28489 26817 26509 29058 6958 16328 8083 2630 27421 21453 11245 7239 27210 4890 3094 6086 8375 27464 17916 7789 16755 7151 21435 5493 24871 7925 24013 4427 17973 32156 28758 19806 28183 1926 21099 17658 31006 25288 29347 32356 20378 12483 30544 5708 11847 30827 3039 28269 17796 22196 9191 5604 5134 14234 6250 7932 10588 14123 24809 18486 28143 8319 6485 26830 7672 11160 24657 15325 366 19649 10292 218 27101 26122 13581 9389 13680 9165 23988 21612 6345 22037 17820 19341 957 31378 9735 5357 5135 18730 21854 10866 21967 20434 11768 9830 26061 31517 9074 30047 15909 4979 27167 13053 17699 16283 26078 2892 17307 16797 29559 11302 25088 31578 21450 9050 32587 14757 10430 14249 12135 22662 27933 4532 3018 14101 1331 236 11499 27947 23436 1956 31838 32522 27942 4021 11921 20535 1564 30772 25169 1017 17521 12850 9147 25481 30478 5466 29173 8286 9740 20963 32422 24757 9009 21691 8705 31643 5303 21608 25571 20502 23370 26239 3261 1600 3740 3694 28479 13302 21859 2264 6489 31876 19718 766 29903 18764 17655 3534 11789 32375 12284 21832 17566 19883 8297 24743 11105 11834 13545 12064 31700 17453 31895 14646 17910 11015 21295 9019 26564 3266 6043 14689 31340 31886 21630 28379 494 32701 10101 29942 14061 358 5766 16821 18085 31484 17525 22574 12938 31889 31190 20859 9515 25856 10372 29115 2285 6992 1779 12335 10372 15200 8925 25960 14100 32498 14742 13310 26130 27242 26662 5226 
1905 9788 29021 15943 30669 6655 10795 8465 7393 20524 27784 10829 9018 404 12295 10912 7486 27340 28726 12552 30334 26740 28865 12228 6173 28733 12645 26310 15415 16454 14499 24420 24456 15244 28512 26224 22833 27809 6227 4947 29613 13486 17474 23281 24379 7827 1757 5090 23438 21550 26573 25785 22196 2796 18372 10077 15777 18511 4269 30578 12397 26390 31783 10818 13921 28802 9929 29072 6601 13527 20862 22115 14632 2061 10270 10433 11873 13691 9558 17759 16310 11491 12925 5473 2155 1524 17617 28175 16079 25742 11422 26908 25868 12137 27531 20252 13849 22243 32183 5536 22670 27108 6199 17377 31309 31803 20132 16238 18789 6709 12978 30461 31780 15356 2511 24019 8449 15117 6880 14267 7413 21077 6226 29860 18001 22578 29822 26601 14938 13524 24009 8284 28336 2959 584 10125 31209 30509 25732 4081 634 8907 23407 23008 24847 26868 1622 7244 17428 3062 9467 11631 7803 13904 6771 6818 2849 10982 20897 12425 13481 12783 14248 9911 20339 17165 22188 5477 16962 11376 28435 2090 12631 21006 12656 8112 11744 31029 29528 842 331 3372 536 25914 26958 25012 22143 24855 5395 30724 7356 3193 16865 20599 9983 32286 8799 23742 26361 16145 10631 270 11954 13828 30626 26453 1362 27323 21271 22271 24744 19877 4365 27911 11321 7346 21783 18930 22 25122 15550 31794 22387 15352 11121 5693 9501 18382 7335 30680 855 20625 28145 13531 24080 10120 16782 30234 9255 10745 29112 12802 12230 15523 1267 10245 24951 187 21910 26556 18903 7771 13965 9029 14729 12766 7547 19229 14425 13989 5753 8143 14615 27007 13700 26728 32429 1557 10868 19929 616 8339 28144 32408 19587 14824 7709 29086 28067 6780 8146 14030 5495 3729 25244 22411 29882 6681 324 12287 27034 2486 24340 6854 5739 20895 22494 23467 14118 396 18687 23187 18479 13555 28077 28441 17087 17526 20156 16645 19970 26905 30 12961 30658 3813 17410 27530 32678 4601 19589 27466 1911 10182 21335 11586 8395 2101 8016 7923 11757 6696 13682 29891 23119 3259 22233 25537 29140 31079 23349 26678 9531 10207 21784 1558 24783 29623 30903 24436 16546 17025 15417 30432 12710 9376 12438 29835 11007 26422 7598 18833 368 17285 16887 13467 19432 17367 26286 10741 8496 32299 23762 4601 4871 4139 12954 19779 9096 10974 14789 13110 30952 16143 23978 16124 12742 28822 20357 18458 29655 5425 29150 2576 24250 29515 15465 32729 13342 2239 
26041 26818 27781 22228 10196 8126 28620 6744 10611 9648 21354 17777 19333 103 17699 4417 25761 15002 17247 5527 32733 32100 24192 16587 30452 13617 9059 15059 27164 13749 32164 25459 22775 18256 17670 9844 7095 30761 15193 10912 30729 19399 23300 17851 13019 22460 19280 5478 3709 12523 6842 1978 30364 27662 1649 6232 20424 18656 24418 8330 8599 11856 30108 23093 7531 13315 10070 28400 2628 23157 17246 26297 2502 2695 7294 18546 9033 27823 14058 28273 8305 13658 910 29631 6348 7199 1065 4712 23548 11179 6521 14281 10627 28602 32614 16104 16238 27930 14351 368 10111 26823 6042 15925 10225 30523 9460 8003 6658 28786 31097 25208 8965 20665 14812 13148 15940 13851 7391 22218 634 6435 23010 13370 3233 12478 12058 15158 10359 8398 11862 10492 18613 28433 16736 17599 27215 30423 2399 27278 1763 23818 25709 4000 32168 23398 7635 24481 22346 8245 23635 16166 6727 22114 10578 11408 14233 9113 3798 24157 29541 8091 11958 29632 16692 25719 19756 22618 9959 28468 20312 30452 31559 6553 12945 9940 3679 19159 1613 26953 18131 26535 13863 19400 8721 32218 7100 22129 3344 3936 3755 24962 968 14718 15353 31287 9939 20118 954 4718 7339 18747 17048 10934 1838 31124 17201 16551 3459 20050 15552 13998 29127 12730 9144 3050 18397 3446 10258 30285 31005 154 17335 24503 28041 19999 23078 25013 8386 20698 31323 24201 31400 30332 25031 24186 31311 24419 11032 8688 11931 15854 6506 26502 10041 11726 17206 13315 14785 883 21140 6509 4526 3208 17061 1065 12811 6315 10383 7069 32089 21243 25784 16185 26072 32438 17669 27988 28593 9651 12298 6960 17447 25322 26946 4168 18947 28865 28817 20797 10293 26708 8608 11826 30472 12375 18488 569 15135 18211 18871 26639 25352 8970 11747 1100 26384 2134 27693 23093 20687 17811 28061 14070 25072 13584 21531 28380 32447 5965 31818 18065 30993 892 12717 32041 22568 9299 26343 30701 17358 19582 13934 341 8874 16495 12778 19993 893 23149 14177 16405 14761 14722 12932 18646 3943 18073 11311 12497 9736 26337 7414 1505 4898 3326 7204 31393 29793 29662 25478 18033 18691 20570 21278 4957 26034 3182 32014 14352 8822 852 28129 17370 22854 15535 5934 32272 3417 12521 4309 21237 17334 8968 2299 21335 31233 28083 17019 4045 4913 27597 7471 23585 28387 28787 5244 14806 27739 30765 25221 26165 26256 5997 18447 11696 2135 25538 9391 21148 
12758 9884 13128 10338 4173 13249 7158 24366 18409 8870 23661 32488 4765 25931 30566 16062 9627 8854 31037 13491 15542 11437 994 14281 14506 5053 25676 32271 23604 17561 23194 30037 19853 12687 29799 12776 27738 18320 18894 21139 15530 10191 3780 5768 28865 22537 1279 10304 5473 25539 2518 23453 29444 14222 10708 10647 13420 28512 5619 24164 1106 31900 12017 10958 1119 473 16136 408 24532 8066 394 14437 27986 26731 1586 24350 26055 29371 16593 14435 5522 27243 17541 9847 12292 32430 11235 6582 4961 688 24135 17945 6416 3679 16488 4109 5491 27707 14633 4608 20016 8299 9131 5169 22702 7628 19524 10068 3601 31446 16221 28952 25722 28313 21524 16443 28027 7118 30400 11701 19839 3860 3380 21121 5278 4133 15159 4666 7161 10200 30896 31013 14835 20484 10030 12980 18009 5856 18878 91 28923 29859 31463 23919 12581 7449 119 20201 32579 9431 31645 5320 32662 9970 29423 30172 21047 15914 23791 1877 25527 176 30369 1544 21823 25730 28163 14101 8686 26315 16164 29957 859 22608 12978 14438 11953 18702 10091 11925 10951 11757 11809 29142 8994 10104 11106 11409 30435 10437 314 10080 19818 14425 10947 7194 1944 4398 20972 3122 16951 8367 5952 30502 1218 20182 14272 24005 8666 30670 26831 31872 12389 13640 3413 26876 2949 11869 25213 16963 29011 13131 1024 9409 13861 31074 8856 82 24142 4624 12628 20082 9850 14618 24271 31190 10788 4233 17334 9144 15729 15821 15926 30306 31643 31362 4636 16402 25438 11421 21285 19311 20254 20432 13318 24302 6415 9296 5354 24808 26176 12324 24871 27786 1446 2824 10389 30797 29609 10648 22826 1277 11471 15390 28634 13950 28556 3270 22244 12960 11633 18791 26335 19281 1819 5781 26733 27495 30075 24979 16229 20136 16067 15004 24734 6547 30559 1862 29250 19014 16132 23002 15063 2310 28953 30908 2060 31406 2457 26990 25369 13250 4243 30530 17368 3278 19953 27310 26061 11198 19109 22299 7979 15033 22611 27544 29616 8063 8853 17346 17166 23231 12611 5934 2931 22939 17228 10288 4519 8767 24251 23780 366 12571 1148 16349 26606 32101 19826 30700 30626 20312 26729 483 18485 18988 8887 1636 11071 30139 2959 23365 20749 24174 16082 31783 1066 23446 26444 15331 31728 29867 15611 21127 28768 29545 29383 24227 27916 28937 21956 19159 15589 23736 12511 4858 22038 3260 4023 26835 6069 26750 12484 9720 24314 23050 7618 5985 18046 32271 
31966 8121 7228 15816 12284 14020 2535 31348 4173 15186 5216 3516 5999 29667 6162 15720 9171 25665 2906 7104 31768 21283 12601 4752 23694 4987 3987 34 11713 14919 27367 24840 8289 23810 12434 13191 21316 21351 13368 32721 24225 7118 24874 2838 27305 16602 13450 26992 9041 22643 10869 20671 17588 31680 27679 31883 11957 31897 14571 22091 13478 5576 19697 8772 6949 20418 10754 13220 9088 29454 2649 8427 29633 25688 24346 8269 31558 23439 15117 17034 24608 16657 5689 23600 2022 4308 28321 9023 9101 11255 8770 14116 13851 9859 31008 19410 26581 12931 31707 1012 21939 2746 14030 32685 24773 8730 7409 28481 20408 27874 28543 6516 15944 23507 3372 14601 25397 31890 11173 26472 1146 4491 29977 2387 7661 11512 18376 15562 32722 11296 29759 16867 870 21093 1444 10620 13888 8632 20328 23933 21495 10661 27622 12901 26483 25374 18121 24696 4118 23861 14848 492 32480 20300 13999 18673 31782 1019 22100 17337 15350 3470 16709 24398 26587 22289 8328 31280 15735 31117 4618 18859 30695 4970 23290 15118 18564 655 29169 10869 7947 25577 27026 16147 7720 11951 10384 19326 22596 2162 15360 21487 4920 14475 9814 30941 27014 26565 16224 12311 941 23833 18251 11390 20077 9867 25926 22742 22085 25612 26650 18851 26699 18521 30666 8216 28404 11909 16239 25632 31374 5363 13001 32742 26888 30168 21049 24634 3298 13153 26656 24402 4018 8506 12813 28947 31983 13327 20123 10889 3441 32083 22757 5291 9478 32001 14611 23249 24048 5562 14857 32645 28672 28364 8662 22589 3884 14810 15596 24039 4976 16605 22797 965 18363 9560 2095 2104 2478 21269 16502 18139 22701 4967 9350 18965 14842 20248 16405 19669 4422 6130 4430 6942 270 30250 10307 16745 24746 5445 21404 23505 19744 11466 16609 20608 1636 20407 9283 1821 26580 11725 14519 4390 15185 17173 25259 21838 27757 26380 20977 9142 12559 23137 2194 4564 17167 11624 14438 26841 14219 6503 12783 7458 19080 18806 27826 4630 21247 28897 2712 15982 8284 5681 29123 16214 8535 14843 22945 29114 8974 5889 16939 2319 25775 31990 11407 28509 9773 12762 2279 1089 4265 7676 7551 21444 30988 29748 3461 3802 22199 32756 14370 20666 4044 29821 1220 15152 6185 30130 23720 1941 20468 16149 29781 18815 14785 664 11035 17178 12390 26597 9073 1676 28750 32081 27348 3396 3961 27947 21164 20963 8025 32406 13622 5286 8689 26486 19742 23064 
29987 10457 16588 2528 15403 12508 5142 945 6622 19705 844 9437 17308 27562 16704 9400 11612 23201 5222 2352 20203 7084 1566 20401 129 21079 7446 14587 30057 1277 27949 3947 2836 31566 1963 10676 7537 25859 23409 31856 22973 8689 12645 17869 10731 9617 10167 24811 12682 18034 25003 26149 12027 17852 31383 25282 17485 2409 27787 26183 25778 19832 16656 19326 11177 9761 19773 22539 22813 4475 3722 6287 7605 27643 9048 22157 30824 10008 27443 29124 24213 21156 1805 31429 2486 11850 25067 3354 32512 30878 22854 7992 31065 12699 24220 10268 18115 16968 16413 7781 20542 18434 511 17001 12009 16468 6505 1893 16159 14147 21981 7550 29841 13001 28612 11663 26002 7647 1629 13325 435 21890 7117 14007 11414 13356 21635 8603 20911 10463 26964 12761 18517 25756 11914 20571 17686 2143 20421 23185 7215 15347 9904 13540 30923 21282 29342 3930 31657 15994 16837 24440 997 7378 14455 20615 16338 8753 17436 1081 19705 16659 5127 12157 17662 19205 7060 9150 3239 11419 26201 1764 31232 2709 11706 29015 10606 24904 25950 20681 9899 26889 352 3011 21554 14439 22056 16291 22752 11300 16180 6117 9288 31026 1630 24036 25171 5089 17375 20223 29101 10611 25072 24002 9038 9653 1732 31461 31400 21786 27787 2837 20487 23803 31088 26976 15353 388 31119 31430 24941 24984 18664 4207 17578 30506 18706 28320 9253 14893 25527 19234 10782 23994 723 20715 21962 8312 17803 25709 22408 19777 17307 24259 21631 21502 8862 18359 5856 17177 18143 22353 2651 30260 7833 12061 8149 19863 10477 13094 12658 14604 11336 27206 13753 31871 2992 16002 26804 19370 25012 9584 11279 115 15349 2773 23069 2106 13976 23278 8241 1681 4427 17825 25689 21809 11009 13674 19437 2890 32346 7998 4678 15494 31783 10046 15543 15253 31348 23773 25804 869 261 492 14940 28632 2914 23222 17467 3624 19048 28804 151 13433 2351 16986 27941 15680 30497 26868 13557 5684 7371 30420 8607 20980 9827 14497 27948 20148 25625 26832 14640 27919 8296 11985 17805 8906 28042 30966 21862 20829 19923 6957 4794 19398 4787 9210 18854 11323 29132 5354 9658 16113 13179 24753 11200 30571 12582 3155 18390 16002 301 28270 27700 31810 21785 24099 8590 23672 31398 22195 20192 19710 17303 26325 18528 17242 184 32599 85 9172 24600 23750 15215 28207 20013 9424 30608 21748 22962 26392 3856 6920 3482 30812 550 1633 29453 28667 
27396 31331 18260 3591 31316 19891 29422 10800 15831 10538 4570 3916 2067 21291 6340 4828 110 15347 19673 27117 13108 10533 13898 3526 20152 8017 26822 1202 23768 415 75 2089 24390 7308 16767 29255 5655 21096 1459 2477 5853 2624 30248 138 17733 32340 7857 492 3806 24731 22768 19831 21725 17263 3943 27211 21071 12482 27859 14455 19926 26309 16153 17634 14195 6568 10860 13677 25749 12988 32324 32655 2058 8055 2089 26666 24894 17633 2889 15163 6025 26474 18792 22733 11241 14950 6933 1408 6979 10402 13220 745 665 24347 12947 26833 9176 25811 24814 25824 31644 20830 16360 22592 30019 13032 14342 24675 19626 27345 16841 880 18914 29586 5727 26780 31833 10474 19921 4168 27488 3455 15837 2646 14690 17670 1870 22057 1809 30829 3063 8906 8384 28004 23818 14452 1488 10562 16858 17550 29033 131 26433 28034 31009 23021 16350 20851 15226 17249 10977 15015 30971 23436 31373 3826 10944 1038 20062 17047 15291 10663 15063 32726 31060 23126 1564 30948 1633 23475 19467 13587 22202 5203 19076 6137 1600 27934 17876 21169 20718 22595 11884 6793 22541 11667 14472 5571 23025 21372 24254 29042 30499 1482 3612 10492 14195 27760 5201 17393 28805 4326 9800 3580 9671 24788 17996 6090 32467 27521 9120 2531 16705 27866 8794 28622 14782 18895 31973 21151 18743 32129 5178 21905 20877 4664 4421 19712 19017 1484 32604 19371 2120 27573 28454 31338 315 3311 9886 7797 22372 21304 6205 1452 24794 31757 5250 30251 17618 26627 12554 20728 8512 22311 21077 29062 4124 695 19481 16114 899 19760 30385 12936 10934 13766 12902 8442 14586 26144 30567 31060 21617 28944 5684 10474 22397 21751 16451 20715 30115 15810 28136 21524 17195 22481 4567 4914 31111 2811 7155 21517 29008 10579 9426 24930 28361 13805 29963 22325 29075 23296 6533 11754 15970 3377 16616 19811 14732 10215 7874 7771 26826 7740 2894 3350 107 24831 28645 6723 14234 30001 16420 9617 24654 25891 25980 16549 8848 26208 7757 29991 22013 17436 3718 8222 17193 6334 13549 14714 18437 10855 18908 3169 4057 26980 3321 29750 26513 23862 7191 31168 28735 6562 24510 19687 30138 4665 25810 23038 257 21308 8433 15891 377 23521 32365 27719 30023 483 7026 14031 24380 115 23294 23831 15502 3538 6013 32030 14304 28185 32527 2519 13803 8891 23752 6801 28924 28744 10535 25815 16771 12832 32501 10544 29313 18206 6784 26556 
28677 168 17768 26177 20791 6889 20370 16393 16798 28390 24778 32280 28249 14548 10416 31189 3056 8544 6592 13465 12693 24349 20523 14159 15499 29722 25223 16354 22533 28364 19176 19335 6423 1081 31077 28791 12955 20950 6267 20253 32062 22557 31693 22300 20634 4295 4684 9076 19769 31700 5653 4232 3278 26493 21013 17254 30472 12807 14962 21957 30104 8791 28424 27026 30707 23155 9415 6999 25692 3778 27038 8606 428 32007 12827 8063 20530 11673 31360 32281 25902 23227 23321 11669 28123 16597 15406 26146 8529 27610 13693 13164 19413 27140 9252 7377 374 6355 26738 5738 22067 26954 28513 14208 32348 26848 31377 21515 29686 25161 19067 4202 11230 7898 17899 17920 4082 8557 259 32761 27860 24195 12075 22563 26808 9924 10902 18993 32270 29046 23685 18612 138 23665 20040 19003 21695 32694 22804 32611 2427 12947 17953 2639 17729 22267 30068 11418 30251 15734 1111 22929 25627 10519 24515 18057 20146 30995 25219 7257 13039 22604 5961 27019 24525 13203 5337 30749 25048 3439 7799 28360 6428 3629 21990 29691 30932 28468 32580 28497 26233 24130 12241 8978 10580 6627 23552 20817 14748 13032 21032 30179 8595 2252 9272 20856 28345 20389 9076 24921 16119 12631 8688 18209 11341 11 218 23523 31369 31101 3476 26954 16334 6318 3100 28237 32095 1423 10188 12715 5115 27385 10381 8091 15007 26923 84 31125 10562 16321 9497 2001 4326 5764 26086 13403 7934 3336 16298 18844 16621 4899 27638 9407 13620 4067 6180 30544 12654 8300 28323 9284 15647 26892 402 7414 16309 10823 11784 17574 6834 29497 16 4861 28080 11744 8678 10730 21765 29186 29895 3583 15904 32389 27513 27940 10051 574 24319 31553 12776 3464 20208 11704 26709 20792 8574 25740 29366 12124 710 5074 14118 30958 6831 25280 20017 30127 31157 5066 4253 24080 20679 9973 837 7115 15880 28013 5734 29858 31558 9971 8209 28015 1224 5958 5743 2891 16773 18347 1302 23485 6046 1763 28389 4555 15272 29176 6588 17799 19524 31074 11953 19391 366 13873 20129 25701 15002 30683 27260 10799 30416 6339 5574 9637 15895 1970 5759 32547 24225 3275 26474 29552 4075 5494 5927 24189 19204 14693 4272 11246 24819 8487 31857 18446 10761 3763 22754 11383 4455 18021 7830 2748 18181 32195 24657 20443 16358 27463 1238 27663 13258 8860 7586 4843 29370 23865 1073 29380 29202 16222 30317 491 28487 9797 20562 27196 29983 31720 
23844 13681 1100 32587 2965 22124 9059 20340 10610 8809 30161 17152 17222 8673 16905 17885 17557 29578 32460 25883 27081 21699 17576 5258 25932 14992 10666 22093 20042 18553 8659 25175 29293 31889 24289 19758 3618 1757 23041 21571 31996 26551 3562 16532 3813 1198 32098 9483 7619 28827 32738 11514 13304 24104 17572 23529 10588 30242 15229 32164 30091 1475 18452 22388 6282 27635 22783 4442 31893 25727 11877 11592 4833 8473 15778 2871 8358 26523 10777 30663 8 13101 23553 23182 4303 6001 4595 6344 6474 19776 20814 1677 31375 16325 14194 8949 25006 4688 6645 3025 5509 26744 2629 2264 13316 21729 2638 16897 16984 32606 8310 19049 9806 3725 19960 4060 14232 23579 15875 32046 7042 2711 19413 31682 4947 10011 7401 11245 15809 23816 4005 23329 4169 24227 22808 22174 8962 1491 28020 29562 17131 28238 30035 11134 27092 14618 4253 16738 21352 2496 25185 24041 4648 16840 28849 11990 13152 6550 23357 8302 32645 8449 45 8585 906 5933 30451 212 22327 30100 26520 16013 1524 14786 16023 24175 19872 23620 28225 12976 5585 29829 7564 16165 18388 3423 18181 900 24912 10473 23777 13533 9219 31075 6955 25060 23792 31931 6378 8416 18125 23342 21490 26873 16054 8377 8170 28483 17601 2317 3240 1562 22221 3797 9433 22720 25953 11802 20375 5745 32545 14993 6404 15389 5698 2808 10288 30203 15802 10473 5800 2691 11943 28413 29968 23788 13510 7319 26114 27954 24363 6615 9676 5247 20062 9172 6343 32344 2483 5190 5212 25178 520 26175 26397 10234 6285 25862 15609 4853 16684 4547 25682 24942 4811 18086 30413 32416 6437 369 2402 17557 18195 14483 9531 24715 27936 27462 12899 16979 21619 25487 20785 26598 32299 25172 27145 16380 12671 22795 15952 15780 1924 6543 7663 25587 17872 13451 19062 7066 11889 31433 10863 10870 18432 6223 22525 7080 20844 22958 19954 8276 9334 21836 17675 16831 25313 14881 509 23598 14586 7053 11516 5303 25816 6866 9382 28451 28444 27618 12918 27543 23040 29355 16897 9177 14543 21406 22656 10281 10436 32094 19812 3242 31987 18416 5171 29331 31925 27147 1776 8885 29902 22110 23440 28789 9440 12975 15594 3567 10265 23233 30044 21651 4292 29918 15924 28088 19695 26001 15182 5194 32436 5234 6709 118 8207 31312 18527 24425 21589 14499 21583 27679 19334 997 21755 30728 9951 19074 32336 27476 5604 6284 7935 3683 15295 12043 23221 17658 
22774 30297 22578 26855 14841 20593 6845 4187 2327 8707 2727 17846 8523 6376 25702 19967 5687 15800 8467 14755 19849 15129 31884 24116 4842 25530 31176 15651 16304 27161 4437 14871 22726 27694 22761 8082 6605 2643 19427 10314 6520 30131 4344 26627 11723 25786 9443 3676 574 28012 5703 30574 14482 24256 16646 10878 11668 8001 11070 26424 9305 26173 14035 4398 14777 20655 32560 27604 11456 30498 25419 11466 6253 1126 30420 32506 10318 22000 11201 10452 9646 28171 662 20085 6350 22709 254 2576 29913 21769 17913 27127 21160 2778 14045 9046 3242 25175 9306 25044 4844 9127 1882 29136 7907 22157 12542 22853 21701 18910 32413 19698 16596 29518 30181 17366 17451 2838 11530 21064 5513 10602 17312 15944 24083 11025 13027 25190 3650 8548 17838 17203 9425 4877 25377 11980 14643 32381 25618 2805 25203 16885 6517 28953 21195 819 26495 16229 19203 4745 27231 1275 4476 23522 13495 14019 17632 13407 12230 24418 23742 21006 29183 9731 14136 31 11006 23877 23403 7842 20589 1345 7693 30070 27131 2362 12336 366 9843 28552 19289 11359 25152 17771 15492 11857 3243 21096 26172 29927 1404 11591 21105 8517 17141 27312 32693 25954 28878 28815 13496 2172 31448 5779 31036 28856 22856 32484 24582 71 22043 15775 24927 13237 21707 5429 10233 26252 3503 10496 29246 3057 24790 29733 30670 32505 29936 30609 23507 19271 15922 26117 7828 2132 12388 26589 507 1879 5552 2630 18157 26345 1945 16060 14449 7267 6224 27598 24348 2909 4752 20662 32724 3304 15531 25315 19167 28413 118 11516 17289 12872 29678 8155 13206 23212 8376 32362 16580 395 25210 30107 26474 15360 24944 19137 9038 29117 6821 2568 387 1195 13043 1123 27567 18523 2434 3705 13310 27836 13046 23287 14735 6810 2738 2325 16242 3963 14006 14097 15578 24351 14952 4890 30984 29183 12762 21395 26440 6787 8294 16854 25290 13948 15340 26697 2730 22669 19941 8901 9830 26690 14030 2998 27608 2548 12106 15739 13665 8908 31255 13201 32535 21612 4198 23064 22996 7846 27326 28199 32211 11807 12309 112 24371 7533 12860 2498 1853 10739 30855 30592 24000 7194 15269 10874 28123 14932 27583 18102 5736 31290 22942 32014 15217 16229 27668 19439 4687 12472 17531 1234 6279 24117 12196 12060 13850 18583 2689 15983 25244 11677 14824 31742 1746 32114 27404 24124 9634 24998 11127 22671 17329 8147 26564 24938 12810 7317 18337 27541 
13901 12743 6810 5501 10699 25641 20927 5893 2856 28278 32636 26462 25708 12141 26927 18268 9138 30719 10568 2450 7697 25002 13935 23480 2491 25447 8803 23687 7391 21200 19088 29710 23544 12052 29037 4807 26452 5210 12120 3624 15570 10706 8435 19691 2789 9248 15316 25777 30475 3858 6620 11696 3246 26983 17735 7509 31585 30716 22389 12566 27200 15478 5402 1537 8816 32677 1775 20384 12040 28716 15811 3888 3248 28313 1978 31595 19877 25461 21325 7732 75 16461 6015 25568 25328 30400 25720 428 13340 2961 18933 31572 23551 30480 26203 29114 9359 19579 31462 28973 31552 18083 8451 446 21005 2990 1564 7004 20770 6384 25603 16857 28969 18122 5814 1296 8427 13547 14394 6126 27654 9655 3256 24097 11000 25405 13771 19546 25663 4714 2845 14533 456 1085 8474 29168 21584 1916 30377 27494 5991 4678 28392 19509 19025 29913 8004 24857 25481 30928 8785 28979 16895 8370 24336 29391 29665 2798 29935 26462 21422 24779 12218 30656 25905 7072 15795 22139 27796 21803 22909 7574 2812 30963 3921 3448 3588 2757 6489 25211 15326 27451 2123 26587 12168 18708 29677 27039 13284 13871 12999 17682 12793 17735 7985 27770 5155 15550 7259 16594 21547 7441 4556 1380 24613 16518 17241 24901 22157 24904 9814 24744 3263 5679 24686 25729 18915 3124 16712 13801 9655 7637 28175 10075 9272 25885 11737 15771 7070 16323 28109 28995 4092 8788 29876 30015 30587 12187 6344 25161 25387 26982 23515 15766 4106 9146 24007 3228 1682 25555 28288 15566 23989 17091 10112 3980 279 30847 17934 10353 2505 10598 32498 1860 21167 17472 31502 31837 4893 25845 30477 17714 22295 28102 11827 1701 12455 24175 7658 3530 9089 15071 16428 1164 10950 13298 29015 947 28542 32228 20911 22578 32501 9089 23496 30636 19254 27446 24486 15497 14036 14621 28772 3940 9385 4143 23004 11649 14407 22407 13712 9553 11965 26176 27076 8592 6454 31437 1894 23329 27853 25506 29878 4045 25150 5201 8925 27444 28549 15287 32416 20209 9662 23255 29435 22311 22322 27919 1677 13919 9255 8509 3849 17916 28188 20164 17955 29577 18860 12817 19063 337 18535 23496 31528 13709 26149 23179 25348 29848 21550 31404 20555 4306 14748 14499 28728 9046 7219 1311 13063 16483 26405 19501 1936 6044 17426 3481 25262 851 26128 29420 14354 30930 7932 25565 5656 1499 20472 719 7087 7259 18827 20612 3557 9668 11754 23151 8775 11900 
25819 9612 7552 4117 20575 13362 25917 31109 2348 8628 16764 22468 9482 2542 18175 4036 3249 29996 27838 25249 19599 30138 26233 24843 14279 5567 13496 30832 31730 32211 17928 13967 28045 27813 15733 16584 13452 19124 4179 22188 10757 13431 4872 31415 6420 30035 8797 28001 19997 8318 29220 15281 23574 22272 15085 11202 30460 28780 17750 7616 13041 29793 22817 31447 12094 2838 28704 4401 17781 248 30882 12542 19726 1878 20427 125 9068 7847 6733 9745 23650 25197 32446 31757 16684 18985 3182 27042 1955 13633 19809 23798 17869 27645 24002 16447 31536 14018 11380 28313 1222 16742 15869 253 22310 22826 2063 16688 190 17888 23250 4601 2750 21043 11584 24405 28038 30354 26101 12661 30168 24291 7625 6593 2816 22227 22863 401 8538 10949 3960 22605 3568 21546 2009 19710 17548 28054 12226 26650 27468 14017 20557 18713 14294 3194 25077 16289 22369 23235 28625 15902 1513 2222 19194 26945 31235 16624 12629 16473 29999 7051 8208 18418 4580 3924 20928 8150 16927 22846 888 11635 11676 10173 151 2160 31212 31475 12427 1769 17207 26068 10311 15542 5356 27898 10183 19722 5838 31657 920 4007 20246 10535 5805 464 2626 15550 25718 30198 24420 26123 22435 4051 3696 9597 25747 18472 20209 982 25133 7281 14131 11543 11706 20248 5681 17272 9526 29232 31417 11048 8149 23791 29630 11784 7220 19321 32513 27324 14812 10605 21568 20776 29540 31346 190 10086 18146 29213 23451 13515 15749 25194 22460 15213 23576 25695 22681 31618 11355 9258 5389 3889 27700 28215 24351 15679 23498 2725 10107 25958 27591 17601 30251 13525 11572 14925 20530 23211 20152 12611 12415 15683 13078 14333 3515 5067 7998 22399 26722 27534 9484 21562 6011 9769 26876 3026 11602 26273 11298 29700 14147 13394 2551 14000 19667 18692 32042 13806 23329 2774 19948 3026 24599 11368 8852 4726 3138 15997 12973 8529 10520 7581 7209 29640 27577 28680 24592 16210 31982 25693 5845 30639 29671 5057 5000 459 2806 31424 28927 28584 6875 13825 4562 7016 18551 29117 30993 31807 13633 24840 21091 19180 23823 19172 2732 4904 27952 28486 27618 7125 30963 24365 1125 27882 22980 12683 5772 15497 32053 9990 20888 12429 12953 22798 9089 24777 19397 3169 10637 13558 2846 28507 9519 16417 5443 7233 32010 26603 11872 30580 28518 32001 28747 7270 26241 8910 4588 7962 18061 30152 25594 17877 12452 21864 16259 12739 32013 1850 
16654 9495 16017 29199 14677 11491 18883 3456 1545 7559 12020 4613 4723 16608 7837 20445 6302 26993 3183 27589 29906 10392 18872 959 26227 30603 11528 12220 2447 14367 1032 86 25623 14133 6188 32569 10764 8478 10565 24111 8529 871 28847 10723 22380 24056 10995 18182 30455 24123 31702 22316 13622 13547 15698 14433 105 24849 32666 27367 13473 4021 11470 7305 8537 15574 12370 2097 22931 17456 8838 8122 27043 7839 20117 5815 29371 30696 31978 2779 19659 26187 29686 7298 5258 11044 17745 7669 31999 4040 23557 19048 19426 17686 27582 8230 30120 21775 6593 14056 30716 11499 18839 29614 20663 31747 10640 17318 27966 20920 20240 8859 616 28243 18249 7333 29487 12955 189 30559 24616 10388 20399 8094 18694 14093 2757 13647 7289 11471 17686 3094 17465 24919 3473 17897 14017 18397 21651 1169 15590 3733 25091 2364 5360 18135 15534 22487 4757 22428 27242 5148 29804 10545 10211 17556 32732 8126 29930 18589 11878 6634 31273 17686 31463 17629 920 25116 22481 28159 29445 22109 29466 5252 15080 22272 10209 8932 29720 14620 18518 19554 13817 19823 17042 17974 9124 6237 17083 25901 10435 2796 29490 27653 23913 19341 4220 21649 8434 23009 9252 26942 32041 27536 6719 9958 30822 9726 7511 28636 15088 24786 3762 23594 11110 12152 8611 17306 20656 1963 9647 13270 9875 11654 11563 10050 21116 23295 619 11362 20280 18126 6251 16380 24083 23102 7172 28669 9479 10069 1594 26443 24043 10186 22856 1645 29205 30051 16495 11364 23944 29004 31976 18737 1987 19970 18286 21484 21999 28919 27897 2750 25305 14090 6433 29266 27625 21996 1280 275 19347 17762 2857 32060 16473 25481 1035 5263 19444 23329 12729 22779 12410 13381 29582 141 30125 25966 18020 18714 331 15573 16098 18014 18409 19391 21804 20088 20703 15502 15112 1081 10692 30426 24097 10234 30440 15134 16364 23400 30776 26323 14254 11274 12332 23154 32746 31330 5988 16907 30001 1916 14183 5608 13404 15406 31386 27447 23020 12822 842 6354 10779 22031 3242 20141 7000 13433 834 16456 5152 16675 26038 2316 6324 23185 15808 22032 30229 24183 1928 8182 1929 21905 15098 5244 20457 15674 26406 7420 8506 16919 30843 2696 7069 456 17797 19367 23814 9035 2872 2548 18377 3902 20464 94 28466 13442 7443 22620 24150 11566 23348 13735 15382 1988 17689 16810 24218 14 25687 11914 32486 30424 4820 31033 6963 23349 815 19044 
17589 7229 24211 3778 21080 25950 21024 8355 30007 6139 21866 11122 7000 20584 32320 30320 14378 18510 25596 23643 6888 8051 4657 29799 15640 12363 18293 15447 26196 9146 18686 9838 1417 24615 24417 22479 6308 2772 13611 8982 6274 3749 31231 1161 8353 19289 29553 30965 32647 9448 16011 2104 12452 24258 29490 22357 96 14062 2513 7584 8121 30737 4646 23845 2919 2633 31563 613 2835 29708 26061 14104 5179 15425 32724 14792 22447 32506 14382 29612 6848 30815 28283 846 2587 7771 6411 7842 17849 28504 1827 17663 1220 29997 22389 8027 19726 32181 23097 31947 6313 25662 10285 25944 7915 18924 15142 32063 6070 31852 13396 8952 29397 29562 28164 32760 31151 24282 30757 19805 13711 26689 18262 25708 6152 15674 15162 5322 1173 18226 26700 21092 9629 23257 3446 32022 8275 2602 364 327 17513 24597 15897 12284 13954 19308 7909 28002 13633 23780 22172 4631 28533 6331 14696 18093 20170 29252 17529 21649 28372 7751 397 16716 29941 18721 10139 23355 14726 30681 10462 13608 14216 27318 3153 9026 19211 18769 6430 24888 22626 16833 4281 18156 7278 592 7722 21609 10233 24855 25733 11246 23441 3758 23881 23327 10292 23461 24949 27033 30540 1960 14782 5789 21473 28640 9343 1635 20594 8612 283 19611 7122 891 9398 21261 6526 5394 26091 5345 10886 3857 31903 14262 23709 19096 26082 10347 30992 25782 20387 26823 9944 2163 4174 20861 12356 3477 22547 3624 894 11088 17659 6112 13482 28425 31878 30156 32596 32264 20194 1732 22407 29223 2627 23370 4353 22099 25017 1811 13027 23072 26312 5929 28813 14248 29674 25762 16401 26816 32265 4072 23773 4917 30988 8887 3 24343 17401 29958 10853 9300 15770 31549 1411 31057 530 16666 16781 15344 12790 16706 3010 29355 26271 20225 23168 30566 26741 7417 6151 5881 4571 29567 31711 10299 11399 108 31693 18025 27470 4894 1282 19421 10981 3673 22802 30573 21889 20741 5749 8052 20395 25552 14738 10528 14404 11552 8769 6045 26316 24383 5558 17111 10891 27723 18823 9912 27285 7598 14905 23271 9398 19065 19087 12582 29233 29757 13234 27795 10134 16404 16246 20386 26364 11763 24329 5949 26320 11910 13140 6848 20053 15555 15046 24064 6486 20546 23648 11142 24847 31146 32377 9812 23305 21719 20307 4225 32420 8419 8601 25656 4413 2901 3524 26792 15781 31835 21901 32513 31142 17873 14139 14612 13809 32233 28853 5366 23530 17598 
8349 15371 31803 1384 916 10885 18247 2502 21700 7954 3403 20105 21397 22589 30667 25910 9037 20496 21399 23376 14512 1663 20270 25879 12036 26651 2108 10834 31043 16344 3931 355 17478 3996 29199 9294 23785 23720 400 10406 22761 25394 11001 18039 27438 32200 31108 17776 19782 1136 20930 14194 2626 447 22864 1531 18741 21003 23602 1767 6674 18463 30506 25055 5082 26190 30447 8984 180 833 13679 13633 17611 28018 23968 9636 3788 29847 19368 30223 9064 6731 14385 7969 2047 29283 6345 18660 11911 15152 8393 9253 12120 22497 15415 7307 5128 1016 15710 11915 24215 2187 6616 1594 12105 2381 8859 17735 23815 7025 1748 11246 25208 22913 30749 15100 4987 21380 8180 30522 9799 29463 22228 3476 29393 3487 17352 9668 24320 7406 29220 21442 9750 19957 20989 18212 8754 27532 25278 15840 10783 4552 13664 29251 18800 24621 26377 17936 20572 28511 17497 6281 12812 32455 9086 7996 17003 17827 18367 14961 28584 16284 19063 353 17936 3134 30764 7147 944 20788 9733 22940 9435 13221 30530 19282 7545 5978 18276 6475 9509 14640 6048 6585 25739 18709 23861 21082 7222 11094 19144 320 6292 13869 6922 6506 20747 29870 19403 28521 19711 18810 25008 3905 23623 19412 18411 131 17353 4115 21663 7492 21842 10746 3695 3117 31666 27990 22018 32476 15217 22613 25996 16443 375 15220 23652 18341 10171 12625 22713 19048 21229 17535 6123 2930 23440 24009 18890 23970 13868 6475 899 20450 7822 20913 24733 5712 7083 1281 32493 11461 1162 8561 1960 7861 30408 25318 30110 16668 28510 17873 18970 22776 797 31194 538 23971 29596 18066 27141 16743 7268 32540 9549 16509 26416 8366 25691 11435 21559 28283 24021 8991 20612 18818 31777 7429 3965 15457 6259 569 1562 28218 12011 1176 5820 18578 14917 16674 3990 29305 15800 8491 16326 14503 30895 15255 30869 22244 7841 362 26711 23303 17063 7799 10938 13971 6720 27281 10270 7185 9841 31430 30693 8749 8373 24538 9728 11651 25902 31589 25415 29370 10690 11958 5521 21099 21583 8875 15908 11966 3015 11960 14078 20434 7755 28409 32713 15548 15174 24966 19354 27002 1875 13723 7467 16654 29080 3891 27589 5071 26259 23653 24231 28669 12940 16383 1314 9635 6401 28844 8295 30051 3926 17202 30988 31115 29007 22622 28253 32488 8010 5899 25038 31037 9225 17443 25881 19124 615 3563 11158 11134 32669 10585 20618 1168 977 19880 
16098 5928 20040 2311 15777 24230 20855 2054 14867 19263 21064 17066 28983 5049 6585 957 28651 24405 24151 20859 31892 13395 21971 4127 25458 20662 25416 24562 19156 9839 17326 14470 16426 4604 26150 31097 16138 19781 9846 17049 23571 5033 7923 9041 13913 6731 582 22537 21355 5328 448 20081 10422 753 20269 16797 13489 22469 13844 25108 20422 31353 24648 25554 23627 11369 19238 20745 22281 14783 21735 1945 4614 32750 14394 24247 12715 12438 5076 1188 13268 30801 6081 19843 3802 30428 13280 23266 28932 26514 16282 19484 9639 3006 7554 24493 1328 516 3934 4348 3008 8766 12424 13758 7683 2832 12755 8168 648 16533 32596 1263 4674 18419 26218 24414 1529 15417 19462 12391 29096 29928 4339 14652 1586 18119 21120 25126 20918 30011 19221 13396 16255 29620 17092 21555 9332 16263 1857 30511 15608 2080 30577 524 24331 17207 8098 30391 22686 7307 26780 3699 22829 16679 27982 5328 26828 19302 20179 1011 6491 21704 1471 23382 8652 23467 29954 27075 32273 27739 15224 30892 15100 31718 12376 28087 4380 15112 11186 11190 31330 24430 20634 19722 12538 15866 15497 32704 13241 22562 19344 3882 3801 8152 528 25469 22600 12559 8755 29998 24107 9098 21335 13466 27972 32412 30803 18749 4046 14499 20179 17229 26651 23332 962 27491 21794 18592 13550 775 25292 22554 4360 2520 16047 15978 10213 25138 23191 5472 2870 29302 19766 5441 10673 22776 1742 14426 10401 11595 32025 32371 15253 21769 18870 29943 9363 21680 6229 6902 8590 20731 11316 16403 20431 21430 30726 23597 3527 13667 12860 19821 30976 25169 26597 16802 29060 16614 32306 24982 11934 18248 18039 10180 21964 4282 11090 9976 4481 15044 24726 5170 15489 16677 30270 9615 25556 30003 11377 23669 9507 18257 25463 9422 18122 8663 3804 29517 4916 18071 22962 5809 7072 15300 4444 8226 25934 13168 27880 13272 22819 1152 26979 8799 24796 3491 29157 32208 12898 11775 13504 32546 12519 27887 11014 29937 14747 19087 8328 19508 32047 28146 24796 31586 6940 18729 12584 26706 1257 18206 32347 7021 631 16434 12475 17994 29897 10492 7187 16613 32431 347 26929 1687 27549 31673 4424 23999 29620 19342 26084 5630 24882 15554 166 22062 25921 9483 15474 6040 24125 25276 16795 24980 4392 6548 17628 16543 30809 5158 13708 26078 11960 2373 6927 8064 22115 10786 18679 11372 20353 17227 26618 14036 28075 27364 26692 6695 31140 19859 
871 32372 6030 24464 9074 27730 26906 12233 16466 8386 19069 9326 1056 19886 17216 4834 12284 19083 30154 9898 6895 17847 7090 24594 1509 16947 10482 30358 28646 16543 1245 1208 3760 32338 23995 18438 27140 8675 31999 12191 29530 17115 15673 32432 15061 3821 8079 18471 2892 15888 23645 12219 12463 26755 6827 12176 18148 20453 12261 8074 20666 25374 15034 6677 16396 20109 3042 26116 15537 25765 26576 32150 26306 30005 13989 5128 27035 1693 3981 24004 696 18481 28118 29609 27775 11978 9278 20649 7460 24499 20266 24371 21928 3326 6106 9314 26899 6022 4271 18915 27862 8085 28500 30470 18104 13420 17261 14004 28032 3933 21527 20536 15865 7749 27459 22424 27232 17924 18414 15687 19222 27448 31927 25963 18665 26094 26079 24525 4540 1674 7655 6768 25971 9936 1441 441 22634 10441 32133 25869 24122 28843 1391 12793 9235 31939 32320 32759 23447 17535 7815 4574 31201 2008 32097 17340 25297 13100 18710 12750 32650 20217 14130 23206 16183 16848 17647 26309 12308 16234 3911 24683 14696 12543 31669 23453 17413 28758 21867 17554 29837 26967 12423 31990 5304 745 27933 13225 20920 17081 4216 32353 10742 29707 15877 8132 7960 25257 9925 9313 10666 11894 19169 2016 2871 19166 25854 6150 10552 2874 13703 11090 25679 11030 5587 24370 17789 18844 13049 749 20148 23660 17511 4773 28902 21920 8897 4778 1246 11500 7129 22907 1272 15941 6871 31748 910 21813 6378 21926 6184 26916 15240 32567 15513 20570 1998 8987 28070 14242 20631 9038 31454 29614 12284 15943 2779 13937 18384 20517 19586 29946 30749 13239 8294 32374 22459 32635 5113 28710 5715 1864 20584 22070 7041 27084 4672 3302 21040 29435 23678 28764 12045 9431 20929 32758 2821 18567 28322 4323 1232 24626 26756 27304 16585 5962 7412 4558 15157 30306 11690 1309 5341 88 16595 10254 22881 5380 5253 20137 21742 29941 31819 28985 8148 4863 12953 10193 30078 11609 23392 16396 22487 22738 20109 18580 29055 22465 28619 30716 20245 11172 792 780 21893 14018 27875 5027 21966 2011 10947 11960 12513 15224 17147 28698 9030 15339 15494 23196 10885 27905 5023 4076 24161 28003 5628 11442 7564 11955 2932 21846 4899 30055 20642 19969 32078 30254 30534 1539 4903 11203 18046 32273 1779 11466 28189 2967 4127 18864 792 15286 26591 6685 5269 24969 21053 24999 16423 26113 23383 9654 939 8670 21604 32041 19654 25179 31528 8194 
8795 10065 25028 9690 14475 10465 26913 22575 28421 22916 3530 16669 11161 19547 16739 7730 8791 7569 14460 14690 18609 13397 21033 18134 13970 8939 16423 26177 10899 16641 30738 7294 16001 31422 7932 8348 8412 30829 843 22312 28512 3791 18848 26165 25752 13607 27171 15665 7321 20037 25143 11308 20906 21068 4536 11843 10662 22065 18915 19528 6395 24427 26878 13222 5158 24510 25398 18447 22401 32641 15460 20483 18101 29459 28270 8266 10542 31724 19460 3272 4716 20473 20644 18346 28589 32591 12675 14808 32363 7500 18463 12235 30096 8959 28601 1851 32389 8611 12076 9889 5847 3692 14516 32582 24890 31878 13867 26871 29676 16934 23936 31452 27796 5906 28809 18513 10593 8991 7801 10182 19918 10350 31372 32255 3713 4164 4780 21625 28262 4245 26186 4900 13568 32606 7819 3915 16377 14698 2252 32543 9571 19809 9575 2685 16027 867 5845 70 22445 32262 1498 20553 9497 5171 4119 7120 31938 14785 16536 8157 660 23615 778 9942 13874 26307 835 29404 22969 32483 11859 4854 23540 17862 6768 8798 31442 16678 1850 5574 4067 8847 18496 27015 11079 10702 3669 26072 3518 613 21416 16156 13906 25075 23872 17028 21239 24578 28552 28213 14129 28596 13796 21797 22218 30693 9948 29714 29733 8012 10628 19366 7561 21488 12698 22077 4521 3550 7564 1074 2591 11660 24546 25531 17233 30425 24527 20746 28265 21936 11362 12945 14385 18271 31854 19966 18243 14768 16166 5718 4080 19021 806 17283 24991 11544 20973 23366 32685 20769 15718 31663 16847 1333 12318 15477 27021 18599 15865 12326 192 22413 292 17874 14290 29714 9965 2502 5821 8542 1864 3564 15259 7913 8040 30592 15248 13719 25629 6278 19636 15332 24593 16684 3595 28687 32419 14531 23655 9390 22496 2509 8653 5097 31142 29599 30893 31563 5119 27055 7479 12199 5012 26889 739 25572 11169 4105 14893 3591 13189 23067 7946 21156 8011 10963 19694 10948 4844 29843 18852 23741 30596 12475 18839 1186 3689 21707 17160 24774 18645 3989 27860 26799 32329 27283 13742 1764 28797 12227 17445 6527 25703 6626 30891 27414 76 16220 14744 18048 9989 6604 29576 9048 7592 29290 8721 28163 16506 10929 26156 20633 3267 29797 18994 19458 27553 8060 19801 9212 23430 23220 10894 19948 18069 2382 12087 31959 22213 15719 31220 30696 32108 7549 11417 9376 23054 13936 25639 17328 8757 3328 13841 24334 15925 5194 24187 15427 2680 29299 
18321 8753 11011 7938 10482 24132 32716 13894 23716 21879 6819 13016 2648 9507 2487 7922 20808 1146 8805 15783 8773 11406 32349 30843 22104 19874 15451 8896 9913 22464 11204 17776 24291 2497 3836 27013 15469 21473 9844 14913 25318 7660 23649 5933 23546 7546 5099 11364 29123 2106 25831 12141 14549 31722 20678 23822 24415 24258 2334 29877 3154 10929 26532 6972 11834 13748 24509 4861 9411 10700 4448 11856 7210 1185 22094 656 3902 334 18584 27443 15053 5629 24333 16330 8082 19296 5533 8315 6049 22666 24603 14251 28895 25155 3044 29481 13382 14044 5374 21189 20383 22112 13149 10319 8612 707 22737 4284 5117 23461 18381 21098 17662 17891 345 9954 7501 8225 4779 25651 10951 24477 2194 10049 27929 16420 14920 21288 30824 7186 4292 19736 2940 19883 415 18358 29004 693 25892 24925 32566 21886 30288 24118 8200 15237 27855 23914 1772 14907 9213 13699 22426 24856 32316 17176 11048 34 27532 32178 32373 23436 13322 15675 5780 14521 4863 9441 14451 96 7787 8575 26215 1845 12372 27346 9689 17153 8017 5788 25479 7128 7556 32350 11119 30041 10088 19423 14955 8587 29999 19255 22700 4093 28390 23119 3932 10374 25695 5188 22130 29047 3795 631 26158 17478 3560 13808 6067 2104 2948 5411 11525 12201 14360 9890 10769 30049 8209 4030 7705 12194 28767 9197 14177 16261 28892 29270 20951 4875 21038 26457 16492 32516 26223 19617 27485 23888 27519 26823 791 26247 28137 15417 31953 4217 20460 5501 21729 24209 8140 30750 16637 11634 32586 29141 9555 10247 18525 3092 19244 28867 29886 32134 26935 24928 15672 22814 30414 956 30909 1793 21578 11693 7551 24375 18204 2844 11655 14674 9418 16429 28588 22523 27953 32149 27400 1457 28200 10225 1003 25563 6412 26623 15919 11783 16706 20830 19470 7400 25486 32216 10902 32693 13419 11637 12484 17363 21600 23618 17340 24035 21949 12864 740 30549 26088 16433 1633 24289 6285 11819 11862 8202 18485 5839 32333 1611 10875 5615 20527 12385 1751 22693 8636 28049 2565 2695 24414 15736 7791 1607 14031 24015 29925 4513 23789 9384 28951 24243 3136 19424 662 15524 13535 18762 5080 16154 235 18373 20251 30064 5891 5482 20323 27524 22067 1500 20740 29993 27408 4260 30080 31915 30803 19757 25654 30451 19826 8600 9915 32746 4680 5433 3150 9165 16572 5717 4823 4045 15879 12324 27155 19613 25888 20650 4434 7280 8516 17182 
3541 30444 28460 8349 11925 1621 9510 3049 11999 3884 5640 13576 18220 3212 191 24285 11820 27732 21581 28561 13705 30293 21846 26575 13151 15198 5973 19890 22481 26082 25654 22555 16504 12567 21159 10404 25477 30784 30127 10949 20567 18382 9050 32118 14541 24031 4358 5410 16043 28425 9445 26779 533 7232 16907 15579 930 12152 7639 2953 473 10984 27122 24523 29558 13341 25865 27536 28100 6150 9681 14501 5358 15333 12423 26813 7114 31070 22793 17673 5669 32301 856 4038 14155 243 8712 12839 330 10090 25500 17467 5324 13623 14874 21651 2658 2234 29631 22629 26016 22919 26758 1276 19487 29378 4236 19219 28503 8906 29516 1153 12358 20517 16714 15705 189 30103 26339 15932 28617 1213 9372 22317 26551 16528 16992 18937 11363 28889 23701 26330 2321 3501 8270 26232 1281 24912 32321 18678 17421 1670 1649 10919 20932 8774 20951 1487 21208 23966 14326 17038 16672 19073 17188 569 13647 8496 11014 8547 24576 21466 10620 17211 6820 12853 5609 21417 25620 2549 10142 29841 10887 26274 13749 14104 22904 25836 29807 6017 28720 2267 30550 20233 11949 10358 12029 28387 25761 2647 24768 32094 10786 19905 147 1284 28408 24195 15977 8047 25073 10303 14606 4516 20324 18881 9146 11794 32122 7990 205 4123 30823 653 22678 30313 29042 9208 4004 16461 12157 600 30627 9708 24837 11639 8529 29654 19885 24263 1806 7539 23086 7944 31452 26498 14856 26302 6076 22753 17972 32291 24388 3813 23727 22493 9356 10820 26404 6456 7498 4148 5388 20532 5092 9947 28597 16103 27405 28612 32091 22621 9412 31011 5603 24670 21649 20530 16565 20898 11090 14849 1574 1378 6618 17418 20658 2908 1642 3731 23728 17141 568 1615 16155 18976 13597 16307 13308 8523 2238 25489 19736 13553 25143 22395 12572 5396 9512 10783 25115 9113 12393 11530 14846 28635 14036 8742 14198 18097 21735 9045 26595 18235 22079 23844 6813 25223 22567 14425 25898 11925 4961 31677 10181 22273 3993 25682 11780 22514 12545 5225 4246 30515 15895 10922 29565 22787 5127 31213 15879 9199 1853 25962 16917 28205 3703 26457 1303 7352 24364 9767 19079 23734 6717 21228 13151 12750 8398 5374 25615 2125 423 24708 20166 11723 20391 25928 32304 19490 16695 4811 19519 13799 10022 30131 24939 2746 24495 7809 32741 2879 21098 10662 6231 13645 10001 17025 30439 3019 29560 1772 21203 3159 22700 30909 12091 21545 23766 4979 
28172 23015 19147 29705 20470 7771 11311 12122 2631 20805 23621 19199 10429 26743 14663 27452 2907 2862 15647 4427 13727 6256 4986 10558 16267 31849 4947 25117 28613 21266 20385 2438 443 26802 16981 24873 25171 15639 3855 11258 627 25270 7328 18615 17981 28934 23892 3666 20889 2416 16600 30760 17725 32714 22285 17941 29192 10087 4173 11150 20340 21129 17754 19589 9141 7382 4213 8291 31315 20565 27753 22555 7274 13486 4334 4565 5269 20930 6795 28869 8266 4358 12302 32057 3873 6983 1660 16669 26725 31778 3108 27934 11258 6970 28287 25293 15143 10994 30824 15579 5557 6819 32203 27105 10459 15663 13744 5415 1932 23917 2714 4931 31035 14194 22970 14262 13894 7523 20722 5459 13026 3989 30628 5621 32627 8533 14283 7483 1484 21833 29540 6384 2950 17277 28967 10981 22296 23972 30563 31054 23579 15365 9149 6829 30976 8269 31746 11077 12329 3425 8374 19213 5495 31366 7452 5705 32136 12565 13102 11099 6535 14616 24967 22454 26376 25584 9306 7267 3696 28793 18460 5195 25750 6031 9425 12607 12754 13649 25282 29484 9901 2762 13516 5133 10811 8390 2789 17741 27053 9546 30350 15143 21268 16802 32004 8868 15707 31507 11424 21495 2502 13339 24253 13359 25744 31828 12025 13225 142 27168 9858 24948 904 31394 6227 17784 22980 19372 18270 23006 7056 28410 5893 4751 5431 7286 26146 3002 21805 24032 13542 13651 18269 29724 3610 31302 16170 21882 22404 13787 1100 12410 7061 8063 5846 16046 20445 27609 9278 23854 24281 6758 12052 2717 24466 4636 20129 18797 24065 10505 1234 1035 28884 26600 21531 9008 29684 15572 4784 6489 17388 25654 3924 729 26863 7497 13511 4968 18808 26418 11429 3725 30888 22040 25793 5638 1199 11107 19572 25643 19354 29723 4717 7879 15149 30525 20624 7257 18049 9293 19884 15286 13134 30767 8427 23109 15845 2429 17930 2961 2641 29578 31005 28547 5001 5199 29221 23827 29303 27959 8489 12833 2150 28196 27280 5873 23953 31840 21031 31264 24939 12950 3213 6169 5206 19687 6249 9566 23316 22591 6102 7024 2600 15365 27091 24475 21384 8450 19206 16015 5901 22616 445 12265 31666 12697 30599 4648 19048 17160 30386 18671 30127 10470 18038 29472 4086 1113 19346 32098 19948 27866 22205 1002 24963 17315 31540 2247 204 12984 14617 10289 14805 6424 25985 10270 31282 11807 29356 15211 22887 5943 4846 2871 32239 1109 24797 24044 32294 11240 
1606 13106 329 21747 7869 13503 16022 7015 2929 31051 32621 13156 19650 10969 23219 18909 29487 15965 21093 26329 24864 27394 2626 21516 28709 26512 2054 21778 28020 3137 30132 10525 12107 32555 19688 3546 32404 5917 7761 16559 8779 21625 14539 28442 12872 19419 17089 12321 24871 9200 29148 29134 26639 1735 31972 22438 6516 30523 23129 21536 15557 2683 31538 8869 6757 22507 12154 7169 14631 17984 26275 21061 9989 2278 2339 2850 10567 30970 10576 10859 1913 20284 30885 20381 31288 17291 12822 10811 1715 8328 17882 19185 24398 25873 26322 22249 31854 6781 21624 25734 19574 25061 26577 17642 32683 21058 13689 16788 13296 25743 10340 31590 5862 9550 4056 9631 21153 21941 5940 8229 3037 13763 29754 2697 23411 14004 11358 31807 4034 17616 8523 3466 11410 23847 4636 18785 726 1454 23427 20011 7167 14073 20512 2539 16313 28834 19621 25656 21759 9971 5102 32066 6768 17496 28346 2622 17780 3612 18950 26727 1112 29863 19489 26176 11603 17922 31860 29249 20554 23922 9885 11112 15304 15346 32405 16124 28744 31394 8105 28225 22266 32004 17465 8389 20215 2512 27405 7644 14909 27726 10556 5140 24563 20858 25616 23925 8673 25640 14451 22697 7846 21932 9205 3269 7848 10131 19025 26087 27835 10424 28290 12151 10040 8969 23101 24178 16167 27819 3708 16267 6683 6816 7362 19226 31559 5079 6388 661 14847 31253 20156 9437 15317 3895 6814 17399 1675 12636 17709 13508 24728 12938 23035 29535 32083 20987 12107 32530 25696 16086 2663 17939 7747 6700 4790 9574 13928 15572 7675 4071 19112 30460 28714 19207 7166 22166 22633 11113 25217 3221 19848 28743 19026 3193 20412 8154 16066 13733 30106 26874 23164 1959 3315 24299 3055 151 18979 1212 7198 16187 10052 13252 22140 31461 6838 25676 28569 7349 30606 5339 22293 3625 27671 4498 14206 6726 20092 8066 755 28500 30971 17835 2156 3662 21809 5064 22505 28180 29502 11329 15961 15321 25744 6194 20573 7481 722 23214 16534 26023 24254 17266 18341 22471 28681 11926 4569 21458 24929 31540 19797 26261 28141 20338 11390 23075 7842 12197 29452 19172 11853 7217 24283 10237 30370 15460 22933 28030 9364 7278 20272 4754 7957 981 16912 24858 29581 4312 760 7730 3194 17404 18142 8878 26956 17848 28974 26637 22811 1145 23889 4341 32613 16767 32492 16511 7060 31246 21316 23608 9882 32073 338 925 26924 26316 4115 12686 11438 17831 
30891 27371 8109 1777 20217 4542 13623 14577 9505 28193 6953 5224 23511 28571 4467 1752 19890 31636 25343 6159 17256 12358 24203 7310 2429 28293 11933 26502 17504 7845 20934 16960 674 31386 8366 22801 15044 20896 24200 13831 22574 18036 26544 6456 31707 25808 15415 4296 17284 22467 9177 23747 26338 31485 16320 13462 8596 15794 4834 8643 4969 29600 26259 13068 23663 18539 10458 16552 19997 2248 11468 2810 21519 6195 32144 4303 18712 24973 29419 14914 12895 2149 15703 3149 6760 31608 22315 25047 20775 22976 6670 31338 8399 25553 16070 32712 16796 6269 889 13593 9231 20441 26175 13513 25874 20929 12466 12586 14758 10427 15889 19729 8398 28587 13074 30780 20991 29335 444 2328 4959 14933 19129 11861 815 25428 17248 25321 9446 6654 20239 10971 28654 11004 32552 13194 32042 21690 11785 15980 8164 25043 23870 28490 6293 13022 28220 6971 28709 15435 1982 23867 26383 10213 8399 14651 4651 8508 12443 8271 24898 31844 7003 13781 6875 13931 4304 11489 26183 29199 16261 215 19050 7972 22302 7006 21058 25155 4112 2241 21093 12704 4656 115 11624 18490 11105 25661 3000 7955 28172 10393 30401 15126 22622 15678 6486 81 860 16763 1790 27391 17872 11309 17620 6869 7638 19948 4351 6813 15947 27952 20284 27734 264 17220 19658 23904 11185 2319 17933 7228 26361 28123 12627 5760 28572 5276 28972 18990 9146 15819 25876 5145 14224 3971 19038 7969 28742 18299 11645 7818 4163 27244 18328 16077 11459 26735 5249 27267 21576 13183 2758 10913 17725 31952 26690 9702 18293 8305 12007 23115 13962 31203 9346 2475 16847 18761 11927 2577 9433 28513 1779 5367 25853 14140 26457 1435 17526 11858 3439 8172 4990 18642 621 8405 4429 26815 23339 29692 6963 28740 15749 2899 23214 31474 14445 23751 26455 9887 20576 23890 25290 24380 32353 14398 19900 21857 1999 27452 12673 25302 31906 21627 22704 12318 3234 15557 31931 27509 30263 25045 32245 21613 31850 22110 24868 18640 17597 1863 21537 22529 9129 7503 1617 27076 27805 14185 29288 30116 21756 17823 12408 1793 5084 15206 10510 9258 13434 24137 6351 1484 3999 20530 28810 21858 11377 2018 16345 7847 16470 9081 241 21233 16499 18183 10207 10470 15182 11605 24992 2770 20510 21972 12220 12105 375 17114 4860 18624 21803 5048 8839 26641 1844 20847 7118 4038 30174 21336 22998 28252 20651 21695 20487 29113 4673 1561 19780 25521 
30717 7766 13652 21838 17959 20235 648 22882 10809 1307 1283 11183 2084 24628 28070 102 31045 5315 16341 21047 12515 13625 7461 2533 28679 11688 12792 23243 1372 30496 21194 13692 32311 18572 11383 32577 15412 26565 31606 30806 20877 27405 12050 26358 29388 18398 24233 165 24982 9292 6654 28853 11834 9562 18657 5571 843 30241 15489 20827 4395 19531 17755 2055 5693 5794 28985 2466 39 8976 7476 2058 5548 17897 28453 3648 8017 23973 525 10074 26122 14587 11405 22830 29250 31620 7677 18446 14925 8092 23305 29662 9928 22208 11755 10356 16109 22613 25644 17956 31219 22607 14422 31483 18762 7071 23650 13373 23187 24004 3293 7969 29990 26590 30019 15565 25155 29515 10600 16983 28736 12649 14998 15259 28815 5766 24360 1130 8524 32427 9803 18972 2172 2253 11103 13773 6526 7197 12175 4588 31565 9007 31273 17974 31279 11455 10295 1440 1068 18666 26069 30393 23080 12295 10783 31228 16517 31303 17073 19734 6625 31628 22084 28488 20615 15240 25544 261 18311 16309 15772 6929 6306 22311 23969 28493 8643 16426 2439 9381 17291 20803 26164 4829 8734 9338 18718 21299 19648 8322 14023 25709 15211 18961 8923 2341 16527 17857 8412 30231 23163 13898 27572 28384 32444 5779 15844 27295 12342 14383 22349 20983 6996 15150 18845 1329 32717 10324 6837 18270 16206 8818 15155 15328 19818 11497 15990 22540 3556 24942 11549 8981 29660 17964 15033 4027 15557 19120 18511 7442 361 8236 30002 3758 23766 11964 20006 5222 29967 25652 16670 22402 27359 12042 11091 6465 3439 10718 8681 18338 11546 22395 17181 12703 1193 23900 14751 19739 8408 3204 6614 15990 17301 8810 6328 28769 3952 8032 14354 3583 1583 16209 32456 14979 19183 28670 10461 13153 19258 24191 4670 13438 22288 21397 10229 32156 25759 4137 17244 5990 18955 11447 31312 5278 6852 32031 30851 7299 31014 31927 20553 10925 30521 29562 1515 21104 27959 5761 11647 28324 10310 19875 25631 27154 6346 12495 30098 21274 12864 32042 26926 14051 31657 871 31180 32663 17674 12817 13769 16749 26512 3030 29675 317 11102 24951 9887 730 3935 27891 20977 14444 6531 1053 30888 3076 17205 25656 2355 2232 25275 25076 13281 3864 1493 1336 14599 9762 427 27407 5667 14299 10307 32692 16154 10747 12537 5157 2886 3404 3715 20221 31086 4320 29495 22403 8835 22350 19936 11418 30538 28160 29170 16663 24278 6516 27503 11963 18010 13407 
16329 23953 10152 25140 10654 13311 29253 11919 2719 20660 6023 30200 29011 25648 3405 5729 174 19672 17179 17948 17364 5506 23622 32559 30344 3818 23684 21309 29945 12438 25475 6331 301 17533 29046 20466 12376 7045 17937 2552 5425 25414 7414 30467 17308 24186 23887 19011 20864 14183 2867 18763 18102 31545 28580 28549 4595 22411 22029 14233 20437 30353 7987 6124 24086 13585 29252 25064 15872 11145 5249 3186 14756 25188 7527 4467 9309 20282 26385 16820 12955 15515 19765 9943 28849 16488 7236 28164 19479 10115 13173 18995 4658 20463 13390 3599 6836 15052 32018 28504 9116 14972 29387 25473 18930 318 4377 22080 10222 23133 6551 5042 9763 8529 4049 23471 14122 14576 23456 5882 18396 32229 2410 9665 26003 7375 15594 6272 8882 30601 9999 21883 13128 19937 28758 6269 24674 10646 4682 16757 7758 5875 16709 8943 27369 27961 30358 19013 24365 28026 1411 7619 23695 10622 24847 14768 10078 21050 5264 17649 11740 6908 8265 10069 19049 15976 21208 22737 21026 32612 1980 7273 7241 7200 21839 11381 16552 11109 17930 12553 2317 12761 14947 21534 8262 30986 1034 31430 28619 15427 11540 3669 28021 11126 87 18439 26373 16596 6663 26759 31386 19777 4495 17713 19627 12586 8552 28263 4039 26069 30053 26494 24577 11865 13697 28901 21628 29913 12212 12640 5994 17801 21099 19279 26995 32254 21264 12334 16413 24551 10971 6580 10709 19145 26882 19884 30122 25072 4824 21985 19595 29698 29434 16455 7571 17622 15399 26642 1040 10307 26781 13592 19470 13868 17665 16082 12724 7226 9071 23586 30303 29022 15534 22531 3947 29401 19934 25836 22876 32724 871 18550 9026 10875 19634 21676 28208 6308 2077 25506 18973 30914 8955 13290 31590 32201 11117 6644 29119 1730 22796 16901 28322 5284 28274 4982 1367 27296 15648 28497 18678 10685 15320 446 13668 22629 5259 16111 1928 31826 23718 31094 31470 6181 15825 29758 13054 14592 32635 6560 17396 9377 14349 1921 18550 7427 15808 17624 18160 27778 1492 11466 24150 7468 20821 20087 14763 16590 23262 22954 30394 1275 27215 19939 2991 5508 28476 21267 2871 21452 11192 29459 23647 5468 17291 24013 9615 12889 10790 11388 1468 917 18047 18274 24355 5419 13603 20834 8951 2006 27414 23750 18780 31541 2530 6173 24706 8798 11223 25057 22108 22513 5047 6985 19032 18554 11453 28175 17981 6793 21108 32194 23015 13359 132 31719 17760 17499 4779 31838 
5129 30355 6505 10493 762 32036 19681 15895 17114 3583 27997 28927 10651 3379 4947 23731 20758 26062 16853 14564 4657 27509 2994 6315 2620 27358 29020 23352 29722 28550 16416 4224 22320 1056 22802 27956 6604 16400 10538 17109 15489 7486 6095 20014 16857 2261 26482 1441 12147 22366 32249 29227 29319 4013 10130 3787 27999 1762 10836 16776 941 4377 21642 16147 933 19562 31795 31421 7132 10946 17027 22059 21558 18095 18159 2961 28863 11366 12812 2486 18162 17419 11478 26345 29294 19353 28119 28250 1009 32407 25771 20395 28886 24283 26277 1383 26734 28110 7442 1506 14232 15385 26977 1699 29111 22333 91 32761 14934 12934 20155 30404 23729 4894 3822 10438 13478 2496 15427 8948 14276 22962 31574 7803 20873 18966 9391 30232 10119 1799 15655 18121 7249 13568 17583 32475 19540 12650 2664 6709 13933 2913 126 16113 27504 18475 30901 1295 12115 9542 18858 5396 19794 1079 16997 10575 24437 12560 8654 15958 13375 25578 19226 15747 17333 10135 6552 10309 31581 23719 28004 5079 32198 25122 30176 3710 29825 27928 5049 29889 13161 1936 5752 26791 29421 22190 23912 23061 27964 16621 26322 185 26042 10456 17796 16352 17094 4770 8216 16319 2669 17454 12754 8476 28630 14356 23389 24646 32740 31496 22810 20108 14217 13051 5509 15553 18781 7010 26263 21703 22062 3120 13197 4978 15516 9419 26767 1655 283 24249 21623 19617 10812 19714 5810 1311 14857 15579 1026 27982 31991 29102 24703 21770 29006 8785 15644 31868 14677 17925 31441 9391 11830 2327 25039 11746 31097 1873 17922 31352 22411 26919 26557 23557 19560 31769 30581 11273 702 22286 28180 26330 6301 17925 13823 18596 28063 14726 8713 12955 21129 10147 11662 8798 16731 26265 8433 5327 7907 7702 4841 7241 8011 8289 2337 6979 20289 12256 21305 19124 5554 8303 16654 249 17461 20189 16956 13489 20653 8020 11118 2097 27921 5920 30702 6645 9718 32540 16391 15658 27086 31025 2280 30431 4182 5285 4828 17953 8554 18912 4788 16994 24237 18162 4777 3610 9236 11121 15572 20185 16089 18047 2609 21619 845 20035 19673 12796 6844 12832 13295 12269 12639 23953 5503 5336 24727 12952 5272 11125 7660 14198 10763 31353 14952 3721 28480 32069 3570 23749 20721 21416 6615 16596 23383 16598 20491 8206 19368 18071 25421 23103 7289 7150 27953 6421 23101 24805 16817 22943 9274 14056 14242 30482 16230 20650 6214 31236 29768 23555 
11142 31409 29024 25212 25168 17802 30106 30893 511 15164 2555 3594 1738 23640 23630 9057 24050 31111 7726 29994 23172 5329 4903 4082 15268 20873 21667 2727 24089 25081 27457 18009 11954 28408 13515 4816 25357 28755 4984 11886 1993 12646 25992 2024 31655 29119 7472 19472 30255 4004 13944 15 9296 26056 10114 14095 17905 13454 21908 16039 6339 14192 10881 19317 15935 1366 1557 29265 26317 16104 28439 27941 23566 27898 32281 627 29738 25684 2085 27217 18145 17849 6106 28368 7249 32343 18217 11013 15576 25335 26121 13890 8081 4656 29306 32037 4485 24386 30697 32426 32259 31808 11868 24067 14906 29786 28364 7591 23981 17814 6553 16813 24512 26710 17689 13240 3331 21130 17185 6198 28664 20181 5789 10116 28073 5484 2559 12358 18469 20612 29067 26914 24502 10464 23812 21285 27985 25756 1702 18886 7656 18155 11537 7756 10886 12064 20106 13019 8533 8049 16702 7807 6297 11705 31630 29903 25953 470 22563 27192 27181 22810 1988 21619 14362 28989 21744 22810 8232 1288 5159 27279 15092 30578 22741 6861 12806 22928 24154 17295 17704 18807 13604 26015 1621 22842 855 1116 11957 8634 21411 5342 18445 2080 22479 17584 19002 14432 12471 3052 22564 6839 11472 3207 17532 10295 18833 12850 30202 14140 8483 2418 32531 11455 5168 19644 13475 27988 812 19480 1119 942 12256 5162 3599 25679 29026 13866 23819 15171 12671 11615 31470 26376 25912 23769 4697 11934 24099 8428 31151 15022 21430 20950 9558 22284 11128 23210 11671 15706 12091 16680 23604 30303 1949 12100 21278 7903 24499 9822 21316 9385 5123 15209 6536 23229 16113 24674 8352 15789 22777 15818 20523 29683 28790 15126 20789 29139 24516 25815 27629 28073 11450 3647 15909 19698 15463 20308 29328 5335 29347 13380 11983 5517 1814 26250 12443 13134 18610 2617 17695 23844 27948 32754 24215 6323 7973 29184 28447 4214 27196 9915 8335 4964 20349 2981 27596 10964 24360 31748 16787 9598 30227 29329 23697 20821 24681 549 18378 11875 4687 4801 7308 27999 30719 19926 11663 8591 29384 2211 16824 16998 2174 934 30756 23674 28343 13472 8324 3246 12946 4633 1452 3662 11620 8948 24725 6007 27029 3073 1713 17733 30620 13321 5592 1844 18041 32440 25874 31088 4042 30490 3734 21331 10893 18212 18005 481 17273 28399 11221 31422 23541 21690 29416 22070 1526 16262 11454 17216 13855 20142 20180 8017 16408 28599 14871 21856 15924 30048 
13187 794 11005 16456 18165 28515 3830 19958 2018 15188 31433 24804 4335 14771 23235 1755 24212 23591 17993 23420 29943 19311 16877 1557 2701 25623 18705 24888 8711 2808 25459 16809 7848 30910 27844 25608 24791 21643 608 27442 24031 15698 24988 19441 13784 28123 5135 2510 11659 908 32144 1889 1810 30486 23322 10189 8824 22192 16778 4799 30314 4564 7563 3422 18936 16134 3593 5793 12772 30877 8343 3294 26375 13164 9670 19923 28116 20678 23587 27346 28492 24946 18107 17585 30931 9536 24769 19193 20446 32150 20763 23133 19616 27545 13182 7592 7027 17571 22691 17070 25166 26545 25203 13270 12686 1846 15464 31027 16978 3666 20743 21152 1230 2372 31311 24709 29104 23609 12032 22529 23873 305 21183 21689 3586 16905 31179 21869 6597 15090 1677 30908 17314 19935 31372 3711 24899 25033 15293 9444 26120 25049 7729 28484 13854 22109 5462 14390 12849 29081 12786 342 18633 16055 3441 20936 4087 5902 10618 28972 16395 11563 12014 25836 21015 17463 5130 4708 7759 5143 13723 18540 25148 25570 1562 27638 27230 20607 19469 25362 9320 3328 27647 12218 23868 6378 14539 31966 4412 12568 9627 268 24298 11891 14525 11083 12952 26073 5909 25237 31863 685 12283 15605 30629 6583 6683 1723 25203 1960 23769 9353 31039 31770 19806 213 31118 25396 53 14542 18970 27524 25119 6523 4196 28354 18140 135 8161 29727 24509 28496 22414 7665 18007 2764 25365 9392 7673 6696 16517 30641 590 22393 32173 21246 12469 12391 560 30215 32698 25882 31460 25363 20201 26566 20805 1963 15212 6888 1221 6586 12908 17483 30372 11623 15048 31419 29107 7331 4219 24316 20051 25506 25678 19685 26781 11099 30318 28853 14971 8500 16165 28305 10336 29190 11771 4470 10921 2697 11170 4535 17897 18719 3086 30506 19742 6801 17524 21605 23492 4335 18400 13332 12988 9202 10483 4953 519 23664 27157 28163 14081 6849 13880 3491 2795 29580 27339 11346 24871 9776 15185 14552 1522 11818 9864 8410 6017 1465 24378 28653 28850 14762 12754 22759 12307 23407 26657 23424 31591 17612 19328 22539 20051 20562 27820 2943 2334 12683 26068 27814 8283 21253 2867 29694 21600 15106 2638 12384 2634 15193 24063 18144 2527 19446 1092 647 17510 6317 959 27993 7194 4536 2283 4887 9763 17314 23010 16921 12564 29802 21277 15087 2664 22510 22877 22644 7710 26628 26408 3104 3406 3543 17264 15169 27661 25546 28289 11278 
24134 15661 14256 27527 22570 519 23046 16204 4308 16455 19759 2191 13174 4499 30465 29767 476 8819 1356 13668 13981 6957 21656 12060 19213 28077 31119 11540 4831 28804 5357 25544 32097 2481 23637 13566 26891 26050 10713 8995 25315 11474 12327 11638 930 8577 3739 19983 7370 31964 10962 30869 21078 32092 30002 4105 31462 2686 2350 2865 25304 14624 7087 13444 15460 20941 25824 25387 25731 15379 22977 28243 11433 32437 5034 24465 25217 25846 31841 3576 16309 31047 17333 21515 31310 28595 2034 14559 7735 6846 7895 24305 5968 19842 25755 1238 21428 30023 311 584 18763 28138 14395 150 10644 4406 31368 26439 30452 11026 11552 24064 3528 29186 16519 12291 12077 25704 8843 6194 19620 15564 11477 11121 3083 11318 3255 6207 31841 28810 1819 31676 12999 4872 24366 3241 19630 545 32566 32557 26529 32370 10435 32022 19970 15993 10569 16785 18091 6339 23981 20143 784 5391 3797 18818 14544 30508 13208 2084 20157 12231 19181 32342 6177 22620 16956 11853 4985 3422 32181 10638 12165 29346 28764 9406 20881 32429 7854 32076 3288 5387 17432 14608 17917 5710 3054 960 29677 15695 3792 12763 8507 3698 30439 27577 14871 12007 24819 32756 14122 6546 14429 6490 25632 14686 11871 14225 1751 9798 24422 20602 16109 18021 26724 896 22330 532 729 2746 10284 29185 17255 2055 17772 32271 27058 21003 31800 2416 7767 32607 12984 1144 12314 10246 14976 4335 3306 5608 13068 14431 19974 31329 3895 7557 31845 15548 21546 9055 2733 29782 2856 8728 22973 6322 30849 20518 19886 27753 24991 30220 27366 18473 19036 29018 28421 8522 15296 28829 4436 8773 1340 10313 9685 849 7808 21629 31246 17593 30655 21554 10284 9400 10608 1344 13442 1913 2077 27234 6260 3003 9949 17887 7331 27130 28400 21740 23136 7539 27594 31983 9318 19019 20901 24715 16741 3385 1789 1079 32576 6199 15859 2979 17191 13412 11311 3282 23198 27021 17104 28517 30894 1421 14854 7583 25993 13996 15030 28701 24621 7376 9105 31320 28911 26546 27476 15115 4439 5075 11155 19360 25251 4866 20403 4108 10186 973 29110 21173 30009 71 1836 12622 31668 24197 5445 32128 25200 9987 1370 29024 13106 8337 2965 16376 32468 29048 5708 16117 11181 20994 18146 3817 10341 16020 4654 14055 17552 32192 7985 18817 25614 23930 18856 10001 21192 3162 26686 28246 27320 22995 21106 25778 22773 12552 7606 28137 25501 8569 
26263 21862 15689 5768 393 16555 14748 16756 2104 18182 11895 20254 32488 31816 2368 676 27884 10206 7052 20258 11884 31316 15532 9700 4651 2128 8512 8985 25948 11299 27847 1984 24981 26554 5246 11209 4276 28186 17016 14729 11566 23150 5178 12548 20725 9346 26338 20559 14811 22962 11279 17907 7286 23921 26339 16872 2363 17365 21442 31138 31546 28627 30419 8966 8932 10256 21890 22104 1167 10724 16150 15129 11427 11307 27005 29866 24160 3880 17258 23630 10402 12787 28100 4984 26808 5979 13557 12752 10389 6463 4295 25582 13344 24822 29753 6356 31282 6985 26572 18547 24046 19585 30180 22210 23141 19780 29122 8842 32435 29008 3670 26873 6294 28360 20308 9152 23096 22254 3492 18703 6677 30495 3979 21082 13912 17371 11923 10496 12341 30246 31901 21099 31266 12990 10635 31502 5613 7615 19380 8722 12836 17463 25536 8634 13034 17439 24715 27658 24294 8236 9907 30587 7653 4532 10201 10089 7277 10862 18598 19772 20054 2565 17236 14762 5084 22278 25569 5655 5065 1296 3751 15949 5899 23155 23994 25298 3510 7828 22284 12254 11871 19753 27536 27467 3956 27005 10194 30360 29466 21778 30570 12429 7982 17116 5845 13398 134 2410 29760 25021 10726 12586 23039 8426 15006 9767 30155 20999 5765 12879 3365 22631 28809 12981 17542 26228 31077 7184 17417 13443 4137 16425 15412 18581 5228 28355 19729 4702 3528 20665 26827 18649 4082 17629 16134 4828 25086 17666 2830 20134 14883 13177 31107 24774 758 3535 29266 18091 8699 32405 6221 30981 30651 6437 1338 17887 32077 21958 22124 25956 6415 14567 330 7670 19449 1400 30209 6084 24935 19022 20153 21086 14854 26228 9016 10265 13254 29912 6328 19709 19780 24152 15823 8467 31404 15323 11271 3210 12321 14362 45 19167 4819 11109 23616 15631 21627 12536 16143 4769 5479 17973 6570 25656 2623 22194 5026 1804 14299 22149 23645 20388 359 264 19438 23915 21643 26942 48 29298 4606 28222 12262 1924 801 127 9101 11902 8557 3068 2269 5356 10635 6767 25080 31889 23964 31461 15905 16922 25648 3310 20207 2611 14426 7624 7069 23307 26341 24586 21412 26571 12874 7771 2378 19672 23239 16850 21456 20669 317 31065 24465 10550 7430 28654 22920 31056 3898 6884 2836 14793 14828 17430 24703 17542 4340 5347 11830 18908 30057 1263 14779 14169 854 1993 26061 448 15947 2798 14888 18860 10677 30962 12376 4478 23470 30637 17438 6340 
4230 12650 16854 14085 16639 18414 28693 25761 28872 13740 18298 27068 1183 7135 4250 29432 2070 29212 25490 17463 29609 32351 21587 10898 4884 21033 1309 5816 2806 29206 17797 28826 28209 22424 6462 5876 2422 9244 31086 1968 9994 15300 20265 6829 12721 4676 25589 16019 6202 8607 18652 29376 6722 1850 14521 8101 25075 4664 27362 5719 5348 16977 23332 8600 5608 31366 17297 30779 18708 5310 13038 27725 20866 23960 23146 3607 1332 11073 10529 12868 27691 23951 6879 20260 2967 10934 2822 8999 9156 26941 15478 20828 28311 24136 1115 28109 16918 20300 20433 3504 22716 8426 18295 6494 29529 31045 19947 31287 21450 31347 13452 2368 818 19691 5500 27639 11172 24853 1427 22839 1465 3990 7874 14163 21074 15642 4385 26745 4440 16525 13672 25130 19867 18818 15032 15780 14198 22248 586 1493 3341 21617 3208 2440 20458 9073 10929 3001 4199 19789 16324 655 18473 11560 22496 27810 7399 11817 11324 29101 852 5919 19845 29374 27819 26877 20601 27492 16988 7639 14370 28112 12601 28171 25989 32504 3648 27597 14290 22127 28658 29280 6588 106 20746 6683 20619 10603 8658 13996 10892 18981 944 21837 8416 30540 20057 11638 9064 23843 1334 26514 17335 29053 7930 26683 16634 13214 18520 888 15705 10870 9409 2839 25702 8271 21206 13358 13763 5871 12576 14437 16488 11742 14604 463 1533 24063 24089 23692 3891 21790 31047 14435 10549 402 3399 20853 28014 30271 4681 10402 24165 26384 26135 526 7582 4398 8644 11694 14105 4899 31491 5794 27602 10876 24282 15844 4881 11025 27958 16674 4832 14512 24910 10360 6184 25226 29194 32477 16832 13726 7529 23703 22532 30639 17013 29690 20535 27450 27051 12995 8552 2834 24671 61 24801 30792 23284 4110 1599 13526 8147 27313 12964 22983 25058 26161 15777 3228 18598 19511 21659 10652 23087 26200 6497 18253 16201 880 32327 30157 1480 25097 20891 4514 19629 11610 20273 24754 20185 15010 31656 32754 12384 14512 360 30065 26747 22704 23207 14442 17040 29454 22030 5699 17217 26702 23806 20567 15602 29070 3914 27004 17603 2465 26557 24105 21156 74 10517 8836 4090 26222 5673 28640 1402 23350 12748 9165 22600 11381 19483 29202 28718 2588 27701 18720 18941 24341 32244 3048 20997 31643 14744 32251 31837 30936 30945 32620 31964 6969 11697 4764 25533 29418 11735 32138 30062 2238 1712 6732 31403 17425 7891 5697 17444 29908 2626 20722 
22855 4039 8511 12672 27617 3502 28071 2498 1742 20018 23108 28327 9975 6075 25266 20741 16484 26162 14317 4000 21050 14259 18391 3138 7272 30114 2765 10790 10473 4486 27435 18306 7502 7466 4347 18772 22001 3355 30723 14351 28952 17579 12184 1208 25657 24048 4958 24528 18999 31353 9180 14139 9693 16684 23129 26678 16593 4494 30448 3838 10499 3668 9485 7538 32282 29938 24478 28639 900 25009 28266 28843 31745 6407 12590 31576 11959 29669 30693 29356 8383 637 8177 19070 20228 2963 18723 25981 19991 14406 8247 668 13940 10609 4099 21956 29930 25816 17043 19509 28461 22580 895 6353 32391 7789 16600 27734 13716 15015 5547 20107 6246 6776 23310 15303 17720 29087 2647 6195 17149 1780 3940 1552 163 5605 25961 24279 22130 2687 20969 31145 1759 21180 29817 29592 24167 8022 23985 12842 12575 17056 15285 5861 31916 618 13049 7483 31287 24920 80 30276 2475 2654 23074 26543 12748 6719 10025 7219 7573 15190 6741 22723 8809 10717 5121 15431 11057 26869 25412 19155 28645 1745 12119 932 623 20898 14753 24533 6194 20760 24748 30948 8969 32080 7659 14214 23306 21285 24065 14366 30644 8123 15483 20137 22327 14512 1180 9672 4609 4143 17008 4065 14790 17020 18271 9171 30723 3505 18930 17538 6828 13445 21736 11796 29912 20890 32303 18788 24778 22960 11033 15900 28983 31725 27318 15554 14706 14607 10502 26912 14160 27805 13640 23105 1585 18753 2901 19016 27381 4525 19052 24722 8913 601 27338 1920 20937 7153 24778 30205 1970 12607 1769 16766 15015 18335 9536 8103 30541 2372 16865 3075 22143 21333 31831 9000 20905 25221 11004 25514 3882 29758 32212 15703 5678 21305 11452 9031 28891 9458 19445 25735 17169 240 3999 29292 30156 10917 16725 8405 20862 21877 11092 1217 4000 11963 5447 26027 13080 21656 847 11071 16338 13692 31683 18025 25810 14415 14885 26181 27611 17410 18786 21439 3667 29503 8527 11054 22813 18239 28789 25514 12992 1130 21641 27330 31488 3982 25459 11984 4441 9000 11761 30879 23215 28864 9906 12697 15319 17122 27707 11852 28926 15797 5600 21095 3081 8706 15071 4422 23288 1480 28337 31042 27609 5660 31710 1805 9851 23962 28101 22041 14676 1328 32569 7444 3864 23248 10888 1115 24100 6131 23924 9974 31662 8906 10795 14 25390 9721 8691 23834 4159 24122 20293 1820 17536 12701 23385 27310 28544 13236 4483 18891 28769 2604 8739 14886 
25218 29373 32065 12481 6124 4709 18427 27437 215 27482 10047 15018 19689 32011 16051 27770 6898 23439 4198 1177 18229 26185 21670 13180 28344 20088 21705 3732 25362 10826 15395 29228 2276 6175 17338 3361 1278 30922 12692 32122 28722 8302 21414 31280 22449 8044 28643 4667 28727 1960 13309 15938 26153 13789 23970 24911 12050 23097 4019 6375 31517 431 13180 723 2394 18488 4236 2253 23011 5408 27226 3116 22311 11746 29887 19002 14020 12918 28604 5405 20000 24673 17043 15677 3645 4286 12599 28285 7783 8936 11654 21372 2549 18344 13876 10456 32487 25391 5029 14332 18999 18089 22203 14094 5655 2271 9181 18995 17699 26624 25815 17931 30959 9655 27257 26150 6033 21435 14660 10699 5790 7826 26078 17396 21426 31528 11996 21924 16600 21540 15036 31453 25972 2826 27878 9138 29060 530 32444 3472 18374 14166 27331 13224 4078 24675 28073 10611 1202 17442 14625 3715 20867 23755 19597 26940 20572 32364 23096 1162 18219 30985 16230 18917 1334 3508 11190 23591 17605 12346 1739 7081 3728 5011 27387 21568 14011 9735 729 13187 11948 30073 10466 24040 25939 13840 2920 8890 18242 2479 6393 1517 23996 9129 8663 27550 28218 3472 15970 30999 15253 788 23201 21115 17199 25139 2852 1349 11538 30892 15208 13940 24025 7662 9488 18743 25150 6270 22038 11148 16620 6450 8382 28111 10280 25404 9275 8589 14736 7848 6235 4854 31002 31488 12563 13510 4737 2721 10662 9247 27287 29597 16842 961 31192 27944 18678 28618 22992 20060 32005 28880 17932 3637 23591 12244 13954 2470 14080 23227 13004 17452 27261 754 16376 26539 11724 3863 23666 18913 25196 15922 9507 27317 30424 11305 18127 12537 12678 15635 24630 1929 24292 31142 2824 19560 10834 27464 12230 32173 20301 18824 6279 28221 24881 15696 15402 11040 16912 17119 21721 11389 24811 22251 25814 18002 19914 1171 10169 23938 8458 2691 4323 4424 32084 4146 8208 358 11447 13556 1320 9230 9923 25802 32354 15061 15402 8865 3949 29083 10774 14147 20117 11091 4275 22992 18603 16118 16357 6472 15364 11768 2573 16828 16734 21951 9586 25355 25793 6870 30812 7612 9162 7837 23896 24159 25487 19296 24620 17461 8188 20558 30116 10744 30901 17790 5775 11748 31951 5179 16390 19603 6521 25657 22404 13961 1536 32191 7303 4742 20239 15531 12452 1542 4826 15319 2295 20861 10270 31281 21281 14244 5805 1500 23879 19671 17987 21043 25891 24664 
13559 2457 3685 32536 4989 5145 24605 21029 15932 18643 18640 22147 4345 5617 30253 21764 32671 23954 6548 10831 10140 8665 21910 18000 28613 27961 29017 5675 31383 28382 13119 27657 30407 22560 12810 17867 8022 4333 30681 27571 28368 1160 27997 7757 26532 27144 9606 7288 21295 23224 14274 7608 3146 12532 32474 614 29963 20825 11057 20715 6983 3361 15072 25830 766 21181 24048 28105 15328 353 25707 22808 31100 31851 24994 23066 25881 18657 1764 23979 31606 29269 316 27297 5293 12287 27812 15736 27721 12427 24339 2763 31768 9691 9095 12397 21393 19426 471 21079 32592 23746 2707 24755 17372 22421 7426 11238 19710 30161 488 11454 31855 4803 19072 31744 25333 15823 12439 17003 1196 21618 6562 24489 15954 18379 3257 17214 8695 11287 31929 2603 23571 20422 8796 3154 16614 17804 2730 6768 20782 1369 11909 3544 12657 10720 25670 24784 31354 7338 6641 27297 24886 13456 7916 18801 23534 11110 16211 23009 26576 26094 3855 13778 17871 24093 5626 14735 14127 2567 7646 6937 2629 21818 12335 12650 4911 20980 30157 20567 30858 19034 31584 2245 14869 25234 230 18444 26201 10739 31026 32642 9823 31441 7441 28492 24317 12363 30940 9600 27611 2511 24440 6208 6437 4410 29549 1577 14648 3302 7108 18704 25532 3424 21774 28292 1601 15042 32529 14181 10374 21632 5266 29163 17676 1144 4591 27048 4792 12375 5487 7013 16538 19021 9409 14816 22014 13094 30479 17477 20897 25018 17245 26155 26816 23033 29068 7138 9728 7937 29056 361 25716 3642 14780 12539 13909 27995 3122 9675 1093 11154 23716 15635 27096 18725 29556 394 15463 22823 29186 10562 14858 30054 24673 22120 6707 25074 28117 26431 24877 16441 11464 10066 32035 12693 30007 30727 26009 26008 4258 23885 19712 5634 17968 9791 29081 28385 13792 27207 7600 22964 30459 19926 31578 17834 16505 29491 24623 24512 16597 579 1991 10968 24134 23726 21734 3730 11485 1168 25291 18006 21080 7953 638 23587 9669 8241 6195 16915 26717 3447 18388 117 12241 21041 14803 24890 713 668 14789 30242 26036 29576 12616 10166 11485 5267 3390 25052 9189 5286 10763 2772 27765 31300 30464 5097 22262 18290 22513 19269 12026 3439 17370 3474 16921 4438 12541 17510 17880 3410 11474 20136 29278 29413 10292 18378 2821 11326 12445 24841 18492 25128 12904 1516 28982 8748 18457 28438 11307 29387 16239 1591 27948 4171 14317 24130 30726 2098 
6479 22400 11394 21508 13503 22017 22002 12172 645 25496 12031 19186 17869 16757 7808 24581 13065 4199 12530 26703 82 11789 21804 12287 13449 5917 22788 221 15291 6694 15128 18733 14827 10608 30381 9427 2811 2442 16472 23693 29256 19033 30968 16162 1519 8710 21884 26464 28654 10144 6944 18997 1050 2605 11011 6736 31484 12307 19585 2775 15300 12341 23364 8701 24182 8936 29750 5098 3288 5893 1937 10536 11741 6707 13612 25258 32667 26682 32760 29987 7050 27935 3369 27865 32446 15455 2364 7023 16014 12863 4691 11352 3625 2155 1490 20155 32458 13136 23557 8260 11643 12704 28778 2364 9919 27294 7893 29392 20298 19303 22685 10971 31988 385 18728 31852 6097 497 91 30457 28317 4708 9865 6876 13200 1107 3163 13142 14632 11664 10392 24374 15585 2855 1108 16309 27877 16869 20833 719 3696 1994 27164 25485 11462 18576 10242 21204 20473 6300 22876 20641 2710 23880 22083 28101 11373 25421 7375 9461 15229 748 17218 13229 28779 12838 2385 18309 3737 23283 13536 12417 31057 13526 17942 17802 22781 21506 30904 25139 7716 22075 30308 8736 28220 22465 14486 31162 3851 25058 27345 12533 16796 32201 8406 8231 13837 8024 17302 7145 24795 10998 17595 5125 12261 22615 29827 28600 3029 26488 7916 18515 19734 20511 9206 13453 26391 20990 9466 10959 2154 17895 15441 25329 1159 19905 8 10511 17448 32214 23906 1649 14823 18970 17298 1121 20657 30709 3469 6420 11361 31986 11047 32081 24709 6865 20922 7014 1125 3194 26773 13053 21897 29277 16925 26455 32553 13936 1404 13718 4029 31882 23501 11022 22672 11616 15347 4400 5773 27178 27445 957 24269 22353 8029 21718 22733 13916 21835 1461 27992 13858 16553 31916 13019 30819 12687 21254 6718 3504 22084 10540 13170 27993 3136 30647 5260 30833 9313 52 30894 6477 6393 7377 28977 4934 29566 16766 22507 32132 26084 3438 31433 14643 4366 27836 5643 7614 17225 3610 1995 10406 17922 20814 25487 22092 7124 20398 30642 32430 16189 18159 9019 23719 6019 21999 19538 15760 967 24262 28392 2926 775 24467 31085 7256 20118 31499 16089 4091 30295 31951 7571 4760 11130 24578 17163 12621 10233 26159 26316 31376 13662 7147 2386 10326 22409 20876 2604 11858 3541 25741 15255 5031 12477 6647 3704 32651 11833 26905 130 30472 24508 14015 20136 15379 21924 23496 31456 18831 2717 1011 5557 23086 11382 15537 13933 10478 4560 18191 
14846 14874 14602 12675 15716 10174 13159 17203 22487 29958 22758 1304 25259 521 31669 23165 32000 11979 21237 4563 8164 21010 12857 30616 31935 8053 26398 2451 14507 28708 22316 8803 5260 19584 22146 30248 24877 8058 25403 22534 32241 8155 23761 30375 14204 2963 19811 20837 32562 18590 987 15041 20205 22424 5315 1219 5712 17981 9767 19090 31016 28374 12510 28583 2739 17853 27810 8397 30091 4916 3768 22767 31381 21058 27195 18058 701 1176 2838 20774 13845 22446 17807 17604 8179 19408 9010 29779 16536 15482 4490 17481 25543 5728 3015 24546 19454 30014 11262 23163 17749 12750 1056 28217 19262 679 17887 22368 27047 26338 24245 10774 1373 23672 10749 16564 12081 23205 28892 29314 2570 10648 9712 18297 22543 11333 24544 30096 2468 4670 28275 31566 31014 29892 26334 13356 19013 2921 4746 13688 14677 18003 29304 20170 22954 19916 21982 17333 20652 29411 26800 20765 18901 18055 17637 8416 29238 23585 22806 31473 3965 16863 14900 6389 25504 684 11493 21142 13594 3536 18966 18155 15199 14040 28650 19630 16944 2129 30993 23475 8515 12057 16318 1333 22423 1958 12287 12165 13435 9222 20553 27551 9500 21866 23141 20994 21859 26875 6071 2646 21464 27855 7657 25627 4468 17753 16989 27650 21041 30671 17441 10767 7636 7386 8883 2026 7999 11851 14130 25537 29438 15679 5113 3338 8023 17339 23703 27430 788 14254 24389 725 25468 31038 27174 32488 12041 20631 32144 24457 28148 13022 26482 18148 9873 32435 2011 24518 13093 28560 21730 5995 15975 20654 7865 27497 31807 18733 300 17845 13122 9005 16557 2539 14342 10674 31259 2711 17862 13857 6642 28685 11297 3883 29548 8807 11910 20205 19750 9810 5614 29286 22001 16763 9672 19652 22039 30800 23560 26627 1183 13942 5586 32445 23301 6093 9226 20225 9056 12249 18039 6831 26745 5417 19036 18738 24427 31148 19401 15829 5734 27193 20270 4572 22371 29086 23887 18285 32235 24645 29164 27161 28822 9946 15387 13373 8795 25729 15417 22869 17904 16471 7974 27860 6058 30251 19361 10298 11525 18035 29558 17604 16024 23861 10030 5327 31930 21611 4686 845 24268 32597 197 7552 30297 12651 5321 14007 25563 14800 22253 17594 24716 10967 21680 29192 24525 22700 8397 14720 28513 27271 4198 15469 756 17909 12372 15850 29450 4647 25296 28438 6499 10196 13624 21389 21361 458 16410 24491 2855 13729 23034 32209 9713 12885 15476 14539 11790 20086 
13308 1816 11353 30088 12748 21753 2643 22855 7646 26248 17790 15704 5712 13556 5988 28617 30882 2390 25864 3170 26027 26074 7793 31807 14092 21462 32241 6413 7934 31362 10707 17890 21919 17115 1874 23497 17784 24307 23351 18091 27950 18247 22651 15104 21097 1004 23494 9135 32399 23286 22823 21152 31623 20162 12951 22557 25033 32454 24363 2450 8852 1332 13473 16214 26090 22850 6362 3655 8735 26531 24235 28710 26332 4516 29389 1505 27022 18126 10874 29704 12893 22584 24755 10001 11623 7050 28276 23225 1997 18443 26219 13827 21519 6324 3021 18197 29872 11094 15728 9375 8950 9094 9884 16564 14809 25513 571 22876 24363 14050 3988 22581 27282 18795 26896 4402 5099 11179 7132 26609 5039 31252 24825 5839 26323 20483 19035 19452 19966 10564 19075 7709 23742 29462 15192 31456 9141 599 25890 14042 29069 21179 11685 9570 12281 2760 5202 13507 25881 30316 20511 19142 12059 11580 13148 19272 1399 26296 6117 1567 13213 8459 11707 14770 16803 28765 8860 3183 7161 31887 13127 17702 18687 7163 8592 17693 17202 13866 6379 22212 28300 19451 8932 32675 32448 7236 5593 20415 21364 21654 23862 32513 4017 31031 4133 28147 19969 658 1764 14260 13331 32700 30961 13213 25492 5100 24008 28481 18825 7720 31259 31518 16808 22432 5951 18417 24998 25081 2687 15025 20558 27372 25639 5391 18396 4674 27116 11042 17722 21519 18290 30721 6636 16105 11144 4469 19726 3397 26895 3472 3071 1479 20652 11229 10186 23675 642 9491 25996 15902 950 25920 25679 24674 32107 19037 17477 16109 12974 23009 24350 795 17351 27525 3389 20527 7863 8877 27129 11307 19626 31313 24441 28589 11614 31903 17392 24527 7088 15065 22942 21932 10848 16348 7020 17590 29108 1958 16164 10231 28337 31473 16152 23670 15045 8331 14818 5436 11556 6789 20768 27775 29651 15389 2023 11147 12572 32676 12521 20987 16476 5190 14751 20502 20146 13218 27563 18517 12580 8860 3035 24201 7799 5967 3219 7417 29686 17855 17454 31684 18705 23051 11427 11535 5438 9623 2026 23062 25336 27341 22111 24376 29022 13856 30685 451 8335 14256 957 27584 24617 26382 17261 1805 10190 5547 5298 29201 15436 27970 3214 21185 18249 19717 31796 22522 18881 29281 318 8035 5916 22770 9512 10732 3855 240 14195 23442 1719 16368 12163 14822 17021 5 20377 25640 12710 9211 29407 24987 24946 24490 28690 14518 5592 4642 20487 8837 12979 4646 
22137 13218 6730 27821 4527 24832 25317 14635 23869 10656 21279 19359 29340 5160 11278 7000 3809 29728 6392 18976 14339 15182 9357 29626 7425 16358 21985 8392 6133 18641 23582 11468 29872 27596 8057 14111 8647 17578 26438 20384 29821 24952 19131 28247 3226 14784 4242 9974 4273 20777 23397 30806 27465 1153 10096 1867 733 17898 24180 31730 18630 8357 18545 18379 31337 8486 22422 11350 21763 24346 123 22197 19351 14170 31962 6815 26722 5962 20424 19266 30622 14996 24473 7094 28217 23005 20026 30707 17082 7790 21011 27317 30525 18179 22300 17479 21350 25437 16650 206 20139 18238 12410 15415 30636 10493 20747 20762 3319 27348 28842 27075 27642 13082 2069 8874 28046 16176 9054 17384 26473 28118 9312 4825 8628 3967 23064 2309 23075 17508 20624 19902 14770 21620 5007 16743 14306 27977 19878 5797 6403 17302 13625 27758 6179 31863 2130 5051 18450 2270 31703 16921 11905 16641 29218 9912 11111 15554 32514 10017 32342 22402 9326 32687 3798 6490 20816 2452 19692 25878 32707 19770 18110 25921 4380 20274 25880 20304 27517 24116 9095 13497 30387 2166 8327 3551 11304 22833 3183 29821 32761 22757 29383 7787 6564 9376 17491 20217 6720 18273 7502 31157 3638 32334 29754 4006 9286 29193 31101 25691 10105 31069 27171 28127 17979 4985 1402 23014 525 27810 22183 17011 27167 15521 18438 2846 24255 9359 9875 14502 16032 31764 20276 551 1571 2380 16219 9227 14437 18144 21119 4652 19985 25092 644 30086 29952 31028 28278 24122 30300 13155 6906 5719 9535 11889 24425 3392 29151 11152 6339 13235 13067 13711 32517 17508 21925 10576 15537 13799 25037 4470 286 19356 16525 16209 15003 21475 3669 12416 9762 2752 30425 3273 5682 24019 16165 2714 24438 21158 3955 24620 20748 3807 17706 24128 22344 20065 27350 23544 8706 6397 24177 6371 25081 21166 28918 13617 28613 20509 16321 28875 19638 25650 17880 10452 24060 13920 8410 9264 23556 8092 19178 5064 5594 23507 10158 4015 1699 8949 695 32318 30974 24598 14235 28713 31385 31272 32379 7961 10235 21453 13960 3057 18596 29148 29944 25843 13838 17868 5 24894 21364 1104 838 23276 3531 7778 29627 30141 13210 2932 12447 8234 17353 32406 22149 16002 20156 3546 23902 26918 28304 123 20049 31067 8193 17917 1362 24406 19276 21719 28508 7847 17675 30482 2219 24348 9030 22232 20055 719 21328 16938 12975 19949 16283 9798 28076 31169 
32155 23681 31536 4518 29409 21403 19681 7104 9638 17830 10175 1311 28924 6017 14713 28280 28753 12918 4598 6021 16430 7363 2674 32186 2381 12956 26367 15246 3888 14527 19965 25320 19183 20991 5311 25051 224 26305 26961 23345 30448 5929 11752 3418 22781 9934 12714 12041 24917 29206 5226 2542 5260 14651 24749 11492 14813 2761 12360 19156 18064 4908 5394 26444 29994 30685 14316 21543 15839 9231 26779 32050 31321 1783 9469 31931 8585 23920 8640 31324 22421 13772 24721 25278 22903 17157 26336 9499 28552 21387 31318 30832 32403 16373 32129 16754 6836 3116 31309 26407 28409 4492 37 20522 26037 5322 6543 2217 16692 10768 30498 9375 29848 5215 6352 10426 10850 20791 30528 31256 15264 13681 6879 15379 18209 30705 1841 10529 1396 9090 15525 24041 13844 31565 29331 23158 6573 15109 9169 8374 5918 19499 27724 22288 8698 10520 29982 546 29215 15123 16454 10043 17919 6512 31119 18519 32535 5999 8457 17324 18184 15606 20284 25553 30447 5899 32553 21181 29659 31253 1084 22540 19539 25359 19141 58 17716 8201 13850 31228 10769 30374 5685 25755 28182 1134 12080 16775 24695 7246 30120 16554 8635 12665 31995 10945 3488 31594 8225 3423 13408 8047 3677 14946 5979 32320 17458 27748 3465 5636 17834 13252 27562 30804 13685 15091 25389 10927 6602 12856 27970 12986 28219 31224 30632 8775 10616 30479 15185 4662 15701 21648 7781 5690 27664 26317 25328 14440 24933 31621 26640 6416 4309 27057 10821 18733 3181 17984 31369 2150 24822 10423 23654 24469 7161 30113 7718 28233 15613 2633 1054 20199 17083 12012 1622 27465 4577 19490 22946 22596 22833 2099 10220 20731 27577 8932 10014 22269 29741 31516 23788 12635 2554 24100 27122 18068 9771 15193 29538 10920 16949 31019 10527 24301 31869 28582 9207 21160 14824 21585 23274 17718 29249 18398 19320 618 16641 26004 2792 21786 13153 5102 30984 15223 491 13932 30617 28612 12287 24288 17928 5630 12873 747 18192 21853 17006 3125 15947 6989 883 4738 21929 5007 242 23525 20217 18034 4778 8233 11177 20716 24560 3988 23272 18425 12733 9090 24786 5745 5678 9185 15707 5215 4932 7203 575 8221 9520 6578 31778 25042 9614 15676 10011 26521 19729 24594 6208 5167 11490 9280 11769 1859 10342 13591 25247 21352 28866 26829 16716 16578 1738 19850 4148 20800 17296 8958 27992 19992 25255 10864 15050 28049 18923 29010 2199 22362 16442 29633 
28532 15568 658 1441 8896 2210 20069 1366 4842 19470 19184 15047 31999 9016 32345 19881 28863 26613 9535 26482 13563 12730 3877 5257 21459 30836 25240 8652 16561 26850 20152 21098 85 604 26348 20181 21840 16662 5319 22251 6172 30817 10266 28009 17282 30957 29639 2862 7076 27764 20052 27547 21003 24240 17946 16898 13472 11582 6880 5686 6032 9283 25017 5608 10674 1086 595 8252 22462 15880 20748 29101 9450 2745 22961 1231 1112 5596 26433 31549 24537 24241 2493 18346 18886 15250 9122 11445 16801 25913 8016 9279 17873 18319 5071 15457 26837 3848 10395 3459 27744 31407 15875 11886 3787 8358 8830 4377 5422 24854 19464 20074 4023 11344 23091 8569 20309 30860 8609 15311 18498 26214 11895 32295 14250 7241 15378 22423 32297 22431 32059 16197 1275 21062 28508 3457 21049 18031 9756 6640 31931 12975 11641 30021 25150 12888 30814 20239 17296 32486 14295 31042 3646 2210 13982 12330 5588 15844 757 21565 14456 32676 19351 1727 2091 2695 10828 1088 30112 29577 14700 24879 32082 4104 8812 29031 24973 12782 25363 31698 29264 4349 4440 10922 27539 32478 2828 24007 7599 6988 25201 20559 22460 11015 10832 9091 8764 17631 2792 32409 22923 18204 9255 18521 16857 32131 23409 22940 13720 22573 32295 17953 15676 13065 21218 16687 11516 24986 17136 18512 2025 32543 21923 28013 7939 8659 8753 16814 5351 3786 12418 11141 27108 15304 29873 18928 3098 13356 13894 3487 19370 20322 16406 10945 10795 19366 16610 32162 22926 8214 10408 4404 20264 28376 7517 9981 22499 22028 20890 9814 12391 14915 10283 31789 11014 10073 21452 9833 32497 3891 5473 22955 15630 24851 8877 11949 25623 12318 16914 3569 12774 13819 20328 6358 1818 6603 28374 11140 30577 19691 31571 14866 21708 3421 31935 17647 15822 15778 13954 29977 6615 11289 6072 14279 31167 14646 9671 2743 8842 24772 12964 2284 30610 9912 1537 22615 18645 20485 16280 4395 25473 14959 7333 7 382 17858 21878 28041 12135 32229 18286 7705 17464 2813 14250 27420 25747 11518 25512 3379 31138 31999 5530 17720 22928 518 19306 9596 19521 21728 215 5348 3752 1910 29211 25798 13207 9114 22355 18587 23874 12998 18606 24548 1934 16151 21239 29126 9290 7088 24233 421 8916 30287 21625 9875 22086 22614 25720 10063 26692 6022 30003 3635 1270 25138 24803 26524 22689 30602 10109 22015 14235 218 31856 30305 11872 7276 6260 8494 
31861 15535 32280 9257 8377 24332 27426 3562 12590 30800 29141 29529 22025 30080 9272 28301 10557 7781 21025 9782 20050 30359 22335 26446 17295 9675 6661 31369 1650 13582 30564 16508 20899 21015 28705 17055 511 14162 24942 9080 10327 30173 13941 17 7861 22839 54 19661 17048 21478 8499 18586 21109 6317 32345 14074 6536 24258 29748 1142 13266 31597 562 20041 1071 28467 4433 30942 1874 12268 28789 2486 32649 20519 20066 2456 6974 8199 12446 7534 28327 13290 25218 14517 19996 27376 27574 32604 26321 27021 9908 11024 31240 5908 29786 19219 24985 31139 29621 20710 11149 25567 28185 17626 11608 9292 12961 17178 30612 19760 21888 8493 15375 31199 22163 11240 30310 20745 17648 10711 25775 3638 9712 2108 15424 11501 9222 4127 16530 27524 27495 23358 32280 900 3063 7395 14513 31229 9936 444 18731 11095 5014 26298 26241 25912 25325 14786 29045 32605 16044 22050 13376 17304 18643 346 2987 3047 14744 6492 17227 8198 15067 3516 32178 4803 889 20914 29086 8361 14286 19625 15879 11131 32465 31139 29164 5918 11564 30881 23669 16485 15326 32036 20449 30782 25150 23889 5818 437 13708 14610 10479 4659 27168 28700 19417 4480 30208 14530 16942 29500 6915 2990 14688 24330 213 4548 21960 30901 27787 26230 4482 14143 27316 4761 14783 19250 25207 14249 14996 27390 11103 23206 853 10228 14371 1486 30974 31701 6835 29874 274 15378 4128 11020 12166 3820 7444 20089 8589 28020 15176 13856 2773 19910 48 11783 27123 30514 23538 16575 12251 18642 6139 27267 19566 27207 8965 23354 7092 8061 8707 8067 13065 31418 5753 8471 28287 27987 12327 4133 30890 14674 3340 5357 13038 9893 11717 25900 26162 17671 818 28329 25633 5907 8164 28114 30095 20885 25705 18374 28806 28453 23191 16365 13443 26465 18641 2296 25338 12109 17551 18141 10121 20058 6327 7264 7895 6687 14962 19529 11580 10973 11385 26621 10196 28342 11172 3171 22159 1592 27090 24212 30082 23779 29315 1712 29094 12654 7922 10774 20567 26316 17405 11780 29887 8736 23894 23751 9806 12668 29219 12775 18723 10118 13153 22308 30530 21673 23489 7591 7734 15247 11516 9577 18168 24034 23591 17383 1816 24148 20705 10104 26240 20046 10143 3710 26155 24781 1842 3654 20672 405 13207 23353 30382 22781 8873 19097 185 21965 11099 32703 6303 27345 10605 14094 12164 26363 18897 12770 18986 10753 17856 18088 22612 26084 18174 9989 
3909 18358 24480 29480 380 1367 2736 18639 30791 2748 8952 29164 22038 8316 7911 14717 21324 7630 7699 31998 13540 17304 29599 21651 1657 21495 9657 15966 29112 13808 24307 14272 31304 16697 14672 20367 7643 2796 21395 22118 11730 23639 25790 17368 24143 27435 6810 16391 6705 7418 20058 910 16583 28488 17886 14146 31563 10814 1407 5627 26357 27214 29653 26858 8157 4066 31477 1021 6960 18347 8378 30730 9869 16037 10151 28834 7340 32021 6710 4886 850 23557 8213 28273 27950 15939 21640 24527 3764 30187 30620 18028 30246 14192 7203 23913 46 29801 19484 9258 30745 14090 30499 32003 28089 5084 25277 7580 31079 32232 14106 7143 12499 25492 14131 16623 2705 27330 7077 24078 10633 24145 24903 15805 19258 22965 8316 18704 9923 10883 19630 18422 10356 21281 29724 22576 7060 25396 22821 30811 13583 1778 12526 24014 22896 9439 21100 2050 19164 29471 28438 26273 21916 10525 756 25370 30582 19025 26498 21247 25558 14044 32262 21156 26164 23898 29864 3241 26783 13327 14486 16940 20300 7634 28677 5081 23206 24339 18331 17792 6719 12934 10567 6299 8990 17413 30668 10081 22660 17409 28152 26892 16677 32161 30065 30165 15597 2409 21353 16940 13281 23239 2409 4319 7182 28574 29054 9712 10411 3765 26094 602 14260 16157 24748 13572 27091 5862 2982 22601 4995 7740 21623 31723 1088 4250 28478 24748 27220 21839 20609 24192 14490 8385 2370 18679 24576 25261 540 1081 10548 22885 4234 27032 16189 7577 7727 19858 1662 9341 22110 5355 1876 26338 11602 10543 15081 8097 9194 742 8768 18155 10673 26307 11157 31322 21860 8846 27850 9277 4414 28990 17114 17955 26430 2389 18391 32308 4999 29775 6209 6352 16113 18176 19126 19583 11240 23654 21218 20505 14653 28848 10978 19854 1732 31763 30882 21933 27854 29168 21348 29058 23228 22163 21051 16017 6408 19710 2375 21448 32409 23207 26557 27597 28256 25383 27696 28905 28456 32374 1651 20081 20057 12600 20582 24391 4079 30020 7411 24975 32445 11569 15354 6577 4475 639 22569 26582 31613 5214 24551 20512 21069 21668 21985 13870 27408 25152 13583 3866 31317 30072 2627 2078 3330 26426 19909 22610 195 3967 28401 20413 15352 22439 3802 24709 4311 21646 10883 28806 2407 25233 7024 19357 4683 21551 1242 25064 29574 20760 1331 844 16102 21924 17091 14931 26751 13651 20052 5303 7012 23408 9902 28536 13406 7207 7807 23196 16368 24153 
25330 13586 29656 22855 11549 27310 29584 31185 6324 12240 7313 9654 24495 20921 18533 18582 28490 30058 11773 18508 192 5740 26481 13020 6242 3354 14768 20821 6147 28859 15838 633 15504 8116 8122 10315 18787 24315 20487 22376 1687 13598 29317 25618 2040 13822 21103 25039 8519 23923 11815 1476 24152 6377 3438 10298 10101 1820 13979 30668 2517 14268 1404 14258 2221 17699 20793 4259 13193 11426 21390 4503 16999 15242 602 11375 3107 20007 16304 28945 31874 12319 10263 24897 24496 11182 8092 23338 3618 10102 15929 28686 1922 18047 26184 701 32077 17684 27041 15089 5726 27726 27302 19479 24785 31040 23733 22979 1862 1952 29659 2214 1156 9607 21525 10715 11576 24696 29337 18700 17406 32515 12542 22180 20547 20113 28133 885 27469 12577 18070 11803 23085 7706 5776 7690 31654 19322 9876 12638 13778 4113 4860 12296 23484 29902 32488 16638 1678 18040 7423 22718 8491 7647 31124 3913 2577 1044 4078 28346 29454 10410 12255 13917 548 18286 27852 14894 15148 20095 1650 1034 876 16342 14295 1096 17500 28673 17207 822 17084 2953 10022 1240 19964 14526 11303 29844 13946 10676 22426 10653 24239 6972 11248 12336 22534 28054 18701 20212 13737 10775 28032 29793 32478 1030 20243 2336 3027 11366 9858 5908 28501 31247 10189 23246 17684 1079 7053 21006 5730 17449 22311 28578 2940 21220 12519 28165 6327 12811 8364 13607 29157 4667 24669 23980 26194 6397 9571 19895 31446 7131 29954 13573 27875 3462 10058 17042 5747 7236 16717 6849 17932 18868 24944 25813 26312 2062 8109 8807 20760 3428 13500 12656 18485 16968 17805 10748 17208 9423 26497 11141 24712 31730 25795 8776 12522 14863 24254 4062 21578 1833 27233 32072 31628 21832 16569 9985 10087 16632 17545 11341 6641 32057 31359 20672 19079 24146 8714 30401 2236 18911 23001 23288 27082 22720 10460 20033 3859 19865 25036 3998 32359 17555 4853 8527 7969 15119 9294 13715 16861 22497 23001 23164 29298 20428 4578 29250 11425 28149 16446 12370 10846 1815 5378 3953 10018 19319 4462 8283 3264 27373 9306 26880 32399 14204 331 24785 6801 25024 13254 23089 5714 23343 6614 5664 19740 385 12839 54 14703 6536 11265 29097 25379 4520 3712 19913 15485 28139 17866 26563 16258 15215 18753 23199 599 17801 12470 18496 24832 19435 29167 6282 28369 16566 10265 32663 473 26513 21453 2797 14166 23279 4688 31750 1142 1912 18669 17312 
23055 24559 17996 11827 4058 24975 26541 28330 17991 11698 10553 10394 17613 25025 1884 25224 26506 32629 3728 11655 27948 5949 14382 21754 5722 26303 29192 17711 5229 6963 20625 26433 20061 24444 13853 7284 24609 19868 919 203 6973 8526 14748 14358 13026 11974 6337 30798 32415 19212 11989 31672 27027 2434 3521 9722 12352 29307 26309 32511 520 6182 13564 15908 31883 4755 19307 7588 32646 12463 8864 19084 28278 3909 21570 6913 24338 29026 11389 18706 9200 25171 26772 25285 9162 23336 11778 23191 25882 2216 20716 16161 10224 9265 9206 12570 25070 4651 12877 8083 19379 28860 5043 10025 32740 16787 13843 23407 6522 26060 16565 26200 1679 25299 27384 28711 29597 8537 23934 13751 11711 380 17686 17041 15133 17309 23779 5342 27157 21382 17409 28226 27292 28931 12175 24710 23533 28505 26188 28004 4435 6406 18047 11648 27186 24986 6041 31480 10754 20302 7619 24543 11985 23943 22878 23087 22304 32105 11863 2754 28291 16890 31286 9479 13656 8876 9268 2451 4513 19309 12057 3857 32397 19183 24226 10573 25817 18326 17065 14800 18423 26732 9715 15991 1705 26766 32728 32507 10111 29254 31946 10220 15757 9153 30991 11790 17290 3563 25172 15697 23582 28181 4229 7035 28661 25087 5557 1028 23951 8627 20637 14825 15478 3731 21511 8859 20768 32515 7997 3557 32152 312 380 24709 8948 22691 25862 1084 31651 17346 93 15387 3608 10207 6425 1606 11785 28272 30525 18287 2979 26512 18238 17121 15525 29890 18725 727 12063 27124 8893 16934 12232 7163 4941 10204 29460 22109 30418 23448 28624 13998 10927 28029 23700 31974 321 12236 21222 12969 17297 22800 15923 2697 6129 10946 11372 10038 3778 19468 28876 20086 21824 17432 12780 29084 1668 26923 18037 13123 16312 23298 27344 29961 17120 9872 21631 28676 9486 16462 7021 27856 31386 249 23877 4918 24168 19882 29965 8597 11617 3450 14153 10283 21396 16439 1157 17554 25087 13838 31599 23857 17167 8065 18152 29361 32280 28638 9988 16314 9608 9490 13565 22343 28276 7875 20036 9339 31923 1354 12328 23384 1668 18824 24625 32608 25331 25016 1687 3009 4120 22075 28427 25299 24186 31784 6731 2293 7293 12655 14719 9388 9297 1403 24871 20300 27097 5879 2623 9621 22063 21218 11672 111 15523 28814 13417 22033 7160 444 4878 20871 13958 22896 17269 13111 23490 13912 10046 16006 22943 26328 25793 22172 23656 16329 17330 19731 4381 18261 
12274 20962 17687 6105 1246 7466 20453 4153 27488 14914 1798 19546 2003 13785 30341 5745 15789 7110 12558 16682 11159 27006 25419 18658 28303 17621 28045 6599 20407 2422 12181 8736 13167 5747 8588 13047 31335 18032 6812 20018 10386 30131 420 11343 25474 12262 15203 30899 10599 2980 28133 31907 12531 29401 1563 17735 11361 27098 20693 11176 5835 31070 32401 30925 18601 26313 31976 21389 5660 32264 5605 7613 25923 31447 26312 15631 13729 20444 21092 31017 27555 26679 19245 30141 1716 10027 22455 21023 26183 15616 18867 22730 24468 22693 24753 17473 20863 29939 8558 31231 32346 24341 9723 7182 21857 6412 12017 26691 11947 14935 25839 5970 14571 32152 3209 15641 20176 12899 6108 25254 31301 19912 10114 25710 22698 8869 21823 14432 30815 27101 1960 32685 22774 16080 9219 12151 23664 12946 19089 25657 9248 5530 19184 31700 25217 32212 1563 3714 31352 6514 18758 26638 29972 9406 26072 19115 30584 21700 1410 24475 32695 30684 1892 17970 6279 17686 18693 6304 27807 7066 13475 31788 4502 1170 18426 27210 11357 27712 978 13868 3838 25044 23293 11059 368 22292 5580 3489 16245 10984 6836 1364 20298 23391 5844 25306 9368 28930 24958 24285 2370 18121 20190 21732 17380 6447 27692 9110 6148 1370 26876 10138 10016 8570 15750 6616 29199 4072 31150 12519 6017 5018 16984 14564 24059 16233 10761 31444 20642 16644 8399 9321 24656 18694 17054 6062 2494 16108 29141 31263 13012 31068 3614 15701 639 21913 4976 14526 11891 1814 20771 6129 26086 9439 28870 22655 12579 20790 30937 5608 7975 27093 1574 30095 2479 5553 11645 30241 2131 180 21687 8897 8960 9669 13675 12488 28433 21473 19943 26569 1526 7285 3779 26023 24282 23311 23309 10118 8751 29341 26237 207 3774 22540 9648 17890 7493 17734 25382 4509 5241 8379 20657 22210 14536 549 11998 10602 10871 22510 26344 16282 22502 20985 18411 26226 24315 17419 24905 29119 32423 13315 18043 16936 23139 12980 32379 29927 2090 16228 4958 31402 28594 1660 32130 5078 19818 11123 20847 22035 13222 9752 7474 18247 1580 24338 16748 21604 20402 11297 32530 1844 9230 3446 3362 23458 4913 29841 32569 83 22195 23003 30631 23279 22714 4353 23028 6337 6381 32300 28298 4865 26190 8019 21292 8677 8751 6039 24534 13113 31745 17853 17141 8770 23805 25695 28966 9723 8627 7282 8699 29331 12020 14090 17153 22614 7155 18142 1459 30232 
20576 20970 17702 2981 19744 13687 14382 20337 6152 22331 28770 20877 18249 3929 32286 16867 13902 20470 27135 18484 12971 5611 21701 10326 4590 14509 23481 9004 20327 1144 3604 23128 14295 13356 27200 4465 27456 29370 9792 20156 7094 26638 3279 27146 30963 18585 22423 11084 1784 20240 25273 15720 12524 10587 10069 25302 12731 14217 3974 20239 2334 19357 30696 25654 32350 30386 21994 21692 21299 10449 6726 5128 16175 30657 2430 9810 11993 13453 8650 21123 196 20556 32221 27455 2685 25686 17499 28899 5025 4911 1240 18550 15686 4659 29607 31250 31115 10121 31488 27416 17208 16370 18705 8908 3444 338 21705 4439 19014 17613 26971 5911 8838 1519 9089 20508 11197 7911 17410 3705 5823 14241 30663 32589 31702 23805 11336 2272 30389 20268 11221 9690 21141 14949 19821 3734 13590 31935 28307 13140 24016 14899 2571 22112 25850 19534 20521 11837 7368 29441 25687 30287 3132 27388 20532 31245 29191 12249 16512 23035 16489 3960 10475 7321 4000 9243 31105 6327 4618 6321 14934 18380 79 14548 10514 31354 28409 18220 3877 26824 27402 13981 20307 5323 21999 12573 1521 2125 15994 8572 15280 24553 23125 22701 19830 9326 17108 13517 31074 26320 492 20162 19409 25483 27727 28888 18396 24087 21007 4394 21468 17921 7165 7395 5608 22821 31769 15460 4630 31030 17106 14974 28857 6410 28748 26191 17996 13547 25750 6125 7520 29839 14392 7573 7494 2979 25120 16027 2262 14329 25305 9443 20969 20933 8582 2470 13923 19365 6619 13291 8656 10353 11540 20508 10969 8016 256 11861 6181 31092 17022 16118 12149 31914 16808 13447 11554 17914 28107 14372 20931 31731 27020 24994 9249 8382 24403 7240 1497 8284 24457 10302 26343 2866 14104 7449 25350 12591 2264 5788 655 8199 14001 18729 11989 15219 8371 8292 8131 18576 18575 12292 8364 7013 25507 11388 19726 7340 7636 30446 5082 31665 10454 2011 6078 15463 9471 427 11463 29694 30894 19628 10217 15218 7647 13637 678 29044 1172 26193 25893 24792 157 6377 23464 31435 23732 21 17552 22789 28567 1149 29063 9175 4974 12168 20998 13146 28647 16586 22679 19821 22599 9865 6224 20368 6302 29488 17042 8068 24130 29388 10825 19867 1556 23217 14136 22615 28671 17077 21484 17208 5978 14547 2063 21354 18113 5319 13067 25821 16554 11786 2392 6215 7236 26608 24934 4780 10955 8904 25635 26807 7212 31208 25603 154 373 26316 17541 21567 
6666 21346 15642 20907 16302 21911 15784 23013 14367 26180 24643 18900 11257 18598 9234 21747 19995 17822 20487 14790 31802 2700 25276 31487 6092 14512 20185 23599 28693 21004 28361 6555 7645 1246 7244 29169 5162 25289 15239 16097 18232 21344 19490 3989 14755 363 8985 8262 15790 9792 6368 12419 19116 22567 5070 9842 24684 3258 6736 11027 25372 4397 24584 29071 25563 10287 24404 13971 2734 12460 29205 1482 29223 23159 26212 20103 10178 3231 2298 12979 20401 12072 32528 26674 9050 29919 29516 29573 32673 12671 2793 771 18755 16890 11481 4200 25605 31182 24562 26411 18717 3218 8931 29642 22894 13944 13931 18928 1184 8452 4105 16486 2775 32442 24520 29552 10124 2740 1022 10316 20452 9129 31126 26497 26767 16658 18751 20393 15105 28569 24890 28084 17161 27414 21291 5904 3794 30828 20268 18337 26207 31369 9027 7265 2219 20091 31038 9143 15472 23054 9282 7235 29957 18562 24186 10705 5815 24756 17179 1847 23974 10394 9080 19549 342 10346 10986 15562 28836 31321 5528 31364 4773 27767 15532 16725 713 2821 24697 21878 5226 27766 4225 797 32040 11214 5657 21980 631 8553 20888 10590 11369 11541 18120 998 25522 30106 8140 28456 13470 3825 15747 8264 2360 4387 20689 11927 22499 8784 17398 4895 32553 7674 20887 8492 25643 16067 21936 27889 6763 16991 25477 26603 7827 18903 29869 24726 30925 20627 26109 5013 28011 1502 25466 226 23255 27147 10284 30739 28800 32528 30039 11826 7319 281 13573 24907 13996 25293 18509 13278 26408 4593 8998 28055 11010 8696 25388 26393 3476 8057 12153 25966 2357 24227 10980 28463 2767 16550 17791 25873 9891 10705 21190 14665 10506 17903 28003 16668 4956 26103 11842 30625 28118 17420 29123 17310 23162 21261 29720 17595 30190 8404 3481 941 3718 22540 22235 6086 10251 13891 24681 21959 3460 3958 22847 16141 11216 26330 26628 27611 1487 13618 32364 21746 7667 6617 18712 25354 11033 27251 7465 24694 23618 19642 8788 12242 23290 30337 9334 18560 26438 3691 9523 12701 25788 10782 30047 6566 25043 24645 12991 30591 22001 26053 31379 26805 13864 9729 11297 27989 29348 28141 15437 23824 24838 27655 14860 22602 16693 27819 20007 28740 2271 19068 14808 26011 10222 15962 26814 10608 16147 21244 16621 6933 4009 330 19136 16429 26573 6149 2826 10092 23198 17259 31689 13701 20698 10137 22233 18076 22443 11966 21417 6352 8713 30360 1841 18057 
16029 8424 2301 15385 11652 7602 18696 27429 19523 31657 24011 23783 14498 9781 21660 4310 12691 6816 13581 8128 16949 19624 13754 19227 32604 25010 14963 32215 1413 4668 13480 20936 766 12448 5739 22308 18010 7544 17375 13931 23608 18641 10393 14086 24351 30411 16450 9053 16606 31982 1321 5563 25026 13764 18306 24595 4317 15814 20103 25846 22395 20811 17249 32 30979 14627 10206 7678 7250 24919 12774 29790 6073 22262 2371 12561 9076 147 24897 5135 23284 18768 21411 4047 1014 14346 25337 1463 10779 8491 32270 19600 21839 20834 28488 27099 23844 4724 19280 16021 26530 5023 10588 421 30255 31675 27874 15732 4850 17431 12550 1921 25333 26132 14185 5869 31098 27889 16614 12756 30271 27490 7757 23152 14217 23861 20345 31056 25718 20434 17403 796 5059 30859 28601 18926 22450 17452 18618 13241 11874 29399 2369 9038 14835 23909 5549 26862 31518 10451 9499 29877 26104 5401 10983 32422 13684 8027 26785 24867 31431 25122 22923 18583 32465 19300 25736 24093 25953 21925 21696 27841 4366 8081 2731 10972 24484 10787 26716 17636 22234 12218 11027 20933 29961 27072 5962 13526 12941 18309 5573 4989 8725 27597 3175 27920 23350 24386 31242 10888 10864 5708 117 10481 8994 26430 14448 23134 3806 31912 21683 6025 840 13997 7906 17173 16460 24766 10386 9743 24257 23216 6632 11025 20123 8565 12134 27611 7404 26061 21854 21135 10456 10914 1043 12629 18556 3155 11443 32080 17565 5848 9975 32106 27303 6278 8248 20235 11784 9220 32052 4081 59 29456 9933 7685 14762 1257 27155 9885 10666 13571 13229 10352 11 4342 2477 19305 23768 6205 8871 204 6536 18613 27155 24362 6419 5665 22245 31627 13414 26015 17498 32568 745 31 3775 25883 29790 24153 12662 10693 28248 470 29960 29963 12719 711 27332 23911 11097 26196 22459 8352 1493 13597 399 30594 1267 12449 710 832 9552 27203 22558 10333 10941 24931 12853 21567 7063 13805 8295 19560 7273 284 21915 4005 11796 17594 10352 31248 7278 2989 3329 24002 10323 10562 12810 28003 23773 32467 19122 24639 26469 28705 28341 30728 23211 4803 31249 11152 25446 17128 29865 7393 20028 18646 30377 30114 1499 23123 9448 32516 14905 26247 1166 3729 27500 21401 28085 183 13842 22708 32228 12490 1008 29620 31099 12210 64 13565 14784 26121 25753 14386 11141 14649 25923 32159 2880 32529 31402 20088 30563 15045 32209 26225 20832 2423 
10986 8871 23507 16832 13316 11665 10122 10691 9562 16007 21461 15153 17584 16855 31939 22877 932 22777 24805 25793 4784 13389 1357 6839 9803 12071 32477 31645 8250 27224 518 723 28244 24813 7524 22331 16343 10511 6958 18758 30684 3662 7869 1169 30830 25200 27045 24138 26125 1758 3125 25947 14483 12061 2541 13356 17178 14915 4022 11199 21343 10051 22095 7055 24535 13024 23659 18261 27426 5333 9714 8711 30552 3034 20593 19434 11686 7356 8418 28058 8776 20799 16427 5942 16377 18999 5653 1445 25277 24255 15763 4129 31714 28196 852 31503 22305 12502 17278 21355 6802 32594 19374 17928 21929 21793 29739 21185 4101 6399 30744 31100 12669 24464 24038 14569 27684 18656 11638 8629 4648 6578 31259 20882 20633 10463 12989 4666 494 17071 2463 22440 8570 26420 5504 126 29148 6268 23653 2488 12301 16460 31258 15866 6750 11032 19480 3581 15105 6963 24028 31088 29178 27147 25953 18783 875 9485 3896 4467 28795 25495 7670 5662 20916 28243 29135 30632 14553 15361 32497 26554 17502 3008 8184 29325 15604 12332 14328 21928 14998 13813 3162 11346 27655 3375 23242 6438 5026 2072 31142 3747 2135 4527 26603 17160 15232 30765 18515 9914 12322 24962 18147 25727 15107 17316 14733 15176 30078 27780 30011 24913 4691 10371 31388 28997 12332 8859 25233 1343 28236 3896 21602 12801 16656 13706 24858 2231 31466 32426 32453 16726 5883 13397 22509 29588 25214 21761 4167 15303 30602 7504 21167 24477 12955 16693 6539 19620 17971 11688 1331 7217 15900 11037 16349 19909 24353 6303 5867 26898 32344 1646 14155 7748 22013 14161 29806 20633 17170 10957 10965 4194 26502 13309 10753 13221 10288 22497 15777 2550 9423 21105 16128 29688 9515 490 16625 1307 11201 15588 19125 13625 25336 19123 11552 31125 4456 990 764 9264 18168 12394 3890 3888 18764 12554 31474 12079 7073 24344 27233 26220 4720 7787 8745 23467 21294 26277 27038 4444 12518 20492 21483 11310 5636 8263 28336 18144 17611 10826 30276 6712 16141 4432 15941 19654 24098 29577 20354 31563 17616 24340 2458 20218 3824 23068 30762 7179 14694 11179 1897 14937 8383 3032 32412 12180 5478 27983 12384 30671 16036 9960 13358 22935 6480 30068 18969 17651 2754 17120 16189 17059 30389 3013 169 24391 23492 6069 23362 15079 25077 26509 26257 28795 53 30029 19023 6278 6286 30075 21966 7596 18665 19895 29828 5508 12086 5264 14325 759 
23612 6245 15573 12478 22861 17332 1830 17239 11596 9721 5587 29124 5722 18522 19599 30944 4021 311 9224 8924 1682 8380 10664 854 2517 5514 13862 21325 29517 9744 1552 22440 6102 29704 19923 16544 8317 2057 31133 7753 20023 6376 19784 15954 4255 2292 29791 11901 24696 27857 17561 21439 29610 19083 31096 19831 16503 11074 8674 9759 26963 5926 16284 24978 12437 14299 1035 10001 13207 27827 10642 21763 14910 8122 11396 8910 16470 22716 5940 28310 1692 1261 23764 2427 19777 20106 6770 25202 1239 8822 14397 11936 4186 14068 14892 32309 31584 26700 2596 20472 3999 21616 6476 4448 31004 29224 3481 31518 10577 7945 5631 12082 19914 23904 2728 22100 32095 11479 30544 19116 18729 9158 26907 1872 3644 12163 13903 20411 18174 3674 15343 29288 12773 25225 27793 17715 27898 13617 4830 3108 1514 26218 18744 12144 5842 19674 24014 3356 12625 29619 8149 12160 15909 9535 29357 17217 5281 11436 4713 17247 7822 29531 24929 24363 4553 6328 3091 4899 3392 22802 31705 16860 19395 11878 1740 2708 2610 28477 27454 11427 17174 21296 23977 8412 16146 30162 13033 12725 8198 5282 19050 22374 14247 21523 4096 29361 27483 3913 31479 17357 6851 24140 14916 8697 3600 10352 7363 7691 11454 3745 26971 10816 21105 2141 28792 27268 28544 8075 1578 4023 6411 19124 6280 9910 10630 8632 4724 3818 1102 27506 6893 27110 30688 18130 32093 27574 7236 1363 25985 23913 15083 14425 2100 26168 8914 20894 14477 22510 26069 23380 30999 28731 13033 25070 32603 9652 215 28916 20932 12066 31946 19147 9771 15719 9707 3334 4763 3480 6517 29356 17630 18654 17015 12226 31895 14684 4362 11953 16966 7771 673 4962 3156 28985 25409 31503 9399 9973 5403 10217 19087 26172 8422 9577 5272 18523 32378 14250 25758 27715 23846 18420 2722 31852 25114 7633 20025 1178 8968 22520 17838 23553 31514 14320 22506 6062 6742 20819 1197 20949 15963 24589 11451 22830 24636 12980 3393 14970 24679 14602 4666 6180 8571 26513 484 4137 32484 8269 22338 16854 30205 2536 10590 25213 17781 15238 5017 1944 1613 910 26486 2063 11710 23787 3383 9504 23675 4479 23003 16545 28748 23417 29717 17983 10586 5266 13649 1380 372 19483 17929 28961 13357 13208 20739 5878 28401 22788 26703 19233 14005 18533 31599 7072 29495 20215 30391 21381 7422 31553 24958 26657 30634 2389 21139 2360 25568 31546 25394 11003 
31872 757 17533 14324 15305 28634 25284 9533 625 16935 17747 8421 462 12692 6560 20068 24108 22746 27322 18597 26664 9933 30902 4247 11871 2381 7811 12089 418 8095 23169 17351 27014 5324 5127 31942 32541 1845 16446 14683 5968 14651 13499 27886 24242 2647 16185 11179 3351 10562 28664 4705 2529 24937 11535 3493 25141 28836 9070 30496 11583 30294 819 30895 13913 670 27834 12717 7399 5395 27492 10556 6029 28066 19610 21739 7771 9920 21158 20991 15487 2827 14109 11184 16724 13576 31992 13177 30859 12983 26199 181 2276 29017 25913 2560 13125 18240 3485 13145 29976 22835 20112 9654 3337 25950 26341 20428 7637 31775 6308 7561 22677 32369 12046 15553 31593 6866 25877 9622 2203 17719 1837 15959 8412 12548 18481 23061 24300 16640 15993 648 2805 1754 12209 29984 12115 16319 19562 25492 1846 15978 24505 28476 7123 4303 10793 28874 5071 19788 4784 16844 12549 6418 19592 14871 30815 4050 2690 17078 20912 14102 1160 2294 12755 32633 23152 31727 3926 8213 30603 30282 32116 9336 21536 20464 18298 12262 15243 8018 31583 14240 31159 4133 29285 27406 12204 25073 14754 32384 11742 21101 10974 5705 18760 23801 3452 22046 16278 31870 8488 16585 17851 17567 9658 1107 16605 396 14785 19544 15040 26103 6116 3576 26997 29954 13662 14816 26468 15954 9351 28796 1612 2913 18740 11827 14661 3276 1934 2039 15410 7013 28715 20617 30500 9188 13397 2841 26059 12723 17287 8910 18988 24678 20975 3270 27580 30958 14974 26701 12783 3608 12974 9926 13033 18972 17662 15634 30425 14609 26305 598 3489 19991 25797 19101 29310 13643 26719 32398 23644 27951 21387 32240 23152 15895 16324 11790 401 14054 31676 7380 11231 25562 2920 8579 2130 10232 21477 29267 19710 28097 28124 26712 29179 27239 19970 18581 1335 3864 5815 19258 22982 30396 7721 26559 19268 4337 31232 31249 30595 5885 16119 31183 9680 12319 20768 29113 16786 21604 31489 13320 2385 29174 12472 21817 187 31596 24448 11180 12164 28595 18776 15209 15073 6520 29284 1840 26228 24211 4771 21384 26758 553 17506 13790 17224 910 9953 30774 28157 13448 29553 21110 32397 32214 24492 22219 7481 20109 20306 19597 16609 8749 3382 26875 1622 9010 22653 10473 10652 28261 26522 6887 1408 9684 32281 32663 12700 10526 18707 1601 1539 3687 5967 18275 24240 31150 9423 2103 19686 26459 4862 12253 12786 8888 8110 24635 986 1934 
11678 20343 13344 14633 20299 20621 14649 19692 18091 27701 28032 10230 22953 24934 9451 29383 12044 27926 19888 10423 4193 14117 8733 14518 21654 11258 24880 4530 30725 30542 6996 621 24351 1136 10144 22512 25841 12016 31752 1810 4526 9676 4787 21311 21162 9331 29110 32764 29749 23953 15462 14268 4593 3313 25586 29596 16173 11674 285 8486 27809 20292 17549 26658 29938 15734 24794 3910 3155 15233 4355 845 21111 31390 8365 5174 1118 9725 9421 17218 3079 11823 4536 29672 23546 3490 30546 21104 16209 6833 13394 6584 29284 18358 14416 29474 24596 17762 28685 18446 3751 32586 4621 10665 21205 28294 13166 3586 6518 5548 23705 2596 32607 21118 5449 336 1319 5273 20794 27570 14699 968 19794 10099 9189 7230 3815 25555 31175 28783 10110 32002 6215 7586 31275 2961 26816 3025 12944 19297 548 8711 17349 26574 16896 9531 17690 18233 14042 10664 32661 18281 20081 9672 8844 24709 4466 13572 7036 19955 3683 1291 25391 32351 14114 25827 19837 24401 22478 1226 26946 22399 7033 12513 2307 3979 1692 15317 14571 22742 29638 4785 957 2015 5126 29093 18527 3066 25271 13160 19859 26895 16269 4771 15053 1847 1505 11122 18947 9350 30772 6911 26855 28604 18204 24239 29327 19381 24244 30944 3587 30707 26388 24746 13364 25075 21849 26870 28427 19943 21801 11314 13113 20404 26861 28523 6218 20923 3987 8285 1151 22599 31711 21389 29106 27557 12135 23385 13766 24236 21792 8700 9600 5269 30758 31323 4417 18782 14994 23491 2904 4940 8276 32388 17139 31158 24525 13775 26932 22359 21990 26485 15228 25786 1171 9147 22143 24551 12350 3296 12542 6910 5274 8639 22431 7989 14820 16749 32613 25037 25311 2122 2391 12192 27570 687 3398 6804 938 25844 21389 1719 21212 11191 4368 16425 19258 11403 8847 8715 21878 4065 21237 17976 23582 27856 18976 30029 1936 5184 26605 21891 562 3141 13624 3934 8038 12040 16191 29017 11199 25891 16845 21607 15776 561 24672 14819 24672 7038 15152 26830 23804 4095 11585 17685 27718 4039 26206 20876 31785 1955 24563 8761 12900 13879 1389 11939 16194 8903 4816 13376 22533 32320 6780 5845 22904 6412 25912 21935 4804 26786 15138 25514 30755 19249 26619 18099 23594 22846 22383 20530 19705 25507 726 27654 8847 18098 14021 423 27752 664 13209 11420 16988 28605 10640 9811 19788 11614 14413 30805 18478 26227 3571 14144 8283 18853 19671 20406 
335 3171 13927 25235 12016 7207 20681 8913 9395 2201 20886 4903 20076 31006 9146 30989 27396 24853 24604 30911 6068 21285 6004 1220 1319 4052 17087 15867 20814 9716 2558 17376 16164 13858 11077 31936 18379 17011 24094 2478 23515 15851 9288 30694 16677 3055 7136 8513 22496 20669 10351 14975 4452 14167 9918 15622 13311 4939 31527 23003 7943 15021 117 6469 1721 23059 22072 13394 4998 17731 6677 3705 17459 18256 15987 25355 2756 24519 18471 13529 19170 17571 16245 8394 3078 3808 20507 11326 5921 28170 2170 15675 3544 6745 9379 11747 6678 27443 16846 14596 21464 10145 20974 6624 10017 1106 31065 20712 2524 11550 17224 26049 17424 17506 15511 29053 19641 31111 17597 8318 6264 17216 19918 2069 23693 32417 22224 18896 30861 4036 6133 4772 940 22953 45 3332 32471 19022 4650 19902 4213 15121 17017 13125 30193 3747 7378 17670 18017 19284 12392 32506 16538 28184 13347 10757 3754 16049 1820 6857 26386 19134 24321 26565 24491 9261 9886 16236 14676 29516 28084 30417 28995 26585 28248 27432 9786 30031 30779 1779 19760 17451 30069 32014 9000 14028 3133 14976 11543 6109 21410 6873 16110 25650 11674 30017 8098 13912 30535 32298 20209 25947 5803 29741 10828 31152 6505 23474 9375 24281 27900 10161 19545 10659 9803 11881 13811 24352 10633 6057 13900 19357 26276 19957 8546 25978 20310 28127 27334 27208 26801 9348 8332 21763 15641 2332 25881 11931 32364 23721 26287 5047 28136 1515 24407 7309 5247 3345 509 31710 32456 6090 7555 6948 29381 26790 3022 14166 14169 32660 2157 20198 1721 29573 12074 3910 30592 12144 21900 2052 5207 9762 10620 23987 4612 14237 22206 24057 18594 29271 16219 11374 13294 30009 32302 4443 14864 26838 26858 28346 27286 14372 6173 20810 8466 31245 26073 15891 23085 7930 6943 28543 25219 18959 2158 28059 18256 10172 30561 28422 13971 3491 15662 17057 27446 7989 14468 12117 1938 28537 8615 27780 22698 23465 16559 13419 8522 3739 12832 22020 14686 25900 32258 5401 8224 15731 3137 15871 5663 4974 23426 1715 21461 22974 21534 2095 15656 24040 16011 19898 3635 6914 18358 23823 16484 13472 7716 31324 21328 5613 18667 14050 28692 29562 18808 1240 224 18643 24665 10695 7845 6408 690 20194 17672 22090 19739 17849 5962 23601 19895 20137 6066 30834 17564 3037 12859 12130 24525 21502 4732 3099 10898 10903 3278 9772 28785 11045 2657 23292 
9380 5835 14411 26658 2698 23896 8856 11735 31765 21515 21521 25814 31050 23072 13385 2975 8262 8129 27072 20263 28651 5395 10205 20566 7331 17206 2042 13225 14446 21802 9653 14820 12295 10162 14719 83 21927 27539 20318 14461 4283 16542 32385 570 20057 1711 12834 24664 25801 22963 20716 2418 28772 17931 28714 12708 6963 16175 4788 14527 19869 23451 20705 21638 16631 4007 23560 25046 2043 28852 11808 15787 3618 19353 11440 12276 14974 29440 17936 30189 25448 12987 31693 14289 11784 7878 11701 32643 2433 13085 17304 10809 17329 4000 2995 18261 22423 28394 5102 19199 22321 27701 3606 17320 13294 22913 31641 24141 2064 7387 10088 16374 234 13418 374 12886 21134 12684 64 5128 11930 15639 23410 11574 1276 7737 5579 25983 22271 12967 28882 24066 13117 28211 10948 6630 28801 21929 14993 26004 4568 32546 14596 17692 14483 3489 5921 23900 26745 4106 10723 1677 19800 18282 12074 28125 23857 23444 31973 20666 26230 382 25379 19146 14330 18643 23273 9836 23849 7373 5368 22602 14109 30161 5684 1635 17045 6578 1863 5906 2464 28730 29685 18205 32248 3421 9211 22764 18497 10622 8838 9846 2721 17655 2749 23500 19554 6866 10369 403 31140 11481 14718 13153 17137 11450 17593 11776 1291 8572 15675 32236 7446 28726 15920 18353 8691 20407 26364 23844 13632 9550 5969 25360 3182 21251 9566 11333 22777 10793 32641 32759 7042 32741 10278 27712 32378 16353 17693 28006 29116 26916 25712 11428 14587 26580 13556 9695 14021 14686 18006 17987 14558 24682 5144 19739 14461 25992 3402 3125 2109 12616 20849 21997 20309 19758 6464 22154 4678 27397 23134 17572 17465 11805 4571 19138 22066 14354 12465 2081 7662 249 14294 4572 21962 6116 22592 11846 21746 12219 7953 14290 9443 15168 31130 31264 28011 25648 24343 30839 16680 6805 22010 31987 1719 19595 14850 15799 1224 18236 2904 21796 6256 16338 1519 18945 23492 17859 6596 24973 15885 8023 7118 22827 13951 30753 14281 31130 24901 27420 15025 29136 21217 1134 11151 18767 16423 20151 27125 19918 30950 14145 29516 13776 17675 16166 2806 28730 10430 4731 19302 14936 30191 524 12372 22869 7011 24188 7549 11266 1013 22918 28669 13235 3847 30469 21135 8428 20 8499 5760 9413 7960 379 18513 2626 24923 14779 11274 27548 1170 9359 2123 9948 10100 29614 28995 18554 22834 11803 31187 26498 32751 28744 7050 7738 19623 14487 19690 29259 
6328 18953 30897 18881 18804 21469 3224 13446 29129 19204 21168 9785 3399 5069 1152 31436 293 32758 18682 16429 31446 6553 7823 32119 19148 29607 12777 15410 4776 29263 18239 6216 26817 25498 4914 25281 2595 19773 29766 19942 26010 14568 3592 16218 14697 9991 14209 30737 20930 11698 29208 7830 8658 32580 29846 4484 8069 10362 6703 3240 13943 3613 22490 128 10439 6499 6634 29593 29235 23264 1495 11217 27994 13784 16429 2910 15284 18682 8274 21286 2267 21610 28458 22587 11168 9498 31959 8909 29020 11082 227 10566 22908 9580 7181 8133 2846 23682 3572 26854 806 21959 23053 4240 5694 6337 8498 2868 2544 13721 30056 25167 19741 27166 18578 12491 12801 4707 3674 18288 488 8213 2949 2625 13003 7026 7361 18020 29532 3775 15317 13514 15227 2673 16374 144 10998 30711 9644 13556 5655 27500 2325 23345 7387 29157 10694 32555 13610 12597 17391 931 27161 13524 12849 18567 28799 15341 32080 18732 7336 9235 1029 28120 1691 30580 8004 30634 7015 12606 8716 7143 17608 10987 12795 5209 27314 22020 5212 15729 21383 30689 11896 22664 11719 7297 11448 22540 21761 24157 20793 50 6626 31766 30816 5618 5068 29339 24001 25521 10927 18211 21564 9637 1164 9161 2725 2776 31693 1063 4816 2280 13453 7952 21082 5558 3049 19660 8783 17192 21146 763 31859 27287 10 3182 28960 7090 8009 25028 5786 8654 2132 15497 14479 30684 16414 20084 18023 9959 17364 26787 14586 15290 14107 29403 17351 8433 15056 11617 17607 5187 21424 144 20454 61 7596 4527 11614 21014 4730 16957 8475 9168 4912 3980 20934 26062 30170 11585 2689 27023 19294 17613 5113 18564 23714 12053 21938 31812 13112 20345 16368 19195 18213 24268 14976 10747 22115 6648 5375 26536 2171 7955 27384 19671 23980 6545 31599 14409 29646 13984 2186 9847 4170 11662 6915 25742 9468 20910 30438 21173 31887 31173 20580 18447 20475 7493 29160 5561 14957 1652 32533 8384 21274 733 4610 31116 11650 10238 5963 5037 11871 15446 1502 25323 8183 15280 24484 19765 16052 15519 27853 20492 1134 18744 32757 22482 8153 26497 2962 29600 29983 31096 12455 12676 31552 9080 4487 23767 7218 55 9032 21258 31009 25136 5045 11134 25663 8276 4649 2499 9151 17611 1671 16160 31472 22850 21556 3008 26656 13281 7994 25066 15867 24349 731 18964 31457 17579 1841 1697 14965 7066 19524 7442 20995 4327 20209 31770 
21017 18277 19075 22005 24098 8343 18762 30885 9070 21410 9714 31371 25714 2577 1853 13818 21827 18370 13890 11290 26008 7954 7211 25320 30372 24100 10168 25780 4873 27653 13848 4818 26833 17107 4448 27849 15976 9250 15658 11591 20557 24114 22080 16507 10371 17640 10950 15905 4284 13691 16673 32215 23182 20422 17977 19930 12269 30650 29359 25718 2895 22643 4288 32236 31219 2126 28823 16615 32327 148 1901 8537 27336 26601 4639 296 16263 23338 23740 14637 18203 14184 7163 31099 30298 9794 9053 10413 16116 15669 3337 27237 14340 22255 7472 27776 13514 17233 2422 22207 29825 17487 31443 26587 4157 9402 12043 6489 6876 30659 22260 9619 17160 1581 4175 25115 21329 12430 29984 21242 27890 25164 22466 9933 20881 20999 20400 4036 18294 18845 8536 9066 4380 27908 13322 16346 29539 23083 6646 14241 6669 5373 29180 2060 7501 16490 30643 28507 13437 32243 17220 16582 27231 9220 30699 8534 20631 13807 17619 24523 13634 14548 9772 4651 7281 2112 20062 21732 24871 8137 22504 2512 16808 19551 17250 29189 18002 4185 9663 27874 11027 4464 363 24316 30863 14695 12679 30303 12944 8040 28838 5608 20802 11987 31910 18551 32000 14292 25426 83 27602 25655 20379 29859 7405 2101 24165 16854 1650 12300 23090 12005 18353 15095 22457 7803 32129 27576 12007 30733 28858 8384 1173 8189 29168 8062 4678 10381 21543 20606 14645 8026 10579 21731 24262 28765 2604 26614 9286 230 7375 2363 12221 27104 8277 5883 2897 27439 20593 19753 20714 4567 26148 14908 1495 6800 12706 26811 30736 1172 29650 17670 19161 28335 19618 25053 25584 22137 9395 18422 16604 18733 8171 3680 21805 14440 17954 13658 32217 6173 21026 15274 24126 9316 7899 12457 10056 6310 5422 32073 5822 846 7064 24706 22885 14571 21860 30572 28034 18169 25011 18932 1863 27161 2895 19615 30242 14633 16353 25259 209 4979 24892 14310 27461 10267 31425 9746 7469 17111 6274 21533 2057 19772 31459 11406 2259 28316 24628 26163 31788 11259 10617 28834 7209 20299 30466 330 31780 7824 2873 11430 22897 9054 16870 19663 2556 29259 17145 5338 26924 27629 11326 28531 30788 23131 11334 12745 3531 10278 30467 965 8662 24563 10694 1823 17920 5054 24175 30616 22866 27589 24279 16020 6313 14823 26872 9409 19607 26328 19532 21971 14722 9356 12354 25883 14508 20688 10458 22397 24360 14145 2992 3633 4639 7123 4696 24032 13354 13925 
3213 18868 31154 15645 18361 8537 14565 953 30831 2411 7677 7524 20263 11166 6159 21758 30252 27496 6035 17567 7030 17352 17105 6627 10086 418 331 20246 29093 26439 29082 20797 22757 31139 6226 951 817 23569 17229 2497 13382 6622 6386 18766 8623 22189 9511 22151 5673 26479 26012 14784 28899 1736 6049 28494 1269 28383 20738 16105 9963 26730 17250 17097 22923 7538 9283 7599 12210 31305 27753 16170 3065 3670 32034 25203 19058 19299 16662 17741 32339 20533 979 19321 15357 7896 2239 10857 4166 28690 28371 17744 24575 22642 3441 26458 23937 9689 22586 30815 8136 5553 9588 8316 1544 6230 32092 20732 26653 9383 31728 8541 11624 2212 1096 24886 25117 3069 11169 1512 27396 24850 15918 17306 24403 26848 22573 25750 18669 10274 13541 23373 25700 10226 10617 20898 26745 9355 28233 20290 184 11286 1747 3320 20727 8807 5933 22606 18361 11322 4817 11816 22859 22034 16460 13199 2797 29720 23492 8492 11141 28173 2705 26862 20166 23102 15740 10355 5050 20567 20473 26601 534 25153 27043 28068 12215 15672 29656 1481 26450 13991 24548 23789 8878 17543 1723 25976 5940 1936 31396 14297 5336 9115 22001 29760 8123 10521 12827 3048 15374 4808 31520 6724 10716 5138 3611 349 26787 15663 32511 9529 21212 23764 3287 30040 1528 16075 11082 2303 17593 22167 29843 13458 4774 31190 26273 545 27757 6025 4979 9698 27217 11635 19123 2045 446 15503 17899 28642 28883 24009 16227 14682 23221 26854 9394 1541 9558 9957 13576 15142 32658 4325 11710 13423 12227 20366 18331 27915 2611 11912 23126 2097 11620 4942 10754 22888 30 3386 27061 11833 15346 12188 7583 22120 14163 32018 21024 8508 10908 12612 29608 10734 2167 9051 24820 5665 27221 29589 27013 5084 5723 3513 26557 9713 26554 14194 23685 14763 10261 21924 26813 27616 3924 17874 20703 27141 10759 20997 26444 2870 9608 3312 17699 6955 4275 17299 10470 9092 16719 17668 10181 15172 20674 24442 23578 8863 2080 5839 23396 29144 9447 1461 16887 13012 14544 31060 1634 5088 2871 6664 18397 18166 3799 10367 7664 19623 32538 1633 288 19822 28995 22128 28626 26867 12923 9741 9501 15323 17277 16713 32145 8206 15887 14146 28039 10507 10239 22144 15167 32531 24627 5854 31761 19072 13573 27641 28589 5700 10304 8435 15671 25586 9850 15842 7013 1552 8273 2695 2131 32390 21342 18167 6483 30472 28629 15530 1318 6587 
28470 12323 2270 17119 216 271 12631 11495 22014 3622 16555 17551 3429 31382 10315 23516 3744 12935 16590 8198 5898 13642 21307 25695 4898 21236 27165 3225 17972 14989 9115 7826 99 21194 9002 16773 13527 28752 12790 16468 26051 4895 12099 18542 3685 19967 988 19980 31471 29065 18097 14248 3531 1762 32198 17257 13608 28874 26322 7760 17545 21671 19427 16469 19181 19511 6681 9401 27043 18126 6792 27462 10873 17450 17373 3791 17930 29398 10015 32620 28328 859 5936 4092 9707 29609 466 27720 29176 30482 320 2827 10571 28797 29733 14173 32283 28263 11091 32344 14948 28787 27346 2253 2516 26807 9714 19376 17259 3159 13469 19464 10064 16523 20573 6706 23335 4944 3829 18340 11328 10252 6717 29566 10244 10173 29754 23531 17445 9681 14626 20812 27183 12674 23367 27753 4635 8847 30623 29406 25548 25894 24216 10314 20062 13001 7740 29655 24805 6355 13456 28688 16213 2937 22156 7354 8653 24519 19841 3511 5935 14046 32125 11134 25204 5325 14742 19228 14815 19649 26142 12605 29554 25044 19912 31976 32328 30301 6849 5794 25464 11259 3576 18290 8898 17460 27470 29468 30070 19594 7221 9522 25173 25345 219 16919 9806 11822 16806 29088 30235 13418 23903 4971 3960 31138 8062 18185 29146 29520 25187 9947 14029 23642 10175 23422 13517 32760 1247 20784 28448 29231 18383 16165 24636 14529 13688 3442 14072 23462 1642 6017 30788 25071 14336 16224 23304 5829 17747 15130 23754 5939 21801 7166 23332 25173 15233 32107 28193 29385 25122 17994 10858 7112 24474 1762 14850 26349 12927 9207 21914 8755 6791 16939 4551 30640 5628 16637 20869 8403 6953 18628 19560 10836 8636 13112 29387 24996 9239 389 22026 1597 27411 285 1711 20915 8979 31834 3344 7261 1130 27360 23320 16139 11330 22840 20748 5118 19071 5427 31875 19736 4464 30910 7805 23575 1769 2065 13912 12389 16294 10738 26980 4373 3399 20925 3126 29943 27582 4359 23298 17711 16989 27732 3476 8933 29138 14354 29907 18755 7492 24456 16240 17197 6495 22116 2363 31209 598 19969 16048 8953 23763 17903 19949 2778 15467 5223 22949 5874 1737 9590 17476 27607 4728 18612 6747 23870 6505 27020 2115 30052 25905 20895 25890 26925 23242 31936 17841 16693 17175 32242 9173 16259 17639 15386 9554 100 28172 4034 12280 14367 26774 5574 9746 2292 27520 31467 495 27625 25640 2390 13151 6060 10724 24319 32093 25591 32006 29044 
8911 7053 20553 12192 25404 16074 5617 17671 32436 23815 17435 9402 17803 22328 6210 15507 15388 4739 20486 31782 17394 16321 19886 16684 5268 22681 7329 28111 23569 13132 21877 11899 8888 6807 6240 27479 13704 9060 5808 19044 30489 625 30275 21837 950 22173 24312 11915 6114 17009 5615 24941 27338 5514 15627 5875 28845 929 16098 25392 21634 8325 27144 28879 23602 29733 3282 24565 5690 32762 12717 30839 20064 22984 27575 21915 9709 23355 21512 10353 10561 14585 22642 2959 6149 1462 14062 9418 17767 7804 2132 2954 21691 5773 27377 20348 30271 29472 21887 12897 12248 4690 15837 12859 15129 11917 21826 32735 7019 25294 17563 2830 27131 15703 9513 25956 5710 20444 21113 3145 13874 17071 422 12931 30734 15028 9665 30710 712 2979 21899 20723 12815 30355 4236 28621 4814 3062 23558 16014 31994 19748 30992 31379 1113 17479 9018 11905 15785 18610 22406 19300 16029 18203 22834 31799 7881 15556 6526 344 22032 17971 32491 29048 14976 5341 13868 12634 6188 24973 25496 13305 21943 11998 2459 4432 20942 27956 30716 12330 20286 26346 14924 8400 11486 3688 13636 9419 1588 2441 17081 1467 1018 2801 12763 4295 18841 14165 26817 21215 4655 24744 27041 17361 18025 23090 16899 3358 16768 31885 18677 4077 24302 23780 13341 1082 30211 19746 18570 3518 14389 26654 26080 7293 29883 31959 12581 9242 7829 10130 13525 31062 21505 26309 18048 29314 11864 13106 23159 22118 12998 1709 10229 18199 12699 31428 10359 21934 28756 11079 805 15107 6262 10892 9662 25414 19639 24692 5171 5022 4215 2139 5135 31146 30028 22558 30108 32709 22530 17800 25718 29875 16299 8911 13856 10863 12642 29028 9298 9223 15602 13994 17723 19258 22873 16090 18392 31255 24229 1421 14558 21804 30874 15012 20486 9546 8059 799 24986 21218 8637 26650 5009 7109 17158 27055 12783 9939 15950 27532 17641 11203 9116 18417 5103 15921 1569 11920 22029 4621 17227 14115 5110 20146 9533 12069 31571 29583 5083 1147 28220 24543 8761 9763 23242 25296 605 21577 22196 19575 6823 4415 22335 21016 4667 6975 30304 15734 26381 8516 12913 17434 3532 4355 28441 27811 2603 8289 7297 12125 21295 31314 6137 24642 27488 25962 17972 12420 21597 1546 17007 11875 17978 25986 32357 9444 7761 19490 17891 29544 22688 21295 10894 29205 2827 23277 11323 24244 13540 23903 11309 13955 25258 31213 14492 13933 15776 30496 17111 17441 
22581 30439 27245 26287 28127 29300 12985 9587 2357 26351 5366 18128 27754 3905 12006 19298 21164 24383 27066 7919 4795 2543 29780 18136 14970 22271 8647 4149 29043 27438 30246 7564 31914 13129 10945 4913 11961 31294 7458 16300 1311 25874 5513 13370 5240 11736 25281 24339 28163 6984 2317 18298 840 32464 21818 20409 30122 4202 23670 8331 15532 27484 28021 23922 5462 8808 26491 11357 23137 2034 14236 31645 2699 23610 32694 29868 4744 517 4677 22046 20374 3003 17309 25690 9854 31813 17324 25268 28242 28543 23945 2975 5708 5622 31568 7490 26575 380 5802 2965 14911 23233 9027 10762 28286 17839 24592 19595 24280 12009 3119 16674 1719 11950 11812 5821 28921 5997 16367 32212 23895 28201 4643 10928 21697 21267 7031 18692 27313 17026 25120 16402 12329 32626 21158 7813 26387 4225 31483 15081 17179 1045 27220 10864 8096 358 144 10413 42 18655 19782 30784 25429 19040 14741 12877 5863 18890 4042 22774 4097 21180 20095 15674 28863 12304 24306 19940 17151 23676 13611 214 27006 3231 13441 6716 17920 15630 532 12720 19928 19829 6567 3389 6413 5857 2886 7242 14297 5292 6066 6472 4197 12491 23908 30843 22388 22474 9435 27278 24626 29742 28631 28696 19026 11833 18685 16623 13504 29714 4285 11909 3018 13162 2544 27285 14108 11082 18626 24589 25503 28913 16678 26415 5988 11610 13302 32205 6787 17201 7726 6315 9552 22634 23075 8282 27970 28879 16539 8940 14608 23990 20110 18609 32275 25129 21260 1036 790 9170 17277 26770 30099 1655 29946 19979 10211 20227 6592 22347 14601 2226 22278 27959 13138 254 19566 26402 22812 31188 4702 1078 32574 3858 13085 8792 9310 5218 12619 3315 30641 28891 26831 9653 12447 7135 5887 11997 2084 25907 282 16819 6095 12840 28566 5132 17201 27048 7104 27070 22325 27770 4812 3209 30173 8085 3598 18192 12349 17326 12604 23890 6155 14138 15496 28592 970 17456 17636 30678 31298 6533 11012 21477 11901 9210 18840 10111 17368 25895 20575 16123 28979 18098 30884 3342 12007 8147 28792 4089 15370 3279 8700 30718 12259 26865 9628 12529 4119 5398 28989 27010 16171 20192 23589 12674 6231 30907 29632 32398 11538 24627 11007 32161 815 8957 5115 20998 12367 681 9247 2411 7681 6280 21920 1119 14944 27732 15585 13221 6752 15590 137 19421 29853 174 30682 29390 21278 17402 17814 28021 19943 6289 7790 12010 9758 8002 27486 22245 
4606 23447 25819 15864 11506 6632 20990 28535 4269 12779 11567 16826 31203 30081 27406 31220 14439 11610 13794 29355 9060 31175 26851 21447 30754 28046 13768 9831 27136 17379 10914 10286 13778 30383 26273 23666 2416 23852 23800 4445 6306 17657 23466 17405 20372 14362 3208 28084 20551 23511 21008 18068 18505 2994 6877 755 23851 28404 21996 25120 24652 17544 11844 25179 2092 2579 24029 14542 11711 31788 8676 15707 32678 15185 21515 14238 2150 3331 29112 18178 231 6155 20905 27546 403 27756 20681 31435 25581 4747 1206 18223 27113 5836 16852 2643 16693 19581 25458 5669 18355 12946 20509 30198 8676 23950 3731 21373 22361 27397 25596 13113 32215 6522 6399 30855 29168 13144 15747 19659 9467 26003 26842 22204 14950 30109 5313 22674 17594 16803 3953 13370 12959 22842 5849 32736 28079 9919 22775 16710 18724 7458 18018 31785 26148 26471 21583 25576 11609 3324 521 5811 17503 13482 20494 790 27515 15623 494 27980 5584 29752 27582 31799 14436 31079 17584 5150 27337 5701 10903 19289 678 27236 20605 7594 13954 31595 21381 5634 11337 8564 2044 18096 14440 18767 6773 28554 4211 20209 16164 27126 23123 15862 11293 31019 31592 11589 28985 5591 11702 19143 17348 29219 29110 3501 6769 276 5958 18567 1705 29781 9610 24173 17070 26070 20050 29968 29167 15983 24143 5029 18195 21225 30858 19985 4284 8981 14600 32753 28916 16317 7174 14 20815 14255 1133 12868 21106 20485 10245 3238 3369 29897 23007 29786 24480 3251 5904 26906 20874 27318 1029 21558 4030 12288 9133 1103 24799 16974 24887 13436 7561 25243 8184 19706 63 10390 22439 27583 18251 29474 24722 6524 18038 28110 9604 1305 11379 18026 20012 32437 27699 20501 30183 23679 16300 17506 22430 16755 31475 28996 16960 18204 20133 9912 26678 11300 654 19445 18104 24054 8710 2782 28139 30435 3228 31396 3046 9912 11246 16661 21844 18020 18517 31235 14713 27270 4366 27902 9974 3454 11069 13267 1691 12159 1641 18180 18868 26964 25934 17350 22321 29752 25447 14881 4306 27976 9603 20456 22321 28751 13616 28939 7526 20957 14533 7271 11012 14944 3343 32744 9892 12568 21321 16422 201 31178 31105 29925 10894 7422 5665 19005 17327 25855 30694 15469 3649 4020 7050 17467 29109 240 10902 27406 28491 4270 23388 5904 31391 28366 17656 21234 14986 5596 27257 4265 26671 244 14302 26957 17622 31013 16153 11117 4428 7535 3637 29167 
31341 26274 4085 20986 19177 29064 11928 11043 31642 27365 18309 624 7959 12506 14068 1838 12904 653 25634 31712 27743 24738 31836 4066 27120 12389 26525 1202 17067 18883 31511 26893 16157 22154 9827 17007 2001 5593 2898 11369 15022 24120 30362 26748 23426 24994 25795 17828 30193 11451 26662 6623 13578 8673 31578 31089 13280 5144 10327 25023 31653 3430 25509 1019 11583 27902 16742 8082 12044 19702 24987 10573 8876 9388 20678 15819 26463 534 9019 30545 7967 24037 626 7324 6554 9006 26671 27892 2407 14730 25322 21340 19873 10738 4227 18554 12250 18690 16005 17587 31133 11039 2974 11242 14895 941 5568 4965 19078 24233 16789 14580 11353 4268 28296 25585 5254 9943 23842 28356 30219 18202 12534 27964 23852 18496 30820 30593 24616 1708 9234 20043 20594 23446 16400 9416 25508 1977 23962 31806 13570 31574 22929 20427 15858 10863 7885 4366 27435 12319 25106 28667 8898 30817 6449 17772 2849 16056 15702 8294 4607 23226 2279 1683 22469 28929 17721 25229 19657 24317 29998 20572 2999 6285 26978 19055 4161 9216 5746 1101 3749 21294 23822 9070 1704 2584 29329 32339 20613 17809 16601 15935 3126 9588 31058 6763 26064 5446 14059 11263 20399 27924 25873 16687 8380 6045 26793 1167 17268 17221 16858 1156 15207 21406 15413 9872 13868 26163 30665 21306 20138 17060 32663 24650 23585 11065 14280 11517 2368 13711 19104 1949 25902 7584 31732 26012 25504 9420 18270 10850 26728 19795 20113 356 19121 5666 13970 24906 10241 9928 6466 18486 16553 8451 5451 14664 16143 14570 24354 29284 2594 24370 5591 12793 25191 20778 8911 20188 14376 27882 5702 28942 5181 16230 25162 796 28100 7776 1990 26232 24850 1480 11272 29041 6266 19775 6318 22762 32177 28486 30570 28467 19913 7739 11928 26280 16699 11022 1654 23179 9484 7483 5823 26894 21558 9411 18940 24929 12488 16491 28345 26904 4208 18767 26800 1469 7657 22537 16375 27231 28773 27885 487 5250 9690 11341 16199 4570 20832 26848 26055 3308 21732 9882 7872 19041 28376 21852 26266 22686 8116 1280 26692 25523 27456 8981 28608 29872 6982 8932 21385 25152 3727 22506 27845 23158 25855 16534 23986 18375 17804 4749 3854 25247 16015 292 23903 9182 11601 16840 7423 18910 8213 1686 15811 11311 5108 17008 25648 16816 12343 20690 27560 8595 17102 4277 15829 23501 23203 19005 1821 30084 3438 7921 3214 26642 23448 19748 21070 15179 
15241 3314 25807 7447 13398 7133 705 12542 9142 30679 13203 17663 11057 31944 8448 18943 22475 22032 28806 12245 23036 13738 14823 18559 11138 1595 27061 6475 28717 15355 4177 10756 29290 70 15106 29275 725 2008 26116 16896 13543 8124 26116 2569 17711 3911 1822 13362 9501 10079 11104 15237 1464 9766 17629 30002 31657 28598 18250 11982 3138 3503 1827 6769 9467 1443 15526 6207 13642 5069 13774 20094 10437 9336 4804 31971 12758 10893 28324 1823 8179 7224 1496 14347 20396 24178 26894 14968 10995 24236 20543 8078 19961 16503 12758 11388 774 20151 6946 3042 1611 1545 27448 24923 13730 2705 10135 15100 22648 27630 4137 2302 14692 23666 18507 14969 3483 29463 30603 10217 21681 15380 31500 12587 6309 12543 16151 120 31174 27365 26088 19052 21705 23032 27673 15651 29460 19842 5296 17866 20633 7458 17120 14936 3217 10973 12353 30824 22116 31625 9033 7272 10226 28380 29202 17033 13496 10857 27181 3476 25645 19571 16764 28279 9926 29943 31600 26517 21035 32032 7332 19739 30975 26699 12143 21945 22837 23606 4899 14329 29936 14373 13205 28473 25286 12184 23512 32207 19366 3809 32007 30448 29667 26657 20811 16408 5651 21230 7774 7206 6183 6987 3546 8878 20464 25179 6183 10534 1580 2350 26177 11660 25196 5971 3714 31165 31355 22407 7868 7969 1698 409 24702 1878 16163 19002 15345 3064 30682 27504 18102 1565 30408 17309 1504 19838 28173 9115 13845 497 17497 2938 25522 3339 28029 17728 24881 6099 11403 14403 3105 7207 23521 23773 13379 7603 26411 260 26283 535 700 12902 19887 32357 26677 23400 9721 28294 5235 9281 2595 18691 29578 115 8159 18305 30526 32502 3469 3947 5757 275 10663 31277 1591 16465 2340 19721 15951 31496 12674 28751 25429 31233 7015 10656 22730 8623 23721 2533 27031 15727 20368 14036 980 24704 19109 2607 25999 16926 31675 8198 302 23780 17611 23212 26267 10912 9981 10467 16422 15877 11995 28290 3367 32228 32013 9324 31414 32457 25134 11365 3810 2637 19986 17038 15075 7630 11165 14061 9154 13589 28709 20008 24670 24436 3327 29010 23638 7577 9948 18101 13000 21720 2042 2655 16555 11194 11342 17163 19491 10994 11222 8346 18319 1164 27306 20427 17435 29196 23707 21342 26420 27936 18631 13471 20020 1265 25568 11439 29398 24229 22030 12002 32302 9304 10494 11241 13858 27885 30665 5879 14995 31151 7978 24056 19295 13904 69 4527 
30080 21986 15178 22485 8967 1929 10271 14772 10579 19122 29445 23833 18090 6855 21467 7872 27957 20500 23433 10021 29321 28944 11099 5319 28819 12344 23935 6511 32529 28685 18690 30821 26990 5466 12932 20976 10896 21985 1495 26974 1627 3641 32646 12475 17584 1091 32004 11994 13339 32014 9466 4092 16227 30429 21693 27152 16118 11315 13567 29000 2825 15237 26978 32031 30780 27085 1797 13922 10256 540 26368 5712 14154 20926 15692 5387 26813 12944 25336 32034 5745 26205 32704 28697 3630 25416 11955 12427 23764 15746 17264 1325 8865 51 2863 22557 17041 27493 18173 32186 13806 32401 22767 12739 8013 4062 3892 18073 19303 27485 3143 13606 1115 27982 24313 29233 26632 3222 4481 10103 21666 20639 24514 26157 25602 8094 19342 26703 25824 8954 32306 22664 26352 740 5127 28904 27971 18483 6894 27396 32677 18775 18545 933 25150 19371 16309 14092 29010 28559 16445 6994 20464 25684 28299 31736 18273 32018 13137 21712 26986 16411 1021 25083 1975 3017 5354 2082 32197 22804 16952 2620 29253 14917 4467 6260 21212 14523 29235 9962 23784 15790 22844 30456 19501 30334 27127 18465 17516 10519 27632 5287 17470 22886 4705 24010 19593 28475 20901 22636 9405 28182 31192 13273 13134 25440 6349 28329 588 31708 12941 16642 14439 1865 25722 16648 29746 4647 4976 23804 7134 24782 18815 24862 15678 32250 27437 7532 16366 5512 1606 14926 30028 31125 28661 38 23422 599 30819 18817 2993 15292 22474 7662 18202 17111 23356 18608 20743 10567 17756 8992 28745 9309 22194 14152 10246 11562 25419 25876 20954 9576 5029 29121 31392 27703 23076 3652 32197 30057 3731 15003 29440 29727 19177 27209 31482 18652 28510 10582 22167 29498 9258 75 27529 18960 6839 5924 5730 17102 9930 30606 16504 9914 11351 2536 31086 11040 18450 27028 17187 5201 22446 12349 25680 19342 23370 31966 26116 21753 15297 5612 23119 29187 6417 1967 29742 28514 10281 15944 6788 19752 9252 19962 6689 15948 31588 17139 6378 1862 29700 24981 17942 10442 10129 16468 14038 22719 30758 15090 12955 17 31362 20961 10443 31646 13459 31750 17372 8994 17385 28778 8047 169 1324 8105 28116 27432 13495 13949 18250 2549 10995 18145 28361 4398 21370 15881 27341 23487 2744 3521 30545 24223 8499 13964 26352 20098 23849 30087 4498 8585 31658 19700 8187 23666 25506 32060 19186 14641 22543 18313 8724 16607 9865 24770 28215 12808 14723 32134 
25885 2094 18979 2474 26911 25255 13029 21364 1711 2482 32753 3676 21038 2510 7721 5572 8221 28838 15984 26167 26362 14633 22172 29032 6681 8746 11943 15756 26285 11727 23740 16675 32445 18590 18924 4125 711 15930 26166 16399 2583 15053 32759 28900 23241 28501 9063 14782 22885 30161 1946 4131 4654 15453 5820 20562 28740 14607 31968 387 21397 25381 22059 16536 13325 17070 32543 5977 30607 29213 17497 28132 6351 20099 27711 7872 25483 12808 15842 11896 12303 13706 2081 21852 4197 15875 29039 21564 17981 27808 30132 14395 1121 24114 11983 7599 18036 2998 1936 28228 21305 29507 43 9348 15086 10320 2384 29498 14983 26008 5856 7989 28129 6400 11917 27916 27936 26445 5759 20764 1526 31414 31033 11164 4980 18623 11799 25286 2536 23276 5875 9596 15555 2932 2253 2493 15333 5993 12569 27429 10709 32207 31235 8833 398 7858 18511 7933 17905 10520 3558 1288 25461 2986 14351 29809 12144 6237 26441 20417 93 26883 26502 18584 3400 10 12271 9167 28867 25380 6708 32092 10170 1899 14172 9232 23897 20822 1975 20304 12018 26494 13564 11694 2816 22332 31823 12339 18132 1390 4099 16576 288 2041 8916 21498 6365 6631 823 16742 14922 115 30575 7054 9783 14162 24191 32665 2923 22755 16550 4987 20830 28740 16555 1080 13622 5671 1017 20556 29602 20395 4439 21467 16654 4154 16256 28709 3631 1218 17456 371 26241 24852 21052 7623 20437 9663 4080 31484 7247 25334 26444 23387 12604 23851 30921 31846 5953 14177 30419 28380 13440 6434 28754 23465 19995 3070 19493 32216 12933 28586 32304 23755 16540 30380 28429 9334 9753 17910 8173 5098 24736 10356 6434 3907 32600 26270 26001 23409 31886 22150 900 31507 23017 16874 15696 18002 21715 13191 1716 26498 28271 11412 28358 28041 28088 5969 9826 12069 31771 13693 18069 19695 29440 15691 2215 16675 27746 9622 13310 13379 8669 7343 26169 25233 23436 10362 2955 12876 14470 27245 17680 2053 30850 9701 558 26575 13536 14256 9300 30605 6453 8854 10057 10371 10464 7417 2039 13437 28700 12665 32184 29398 15319 5295 27468 8897 7884 4424 5751 29186 183 2203 9603 20343 4493 3671 22075 23756 26319 14951 17305 22653 1519 1363 13762 25169 29337 19769 18579 16575 22432 11477 17295 21689 31744 13023 7005 19187 9396 8974 15900 24401 23587 15436 14099 26016 1401 7437 7505 28442 1045 16620 6781 21485 2916 20117 24611 8712 
30578 19420 32002 9755 30585 4556 15808 21528 20286 22005 14527 22897 20179 25895 27596 28755 9537 26876 28637 3408 18187 32550 29917 10413 26252 32631 14310 2608 18303 28240 31944 19868 15730 3473 9962 25867 28114 25196 29413 14665 1217 23137 11337 32481 23917 4163 14995 25672 13697 12296 15960 30853 9415 28152 24452 7635 13080 26742 15470 15049 16288 6052 24185 13387 3501 10015 2649 28199 25332 8123 5700 17787 31706 10638 12613 22780 32314 21060 1737 19911 32558 2783 4344 32537 14980 9087 5126 2078 32723 4250 10947 14346 9578 23121 550 10974 906 6644 23874 28552 15248 13159 25383 19116 26132 26225 22471 12062 3173 7681 15921 3986 19281 24049 12759 28591 27357 19376 16511 7304 16178 27150 27672 25585 3759 19099 9547 12000 31407 8123 21410 880 9760 8042 5754 23530 15 25523 23242 5349 11819 833 23340 8772 26441 7191 10978 3729 17910 15315 25180 19939 30386 23082 26606 462 9594 273 24508 18606 30178 1140 29355 30626 10339 4605 18441 14273 635 4902 11438 9470 25199 12043 12846 5247 7913 26054 5369 18097 29639 13938 9534 3410 1644 31958 22643 15274 26906 20042 5368 12516 4829 9196 21403 13467 15939 22652 19745 13473 20813 15525 27885 20125 10702 10193 18622 12341 4218 4857 29517 9460 13342 2011 18222 21899 11560 27751 29094 22765 17565 22698 12655 3789 1264 32682 2202 6974 31252 18143 15076 7257 3229 20474 12412 28204 25491 22546 20494 25960 23878 9038 22738 21910 22921 52 15881 458 22424 32019 9167 31811 6580 8748 10186 14889 15816 3595 10286 10877 7711 31716 27459 3266 6617 21732 30970 28442 13238 1543 28942 8257 25178 15968 9605 19569 20664 12516 26315 20960 29703 25452 9453 1457 29517 31197 2641 27094 21634 3303 24242 17474 943 15520 7474 3404 25134 6925 22146 28364 19829 21039 17449 11641 31953 26767 22875 2040 19059 4283 14794 28793 27441 8054 14272 24521 7313 24209 23767 8766 5066 9094 10388 4187 31925 7702 1257 7834 15941 28628 20805 16320 8443 26361 29662 18911 27282 23672 16754 21397 21601 18632 17788 1603 24888 31412 2303 16065 29980 9471 4107 10003 31903 8841 31063 18059 23373 32596 3910 2053 21780 12232 20100 1113 20326 14525 25008 13611 24176 31160 28474 12458 4892 32262 31890 21521 10779 32563 22193 14626 12394 16358 5660 20 32403 10347 21385 524 23717 5052 21270 10635 28214 3521 23805 6570 4994 28661 371 26172 
26444 9916 10921 10625 17179 23401 22215 17468 30579 11428 6253 1015 5394 21721 30834 22910 20331 16570 11278 1498 15386 1977 28558 29643 15269 12313 5017 25918 5419 1785 8997 19252 25144 32135 13095 20525 27581 3148 13860 20118 27249 15186 27793 14952 19375 6261 12312 6329 22094 30064 10517 16729 19253 21866 19785 27874 12807 5964 32653 1214 3239 18050 29146 8702 12532 8309 16995 12155 28154 31777 29461 6306 29310 100 12913 7700 11289 27071 22766 5417 10150 6340 28911 3807 9641 13825 25753 28502 12677 10492 11530 11044 32261 16386 8949 22900 17964 7631 10617 10476 32449 3021 716 30361 31027 22982 7286 25816 15601 3473 28984 10465 9370 1379 31786 25390 5947 12081 18966 23380 10338 25588 7918 20640 30159 19833 11245 8898 3815 18393 16849 205 25954 3193 6102 6913 21196 19650 17269 20632 31583 1136 1785 24185 32753 26101 5827 30652 10350 26880 657 9690 30306 22631 2082 24152 27446 27873 20721 4878 3688 29148 17028 16594 10324 13156 1273 11326 15421 7701 8329 349 17365 14169 768 31950 24588 3237 8008 20456 113 30235 11704 19131 26789 1287 14710 5547 15687 27891 29848 21395 24295 15822 25957 23217 5169 20683 18843 14529 25969 3684 26056 16681 2610 7779 27894 15699 10053 20404 4435 13355 32006 15787 27825 476 6869 25614 15667 16836 5244 3628 14267 30036 8640 20000 8401 8294 20759 16020 4217 17943 7952 6958 20508 32382 1396 4896 23754 29618 14787 7088 12335 6934 15629 12462 29194 31868 17281 13209 16814 3840 25791 3561 1963 14233 15215 5677 4935 8728 6020 3594 27282 19086 17140 3882 2718 26432 22805 2408 21522 21469 12047 10995 19065 14358 393 7533 1488 11551 13449 23745 15175 28586 17408 32237 5658 15858 13315 2195 30885 1331 12627 25466 2629 7332 26859 29874 4697 16386 25660 15850 23550 19195 3647 25061 22476 24737 1439 13827 17026 7920 13582 23074 9380 30306 23353 10046 23302 15091 10212 2417 13827 5638 18509 30111 7822 20624 15184 15711 26619 28478 13558 22034 12893 9918 16028 1169 12509 28649 31733 11215 19251 4840 21879 12472 7026 28144 6474 5016 31964 30729 4829 1217 2145 28772 2499 22233 3148 278 2989 29373 1733 11128 9911 7901 18706 30502 2487 25104 5360 16518 29916 14890 6480 17109 6556 28808 8983 22200 19265 9324 5864 8307 20491 15461 4674 5148 4868 20284 2527 28780 23052 24786 1615 1404 9120 28607 7985 11748 
7474 11074 3955 31306 7361 6772 6401 25795 9495 29943 111 31409 19011 30517 2077 30275 18700 26592 21957 15415 26943 6590 14530 7088 1422 756 29569 6776 8691 11805 7244 8915 16191 30574 16048 9130 28136 30939 12847 21498 9864 24607 7108 25331 29486 31122 13607 21984 2209 30068 2201 9237 24007 16445 16062 6800 29411 971 4567 20194 22617 16642 29735 14990 5583 7498 15210 24212 1957 31787 19784 12507 16771 9914 12778 18715 7308 2152 24264 17822 30457 8421 12467 31699 31230 325 21966 20426 28015 3155 9824 353 647 29256 10043 22468 28833 10682 13939 10922 29542 24992 21388 267 11951 11818 20834 14846 22100 23313 9763 1886 10233 3248 18485 29391 25438 19932 9348 11864 9278 17479 19001 26505 17726 21999 4578 5447 21975 10927 25734 12640 20346 12748 17152 12927 24037 16485 3375 27637 26703 8140 21604 4638 8415 15092 8888 6875 5136 22109 19048 17800 31640 22133 28019 25274 2058 1988 2610 11719 1142 5962 17585 6951 14347 12961 19323 31100 30954 16162 11449 311 12902 17433 19057 8586 463 14128 13860 29346 13641 787 27774 7120 28677 10969 29540 31788 6064 13860 2815 2272 1391 4601 20593 19527 20952 27280 11851 19401 11236 30946 14972 19318 5343 22143 26212 14497 32589 20604 22687 168 7778 7813 9389 31837 3865 11801 27358 30470 1112 29035 30772 29182 26534 20893 23924 7829 13170 27850 4844 17569 14748 22190 22827 19713 6799 28378 28479 15750 10824 15217 3945 9031 32479 26424 7473 27168 26689 12678 5837 29845 8765 18446 2422 18493 22287 11691 19502 32029 5963 15340 1909 28683 19599 13350 10794 24570 9054 224 26160 32721 32013 30584 7008 18008 4187 31714 7076 23742 17799 21323 20808 14533 7321 29873 5026 64 11814 3150 19050 5028 27411 22948 28844 32492 2591 7047 3236 29815 21928 18239 26222 22005 16209 27406 32286 14079 3332 2418 10674 18773 30938 11609 25015 31698 11950 17866 31226 25135 27435 25450 12738 4283 13117 16593 27519 26098 17690 19185 12128 3471 11036 16203 17281 24096 18275 17024 27916 11672 23918 10913 20523 15962 7004 20543 14488 2201 10725 4161 15971 14357 11984 4871 20825 1484 12126 23828 14346 10250 2694 7820 18550 17885 18176 15513 19924 30728 30904 25249 22569 22770 194 20885 8534 23356 2048 17653 30776 918 26844 20134 12860 31554 6445 11279 23052 21978 21853 24361 27013 2867 16330 5763 30789 19021 1045 12898 8609 27375 
8305 7417 5303 16474 14085 23230 9607 1656 2666 30148 7126 6800 17670 2889 19164 31848 21697 8323 11569 5685 25017 7298 14765 12116 2888 3633 7729 13150 6541 20463 4113 2884 5471 32587 26410 26545 750 9072 16084 9452 16360 23480 5818 28603 12631 6373 5483 32467 29503 27033 13948 23834 9379 25179 22094 28930 19852 14966 17265 25026 30805 7189 19127 745 16517 12367 28130 30737 19319 32189 20332 32270 2022 9787 24057 21770 3055 11963 968 29556 4971 2524 9853 4143 27213 12501 1461 16993 3286 31980 24475 3001 14803 5579 60 21099 10213 6322 876 25148 3647 21110 18433 30961 7583 21882 20659 13558 8673 2861 6213 30297 31732 26726 7060 3119 6607 17925 10950 27156 3939 27495 32297 11715 16169 26326 1278 4641 21870 9416 27649 1792 27887 18560 3342 24599 31497 25437 32441 13324 3673 32362 28883 507 567 1233 2714 27137 13181 17424 20207 15854 3957 7340 8151 495 17364 3471 22271 32045 29287 30243 25539 6133 23045 812 28061 11349 151 31139 31661 12419 31870 28874 380 29009 14425 27916 6769 27281 14898 16610 27261 25991 7335 6346 30793 31980 5908 8800 23761 3353 20068 25861 20785 19614 15405 6313 11801 9696 25583 10197 20924 11917 22311 14853 23071 27431 21569 21097 24713 4888 9424 14115 32007 19844 24325 13528 13630 29825 8416 13036 28912 7609 1496 32574 24608 14871 13934 453 8764 7282 23705 11606 5765 13714 20804 2386 25998 2609 25286 18183 16224 31190 17985 28177 1930 6103 27547 6197 24546 11498 23015 31057 7278 4611 4402 21953 229 1288 28847 4304 3649 7784 6070 23141 31437 10029 721 12560 3225 18471 11535 26747 24965 17878 31162 29705 10852 10489 23377 66 31074 4721 20634 5323 28639 7528 22676 11369 21888 13759 27074 12449 18040 9038 18736 31744 6333 7212 19442 3236 17059 32174 16196 6317 12858 449 11711 19994 2850 14343 30065 30093 10149 7878 23438 13605 1849 10833 18956 1693 25783 13411 19187 5393 2634 25208 18539 29428 5646 275 28716 20021 29247 20957 31640 8500 6544 31503 2213 10669 16311 3581 30060 4166 10954 18060 30878 2756 13720 22252 23221 21570 6646 23634 24099 14640 26178 27279 29739 18526 1905 23831 3143 5252 22092 24571 7972 12083 14732 2177 12127 15917 3138 27822 9101 32100 23549 26060 4207 22490 1715 32581 5639 19125 18512 25192 1317 9878 23429 21438 1244 7285 24697 16381 3987 21489 26096 2722 
7358 2413 1191 20442 11956 6411 14225 22957 15570 832 14852 6943 27219 32145 4592 17508 5455 3905 6412 11710 16173 27026 19401 7170 6366 3370 427 20583 8577 12296 13760 26335 24775 21842 22608 2416 19450 5813 14520 25041 21469 3930 11059 23905 9917 24935 23636 12805 23941 7624 22384 20684 8119 22047 24561 14458 14964 686 2048 12148 7798 16929 13549 9800 23491 21564 18711 8436 1945 30881 23098 31907 22702 25059 20230 32339 30728 12476 2894 23668 29700 374 30262 21217 21610 6810 8448 20261 17704 9176 32188 19531 18012 19214 9656 504 27230 9815 17005 12589 6756 22897 26439 20950 22487 12881 10998 28859 903 28812 3020 10484 928 21447 20420 9947 2103 5027 3556 6526 16691 21792 15748 7090 3385 946 26812 4898 16870 24213 2678 273 2521 3530 13276 28792 12951 13062 13557 1615 30540 16428 15744 8935 14641 3324 24388 12047 7444 2754 30832 20229 14773 9170 16081 1772 32114 13120 15092 20855 23592 10885 2944 8341 500 17379 3068 21960 14557 23921 32651 27339 7186 1752 11930 29201 5309 32078 15601 11553 28882 7667 25580 14764 27604 5787 31578 25294 13681 8529 14852 22940 13361 8010 10891 31249 15791 27207 9448 26053 29738 30775 2750 3802 18168 27901 31859 16224 18336 18561 16709 1112 21490 16418 14448 10503 27974 14438 6115 4185 14761 11387 8664 25557 15853 21498 29047 13347 26455 22238 11993 9337 23528 2907 26772 15439 28137 17794 19547 12466 6322 6337 21294 13492 23331 32503 6961 22997 27331 3337 10840 3578 18007 27406 23015 11913 25528 30824 18816 7815 10990 23350 28622 15217 9277 10094 6097 18940 7377 19660 14729 28206 4742 10827 10907 11262 13156 18635 24788 6252 14345 25242 12253 170 13483 26347 21456 26426 22397 25468 4857 22271 3953 15681 21410 22903 26187 7520 30136 3937 32012 7190 28884 7844 22180 6595 6299 21416 26150 15791 16022 30007 10099 24767 19713 15574 2429 16985 24748 14925 19387 27817 2318 29046 2559 17901 21973 26458 25346 17254 10220 13411 11133 12617 1216 2373 28541 1418 20963 16407 12927 16141 17943 26948 1237 5033 29221 4546 11221 20564 19943 19303 636 23975 9408 6465 4175 7140 22652 29640 27297 29188 32751 8158 3533 26446 14906 10463 8017 10184 21526 4973 755 47 11528 476 12179 13448 30486 11001 19861 23445 4784 1760 21922 28406 8534 28430 31249 21964 9502 22359 5069 43 19207 22909 6418 21262 17471 14880 
7157 29462 20764 23473 14754 19122 30265 12385 10151 24238 29219 7365 29719 15259 24102 19376 29293 13925 5566 1296 26390 21865 21505 8670 9331 22900 9588 19421 13795 23361 9767 30112 29415 20139 9517 3715 7944 20034 26656 32333 6005 13088 9321 23732 8247 26902 30550 17634 30555 28344 12514 31090 22821 11495 13178 3429 10312 7393 2432 32493 621 30489 27731 23327 13438 27251 9894 11638 30902 4829 27718 22361 28342 25195 20307 13063 9371 20522 28662 10271 12425 13609 8004 14535 8890 6064 17089 13291 23869 19108 8018 12300 26720 661 7608 14022 4332 25941 5406 28014 10374 7494 32262 7518 32044 8551 11813 30697 4120 24623 32495 26771 2838 13895 831 29687 4927 25704 1451 4342 1552 24912 25094 613 11196 18976 16759 16550 12345 20040 1615 24289 13433 27689 22800 29386 26242 24067 29995 29212 2325 26043 20518 6414 10477 29132 13766 5426 86 14395 612 6060 32508 7016 15951 24203 26840 21558 32170 8683 30470 2594 25420 4567 8718 11269 11776 26836 21407 12861 5721 8211 25437 31742 18902 17742 11880 21329 2773 31240 28442 31747 22263 20886 9287 29328 1362 8611 11090 24680 11921 13793 18703 19040 31218 26702 21694 10305 22241 4507 13496 12154 7065 28402 24584 30582 9028 28784 28116 32576 25755 29857 27147 11773 19422 19928 5766 1876 3669 1411 28205 27991 50 3036 29122 31028 29302 28147 24348 13409 10965 24246 4553 24926 16757 31238 4685 12105 15180 31090 16651 21711 16765 8302 2448 15727 25339 29550 19153 20140 20973 2477 17462 17695 3153 27269 27659 28794 18870 8083 16615 11923 8386 8182 17664 31547 1023 13857 17565 23583 6865 10112 9328 13796 27197 10416 5796 31418 23745 19593 13138 13808 31977 29060 4469 5675 963 22772 6653 19497 31212 32040 5129 14 27038 16386 16093 19304 23491 8586 14470 31436 14201 17662 25189 7198 30279 6197 5759 14624 8159 16158 32524 31443 32197 14519 30416 23657 18520 29012 29128 23746 5245 7398 21796 802 29173 14028 746 9887 31207 2700 13697 2564 14367 8021 28223 5975 12509 17765 30682 14021 23203 4695 12583 19332 19034 5459 32050 32752 27223 28222 25260 7760 6076 28459 12908 4171 25177 3028 9758 16912 20721 1418 16111 11012 27957 12764 2488 19686 26118 11756 24716 1656 5326 19261 10269 6830 10708 5518 28008 4 19111 23505 6875 10546 16700 17519 15678 10934 5524 11402 11886 4404 6738 13414 14240 6977 26765 25317 
19372 2780 27156 29169 24746 31180 25482 16602 16244 13428 30029 652 16860 11946 32509 28244 30785 32082 14850 7617 19905 1482 28857 13639 20196 16733 29068 9258 6580 2014 16772 21033 15673 18729 3079 29560 1137 8143 29773 22324 6537 26167 23839 9291 2802 11160 8070 32475 32352 10597 3990 7811 18534 16879 8919 17254 7243 32036 17603 23518 22780 20878 29509 21974 8980 19714 14154 10879 977 18731 8980 24068 28541 29916 5907 9095 3688 31910 30034 30733 23154 30005 18269 5122 14842 29732 15155 28528 18879 12496 19570 21868 29526 28994 13937 23450 25775 20412 24913 2158 23502 96 8808 16386 17846 25841 32469 22369 12904 18899 21422 25808 14951 5425 4942 16938 23410 4418 21326 998 29377 19425 12458 16019 6383 7854 23797 9124 8008 4983 24299 4216 22547 28013 19387 24722 21001 17120 29963 17192 7612 30348 3839 20265 26257 19642 18105 7085 27856 28040 1861 7558 28213 21867 7595 14400 26397 14663 18516 12163 12568 11428 24743 13890 9928 15457 13078 26632 25181 14238 17185 16404 13789 20540 28193 8115 22148 14045 29321 14542 9112 8701 14602 9820 30792 12428 19009 26786 27305 16603 19328 2354 13629 8333 24366 8902 18464 12358 14947 13432 2239 29295 14896 13369 15714 21122 12482 9070 15162 4307 7223 14021 17961 18157 26696 2649 18110 5839 11642 15785 20319 14502 6587 31332 9233 26178 19866 16392 15718 22635 1102 17650 9757 25031 14332 4077 23086 5112 25472 30320 1317 3664 22598 26936 3039 17658 7169 11324 29548 26588 28437 14854 27853 9674 19895 29073 7265 11565 16521 27695 12817 18680 27842 18823 15089 20845 11238 12653 8101 7055 18739 14237 4733 944 22046 2747 15694 16966 16715 1363 22708 4844 7877 22365 29427 26702 796 23112 6067 20528 29369 3477 26299 25107 28863 32535 13551 27562 23698 5752 2475 6353 24190 5762 7970 16270 19496 16858 23069 30556 12135 31805 31989 18972 5958 18289 26317 1831 12049 30892 1656 8207 16607 29399 22256 29051 30734 11636 6684 16251 23160 8672 11922 6637 17295 26579 10912 10108 18726 11606 21539 9338 6568 31693 14238 1036 16177 25140 7573 21072 17087 4519 2555 18976 9142 2710 25749 3178 28930 7688 23887 6670 23017 27632 1129 11077 31822 19717 24052 31617 310 6046 27556 27797 9590 15018 7664 2910 21566 18935 18167 27416 21642 14250 16305 17322 6671 27124 16491 12919 19975 23139 22445 26863 20792 7485 3510 4271 27502 1698 
21749 16575 6972 9145 24019 32158 3355 8070 17776 5769 920 25758 18394 14735 28628 19500 18619 11817 18069 23237 25378 14579 5422 26099 16369 30813 18897 1270 29668 26369 31367 802 7760 4341 17832 29183 22731 27858 27186 15499 16043 8623 16100 19544 31620 19644 26179 31526 28568 2018 19837 15980 23666 13970 14446 21924 333 8182 14021 30058 10302 25636 28276 28929 26739 8823 13192 25223 31181 3392 29471 16817 8233 11710 21285 23326 28433 11103 31377 27104 24115 936 22278 1332 30888 11604 16819 9608 2421 20397 2995 28351 6813 11296 22541 9336 10421 11756 3160 12782 32495 9593 12257 30988 4051 17944 6126 32091 22703 12541 22869 28052 15695 28825 22115 7792 18759 30344 31787 26739 3914 6576 14110 32601 31259 14683 20341 25449 7078 14559 13344 11092 10945 4592 17510 2485 23730 26999 5418 29408 21361 4473 30852 12414 31074 13096 15659 8015 32764 25087 3663 5356 26164 3832 27655 18616 25593 12429 12473 5962 5332 2857 9906 23417 24106 19157 31963 1756 26706 18248 522 27637 31080 14237 2655 16952 23790 12032 29207 28698 23362 18758 30960 17086 19395 12557 22515 6715 6536 8939 13091 5820 29093 16179 19687 11453 23406 3580 26010 25829 22573 29522 29411 12057 1986 15231 14548 29914 19736 23039 3379 24846 29606 25262 18019 2741 16969 32501 18033 31239 12486 23146 12063 22208 10869 4150 4897 10695 509 10989 4424 30411 22691 11044 22339 13827 28201 13572 23972 24764 17334 14176 991 10792 14452 11084 19368 15665 3151 31465 30650 21283 345 15599 3731 325 4040 5544 20323 2250 27673 29604 21944 14387 13088 26705 134 10607 19268 32677 4451 25122 7654 23535 17385 21609 2110 8204 12892 12076 14866 13463 19525 23841 28991 9623 8564 23710 32230 31580 25983 22145 6557 28716 23634 27869 14562 440 14216 23336 9234 12940 6401 13692 4879 20316 17996 18426 19058 24241 13185 25726 23409 26695 9372 1647 14672 19959 24003 28245 11175 11837 32577 20656 6825 25819 28266 30100 21939 23052 17817 10716 28033 27388 15008 20371 8490 10571 231 3627 15074 15024 26159 31791 6634 22519 8074 20436 16902 2903 6586 28631 31740 14081 26491 16749 32384 15231 4485 1703 26787 28819 16558 16696 29426 23430 23453 18853 18989 87 18554 1865 31609 31351 14332 8985 3870 16751 26070 4262 14454 19453 18997 2025 25528 23347 29358 23345 26337 5289 30095 5855 9270 20400 12381 1163 11137 893 3664 26762 
8466 19071 28570 9626 15574 26046 21687 13840 17773 20223 32062 7430 13111 22209 2958 10986 26009 19975 1682 19978 694 31047 24976 6670 19508 26264 13357 3420 18797 25644 28988 10114 9734 4934 28797 10611 13558 20054 24712 13135 16416 26272 3923 27539 113 22567 31673 15463 7346 1704 25408 23145 841 5615 2630 758 21104 30299 12632 17467 31129 24984 11432 1538 724 21258 30119 11227 12889 24233 17401 32566 17783 19622 29799 18049 16154 14883 3074 22843 28371 26030 19478 5974 10659 17750 16455 13628 21240 24189 27814 30504 24290 10907 10485 5733 6387 7726 14592 2322 31802 11238 30998 4375 26064 26607 3119 28766 2072 30754 11685 22908 20506 24324 10693 23242 19819 14250 23614 13656 27232 27876 15301 9611 30716 14278 22975 19446 24374 20826 1018 27324 6487 20220 31828 29545 10009 24704 125 1744 15201 10789 14819 7497 9795 27824 15883 20151 30004 1256 16012 1088 32366 7327 7514 23855 6042 25525 32426 9056 11735 3638 2439 8219 18986 2134 11679 29452 15059 9132 29469 32049 6007 27698 7039 15912 26507 22844 12739 16924 15752 21973 1136 16884 31659 20547 1929 7622 23644 3573 25698 19259 20653 3404 25672 18401 2244 10516 1998 30743 12033 15490 16432 21579 16122 31574 28652 26457 7965 9437 18097 25590 11418 22160 833 29953 24396 26527 6921 11060 3563 15132 25408 2982 13368 21025 8035 15295 18576 16453 5724 22712 6212 28244 12934 16554 24703 3299 3082 15196 14167 1806 29401 20256 7896 12121 21016 10692 18666 3614 13158 31842 31916 31987 18884 31331 22454 24414 2961 20220 16913 20527 1081 16161 8006 5156 14991 23471 224 27489 3404 15414 19432 3363 15765 906 20645 27908 14152 12204 6498 15226 27425 2624 28759 24941 3509 4496 632 13850 26184 398 19765 30543 22550 15958 14380 23108 22082 19682 10009 26563 28274 8999 30220 29187 17716 23014 24215 24500 24194 5122 11766 2668 28694 26212 753 5755 13536 48 31245 5782 2185 31492 956 24757 15551 30852 24415 3066 4339 13415 10454 13579 17530 21443 13471 13379 7560 17206 21059 1328 4506 9949 32453 2322 7925 6756 23199 2552 14444 9440 25317 15562 11956 20880 5732 26010 1011 5726 9705 28889 8255 14569 27993 20329 31144 31943 16785 24716 26718 9084 12754 5625 23587 25624 3380 28018 14173 16749 12413 28327 27058 5541 20300 27914 4724 28726 26696 1862 4094 7083 6540 13163 11017 18552 18067 11893 17446 9775 
32095 28197 14028 20809 30220 12228 28813 8649 13573 29400 89 27269 8447 6418 8097 25150 11411 9340 26651 8778 4162 6846 12302 12421 7750 29272 11334 29830 1670 31736 11044 31691 27723 16564 3064 13569 4652 4987 13115 4484 28662 17688 20701 26591 14266 2688 16795 2778 14108 30532 7860 21030 21238 31456 23536 21786 30497 32022 14885 23045 23554 16321 21515 3490 14236 5907 21216 28053 24119 18730 19628 2296 6130 27340 22163 7854 3238 11627 12507 9239 14403 1308 22278 19096 9743 31265 9326 16560 2258 10238 16395 13543 26145 1267 26667 3208 6165 12393 6359 3143 20567 28696 16553 31295 11189 31511 14252 10260 23214 17196 7378 16773 14358 23416 11583 20383 18346 32625 4776 12710 30008 7258 5484 2705 4785 22615 18932 23460 16679 28884 30605 13581 16141 16911 22870 31889 5221 16963 19099 20506 9785 3727 18177 5901 20835 31536 10468 26025 9278 13585 15193 25429 16320 29226 28491 18221 4347 2625 1559 23813 29852 31814 23084 15936 19200 1307 5003 30655 27183 1821 29001 17202 27241 17115 15846 8656 11218 28173 7000 9794 10867 10215 23675 21357 25693 2305 15457 18290 22740 25260 31780 21928 19477 24963 30468 27487 16937 16317 18232 16897 14470 10364 5250 9976 10520 9476 15000 23303 13973 32169 16330 6161 13399 20582 22694 460 5721 9106 7901 23973 28295 19614 27309 10775 25549 10243 26927 10790 24946 30552 29662 12225 9985 6847 259 3332 7852 20139 8336 14027 10222 20417 3152 25970 16714 23237 6654 28060 27736 12939 25168 28686 6679 22341 10840 2222 842 31266 32308 12309 9155 8733 30738 24887 259 6107 20639 22895 2103 31588 11226 21937 1882 5125 10348 15322 10469 24728 21771 4608 16560 21456 7315 21734 18695 1932 19461 29001 23053 1500 11906 24477 14492 11391 17153 9538 6742 10810 15093 9758 22829 10803 10250 1623 6079 23582 2216 32540 7973 6146 30459 8888 25220 12492 17905 8145 6539 17651 11101 25267 2451 2444 30945 8319 6331 2614 17297 25800 30224 18778 1692 27931 5377 16459 28648 15107 8001 25192 18608 11885 4388 17459 32032 12812 15287 5520 25524 30026 4576 451 436 20032 5843 12284 22867 12526 29500 8807 27362 14369 4742 28565 30955 23856 13347 3538 20355 32732 7354 3889 20636 8426 17220 30735 18768 14267 3297 14263 23174 27707 31912 28401 26921 6237 23577 22630 25503 3793 18744 17529 2321 2828 22058 12114 31446 14134 19079 18108 27683 26353 
14177 14458 14161 30100 1845 16881 17361 14426 17189 26401 27833 26701 12534 14026 13640 10644 30601 1287 26685 8658 18105 20074 24048 29697 17002 26427 12671 30768 24314 27869 4877 11452 26217 24308 30652 23400 958 28175 17625 16582 22243 32072 17194 7610 24900 21107 26234 30995 31246 31516 14642 22453 23887 22450 24334 5286 3440 27287 12837 5660 32595 21797 5594 32082 21248 8877 17138 15983 24566 16442 14802 32330 28416 1821 2211 30720 5260 2779 6648 24061 16400 18756 26254 6275 20127 22746 31525 18669 26011 32057 10115 7918 13718 11159 1818 4238 24153 27765 19794 12712 18395 9249 31985 30794 4541 15742 20198 24942 31787 17364 22694 17454 8902 25550 14289 8751 9213 9399 31179 12947 20351 8670 9881 16052 28661 67 27706 24752 26631 12576 6044 7710 26030 21688 3167 16811 11201 17197 31018 19752 9918 28020 20225 25943 26588 23367 18402 28144 14767 21734 2493 21259 7746 706 12462 25036 24230 29605 2513 29420 14346 22950 2983 24192 4673 3311 4984 19234 29327 2569 15621 16190 17998 2795 8609 5554 13844 24491 24465 6245 9937 17659 16802 3876 24256 15540 16 2227 20853 10959 88 16583 29734 17008 3317 23752 31802 30515 13282 16360 9599 16153 19431 779 26579 23909 10910 16560 23358 1945 29109 2253 28419 15265 29066 2283 4046 7025 43 11405 18631 4144 25390 5691 9031 3699 30806 27465 9898 5239 11458 23464 798 29028 13341 14737 9358 21533 11290 19982 15296 31841 17278 19771 8276 6151 11905 13337 11442 4363 11652 22195 4086 30202 16542 12103 13576 2992 6597 22196 2331 29589 21005 24995 30578 2798 4113 10625 25639 7801 23797 17 15131 10772 6917 32442 22248 31521 18768 1466 21853 17203 17790 2324 5710 27802 28733 28096 15610 27127 23729 30331 28536 16125 6678 25032 24585 12681 5864 17991 27706 32160 9341 31841 28977 30155 17400 18281 26705 14146 28966 13396 30611 30730 15151 5349 31966 7915 31803 17577 28703 19641 20989 1656 28307 18624 23298 23687 16418 3150 14383 3343 10426 22336 31011 28752 1103 10284 29905 22784 14116 12996 15642 13859 5204 16519 4800 19871 18402 5775 24735 26842 10303 4880 16884 24072 25810 4234 25693 11830 31971 25286 5106 24301 8767 22640 12032 1380 13943 12679 13986 24135 23051 6925 14013 18732 21094 784 17301 18510 3073 2022 3722 10818 4171 8208 13404 24327 4277 2303 9712 20388 5739 19131 16200 13112 13838 583 422 9041 
12038 1124 10776 1633 15324 745 8820 12559 22371 6004 31328 27534 26911 5161 18647 298 30151 24522 22182 26346 9097 12300 16929 3059 26135 7269 15880 11473 29266 27909 19326 14884 6215 437 15720 2287 17540 30660 12000 30748 25041 4499 15604 9448 24675 6868 1937 208 13206 6566 1411 11802 27741 19311 28535 8471 14307 27259 1592 5227 26382 26169 23501 8424 28537 12510 5524 14711 14060 10224 1897 23981 11183 10465 24136 2051 31945 15762 29968 32110 28241 25439 4150 23512 29663 6044 23237 268 29481 30528 12367 12862 4074 31297 5360 18365 25932 9402 8323 25619 8850 32287 26108 27911 24221 12307 29735 23024 1692 29446 8887 7955 10925 6632 23188 12881 24038 12624 20006 8042 7702 20270 25134 25910 291 10454 3305 28779 2369 32183 2759 24760 21204 20688 577 23085 12209 31694 23117 17828 12616 24182 6748 9894 23913 2561 2329 11367 4693 9047 29634 9478 18762 28770 5953 16341 14263 32617 11175 24213 25513 21441 28633 4554 31571 13617 17387 31008 20060 16019 24599 2064 14496 3375 25447 26053 5137 28421 30520 32376 18561 16137 2360 29346 20134 21131 10790 21955 24844 13968 14066 8227 20262 25742 11695 3961 19521 19495 21205 30677 12255 20028 29811 29625 8570 6499 25950 12442 21901 29343 27657 19593 18143 2337 19960 23247 11679 7239 463 31243 17426 12708 21120 7826 13958 16105 6891 14810 1426 11332 27871 6354 11387 31101 26374 10177 3838 14402 3284 29713 16639 27431 26482 2198 15475 6319 4826 7784 28624 9981 11051 2895 16067 31184 14661 32356 18277 6988 25976 19247 23561 31128 14462 30984 15046 7805 37 25237 3555 29386 17461 6596 3369 22830 18564 5929 21874 25318 6477 12065 2546 11125 22286 17004 7975 32221 26732 30594 21826 9035 68 2546 15792 31250 31157 31547 14400 4715 22258 29922 11574 25306 30517 17995 21 27541 28832 3992 19643 11513 6234 26136 17900 19266 23102 32248 1463 23196 14054 26441 2552 25566 16415 11089 28445 7172 16810 27031 23577 14487 1087 11821 8070 543 10041 2806 3263 30146 17758 6827 30398 3372 5505 18845 13199 26531 29503 6561 17071 30689 7066 32241 31738 4798 32582 27943 9556 31495 2001 5580 4718 2625 29608 5090 24146 1838 29071 26342 13548 26430 30531 22126 30662 24659 29547 24480 13446 12691 5826 21362 600 21204 14615 21836 3885 1013 29536 25691 4574 9373 22983 23261 2227 18780 28233 24490 21044 4074 2807 218 
756 16037 17454 23600 32391 20494 18817 9428 32303 14562 7566 4244 10418 19280 2001 17378 21162 18511 28416 25932 17220 18456 11549 4389 3781 30049 3066 27902 4748 29786 27976 26169 4907 16575 10452 10047 11754 1946 12525 26141 27028 30491 11790 21082 22897 100 14096 13104 31422 26999 15325 19826 16568 13565 22273 27778 19513 10390 19605 22081 22202 32462 13448 20212 13893 32291 30928 20117 2861 7220 3012 22567 31032 1243 7458 10318 1461 28225 6590 27113 21314 19351 32083 22246 19584 16521 28664 11101 7720 17563 12324 11189 7298 5532 25846 16971 7255 6129 15019 13684 18611 15930 16188 30572 31047 16546 24893 30178 32500 3172 18894 27021 24015 32714 22218 32143 30720 14973 23358 2381 18291 9115 9482 1168 29924 4932 24607 11266 2416 16020 25734 13212 21158 8469 29674 27487 30028 30207 14830 9831 15191 12577 617 15823 17316 32508 26132 27127 22275 23686 20769 22726 19012 3819 11566 6107 10790 10368 14384 20824 21062 29963 11375 22124 21795 12052 23960 23471 21600 18179 14667 7456 21501 18977 7031 11908 20119 24603 17305 4860 371 3077 10552 32338 12714 27191 22058 17654 2747 20825 16944 2367 17522 10695 10057 26218 11120 24696 2353 15705 3208 26686 7517 4250 10539 874 14907 1216 18536 27927 1251 12252 24420 15154 4739 19472 3476 8345 23646 6203 17552 30394 14111 637 14283 8450 16733 29409 18801 5409 10039 1406 25816 30983 16061 16529 14486 1190 7628 6261 14127 9333 1791 19398 12756 30812 14080 3875 30538 16968 10832 7986 23850 32673 7777 8912 11052 20023 13451 29396 21879 22732 18615 14290 10714 30909 28304 9592 24992 23808 5002 13255 17228 10753 7757 26338 25491 17235 32585 5017 28242 16768 9904 25006 22647 3199 18102 15201 22525 8109 21768 30206 11258 19133 1892 21820 2835 4128 8492 28782 11573 21876 1895 21923 22176 1727 8558 13349 858 28575 23421 14899 13700 22022 18566 29438 8155 14925 31303 14039 22914 10235 13857 10024 14480 11346 27894 28891 13435 13870 1189 22043 15261 25409 22176 4410 19903 26379 31716 12930 23152 21406 15170 22091 11901 16754 5204 8978 6729 30081 10528 10726 6680 29150 22287 16865 27375 8627 28492 6746 15772 15217 22812 17815 12990 21901 6155 4677 28849 6721 18 13545 5510 26776 11658 19888 12341 9679 26114 10558 11595 19984 1671 27600 21235 7386 10029 7766 7948 25012 11410 29809 18651 20709 5554 5015 3362 16816 18833 2444 
15170 5725 29308 13388 24092 26596 8631 6546 25026 32391 7563 28382 28936 1052 31746 24463 1135 15179 9741 11420 24724 872 3587 20922 2459 20603 28740 8789 19510 28452 26397 12398 1843 18002 3963 15128 15816 19326 3995 269 5115 8140 13237 11443 14846 14563 20516 25273 13388 19600 31365 2946 27177 16536 1078 19063 6169 16502 9487 25256 18002 23730 26275 24831 13559 23666 19382 27314 17869 27278 17345 1929 23889 30681 22438 12759 516 13417 9174 27504 13943 21671 19309 30412 7001 320 30306 25480 5647 12453 9803 1788 16152 25000 765 30839 32514 4929 1159 2957 143 7407 5968 3097 25162 5222 30486 17414 13366 27053 18976 13555 1259 29861 4882 15453 8342 1535 8551 19564 2974 20559 21569 24850 29080 29804 15500 28668 2258 9728 7275 20963 14163 23325 20776 6416 22841 23680 30636 16769 29014 22160 19895 3536 8883 30202 25616 10453 15086 10404 10916 19789 21849 3690 21491 3410 20782 16974 10020 6350 618 4199 15428 20002 23117 22642 19248 3030 20104 19325 10783 14581 28056 1152 15296 23590 30505 12043 13717 29520 26437 25467 7112 23561 4930 11000 1917 18369 14260 16953 30450 1813 4240 22252 27556 30102 4939 30988 8756 4192 28874 14091 16313 32057 20236 3333 16349 20984 18142 18976 29126 21286 1087 26006 19025 7936 13266 1981 11465 17045 13850 31251 375 21399 24780 22422 27158 730 2741 22052 29262 14526 11479 13341 25662 8136 18304 31942 9469 13256 26828 25363 22307 7877 17565 30505 21300 29350 24798 18381 4166 19602 16219 18573 21389 15364 3370 1560 28651 25406 31924 13268 28063 17869 17071 16005 16481 15966 16112 31046 1673 14823 23721 12100 8077 310 8369 32191 18672 122 23892 21723 20524 30560 10700 9952 14052 12551 27261 1730 32551 24140 10299 26494 30133 5280 27327 12806 32108 31491 28109 6849 31399 1726 26287 10823 14926 18371 11225 32648 23889 13997 22465 4869 16456 20549 20600 31748 27719 31859 5834 18621 19711 13600 29427 15355 22680 7122 14608 13277 7286 7091 11049 14724 26459 13859 28264 12920 2986 3725 4653 4713 7633 9641 29647 9359 872 30237 15665 13348 19643 22632 6567 5145 16284 8237 15162 22727 18699 23473 17769 23261 5508 8889 15200 856 1623 870 30024 2558 18962 588 1527 25482 1679 21456 32355 15835 25176 21177 26473 21219 12671 25845 17891 1052 23950 12432 10225 13649 15408 3595 28449 22898 8394 3683 7440 7975 21867 18618 
24655 8414 8251 30865 19368 7770 1291 4169 9694 655 31135 2576 14287 21592 3984 18331 9390 1819 8701 27424 28174 20633 15499 30917 3536 482 7718 22999 6042 18623 8322 25819 9186 1351 11610 20871 13864 13510 12147 32579 21801 481 31391 2422 31895 1180 27079 212 10945 2481 16160 24365 22278 6278 29829 30943 7763 688 24330 31767 14272 31103 26809 24744 22290 3269 24779 20073 11380 2980 16379 19940 5235 6862 13878 13133 12094 19984 13161 5451 21806 24769 15689 16003 288 9172 8529 27474 25114 28807 20508 3186 6302 6698 13476 15109 23626 21439 14291 7856 5762 12228 17846 25483 7865 14740 5932 16978 26509 12303 25912 3637 31290 4722 17162 25040 19820 15426 8651 9377 21977 23565 8628 27320 13037 19470 12135 23636 7658 7958 14360 26563 18501 16739 9212 25667 1988 29166 2528 13373 28044 26653 17264 22892 2265 30318 22299 14853 11034 23338 24081 25113 19877 979 24192 9976 8528 25059 2612 22148 5964 10458 5072 15037 19340 22581 25717 17585 5845 17748 4911 17698 18711 16851 12877 22261 5385 1333 19080 26242 25625 28132 24349 28570 29751 1702 22097 16749 12606 4026 6635 32091 4589 17747 4364 17141 26699 1624 2759 22994 3011 21240 8676 1089 6241 28570 16784 7258 30368 19207 7767 2164 9137 30856 9479 13632 28262 29528 28209 27163 24 22070 25474 15222 3778 22220 4283 10052 4276 24406 28003 773 23244 25106 32561 15555 15616 28898 26809 17371 11725 1212 12706 11255 31687 27887 13995 16582 23698 27471 7984 25623 32542 5421 4909 6176 31880 26181 28941 3843 18114 26208 2872 919 16648 8166 8444 3788 14903 28677 10705 13961 22330 24572 14135 5655 28158 13399 28265 22892 20662 9663 505 2201 22436 22055 1947 16065 13727 2907 24339 22702 28738 15580 15473 11396 118 2298 881 22421 7010 22539 19644 21005 9391 10878 8604 26691 30577 7257 7138 30892 25425 5461 22694 13193 24461 21941 22217 24838 27620 5170 19594 30330 8785 32159 31372 15514 11490 4070 8739 20989 25229 14113 32600 20569 9837 28574 11468 13583 22801 7306 540 9837 15574 6407 19552 7963 6035 22298 9795 13029 16347 2585 31439 18950 23347 16359 5398 32224 17006 18083 30115 30538 10743 3477 2870 23037 27512 10533 28423 19162 22934 12481 26155 458 12294 7214 12680 1577 4617 14525 20640 3076 27513 744 14269 22889 9228 32397 24627 27512 32376 3139 17318 20713 1931 18391 3559 20475 
14418 19201 26059 21304 2935 5289 22671 6588 9165 4410 2215 9271 11538 25169 15276 17373 25176 1362 21803 8709 13591 12483 27100 13834 21464 4103 21414 5327 31101 5881 1870 6318 8593 8789 22467 26930 28851 19841 20599 22924 6134 30222 3985 11407 27751 23334 28253 26751 7292 7746 8938 26624 24922 7675 9458 16986 23103 7631 32047 16969 18777 3711 25635 1012 27130 27428 1840 21926 29643 15850 16051 32023 5251 30313 4980 25241 897 10 20725 9744 10552 28226 13448 12377 29437 6934 12007 5411 8093 2502 10741 19813 27691 32143 972 5977 29090 15561 9456 5536 3188 20877 11924 4493 229 9197 94 21804 15905 27341 17379 2324 2794 11459 25805 21344 31934 31521 19783 14256 26913 8651 24995 4152 997 17973 4134 28057 24982 19961 18364 982 22781 402 25907 8948 11412 5365 10526 3047 23257 32417 24403 28465 12284 19779 7851 646 958 24288 23831 870 25257 30889 24024 11824 9187 15326 23483 5630 25566 31509 30534 25464 3405 19651 10267 12177 9965 28921 8043 24143 30744 3430 29961 30891 28223 28640 28986 11309 1137 25438 22048 6403 30490 1145 27077 28088 26969 29802 16340 11624 12221 15831 16709 28224 14921 18337 27408 24814 30322 17327 12560 12028 6608 16493 17262 8080 267 23921 23236 21542 25028 671 3121 22644 9095 20341 28465 24693 20439 5644 10860 22195 11926 17724 2095 35 13542 15552 2102 27627 19918 12335 2256 9155 12029 27053 25813 15792 19219 14927 8132 2350 17684 20512 28068 30219 4774 32380 8795 15172 10987 18400 10445 30577 31187 10457 3542 30758 9246 9823 16521 32667 8090 31344 30052 16175 26911 25355 23660 26167 2388 32462 26107 19402 1830 5004 24117 938 10572 18619 22319 8716 31519 22526 3286 10041 5985 17332 16014 2170 26440 30391 22791 1158 19404 8844 31141 20870 28533 698 28852 11308 8269 8131 23010 28857 12914 25587 31423 12944 20901 4329 22151 19400 23071 30903 14386 31262 27463 30341 21820 29317 31728 27468 9354 6751 24988 23466 27544 15643 10521 6251 15440 29912 12208 29863 8840 19369 17580 4893 22521 10634 4564 9633 29825 6725 18370 2004 24398 26075 20647 25539 1695 26262 1919 27709 4363 12251 29616 9608 31965 7594 14694 20291 11995 31214 11245 6996 27380 12463 12982 28613 1021 11317 16997 19004 5482 20547 9846 8572 4461 11 22651 15367 3283 18061 29693 29651 29330 10169 27278 12549 14245 25094 8900 30122 223 2676 
21666 16774 27527 27082 23804 3487 24463 18519 18016 5145 4323 2452 30685 46 5965 7975 7221 8001 22490 2435 1189 18998 18712 2479 7551 3678 20196 6700 8801 1611 3772 1959 30336 23137 31302 6539 18518 20181 10378 1561 31905 8297 23408 16583 3683 4684 21662 6572 17341 27190 11550 16965 26339 31831 26654 2525 8301 16059 23371 31752 29329 6694 5622 7468 32049 546 20800 16660 25289 4364 9109 20820 29512 28111 22423 32249 15774 8050 24277 25052 30042 25081 3305 22935 16120 22286 24610 13588 7982 20582 9629 61 267 2071 20864 18690 31283 21140 25421 14102 16462 7212 21095 27806 11172 19295 30505 13361 20591 26599 27641 13027 1650 12642 1785 4445 7740 25704 5132 14420 9851 25921 11580 21465 10182 13721 5437 25760 28869 627 17378 29636 1965 11098 21789 11531 11029 997 10414 16835 10817 22075 22023 28652 29511 1091 32282 10903 20383 31817 22065 23488 32714 18455 26549 23685 25247 16663 7792 1771 15760 28606 1358 20966 27611 19022 368 29881 12926 15619 14156 19399 22406 27262 26169 32325 1137 7310 21089 1602 466 20320 18732 8311 31865 766 303 28343 3517 4454 29992 30496 12047 16400 5567 18680 20580 26943 22729 4750 3725 4419 21923 5093 32750 21697 4382 28388 24406 13909 31449 30852 30236 13049 12074 9421 18208 31336 3375 20211 191 14924 12134 22710 6140 7210 1120 27265 13325 21419 17206 21017 26381 3023 15211 57 10810 27278 30974 28130 6074 31671 8482 20196 6280 5260 24946 9844 29881 712 12138 29811 32731 22199 15951 2450 20616 24485 23665 3951 27226 30447 21642 1933 22557 27328 24893 28731 6131 19734 21862 10936 20785 28391 2923 20626 12823 15718 17 8135 17742 17855 31986 31893 15166 10367 9324 7026 27603 29235 15209 7020 7603 30237 9713 20652 29001 5116 31872 14426 1082 8366 27901 5257 27344 1975 30225 3027 31872 27082 19450 28940 5129 6355 4453 25971 11081 30119 17695 11375 4830 23609 25159 2729 31365 2038 23270 14265 24278 29994 8278 30148 3064 5155 1636 10253 28587 20783 25273 731 23866 25339 5940 30343 14188 31041 890 1832 12039 21637 24263 22544 15348 5685 22605 13152 29783 9601 12067 23862 25739 14843 1651 26018 21643 10725 25453 18026 5519 24925 1037 21766 23680 16634 10147 9951 31228 29597 18939 4545 16066 621 25384 13284 6776 12123 22561 21909 6470 2913 16034 4224 6912 9933 5912 14240 6066 1642 1245 11347 
5246 5174 21968 3380 2149 12968 9120 10532 8674 20423 568 26214 17279 10163 7500 9246 10929 11970 3052 30200 26003 8710 3937 12632 3398 23664 1564 27604 15932 9623 28633 6423 13148 17372 32147 29235 13654 13390 27151 532 2053 28016 23862 13650 25186 972 14734 8322 30557 20122 30220 17961 9890 10665 12104 32037 22976 30905 20401 31956 8424 21390 911 15399 921 29785 17644 11269 2330 20032 7722 25491 29599 31399 14070 31561 21129 12750 1473 27670 22995 25265 13178 778 2978 25040 11175 13032 22 12449 22222 25588 15671 13907 9601 8738 17883 18633 28101 27446 23337 10423 4590 8412 4450 5093 574 16510 28018 22357 14247 8858 13917 20267 29544 3477 7926 788 23278 7029 6172 7982 14890 7088 24667 26337 3963 22055 28989 28879 18643 10540 4176 10365 28557 16752 7628 10314 10967 5372 1619 26316 25509 8930 30602 9431 29075 17932 26262 25857 28557 16693 14849 14404 31220 7925 6534 11264 522 9517 22359 28934 19895 2621 24464 28306 21400 25095 9456 30517 31728 30084 29366 18826 25318 1415 3254 28505 23002 17863 26878 6178 30717 6580 1533 8797 5884 28097 22816 9436 13154 749 21676 28176 21241 13612 18748 11198 3930 21514 20042 2348 16799 4510 28677 113 4200 13349 16692 692 16476 4053 22844 26116 27939 23690 13883 13786 24468 29787 7981 2818 24439 5727 2829 14331 2131 2826 2162 17106 4806 26509 14594 5981 16835 9826 20669 3672 18450 3808 28792 10310 6954 9544 5440 15044 32645 7504 27952 2942 27184 8764 17312 7833 19944 15364 15501 24881 2361 16744 22735 11608 3333 801 16385 22831 10030 31976 20362 5753 5578 30600 15775 26343 19669 30859 16372 13704 20264 4693 19591 15148 31094 27434 5908 9392 21981 32024 70 19951 14728 10524 24867 792 2626 21501 10393 3197 21287 2405 27266 18915 31681 27509 910 10548 27255 19078 27257 23812 18934 23408 25364 5545 22190 2255 24751 283 15710 21494 9227 29252 18776 3086 21664 12612 19480 18847 26645 25913 30551 32129 7807 15442 4744 32371 18872 12260 17647 17731 25924 32594 1376 17329 26069 1900 7778 6618 1111 10047 29765 18011 1385 29641 26449 9434 32115 11436 22034 5445 27897 28606 12393 19534 18582 7369 22779 772 14148 14506 23074 24875 16812 9847 20879 539 18600 1292 32201 6725 21639 9486 27696 24599 6842 27661 17380 14441 26561 9736 14878 22952 19690 18885 29978 27716 18434 2810 15905 13358 
22810 10854 625 23460 19786 8677 3318 29743 30607 17290 26907 32198 28417 14179 20316 11175 18145 6480 11553 12056 29368 27496 7076 28172 21044 5787 25252 27300 22068 10456 19024 18564 9885 4454 31193 13589 27801 29174 25749 8175 11043 7057 1730 31531 21042 14600 24047 24298 31058 12449 7103 25563 4717 5096 20135 30719 30970 21959 30051 18726 22614 24608 7965 1751 8825 5217 4626 15243 19538 14491 29480 20758 19449 19006 2743 28461 30189 26094 12392 18270 7835 4369 1974 5131 31649 11725 22322 20120 3390 8854 32103 966 4552 16319 31392 11509 11800 28195 28070 8783 32617 23349 26931 3413 4037 10809 24304 4888 10165 26714 11097 26447 21632 24625 29498 22320 26678 14721 7976 8011 13920 23579 14630 17457 17772 30915 29010 21506 18869 9234 416 9554 20883 28505 22936 2778 15128 4627 4902 20589 9169 23807 32472 9005 13811 19020 24768 24771 18294 11787 10039 27091 3028 2732 1482 4190 25383 17697 21735 10799 22466 5434 17540 23744 32288 20270 29237 13097 20895 17215 12351 1087 3465 31794 10077 12310 1336 2211 16269 2638 30062 3582 26058 31968 25916 21349 7462 18371 21966 31532 19827 16414 17494 27755 27910 26400 20153 23922 31842 24668 32116 29347 25801 832 15009 21069 32174 14029 16597 32238 30621 11821 12604 15635 17411 14948 4177 17755 1132 31137 19587 5305 16625 24816 11331 1018 22787 12264 8940 4461 15519 9751 26317 16065 31961 18214 2028 10892 22934 7503 31455 32005 32584 1288 12828 13435 2059 1752 22563 24252 9747 30776 17603 30572 29441 12570 24526 2814 12873 18585 16756 3108 24461 9761 588 2391 2318 7665 3066 883 2701 27165 10754 25211 24917 3023 26060 6947 16322 9204 30190 29678 15958 19017 21680 15693 25755 32280 8553 30211 31234 15110 30473 26620 1185 9874 20010 10271 13427 13265 232 14539 10674 66 16213 10017 1011 7079 6793 3659 3932 20363 11935 32491 21972 27116 832 1667 5052 29546 285 2161 22027 13418 9207 6664 11497 28300 20979 1851 7769 22045 31871 30021 10082 12128 23416 25969 13861 21765 4006 999 18188 12806 22982 16307 5809 2160 16310 6349 26653 7385 21683 19944 7340 18546 14398 23449 4664 22314 30394 24189 1110 19578 26507 5966 28267 23932 25760 2816 12802 32681 25268 12281 24508 8614 21764 2055 13997 15980 19840 25336 10911 11347 28748 18521 17986 1409 4592 27775 22060 16880 14639 9326 13218 2354 14921 31698 21315 7396 
28162 31175 17554 247 25129 2305 13893 9965 32442 32684 10492 18386 23769 18953 20805 24753 10181 21984 3494 20503 20549 30993 13534 7242 24693 28503 2379 24196 31942 15945 24621 13729 25191 24413 8039 27596 11364 17963 11543 1614 158 32311 32399 32254 5413 2330 8236 1557 29000 1253 10336 17061 8122 26512 30977 1643 19714 9108 27075 22112 10109 23221 15568 22859 16332 1068 2568 6328 21692 20285 21877 12067 1983 16773 10197 30662 26564 2991 8614 15439 8653 29144 11966 5583 9978 6046 31799 2051 9434 18599 21993 32360 14605 20319 11839 15804 12148 29057 5656 9240 16451 1323 3157 14397 10990 8426 30713 11934 30735 22073 15575 1507 4602 14516 20948 2259 28600 22229 22753 26753 32638 14427 2535 27749 19709 16058 21879 28927 17574 30913 26222 27144 12716 19362 14160 30696 30690 27631 24528 19116 9232 28898 31636 579 22758 4485 9279 27371 568 20445 4737 8989 15951 9839 24228 16251 25065 13673 32372 26423 3526 27672 1289 9284 1899 28179 27206 4675 1476 30602 17073 11551 21470 27829 22506 9943 3851 743 6259 7747 30034 4726 16675 19646 32560 8728 24168 25584 24837 24900 23515 10615 3861 19454 6043 10926 15282 5868 26006 13157 16196 4120 15542 2619 17753 17279 17145 21708 26888 8391 26803 9236 2305 11428 16555 30729 23560 6855 28035 4133 10074 32563 12692 19268 6500 2997 26545 27029 26249 4823 5411 15081 3570 1246 2688 24147 23061 5060 21271 9173 11314 11034 6154 3455 7785 23543 13166 23768 12927 31108 21903 9280 16403 24374 19238 24931 8509 3928 28788 27427 11158 603 14015 13316 10243 8959 26505 18273 6094 4958 20071 25858 22454 12626 19862 16299 22179 9694 22143 10702 11384 7131 12559 15903 11132 19056 31842 4268 28586 22242 7048 19308 22104 31175 7371 24524 21218 9131 11837 8073 5922 21651 11715 22109 19745 19090 1434 15081 5635 15593 22712 21291 17904 17926 14447 2877 24108 451 3890 15471 2173 10284 12961 20305 7716 22114 17006 20689 19603 2927 24322 13074 29008 20148 9215 13724 11934 12547 29556 21591 18195 7753 27406 23521 17685 21538 2341 23484 15411 7648 29875 22628 22563 13451 11623 27958 23735 26436 5527 7684 9166 8154 19555 6383 737 14897 931 23349 24557 16005 32507 24375 11470 3410 13069 16693 17874 10328 19053 2003 5087 22614 14027 12698 20359 8994 9979 6046 30567 4133 15478 20279 9093 2319 30175 26763 23433 16817 32150 28265 
14974 32077 2095 32666 21245 31957 32018 7106 24409 31954 6216 29078 4136 3816 16845 7016 30901 18285 4812 12406 24548 22737 15845 7767 32060 9993 15577 8376 28571 3912 3462 9401 11236 30789 26239 29518 2391 26858 8658 19937 29615 29872 4608 21277 31829 32171 25516 13952 22164 3954 8403 27517 14085 3918 4353 16722 27184 2625 13782 20267 11443 31558 13730 1079 22361 11835 28691 16791 28007 9095 16335 18408 22125 11151 389 18231 21402 8590 10242 16819 18416 8884 499 20623 31226 31127 30643 29232 1083 2768 14726 30159 7823 16483 20178 19279 14552 30617 210 27890 28151 6600 31492 16534 32174 25059 18988 19338 11994 4998 19335 17029 23171 17893 12482 18896 18496 11899 27357 1167 17962 18331 10445 30836 10674 20654 25169 18299 14149 25644 24996 23295 1402 31537 12392 12001 18143 13898 5769 16747 19015 28684 13644 7472 5332 25619 31821 21909 2501 12089 32692 30498 31007 25071 19677 21513 24943 16230 7868 11651 16473 28439 18085 4791 25286 27905 8574 19859 14634 24648 14972 9382 22397 23348 11556 2829 3820 23226 378 27129 14126 30510 14767 4807 25847 4047 32047 7165 18354 29957 22053 9749 3808 28471 11702 21011 23972 15544 8871 22990 1895 3251 11933 10989 11200 21144 27636 499 24343 113 8843 23530 14750 18110 25975 6665 29148 3154 22787 27799 564 31768 8925 10943 11255 8529 28502 7249 27950 26962 31254 8596 16725 7010 12157 8030 17812 24017 18080 7286 14680 30520 2222 30835 14638 19300 22142 10801 9354 23417 9751 6882 11220 13500 21988 11938 13832 6762 4211 4261 6240 11485 23319 3656 29503 3505 6741 26839 7610 24449 1165 1447 1860 16982 26606 907 467 11777 4261 6213 5649 30125 32648 31554 11158 19671 889 3828 22627 13799 28737 1376 17189 24499 18382 25425 5881 21004 31267 13481 8217 24378 25869 23473 17087 10576 15108 24673 12360 4036 32022 30788 27673 2155 6123 6135 9419 4542 12415 19714 14253 9009 25432 5439 24588 25865 20091 17163 29742 22796 3218 8393 10922 21313 22925 873 19685 26739 8584 30864 3081 6570 17882 3422 2612 10327 12209 27834 3635 18226 28671 32029 14823 6287 2498 7069 25539 18237 17241 19065 24114 14244 32007 11995 17874 29872 21425 9203 3211 30852 7908 28639 27987 4630 12071 14106 15116 1416 16787 19299 13973 31667 8970 26167 6656 9043 27298 1800 10786 14484 29868 11134 4709 10908 9937 6816 6834 27045 23411 31716 
19382 13260 27316 23835 1878 32075 21233 12535 1782 32561 30772 2881 6648 17247 15309 26149 11369 6131 13652 652 11582 28008 2400 6643 29094 29342 14798 23629 1042 22495 12890 17164 11540 27405 23079 29829 2013 31558 10038 21835 22524 432 26273 18135 12677 23560 22050 11356 1363 14425 26042 4940 28881 5353 22523 8126 30227 23434 20346 16183 8021 19716 4108 29562 13691 7886 30274 32339 13536 30146 27372 7519 5291 22058 28930 18048 31818 28317 18039 22704 31158 23847 25992 31074 10513 14763 3759 26530 17260 25810 1541 29700 26003 2563 24660 3565 154 24207 23534 12020 25134 22610 2267 30598 11287 6683 28206 25635 1321 32720 19287 28206 31135 21271 2146 577 15603 27726 12902 26842 30913 23974 25678 14850 25533 5477 899 8665 31628 21206 12169 1344 28208 25662 30487 17397 22623 13681 8054 24818 1455 12982 1488 11735 3368 22823 29259 365 11289 23153 26453 655 1385 19115 11721 4968 25356 27745 16734 6755 861 29282 3738 17509 11393 19497 6640 25659 17444 14208 17374 19606 17598 5328 8597 25652 834 9118 18657 22448 21556 12043 28323 3867 8063 20148 1917 11906 16625 25222 29893 24796 2233 9385 10559 8989 20415 1386 8359 7537 17143 7276 5594 5760 3682 914 1516 26235 24090 10838 1482 17599 76 3931 22527 23127 9066 31697 1650 28068 4889 18504 4964 12039 6742 25112 31946 11518 16587 3023 6429 894 18230 9457 12759 1473 22679 25170 26687 10960 17422 3092 18899 7006 23802 21883 2005 7193 1850 31507 19886 11167 16217 356 17014 12414 11999 30161 31405 11962 20292 3259 32151 15515 13163 22955 5256 2803 18550 10976 30421 9985 24249 27049 949 15549 9505 18241 4256 6720 14362 10798 20762 18720 18401 2449 10438 20667 4914 15383 15472 1741 14779 24608 9109 2265 23215 31665 30434 25226 13051 19038 13341 29052 11517 14347 4650 11983 22448 15410 3751 18330 29005 9982 8133 3368 3493 14378 16468 21252 9415 19907 16292 5678 12428 1076 3129 17872 10637 14477 26011 24762 30084 31623 30552 17323 12210 3612 12683 18757 7798 9244 5585 16726 32639 22235 10900 3620 13218 19589 10329 18094 31284 32696 5121 24092 3816 28025 29966 1786 5791 19193 11432 4250 31696 1303 12220 13237 28478 9884 22242 31246 3026 2881 20842 15967 12464 13898 1095 17738 7477 22957 13211 11436 14575 1879 23544 21024 20271 13297 13904 19243 14703 21304 30991 22393 12580 7622 6867 32346 
10638 16867 6485 15340 26664 25215 7282 20833 14942 15099 10347 20610 6145 9630 11451 3686 12482 28506 17595 7545 6194 7417 15961 13935 27240 6959 16123 2144 4818 13158 30884 28294 11030 8070 13693 21071 8031 25736 12847 18185 14375 2373 23143 27691 9133 3678 9362 21095 14094 498 23850 32049 31166 17481 29559 24783 18071 13129 25882 3211 9737 17334 7554 24966 29799 6467 1261 10458 4766 5198 3674 19463 32667 271 7968 27800 25332 29001 1739 7417 14852 7268 29447 25234 22908 7879 5760 11320 5288 13979 24393 24294 28448 4377 29271 15392 9246 9144 12923 2804 9665 16368 1928 10424 27616 11529 29548 21302 11971 21338 31273 10899 21935 11047 8562 28405 29363 24675 26393 9531 3505 16664 9552 10014 25455 26205 11396 5532 28294 19095 12395 30271 22087 32319 18064 17743 22063 7281 21470 24014 6294 22482 26742 738 1639 22318 26780 8397 14920 19476 1801 10327 4223 11979 17712 8080 23110 24774 21878 6897 3370 30350 3228 7698 5918 11022 20227 9819 26095 683 19637 27832 32628 23967 16078 15255 28753 24628 12362 3108 11348 18149 28550 11082 31650 20827 15061 23927 22097 7861 6463 26247 28173 19377 25350 11062 700 24621 27596 21885 26139 11626 13630 15631 2727 17844 8918 8016 15863 6081 14422 14230 25610 25004 5187 17992 2616 16588 5350 14325 12853 11832 24323 753 27443 7053 13887 18072 6053 16881 24493 29577 4008 18282 1576 24070 23377 1133 7010 13078 4566 29170 20609 17290 27330 7349 22015 21824 4101 20844 3693 25285 28259 25247 2629 22603 24368 21195 5894 28642 31628 16841 19606 30594 32453 18113 13079 6272 21564 16087 22475 19843 20291 4662 5735 21040 8102 5791 7997 2525 23608 11981 23142 13108 731 3920 29717 12306 22738 3950 20704 7766 22527 5657 31284 23773 6069 7215 20347 20041 28361 31066 26741 7341 28643 27773 13175 23887 443 17712 11867 18082 2072 22333 22219 25429 1551 18530 2978 27969 1400 16252 19982 22318 1637 27886 4720 24070 14140 11065 27515 13340 12913 26069 27319 29782 32595 29623 17354 6330 23832 8374 2534 25728 10555 4860 5868 2774 23361 2515 22323 31323 11098 24790 21932 26542 17762 30251 160 12146 29999 9887 13941 19616 31893 5744 7016 15805 12838 7758 21443 24850 17845 2676 20194 13479 32072 16058 28561 2634 11831 5003 31354 2997 19270 6486 10001 4134 8000 14585 3210 29657 4821 16946 14271 31784 8167 8215 22733 30059 
4759 14398 7861 13675 6817 1171 31055 250 10352 10766 6912 15418 14339 11510 1992 7434 26027 27971 13094 31914 21737 10038 11566 31392 14318 17441 2456 20383 29215 10800 14806 15594 23657 26762 13522 15898 24234 32483 1885 4471 31149 29922 10006 29181 3113 19208 23977 6146 26495 16356 10200 3336 782 28512 8746 32283 21283 14612 24824 19149 24585 16801 31108 8073 6055 22172 1661 435 30637 6750 19144 19732 14910 28437 26041 444 1045 10925 23323 5259 10192 1911 6324 3506 18379 6549 1601 12516 6542 22602 25330 13344 8352 2118 9752 9933 10222 28574 19441 27625 30498 16785 32000 2262 29185 31455 12484 17008 953 31693 10160 1756 10980 27491 29283 2525 5253 5893 29734 14901 10320 32467 23237 19170 12665 28335 29939 12944 9248 12207 32160 6051 31580 31008 25140 31619 4047 26752 1335 17944 18287 1026 28563 12303 16150 278 1772 16652 8507 30464 32318 7702 20327 5099 23605 13802 4069 28286 9557 22932 5945 12691 12455 9016 29860 29546 22236 14819 4010 11832 12174 14700 5081 6207 9006 25002 9510 3727 5161 268 20074 6611 25133 28392 9691 14333 20635 15276 2645 24060 19190 18552 31878 17881 6454 23331 24603 31522 11377 29182 19714 29007 24191 36 19353 16123 24545 8237 27061 16150 14932 4582 16003 17013 23350 25856 26461 18444 30686 22824 4299 31255 25700 12624 30514 19507 30627 16781 31454 30571 9834 11036 15569 17852 15939 2133 10073 24264 10841 4056 29604 1125 17794 4240 13653 31360 28384 23017 6334 22453 30923 10593 20369 15717 22016 27358 18419 10904 23696 8265 5579 3752 12239 29373 7516 4420 29862 11145 16019 5895 16739 5214 5104 26870 7114 28533 8995 8671 30035 27772 21723 23558 9581 20180 11189 13492 841 12844 30515 24798 20048 23725 7460 12785 19317 20850 12557 3384 25916 24850 9528 19454 537 31645 11712 1779 6092 21646 32630 5399 3548 30436 11048 12066 14612 6463 6622 23147 11254 19977 32132 1990 6422 32678 24548 2130 28156 1471 6043 4739 24630 25702 27425 9109 20074 11917 31572 10850 31028 23615 2580 19990 20028 12614 27438 16644 29423 14049 5259 27894 974 2171 23607 24780 26699 9123 13499 4980 10888 28015 18488 32453 1623 32292 430 4665 9551 8517 15309 16651 11414 25434 14868 28400 22965 1421 5605 22809 9677 10471 13782 29975 30568 5982 21993 23811 260 923 12187 10868 26759 14598 5118 31701 14930 9215 25366 3879 15022 28393 
3289 19382 726 26650 12542 19587 3764 22586 19786 5082 24259 29329 8264 22310 3938 13577 10394 17602 26804 15736 24722 10185 12912 24673 8381 18332 605 8469 32594 3936 6528 1872 12977 17605 8280 27218 19397 11758 17176 31976 17499 17873 13533 27196 11351 1808 16756 11399 4465 23584 31877 31114 29845 13665 6931 13714 19135 13977 9030 29496 2845 2239 22786 1587 28079 26843 23700 5647 29161 8446 8404 14741 30205 19292 26783 22575 22428 8031 19213 4857 10009 27962 8633 385 30253 31335 24561 23021 1759 24117 29295 18295 3311 5479 31098 2941 32623 3373 19965 30105 6736 31489 2110 12268 7765 2283 7568 32387 19127 29640 13478 10460 12695 16911 4768 5753 13818 25343 14662 28975 18782 2313 26968 13798 24154 31391 4633 17460 362 3312 5733 5340 19133 21699 29539 19139 11216 13514 3943 6761 11228 19670 5151 15913 8213 32227 22635 17261 30385 16326 24252 22941 25804 17508 29637 29301 5953 14522 32352 2116 26589 29958 7482 25389 27762 29955 25939 15004 22818 28443 19106 27845 12130 27872 29074 9974 14607 16005 10056 20675 1047 25975 21048 1462 21453 5403 19435 25394 11930 15628 28999 1961 29899 4691 11145 10164 9669 5238 18444 13715 7169 22683 19029 5068 12466 2160 8146 29430 10191 26219 25815 22842 27224 18278 28431 20267 25986 6649 18138 25136 22346 11948 27176 9865 11094 19530 32017 4644 30807 10454 32415 5779 26756 17225 6969 8776 16574 18001 3419 8297 21140 4614 21936 2690 8938 2144 24216 3876 27093 17334 14851 27238 19584 15177 21300 20083 3268 25038 13617 10656 16081 26391 16067 1055 1239 23947 4420 4662 6345 26909 3376 9999 21954 11918 26070 9262 23291 7785 2225 6869 11997 24702 17843 10096 8885 23868 29357 26474 3818 5323 10607 28622 30686 27671 9863 10505 223 26493 7143 32260 21805 569 7616 8480 22596 2441 30361 1918 2969 22390 28508 29730 3954 20246 18477 8495 19160 16601 11202 25521 22511 2463 2139 11416 27409 28466 27160 12128 26025 4185 26528 14374 8662 19629 25232 18212 27520 11517 23097 30097 14083 27011 31399 2017 132 12163 18530 14935 13029 27996 7477 26612 17997 18790 8728 17092 11048 13888 2080 14689 26456 4295 32719 21644 18528 24971 27719 15869 817 27163 14316 1491 23204 16921 26116 15806 24795 7507 2085 3831 27427 10208 2638 31529 6054 22116 16673 6046 12333 1775 26150 30609 10690 20218 21645 4903 32312 2758 24200 13606 
31590 21090 13209 20196 10315 22390 12948 23277 10426 11479 29834 31785 20636 14894 5129 13756 18329 17837 31617 12047 7658 18090 7668 14762 28767 27090 17494 19148 8843 5978 15059 13002 15688 14039 27510 17906 3181 13691 527 15714 19834 27855 9861 16892 11558 26015 17999 6899 19977 5817 10256 27802 9424 10621 9284 5309 23978 21355 12134 7725 17605 23972 14533 4594 25924 20249 13528 24060 31507 20789 32328 25383 19932 29157 7480 1676 7109 19820 16907 12284 2608 23408 848 16196 29027 24136 21121 25358 10833 25294 8938 14693 1807 10673 25217 16424 6905 25885 4121 20003 6697 29397 8441 12649 1999 28323 29404 3891 30236 19632 15663 21664 24502 25558 25537 8449 22826 14741 22406 18109 1920 24306 31096 15179 16286 26633 18093 14323 3911 15158 20546 2537 20995 10429 14343 20516 26413 25786 26790 14589 15817 15663 25405 9741 20167 29177 2545 15799 623 14860 26147 4609 18940 27302 14690 8885 334 32114 31291 22623 21311 2714 22119 13621 26238 24015 24063 6326 11362 2355 5017 22083 28756 3275 14374 10550 19531 28798 4902 32367 32023 27098 1417 5070 22161 661 10574 15345 26631 17514 12006 2846 17020 31846 17374 11278 8510 26098 30926 26761 9278 3160 22627 10067 17935 18615 30274 26546 20725 32477 25899 2056 2832 9821 5286 24456 26488 1370 11670 19698 32284 17786 760 3794 31566 32415 10864 3918 14107 16700 3703 22683 28761 10387 12757 10095 11407 10913 26728 24130 8133 22747 16737 9994 13731 27055 7178 13515 7520 23512 27268 19561 231 21511 12498 3650 5069 2029 716 15795 26650 2588 14932 1271 335 4064 32362 8956 5635 9936 6064 9680 16002 9619 740 28280 22788 13380 17779 13048 12928 12997 10845 30179 28514 13721 20350 17189 10819 172 14156 3156 8179 17547 30577 25917 9989 13662 13571 6630 27882 1118 23607 14419 25850 11939 18290 31309 5268 5950 26913 14647 29663 14169 32675 5822 4210 6551 2368 4229 20593 4417 23426 12826 5947 22695 17151 13654 14994 18972 5010 17380 19218 21100 2440 7290 18389 29115 4039 32552 9360 30711 17633 14476 15415 15576 16702 9747 18985 8603 14590 4592 6502 13901 7504 29100 25830 13000 26205 9106 117 19582 9342 19826 21738 11371 25656 14167 26329 5330 17527 10437 24811 7336 162 5136 4488 11626 356 18526 3260 1640 6312 31649 4365 8254 27961 13753 16408 15167 24357 19013 7783 29843 23388 25024 13225 8541 23484 224 
14197 1708 23856 20709 1420 8950 24060 29586 18539 4616 21314 32730 28949 10126 25613 28575 13612 6646 27944 20299 21736 19240 17224 2932 31776 13494 20272 7678 8497 25126 28587 20951 20921 12558 10830 2070 11840 9241 8441 24161 30422 7756 25565 30551 4446 20858 6660 19635 347 277 14370 16234 22352 26793 16788 3021 8768 25612 18081 25316 27604 22455 2140 4952 24703 6187 24752 23738 22191 25743 7667 26526 6441 29350 4582 23119 27860 14092 15132 9331 3349 23646 29931 23618 23370 19961 7039 8283 6631 382 8163 4801 11336 1245 24536 3470 2085 22492 16028 18992 22497 3531 15813 9653 12768 19979 11617 2887 17903 2524 14862 25413 31772 14593 15542 11030 11278 361 13302 25529 32117 16556 18469 30975 28467 19403 13593 23390 15766 1240 7845 22223 14042 1669 1479 16956 28624 19147 23113 5899 21622 1716 10733 22954 1237 4179 4948 13319 27524 129 21354 16173 10401 13144 24198 13321 31521 14614 4789 26504 30946 23880 3744 30471 32219 11468 15373 3802 5046 11807 23551 28231 10236 5688 13374 22152 6963 29589 5528 10649 14885 18076 9916 10421 10600 31143 4192 3979 8908 5927 16661 32013 26871 27451 5862 6353 10152 28131 26886 21647 32046 413 13867 30059 10498 30705 17480 18032 18085 10477 26494 14206 4177 29567 7513 3545 17017 21249 27456 14171 26963 23308 22172 4080 30382 16524 22093 30909 23063 17252 17523 30570 7206 639 31689 27291 28377 7824 22169 19212 23675 30721 1349 4351 20951 1021 7047 23689 23433 31686 31979 21703 26583 31946 23230 19017 20730 15793 20543 11402 9276 20965 20784 13885 26451 1753 21316 17738 7532 8360 25852 31353 22611 2339 17998 25056 28842 21812 30168 25344 1508 10392 29577 445 11906 22516 24659 2769 16852 25930 11319 5780 24197 21918 21150 19544 14830 1368 18353 29572 23413 9077 5528 26455 32713 13065 13035 19128 6893 19081 4137 2312 30916 32165 27042 20166 4857 6806 1861 1235 2729 12428 14291 5672 30861 23633 25649 23968 15531 23541 14076 20582 24839 2286 21125 22324 19968 5005 28427 14419 23382 24972 31786 30701 10400 1274 1695 29192 24599 10931 21843 29207 16966 19408 16034 19258 335 19960 21432 7109 2861 29730 15821 18878 32051 27903 14584 25280 18266 23770 13642 24592 28110 17684 1782 19360 11007 7557 7999 20468 14443 28011 14918 12326 7446 7478 4158 24767 10926 16219 8609 30399 23761 62 14339 30538 27105 23684 13065 26460 
23548 14507 30898 12862 16212 29934 10299 11531 17223 26062 19755 7062 21598 30963 32455 26134 26286 3136 5419 28654 11289 31764 32512 24814 16710 17355 28250 22179 2593 27300 15301 23023 3866 29371 1021 21800 5214 1219 18338 9435 30247 18170 27325 17141 13833 23643 13579 26481 7951 19453 15487 23387 14094 6334 4520 32107 20600 20296 16713 21681 16819 15629 32668 18388 8922 27832 24815 14107 4850 31674 23014 24547 28694 6547 31824 5146 20320 20531 6641 23752 3022 3666 5978 17331 7275 27692 4294 30491 3412 2739 30807 2094 31254 13599 20193 4085 8908 29291 13948 25863 15781 11697 30859 7185 31399 8301 31828 19719 15456 25945 29529 7050 24173 31875 31100 27886 24794 31168 11163 6448 24799 27583 11485 21815 29365 26136 30191 14784 28762 13081 2185 12792 22666 21651 24486 27755 29464 24849 23041 3664 988 20799 12041 4024 13744 7697 27438 32133 31612 29643 14588 14368 8525 1647 6647 18977 27393 22312 19279 4039 19568 23556 1882 15459 8696 5692 1672 27979 11919 22351 32216 31051 29058 20976 26473 16686 28283 32381 25828 17196 977 10858 4432 1439 12588 31966 29246 6961 26633 10452 32590 12161 9895 15836 15131 15704 15216 1125 27027 20536 20634 27199 23921 30157 8340 14910 9921 18673 24104 13525 752 5694 2679 18715 29046 142 10239 26895 29033 29265 16522 11028 20500 25506 11684 28578 11357 25501 25398 17414 28954 29223 26769 4517 22730 15195 14369 7775 16215 20763 23868 6661 30659 16575 12102 18843 11846 2840 17017 31011 28680 756 8543 6602 24137 18322 28151 1511 11502 30740 5075 21332 6364 26959 11363 7802 26754 2796 32365 12391 4793 21792 5588 14 11657 26633 3588 1738 2625 16246 15396 3441 20795 1670 1079 5928 2243 11457 24889 19512 5880 12165 15172 8424 4908 28962 14321 32650 20723 26909 22058 22644 16173 18853 27163 32466 3330 21866 24425 16123 25858 30305 31652 13791 31074 9734 13194 29096 32666 24667 29688 27944 6986 26752 18880 5566 29449 24073 13146 2982 23313 5194 444 8586 10461 7114 11171 5733 19381 19636 9808 11393 24586 25261 8970 26789 4327 5914 19555 18464 118 11988 23735 10548 22677 32167 5541 23991 7588 27777 3853 2029 12599 5327 26547 10827 868 27241 8110 10134 13831 4472 25499 31753 32531 14597 10477 23712 21525 20035 17776 4731 7345 31580 30348 16379 11658 26819 23652 17476 16289 26707 31879 8215 6822 18701 4765 6036 25549 23175 
17728 20618 9261 18052 20308 4703 10314 12419 8121 11509 2788 19975 23470 10113 28159 31377 1673 12151 958 17665 27126 32199 6993 9163 2691 8490 3212 7697 31962 17949 8437 4750 15856 17615 31740 12009 14408 17648 29130 3742 19603 19840 32048 25030 7849 29623 735 12952 20660 4915 16753 32307 13609 29905 12278 26809 19042 32164 22177 3931 6202 12320 25722 20819 22102 30162 15758 22161 16819 28466 22416 32171 18381 14223 2718 10378 13653 4339 20265 21539 333 31589 23278 28524 21762 24085 4175 137 23105 30895 16284 5012 648 23493 23034 110 12459 1915 20340 16413 17122 1820 12895 28654 23566 17616 7582 29529 14845 3853 11114 9039 26704 7815 4832 4968 31752 28506 27854 25416 1706 5804 28083 19744 31151 15203 9413 9781 10404 29066 15108 13472 9993 11493 15741 27101 23262 2463 16720 18825 7955 19713 16253 11186 14845 22456 30371 5669 20278 26893 15811 26832 3516 19500 18242 22613 32540 29747 30042 32373 24131 13152 3505 18241 191 14334 10366 29343 3711 5012 9631 23786 12098 500 18382 31838 25718 16265 12278 15578 29762 9170 17245 27228 2405 19940 15853 20714 25940 2162 23116 4604 19811 17107 4860 30528 5454 15779 26555 12931 32114 8093 16788 13835 6565 20823 8354 27959 12529 8239 21457 7936 4065 1494 4656 4644 7320 13651 25451 14827 21159 6852 5268 15421 21661 29114 32226 5777 4942 31057 3469 9395 10349 16103 20726 32150 22001 18182 16246 16977 26763 2309 10519 13581 13967 28262 18619 8483 19650 26184 10621 14675 733 23052 19100 23932 5758 9047 7570 32087 4951 1018 18980 21176 3110 25902 19644 23853 15209 32594 8096 18741 5188 32297 25201 22074 28394 18872 17037 3971 5057 5281 4443 2537 3846 14986 1941 1290 645 7733 17792 26754 6165 21234 18103 8392 28627 325 10522 12070 26192 18147 14102 1481 20088 5487 29975 7119 31655 20084 22675 4824 19216 11323 7012 4799 7678 20332 6246 8596 3366 17806 15324 29998 31244 27513 14781 12352 18873 1121 22115 30576 27370 17214 15676 26936 2632 25448 19879 5532 23568 8503 18269 13399 30256 29458 3347 19646 7561 6937 29153 27492 18774 8913 27074 29023 14983 7988 12477 13831 28707 21766 5160 29799 9253 20706 30455 27713 17176 8265 19188 24818 24919 19994 15460 4422 14387 4288 21047 21749 18378 19674 21680 2301 7769 5226 32249 15283 23374 31767 4951 26845 9825 23197 3968 21786 31860 329 30851 31338 
21725 14198 1952 23548 8254 704 19246 28383 6879 32591 11435 26938 30461 6089 20131 27667 31870 25714 9822 1413 4130 10039 7387 31050 10380 8401 26886 3477 22513 7889 30079 9896 27842 24251 9616 11645 7905 10367 4390 30422 32545 206 13782 4362 11680 8707 22227 13811 17459 2408 24487 7386 16218 3494 29496 26405 15080 10391 18554 9010 22703 31483 28575 12257 13731 18450 19573 6054 29759 13393 21359 16936 19607 1351 11552 19567 32032 5269 22898 31884 3880 24465 17333 3647 29660 25369 31096 7985 13206 6525 12229 30589 5181 26183 6723 11244 9803 19137 3671 32469 11803 31521 4230 1178 24626 22384 3463 12456 31254 12012 19948 11711 7061 23187 1981 30335 1628 11553 6744 6861 17780 8005 13638 14314 18620 19105 8477 28070 5396 5381 12100 21225 13769 30058 19112 15709 25865 30691 624 2839 10749 14374 27841 17051 12761 9791 29718 25698 8620 3704 27466 25571 4556 20691 25653 25609 32714 15117 605 25221 3376 22847 7814 28435 30659 22987 7495 25384 29599 4060 26304 3130 10335 32502 5549 26806 18301 3752 5437 2646 29959 22648 32487 2430 18111 9777 12518 2276 8004 22967 3983 10092 4771 28346 24766 16475 14062 2848 28991 4806 18988 477 17499 7460 30325 24424 17855 27593 17712 22579 16694 31275 13064 15112 28406 2362 10634 321 10852 24665 26407 14003 23929 4536 19261 32682 29707 504 8865 18756 9147 13758 6941 27542 3991 30974 20253 27903 30138 9682 20542 24092 18902 1012 17816 8756 27045 24773 30090 21958 4545 25304 4150 18258 27584 8928 20351 24476 3303 9156 25358 29669 18417 22602 29659 26888 9867 5004 29515 25128 14748 19162 20256 11369 2735 22011 8982 9289 5557 13462 14513 17693 3469 20597 11844 17850 14817 21753 12896 26679 13007 16235 26601 15255 2869 24128 20332 13 21555 7319 21433 14549 15166 30952 21940 29242 7686 31156 14343 31840 29639 19700 19600 21516 30819 17084 17673 32166 31691 29194 25757 9052 16222 28997 22989 6110 3742 11578 27761 9758 17938 21855 1476 9693 1143 5415 10399 30022 10877 12507 22836 14404 7876 18744 15821 8338 31447 13227 18498 27123 23597 23373 31256 13077 27284 4411 28451 16497 12607 23614 11798 2707 15145 8269 30057 9537 6103 25284 5194 22067 1827 31275 31894 3197 13264 17365 20147 16383 31093 20028 7150 22032 17479 9742 5164 11838 18022 22536 14901 2107 2184 18924 26899 7671 20483 27939 10585 2993 23270 3161 
13873 3436 10302 10270 17065 14028 10118 439 7440 18122 13673 1341 30290 4074 19088 8004 4355 13072 7751 1698 9946 1536 17685 9457 16731 3353 9343 30904 10349 6464 2840 21643 13346 24391 271 31504 31571 30737 12596 14669 5583 21835 4588 30736 16499 28891 19349 3250 29511 23765 13455 17425 32652 16099 30663 7550 5339 23387 25840 13994 30513 9508 12981 32286 17051 11754 9814 26620 7668 21284 8818 15513 14959 17431 20635 1400 2792 26795 19416 5348 3647 27185 13079 14502 29220 14824 16149 12722 21106 26641 6538 18288 3894 28203 16846 17919 15668 30926 10007 32090 23187 224 2682 5901 1444 3796 28186 23791 9736 15926 29936 5338 9443 18818 23218 26820 32356 25857 4133 27501 7346 14271 11519 32322 20219 32030 20683 4018 12139 27920 14280 19638 13465 25547 14766 25887 24778 22380 26726 25650 5727 7628 16031 23511 9267 20514 21912 20037 17427 7023 3729 25634 4681 31318 7030 31674 31040 13225 15827 32433 28126 13141 11247 27952 14066 5760 3150 15142 707 13795 9944 32051 27995 5380 12283 5542 28842 27522 22097 27841 2698 25462 7962 24347 17058 356 4787 10740 860 24460 6677 11287 455 30104 19985 28715 15210 30646 20436 5486 3885 23539 5997 26908 17495 20689 26706 31127 12003 12280 8322 13154 14045 1748 22670 7535 32021 2422 4162 7372 18934 9280 23565 28876 25611 21879 4188 17292 24499 3233 9435 24310 15263 7716 31508 30141 10045 27125 30937 12950 27434 4870 26326 13634 31375 12029 27 23166 5517 16412 3226 177 26166 5715 24627 10281 4845 1738 7469 25263 15296 10909 19252 17382 10105 24530 4997 19805 25036 7956 8088 9287 6614 4355 27343 13577 12965 10886 27756 9269 7589 23634 11706 11072 30269 1603 28758 23231 31600 14877 7169 23641 1884 14834 7934 28763 451 7612 11560 17575 17821 24310 23369 18250 9182 2276 31192 21212 21425 17441 18516 29429 13764 13284 14909 5665 10456 2896 26219 24403 294 29190 30895 23706 562 732 21212 32647 8745 9110 6562 27759 32588 208 18756 30532 24093 1331 19103 20657 24284 18940 20321 30521 17888 13003 30080 24340 17334 21657 9572 13324 22909 7666 25080 11367 28340 29421 32238 27976 13753 3455 20946 15510 17658 1460 15133 17156 22968 8763 19482 9128 10798 10115 8885 17671 13258 3113 13990 6756 21888 2219 7468 3879 23450 31218 2702 9655 24267 2738 18743 14341 8526 11168 3023 20148 8425 12056 5811 12266 
13683 12551 32315 17949 26838 4745 23295 14256 3438 25526 2386 25586 16766 16900 24451 12129 30060 32707 28985 29623 23245 8118 28130 20759 24601 33 23458 25840 12332 12084 10695 340 22972 22338 31779 19190 17295 20002 6356 4644 11557 20702 576 5760 17518 2633 12009 28207 20438 1417 2099 27809 6460 27657 14832 23234 19108 13381 23467 8263 9297 13551 21338 21211 30768 27865 30377 11632 12370 3616 27157 4414 12584 435 14080 7499 26030 22484 24056 11774 2175 14057 23235 15401 16058 10136 11746 27621 17219 2582 20692 22493 11667 16308 668 7630 10932 5474 13135 14498 9733 26735 15342 25382 6864 31143 7945 20221 11878 28090 20686 19999 3509 6258 13048 31187 15380 12391 9079 23100 15092 21305 1702 2027 7317 13192 3760 13763 2601 28831 28335 1589 31101 625 6519 20126 2271 7388 13384 11413 795 2024 3552 18178 31758 8200 23142 10231 27907 1275 25522 22042 4701 5376 24082 8683 17396 11473 15401 9316 29898 25237 23328 8797 26962 8062 4117 1416 10545 5423 5721 21189 30840 19625 18846 4292 18052 15547 20959 20052 12311 4587 31441 22029 31684 20956 24983 19804 7577 17052 22480 28277 27008 9177 32724 8424 7429 18928 23957 11960 23603 14223 3337 22169 18804 2519 13007 30958 10634 24033 23698 31370 22740 29649 22553 19440 8694 1597 23135 30179 18030 28658 21696 4041 28754 27734 30545 20939 14831 17694 19608 1154 13234 29241 6216 12697 15061 1468 30862 28602 3011 18012 30776 24250 9935 19030 20658 30233 8123 31588 3579 11875 19664 15259 11649 26070 27988 28742 10009 19153 4742 11173 19752 30909 20452 32549 11143 20142 27025 3769 30978 11667 11303 27964 17880 25380 31993 12315 11848 24292 8355 16609 27452 5555 17154 25802 2351 14347 23459 32417 19233 16982 17149 11273 12288 6436 14116 31956 9880 30498 7574 7950 19589 13436 2418 1749 25045 15954 30290 26724 14970 29750 6194 4971 28793 32507 28530 1407 19604 23174 167 6828 12115 23574 20619 20629 24652 29292 8535 16342 22282 15529 28898 31725 10596 12817 27738 13533 5511 4474 27362 23139 6569 6564 24026 22187 19784 24810 5254 16631 27614 1365 4401 24369 3738 2884 22080 30446 21502 14744 30417 23636 7533 24143 29430 27399 32 1365 13442 13696 8279 18257 14211 21714 11353 27197 30945 2383 25424 28345 14922 7925 32001 21289 30536 19091 32279 11478 26606 29578 6605 11900 26597 21277 844 14946 28241 12101 10588 7111 
9291 5749 6226 6041 26684 563 26378 8820 8673 10057 3587 14262 1873 29942 6879 16363 26409 2660 19404 19664 8944 29426 28349 5343 21048 20373 26797 30884 12139 20467 4175 3788 10140 26332 14850 9050 14507 25920 12032 15662 7234 15821 21970 16808 25930 16350 15038 26736 25840 14526 24761 23320 31095 20941 24858 28558 31163 31942 20915 20380 14446 16950 22920 4082 1977 20009 24685 13638 21358 5082 31261 22919 8786 474 22413 11381 21423 116 18525 32309 2193 19433 19371 23617 12810 25120 9645 26927 26528 1744 22501 12746 27104 3027 31802 7361 28529 25230 19670 29831 28046 21051 29706 31452 26931 21638 12542 6317 6309 17264 6518 14757 17693 1687 17450 13359 19265 17492 15171 9109 24843 24121 626 13030 10476 32728 16472 17631 2657 14307 29313 29562 15114 19558 12328 1005 31495 20591 32049 26417 5938 3289 9614 7137 12930 21888 5036 9738 6600 14454 8198 18271 9663 8176 15743 23841 12542 15473 28725 6921 23329 3484 32610 24822 8369 13838 32604 1491 707 8405 8151 18820 7210 25631 3663 31379 21021 122 769 16948 31968 14587 7212 12612 2235 25419 25733 24150 32432 18480 17178 27684 3526 60 21654 9581 262 31346 6287 19217 23665 22378 29322 557 7703 532 4717 9282 27570 3505 25203 15082 22418 29806 14920 18318 22254 30110 28758 7808 23581 3379 26001 10222 20529 6983 22270 27952 22737 26060 14629 22314 9052 16403 17135 7433 15594 10922 13598 28620 21294 15955 17846 13534 10735 3714 19651 2198 13543 9277 7377 32708 3587 14611 29728 5911 26423 16324 24930 11543 775 30197 18551 8742 26784 28632 22201 10885 31321 14903 23849 2509 29423 27871 27035 505 22761 32100 28823 10869 21096 17309 18787 27961 25148 32200 4163 27776 27851 30777 26900 23568 24084 29718 31732 14408 15225 10107 28724 32615 18201 6945 10514 21431 14774 26175 28620 29494 15250 6350 23181 12327 8472 14851 5255 16001 26262 24197 23065 30846 22284 20 4534 11332 21846 6045 12544 2908 29268 28090 30606 32243 27358 30341 13415 117 11514 32766 20973 22221 13194 17526 28842 23172 23624 12939 11793 7259 27709 21606 13724 22710 10400 20215 10370 32760 14432 29804 4913 22556 18437 21375 27373 8644 21665 25394 4501 27666 29279 2259 6921 6331 18255 22358 29148 15953 31347 20264 24731 26384 20421 15490 14658 14028 28920 26834 10143 22706 25836 22281 28199 22869 19728 16922 1039 4958 2956 31088 18512 25214 
9199 27220 12490 1215 21152 9672 5454 3160 22367 4287 22653 16535 5805 17351 12611 14952 14066 31676 194 1580 26809 3234 20481 15071 13755 3810 29784 26348 7087 24526 7821 25052 10159 14922 7108 9978 29024 28866 6306 4224 23290 8719 29179 26565 7199 21862 22284 2154 21933 3782 28178 23157 8501 963 27972 26322 12557 19497 15792 19960 24049 30 11872 28908 6197 19443 19127 26409 32102 32525 30854 28578 16185 17595 22990 22243 32024 19573 25101 25280 29622 24918 26178 26648 18389 28022 25292 30754 19368 30410 2112 17687 10967 1336 15980 4014 29267 16870 5445 27937 19015 6955 31677 10413 30693 19178 30608 29411 1985 19826 5178 29784 18346 22605 4897 21727 5042 16288 13573 17117 260 27302 23207 24150 32656 15119 6908 11020 11764 29316 2580 300 3805 31727 30493 22023 23507 20088 15990 20438 1551 13594 8115 9862 18381 17520 618 22291 1290 5613 2022 26091 21302 25411 12828 6639 11287 7226 20932 13009 4714 21419 7761 15123 20361 14812 4892 14955 24831 20935 20390 19157 7413 734 3083 11648 15854 25015 2362 19363 21974 5980 15915 2712 31660 3887 145 25443 29227 21371 3007 8037 20444 19138 319 15094 30432 11102 6564 8659 4706 4746 4563 25421 23111 32144 24433 30885 3105 11700 29777 7549 24670 30625 25315 554 6254 19604 30387 4385 24688 5549 4446 18611 24538 30410 16369 32425 31928 7365 13417 25851 20473 28405 21011 6703 22611 13747 25810 19325 29931 19044 8914 3217 3628 24742 21921 23257 14703 1569 28899 4012 25747 23366 19041 13550 12150 17350 23202 15648 6125 7927 23988 2101 4787 911 21390 10428 7041 20809 13240 21507 23854 10967 2264 18683 8368 27965 25422 17235 27558 7309 2983 19697 1193 30365 19857 28238 3196 5130 6229 7001 28152 10821 24326 14762 21395 11462 3754 11476 4232 10411 26795 17895 24586 11729 11399 9434 10213 25014 25915 21262 22044 14424 18735 18239 3955 12349 9 19168 24773 31088 19715 19733 32610 17417 28916 23341 14722 5598 5339 16169 12491 20092 17818 1624 22248 18551 25425 30717 15973 1944 13054 22234 2279 15186 22355 4451 5996 22160 9028 15523 32183 703 6292 11867 18799 16535 18957 10134 10640 24364 2081 22156 14848 18677 13968 27629 20063 8841 7985 28660 23323 2636 31775 29224 3928 62 20276 7797 26722 11779 17805 14066 15154 30521 22819 17716 9463 10685 9601 12568 12012 26664 22855 16558 8567 14726 29502 32185 
3394 17147 14872 26426 845 3132 20591 6363 30910 24326 878 25098 29486 31431 23460 2957 3087 26019 25010 14172 9164 3042 27613 7335 26930 4272 18341 27794 9121 22506 22171 15237 471 23094 28939 27539 19631 19198 5415 24590 7553 23400 31991 20281 19434 10031 20146 2060 2887 12733 23149 13272 11086 27113 30421 21763 31008 6251 11780 28892 26482 22613 5190 26802 27832 5709 32457 11216 19602 20912 8217 23097 23039 2759 13018 18443 19633 27534 7729 17428 1837 9182 10931 1293 25619 17685 2384 4864 8502 2159 18042 2358 7439 13196 23085 25166 26305 12895 7744 26843 6946 21072 16174 448 2725 9158 12443 26033 28920 2923 28267 12859 8998 3998 10254 16190 13579 21442 19581 2011 30221 31869 25627 13866 18876 29977 31529 3453 9049 21775 2395 19914 10453 27475 6781 4424 26904 21077 2168 4437 15904 510 13406 30680 0 3110 21279 30772 1094 15980 17785 1587 25123 1834 23459 996 3455 24876 16772 32048 21376 25120 10300 29528 26011 8990 31162 29758 18210 17805 5250 32374 2511 28446 9519 6384 17964 15305 15668 23919 13373 24991 86 14217 23070 14920 24588 23860 6737 13413 10524 15184 4276 17576 14477 7158 2865 16838 24361 6768 2264 3683 6160 4212 6847 24620 11923 31153 22704 21450 20336 6187 21538 7131 1410 13372 16413 13878 21792 23881 16038 25425 18149 24225 2319 7655 29410 10845 1501 8438 3834 1506 16744 28952 13885 32758 2330 3560 19678 26254 30680 19187 12828 30175 5263 618 2375 18596 25300 18057 865 32520 18928 6082 24394 6365 19631 13074 9951 9763 17705 26175 86 7920 29886 1513 9429 21009 13049 32679 10499 3033 14316 27452 6892 22875 7356 28625 25429 15858 12703 29398 14923 10465 23646 19875 31389 27328 21274 3334 11668 28637 5970 10568 11061 801 26514 8749 25249 27022 28295 32234 10474 19212 28723 30734 32474 3005 32002 14285 12574 21684 24995 5946 31109 20141 7950 8949 24988 5594 4954 14972 30299 25863 21963 5064 10308 13240 16016 17659 17917 29402 29860 30271 8027 2935 31221 12583 462 2376 5379 14524 25175 17996 14767 26129 30210 31399 29245 459 24774 23450 4015 5699 19005 2719 3622 1997 5537 31364 5809 28121 9245 29296 9691 8816 13875 21609 6966 11432 26616 19944 11660 17044 11345 29795 22567 32440 825 26475 10709 876 23956 32520 31212 30585 11954 176 28681 27646 22026 7773 31993 29299 32145 19128 20645 24115 22247 16163 
16957 12880 24748 2306 12194 21324 29190 13266 32432 32455 2798 24292 19544 28931 15239 22177 145 29314 18062 5798 25557 8597 18999 24669 11610 20508 11813 13169 22952 1200 10622 9546 20116 18626 3964 1874 4015 27764 22122 1453 9546 22505 15338 32015 24796 22089 24623 26575 32073 32154 18684 12364 19526 31722 6734 3833 4808 14154 11832 28756 14401 5822 11880 16172 22808 30110 27552 14964 20746 22365 6885 511 24029 19778 18648 7745 814 11958 14727 30011 19464 9474 27513 28742 18867 19522 25062 11989 7195 16724 2329 13178 3687 25156 23840 12858 11781 1586 1693 16938 32518 23106 15096 23695 19238 19281 9088 8747 26783 8832 11004 18834 26468 3037 6439 9765 19497 8354 25657 7051 20427 24177 19131 17258 10706 25495 3224 15339 20844 18739 17131 9698 30477 11772 2280 16310 23761 1734 5336 31541 24934 4803 28868 30422 19685 22458 7699 8540 17722 20348 3239 12454 12649 1881 15945 7115 3950 13608 23776 26369 18938 18172 9656 16880 20553 6698 23555 10520 16974 17587 22333 1792 25969 23627 16691 31639 12669 20819 14567 27776 19814 29273 14239 25987 9533 17142 27041 6850 15862 364 9301 28262 32506 5316 21426 32493 31703 9590 30883 13473 4258 2552 26678 30821 12688 23779 22183 20488 8786 16666 11803 27405 21966 31570 9429 19136 6374 14501 32471 27825 29623 15889 12499 13628 25219 18905 12658 2288 3312 5788 27641 22751 3825 7125 28140 21223 164 16386 4462 26889 17323 22132 29552 11797 15422 15938 10431 30521 16073 24086 10003 24425 26086 16210 24455 21667 16401 21104 22744 24498 9081 12087 12718 31691 32314 23053 790 31945 11212 4251 25806 28506 6085 14412 12659 16484 1005 16354 7482 5608 15825 27122 3871 30005 23256 27902 10798 12205 30273 263 15712 19725 6522 30164 29949 29113 30673 13145 14544 31270 30707 9123 21274 2231 18799 3546 16971 7205 26653 13816 7989 10520 17951 29694 20604 5740 7636 32331 16284 27278 22666 29617 30485 6249 16048 18096 9001 27290 4032 24478 2032 19375 962 25759 15296 11861 20864 23858 12430 28950 21436 16146 2089 3504 20803 24405 6102 17654 24221 31171 23161 30860 27200 1930 26543 23078 25992 7411 3467 22882 10213 18328 24130 32552 7499 4973 12016 10355 31963 31191 19447 16046 2944 19989 24237 6230 14209 12731 5414 10994 24899 28912 24679 9951 25981 2479 7213 26844 17152 20939 17965 18126 30271 8505 6034 21404 31465 25027 26277 9582 
872 2915 27355 23595 14256 21327 10202 2444 4094 18051 27086 26981 23619 17235 28412 9113 31917 31237 14462 9861 6426 25529 25663 32746 7507 4042 22543 27169 11452 30086 24417 24254 23865 727 16851 24263 26627 11209 3615 5707 3652 2560 19793 18235 323 31707 19485 15532 26778 164 14159 17157 22438 21478 15265 12548 21569 9678 13009 2021 29132 6959 23593 31721 23937 13738 21610 32222 25947 29060 15343 10443 21920 19694 15749 29437 7495 107 7118 2142 16277 12454 29464 25230 10947 10248 27439 2643 14017 13372 890 28224 11506 24213 15877 8456 1095 2285 21319 19708 12583 20503 978 28820 3318 29401 8771 26361 24255 10025 29747 4157 11576 11399 18361 7032 4420 14068 9346 29160 5399 18645 17440 2331 4595 23924 21298 11371 6866 9187 5626 30323 13809 1757 4574 5379 13156 12697 31744 31413 18117 7687 16702 8987 30075 1711 28394 18276 4315 6652 22951 21719 16102 27220 29975 12509 4162 16591 7309 29549 4173 6010 6118 27863 10461 10103 13956 22825 8595 26607 29338 10280 12947 19638 14882 19764 22725 29421 27286 20262 8226 11961 3175 19462 20309 24510 19844 5723 2601 28788 2856 17365 20588 7235 9498 2836 30560 9371 12288 12089 17524 18245 7603 19153 17883 19608 18957 801 18806 7139 7182 16108 16951 28101 16474 19105 15849 17368 12052 9704 14659 7614 32732 275 30613 32107 9212 4848 8257 22705 6510 7503 8526 10785 18578 19751 32173 7572 7847 31635 24175 11597 29529 27966 31913 8513 18012 16688 2436 10851 18372 11097 21292 25909 22308 17369 14809 19196 46 13269 15077 992 8011 23756 864 24808 19696 10661 17184 24350 24156 4773 25603 27099 10548 25995 12713 9486 422 20840 31601 29870 22079 5321 24973 14501 14692 12206 5885 18319 15043 27738 27176 4750 5647 15674 32275 22435 16444 21591 5246 12139 28555 11539 15456 32130 1943 7327 30684 14296 8114 5657 2278 7642 18250 3358 31994 11552 28349 32270 27888 31074 12881 15528 23248 5679 1595 23 6781 10723 29131 24683 8513 14142 21712 1784 22768 2491 20885 920 10245 17011 20236 7751 3094 28917 16168 13188 30400 10198 26289 3528 26317 12314 25855 15662 19783 8853 22839 12953 29217 1240 14832 6134 18191 28287 27742 17464 16710 253 24385 5509 29962 3744 15235 16934 11233 10106 16972 16171 29995 7002 16946 10190 31876 31236 25228 15105 6979 32184 8920 5243 5218 16788 6603 14091 2825 16393 7261 32290 
13101 9175 32497 3154 16191 7612 13449 16647 4599 31930 31117 18558 21555 6648 2691 22073 21514 8607 12018 19131 11666 24932 8191 27829 24797 14876 2419 17586 19215 21644 18556 28832 18937 12748 19391 3389 27409 11198 23991 6727 22525 9332 26495 25570 5264 5052 14511 30586 29661 28087 13929 523 25107 2218 31509 990 29489 16370 5356 28625 2877 26918 21922 1913 14872 3005 1305 15261 987 737 25682 30938 32088 9700 18433 10091 16080 30151 5401 30257 29855 26378 31780 15365 24463 29675 24253 4031 21544 10506 8884 29784 6402 22256 21018 16372 25692 11786 5615 19120 11267 31643 23057 6167 1675 29992 23979 8175 26976 20803 22631 22622 6547 21216 2748 20489 15327 25146 4634 18046 1006 30302 7057 22100 6460 22814 23215 27790 26985 20824 3207 22925 22709 25471 15320 24782 16752 9186 21059 22021 22092 2791 32648 15393 25689 21644 15556 21266 30358 22396 25504 4224 7547 25374 29095 23184 2476 27820 9623 13664 10663 28686 5707 1234 14609 26862 21753 9633 17288 9820 25967 24479 14356 2114 18344 7611 3473 2966 19588 14180 2955 25847 13440 9203 32752 4426 2032 4261 15722 8757 25210 29590 12444 2572 2973 23237 2127 6112 8638 5942 12543 7351 30592 31598 22780 3506 15366 339 12496 28462 27553 2927 9806 6210 13610 5599 8986 7033 28619 8771 22502 18961 7133 9449 26186 6506 24659 13428 5592 32050 18725 5402 5904 11213 23951 7222 29725 22913 3303 21857 9348 21625 25294 19475 15669 12997 8401 16610 5002 17522 16676 23204 8384 22994 27212 28808 17724 13902 28755 11838 24207 22077 6536 22702 26394 6509 18928 15192 24950 9378 5767 11398 4640 6457 10942 7434 27598 906 26895 15710 3892 15671 20540 5031 9742 18049 17727 19053 12605 18225 194 2697 23372 16785 13328 16142 27310 26258 16493 1510 1252 13242 24131 32716 30418 16564 138 24529 27017 212 22968 32433 30314 25840 6320 210 20368 2677 2961 22599 18519 30662 7653 72 3276 21546 13499 20585 18540 32485 31805 4612 14893 30290 18093 24264 6112 9391 8364 28703 22304 10501 10748 15727 11925 17342 21333 6151 6939 17593 3914 18321 8998 7354 7514 7298 19906 14274 16530 10130 22983 1066 21300 31336 13931 10540 14117 6249 15862 32450 25135 13044 25976 13079 9599 4196 14530 26292 9929 6464 12047 6393 32273 20483 1315 4996 31160 17302 17102 30215 9218 32443 27234 17358 29269 16278 23654 18679 11993 26951 
13436 26057 6035 15136 16902 1650 13344 21691 14055 9090 28332 2426 23890 21013 10293 4887 1216 9411 21995 15609 7056 18879 8374 21586 20686 1495 24221 8928 14550 2267 7349 25834 18701 25039 16900 2044 8018 24666 11855 32649 1867 19811 11867 26833 8252 18906 10603 7768 21025 13546 15963 4375 18821 6001 23586 6357 3656 11207 23911 18288 20524 17498 20753 26065 11118 7180 31577 17788 30563 13226 31999 16232 11535 19339 27270 7642 22099 17719 29053 18424 1434 16618 2239 14283 31200 30925 32469 29118 26722 21699 5056 28325 136 24812 29172 8501 2238 4673 21372 5595 19093 27294 20121 31049 20930 6233 27915 21305 6402 25639 7070 22807 13706 19248 26656 6675 20879 26808 4844 1390 19686 19751 2898 29146 20984 28097 9690 3646 3616 25117 11741 28030 8897 27482 7191 13411 17583 24989 24914 7260 4318 8964 14329 32540 28410 31124 6247 32361 31109 25843 19704 4120 16137 21692 24759 4696 26316 16009 23733 15088 19730 4715 15177 14431 29395 15178 4057 21412 19414 18340 24556 1362 16709 9684 7328 4956 14781 3108 6146 29992 24019 253 8592 30227 4086 11627 29363 11736 21283 15762 18606 25581 8760 18280 8833 18267 12718 32423 21388 28651 9561 5502 4553 5639 26220 17992 22225 9569 17450 20036 22364 6091 28008 24727 7523 904 6741 1478 25163 26182 21216 1551 24701 19483 32048 5911 20246 27510 4582 23618 5414 19145 27363 4271 13509 3075 3975 10118 26406 475 23149 27407 6704 24318 29460 13042 24462 14745 10855 25796 26468 6070 4282 2374 11202 20605 6618 19562 25407 3123 3261 4855 13314 714 9016 26658 1960 17089 1226 9020 20054 32440 22550 1758 31894 18593 2638 30970 1833 3004 27310 27363 1260 12908 23982 28344 2634 6352 14663 19011 14606 8841 22560 4833 4049 30938 19070 28859 25536 10057 19073 24438 13108 7296 7958 8749 737 30103 498 17187 30805 16662 27790 20481 22509 23650 29723 20424 13980 24159 1347 9769 23481 27530 26272 30371 10667 10627 2840 16886 22041 13364 18585 965 2556 6543 15840 31317 18756 23342 5793 31901 8943 9937 4032 22805 703 30516 6012 29114 23599 32038 21954 24154 28277 27536 19209 20988 16300 21946 1322 15538 19424 4521 5413 14217 395 14367 5803 577 31760 21679 8759 6411 24705 11653 25577 5400 9786 5732 5675 20494 5698 17387 23148 17064 6018 22223 25592 30872 16716 21069 12391 27590 12051 26604 18394 9670 3219 4627 
4629 7199 18572 27900 963 25908 31632 1583 17234 8549 25112 8476 32007 5020 14129 31786 10333 31337 18379 28172 9493 22714 29665 32653 2582 23855 31996 19018 420 28595 19526 29282 14245 5051 6481 10830 31990 5691 23996 28149 22851 17031 27937 828 21680 25824 29387 6239 26050 18821 1306 1559 17348 7916 26930 31970 22921 14542 11705 25001 6741 3276 31640 1733 3992 20715 9476 13003 18471 10916 25722 9236 8093 17780 18690 9432 573 23305 28549 7796 32372 7947 26516 14912 24776 24659 32376 5245 9177 23013 27722 11402 27761 7165 625 19561 17428 21171 31962 30174 16266 13010 31980 7901 24928 23591 7290 12971 29364 26180 10169 19814 11380 26636 22910 19219 5839 32673 10452 22583 23948 4599 24327 25918 19362 28403 13436 9956 7368 23323 13997 11456 6468 32618 14894 17177 21643 3460 1337 3006 25641 23121 24916 5120 32424 13995 13736 22974 3203 23614 26641 19194 17412 21632 20309 9443 4127 4338 18463 29745 8317 24058 2282 31468 27690 2110 14217 7153 28465 1555 14209 25851 4423 30313 17070 30979 16852 21624 24565 21715 28982 15545 16538 7870 6643 22379 15446 768 1073 9762 29084 2689 23745 30120 2582 14858 4873 14104 10020 10850 29425 4963 7234 24888 15412 11726 31361 22498 6929 20260 21205 8371 10099 7248 26944 9350 1512 2711 8203 15379 22239 13023 25429 3225 21101 8318 13575 12116 9932 10472 20628 21414 12646 29158 20001 5952 4020 15638 12741 9326 15653 9633 15086 22974 27918 17883 21593 24579 15912 732 3681 15924 929 1753 4813 12546 13776 995 3245 29400 9656 22178 9413 17252 13314 31113 7233 25475 22685 26641 24227 18809 17953 26347 24073 14023 9719 4552 32511 31399 24551 25779 10969 26555 17584 31955 29074 2535 12164 31324 30718 6009 9137 25900 30381 6202 20406 22424 13313 11960 9256 20318 21960 23507 4473 24340 4817 29810 1261 32154 1859 27478 27390 10003 10453 29669 5487 4140 15369 18276 7388 19853 19466 28450 26349 14893 21101 12914 18796 23861 24456 29049 21508 4970 13040 8521 9489 9209 1549 13872 19495 23666 11982 29439 18192 25927 11626 18787 15993 27730 8726 20629 9147 28208 6932 1745 4020 10077 31428 19685 21012 31226 5109 10185 16531 7570 12159 15443 19 11967 2697 407 5050 12542 7691 18988 14251 1188 15209 583 31384 16973 1128 23105 17759 32652 2008 17399 24916 854 16392 28284 27867 4187 20494 9988 14841 24094 5306 19403 
29273 4627 31130 19184 24889 458 21025 2057 23835 3734 10039 4985 12168 29914 22889 1189 24291 1316 12933 1250 24662 9348 7439 25578 18746 6441 7630 30381 12721 31031 16033 15961 2615 12904 2782 19592 7719 8412 2111 27641 4729 28358 2688 6211 32096 5240 3917 21909 28455 25265 17035 22497 8213 19949 21348 15091 5476 13539 31461 22383 19305 3346 8987 10890 25811 28187 15506 25372 4634 5032 20154 15735 10738 12432 20916 22519 26154 3754 25969 5674 19213 21620 15745 17118 30204 19794 2510 20608 1839 12122 21353 28020 13896 13268 16301 28254 16611 30861 4964 26847 22495 22138 11859 5727 23000 31193 22484 28519 24222 2959 21191 2156 7228 11294 11758 1159 319 18891 2854 18564 17337 10723 20294 31915 32381 5028 1684 4748 12397 30460 32444 9342 20543 12224 14655 9664 15511 1988 20245 19007 32764 32321 17535 17384 20806 20045 11918 15601 21939 16698 3566 28733 22760 16258 13137 24757 16358 14047 19579 26151 24324 21642 32347 13492 29981 19157 9078 434 6751 28942 6240 20141 7434 17381 29519 10089 25205 22104 3673 6197 14281 1137 10628 26969 20896 17726 7661 2000 29778 4910 14980 20588 29530 30972 16533 2552 21052 20027 17127 18804 19398 29406 26127 2858 2959 23344 32091 7430 26996 6727 16244 11229 17903 22663 23676 32283 31126 387 27402 1921 32474 606 20605 16094 29744 10477 6532 24608 30635 26492 20812 23845 1077 14042 16748 2366 20833 17199 15866 19312 32316 17198 9255 13534 27133 16010 27370 5101 19204 10776 22080 16857 26660 24634 32194 12261 21969 13969 3694 19140 12653 20172 16324 12904 26660 681 950 7080 20363 17881 30074 22853 10570 957 2821 6771 29910 27100 27683 24713 14785 2697 25845 19161 16194 30717 30160 6421 19762 3627 3835 17744 15969 8074 28163 1466 9511 9563 24197 12690 3349 3552 11565 32262 7500 24602 24193 15391 5690 1952 20362 5022 32416 27839 12218 13253 1462 9061 31189 30234 29148 14853 28200 12618 10506 11542 10345 20136 214 25601 26033 20214 6430 28226 23120 10992 20037 18336 5247 26405 2804 19483 24907 1406 16632 28390 679 30099 6312 27716 8880 20874 28126 6213 31954 31247 13372 16913 4226 3740 26438 2461 18229 10143 17057 4093 32528 23555 20357 11094 5618 26130 8327 31802 31114 15657 21920 12142 12998 22150 551 21723 13410 6358 28658 21229 10210 17925 22914 23089 28 7474 27573 15936 2261 3799 11677 437 19936 8048 
29648 9290 21376 25870 14605 27261 31650 23596 23121 4572 16900 27420 1417 3817 2907 7394 9009 6512 23456 26396 30383 952 21068 23366 31358 4769 9201 17805 14901 16354 25358 11660 8924 21364 10916 24740 7288 12550 26958 7058 27153 27949 27758 6095 24280 14544 17865 1923 28231 2055 22424 29613 1489 17026 17612 30702 5551 6621 14201 23562 19120 12115 5457 25174 16081 31086 5774 6184 1102 11973 24553 14290 23507 26555 25621 13353 12742 28876 13762 4961 31513 30981 16960 10119 31643 92 5087 8616 24657 11665 12166 22226 30674 19532 29048 22049 6533 10245 8595 7674 26639 11730 2400 19989 18794 19790 10032 27015 20650 10770 20998 27325 5998 2277 26549 18124 27579 20392 25719 3218 4848 19398 9743 4805 8883 27096 13566 16469 22545 26179 12308 8237 5067 32663 31424 23673 24590 28665 19339 17320 18576 28076 3378 5159 59 18958 16187 14016 20407 19268 8054 28385 20560 23816 10939 28419 20928 27695 4764 25306 5204 16014 27332 6094 22896 24430 274 8460 3449 10058 7869 24049 21007 20344 2807 301 5692 2970 30268 7959 14777 16226 1657 2614 12089 3040 7163 11303 31703 21157 9528 4790 1492 27258 29170 23244 26224 7287 2253 16380 11562 3180 2270 5810 18343 1783 31866 4056 6347 11837 26972 29597 5988 14526 7081 8519 26830 15844 26900 16956 7218 239 15500 2390 7365 21988 29643 8031 11729 19135 1835 15853 17110 20028 17484 8628 23528 13563 19258 32105 10384 28515 2695 20384 24959 18319 7175 16428 23992 12835 27077 27300 22271 19128 12895 28339 28780 9200 25908 11897 31872 26581 28971 16569 17035 18003 16179 11299 26561 22242 10481 24518 27107 12797 17471 12081 31532 4503 28678 22209 7330 30415 29685 8407 31129 29103 17644 21578 10453 28085 19244 2746 342 23706 7626 23976 21742 30585 22876 26810 30962 11090 15965 11673 12164 4751 4096 23805 13928 16701 17254 5105 2607 28664 26512 11366 6980 29325 2678 6623 29306 209 10098 8945 13560 16193 19759 32249 9563 4862 20545 7202 32514 17177 17853 6382 26206 8704 19854 2859 30206 22002 17962 1176 28040 24221 19322 13107 27656 10054 22243 31987 6030 27685 28105 9168 3094 16127 3220 8631 7014 30383 6409 24067 29104 21215 29444 8505 16969 31691 21465 32189 18263 1361 28689 20086 58 14983 29264 10085 32262 20348 25575 30856 244 24242 6003 5273 2353 27058 32746 21995 2497 22897 3957 16318 4358 26728 32699 31821 
9171 10344 26941 27278 16424 20354 13229 20593 12973 20448 29706 9943 24911 16482 20826 12418 11214 6490 9541 20518 7458 31963 31012 7328 6713 32312 2063 21960 20381 31879 1139 17702 12845 149 5894 9705 11720 9996 27589 28741 13775 22282 2240 24669 5454 27130 8149 5048 19462 15279 25378 2147 28819 1365 23716 13534 13199 31614 4012 3824 1385 30408 26381 11384 5758 15225 1951 14370 11408 3874 31698 557 19970 24563 24689 26922 29728 1124 7537 22393 3657 23127 13413 21822 240 3432 6806 28936 28913 13263 12380 27318 10891 28112 26456 2770 17594 7410 16265 14867 19815 22013 28983 24093 1689 31528 11133 1040 15041 20918 12408 30844 5221 7214 20411 29439 25452 26238 7807 16733 15853 22152 25777 9731 24464 12603 6906 9280 10909 8083 17820 13815 6795 31324 30962 23533 23952 11706 21208 19539 6605 27533 16966 6368 15740 3556 32634 22026 29845 8920 22510 30970 11584 19783 12945 8381 31344 8799 12813 8998 11020 5880 11995 17242 31579 30327 14136 13348 24071 31926 16438 25000 14507 27457 21687 13502 18334 24224 4530 6478 20501 12579 14813 16874 13450 32050 15534 23995 23987 28269 24728 9041 2654 20135 13441 29583 15832 21941 29354 20068 19445 6400 23223 31143 32168 14821 14947 13912 30434 26290 24844 1641 5760 4542 14296 30642 27742 4804 13845 14580 23699 6707 18238 8480 9234 4661 7795 729 17175 19540 10141 26020 24222 10370 19875 18759 7903 31459 31542 18961 3813 863 16364 2364 20445 17885 22921 11783 12258 25327 21214 3905 6081 26689 28272 12905 12166 4305 25533 854 17694 12277 29794 30853 32364 16827 1176 13118 11191 11829 6050 21956 3238 30320 14295 2649 3658 9372 24910 16063 18055 1817 23459 27737 18361 31879 12720 32243 31108 12051 23992 27430 2037 29262 29 30298 12786 6923 7359 3953 9687 21223 31178 26280 17151 28413 13360 13030 4835 29871 12976 15093 27739 26231 26890 29337 19831 6630 14554 1762 7410 227 28344 11068 31720 3424 24277 2648 23479 29939 26873 10586 6038 31747 29213 10581 9269 5973 27166 6416 16826 27627 13242 28418 5699 622 15628 32264 141 29109 281 31415 5387 23653 22070 24415 7922 6250 23979 2527 3279 5148 23275 2911 14433 12765 8244 422 4528 25872 24710 28912 23404 7797 14580 23064 21250 2024 16046 7810 19930 31169 27412 12037 32226 19860 10789 28128 15516 19962 31998 16975 78 19997 20739 21953 2634 13619 21732 24159 
3153 28360 27207 12295 14731 30487 20817 25006 25559 20261 16332 4503 3429 8273 32176 27102 22062 812 11755 8303 3099 22193 18113 11988 24464 906 32398 3754 16190 12456 32656 6743 31751 25315 21567 12079 23530 10439 6908 22806 7299 27776 28077 17409 15729 30372 8789 32517 27551 8348 7970 28953 905 17359 5897 18460 28502 27769 32474 12667 29875 26085 31983 21099 26335 10886 29639 27413 11029 16104 3874 31937 5048 19571 2975 17324 18327 11247 14499 27421 19128 19215 3909 22439 14222 20830 21680 3809 2665 27046 12079 15203 19602 19227 9055 1909 12914 2621 3034 17144 20415 13829 29424 13143 19061 22961 3650 9636 83 28915 19473 31314 18006 31254 21921 6049 24251 30552 4230 29113 32177 24712 23630 22463 9442 20244 27003 19340 27818 24567 13316 4111 27253 29492 32507 27574 25191 19705 30830 16541 10671 10295 24369 6035 12594 15794 9908 1050 14885 8707 14450 11868 19687 28884 1534 21407 24761 8802 13199 32338 12577 23117 2505 14691 15739 1410 20958 23124 4668 18373 11295 18054 28585 18841 11355 28564 23593 19904 15148 24896 27447 11408 24367 10050 14534 31443 19598 10987 28058 14223 4547 19432 7533 24145 1262 15197 28093 17741 2974 17569 27895 15898 13481 7504 26836 11151 11088 24169 27248 717 5076 13494 12419 7895 26953 20255 12416 10163 20674 11110 16450 9208 30339 935 4602 32326 13293 23531 23216 12760 13370 13380 27191 20474 23676 23709 2587 31632 29941 5219 3433 13600 24604 17098 20280 10281 21440 27230 24798 32448 13314 31523 1976 20484 26835 27829 17894 21233 786 32005 13647 21133 32764 29281 32059 13589 19718 5357 26592 7829 25063 16321 2204 18974 11802 29869 19935 14284 24907 31579 30124 28304 4325 15577 3745 29625 29010 25008 10348 1977 3944 28604 23288 6051 14688 10811 26288 31047 12133 5972 26321 31854 5263 24936 15113 23687 1649 5113 20530 433 23739 10754 27971 3784 19627 26436 26436 29027 29700 24601 32196 4487 2939 1478 7700 19642 1467 3322 13456 11745 32237 24970 9918 2523 26009 22609 11526 28216 1224 22962 25221 16806 27374 32415 28056 24761 31270 28298 10616 2246 20133 20195 10580 30206 15916 15270 15113 1929 15318 23434 4638 26345 18828 27242 18330 27210 6119 2440 24036 21799 11099 6026 10255 6450 31560 21290 26210 2923 25025 1345 13347 16405 26638 27216 19529 7587 17825 28960 83 448 28751 10365 21208 23905 20892 16632 26756 8121 24572 19924 
15820 14954 27733 32253 14599 1231 4063 22270 30632 31741 9960 23428 20957 7926 30758 18021 22843 7155 21842 29034 7605 18348 27392 6664 16512 16815 22362 32311 22067 2180 12337 28180 27948 7120 29939 23435 26015 31958 2620 8042 30545 3446 20810 17594 24274 3627 3632 2229 13836 28890 31516 7928 9343 508 30014 19741 28365 7069 7222 9150 4919 20268 28721 19537 19773 1717 16067 30416 7167 6435 496 22358 22974 27638 28117 28013 4506 1493 597 23410 13138 10191 1850 12546 25321 12717 16509 7065 28852 14425 13532 14771 17915 22658 22054 19371 31037 5227 29331 20409 31525 25666 18274 28673 7295 20232 27239 26876 1797 5373 29900 20770 4113 1551 4334 23613 19922 13330 23439 7439 5507 32497 17576 7197 25978 1354 18622 11475 4156 6194 20955 10196 11870 26050 9927 12434 19866 15010 26245 26091 15463 19571 1662 14402 1908 29720 28709 1092 1741 24114 18806 30364 17602 30895 22265 23256 1160 31278 15510 26038 20105 17889 10780 10640 14033 27714 20630 13044 22346 7768 10271 22185 12651 9407 23342 26301 25977 22377 30224 4799 20107 27293 23310 28525 3469 16129 30701 919 17828 25762 413 11092 12162 13307 15350 20888 7479 11209 28172 6048 21820 12451 16997 20922 11394 7462 4726 13526 30854 21740 6947 9062 11933 5079 27008 1381 28040 25941 28505 14705 10614 17247 21446 9115 4541 30073 22742 25441 23310 15996 10014 16546 9385 26315 13517 924 13855 10127 7917 20022 28406 786 26974 9998 31394 11605 28685 32192 20018 30502 1855 11203 22109 5327 7864 12919 516 26012 14674 6334 1722 15445 20657 25324 960 14028 3327 2921 1933 2318 6645 16917 30709 23323 14137 22860 25639 7619 26169 6758 1701 9071 10387 27577 14004 6250 4787 27008 5395 22821 32645 645 15068 8040 11597 26099 24548 25237 10262 1170 25866 12312 29649 25520 7591 15089 30782 2007 24276 13958 18282 30730 31079 12643 17834 24285 4495 17907 15596 739 11894 9620 17053 21199 22587 17852 15676 10337 31521 14374 17565 26237 12996 30726 4154 5690 20792 16421 27293 24499 9260 11229 20695 24395 15792 29933 32332 6077 10365 20837 9439 14696 31039 21725 31154 15339 25571 12539 618 9839 22163 13128 2184 23838 4530 14797 2159 27805 20254 30857 32231 19898 32502 3118 29156 18557 12669 23945 5515 21820 6876 22937 1886 15493 8443 29008 22661 7400 10654 11022 8215 1533 31622 16217 22755 8051 7762 16521 18928 24500 
10376 22215 9331 11739 12431 18269 25814 700 30336 1900 3375 19771 23937 14014 10273 10602 4143 3200 3822 23960 16103 22385 13824 16814 20097 4395 15376 24447 3955 2363 17165 14255 18599 15355 29070 30855 14508 13933 20452 23699 28138 20427 30829 4735 23682 29162 29258 17345 12077 13766 30571 12245 15653 2874 27842 29327 4667 19474 20938 16595 21715 23741 12842 24115 27094 18515 31724 26515 19458 13587 17360 18292 21792 8608 8142 26554 31024 30956 18895 29692 3201 13904 18380 6224 30495 12299 28593 23479 17597 10116 17803 6148 19696 644 16123 7377 3667 28902 17408 18820 767 15931 21037 22144 17767 11076 12804 31479 17760 30053 21286 15815 79 5634 13970 20049 14152 22871 28364 13224 15037 21558 12439 31921 23095 3468 25266 6893 30533 1165 29696 145 11193 9814 13660 22659 2242 28479 1342 5189 19710 14449 2759 10852 5002 8821 21592 24393 27839 24688 1346 18758 26496 26393 23767 5274 8641 17812 18387 6934 24823 628 13676 17202 12781 7800 4709 29155 2244 22374 12712 19828 1971 28887 28490 23008 6532 24215 23356 18774 24150 9844 15615 2919 24716 8057 11391 17087 15771 27827 16414 9489 28184 11431 31502 9944 28086 21639 2742 5867 1611 12033 20498 17947 32506 31126 15333 11715 14134 21784 30896 25936 12506 14768 14474 10171 32218 2897 30323 6282 19574 1981 27309 10445 13469 17941 12336 24889 21023 17162 11484 30115 885 10701 27754 12544 29044 24672 29324 29193 22644 23508 18227 16212 12348 17024 31812 28618 17049 17049 3460 24211 11564 756 18449 29767 7123 6711 14191 14083 4146 20060 26534 20146 27498 19030 32560 3882 17253 24786 14476 5743 32406 13179 12206 1881 29582 30711 1579 25623 30309 8639 24601 25625 17443 18817 12514 4080 22618 10716 23623 3230 2319 27840 14560 13010 18662 19587 7996 25374 15879 31370 9873 14335 4188 12094 20065 17395 8830 28741 17506 14756 32116 377 25919 26310 24201 52 23290 5238 9108 19073 32048 15201 24553 17503 15685 9725 19545 18371 26529 28353 8257 5333 17110 23468 17506 22819 30108 1129 68 21770 12658 3933 24611 16167 5161 4552 12049 17058 18493 16130 14706 17763 8019 8126 6259 2342 16984 16504 3850 6134 4335 25373 18774 25068 18099 8017 4359 8596 3422 4060 29302 29255 12148 25318 29421 17787 7197 7416 14683 31260 21297 21438 16875 30032 32424 6225 2915 31101 17289 13634 31580 11951 30252 16518 32530 6244 224 30775 
19674 27051 4332 29722 3376 8262 15436 8752 19451 16950 1134 21524 19706 27021 11651 20968 15614 14193 9402 5250 15992 16623 13172 29324 4435 4512 29309 12923 7503 1128 12840 8246 27751 21910 26108 3374 13903 1846 24655 8367 28773 30766 30582 801 16342 8173 1488 15142 26364 22950 32766 8964 2223 7845 10449 13360 7871 16979 6221 12205 23401 28748 5142 20204 20207 5126 10133 24663 18592 5116 2450 776 12475 19684 23670 22378 31416 6797 3970 2945 5807 31414 17848 15795 24870 22195 25639 21106 882 25987 462 32556 10886 13193 16826 6785 31935 4111 27748 23949 15118 6895 10424 13409 7589 10376 17363 2350 26774 2012 17692 30334 10054 2676 13394 13736 19616 15357 7858 18335 20921 30140 19802 22289 10337 9649 28298 9437 26266 12571 18821 4424 26303 27146 31575 26796 1060 2401 3124 11616 20952 14734 11715 1829 13363 16547 32217 21478 2873 29363 6905 27874 4373 22159 5142 24260 16867 8655 18688 13979 11203 13356 10433 1640 29091 2324 29008 12635 29240 1428 2623 11440 15016 31576 13641 6764 148 11865 28286 21073 5997 1116 25952 3095 18508 4160 4552 14415 10083 31591 7942 31329 31192 9351 21176 32557 14123 30770 2052 19500 22020 16452 24781 21760 15156 17760 12665 10975 19492 8540 29730 14886 20879 12143 12862 20464 29903 1571 3598 15920 10168 31885 3037 10381 28821 16983 22175 13151 4394 17052 9990 17603 9149 9133 11787 22090 24577 16573 26400 11037 31263 6835 21896 8881 26407 453 20403 24484 22220 3954 25395 21984 28505 13407 27274 11856 13954 25918 18192 24021 22414 25950 29074 22439 22170 26135 6461 1703 27539 11279 8131 3810 3058 25923 24345 23989 31421 284 23156 5626 15614 8626 11588 17058 32691 11534 15808 6853 14864 24759 17250 17074 10351 19687 26906 21787 30294 22589 13079 22907 17010 19571 6550 7646 30969 31867 30379 19768 1238 10840 18775 21774 30622 21694 27853 8877 8538 2307 11743 14828 15385 16519 18661 7667 3544 20128 21668 1230 16846 3753 30324 17615 5599 12840 26725 18279 26579 7410 23161 17375 27422 21827 24966 707 32509 30105 9043 24223 24295 24697 18096 11355 23883 6015 17096 117 11706 18026 18750 21696 24408 3661 430 28873 10437 6592 30590 13770 5412 4505 16209 16500 20382 24545 11797 18325 2380 7801 13550 6148 30037 15497 6113 5389 6835 30569 1097 7368 14964 16453 13223 5510 3688 2139 21603 22435 28176 1012 31938 27864 
4777 3037 9120 1701 16163 3282 26288 2863 27206 28927 12683 8078 15146 7438 11611 3946 29383 29128 16272 3706 31602 24770 10167 11016 9517 20777 19892 25623 12884 17203 28244 12269 8412 29065 30740 1577 18090 2003 19173 14038 9242 3168 12285 16655 9715 25455 13069 5027 16387 14919 19152 10844 25825 7896 11412 19026 1088 28365 6339 7948 15136 5138 29039 17896 17395 20614 31330 12029 28924 8594 26786 25357 3598 25745 18255 5279 32595 900 796 18186 30681 30783 8340 28615 6885 28900 10974 16234 22619 15273 9610 26728 8330 3043 28626 6594 25687 22084 24446 13251 28581 9566 30757 32679 30432 18530 24168 17812 526 12992 8785 22416 7500 6350 20238 22967 11845 8660 1596 13189 15670 28482 18972 7465 7403 31782 20163 14961 25013 4711 19821 12967 6894 552 10373 18989 26879 14911 20002 19719 30903 30064 30488 31239 18071 18917 14839 24470 23275 28990 15662 1657 6702 15699 5684 3282 15586 13266 9656 20323 16086 1312 12888 4640 31572 32020 2349 868 11854 27643 21194 20881 666 22386 7822 18928 19552 29695 14900 12485 9684 30065 17650 28279 13633 8706 16823 32101 20758 15562 9558 7930 15554 15430 21579 2592 31321 22245 12506 13018 6555 4998 25755 22111 31595 27632 15989 11746 17055 5519 21634 14105 15810 7453 18237 19670 18406 21428 23151 376 8919 26748 18388 13072 19470 20821 17590 30835 11788 17035 25091 5123 12410 23403 608 24533 4248 8902 8162 22948 22846 17093 27171 26605 1528 32465 15345 28658 20269 20337 25284 54 3129 2509 12929 31454 23157 21912 18645 32364 25411 9504 5272 1232 32037 29791 18029 30119 31207 32186 1456 28721 3173 18862 11668 3235 8983 3021 31071 10280 11666 5772 31636 24447 10206 7080 26747 29678 12684 24551 22599 19300 13494 24831 10338 27908 16880 1754 10602 26462 24237 28608 13073 945 6631 4717 22204 21711 31398 19418 8055 28272 17385 28240 2438 16240 27176 13816 10594 31472 17266 2410 6668 14548 30414 24454 30736 23474 605 1931 29509 28594 3875 4965 4354 32506 24479 16967 28944 8871 13269 16747 28649 23720 25413 11162 18678 11566 23273 27063 2874 21296 12783 2800 4347 11855 13455 7557 9964 11183 9901 7812 18853 26729 30659 9012 16088 32011 9086 23005 9709 23006 31636 19928 31204 6145 8047 3490 22807 22881 4588 22438 9416 28821 561 4581 10507 13548 4262 23697 4925 9224 3264 5448 7732 7178 24029 28452 17013 8858 
15019 2608 3428 22090 26092 30273 11623 24296 25509 32749 21737 17348 19740 6898 18735 8643 9242 29829 16206 7864 11409 2486 5167 9736 16647 28745 5058 18358 112 22344 28702 4716 27352 6072 20997 13514 26024 19189 10406 28771 13970 4796 9093 1556 3703 10790 26396 30460 7478 29503 15480 487 9424 13309 17916 8404 20858 16879 11362 14959 1215 6034 9250 16465 11164 23501 12766 662 8968 21782 3904 29505 20907 6643 26059 16056 11014 27839 28706 14194 8134 16052 6173 6647 23681 15293 23437 8599 12535 10996 11063 20367 25493 11338 2763 13465 2426 20367 7995 20215 30455 745 24035 20589 2890 2543 12206 23512 7171 20990 19600 27458 15557 7279 8692 20576 28924 409 22072 5026 24087 20917 1009 792 26802 9426 601 5675 5052 32154 11649 14100 21384 11853 31646 10813 15979 17854 19231 550 16685 26942 27145 29495 1462 8942 25169 26592 31217 29108 2101 196 17380 24028 13532 16592 20719 19406 31865 31829 12051 1298 7241 10564 27245 11319 13291 28667 12734 8151 19298 18056 31808 7566 17859 19388 14719 5634 12542 14111 9201 22208 29110 25580 12340 27841 18191 29849 28605 31443 31261 279 29123 15281 32169 19742 12804 21325 14077 17491 18681 10174 7220 30361 28415 29602 3573 23205 7621 15748 22072 32641 938 8541 14795 3858 5646 24773 30907 40 12373 4040 5389 6907 5171 20689 18626 20555 9413 9252 27860 24784 14935 26828 8746 3267 1861 20365 31948 16044 3629 17574 31771 8520 25797 28927 19986 18333 19148 9427 4690 32750 8925 4882 21076 6051 4419 22961 7162 12202 12020 29808 10221 4835 28164 27248 27894 18558 9453 32459 7932 14883 26297 5487 2482 2895 25776 5206 26586 6950 17690 26186 1042 20047 12811 13547 30193 4232 15762 15303 30511 25555 10741 11074 26517 855 17955 3805 7092 14489 18880 1048 23061 29407 31791 15264 8039 20854 12411 18794 5074 25938 31239 19955 31045 19047 8781 20710 23 17654 13896 7229 26260 32394 13206 21535 14706 17757 31623 25972 15168 20363 25852 29344 3673 3621 25915 17632 16361 7124 4058 17155 19314 5422 18566 8919 18075 11202 4127 23449 16615 26956 6467 11284 14237 12905 25177 24207 7891 24388 27010 20419 29757 32228 13759 755 28297 27752 8830 26317 27044 18794 28237 18630 11363 6821 19483 29625 21132 12882 27002 3805 25909 2964 32545 10737 1862 10290 27965 6028 25713 11502 11059 4590 5515 31963 3873 7896 11048 12470 
30896 15021 7996 26677 28304 4852 7771 25252 22332 4020 24320 7324 7393 9383 26373 2395 18921 1925 29326 30075 27186 11142 14245 21203 31260 5308 25760 29701 28992 3726 22623 27369 9496 15893 11982 30702 22290 5424 2738 16670 14517 2421 6727 1026 11755 28042 17817 12954 13437 4940 7797 21418 7651 18485 25751 6974 23558 12201 23644 450 20532 11215 6531 21428 8900 11869 17633 993 29713 20306 26490 20366 14727 6642 2813 14598 3395 24512 30252 6228 13676 30719 4870 15320 7553 12702 8750 2860 1528 1264 4978 7600 13791 15263 25594 15246 25914 20786 4727 12278 31194 14924 11756 16331 10284 29414 19266 8500 11867 13531 27653 18197 9364 17418 27131 4621 2876 25664 12926 29099 9141 16327 25309 17108 4229 5404 28580 12082 10792 13248 15494 21690 8746 19907 19663 23809 29784 23614 25100 29604 1799 28534 15765 18656 292 23387 30624 11661 6308 2653 29338 7217 2708 8985 31778 18975 21538 19779 13915 10316 23188 29073 12748 1920 2478 8113 2533 3852 5412 13495 24308 20804 30676 24732 16468 30033 10578 29493 16209 20997 17141 16090 8694 27194 26372 18676 3025 20891 12726 31803 0 20084 5411 21046 29909 6733 27388 24542 28481 7789 11766 20978 4150 8859 27588 19133 4564 28693 22337 3117 20625 12767 25353 24767 5366 12388 3019 5308 24970 15448 12932 24386 15698 3174 30535 4266 8932 8782 25244 18531 19042 19139 10975 26352 12778 29237 22112 4373 32621 32641 27425 3293 28776 1143 15276 18135 19841 16206 18398 15118 19959 10828 10722 12164 8776 2056 24313 15136 23513 30813 31378 16216 18237 3234 31504 17511 999 30777 21362 19357 16247 20264 17466 26122 23741 8789 21279 15318 24385 7388 5208 10604 21604 26799 30161 14225 5413 22392 19483 15525 24224 6211 315 15845 18869 1452 12431 11681 8833 28144 7518 22637 16578 26589 15122 16194 30628 8664 9112 16368 12018 16876 14812 5322 17181 25756 20350 31689 23338 28667 25053 26614 5435 23969 28776 20692 23053 21907 27698 8153 561 2902 32251 14294 8558 4622 22140 19384 11420 11278 29192 26091 24957 22797 19782 1187 1310 7540 2301 30901 17323 13281 8861 30662 26597 31769 7890 371 18629 8874 4810 9483 27023 31732 19547 19817 2399 30374 649 14087 23271 13652 18313 6535 8999 13048 25197 4242 17814 12288 5431 31279 2770 30624 13061 6816 10135 5231 19957 6855 10847 1625 25640 4897 1013 20427 31527 4918 2094 16647 
19034 26752 14502 28648 5268 17514 24125 28437 13961 13845 32089 9472 24228 8563 5186 14350 14527 32117 31441 23673 11248 25939 10851 22942 24529 30582 27948 26939 15877 146 27603 1885 8182 20510 1209 16145 14895 24625 6103 5415 12171 23562 8631 22098 7418 18298 19894 25522 25608 12925 19196 29341 1607 11970 12979 29151 6902 20904 14136 13484 13001 25939 6813 30675 32633 17705 489 21274 17038 4830 11502 5979 4719 10388 13102 11289 19519 17056 24900 21712 22290 528 22677 16408 22606 3791 31080 15885 14427 30887 16749 26801 28817 22001 29614 16138 16873 947 26632 7010 19295 16900 15292 26509 11825 26582 32024 3691 5070 17565 2067 7737 32354 25417 18447 24659 6236 26255 20859 2274 24069 10877 8552 12558 3343 29814 12602 18976 13232 11555 27426 3192 4084 18390 11264 20169 28582 12150 27704 16565 15093 12678 31374 32230 8056 30845 16274 2108 10767 2489 8405 9757 28712 9139 14533 12029 13362 5601 14843 16158 13210 24690 4198 13103 8561 23518 26389 21229 24827 29438 28972 1404 23650 20114 1842 31017 24109 21031 12393 21090 17276 8803 11273 17323 9532 7594 26945 3609 13198 17030 2234 2734 11963 17224 19403 5584 30066 28351 29570 2089 16463 9620 14304 8954 10561 21455 11138 19919 30657 21913 28138 24717 17259 17061 20945 7257 24794 6366 28359 688 22476 32151 20683 3247 67 1531 5863 11202 32597 1673 32504 672 19244 21869 23705 18085 6537 20672 16022 31934 9825 527 6106 29446 2563 8044 13064 20675 25907 27772 8108 10564 1229 5124 13857 10333 25408 13978 5847 19481 3225 1739 2133 18162 11503 1296 28027 29606 19316 26559 24911 4602 9070 11784 9691 2469 12705 8536 25109 28110 16757 25405 21441 17579 31107 7764 18332 15728 8308 18086 25672 30638 13519 21205 5826 26059 4827 18626 31377 8807 12221 12228 25804 11874 21243 29730 31125 30738 5311 4055 12590 17451 23919 23461 16465 31481 20687 20270 423 23873 7259 32532 7912 10692 13897 20468 8396 10397 29105 24785 14310 17515 23836 30853 10482 27049 27976 23718 15300 31255 20587 28176 4188 15842 18064 5530 18891 15199 8571 1131 5729 20360 19527 15402 32363 10815 19426 25304 16772 4593 6658 8769 23893 25574 15613 20105 29708 15210 29392 116 11029 30190 13333 27555 432 17938 26082 23335 27450 18786 17637 23723 5878 11951 12869 4823 13779 23779 30497 13103 25130 24796 4639 30640 15199 13712 30975 13201 11445 25020 
22802 27862 4005 28916 3389 25540 22817 29536 16729 20845 32032 12157 6241 25236 18470 3558 20367 13296 16028 6403 14633 30620 29392 24146 9691 7454 15137 21252 24810 27056 8804 11448 15569 26327 11064 7142 14093 21024 19045 18654 14840 863 6650 9197 16128 6800 11845 6862 22558 20133 18489 17148 8184 19522 28427 1161 18750 27254 20928 500 11101 28503 9269 28878 25094 25500 1703 10553 6979 22687 10386 14094 1410 24171 23766 21356 17089 24330 25212 18886 18422 17629 121 6541 17549 24514 11907 25184 30758 17588 12735 2504 14700 5459 4758 25847 22777 14793 11169 19510 3666 11921 26405 19364 31869 29923 16522 10897 20000 31483 19697 9626 9534 1500 27637 27879 16222 8660 21324 31226 13865 10957 30332 7987 18490 15430 16012 25479 32160 21180 17451 28111 17176 3766 30024 4631 31538 6675 32174 1283 6393 200 26379 21821 30963 9225 12247 14804 12389 16854 6384 25860 28972 25686 1322 18573 13153 23709 24567 22457 11773 5825 19745 20631 26158 28532 28654 13218 31255 19044 12470 12934 20263 29011 18958 13477 29940 26039 31857 9642 12736 5084 5135 7211 9704 3396 8948 28843 2127 1008 12170 6880 28296 29590 9069 6822 22039 18175 11502 2503 24784 16118 2664 2290 23272 19012 28601 24517 30612 12015 1955 3144 2634 7699 25492 4281 13559 30111 7095 6984 2786 30338 19284 18841 7672 22601 19325 14436 29028 29452 30218 20128 8690 11505 3710 3695 22714 8986 6589 11964 25244 18663 24484 4730 3196 24637 2477 6188 20864 27984 11851 12774 20350 21661 32525 22660 21797 20771 18893 6479 5504 31397 15243 1469 11090 9328 18753 31403 20008 21567 29275 268 19714 27388 21152 25304 10025 7707 28463 7784 13929 29204 29206 4034 29605 32417 2834 10151 19487 10695 23240 21428 22735 30092 22664 6751 2497 9068 19376 32685 551 12231 8594 31165 13751 18661 25167 16970 10371 16761 25389 30840 571 15170 21122 17834 17397 5489 6842 31524 29806 26048 10598 8182 28965 27902 22907 21747 29803 28865 8890 932 5655 23042 10924 714 20544 2383 20831 18304 8159 25370 14068 20764 5494 25208 8385 12676 16846 2513 24295 24299 15675 14255 25134 14086 30661 26427 15008 1058 3263 29311 10786 13086 818 2799 18710 17674 26483 27470 7538 16915 11166 13149 4872 956 17608 13965 15270 17523 23740 18285 8103 3715 21430 13500 4163 9000 15924 7181 464 5790 2318 1923 2287 4883 9125 27835 12301 5826 
1277 28685 15620 13145 4540 183 1363 2497 7341 10492 27451 21526 20339 11566 1079 3686 3919 31706 29996 15310 10 28093 19222 11417 11030 4036 2399 27178 8079 11663 31711 29133 22495 29052 28949 29739 31451 7605 22151 9395 21085 21559 26246 19552 314 25664 27325 14531 316 13807 19681 2174 7230 4837 2505 23688 24371 24417 9493 14115 17821 19823 7721 28692 2804 15361 13499 28547 26509 26225 32403 27736 19662 32276 27315 29692 25700 28804 3316 23453 32749 16522 24275 13933 16783 24685 4014 10272 16886 12762 29403 16476 15049 1704 3496 25247 19083 7409 25927 26905 13209 12431 2496 10800 31723 20846 20728 4753 25295 19870 4904 23054 19326 16239 2299 15308 10757 11780 8532 4615 9645 1195 19349 29687 27873 12404 23564 26342 11309 9881 26065 22793 23669 850 32361 28673 25942 21798 16792 751 1870 2394 21293 23369 17435 9312 3222 5047 15993 12856 17132 15619 27519 30449 13559 28993 32398 12417 3346 4970 20629 29836 12323 19897 4886 30932 31633 24984 20919 6925 28765 13178 21058 19569 873 10142 5872 10327 23542 2650 9278 5074 30170 15674 30092 17197 22706 22548 9481 21866 19472 23693 5440 27514 16689 22611 10417 30884 10924 538 32504 2045 3567 15427 14943 5612 10489 31818 18656 15669 11843 18042 17892 30422 18486 21554 32509 28260 12009 7656 2281 15015 23216 17341 13936 15277 19504 5982 9391 23534 28817 5466 18292 21676 11239 13457 16840 8849 7893 19567 14559 25469 3470 29990 2525 11435 123 22197 2408 8492 2418 7387 9497 17677 24179 29547 2020 28753 23353 1867 7243 22062 21992 31426 11505 17377 21504 11829 14482 13121 4670 17545 6474 26243 4584 5582 21855 12397 16837 25150 9024 8669 23856 804 5046 23104 21011 31665 30967 32308 14125 8391 26134 22567 28693 21464 16849 9900 30767 14819 30296 9779 17717 32167 13330 25602 25996 17423 20191 20083 13744 29014 13596 5548 7230 329 2663 4874 7509 19752 2536 14157 28549 23206 4154 9921 24868 11414 15264 15701 3834 19983 8831 31018 25358 31602 9661 32715 5176 6787 10187 5043 20528 6912 25884 30559 3983 18978 21186 1591 14431 31476 8270 16965 775 937 23740 23320 6010 30812 11769 23170 20722 22300 10128 6106 12995 30924 4536 8578 26415 29797 1624 12098 8330 9007 25632 26652 19350 20326 14253 1779 23532 9529 26495 14945 6423 16341 4291 27834 14150 15529 18236 23027 5695 2223 25272 22099 2237 24423 
17298 24596 16065 443 3071 26953 12250 26179 27288 15307 7812 17056 4261 6126 23094 2239 29990 19591 20503 12011 8787 24426 224 27300 30289 9519 3232 1646 20312 4010 14640 3516 32520 27293 24916 28833 12388 28396 10490 22940 31016 15878 26166 22704 15859 6985 31346 19413 6348 23107 2538 24089 12528 11463 9480 22071 4145 9055 20592 25753 27006 12888 7094 25579 24133 11202 18521 18387 26986 32126 25077 28324 8808 5582 26200 32304 28946 17989 25573 10003 1146 5987 4529 21840 6245 24210 29346 21115 8430 5854 11685 15837 16610 32000 24150 27779 13991 2103 3809 24676 26240 22212 21551 12943 14166 14894 28095 24720 25993 2181 26931 13327 29982 1782 30102 3918 11142 21767 12626 9592 32184 12172 1464 25366 21158 20484 12539 30730 6978 5086 17544 23915 28299 11669 30414 11292 19336 23343 10948 8631 9761 4938 6607 20001 6108 2736 21543 20341 26798 22673 25627 12354 15640 15609 19998 319 24989 29629 13215 23009 785 20312 15966 20688 13680 20058 20211 10982 24447 12651 12070 17599 32495 2696 3442 32330 12203 606 6828 18930 1045 14106 2740 23937 28886 17995 23245 5239 15989 15978 6983 10105 29646 7191 18940 1002 5486 13654 4485 17535 31194 9229 1931 2188 26479 3761 23382 32279 10608 29543 4687 30526 26355 7840 8929 28256 1914 11137 7347 25466 24410 688 25440 27012 4470 29520 268 26214 4728 936 4100 22337 19463 32546 15923 7752 7337 10058 17957 572 12738 24622 434 23539 9982 10905 3578 1456 22523 7194 10054 22476 6454 12778 26767 15520 19788 17528 21522 16248 30582 32029 27020 28608 32294 22121 14792 27320 15367 20911 25380 16609 22999 8329 15207 9992 27414 27272 29363 21 21723 10984 16440 12452 11004 30270 31042 23260 29826 14534 6882 23507 7904 23171 11441 32347 6430 31967 31225 12502 910 8517 17160 21601 30259 16618 16600 14835 29573 22500 21945 3933 28542 13813 3640 18479 324 10574 2826 32764 471 24149 25031 26487 15089 32568 25052 9038 12279 5765 21091 9209 6109 27490 27937 9987 22625 32712 9633 30827 7782 11278 12024 16330 32624 14191 7367 10421 872 10344 19193 27037 16737 29267 2511 17129 24202 24084 8973 32060 10457 15927 16805 23389 11334 26993 31622 24847 24472 27178 21479 22820 8882 2986 25317 12668 28720 17774 3418 21789 15881 7398 22414 14421 30806 24644 8154 14213 11618 3753 7249 23816 21924 9645 10998 29448 22464 4908 18021 10893 
27022 17382 15801 5954 24651 27774 14632 2758 18151 23638 208 20977 8403 2321 27081 15774 6807 16637 30079 27613 1896 10455 4217 8388 1990 26661 28761 16075 1775 18500 15313 404 17902 20143 21911 24311 27096 30183 17435 32737 17230 29100 10647 2702 9532 21242 20130 15118 21212 4744 20969 26970 30452 11557 29491 21719 16836 30938 5114 13328 21153 1687 2934 11911 19309 4387 18524 16727 1984 26321 5482 20716 22417 5098 3065 3641 17888 6653 18366 1620 17252 21449 1928 1163 22551 24478 5256 24670 23526 23537 20502 7937 32680 2485 11582 30747 3412 3655 14014 6350 3 18016 24336 32443 24870 27310 31531 20538 2292 7475 3878 17539 15538 6142 27401 30289 23845 14135 10666 29349 5847 21074 39 2999 32027 3739 11286 9359 23236 6957 30895 9473 13804 20809 30634 21517 1540 3591 11762 27780 31182 25201 1799 12059 11224 27227 26214 29532 27586 16058 21858 19262 29136 6228 10108 27090 19840 813 9470 2770 24487 10713 13095 22767 28141 13040 23187 15293 15023 21107 1685 8803 30909 5330 19190 29427 2125 4763 18156 17438 10452 18183 25234 28819 22932 16900 29272 20986 8067 17121 13764 17458 7375 14200 11323 18278 17140 30389 27355 3864 24033 31945 27247 29108 31211 14696 31180 31993 9177 10447 29720 15338 1389 8358 18062 22311 3345 15703 21813 11706 8295 18478 9359 22735 26210 23722 3358 9115 14787 9931 9715 30466 8450 17931 14049 12845 22791 12746 19558 9198 17928 29093 7199 14675 808 10273 4203 22822 12402 28513 29891 13919 5106 139 5356 11641 30911 8523 7974 29704 17255 30439 20003 29699 31196 30489 9874 11211 1286 28659 13880 31307 28753 802 16134 18865 6341 2715 1620 21220 29310 29956 18560 4513 19233 28317 25852 16191 3860 21321 11571 30478 30764 24312 26595 2601 28215 31503 20984 24208 23231 28767 29818 10256 14064 24432 3193 20991 14366 7642 31194 28691 22332 30497 32159 14181 32550 4298 9485 2694 882 11252 27128 19291 2546 5753 32196 9778 26003 32333 2340 5292 13199 15521 24194 21969 20567 20997 14196 29192 12479 9728 3189 1007 31768 12039 23072 26020 28138 24294 21366 20221 29763 6504 19592 24692 32680 24723 31661 11571 1459 1262 18326 21043 8509 12486 23552 6392 23424 16954 25909 20387 3470 32122 20876 5668 5937 9791 21175 25776 12399 1188 10146 32758 11785 4386 2148 3944 30422 27336 11601 12205 29637 30682 27477 11542 18579 16687 7649 6337 
13522 32749 17380 3811 29156 6256 4272 31056 6462 14638 27897 26977 1880 29872 1689 31220 22898 10490 28828 7570 5651 19044 18733 15910 9814 1561 31501 2144 4493 30091 31271 19749 14742 29462 19845 20337 17021 27652 18642 3863 9106 24959 7758 4926 1184 22789 5064 23413 6126 7401 21876 5687 15924 17519 23528 31205 244 9985 12597 31012 12127 20817 19281 15379 9181 25079 11516 22689 21092 20041 9953 5171 3673 13853 18450 6288 13961 3793 7438 25591 28713 30013 358 3476 777 26007 18148 9612 10287 12140 22623 7449 29438 26888 30156 13261 24070 21703 2897 15030 25586 2544 14174 12866 30254 20674 9212 21428 12545 29617 23143 5445 11486 32368 31074 3353 6853 25913 1257 13364 12300 8664 32530 16774 4925 9758 574 1458 17492 25006 32534 16979 25253 27675 9733 4983 9533 10594 12158 32038 18515 18146 7400 24220 9956 3363 12626 21101 7755 31002 11408 21402 15071 24502 11423 3933 25927 31445 26163 11576 22685 20473 15852 10168 28862 6173 25853 21297 22628 18127 19363 26300 8213 8726 16260 16010 24574 8416 13059 32661 20195 29113 31930 17642 18453 17773 24732 7528 2993 7473 16561 4277 21328 17938 5401 19629 5808 13362 23996 30100 31207 4579 30325 27628 27382 7694 12984 28065 4978 223 6330 5842 25817 28320 3640 27546 25769 14169 17463 25103 32045 27388 2993 31324 17533 23524 24770 16689 31822 21641 11090 14422 24212 19781 418 21727 9032 1045 4367 12726 21454 4805 27225 4749 13994 23713 388 12758 21133 2339 12433 28313 29026 23313 20421 418 14956 6516 31093 11259 7794 26100 9219 4918 25049 3147 22479 21155 17390 12234 6737 27536 23369 6336 15102 31962 8624 20356 23215 17395 26736 2770 14320 14606 9914 23627 16180 10188 17916 6720 20404 1671 27299 9155 30015 27991 6268 23928 31774 28782 6046 11927 2935 15266 7688 26530 24676 290 27182 18256 12005 28896 20249 28039 15731 15069 27137 16829 14208 13735 4894 24034 7931 28956 3095 639 1943 2200 8629 11357 3826 31041 3757 8538 11578 13708 19227 19515 3226 24266 21303 572 1047 7131 31573 7796 2989 32083 384 10495 22486 12020 4352 5878 15296 10748 3909 19717 18112 2298 4691 30567 23530 19157 31060 26720 7289 8422 8560 5240 19609 10434 10602 6614 23181 25574 31308 3768 10767 16835 22248 8559 4475 31523 29881 17083 10313 21423 4631 20142 886 31695 3443 19489 7270 20366 2791 13448 23408 24984 
4017 255 23249 19850 14458 30666 212 19643 15627 5971 21023 22092 26068 1838 8769 12291 12475 22882 22352 27109 1701 12429 8421 20196 25174 10040 9658 28536 22911 624 5348 14767 22728 9066 29524 21539 853 6870 5613 15268 25862 28855 11600 28600 6889 18112 22934 26748 13813 24756 17078 6217 7226 14001 21461 28173 5413 31943 10664 2226 12351 2751 10243 12814 20181 30779 15166 2010 15652 30052 13134 28564 17914 20971 32504 417 25452 4671 6987 18927 28511 17518 6917 19407 18459 9227 25422 23278 17630 30979 24779 12575 14865 26736 15848 13040 25622 3348 9389 3531 14490 16060 26471 20336 17179 12416 3937 25079 23398 27619 523 4969 16949 30901 27822 25184 2681 3749 1377 5230 28394 24697 8488 32179 32731 29225 26517 16853 24426 6839 12480 19130 3664 29263 17075 21205 20966 11630 29333 1843 6728 4029 9896 9592 25370 19996 6173 10143 6932 28540 21500 23067 1493 10784 18916 31147 12052 15583 16995 11146 22897 65 16195 21355 1401 11590 11750 26268 19726 10271 15045 3976 1345 25768 3041 2583 10348 7285 14399 31420 4143 16228 16942 2009 6161 6456 10518 17863 18354 1430 21101 15943 9618 18723 11462 18013 22462 7941 6573 11994 30658 8744 31536 19323 31556 30392 27428 11470 22708 31069 17436 3288 13067 2281 13583 2179 31475 1326 13003 25469 3012 11128 28618 13643 11694 19351 25527 9962 20365 1457 24909 14396 5158 3607 22539 10394 25670 8054 20004 43 21357 2857 14085 22675 28054 15519 14362 30878 21391 14421 19940 25606 6013 6385 24422 21218 31284 22236 13043 25723 22103 30886 21437 9875 20478 25255 8349 18562 27000 21633 7071 480 6746 29214 23995 25535 12440 20494 31745 14442 31982 17329 4256 20841 7439 29464 23240 16652 1375 15269 6602 6534 18356 17070 17432 12113 19183 7919 14622 12988 29938 3587 23412 2079 25319 6621 19587 29664 26650 23219 31100 7607 28365 18587 195 2712 29828 25392 26459 28179 9517 9010 23010 10008 30095 17272 1790 29166 2518 15335 27718 27179 4111 1829 14258 16735 30011 59 26858 25281 26380 9387 21661 14841 4808 21643 3230 30506 8661 18376 20483 110 25183 2606 27908 31664 9476 6457 4400 7148 25702 364 25396 1625 3729 12819 9922 8265 31263 3570 10949 526 28863 12878 6628 29763 19930 4438 3850 14083 17453 3645 17776 20427 26931 23914 15907 5856 5736 27232 19494 4219 673 4238 2341 4559 5833 1225 26328 23820 
23427 15263 10084 14046 3476 9350 19256 12032 23383 2730 28857 28727 28438 14187 13847 28810 12699 19342 18551 2344 30117 9970 6511 15701 5786 7256 25027 2421 2615 13212 9559 24732 19821 4780 2618 24681 7314 683 5004 23162 17307 20800 31291 10993 27150 27217 22431 31692 30957 7491 3032 20324 20466 28851 23568 27102 25246 12012 5071 6458 26581 12428 31840 21198 14805 12915 7447 26511 14333 15014 20280 29897 22819 28209 14210 410 16732 2610 5267 26850 20818 1062 706 22641 16707 25961 15041 3692 18151 4199 17691 18799 9940 22507 4969 1401 16918 26113 11308 22513 25880 14386 5527 12624 2731 6280 27083 12762 26689 3682 774 28126 5862 3714 32371 9069 14326 6556 10788 2335 15440 24528 11978 12302 4786 25415 25367 7513 10547 27040 21078 25371 21666 31551 27150 7396 9869 12625 28216 21626 22942 15338 6297 31891 22377 29943 7276 20495 28237 32532 30570 20164 6970 23666 21905 25797 10365 13843 15946 4710 4631 23041 31601 3880 13837 19978 3181 29507 148 21088 9839 6589 14095 18870 22298 25624 2434 25518 9141 17906 8063 2401 30294 27503 902 32049 22649 24581 2873 14806 17313 12144 6135 21471 29474 25852 27047 7952 17653 31939 29520 27162 24652 5370 21109 2637 21503 29247 12461 17587 2397 19883 15116 14838 26654 2202 1610 10703 13753 27918 95 27397 7491 24553 14473 31596 6904 24179 30144 10171 6098 25993 7705 26951 19078 13692 30891 28385 11863 28245 26835 13540 20188 3483 978 16692 24416 6740 11434 128 30848 14433 30524 21026 7093 26262 20670 25926 5485 25808 20838 9399 2688 646 19244 7894 7627 13135 9903 14748 19744 22282 8451 7013 23145 21585 21492 20193 4296 7586 24994 11932 13486 25881 11534 18679 20136 15217 17442 24926 4287 6562 15236 5567 8516 5156 24692 9692 16452 1444 9329 375 25011 14238 28186 20237 26196 11131 4742 13937 6482 31929 27047 14780 32552 15184 18572 3580 11672 23632 2641 23091 21568 19746 12207 7914 17888 29465 7361 28744 2704 813 32304 31420 30037 28206 28287 22176 7035 12748 2431 3716 29657 5943 1030 4111 26510 13328 13839 11227 31792 2229 1629 11232 21787 17408 31831 22590 26194 6158 23954 29038 13869 20369 27853 4772 2710 32693 21493 13574 6774 13740 2224 18486 23861 27797 12947 4088 9231 25859 10150 17974 11235 3571 30014 30479 22169 30709 13638 2421 10165 27034 29800 11511 8555 5165 1019 27706 14278 29784 
8869 27046 7401 18310 8539 28922 444 14982 20320 312 13492 16522 21804 6551 25899 30010 28725 19638 12029 17642 30445 13787 8035 2195 546 11796 18686 11013 1293 9189 26073 15367 11098 25364 18528 31648 3201 7343 10680 21758 9328 14070 29271 6890 18946 9666 180 32321 20698 24787 24212 30039 25034 1278 29667 24484 24854 9286 3474 15398 11142 12657 32622 30135 24688 30958 27198 32626 30792 4899 7728 30127 8636 27877 7643 22444 28542 13848 12760 27722 15774 16438 29914 26115 30010 2377 16510 30408 15364 1581 10500 2417 17947 6333 16225 14895 19285 21616 21965 20745 18392 19441 27290 15552 30867 15912 4213 9824 30213 17772 22087 1966 4970 17933 8546 21594 648 20447 13408 19666 30890 13110 13989 25589 24474 24542 20871 28357 22518 20485 4686 6683 29058 14492 32728 7998 6134 18836 31802 21440 7550 11503 31494 18930 5664 15873 20043 25764 19802 29327 10355 31048 25474 24197 23397 2934 18263 17079 1182 27268 7873 29770 31453 25647 7314 3708 12245 1979 23354 31292 5003 28386 11537 18258 18456 13967 29642 24563 5453 18806 12800 4152 27265 21998 4823 23345 31810 2283 10067 20573 16332 269 25264 1898 946 1317 4388 27989 7184 790 28899 11260 14874 340 10391 9041 26867 3675 8423 19753 15758 13499 30969 22133 9941 26511 32360 25536 19873 15164 19901 14040 7542 18211 25501 2969 27768 27494 9837 22798 14825 23698 10702 844 757 18877 12902 1230 27815 20410 13332 12977 30937 575 17438 22594 4925 11882 11839 13426 21117 17165 8347 16748 30384 1893 7252 14557 26012 13797 16537 13057 17778 6561 25078 2117 8635 10170 9456 10995 12951 9599 5458 1082 30074 2849 28978 6603 25262 11333 17140 10803 15653 13365 22210 21650 13717 4154 2846 3428 15664 8073 904 22477 29078 29873 5209 15869 24386 18438 3592 10730 19354 19253 1120 130 7920 6991 27819 32666 30950 17425 3062 3481 4475 12907 3607 28101 23637 2401 24140 19749 13931 16254 26543 27053 27393 22772 14631 18005 2414 24108 14055 6259 3603 5802 9818 3387 17025 29551 9499 25324 31112 32022 5867 18157 19647 9621 7438 15232 13702 30713 13605 14019 9651 8602 10906 9631 21221 14901 27743 21711 30732 22726 18640 24421 26915 2378 3998 232 23846 29862 24621 32725 29232 6443 19679 8835 29288 5348 6832 5491 30200 5751 21541 27677 17289 4057 5502 26070 3121 17770 22915 19802 3601 14581 21787 18908 28927 30609 
13301 12253 18551 30998 20571 25752 28160 10252 24157 11620 7285 8017 14617 26845 23438 30999 17241 20365 2302 28736 18273 9324 6792 10201 30380 2047 16721 32252 20563 22035 16101 23640 5959 24476 3179 30441 25025 12181 26646 15583 15781 6483 5844 14048 29582 14382 13094 31563 22892 27236 11467 25598 9301 22087 13321 23863 15925 6721 25439 6649 27639 30180 16770 31071 12378 2880 11647 13480 23069 9109 27525 6037 3565 9303 4486 11314 31357 26698 3772 18758 20938 28506 31309 31634 8407 7254 8568 5734 12453 31218 3272 16984 18242 21754 11965 23514 13774 21232 6052 9410 13656 11790 3284 825 25419 80 28328 25389 13640 13178 32042 29488 25131 19655 26584 18825 2897 1344 13433 24045 28956 27726 19004 8942 18868 14285 12029 8699 16045 19863 16388 29201 29391 28939 14919 22859 5861 225 19098 30610 27615 32304 11350 5856 18709 17326 15863 6445 22565 22774 20047 19842 15502 24542 15657 7351 12489 1944 1104 25179 29458 22399 26400 30939 11370 3816 23214 21824 20127 16411 22128 2280 11161 3180 26957 32529 3890 29722 15374 275 30628 13221 22975 5632 22960 6145 18764 14465 9126 25284 2610 11517 16073 2270 10714 12333 27374 31905 30246 3431 19292 29882 18575 8245 31299 12599 1948 11367 4146 25927 29007 26035 8335 23116 23145 6614 7643 31739 27064 24176 14231 24218 29418 16030 2093 10337 11 8801 13262 3158 17661 21335 23551 1596 9473 3228 23052 32525 12750 20613 31100 30223 28109 20683 9047 9307 27251 22850 19528 3478 32699 24704 12793 31253 8082 25441 14416 22856 10151 3035 12976 29113 24124 16930 11180 16937 31335 24355 1797 32350 9582 11836 26206 425 16007 29894 28645 6467 11649 18980 6151 21592 2416 32707 5345 281 16722 29140 6036 9056 9181 12648 23539 20716 28739 29968 4450 20842 20153 13057 4151 21974 8966 32188 4357 25548 637 28262 29281 5242 28241 26503 27315 12540 14128 12436 13142 19126 17492 18089 16984 232 39 23784 7724 13163 11917 26840 16757 632 9696 28655 27923 27727 20668 2336 18581 21502 20406 6144 12929 10072 22631 22663 23764 21398 29430 19482 435 32029 20776 9325 17226 10138 15288 21732 7626 6262 1510 15098 19349 512 30785 14251 8462 12754 18514 9053 10343 25175 25938 24774 20913 22973 2378 30459 53 27931 16549 14011 31732 28646 21199 14741 4459 2603 13744 2726 20518 8635 31898 4644 4761 12275 14943 4029 6184 11141 26083 31133 
30607 4224 31111 15026 9144 14585 27550 11993 1696 4620 3756 6668 19526 30140 5607 16001 17758 14061 2513 3615 21019 21071 15415 7491 2247 21727 19673 1706 28378 6964 30911 20202 10554 23246 28148 16783 6830 24040 15289 2274 4278 30278 21240 11823 28934 30135 69 28600 28231 16991 11972 28925 27667 2290 31792 26446 18470 5101 3430 2734 18258 31858 15289 25200 17270 7211 6190 18325 2272 5690 3397 23563 32628 13719 20921 29743 15257 14152 5556 22403 28296 24711 5435 24218 3126 11133 21130 21971 21731 19860 222 27350 9987 9615 26642 18491 29388 3740 6326 8627 9697 28528 17013 23623 13558 15684 1142 26337 19762 7496 4245 20697 11123 29243 17645 19307 29085 15679 15209 17730 20906 25463 14734 6088 6322 27898 31435 32245 27499 5990 20738 3974 3173 10501 20861 421 11896 1145 16776 19440 18291 11956 11000 25154 12028 19352 10706 28535 15793 9860 20458 8651 5953 27251 15440 6986 2942 7939 4230 19155 11141 7552 30867 3422 16756 18908 17429 29581 6877 13541 32397 5397 10945 1466 4634 15186 24470 834 22569 21647 29069 30031 21674 22077 18813 17364 26201 18922 12920 15671 26340 23698 25906 11288 4990 31812 31345 21828 31860 28632 16884 14428 5543 12683 23457 19997 25286 32155 15228 13926 5350 22439 8379 19026 13017 6279 12209 9599 32648 7937 26466 8455 17998 15955 12142 6698 30088 13438 26979 25722 7487 14210 18599 9708 23456 1824 27751 14252 30314 17555 1928 7913 18985 9758 6138 16811 3192 28631 13148 20021 11085 5755 1943 24816 20159 2065 3556 17226 24299 23325 15641 14382 26043 28768 8347 184 27684 30718 18050 15486 7596 12501 14511 27373 30598 2121 536 20414 20069 6708 13258 14914 21998 5094 17929 5371 18955 1207 26963 26460 9621 5411 9199 651 22792 10247 24706 16980 24279 28615 31795 11499 4992 25130 9661 13342 5013 6666 32139 29404 317 29077 6452 11305 18793 30963 14100 19774 3758 11633 16296 12701 21123 819 3728 8621 5926 16315 16214 9547 14697 24575 18709 17412 19900 29200 29012 18242 4260 27553 16372 8206 3429 1653 29560 27636 28435 26962 5598 3264 19253 29413 25799 9990 7483 19024 31773 24176 16520 26155 22535 11176 26008 27392 29764 330 11163 28802 16732 7794 32092 30558 29995 5203 3341 24012 21899 16716 24558 4305 18752 3549 32569 16063 32342 8297 28924 10216 20517 24167 18272 12160 17738 29620 9202 31036 10030 9246 10415 31111 
10574 5626 25847 8811 27989 26052 28163 27022 27026 9839 12550 17978 30643 7930 31664 15924 1476 10780 1413 24227 995 18093 18254 25280 9486 4762 24710 4800 30922 5998 14194 13633 9449 27752 28472 4529 6711 29697 6805 18254 4536 19813 17803 27902 21253 8124 12059 17514 11440 7012 10427 6474 6111 24757 22965 27050 29459 10682 8487 14618 9685 32206 13860 760 11200 27841 26478 10515 13287 24248 20798 30852 21209 9267 7393 19014 28726 1407 11974 18109 27937 12160 19622 18473 26509 3357 273 19705 4121 17988 11124 8923 32616 12097 2108 16505 16876 11879 5784 28776 26377 18597 6212 7426 13271 22236 18583 5524 1517 19049 6515 686 4623 28071 28681 16731 30508 23202 8956 15811 10964 26326 16158 24601 17888 1428 27062 9702 13199 19633 20935 7603 28227 23821 11943 29422 18334 1685 16496 13021 22695 20799 10757 5129 32137 27078 576 15764 2399 3104 27396 11530 7378 29774 15131 31834 11892 14780 10559 5820 988 2921 13111 25892 462 12442 17760 19368 28307 18945 15648 30638 18664 25755 22327 31638 25051 358 16250 6321 4282 29299 32313 23899 7253 5977 9212 17933 30167 28561 27933 28153 9739 31441 22498 18740 5090 29082 16760 20203 19319 22109 1667 18720 17461 5016 12074 11620 30421 1604 22797 11132 13798 18872 6788 4921 28513 9467 10574 261 10623 1872 17625 10504 28411 26713 3986 2537 21441 15396 5886 11941 19631 6554 10035 12491 22374 12176 13407 12580 8177 12688 30935 24908 21618 28898 3557 8842 17989 24389 22423 32646 19749 6915 24128 23764 12017 4494 22262 8925 21435 32066 6398 29104 10344 16808 19351 5207 2418 5875 3124 8496 477 13047 7359 23998 21768 12733 16717 25283 10638 4772 10975 22111 25329 29333 9516 21045 4630 22221 6337 263 15395 663 2668 23122 22547 9642 32046 16073 27049 12346 22927 22820 3065 66 14711 29220 5376 17921 2451 9594 17752 31611 232 28557 29982 5881 16843 22271 11295 13593 13176 2218 24812 11805 14125 5592 3754 18321 31731 25883 22735 19128 393 31427 1331 14258 17014 7413 21160 22128 21743 27928 15742 14406 15445 27255 30268 12648 19885 24149 27853 32588 30448 14170 3328 25153 27718 25718 22283 26575 19722 20829 23461 17765 23151 3162 29527 15102 1371 10520 24780 8173 31192 27165 19143 21649 13555 3275 30481 21575 29332 4901 11537 31987 22003 8918 24065 26690 4526 19316 6303 32169 2170 13715 10972 22411 20337 10201 
5496 22461 20194 14148 7021 17188 107 19008 23825 1996 4885 5898 7260 20968 24848 12129 28859 20073 2796 19472 1070 30930 21602 24447 28882 28870 941 29796 1533 3523 14754 25468 15352 26382 27004 18146 18020 4025 14458 8935 26886 13452 17506 14852 1705 26231 18998 5226 5641 575 1043 30218 30537 17546 16230 6856 5513 13597 27804 9126 19400 12380 2619 19765 13990 21871 24332 8364 18635 316 22854 22702 14677 21575 29964 21467 29494 28601 20267 12403 12536 14803 31527 5187 30075 5542 9400 18836 32096 18648 22515 17558 4533 19977 8220 25631 22837 27482 9844 3583 18131 22434 25186 22867 19786 13897 22600 27293 2991 5408 8400 22395 10884 8442 12796 29376 10440 23 10939 1030 26177 7953 22608 23133 10443 21880 32538 24731 25601 29471 32004 12245 9737 10156 29921 6361 16049 8451 24916 3144 23813 751 16150 1539 25515 19304 27826 12584 11939 17561 17179 12859 6693 19004 26629 16654 429 27198 26485 9920 3940 16184 9879 24278 25749 21798 31134 20397 8901 10668 6781 3874 27329 7785 3780 23716 9731 6999 10341 4847 25413 11267 26596 22427 12019 4025 18387 22664 15609 15784 25720 11783 26485 32739 16897 30184 28417 26977 2529 22388 12324 11527 1425 10696 111 15346 19208 13953 16011 3138 32192 19029 16951 11721 8665 12270 15519 32487 23105 16582 4766 771 21007 12658 20674 28660 12673 9282 26830 970 14664 22865 28284 18639 22640 32301 31316 26852 29291 24787 10045 26739 31382 11639 20060 19841 17394 28991 31470 5464 24782 5664 12230 26514 7685 18518 13990 20259 1304 26740 31575 15180 10925 32022 2888 14181 6638 12422 9129 8636 32082 26963 28216 6232 22693 10061 23760 20421 5919 8299 2142 3172 29409 24295 12166 1851 19304 8348 25856 4163 10698 22916 25167 20348 32008 24221 11460 4135 18893 19530 21634 2775 11825 7978 16615 32646 32084 7988 14960 22664 4305 31541 18563 18268 11667 14668 26156 28532 31310 13082 11972 14254 11731 16637 22568 10476 16256 23579 7434 14934 11788 21893 10984 1618 18685 24384 27702 25982 25802 5277 20759 15660 24925 8387 12503 14720 16691 26940 14177 11319 2970 32060 1724 14959 4911 6346 13246 32697 18069 23258 11871 17475 24713 16861 20915 15096 20037 30666 23501 26349 12344 13020 3074 21839 1894 11507 14055 27069 1830 25584 31469 29642 24396 8193 9280 13250 24930 32671 6997 6583 1008 12726 31169 25130 20910 18823 31676 16054 11085 14166 
30435 26495 1993 1037 7200 14381 12236 12401 30338 19671 6449 30595 25889 18235 17160 6520 13348 10685 2650 26907 21312 31358 30846 11479 24232 5560 11783 24830 21530 24169 21695 29887 11506 1446 7670 9245 10366 12476 28693 11672 4890 2954 17519 10475 14504 19965 26116 14344 19970 20054 11349 20495 2955 12927 29896 23650 30503 31504 1311 4264 16163 30319 2831 19587 6773 18787 21711 15805 475 23997 23992 24160 12281 14328 1358 7558 10683 4005 20829 27074 555 17809 18056 9380 21000 6869 10597 17194 15478 32060 4700 5838 7646 7402 31005 4824 12998 23178 15676 32331 2940 17970 14669 21035 10088 32236 19654 23640 27775 23169 15647 26128 4474 30222 1635 31916 17345 22751 18762 26751 30314 5217 21278 16555 20715 22671 5450 10787 15805 17570 1445 26236 22328 23926 31775 234 29744 21183 24518 27030 16005 2754 27777 12990 29611 19105 15478 22376 2339 14639 14372 15509 29236 5747 26666 10277 30627 10729 7240 17419 20396 19491 6047 31489 14587 6409 12181 28985 4048 22138 19254 9629 1464 72 29234 9919 24360 22883 10943 26287 47 20644 30293 17564 26243 9687 5671 10878 27411 7425 1598 1740 5175 27184 14095 22670 23039 20059 17351 30746 6243 14167 28355 5267 23179 32723 22293 14045 20763 9627 14281 11749 13203 19625 23747 2663 26154 1129 11492 22098 24790 9510 18387 28861 26167 9787 17574 22129 24399 16848 30738 29654 11431 23034 22778 13575 12090 30351 16424 4686 14485 17066 23688 32605 30999 25714 22855 10257 5486 20608 7255 6771 186 16679 8928 19052 2936 18666 7778 13076 17555 18591 6053 29845 16078 4427 5331 1629 7229 15258 32581 24890 18376 17631 24445 32563 4875 26385 11311 28309 8439 30227 4967 6684 8949 13251 29270 27958 20803 1017 5022 7745 32422 16112 5151 23681 30249 7618 27465 24058 6064 19571 17801 30952 3455 30345 24873 14030 2097 2120 28768 18895 17420 10780 10751 10371 17355 8685 32029 9596 22599 4366 1512 4393 26955 22360 26261 1069 25049 17492 5942 2035 11267 20334 17769 4433 540 1024 4604 8149 6543 8003 29232 9384 24678 3714 4319 21720 14594 23734 20613 16582 8820 12899 23182 20703 19596 6128 18668 27978 5460 26326 24081 16700 19430 11002 8245 15371 15880 21431 32222 26057 8986 9745 17849 18594 2908 16710 9832 15470 29323 15342 5408 27522 18488 2733 4806 26633 4713 28247 18050 16030 15309 21988 1619 20520 20049 27773 3680 24426 
30772 1079 13445 8141 19084 31494 5911 24132 31716 32599 31757 29817 5528 4912 23595 15860 21767 31376 18727 17116 14272 10771 14656 19842 4836 31899 5738 3787 14782 11883 24033 4651 30466 13967 1559 4865 20462 443 2217 2251 2495 441 27656 16538 11417 26255 18331 19887 22019 10856 13838 3497 20303 14142 17310 14638 30966 2846 25935 15868 21896 14587 3600 24877 5525 14184 11070 11458 4257 24807 5339 23003 5259 4320 29333 802 6799 14846 10382 17492 23432 17930 29737 13664 28580 31443 29082 24951 6423 24903 16355 27458 11764 12400 21987 19477 26268 26259 31240 30929 25920 17421 15120 32123 9986 31752 11552 5680 26612 24018 30514 10957 32649 9114 21412 2541 11545 9844 16241 17490 28468 14521 8178 10301 6460 26618 21877 32457 14145 17585 4567 28827 31205 25858 19768 10605 7896 24145 32055 11539 32069 560 5719 7088 1061 9599 6551 20922 26777 12463 17791 29893 10731 5671 10194 726 15622 29764 1666 24497 45 4685 27977 1635 29053 14752 4418 32578 27201 11619 8016 852 25162 13939 19518 1860 2903 5961 3839 1103 28333 17793 15528 18592 3701 16249 12329 12219 28818 19814 20517 9895 15384 13112 18136 5033 9493 32266 5097 25392 21508 26224 32506 24013 15817 12393 9026 299 23553 10243 6691 25891 301 28947 15494 8159 918 9498 16332 8389 32015 1799 14149 25925 3392 18613 32128 31639 23138 1612 2563 5976 4629 6322 439 2874 23490 31978 22202 29639 1032 22340 13443 24838 16433 3767 25489 3866 26161 20110 14605 6705 16640 19994 10552 20293 11796 7410 10078 31223 4240 7885 1766 23767 9617 14572 3238 29862 19150 7065 13 23102 32182 26720 32235 19590 22398 27877 21613 14545 15793 17476 58 23083 6122 11237 924 2489 30165 20305 11449 7716 6465 1710 610 16163 7950 6295 9218 19510 31946 7302 14489 27443 14684 31259 25747 10877 27572 5716 14071 15485 1528 1437 177 25677 2417 7316 31884 26422 3783 24635 24813 8496 16778 3246 26627 31717 8887 6363 29470 27697 5746 31335 15996 15732 22002 27714 14958 18820 27145 4035 5611 15712 28412 1304 19525 4912 17722 7567 18807 13567 13293 5226 22590 15011 4760 22213 18718 15235 12841 587 13609 2901 13195 547 16987 19977 28601 24441 30776 16248 822 3074 6282 9329 11188 3241 4353 12227 27611 16547 8993 21892 12745 20424 2501 5557 25479 23924 29065 14342 12354 9124 2250 28889 23573 4565 3434 18955 
21101 15332 13890 15978 25057 1545 23097 933 28715 9114 12994 17985 5499 11147 28632 2177 9361 12969 14197 25791 4147 28869 29313 6841 10762 32629 8597 17817 18053 24283 2427 27816 31286 32033 16008 6336 16346 15051 13449 2070 16502 6611 9343 14510 31485 7966 3025 2849 17603 30898 17668 23392 28096 8148 17401 31957 16136 14557 7634 950 11003 14038 18743 25305 6246 26425 17358 2114 20125 21333 4209 10418 23718 26750 28374 30370 18508 9935 25053 19464 1823 15152 23037 3844 13237 21694 447 7401 29 13650 22081 3328 6022 23405 29480 5162 4384 26869 18072 7567 14630 14858 11805 6171 26865 16508 5761 15314 815 9375 23403 13054 30828 3964 28017 31040 1028 9081 21338 521 13278 28855 9137 27461 6956 1524 31924 29943 9729 26539 12688 3697 8957 23447 9638 21171 20797 16941 25799 7377 19194 31643 26 8214 13849 11948 18473 13323 4718 18565 511 9713 3574 26167 436 20346 18021 27197 27394 4206 11084 10168 30896 5915 29871 4344 11986 27674 14370 24680 7423 3433 9578 22126 9469 23965 621 16644 628 30144 12531 19276 11648 31159 13717 13259 9214 5514 28884 6210 7587 11701 5052 13212 26110 26912 10796 11722 12310 25699 16842 5798 26399 26833 4322 32053 30829 23621 31982 16791 18349 26785 597 25304 31849 12580 26954 16152 15389 5883 1868 8984 19746 28935 23174 22962 28043 20103 30847 32275 10733 24179 31048 3136 6745 26768 29770 2644 13166 16946 20239 14012 13280 15928 6858 6859 9698 9343 8077 29343 6710 21953 23423 3072 26725 24402 22519 2075 20705 23895 31092 20413 4661 11317 24575 25204 27426 3801 10014 16888 7349 31340 8213 18493 29045 8080 29343 31164 23938 4513 25746 21925 25351 9677 13935 10030 12283 9106 4570 29159 8072 11157 16639 23777 9203 20026 1827 31501 13621 2699 5383 16218 11568 10187 22354 28840 1655 13506 12756 1572 19314 21914 23578 23771 6787 14630 2656 29564 6067 31601 17487 5779 3779 5712 1692 22587 1897 6584 11175 16957 29479 25898 26407 27236 23111 19098 14688 27580 5667 6771 7452 16208 16417 7637 19938 18129 13056 9129 5158 13255 8226 13437 12229 17962 29688 15085 9595 23966 29607 23000 26730 4712 2736 12774 20857 4422 7551 29050 31277 14296 19622 13481 30267 20817 8662 25913 19647 18660 28109 7417 2464 23011 6659 19945 17239 18871 27854 22245 15175 4434 13551 26875 24096 10564 21146 32231 28390 11395 3154 20694 
30301 12539 14434 27925 6394 30132 24182 7807 5948 9569 23287 30327 996 2203 3741 30019 1156 7703 23479 10655 21715 27036 13135 4224 8583 9138 20844 32082 9008 16521 1741 20384 23509 24560 28710 24362 31094 2354 6286 10488 32743 18510 22263 6803 17260 30775 12530 6865 25156 24755 1912 23153 18899 21072 16980 31937 28618 16700 907 28067 21416 7316 7710 6803 10943 17471 6538 8475 7983 32539 27868 2318 15132 10986 7053 30398 22889 4630 16097 11665 31282 26008 14233 28001 8401 13455 6172 1741 9385 18755 32760 27067 32097 24239 7493 2152 24443 2289 4670 17238 22954 16990 22150 26804 1046 8428 11812 3873 16459 20955 28831 5680 3150 30910 23056 22307 13597 12181 12454 11350 16768 22014 22461 19612 11797 15431 4569 2928 22086 14352 29290 24850 28307 1540 13294 27807 5631 9123 15634 2317 30506 20911 9206 27855 868 20361 4988 16915 28832 30696 22818 2463 732 2888 32334 6762 31132 11982 23369 23890 29157 20580 634 10744 29960 15760 29466 12131 8782 18538 11564 9592 31521 521 12778 921 7076 31449 16065 20106 15629 18041 9103 18642 15127 9023 7763 13336 32103 22484 19650 20761 31233 6120 8300 19702 22245 22829 23648 12378 10498 13817 8301 4739 6012 22208 27556 31383 20599 20851 29799 24534 1237 14106 7729 20836 24708 16132 16001 12605 6969 26450 25839 9159 6184 27932 29790 28466 1633 18990 14668 18724 23899 24655 10875 12199 10089 27424 6320 17418 21522 16760 12662 17567 31251 6646 2680 21609 26658 3370 23917 18817 23329 18918 10843 29606 20681 25904 24937 13482 146 9813 1115 16524 14481 25519 7000 7967 651 8705 15666 20173 11330 2755 28590 12455 23281 23485 13556 26778 13672 23298 22899 456 30881 28098 15541 24425 13073 30005 26168 4482 3012 29712 18637 16859 24658 24278 7290 10518 13195 15882 8814 25671 11957 654 11574 25744 7239 2767 8034 31491 32596 19446 14080 20621 29459 691 486 15195 31801 13234 28465 22007 23547 13556 9936 13657 3892 16281 14673 8637 6419 22028 11684 1810 12196 23539 15141 1709 23810 7072 5449 15837 21144 19360 24913 19898 24785 4087 4813 16089 18484 7847 6756 4005 17823 20337 21015 29839 30026 3387 8609 18094 27766 28366 32458 19063 30333 31020 31790 20745 18311 2885 3746 34 1188 14597 25735 4763 8161 13666 32542 17746 29374 4994 10782 16167 9550 21725 14722 21125 11024 14359 21885 26651 20878 14964 21902 13307 
10712 23816 21258 3084 25418 11489 9147 4215 4941 2013 31028 12710 7707 25748 2626 466 4047 19494 1423 7776 11575 12376 8831 14953 5037 23042 28688 25799 19229 25765 29167 31678 1123 28770 30578 10976 2036 26265 19514 3688 22034 2681 9681 15639 12977 29155 11862 1452 3176 11613 3465 27243 17534 13306 30063 30633 19841 16483 7350 18766 12061 16992 16185 9779 27157 17519 7884 8407 6511 15922 24149 5129 25255 10980 16206 23324 28618 7095 3753 24026 19253 1533 27389 29825 7797 10800 17760 7914 30634 10001 26511 5760 25142 21967 325 29763 32623 19640 24902 21803 20470 28436 4927 29575 5596 26396 13800 19723 7319 22016 2518 15330 26869 31582 8130 26696 3300 18376 11414 18103 32009 27502 4985 753 3998 22505 14083 11544 14083 13092 11477 24619 29003 7356 14104 8390 2485 8610 25991 23448 6373 5985 12317 18633 3171 11644 12336 13181 29772 15130 31088 8117 30553 8314 2159 27917 25626 5443 25558 15872 14817 23891 18856 19478 6381 4497 9086 19440 9085 15785 7405 28261 2073 12535 29394 21645 21846 2763 6611 7708 234 29634 32314 31983 6818 14776 2959 2400 17369 23175 20494 32672 26159 15838 27101 1383 31963 13771 3270 32254 1990 29088 8159 21984 15436 21308 12159 28789 16661 10232 2976 860 10517 22836 7548 19985 7166 4273 5816 15313 8915 20599 30182 24135 31913 28836 3641 23294 28081 29371 11899 48 15382 15682 25310 11409 24027 19053 27338 5269 7156 28404 15993 26153 24236 16913 3456 1631 30091 25735 14507 15822 16340 17218 18661 16892 4694 1241 3288 10478 29063 25621 8317 31109 29499 4340 25638 4166 21866 10802 2714 21142 1115 30423 21095 29318 31243 16166 27582 15835 27053 2230 23936 4902 31722 7618 20271 13216 18734 5535 4428 14556 3788 4597 6603 28685 20444 14494 15694 19534 30863 29283 25579 27536 6689 12665 4728 8015 23055 18684 11357 28671 17869 24832 21403 9875 15665 204 17896 19510 31260 30869 4719 13961 31951 25216 25931 28339 11486 18854 31009 15608 6572 29970 9069 15770 28393 4208 28639 27877 22896 13435 6679 28883 3967 9474 7678 29919 32517 8262 9715 18954 24603 894 22420 1888 8271 30809 9490 29155 5111 13911 4375 13271 24387 3115 1866 29533 29348 22721 4987 22722 25774 12693 26777 27724 21861 9566 14650 7038 25932 29048 17235 4204 28207 30409 22413 14488 12485 1220 23695 26194 959 4779 20630 12294 5061 6334 31761 9563 
6575 31323 22080 3461 20811 26978 402 13733 22515 18305 2900 27672 7220 24083 12326 30043 19088 16455 23757 26890 19249 13705 17969 5308 22560 23955 9587 26334 25493 2228 20483 26160 25229 11766 691 30812 13224 1490 11540 11051 25782 6902 3251 31667 27919 30103 13273 30597 14269 789 3728 10759 13573 16666 11223 28367 8590 15139 19839 16847 14106 20057 23103 8518 32359 20387 29542 9648 3010 21175 2401 3148 11794 5122 22506 18232 12111 2279 27083 432 29508 12808 28887 546 22993 6401 2410 21428 30924 31493 30563 22455 31908 9107 17792 23238 28695 21830 13056 27980 31671 32182 8945 4804 31490 25613 10451 30384 31291 30533 8372 19933 6107 27919 2488 6049 9604 19688 16418 367 9160 4820 27526 154 7496 20823 2886 4778 23988 31350 11337 20129 3848 8775 32098 23024 28857 27754 9581 23770 15780 17149 25982 16468 14337 30391 9725 9663 4329 21942 32471 9793 13660 828 3603 21814 27138 10570 22904 8847 17554 4731 23585 23214 23780 1619 31248 15807 11264 9769 20658 4392 13543 10609 17291 2204 2462 11856 3455 1981 13735 20731 18828 23027 27813 23427 7123 30694 17281 8650 8790 27986 2826 16917 922 31647 28078 7036 31994 28391 22575 4045 7673 31243 9934 1169 19592 4378 27591 12603 9116 16981 17450 21959 3751 17913 9615 16455 19431 31748 17671 31941 9273 29974 3951 31428 6839 22689 13445 31587 27501 8584 28220 13813 24746 14598 15779 20596 18986 12268 19050 11030 27532 9982 8695 22563 31021 15130 17337 26058 12579 4536 13191 9817 8172 1656 29851 26427 31572 3695 68 11302 18315 11393 20365 7145 18286 4106 7550 16065 12642 26594 3330 15270 2122 104 30835 2888 19470 6628 24974 27929 23305 12125 19957 25397 26858 27362 23711 8515 19930 31035 29568 13423 3848 19588 13950 14566 17024 12958 14668 28046 31224 24188 21073 1400 7185 4471 27042 12624 12433 24510 6579 21895 8844 762 5437 21827 2636 2204 6751 31380 2958 15398 8324 4603 26084 4632 22447 8050 16009 7569 32271 11448 9037 21864 2097 4316 9178 7344 26859 2537 32415 24569 21334 24571 23007 639 20185 10989 28577 12854 20647 3790 1100 25799 6236 29604 7065 14659 30386 9813 29393 12337 18342 6233 32631 11339 8804 22776 27523 24181 19241 10778 29143 30223 18138 17112 9740 30056 26199 14872 6138 20719 26841 18608 24837 31241 12834 20698 29871 12874 14969 20712 30185 22631 11344 17800 25146 13319 
3340 23798 32391 24886 11508 3915 19713 8522 5596 4814 21289 8971 9336 20878 19868 32536 15551 26941 15022 12982 25860 10857 23131 1137 27499 16905 14825 23712 23778 665 3342 29825 15008 12746 28522 32087 10738 23430 6790 4889 6798 31621 31590 21800 21580 2226 17654 12558 11612 2939 14236 23402 9364 7722 25822 10272 9156 23903 31681 6730 1075 603 23531 25485 10710 11156 11553 10498 31303 12374 27674 29161 2704 19278 27084 12963 8313 29241 17036 10616 11051 18438 11065 16737 14141 10178 3498 32649 12425 18560 4982 15197 22207 18087 32023 15936 22687 998 28508 18030 21251 2285 17674 28332 30349 17484 16201 7643 29373 23702 11544 18522 7227 25234 12151 13933 12267 13019 21048 2641 25118 22508 26762 13304 21827 8839 10026 16321 19391 28175 5675 29625 23508 5378 8223 25527 18773 7013 3296 19029 23285 29413 25958 14760 21656 29979 25075 12065 15253 9345 28663 12434 16692 20910 25704 29846 112 30945 21898 19354 23797 30313 20777 1794 19268 19066 31174 11862 19893 26414 29660 22832 15240 9534 25883 7312 27261 27349 1199 14745 5698 12674 32373 18115 75 18751 5465 24193 24088 18522 19097 9592 1496 32221 17389 4733 11656 1111 31498 26802 19354 19402 14363 5666 32573 21314 4508 2608 27524 4492 12127 2224 3905 10191 12482 13843 15553 14812 32704 19275 26836 2551 26727 600 17519 28257 13411 27497 18011 16075 5403 32348 24412 27931 6969 3435 8205 5906 3135 2653 20217 9319 6226 13906 18705 20891 26374 14044 2772 8945 15172 18808 12210 26452 18808 8775 31064 570 21342 13297 21207 19565 31304 7645 18054 18105 28902 20997 11941 28850 2819 9530 13151 4558 14104 31394 15493 21450 26499 19285 8326 16063 26163 31307 8910 2188 18705 8811 5820 20121 1492 23773 11095 14983 16282 11046 392 2999 16266 26554 20621 21860 2659 9116 3600 27672 25334 23814 23864 990 6602 11693 12612 653 13445 16406 24027 6660 1797 25415 7143 29382 7491 22438 414 32480 26258 3280 24004 30885 24875 6947 15562 9901 11233 12483 7424 24585 24080 20230 7508 9924 17838 28901 16602 1158 6701 10246 11467 26182 9914 19549 11376 17130 18230 17775 10315 18805 13496 7789 22037 19597 6576 24258 5348 19528 23795 543 9106 18858 10764 13318 6892 31889 20726 4421 4034 7050 21638 26367 30322 25269 11692 29312 6138 4873 18523 27494 23382 5825 12866 27977 308 11885 4057 28668 9425 2522 15639 27858 
23934 20184 21044 26672 15805 20907 31490 14355 3211 23771 11935 30171 16576 9509 5406 13737 4873 8257 26105 14437 16608 9626 1589 13557 24380 9330 15375 14641 18042 6234 4187 9771 9083 26976 22797 6913 7989 13115 20392 8596 24871 16568 19551 13542 10834 24195 14099 15725 31255 12697 21161 7357 32525 2455 13806 11198 8579 1590 2135 21138 1327 21967 1106 30535 17478 5844 5064 9724 12781 23848 14373 13348 28358 21364 21682 17326 2107 13550 15871 24639 7166 13249 26266 5684 20275 32679 26010 10875 12438 15800 32090 20951 24842 32380 21338 16938 13132 20978 31593 25525 4285 11594 9740 6723 21863 17466 3114 30345 25513 32113 24280 5213 27896 8477 6827 27235 10434 16488 25093 18877 29519 7408 22914 1106 5677 5936 3423 2245 24741 782 29237 25559 27913 15271 7589 17060 20140 6367 26844 9747 25283 25343 846 21660 16549 26388 21334 2120 5486 25980 29533 28515 31269 26070 2935 22017 12236 595 3427 24382 5821 9352 3966 19388 23464 3569 31267 15130 10975 20725 11120 21371 20215 16727 7381 6669 13838 11329 1214 29409 15826 22235 12396 29746 22139 3262 4312 1871 27850 15415 6123 4521 23074 11343 10570 29951 18654 30164 16687 20910 1873 30626 23842 4708 5838 23374 9258 30492 5071 20158 32119 22280 27835 31042 32568 16909 17445 23200 23867 25695 27897 13939 9009 23770 29601 5202 10816 19845 610 21707 1999 6702 10807 3339 11387 7242 21641 25767 11535 16346 2425 31477 25190 2941 21602 12409 18753 28750 15161 3677 26736 13 25762 937 20123 18964 10243 10245 14765 22635 30680 13779 30544 18041 1228 931 19231 16244 30447 16189 12206 10210 29134 4734 31454 5502 8001 19074 9735 17933 15371 32182 21517 25474 27777 13680 972 12411 27785 23640 17097 15010 9681 24892 25583 9621 17199 16104 29700 12088 629 10385 7178 27916 2834 26949 26735 29648 8435 14998 1512 2478 27554 25319 10629 26315 31689 24588 26044 31802 18734 9938 30383 27951 24157 27043 26923 21265 31971 15801 1294 20166 1444 16408 27393 13079 14796 5834 22643 17942 30110 1674 28046 23783 31699 26948 14675 17771 26368 18617 32633 6153 13223 2019 24691 645 22762 32644 12181 7929 17018 3958 6684 7119 6196 12927 24934 21648 23646 10565 24513 32357 25669 12289 25321 24835 6098 27288 27841 4492 4339 3264 24162 5538 12375 14488 30114 3443 20163 17828 20393 4344 16657 23321 19468 19172 7156 17834 24879 17682 
15418 6304 12440 663 9255 29464 11418 19149 12899 7994 24379 2345 10486 12833 20477 19618 12384 10469 21584 24380 11295 24413 22696 13239 31661 30261 8182 24663 16858 11833 6801 14383 23530 9190 16273 29004 7076 21381 23122 28133 21866 18651 10469 19662 17360 27988 9673 23758 7666 10013 21340 18252 14721 24185 8838 8961 23571 10467 11118 12351 31910 3599 14191 3155 24196 25201 28036 8022 27219 2105 7911 27550 22750 6986 4525 22565 10132 23188 24148 1320 13291 7063 6014 18481 717 13854 9575 32041 16200 32721 25885 2967 13366 18025 10771 31203 25293 19383 30672 26124 15823 1302 17210 23531 32516 30496 30190 5071 27118 16730 27426 5810 14207 26397 12886 5279 22488 29499 12201 30873 28810 29125 5315 31732 24534 16895 3309 27413 27654 20559 31571 1703 18346 2437 21488 10126 11718 19025 3237 4885 15713 27875 12686 5147 21409 2200 27719 19561 24171 26140 19340 8295 29125 6332 14695 5265 22949 16319 22168 13200 9269 20646 17518 241 23548 24869 31809 10022 23636 7727 25290 16723 26038 27704 12536 12670 9644 18191 5149 22234 12632 30502 22701 21371 7675 16720 27953 24303 31724 1354 30023 12598 4774 16462 24206 8879 15950 8618 15520 27190 8872 28164 25885 27043 1192 19486 22698 23451 30570 8929 8466 10806 13947 4797 11149 6370 3681 15040 25665 2855 30535 24609 25816 17941 12282 27230 25320 31418 4430 20086 6541 7878 17413 20061 31876 5074 26252 7880 29734 14093 13546 29752 12417 2058 32367 16084 12829 29153 26310 13839 10671 26426 9672 2129 31261 31774 5466 1435 1921 4172 14848 12295 25768 2874 6727 21381 14820 12776 32681 17554 16873 10648 5183 25668 4467 18404 27566 16853 14927 17281 25140 16953 9835 22000 28503 16407 16146 17999 30375 13495 2563 17047 23143 1595 1329 6175 13862 28639 18055 27426 26514 1231 19473 19022 19883 29813 20539 22826 3990 26679 9505 21013 19621 22760 28604 29075 17421 498 22338 13733 18186 31568 21066 32443 24321 28350 20774 23460 2674 15068 21236 25029 1207 3242 24920 30807 25204 2540 21087 22525 22229 30348 3515 6317 18892 29627 5588 2607 32176 6783 7442 27987 20316 16046 11540 21851 18379 20395 3459 21423 1889 15330 17511 6455 19572 3749 14153 22691 30050 15072 11217 17294 13752 3894 14453 17701 19435 5136 19743 25252 671 4005 21304 15892 4559 32431 28237 14280 2810 13270 7483 19128 31262 22689 27403 19857 17492 19560 1917 14732 
18613 23940 14785 5174 30890 30359 16003 23428 29499 27412 28064 14452 13170 20945 26871 11121 19853 29738 10867 32043 20001 22584 23328 28107 28127 7969 6583 24537 29436 28958 6429 9836 23207 13848 30158 22532 14134 14239 20089 21466 7377 18589 3567 24562 29688 22831 1699 18070 15054 5215 19873 8747 10681 8350 28100 11413 7116 7942 2572 23651 11639 22848 2630 26368 7471 3141 9448 16284 11960 31194 15079 29733 28751 20034 25230 28529 26613 21926 7597 15297 20941 25413 5946 25589 10288 16275 5570 15297 29897 15448 19371 10165 15516 20821 2468 16581 14341 25531 16699 31438 10644 8686 25803 5690 13366 9246 10717 7987 1243 13545 20722 8588 29457 28296 30801 2084 20033 10391 1346 12481 4667 6502 12751 4463 21631 17095 16186 17805 25153 20238 16311 29437 13711 4345 31779 10002 4033 21229 15071 285 28416 19 13645 31048 24535 1956 23750 24709 23120 3282 14972 19852 23360 7194 20023 1081 7007 11132 28258 1527 23868 2402 25393 22439 3226 1629 3077 16277 32715 12711 11757 14831 20691 11270 29149 14836 11033 3533 718 732 22256 25344 3622 29139 28221 26469 10348 22915 26917 12663 32554 27272 31338 16787 31391 16377 20183 8394 749 13150 13109 8440 7658 19166 477 238 31989 19158 15426 24833 21557 12257 2543 23195 22894 2316 20434 3837 23639 30937 2050 11579 4827 13383 25772 9550 11055 29800 8848 5745 22823 14691 11937 7401 6483 192 21601 12629 16690 29877 31917 13862 16016 71 23937 16189 28361 20995 6796 740 11849 19800 4707 7541 7314 7567 24548 27095 21991 26748 26581 15620 23099 2422 7727 22923 17829 3201 9173 21713 14028 10158 9225 20727 30827 29069 6330 19204 13823 16124 27089 28083 31102 10757 18815 12824 8530 14613 16567 16292 25332 22928 22841 28545 16100 31647 24493 12419 36 7168 31387 30464 19597 25494 23655 22543 8883 29545 10300 9003 25175 16773 14323 7889 375 22741 13579 6991 14944 2609 26704 11044 11279 28105 1997 2834 12048 25285 453 11585 6469 12601 28480 16862 4649 28879 25390 26575 8468 20408 24598 7226 28244 31830 2023 18247 21457 16574 21989 6239 1278 18131 7259 23112 28868 26566 24069 30068 18152 1609 15823 16338 24078 14607 27416 31628 1732 19881 8800 634 28281 5449 31350 17284 25288 871 19397 579 29604 13470 1950 21707 11106 1263 15090 7347 10345 16447 22286 26412 28233 2892 4388 8275 29888 7487 6057 22248 6229 13067 
15920 23717 10476 13987 8841 5232 28872 10702 10505 17741 13565 32175 3666 29086 23181 10016 495 17077 8901 11555 3341 12763 1570 15231 22716 15385 1422 18808 9253 24089 4862 3684 9186 21614 18846 12238 6261 28990 28779 29143 21049 22357 28006 18976 4034 973 20993 16081 7536 16667 1973 9129 31640 18626 26154 7499 2361 4988 19221 18354 13962 20831 21910 22792 10807 6137 16695 568 18840 17145 26368 17372 7289 8275 27978 10401 32679 130 26214 19104 13927 4288 23872 27640 20918 5121 17901 20263 25728 12084 13422 12038 6216 24998 32541 23195 32010 9997 15682 28677 11125 10373 24852 7512 28229 25111 22773 2380 762 14373 14972 10633 19208 3492 14099 21821 24925 17957 25349 16457 22865 8890 16791 29442 31549 13748 16725 19759 22859 658 4991 23117 25308 6671 32184 263 3500 15083 24599 29672 32305 21942 28816 16778 2920 30527 9453 31971 6636 18297 3112 16620 21906 20528 31782 6579 10002 2683 27949 10229 19451 20698 22549 5637 220 26265 24145 3033 5121 13271 20818 10913 11815 13550 12314 31749 7068 21258 9665 4281 4362 7016 17760 1309 31095 12348 3766 7113 24342 8070 32118 11094 23325 6429 9559 10944 4394 6113 28379 18946 11767 14367 16379 12347 29442 24440 22202 3733 14277 10817 31179 9018 13464 15360 29165 7507 20138 15466 10776 7594 7574 15715 4544 30677 18086 25879 8390 25502 8076 9311 29200 31169 263 2015 20963 1182 19318 27547 29428 26656 29960 22646 22419 21009 2042 29485 13224 22228 9350 11849 18262 5507 12530 24083 4450 10441 21283 29218 18606 26547 27791 11430 2699 29329 1296 27788 27907 31177 13250 21092 29254 29789 2500 279 6953 7882 10645 1064 4889 26603 2435 12214 1322 31970 25519 2071 13188 1325 8873 32117 5334 8504 17605 18771 30902 27805 22094 23203 31356 15337 22289 9115 24067 7667 10661 11819 15657 41 24398 4118 21989 14255 15812 3845 9083 18142 2318 31043 8570 1541 22571 24339 26428 25682 6050 27965 2815 22803 4337 381 29073 29362 18636 26088 22497 17102 17814 30936 10144 23334 12318 32064 24785 16278 8495 20296 31941 6077 32543 29758 7464 31532 21330 8145 5857 12451 30084 12304 21276 26938 5683 21522 22144 317 24707 28396 20534 11986 32029 28148 24686 20087 8986 20959 25241 5610 13702 1323 299 20409 23499 23285 14771 15654 19262 20117 27078 8112 15475 22111 22975 23716 29766 19953 16343 22591 31312 22102 31681 2825 
2791 9759 14722 30080 18182 8816 27273 13472 26935 26926 17845 13294 2419 23440 32445 14009 24868 23094 145 23351 30840 2607 14795 4222 9183 9584 18971 4491 4118 30278 26989 21038 15591 5337 8796 1766 3484 18736 5755 18778 12934 10422 17417 2660 25888 6705 9589 22983 16885 31041 903 14351 26147 22352 2580 1718 15463 21373 29893 22176 20929 28668 30386 476 24007 2611 13818 15786 19877 31602 12597 31025 30075 9126 24922 31320 258 25641 25560 23279 11960 8215 686 16424 4745 17098 12810 17893 15507 31342 27281 4494 13760 10096 29789 1601 7060 7805 15358 23314 9889 22239 18346 18727 27636 1007 19990 2612 30065 22528 13181 12648 20318 23015 11019 10200 23739 30987 24530 18514 1253 22135 25560 15313 1214 13318 2971 25404 31958 6682 17869 17072 6419 14210 4588 7371 16512 4086 5222 31756 18256 31301 18313 25724 17486 23863 30826 9462 2712 29924 6835 14768 4886 31153 30266 11060 1082 22480 17631 32125 7986 2707 7256 32335 17886 16497 31113 13151 2776 17981 25122 22488 6656 19246 29510 19065 4062 21412 17250 18210 21329 31348 4642 25986 4585 4705 25550 32339 16833 22307 14861 2667 15908 12032 15452 10290 3030 18970 26789 3029 23679 25167 1295 17828 5281 5951 2295 845 6878 30462 13959 28825 718 9728 6376 6225 1842 12918 20304 6205 12375 3371 27806 5715 15594 1063 19486 24845 12464 12813 19638 30053 10609 6241 4840 6952 13335 26790 25044 2380 4396 14257 9006 9537 19034 3178 1327 8208 13376 29456 32140 2017 26602 14792 3244 6679 560 17634 22914 29843 8993 30330 29525 3675 7241 194 7585 25076 7010 25017 22387 14329 28247 21212 15027 26971 17769 9147 28760 11762 12838 5797 1371 18071 18394 5102 15668 12347 18078 11503 9010 20091 4527 15542 18898 4199 25701 21906 25835 27582 16347 31626 8959 24436 27919 23454 6641 5915 21300 1346 4417 19952 10140 11952 17912 17357 677 30817 2968 6490 22264 4586 23797 24513 28288 620 26176 13806 11844 1374 19794 27786 26452 6673 13314 1236 25827 13046 1120 10666 22276 15246 16309 23101 28729 11532 16312 7636 5212 756 19709 14113 12121 960 22225 16067 24400 23797 22192 832 13698 12999 30305 27989 4325 9345 10723 23183 1473 26364 8860 29956 21024 27304 13489 29806 5696 25252 3636 8403 17028 16121 12591 12909 22941 7722 22257 23996 6275 22790 5929 8236 11960 27952 30467 22697 19070 24514 29624 19764 
14277 28037 4364 24236 26670 23137 10992 1188 30257 13480 8025 30401 30602 14862 12754 24213 4874 10214 24119 20198 23889 26923 3039 7179 2936 29184 28700 8336 7465 30998 10830 29048 7443 31423 12722 29979 25707 32219 1057 28705 9114 810 24413 14637 25950 27546 24505 20214 24920 21084 21389 17987 16440 26279 28020 16963 21864 14051 5901 30656 15046 25143 14180 16015 13917 18888 29475 18454 5077 20167 8382 21302 22936 25110 6845 32638 12911 24547 9761 1140 12675 30754 7317 27856 9818 16019 21742 5318 9707 17659 29060 32493 11758 12995 27224 7038 3116 13579 28624 26909 8104 12097 101 32656 6897 24058 21522 25169 22697 5612 27825 29853 9820 26917 15157 2234 5281 20719 4420 994 29924 10023 5866 1529 12112 14338 10055 17831 7725 8540 31275 12609 26680 6614 22534 3918 30195 13173 28640 13049 28780 27997 25237 14511 4860 20824 32275 12902 18427 6071 24012 11650 7385 3744 28766 16333 25011 22042 17160 15505 32110 15116 29864 17213 7468 31519 13955 4236 17162 30140 21380 7370 25126 21187 13701 17814 31706 3602 14523 6659 9843 9914 11144 8555 17299 15879 23924 10917 5556 10193 14391 12904 21607 6040 21708 3747 15334 28951 24183 8217 32598 18886 23981 9202 21444 25414 2484 15058 11892 23019 15417 2766 9566 2469 27059 6457 7364 9129 10221 25462 20045 29977 8365 9587 1111 24484 14885 26099 25845 30547 12014 25398 14792 26169 29492 7975 22370 12756 2869 3497 25204 21292 4178 26610 20735 7529 6280 14767 18401 19304 17051 25491 7594 6983 4623 21877 31541 11878 25917 26140 11678 9079 28222 16606 31150 15387 30563 5012 5382 12153 1057 28967 14158 10635 3312 19739 11494 25537 15693 24858 20210 25584 2106 4237 31161 3364 1660 1622 5191 32623 1421 15086 31787 2352 22136 1004 2275 30269 23231 20149 23997 22124 9367 23207 30538 27552 17316 17606 18136 11660 28988 7468 869 7702 3033 13497 24150 26422 3255 4947 14299 26877 10429 22591 17273 30762 28737 27288 5177 12364 29737 16144 15607 6739 19093 15181 29233 24040 12964 1975 17131 14565 20626 6724 25368 18671 21691 28265 14807 31865 24385 6010 29287 10955 9670 16288 16054 11141 3213 18312 21458 17611 23553 502 16083 10385 31381 10521 11384 22204 27629 12820 19774 32459 27821 25614 11805 9147 6523 13353 27572 12305 22603 23316 10303 19101 4798 3481 16797 24536 4570 25452 27655 21900 5691 24955 1744 4020 29275 14101 
184 4278 7881 10711 3569 7185 15760 29052 4905 22269 12776 29901 3462 31631 15377 3670 19453 16800 18579 10914 30415 31563 7878 1165 28568 11142 27765 1195 4594 24983 15137 14554 30050 3782 11359 22569 23299 11916 26828 24650 17761 31875 14254 19507 10038 27909 15426 21314 7444 31886 6301 31183 11469 6018 6018 25262 16862 22542 31 25376 11394 23119 14693 24003 11913 27969 22577 15943 17487 7186 979 8141 11328 23270 18921 23875 6409 3795 3579 10857 4613 4832 31936 28368 16438 22196 16648 18633 15991 18110 3321 3034 7439 5044 1653 14185 31458 31204 236 21467 3923 11540 2852 6855 14747 10162 12005 24758 16625 5581 28642 25411 18602 22894 19324 14032 2787 6726 14922 4249 5624 16055 12074 11146 24501 25366 32465 23986 30636 10512 16356 29223 19717 2134 16359 14152 24024 15580 19810 13038 19587 28152 16346 19061 23203 13143 26077 25840 24052 9078 26000 4156 32121 703 22950 17730 5831 103 27046 7175 20419 2019 17131 21350 28644 26873 16941 6191 32599 32311 29062 7499 21982 12639 26681 25257 28579 9222 14287 25439 5348 6642 27815 26391 2153 4158 3243 11857 15560 10172 15710 12257 21936 15668 28995 31810 8798 14960 26790 27288 17281 19538 14541 24127 29487 2713 32511 16657 8119 7827 20049 1051 5654 24155 18038 16168 32693 26003 23212 3882 1156 30105 21977 22564 19349 29534 12642 14421 15220 1538 30330 17414 9921 10904 28124 24613 31351 9125 12348 20628 8415 18099 10638 20249 7227 31733 14739 618 14507 7758 2985 32550 2863 28954 16468 23655 7201 17975 20898 30471 13991 2930 10011 21260 3596 30318 18620 29130 28736 15837 27769 26703 1265 26249 13694 6148 26727 30657 4111 2069 7826 15170 6847 24711 2026 3696 27211 25770 31167 16318 14899 20306 29282 16528 14149 28050 20165 12984 19844 7194 16828 14286 23280 23586 26842 16981 3093 14049 22418 16653 5236 25012 26785 29621 706 16787 17688 27180 10593 1290 22023 747 7318 29614 1398 21635 17861 12154 19850 31581 20835 4445 748 30295 16358 25948 6103 11070 13400 7751 27606 8270 2003 16587 14533 9083 3112 552 30339 15501 30608 17601 27799 8996 14110 9499 6097 29751 30191 22256 28682 18235 22894 10849 235 14485 23762 25220 4418 30666 7035 17122 22560 17549 2872 22057 7368 10472 22183 23389 5978 31840 1968 3663 4609 23330 18758 14607 18758 1797 19912 16472 31423 30971 6010 2098 6446 17989 517 32617 
27520 18767 3899 11616 19048 28812 13056 6987 27691 11560 25020 11100 23211 15947 17445 18651 25660 5796 10301 17128 5025 29534 14087 8131 15516 18653 5054 9556 20444 10055 23552 31552 27011 13569 14644 15686 31808 20478 32521 22918 1035 31528 29066 20024 24626 17310 25782 9633 8324 4084 3391 20921 15623 19032 15152 17281 9726 10937 18114 28951 29490 30884 5224 9693 15710 8787 25151 27439 6372 22680 6320 28515 19108 713 28260 31049 12832 20904 14538 8363 14837 30754 27663 3046 25852 11887 19329 11512 30593 31674 30101 21751 22010 1776 20842 19365 4996 16172 4683 17697 3828 8976 416 6816 2389 23807 27455 8783 11759 3981 18094 2765 6084 3761 20119 6178 13899 18405 14989 14928 22618 20915 14513 21406 27900 7735 26342 14004 23958 22590 19992 17688 73 5695 90 10210 26743 19944 1777 31384 6391 4163 29776 26202 22934 7489 16598 22589 32612 5230 20420 24009 7756 18730 4427 20746 32145 14633 31509 30025 31142 26845 15564 2177 29193 20917 21035 14486 4119 24535 9805 1244 4411 29667 25828 31543 21485 5600 23768 10390 16075 9824 23804 30183 17438 16239 32421 11123 15553 20407 6079 29326 30104 22305 2329 18896 6377 30026 23004 11043 32181 1558 16739 10930 30076 22297 11050 1919 495 5889 24730 6275 32248 9057 27592 2399 16737 15661 23636 16230 11757 25958 24017 26479 17308 29625 921 8856 16509 2919 16128 25811 21128 22138 21502 30009 16694 11723 21475 21198 8098 22742 14857 1005 14834 21254 20275 6967 11467 22812 25753 28822 30112 27942 26130 6400 17276 24270 1397 13814 6246 15726 22087 11867 3683 6177 10101 26092 1112 22595 19133 18658 14716 29203 1445 31776 6062 31890 25925 18487 4805 18249 6184 17069 8981 19531 31570 23877 30277 21132 29113 4321 5566 21020 6743 6598 13684 18574 4996 1184 28236 30328 16560 28119 28053 31163 7113 1122 27298 4524 4984 27474 1803 8716 4711 8915 2422 25324 10460 10362 2065 21700 21091 14473 617 20669 13253 16683 475 5060 31739 31780 2492 9391 8116 12739 18141 3621 7592 11015 20557 26812 15109 18809 14385 10375 2652 31443 8 31206 17431 20742 11668 26214 2099 5618 51 5088 26805 22926 29176 6183 16952 2972 67 17000 29821 28435 17041 12018 13684 30820 14150 27566 27393 13129 9624 2315 24458 31965 24457 24175 29394 12545 23819 9241 18961 30332 16616 19186 30003 20503 28272 27157 11276 1792 6803 26458 32541 29680 
26051 18936 12333 15602 10524 3601 23475 29212 21335 20865 19173 2349 26435 27399 27879 3870 3674 25937 17039 13164 10416 17610 15061 24611 16219 3269 7435 654 20646 9932 6203 3329 15972 13416 26560 23075 11247 14493 9573 12572 3081 7260 6407 14784 21254 24373 7748 19199 31671 29948 16562 20520 3378 27996 22691 14214 24015 31607 30694 10469 23384 7820 32231 26566 17547 24533 9840 15159 28926 22339 28768 30759 16791 24845 15744 14264 10434 4686 22254 11111 3366 3621 6534 27925 24500 15163 4076 4815 13384 4099 12121 11551 32532 21438 24601 11145 7500 3996 31820 590 902 21113 26757 29424 28793 27840 6020 25272 3446 6654 1585 1332 6481 27946 13240 28614 29608 23204 11923 23292 19412 7787 27093 26177 27802 27465 8575 20068 3815 10420 23850 218 12702 29915 32578 11735 6406 22212 8028 13609 1436 22410 3051 3114 3923 1696 20141 22522 22026 2274 13668 19254 26858 9938 5020 5573 6578 17680 15496 22634 19751 11590 4006 1256 23681 11400 3986 27906 26310 24911 31549 19802 80 21193 8562 20852 16393 24614 960 31588 11347 716 15802 22792 27805 15829 25570 18103 9621 20927 24671 21020 18204 6863 22752 17551 12015 18823 12643 13220 15426 28263 16584 25835 19484 1742 29954 4500 18515 16346 13433 21679 26851 21029 22963 32059 13083 30791 18799 11206 26476 2429 17394 26934 28777 25437 6778 12632 7843 27276 19959 10962 21374 3434 8403 29723 9799 27465 16886 23143 19523 2390 27864 28348 18832 15120 28733 28993 26982 24845 28838 20458 1786 14547 13736 28761 5859 23529 32584 27774 11457 15198 31001 21616 20568 28930 19585 26471 5031 27121 16289 12758 2015 6031 172 14861 14211 25619 23221 10446 9389 11452 12328 2910 26599 32306 8542 20450 32205 29960 15598 18620 8952 28545 28666 22660 19283 5747 29056 3010 330 2118 30951 23248 21510 30298 21182 30880 6273 18941 30353 11906 30953 19166 2621 12029 16830 15431 7931 30170 2675 26919 5582 30768 29066 25026 2668 27237 28462 5127 26269 13524 16611 17292 18944 24228 21575 21360 25071 17767 3193 22227 1172 26010 22898 24888 10081 25405 29293 3617 21852 30885 22634 2534 14189 14288 14872 15631 17752 26373 656 22339 20154 11680 25013 6350 15652 10938 26820 23393 27242 12372 28468 1 18928 2372 21724 15669 8179 24133 625 18396 3665 23653 13381 29713 14244 15679 11223 4504 23303 2710 2213 20570 7428 8618 22429 20041 1744 5781 
13052 14641 20554 23107 21342 22985 16361 9104 21009 16714 12942 32258 11076 9222 8527 3156 13212 372 24975 30559 18157 14271 15238 23007 2188 26767 13957 16328 12526 23632 3360 2404 32449 10531 30217 5147 4496 8382 32400 15131 27542 29948 24281 14524 32545 30111 27026 6543 28950 1688 13500 25019 8100 239 14851 19580 5529 25033 21977 29419 31449 11908 14626 869 26161 22162 4822 7913 4937 21138 5451 13235 29918 5172 15598 29380 1900 22954 29363 28360 26992 13635 26945 29363 4490 7518 2984 7785 2717 21748 21140 21183 11801 28349 1868 19253 5811 27573 4306 4297 9841 12100 10580 15771 31310 19842 3716 30228 23962 23669 16507 30135 13844 8201 19611 11702 1240 13701 12192 27584 15991 3163 170 28842 25956 27983 25583 28243 20038 14354 24066 8616 1294 22931 14995 26287 29417 14327 31069 29991 28963 24767 26462 5073 1362 8614 15572 22158 1280 3617 28533 14863 2217 5041 9127 8279 4059 18279 22974 16144 29709 1145 8006 6392 12966 20017 17710 20978 30412 6074 18880 19545 17125 2945 26163 3055 3431 29685 11981 2233 7736 20328 10148 24646 13137 1960 21766 6875 28400 12010 32153 16371 21674 14788 3447 14545 30501 29469 20880 29096 5931 9342 16752 19307 1616 15642 666 31024 25447 22401 19259 31072 25297 26217 27940 13546 4120 4452 4267 25973 22266 17298 20461 26618 23591 8522 12335 21170 30738 4764 25695 19905 2718 5369 25714 7200 23226 31951 30041 1261 30654 15839 1866 18553 31049 26222 32302 31763 23149 14251 8339 21899 7310 20371 13903 22842 22831 8126 26757 26351 573 20478 26735 30959 23457 16249 22325 32685 15308 22357 24504 12631 9283 23979 11096 13923 17191 16320 27545 17805 9382 20312 4266 22119 22296 8537 32327 28092 11265 15571 13200 4308 3484 1789 7203 18269 24681 21894 2347 17475 17577 5087 27470 31584 1890 21337 8077 6726 5199 22672 2865 5570 23483 37 14576 28862 7990 9027 25943 9137 11197 3213 7391 9748 30379 890 3812 20836 28791 19034 11341 22506 28118 7523 1513 22386 21141 17625 5242 27122 30980 21879 2774 7785 171 16699 32502 14745 23647 28125 30294 31725 9786 15121 19330 21523 1708 15728 12177 16832 11417 20461 15373 23572 31901 23101 19489 11164 9858 24834 29399 16126 20364 221 12590 29914 6271 8242 6824 13194 19874 28411 31380 23133 22406 30645 30211 5863 29555 11219 24974 3411 28827 24138 10887 30785 20902 17857 30367 14892 
23730 3414 580 12882 9122 13715 27881 3882 4656 52 8059 9426 9218 25669 21122 13686 32494 8002 22146 5044 20897 11884 10718 900 1510 13663 21588 7096 23301 11724 9277 28052 30508 3542 14176 27774 8596 19321 30737 20477 11714 18502 28662 22025 6440 14202 27820 9166 15648 12814 7542 1037 10593 11144 22316 2323 13038 5202 6544 4951 4968 7457 7928 8745 24837 3008 304 5782 4390 10867 31786 24138 27931 16935 29682 17751 7118 31324 3927 22548 3149 17 13724 4571 16238 16274 19974 7359 31782 31402 13347 28081 17390 11169 15297 2560 10481 11779 7185 14357 29253 16351 14511 31230 4487 1454 24989 24250 31826 2767 32746 28107 30825 30670 16659 5483 2779 8820 25898 32227 8328 3175 20097 20494 31904 14046 8715 4637 10648 24650 30037 17598 20060 368 12975 17020 31351 2151 14786 29276 9374 19149 1069 11446 26811 970 219 26273 21400 29697 31366 31160 29317 25726 6852 17033 6034 4507 8644 2181 28994 24502 21039 18370 4051 22126 22641 511 23789 642 15911 12622 12079 5479 26577 17704 9441 14328 12975 20622 23600 10272 18366 16705 26629 18122 12036 21552 23303 4005 12117 21400 30129 16347 21990 16944 21192 24297 23427 16158 6274 24594 17429 14129 30975 1068 18511 26248 30010 8700 21795 14411 6775 20308 25857 4194 4402 22364 10136 32603 9213 7406 7458 12085 22763 29717 19658 12871 12189 2159 20036 26870 22376 17442 8280 5093 25565 14785 3529 31832 21370 22591 17963 7392 2260 22900 26716 17060 1892 27433 16454 6735 16161 6879 30779 29404 10673 28057 20360 21920 340 20793 12173 20986 24315 8065 31886 32237 25505 23559 7723 14438 8000 8222 284 10456 29152 22409 30983 4634 8257 10474 2703 1868 22867 2912 5987 26625 12133 17747 8315 30498 26891 14546 17411 5729 18158 29757 30105 17040 15275 6479 79 32639 3500 23673 6101 17476 13449 7435 2769 20882 32625 19512 26617 5372 20020 22559 24192 22969 10254 18135 28749 32320 10034 21201 22371 11947 8976 13538 11336 8534 22487 8936 13242 25302 5802 22120 24363 12620 10330 15795 30144 30962 1066 4195 31840 18132 17773 10459 30941 21718 29285 1343 8929 9291 29493 32552 25628 9968 10548 15607 22799 26334 28845 26501 13252 22013 15620 5433 20299 27361 11228 16150 3807 30035 7841 24613 12041 18662 11134 26044 29081 9250 7542 17993 7458 6845 290 182 24656 31825 27621 10854 9665 28324 32588 21293 19243 18880 
16279 7077 6299 31148 5803 1009 18907 19595 21623 28992 24812 18441 16774 24529 14426 15166 19640 4677 23039 20168 28098 27408 19551 17651 12857 20341 31740 15342 9704 24171 13265 2483 31160 833 13399 5700 22295 26869 22210 18286 26208 11839 3671 23989 3874 18909 10543 5023 13172 14415 7703 3270 26826 2933 2152 28718 3191 25577 27269 6439 25217 19584 12785 28107 21334 30918 27927 12679 32372 12469 4999 32165 32455 26357 1766 21194 23589 21083 32553 26134 23489 29364 31259 4915 21566 31782 10237 13642 26759 17914 10295 19022 26206 10054 19027 23759 19054 30795 13065 5687 11558 23239 3453 6729 4200 20415 15298 15437 18695 21147 19172 22422 23191 24985 31049 9446 20055 8588 4475 1119 27495 21521 15412 28277 19333 7464 24539 17517 15110 23386 2176 26448 12889 23131 761 23860 7131 15572 12202 19926 22105 2011 15903 6624 17946 3899 13026 29969 23321 2840 29721 9865 20617 26602 30809 29896 24139 26380 9065 31162 13716 14899 29472 27984 29632 9589 14212 13464 22800 17605 23428 17059 30823 9006 3364 3592 12063 25579 30873 16910 1203 8097 24641 27912 2189 6033 13027 14109 12714 5968 14730 2177 14482 30126 16537 29473 7850 6712 20253 26339 1486 20065 6979 28886 13660 7065 18193 9634 30379 2860 21798 16959 27918 24628 6659 1287 20573 1390 27461 28558 32273 19294 10562 13097 13859 9121 3608 1535 12188 24119 16176 19724 11366 10786 16783 5494 6823 26008 9908 22792 8920 14156 4687 15800 21269 28281 20862 5831 21420 477 25537 13391 26963 8722 8215 1457 7166 7926 12934 11448 14322 4897 26730 18310 19211 27479 30406 30594 18218 9182 15757 6753 12079 28583 5164 1162 11604 8231 2071 6003 22406 12943 20623 18499 934 3740 27257 10762 15253 28118 10731 20515 17580 24222 4599 5043 29968 4169 23910 182 22958 24671 8504 20465 10005 2365 14033 24273 30874 19842 4131 30311 12953 9582 17749 25362 27913 9390 20640 29780 3033 13992 18833 26676 24024 5092 22440 16035 6425 31401 4946 11798 6067 24242 17963 7681 14785 30303 25447 25773 30164 10264 15679 1907 32422 26084 23425 23358 27436 11356 7176 9006 9683 19415 20970 31844 25474 23110 12832 21695 26005 13727 12902 11769 16548 27371 5007 127 17043 1219 28318 25723 14144 26838 19708 3977 11943 4418 24407 16 27378 13177 27931 11090 22887 3214 26248 21809 161 17434 9002 3372 21734 4075 17165 7325 803 23606 738 6154 
2608 15549 5432 19874 5589 25493 30028 23193 26722 12673 6767 32535 9256 11525 25033 8486 30625 5001 18057 13717 25972 20423 9395 6784 21009 12796 10763 11251 26463 30456 2273 7354 2451 22234 13082 30041 7543 22633 2217 13668 20000 1772 12198 9960 13874 12939 5514 8031 8854 18263 16027 31763 9642 26081 4334 25400 6741 17393 6024 6342 8625 29463 3293 14200 12130 32210 3806 24833 9791 14241 17686 29414 24199 12312 3159 4193 18744 6332 5467 9889 30293 19039 32649 31178 16534 8229 19951 26842 13424 12647 19738 14561 18020 5888 2613 2018 28406 22062 26932 12401 4011 23437 21411 7024 20342 5157 13473 16991 12494 24987 30595 21018 20109 28476 23548 24070 17123 27420 4370 1769 2559 29953 10422 19936 17954 32189 7486 17322 12948 22057 1774 14145 22807 32500 9596 14334 14546 18439 23264 10257 6686 14907 7029 14597 29092 28050 30352 22374 11751 6585 22531 28275 17505 3090 2141 12893 32501 26160 17512 10401 30320 1190 18757 11606 32299 15635 4595 172 7461 13264 5453 17160 13506 12263 13799 412 15910 14691 13532 10447 18194 9051 32107 10523 1547 17740 17008 4139 8904 5096 30340 31247 23923 18902 7839 3975 27474 26093 32682 8660 31152 15221 22318 13038 10771 17243 31159 10799 23572 5409 4479 12313 4238 14018 8958 30007 1507 7422 1939 12182 18326 28554 4755 31205 27924 19035 30604 12535 16040 3005 25804 3170 17004 24376 24658 16208 21280 14203 27771 4039 25490 31721 21163 12544 32758 23768 24341 21873 20015 21340 11940 15276 6531 12515 6539 13793 22019 2415 2769 6744 20610 27652 26663 28944 10269 18284 12588 29144 14426 13768 25277 990 13820 26395 6095 29426 12059 23868 32337 25129 19537 5925 21850 25691 845 25075 10095 4285 3464 19465 24879 8632 5852 3593 14914 491 29191 11406 12180 26567 783 16868 18970 3943 1268 6239 6017 2174 13878 23300 2510 27393 24725 8259 25278 769 31830 1364 1652 2263 8542 28706 24199 21443 29958 25687 28494 18406 16361 25187 19149 9426 6580 32545 30713 11214 32419 30660 93 6791 26977 4477 22315 8410 10275 14295 30491 26335 5570 4760 1889 1028 17836 28211 13228 31080 25481 4427 7935 1347 25283 29582 2932 11537 3174 18310 6976 32441 10700 12156 6621 29746 16649 1065 30706 9242 4440 13604 32498 25311 9150 12816 6392 2685 8521 17285 25678 30114 20933 7031 8957 17521 20164 9518 24847 31110 9196 30353 19797 4616 
4631 17671 90 11620 7333 6705 13650 31374 6033 11915 5896 30793 11026 24496 8695 4236 14839 28450 29224 3486 23500 22133 23898 2502 3836 6556 32504 484 7823 21137 5660 7961 21951 30067 24591 26143 24038 31865 30678 19791 17244 31501 25237 6207 8587 18300 32405 5109 27595 17053 27108 32013 17764 8499 21662 16715 630 29974 32432 5880 19779 18751 16566 10707 27182 18737 27964 6852 30075 26416 30715 8668 17177 967 17409 30834 24531 21366 19349 6658 29344 32310 26696 32263 21464 23989 2632 18750 24676 28766 15837 22774 13350 15407 4327 13435 10916 12869 4461 8773 9788 13329 3607 3450 17215 12957 28729 23252 18403 18357 8547 2430 17224 15673 1645 25049 11368 21034 8296 9524 5399 11033 31547 24357 31673 19457 3947 20666 31328 6425 26540 8803 7986 31125 27072 9609 17562 28494 6367 10207 30190 11325 5691 5791 1205 7803 5859 14298 721 16753 18123 30446 9147 4689 3867 12117 4796 3861 6563 17573 8468 15328 16454 15023 27878 28440 24628 2433 25447 29900 1021 20318 10913 16771 27173 13022 1302 15872 7178 24667 5671 4987 10780 28129 26532 23765 3482 3505 15453 3852 25028 18190 5416 32197 7327 13457 19573 19979 29427 2813 2876 6881 27842 8871 6603 4830 9282 3835 15614 31509 10166 25245 5193 25330 19417 18824 31807 8301 16065 873 19369 19250 23144 14368 29632 22938 23912 28852 27722 2386 27286 7074 25912 16916 25858 10371 16290 4429 19116 5457 25016 1463 5583 4018 26524 22577 22263 32100 11705 22286 13337 10026 739 14360 26230 27056 32565 7999 3225 21927 21552 22319 19472 3114 27029 9612 28206 13659 15684 21788 26158 2034 18637 8603 16972 24988 9783 13854 9524 22506 11033 15885 30419 8373 3584 13909 26680 25535 29884 25967 22131 20400 6962 10878 10925 18999 5187 5514 10387 15401 54 24916 27359 29524 25787 15963 11734 12856 31919 11175 13298 31104 31662 1348 7958 25358 591 17961 11513 22383 30310 9494 23279 20345 31663 15332 15740 3650 30099 14637 18413 9104 32388 2073 20304 13099 14323 3696 7269 19049 10075 31988 19251 14082 7010 6595 21716 12063 13325 4178 14258 18979 6402 24180 28715 12832 9688 11798 5476 3575 23542 3921 15178 30224 28882 26150 17427 15772 5285 19285 14793 14004 32463 14693 24932 21592 18438 4717 11751 13027 27111 18728 21506 22969 23158 21763 18834 7581 13791 25563 27346 19934 555 25991 569 30279 12919 19430 19692 26782 
12010 32613 15421 22161 9927 29700 32012 18599 16717 10682 9218 7380 6243 31790 14523 1139 11286 16588 22956 3021 6457 12580 19679 12984 19249 28159 17098 3879 2783 22079 8817 10178 30353 17844 1735 18455 29260 4911 6038 10089 5016 8592 27680 29681 4404 10464 15915 10631 26416 7773 22117 22270 27747 29231 23764 9581 24714 30834 2049 32475 16873 2563 9583 26804 16830 29648 14048 10766 13398 25973 23901 30766 29672 7028 15726 18636 9422 11937 19264 25975 23418 10377 14653 278 22176 4286 2798 30620 23796 19430 29830 23539 27637 16305 11061 32294 5612 4348 32484 49 24214 29523 1017 4879 15091 27405 1208 12828 7005 2520 27407 26165 10794 10180 3638 15309 11078 12699 31653 10517 25700 15426 22222 5983 619 14153 27231 2576 22238 23824 18708 3441 29792 11735 25146 23866 4698 832 19615 12108 21872 13675 12960 18323 31851 32016 419 3161 28194 32671 1212 32600 1550 4467 18109 12363 18178 6576 14923 3014 374 23635 622 16494 24225 4521 29182 9518 13891 10556 30200 5072 3967 134 2841 31246 30670 29274 1259 31333 22878 8516 31382 16493 6184 15820 20712 19523 30734 30207 2432 26079 7203 20328 1580 17009 16071 11352 10389 14828 5412 17507 18460 22604 32553 6531 22962 21684 18836 22914 13087 4963 14001 5403 3529 31121 9708 19009 19752 12242 26042 10928 15223 23284 12147 62 26400 11047 4846 29688 24569 12324 29911 19845 18017 3027 8556 19804 1949 23023 11343 23679 9591 26404 32051 2180 12247 13516 15002 2942 7545 26456 26227 12106 15607 18307 16993 25197 10191 13772 6935 4159 8131 9969 27775 8182 28556 28835 30398 11246 12479 13275 16327 4332 23501 11717 5440 20565 6839 4673 7266 11723 19750 27922 6032 2432 21030 32118 13347 16874 23092 8151 25098 25588 3417 16779 25413 23724 1966 16120 22143 30084 16816 4466 30158 8029 30804 28487 20569 31283 10260 5741 11396 19843 24768 30870 20576 838 11602 11700 25212 2193 10757 6138 18832 7515 28807 2960 26859 21407 20651 3856 9725 7061 26311 16001 22494 4518 32052 15725 32067 5807 12894 9183 20094 32763 26302 16433 16472 21247 15387 32038 30676 15229 22515 23758 1947 2779 14214 6254 12676 3438 32661 21016 13766 20392 4867 25589 2869 29638 601 17943 23148 3531 16966 10904 27088 10144 4768 19819 3642 10130 17508 15691 11320 8743 28731 23558 20049 28077 3806 30806 29507 5430 26560 22017 6045 9521 2476 25441 
26031 24027 11035 8792 24962 29030 3464 26616 31893 18462 18682 19731 6654 11252 12507 8078 21377 1772 14635 20555 24663 30934 19134 25507 13020 30857 27854 20648 30491 5700 26589 32143 8975 2899 15121 27026 2046 15563 22360 15258 26859 31946 25175 3203 11788 12225 31896 24618 25905 31915 24734 22862 27366 8121 8985 23861 3095 18509 2116 27605 22569 25451 5075 18635 6571 28168 3202 20666 29305 17394 16886 20015 20796 26319 8248 4570 12096 26466 29705 8395 12368 13793 31539 24576 25799 7266 16188 25152 28035 15845 14694 2418 18812 14408 31586 20330 29531 30295 10708 10525 20640 12671 2943 21792 9334 10774 1828 12845 4192 3083 28995 23014 5762 1153 462 9674 19723 6265 7855 30537 26062 17447 20540 7004 11675 26223 2791 22017 28698 19098 19058 31683 13180 3754 10514 12944 27726 25381 25025 17837 19262 17038 24669 32015 16510 22668 26095 5274 11643 32533 3979 24641 6694 30523 22447 22984 19257 30663 14020 19111 20190 10323 5762 21209 2044 13771 9921 23368 8416 30011 438 13340 18209 10896 27325 17820 19634 14868 18883 1806 18467 21996 21320 4759 29390 7865 18862 15527 18905 31458 31022 4453 19564 8872 24563 11309 25488 10430 1998 27450 4461 30112 30953 16489 7593 14414 2639 4695 2443 31908 1765 14129 30149 4220 21208 5307 11891 19564 686 9816 1694 30583 9326 12763 31475 5999 8760 11335 26391 27255 32461 8405 8151 6561 11805 20797 8908 3753 3125 5151 7462 10987 30839 16615 21408 5175 5074 30735 5756 5973 20806 6525 10991 17848 6433 31276 468 1011 25007 26425 10533 28308 957 170 14922 21074 12786 15226 16170 22763 9520 7740 10697 6229 22496 31797 3620 3454 8291 31199 12698 27565 22219 15302 32422 3030 10761 20902 12067 3400 2776 4479 19175 181 27848 15698 22322 26974 17095 12503 6126 3176 26310 24910 32106 31499 29217 17472 21941 17199 7406 24151 18284 3301 13598 5188 18454 15754 29438 24775 5824 712 17320 16346 20359 7521 3383 14780 1812 25000 5334 6410 17837 4497 5893 16583 8540 11413 6271 9805 25177 5631 14619 31055 19107 4431 18996 6363 11583 30948 5187 32687 3762 18825 24975 9921 4577 14904 27540 13757 7086 31759 31770 9458 31946 32374 839 22249 22865 4353 18844 7661 22311 6574 21134 20212 28322 3825 10904 5340 11572 9401 16296 4490 24253 17853 21083 30298 12048 422 15356 3206 8888 15237 4235 625 31498 28254 2527 14238 
2541 26045 10682 20197 13016 24396 463 8287 271 13097 16192 3108 2859 1449 3840 6416 3779 5992 17759 7422 28888 32232 23174 29208 15390 799 27120 17094 26641 19492 898 32256 16031 142 17755 22165 33 8078 7918 4617 28075 32098 23765 7928 30899 32031 27909 11960 2997 23453 4399 23511 12575 8066 6744 15264 29582 29799 20700 10371 5481 27936 23641 20785 32695 28160 16663 26820 31552 26470 25828 10171 6318 28107 5810 1913 13259 17108 1657 31387 10928 23406 30548 314 23827 5386 22853 30470 23828 15412 25746 15578 29263 4819 23032 8805 26636 1759 25656 16262 7301 27087 18891 3584 23375 17190 15529 28656 20666 1473 7596 24115 7733 7024 30355 32028 584 23021 1301 2588 5900 23964 506 10911 11367 10404 25259 20284 4829 14391 11267 24627 23224 21904 27736 19746 21194 2803 8922 26969 5841 26639 10259 28264 24558 9256 18842 13290 2856 13662 5001 21012 17158 29429 29011 8889 19154 8011 19443 14337 10064 15387 12415 23360 12712 26640 6280 25857 5362 23530 204 672 17114 11757 22658 14578 31839 16581 27009 31353 26259 28043 30768 13775 11876 18140 8056 16227 7967 29560 10343 22176 18504 31067 18454 1092 31410 581 31114 32271 78 63 21 9078 8201 26176 20335 493 2365 24131 6700 25413 27966 9562 11459 10328 31820 29720 29385 11683 12906 30992 27335 27192 31922 5390 21758 17719 30366 15243 21565 1890 4656 25227 869 32469 6840 9449 7979 8461 4686 32128 19572 31535 20958 25101 10863 2755 18600 30886 12341 26174 961 8052 31531 683 26166 24488 32744 16874 3547 11428 22444 27070 19551 7790 9206 12408 22665 21127 1366 2135 22992 22424 29812 29545 9654 25854 28926 103 19542 28948 17226 15586 12459 3971 13407 18262 16279 5626 28331 3912 13595 27069 21303 32488 30108 32504 2315 11466 9897 26195 20719 1926 29019 9181 8391 907 8177 7719 16085 31056 22291 10438 29984 28887 7399 4123 29649 9576 26135 26416 9948 14385 1273 27962 554 20413 20576 3314 32113 24348 14280 16065 20661 24856 2927 30103 10878 31073 23992 16363 597 6140 17433 16688 23802 24166 23955 19178 14733 22525 12500 10390 13679 1828 28659 32275 1761 4751 1533 23669 31176 24172 19946 31622 11456 8914 4070 13263 18632 1585 2763 20535 2521 11068 18663 7519 16966 11239 10974 20468 957 19092 24479 1510 14056 16947 29110 13457 31075 11831 26029 17465 26910 9249 2655 15461 11287 4052 
24567 14124 32267 16170 19663 24033 3498 16388 21909 32685 20443 24882 4761 15585 23078 17902 13007 6487 24888 29224 11010 16170 23016 27616 30431 20467 12020 31915 27346 15210 24858 29593 10457 6617 11039 9211 25513 11657 1114 11463 20900 7770 17511 4449 31320 8692 5357 18624 19241 25285 6315 5552 18518 20205 1466 9024 8240 518 6430 7118 19326 31726 3724 10856 6398 11012 1044 29077 8594 12414 11728 3577 2264 7132 22819 26890 31087 6011 28727 13101 32600 29918 27482 4138 16600 12451 8222 16532 25015 29161 32481 1025 26793 29342 31945 22648 89 14731 21961 28042 3898 32181 31223 23540 13912 5703 18943 3992 13529 32319 2729 24095 22885 21835 187 8896 21620 21343 4232 12385 7441 4209 29245 27671 9819 8589 70 2986 13106 23458 10230 8486 14444 5116 9925 24320 23661 12536 21888 30313 13110 3107 18534 21622 13388 4784 17640 7947 17939 5030 6960 29357 25401 13745 21387 14947 16690 25237 11214 11445 8809 21115 2365 12151 26699 16606 1371 23615 19918 16469 20803 14924 16495 11019 26173 2659 18632 24223 21554 5376 32292 20286 15649 20425 2784 29031 25941 7315 1715 29235 3171 15282 5411 31570 14352 30724 12359 19112 5964 4658 7216 11172 31259 1201 1117 3619 30578 1083 10985 16154 14284 12691 1041 4201 5202 2814 4998 25820 21160 8233 15877 9197 16272 17611 28047 15899 29313 23018 24820 20258 9689 8776 10684 16380 2464 31504 27402 32379 32764 1671 27882 13265 244 25852 15863 24623 10761 25007 9734 4934 14897 22946 9150 190 16240 16127 19474 11284 23585 4748 10959 14630 6627 143 29436 29389 15311 8498 2243 14937 4648 23457 14058 24690 10892 20654 29338 25559 14123 26802 25614 21783 11525 14290 1173 2798 28872 21740 6962 32380 10416 28721 27974 17079 12157 2125 32708 20646 9026 19493 7354 28218 27416 29768 32410 22126 30517 1517 1087 2156 13856 7718 25193 8014 23085 31715 32272 13367 13454 24433 11928 22371 24408 923 24241 25875 3159 26606 1578 7446 9996 8640 8359 15976 7553 27961 9090 2530 15445 29772 32752 2361 28549 5798 11991 31620 12892 17355 24853 13930 20761 25887 18499 31712 19635 20515 22072 7629 12786 12227 9127 31849 5514 10343 16649 3531 20561 26314 13764 25489 9538 21233 8604 12201 4754 14447 2565 31396 7407 6771 28000 6566 6085 3801 7210 23319 12637 2231 25683 25095 27168 14720 3346 19588 14020 27381 9344 31601 9487 26626 
15795 4983 25868 25554 24961 29337 17551 18605 18871 8161 11165 28861 25223 30325 6400 8516 32741 32187 890 32462 29611 30733 10386 2910 27455 8982 30926 2106 30570 7993 10572 30293 6940 15286 17693 21454 15669 16500 2817 24645 31799 14734 10323 10822 22482 24291 29408 15095 6225 22490 682 26738 16226 1077 264 2770 29384 19013 25265 26523 6377 8025 7695 31090 32671 459 25794 21157 26208 12201 21918 10197 31570 16686 22206 3232 28975 3492 22475 8737 17989 24571 23341 20961 13942 2010 22554 12555 30437 12752 14353 11233 10724 16516 13289 5357 30702 22872 13962 28459 17303 3608 11084 12851 23283 24783 21462 31939 17450 16309 9319 10946 4282 27948 4265 1078 8260 6578 26552 9409 5793 20193 9073 30236 28941 23643 19915 16397 16584 26760 11311 14749 27740 23989 24315 15447 18707 13534 20478 8588 9668 25906 2395 12770 12949 12317 26431 27133 14806 15879 5399 18402 10678 25895 31144 3540 3817 12097 18439 25676 7108 25611 13280 13574 14709 30428 1265 23580 10125 11183 14051 7006 7352 151 14704 1746 22433 17939 1739 29086 32354 16346 27177 20402 16143 13722 12044 3966 14558 4384 3204 15352 7106 7646 32296 22200 3441 7394 20857 21459 32258 25251 24081 17816 16052 21330 945 8007 11969 2692 12199 19395 10964 3446 19111 18591 2755 29524 21495 29797 17405 25325 27650 5090 14975 14564 27984 25351 15596 23986 22835 3136 2800 21839 4782 20377 4413 2737 20434 24027 18688 5828 17379 31839 20687 6518 14774 2851 1540 14580 27141 4551 17055 28678 24383 4845 3154 27875 19838 1424 18415 27408 23672 29474 28712 27342 20027 1275 8202 19473 3054 12926 24097 25276 13103 27927 15638 27720 5527 7097 12379 10496 31451 11283 7979 22431 22313 15110 10153 13010 3517 11483 26979 3631 29007 29077 18463 27778 32 25382 13183 2162 16960 3992 12741 10567 13590 22184 1715 14175 21287 23264 30546 23082 30750 10523 21509 8960 16456 4348 22994 10380 2289 29138 30200 520 13089 1200 14032 18920 14596 5887 25342 23697 4487 31832 25201 4888 29 21214 28060 25327 11699 30965 28183 7601 14520 12716 11522 22634 17920 14694 17501 7539 21660 16126 6685 25845 6334 19279 1405 18981 29226 17257 25236 16974 28682 7981 18670 6274 10775 12917 7351 6629 18796 4612 25353 24642 7452 28641 15220 13246 28578 28427 20343 10975 26163 582 14311 18000 25134 26870 347 24606 23706 7169 4961 24655 22644 7262 
5328 15024 8752 23972 17825 20827 22716 11664 767 20195 19515 14893 28711 27368 26266 7024 14484 10146 8054 32573 8778 22418 8710 17827 18694 30279 27457 27192 26286 8175 24401 27879 8665 22682 6668 16501 17121 1214 25250 28267 19834 11036 13583 15667 16161 15170 21815 28233 72 20271 13336 16211 4645 1661 8751 21688 30218 23439 7641 31794 21693 13627 29914 30482 8367 32442 15669 2155 5457 18276 32350 3584 32672 20184 27670 7833 31550 12019 14819 1312 10266 17406 32546 27530 20254 10112 26431 19955 17880 7874 25582 11831 30208 16156 19795 18664 871 21902 16394 1827 10358 22140 21775 5733 22782 28848 25170 28816 15040 7092 3961 11243 8918 27473 20429 16436 27907 25481 28837 1925 14540 18980 11565 32430 28107 25063 18551 10477 28637 22898 13175 22148 22018 16797 31639 14845 5449 24599 23416 27893 20102 7856 18271 21337 21436 17621 20891 805 23849 10265 6748 15854 21142 20322 11338 26679 29989 26618 17246 6345 6491 16075 30881 11445 12582 24288 22685 10384 1509 9303 31245 27272 31226 21183 28571 1660 30504 28084 28975 18288 24714 24565 20454 12303 25175 1235 22247 3067 16807 20920 16975 8018 21195 23052 9052 4908 25431 13578 32250 19905 21481 15998 6269 8572 10716 6379 22369 21621 28746 31795 15987 4047 2587 6995 20807 6571 26393 10464 29040 3599 1980 13796 30194 13494 10114 30401 30068 23844 25871 20055 7337 11524 26728 3527 26317 110 10849 18180 12272 13641 9003 31567 5663 29682 22526 31860 2917 11611 19208 12019 23546 26933 7157 7457 26282 25365 16774 26900 17289 25530 3925 23266 23648 18669 20967 22618 254 20883 28350 15398 4994 1758 18208 2183 22757 32296 7077 1065 17565 28870 19054 14342 32623 22311 24207 22616 952 3487 29258 16501 3556 30714 7850 5610 31385 30042 16737 19402 8126 5828 25936 12587 16537 15480 27746 27794 5732 11595 6605 25058 3735 4970 3113 10578 30788 3834 8372 7994 24005 25552 26230 28397 25562 16405 28924 32207 24161 28299 17772 18253 29171 21759 16425 28304 28372 10927 810 11179 9705 26378 28318 17553 17386 6328 24680 23692 11259 15686 26139 11397 3021 31786 2537 25358 24873 5934 21922 24459 20366 5951 1296 11270 28428 26089 20802 29330 29527 21761 7449 19643 17432 11904 14840 12251 20506 18907 30874 30947 32150 11944 9852 28322 10064 29827 3045 20960 25714 16860 4380 11000 13335 28616 20672 8608 7205 12356 31978 17558 2060 27174 
11136 1907 30286 17563 10171 28876 26799 12923 3749 19358 15544 22871 4489 13079 7976 20363 17975 26179 12458 21538 19850 18020 11506 19209 3515 10174 3556 2997 19674 27723 27101 15150 13893 9754 4078 5425 13328 26603 4481 6962 18776 26502 5862 15356 10487 796 12107 47 6820 28675 1924 23587 3508 5523 331 26789 22588 3160 20418 21544 2988 2729 26928 12934 24991 2888 18542 5656 12501 28658 28549 18785 23074 7494 21639 997 7215 5424 23750 24084 3881 12196 15338 1341 28491 20757 30969 17569 22694 8163 1620 4270 13728 18815 13570 9719 9041 30295 28187 6420 16125 21060 25333 26348 31323 21399 31441 8030 28391 14489 5309 13153 28750 11004 27276 17573 11456 5443 586 13266 13982 8632 30855 4720 5517 7059 17590 28789 6062 23368 906 7365 3295 29296 863 9414 12241 797 19236 845 25925 23300 28454 2407 6907 19456 3992 21520 13268 14425 27249 24779 6871 10399 32024 17864 16330 26600 8338 9276 15638 1158 26957 3528 20988 2815 14558 11067 29147 5267 16627 22130 30262 32613 15588 5850 31452 28393 5035 65 19035 13045 3786 5491 13558 27722 22856 14838 31666 30721 23585 8544 25825 31374 24653 30780 11254 32350 25953 29932 2578 27670 17044 7349 2216 28311 32741 27032 15263 10748 2141 15323 10369 27240 2768 11140 7993 26086 9449 666 224 11473 3960 1811 7573 1394 9352 5445 9703 6143 3468 6555 32486 22405 3862 11143 28064 15014 26843 8946 32412 15301 5846 723 10073 22264 7975 22999 28412 21601 23561 20435 3990 29071 1261 20079 13548 9495 17053 21856 1888 2920 25867 26177 19071 17791 20520 26406 249 13454 22978 21262 935 17826 2524 12203 32703 4074 11098 16007 30018 16211 5543 4553 19825 23906 5286 32010 13666 21472 26758 30603 21572 32075 20076 26386 12897 20449 21346 29481 22649 17279 28409 22895 17968 31057 4974 27528 4825 25823 31873 18125 18430 25124 14122 28310 20508 32112 9594 2923 18120 2586 30470 12090 12217 8284 14930 4144 24364 1502 12792 26707 14965 24778 18714 7702 20898 15786 17204 187 20889 19142 13383 27188 5358 13364 10534 8373 9051 20978 14273 12550 27762 4396 22126 17579 15726 8757 30758 15748 22375 16229 4603 30938 6800 31557 19392 11942 21992 2507 2679 9693 20161 20087 17241 20295 8161 15659 11401 293 11438 6124 24583 20998 27059 32532 31684 32242 28435 32627 16602 17277 31188 30220 7524 18033 5090 3349 20581 6189 
9014 31023 31541 32675 17826 30462 21406 246 4018 17992 11709 31504 25302 14123 17411 11501 13435 2438 17904 16491 28282 15462 32452 3801 12993 2383 22927 25025 10912 25700 5304 17406 2429 16120 11626 20067 914 5948 14370 12725 19525 27992 15848 16892 2655 28232 16695 18449 32262 24277 10825 26458 24309 24804 9233 12471 7549 29068 20974 22308 25616 28415 18086 31569 5745 14982 10493 6379 4351 16339 5151 29996 12393 17765 14697 20528 2678 5871 20729 12301 24854 3596 41 31263 26606 23626 2719 15508 21095 24471 28814 32675 29745 20664 16614 26411 14935 26334 62 8135 29078 14520 24452 7098 6326 2835 602 12523 26622 18255 12397 24111 19234 2468 20129 26612 25981 18921 21112 13763 869 20946 29080 11957 3247 15600 2062 32179 11608 24521 31883 31496 17043 2963 7406 31685 1272 22382 16507 16534 19498 27028 29311 9483 19028 814 25677 13092 10770 27112 11223 21892 6485 9843 8862 32174 22446 14198 20030 9144 26697 24470 1263 4481 22038 4967 8919 19357 7752 3371 13445 19484 15859 11449 28379 2261 8943 14286 28080 27015 1469 6117 19208 32544 25810 10654 210 14439 11648 13989 26537 29413 30981 13078 4689 8795 8616 32407 1733 23462 22128 1948 21910 3250 31010 15254 11374 22724 23557 17665 8483 662 28775 11393 28828 20004 9349 28283 25974 11971 26256 24770 12904 26646 2592 20196 20351 32124 14651 11923 545 29237 31547 7518 6540 20989 20056 23762 9481 27728 31983 25807 4711 16128 16325 21154 15936 29322 9129 22852 27958 29414 25889 15635 23838 10413 27934 8728 27301 11921 7959 12156 128 14542 15889 1825 1177 13847 29323 966 12011 20737 13078 22134 3061 888 6964 10235 2952 20353 1721 8745 30201 7627 2014 24515 9324 23896 27209 18352 1505 20757 23441 20640 6585 22295 28306 480 8132 27755 14299 456 16448 13109 7660 26428 29223 10955 4443 32720 7145 15128 15904 3995 4974 15137 17166 26969 19819 12103 26110 26291 1119 9103 14656 20211 24646 31324 5956 31674 19843 31901 27253 32678 22150 8453 31102 31579 1172 30133 7299 14590 16472 7790 9867 28979 31270 21416 32423 27164 182 254 30945 8178 32356 29919 10962 27146 6403 31317 6218 11142 21736 20984 19851 1463 2981 6844 4677 17091 8422 20754 24759 16368 28236 11885 26659 3485 28713 3554 30259 19539 29100 6640 11556 4575 14400 30441 31021 21283 25419 994 21300 4838 1840 1261 20192 8586 26710 15304 
5418 5169 20219 7652 29692 1450 2350 12475 18770 6816 29305 1031 19365 4002 26013 32250 28703 1328 11472 3852 9067 12078 24878 18429 12305 23533 4718 28033 31582 19588 26692 2140 23783 19224 23490 1166 30683 18654 31742 19167 12329 9990 9052 21891 25777 17057 540 16724 17414 32362 23962 212 30542 30615 20319 15438 25432 18421 11888 27373 7952 28465 1165 16281 26929 20289 30713 12230 27724 25340 20267 5487 5138 5586 17892 11794 24705 26847 20122 25599 7356 7960 2202 20257 17638 6536 25950 20577 14212 18747 14078 32497 28618 1811 13945 17817 19776 25925 1379 3474 5686 31734 16688 15457 11503 18329 29259 1610 28940 350 27727 16190 11873 24830 449 2145 14274 344 23167 5148 31264 29916 8561 17921 9254 29952 11355 31616 16264 2622 2001 6810 31792 7273 30345 121 2199 1079 12981 26310 8675 23990 19881 31286 25198 13124 31359 22144 10482 10767 5383 22516 5573 28225 11299 24514 26849 26967 30252 30324 23428 3044 24817 5261 23282 10428 17444 1891 24126 32010 491 28732 3861 2022 21652 26262 4730 15099 11493 20426 32007 9349 15242 6370 24584 20264 9533 14230 31175 3406 19508 25562 3278 19510 32741 685 4384 36 29512 22544 1438 13799 1846 20587 10645 32363 26501 24167 12210 6299 15258 12526 16544 25779 29583 15097 25361 4804 3491 29650 29637 21999 31350 2914 13469 21579 27773 28879 6277 26693 21963 13215 15818 23349 6457 28265 2980 5796 14292 27710 23845 28351 28013 32206 22187 9579 9044 4624 4677 7979 556 19970 8481 31107 28188 20645 11082 20386 22692 26814 20655 18264 3109 13964 6618 12128 1215 18987 27558 30405 8551 26598 28365 3682 16029 23041 24731 2043 29475 24129 24491 29883 20968 10546 5951 31472 7113 13769 9499 3741 29422 2904 32661 11549 90 5535 11997 13938 27232 24554 4847 15496 4984 25866 307 7429 28700 18650 236 2714 4747 6755 21429 2399 23692 7766 21778 21660 2696 11788 1380 15840 16494 30131 30013 20326 9662 32485 19263 31827 126 32235 17654 14481 11587 32425 12599 23187 17413 14827 17722 12265 3868 8808 17268 22356 29913 8095 15507 18627 20365 21180 25168 29867 31165 29204 345 22612 25309 21705 14466 11478 6362 11639 891 7342 6489 9165 1573 1858 11491 8676 27099 8158 22362 13232 23011 28041 30099 15518 24322 31698 19470 2706 3356 7228 4504 14910 24241 9041 11104 26120 16615 17454 8402 12507 25115 2286 10049 23256 
21583 12117 14782 14854 18601 18710 23629 10085 27288 6469 16538 21342 30815 26918 30909 25300 12650 10311 12637 19587 13949 30920 22917 6151 23919 11063 29668 20652 12498 24467 31945 30609 18848 31257 21152 29243 2454 15434 21640 25389 14280 30738 26977 9073 28994 6353 19538 13684 1847 6274 8548 25785 10827 26350 12700 1896 27180 5916 12636 6523 13944 6380 19915 22711 15762 28072 28794 1134 24933 6468 13500 19605 2420 23919 20865 22639 25288 10809 10435 30733 20738 15146 14897 18558 6242 13759 15386 10923 18374 26991 6793 14483 42 18196 3385 2249 10889 26520 18380 14435 19837 20269 26772 6331 7104 14943 542 32633 7 9764 20892 2542 30296 11040 13456 27849 21868 10593 16168 17209 13980 10396 17281 14027 3633 20558 24309 1271 31494 9125 16995 6445 25415 16835 404 2658 19290 6090 14905 23127 27072 5448 22194 1258 419 10164 30805 21352 6361 19346 31778 30731 26584 26914 11098 5737 10662 21509 24748 24566 29801 25529 1327 5565 2808 8472 14696 14718 4630 9950 27939 31993 14465 11083 18309 25116 10689 26410 23263 32375 14175 12047 26877 7290 12218 820 11883 6723 29753 16666 20280 21998 17837 11635 31320 3568 27821 12221 27759 20010 21763 6955 7826 22384 23040 657 26022 19405 23126 9805 27467 14203 24191 29291 26758 24910 15769 6940 12549 16449 1045 25934 23631 8357 12784 32600 17084 1464 13034 27256 21159 18349 5036 10581 15533 15823 19558 22242 23078 1298 29095 17986 13334 21061 24455 26757 11430 8284 15765 15731 26928 30949 3387 32734 13989 10474 31089 16279 6496 6174 13537 28093 550 26136 16496 21079 28692 14711 1785 25399 2856 6365 13182 10309 11397 7814 25569 16423 7820 11223 13751 22239 8166 18626 26775 7714 26887 24658 32218 14669 20044 25173 17738 8995 3200 15893 23063 6902 19559 24829 22645 10953 28616 4026 28318 29435 29836 23904 9965 26367 12667 24384 19162 18810 1717 6171 28704 32236 24937 31118 13074 402 17144 447 3739 22388 25916 13140 11061 25012 15015 31805 18071 7388 7729 24905 8159 3709 27485 25321 5979 14530 8813 1097 26824 2070 28123 15059 6168 21929 25275 23982 21460 1474 956 29013 13024 8673 10645 4734 22115 27994 24606 12788 14850 26741 27743 20680 22006 27527 18027 1025 18566 23762 29584 4655 31556 17567 32369 2187 19704 23987 7753 4591 8493 28986 1705 3104 8738 26448 10095 24871 19412 4859 19827 31934 9344 23384 20570 2953 
15527 6416 29276 4032 5418 6912 1824 30254 21278 9371 27558 5656 9043 18416 32295 24491 6345 22846 24105 28351 7626 17956 488 32016 13391 18961 10799 15458 5205 2051 31326 28584 26743 814 19583 7242 5623 12468 11268 30240 31653 7931 481 19256 12558 21968 29411 29694 30302 22599 29046 17853 10927 3206 4947 25430 19310 28978 18456 10658 13406 25349 21036 2319 14208 5814 5946 16172 14758 19516 13929 10481 9768 25191 2290 19095 3309 13368 19757 11625 2917 21574 31334 7381 21093 4370 8109 27289 21621 17662 9344 13339 6324 13860 31060 21794 28236 14497 5816 28526 26585 30255 11127 17016 9066 25239 14152 2522 17129 857 7272 31873 16396 21209 3802 31349 13713 9240 31022 27848 25347 18520 18277 25630 16231 17315 8510 19254 6672 30923 5223 20302 16753 16339 22433 18563 8207 1264 4284 18511 25803 2398 21175 25732 7258 28770 28805 13759 14130 19790 26693 6250 30166 387 12009 23088 11830 22491 13448 2910 29240 13393 7643 5580 12735 5984 12037 30319 32667 2325 8089 8636 24942 17259 13958 11455 11795 4233 13580 10214 29105 28719 22596 22012 13013 20687 9527 29102 31398 73 9079 22684 15594 23736 14979 19402 19940 24718 29908 24214 22303 29430 1249 14471 21334 21696 31344 22538 11500 10471 6113 27587 665 19223 14071 9156 27684 25539 4564 7174 16237 10480 31619 17953 17951 3608 6265 15147 13270 27371 9165 24444 15286 3122 6449 12558 15275 14728 32093 27172 20587 30744 18593 5951 20481 16672 20355 19343 24282 29659 27156 2823 2293 7362 10257 24804 22614 27260 31427 30278 23471 3859 22467 12959 18704 17839 21295 26505 29105 18355 26082 13073 22589 5915 16948 2329 30043 13984 13381 14780 25773 1417 16088 29962 8696 10086 534 9671 6420 12450 19677 13761 25626 6917 20614 18265 21372 26067 30272 10970 10159 1856 21028 7388 18735 2639 23310 1403 12240 31682 17302 7444 32709 18681 32446 32382 31723 24447 15657 20509 7017 16652 22080 4553 27586 32549 12320 8883 6467 4245 16855 1627 9176 14784 4527 10452 2378 21899 17633 5754 32395 18002 6972 21798 2555 27054 18061 22488 6544 4759 1553 27619 19432 24624 24778 22414 8625 708 13772 6950 30234 12355 16187 3304 11085 9387 26041 5978 17060 13597 25546 17212 21417 30886 8568 21845 14446 1490 5808 16467 11271 4873 28593 3333 16347 11213 25549 25730 16033 14087 13393 13192 25408 3969 6611 20381 22769 26078 17287 3280 
4261 25963 21698 12687 675 20760 24605 18533 6272 6526 20729 31288 8384 2034 23041 26404 10693 2166 7237 3713 22376 19774 22099 20620 16828 767 32053 23910 28664 27693 23166 19023 15091 1757 3747 23085 22091 16488 2202 30434 19544 22652 7082 22000 28447 15736 638 14034 30186 12954 21876 29580 10401 16874 8183 31001 9432 21806 8757 26030 21874 18958 7896 20268 3381 12697 1527 26527 32013 1017 4557 12429 15507 4463 28981 12177 30251 22982 8444 5069 20241 8965 27065 17851 22432 14294 827 30992 21165 10541 8412 20566 26349 12136 32013 28243 25459 23211 7807 4039 21801 2113 5632 13897 30661 29262 7989 14179 3856 22853 14615 8948 10817 8366 19137 28539 18041 16621 19782 25186 16655 8020 12622 191 26314 11846 26203 19089 23914 8897 20891 8547 22272 5913 17968 6758 29692 25813 5204 16837 8437 16575 21426 24797 6071 15890 5841 9122 5161 14396 18241 25288 11671 12209 1867 11458 6807 28720 16778 2332 14657 14252 13901 2208 23202 7452 245 16109 5664 722 30779 23389 14087 18630 30782 6837 16848 18712 21975 1887 7462 11258 713 29429 12806 2777 12830 12978 10720 3465 3274 23134 25406 31109 26501 15131 15758 24968 28532 29150 15913 18798 32019 1681 15677 25306 30951 30202 32559 4117 25366 3852 16226 22616 6465 2896 573 5760 19311 19280 30524 27464 6320 27697 28861 18763 15662 10963 29448 27032 16518 9290 11549 31080 23475 13709 30469 4495 17501 23475 2203 24234 29654 9925 19566 11023 31441 21459 6051 11824 7247 12625 1177 32672 432 21556 3221 8283 23450 21358 11098 6851 1660 16785 24415 26650 10646 29844 1503 27711 31252 32147 1703 16719 3057 20549 32050 9808 24162 17652 21184 26090 19319 23977 29382 17405 17136 29272 18824 15505 12016 32153 21822 15113 15004 5337 6619 32405 7620 29158 31000 26489 26885 23059 27669 3358 32296 19374 21641 21960 4400 27683 32599 10398 2532 15929 22096 6139 20761 27452 17253 16188 13054 17328 17501 29174 8737 13836 31881 11223 16902 11957 9464 26678 31843 25250 5842 12931 6732 7381 17308 32419 13120 22750 15772 12868 9252 7592 8115 5191 22620 22312 29668 357 17306 1738 4085 19599 16820 20340 6373 18365 20426 15488 18274 24177 1782 561 5921 14217 27889 15090 1131 19480 28525 8934 23370 17774 23114 11662 32129 3418 26503 8831 6779 25265 25799 12706 29844 18610 9967 25526 605 11741 30182 30898 1608 32415 1147 630 
22037 18753 31591 26431 28458 30942 19695 10145 11740 27962 32281 565 24850 17916 21700 27006 6202 9520 23474 9128 3783 19663 14814 26947 1355 14853 20654 3876 16008 16604 22269 24113 1783 20764 12621 5488 2633 27769 27479 21238 14344 22544 14914 15433 10627 31687 6855 26558 29023 2721 24548 27396 26221 5541 16775 15511 32470 15109 10524 4141 30669 16194 13834 26056 9538 27010 28002 28520 3198 6953 18788 27776 28467 30687 12834 3911 1604 4000 10543 22356 17095 12216 827 9975 10194 27360 19430 6291 2368 29333 28008 21664 31007 31754 16031 2870 28830 13677 22300 17431 13306 22515 16176 4689 10657 32062 6346 12529 20958 30896 21897 17077 6999 6078 26778 1116 16357 8487 9449 3729 4446 4491 28060 18718 16963 663 11572 29419 4156 17130 16405 17311 309 18728 6866 16173 3033 3123 16873 6699 19222 29368 14712 24594 3122 6286 635 21859 18842 19460 529 32057 21015 14391 8926 17210 8853 23276 16507 9032 22333 16109 13628 24676 25029 23621 17299 9727 31660 15735 24161 379 27040 4695 10523 23739 28704 23599 4062 22728 26582 5211 13466 1180 18300 30567 21978 5499 21559 21027 12726 29433 20897 22159 14059 16626 29408 14515 25224 20405 11754 3870 5212 20700 30504 4074 17350 5148 18012 15303 22178 18852 20848 13549 7769 6296 32014 874 29178 19473 13281 2373 15889 167 30453 3406 14510 20273 13040 10565 2195 20498 31880 28835 24107 1282 23953 22684 18911 472 4807 32615 20629 8886 28787 17819 11706 17736 30836 31895 28737 9331 24295 11132 29670 13250 27107 12407 29186 18090 10587 12619 2837 3969 7164 20994 7320 2717 16066 30473 17139 3783 4072 21996 3476 1638 14763 20610 2928 22311 9977 392 30074 29947 15068 32007 22156 29167 6284 19170 11853 22560 30456 20157 12054 18580 25365 6117 9624 22563 3462 21424 12600 17076 29506 28238 11446 18186 21833 2199 10493 5302 15182 20185 4093 1783 31888 1199 26586 15100 1395 18204 26108 26295 23785 29191 27221 19430 8584 24680 2451 28670 15797 31178 816 11788 5629 29168 5840 26873 25162 19639 3841 12586 13578 18406 11080 17702 7941 8089 22547 30667 6664 3686 22355 7003 23976 4726 13527 22460 10942 17990 32174 7568 26981 16831 2066 18960 15212 9510 895 105 29634 142 3318 16328 12823 3324 14244 13110 31498 9213 187 17543 23500 1946 31463 29576 3946 18163 12561 403 3516 9379 8600 32499 27057 3245 30224 9080 
25192 10823 26390 7947 9253 5547 22433 21320 32317 17855 21420 31106 27193 5774 10012 24036 3681 23629 9836 30649 6841 3604 19725 2860 9064 31378 31686 7349 8398 6369 22689 26219 24684 14956 9360 17567 30739 19014 22409 12775 446 10259 29575 1714 10200 18208 1832 14231 3699 4167 31519 28700 24602 10307 28434 4692 9961 7718 12619 17734 11977 24115 22068 1590 11684 19763 27578 19853 5259 9355 16429 4515 30446 15506 10903 9345 31726 17749 24163 14293 6513 22625 1115 23556 321 25709 25468 13703 32011 3185 16207 18381 3668 251 2260 9646 18238 13876 7033 16720 32687 30956 32716 21961 1828 10344 23116 1369 13348 17679 10854 6164 6629 12778 16933 20724 26010 20660 1368 12202 4641 26058 31126 4674 14549 15225 30004 1022 9045 8553 886 4893 19910 4474 16738 24777 24042 17279 22968 5308 14752 6670 5638 5126 24633 21402 22778 646 27086 15471 19761 10174 13251 29373 26123 14150 8368 9612 28153 23465 8972 3512 2985 181 17172 7056 22187 16373 26985 12018 19616 17220 14035 12958 27504 4911 26205 10041 12122 9954 9726 21214 5213 31869 31981 3295 22633 21357 7629 4582 1154 11110 26917 12356 9134 1101 27892 32551 25461 28 3097 29420 7685 23538 20741 32611 5259 26293 32274 26983 7425 22098 12677 1896 529 28323 22749 20605 24703 17759 27542 4864 12579 2093 10641 20237 24200 4226 25574 30125 27715 9137 12123 5707 8131 25084 17394 31988 17427 20291 17808 23593 4952 20833 2017 26383 54 30337 12687 19791 11677 6700 27427 17568 1313 452 2563 17678 1444 7985 23352 11361 9677 29643 12047 11419 10320 20146 5643 19864 5354 27577 18084 28979 11514 22375 9888 5984 26250 4142 137 25397 230 26089 21409 21207 12076 1154 2223 9243 6977 13548 6639 22356 18745 23061 21084 28921 8702 22243 12228 16319 13585 7896 29538 13470 31176 10256 10951 2797 13469 31383 5287 25172 16657 3463 21228 3937 19905 30019 6520 24135 17984 5786 1711 11699 21939 19746 17045 30964 18265 8591 15725 9998 15603 15225 30143 1583 4245 16769 27097 9241 1604 28449 25959 28498 4296 18401 17608 2245 13955 27202 2217 14837 18620 31962 14998 14925 7375 15252 12565 808 31172 26483 18296 19113 22785 30744 32362 27676 16120 13458 12281 6699 24628 32236 2354 10492 13632 4128 29644 4547 14893 8702 8719 27766 29216 6985 7602 18603 24466 29021 31646 17525 3702 1010 13054 23916 5334 31221 
27515 3096 30526 12539 23820 23890 26200 24646 27903 30853 26540 27288 18456 1573 18933 1446 28233 28703 816 30539 23671 11066 32431 11945 19011 18700 16838 19799 22389 12419 18850 3708 23527 15868 997 31660 12207 21661 18335 12058 29611 13129 21654 16080 8443 7943 17272 17999 11473 14751 18869 9409 21004 23238 13780 5739 31806 1154 32687 14702 25744 21083 8260 17095 18771 21000 15831 15410 18808 27129 9830 31679 25738 10428 23121 22377 9416 27481 29496 25954 7681 26095 11016 4663 22130 21437 8077 23241 18905 27503 19641 18846 5775 23075 5184 14112 2851 31872 12172 3788 11095 7997 16762 13129 10770 12434 18350 17355 11903 26216 22869 16202 29369 6769 13729 30752 7416 28156 14239 22858 21064 7659 27158 21374 29627 31073 16901 12467 24839 10302 16624 16397 62 1773 21856 26537 17898 23653 23368 10771 25783 22968 31977 29675 23737 948 19386 29702 11883 4949 6752 31348 12508 13894 30992 19891 3736 21756 953 31108 29494 11476 22772 19909 13728 31818 8644 3970 8487 29199 22972 29681 22013 26238 21319 26287 18461 19790 15165 6488 22933 4881 5631 2515 21150 1657 8734 22195 27470 9797 32274 9792 11044 4433 28213 15392 5790 32537 29569 17373 18094 29300 24882 24451 2656 2119 31528 26059 1010 2694 9885 5578 1480 18596 3704 1015 6183 25984 22472 24573 5491 26405 20042 5102 8155 6142 20060 11318 25969 6794 22437 10513 24839 14465 15716 25527 31461 8385 32392 23028 17845 27146 27284 12829 29983 27475 6632 13940 1011 17314 10300 30040 25900 21029 32719 2586 3426 19793 11356 25297 9213 26177 12533 4681 27658 13787 6622 2184 30656 27678 7810 25426 20613 1752 30992 29799 12307 10800 17288 2394 31071 15464 17595 19339 8102 30161 29391 6714 4329 9109 28805 11045 23604 569 18040 20470 18831 11693 30064 32472 27472 26308 26412 5280 24569 8675 3359 14304 13209 23246 15726 24705 31368 31841 31525 10585 24312 18308 24033 24637 10935 18096 13154 18807 16588 17511 15221 6955 13785 17339 17110 7635 12600 7575 9887 30407 27187 3073 23018 11661 3925 26215 7699 15408 26431 29068 11938 16140 9552 4350 13747 18554 22995 5914 14958 10255 20659 31640 16694 346 5186 25523 6641 30890 28294 24522 2768 2218 10038 20315 3874 10976 11295 5672 2252 15234 16495 23100 15552 9839 18920 16297 14830 21517 12185 7256 31720 3116 16037 23582 11089 9811 2837 10634 14623 24783 20056 25455 4863 32676 
173 22430 14496 27092 9218 28613 30281 19296 23112 7789 8875 8658 27561 5530 23857 592 13081 1550 21246 22136 29630 5492 32752 11574 21113 11184 30099 16675 4374 8144 24336 19649 24513 11530 23241 25554 26332 18883 4722 22725 24495 28645 21251 19591 32147 12802 30071 19038 31342 15110 10291 1373 16083 28512 22708 14826 27613 2771 25939 15454 17528 16722 21795 14492 3541 26961 9301 1276 9170 27872 25711 5258 14062 20382 10486 12555 16367 1683 29297 2910 10542 5354 16874 21978 19067 15200 21503 27535 25157 27064 16663 2003 26109 32273 15421 6139 25147 32438 21860 4923 5363 18078 20224 16489 3210 30197 24410 22256 18637 6806 5915 7255 32744 25980 8859 18971 11605 18230 26277 27938 19164 29316 20537 8750 12342 7204 28456 20085 26728 32342 23616 24434 29310 24436 15884 8167 2167 31706 8063 20110 15645 14862 8706 22849 23430 10399 4835 20406 4323 22928 24285 9180 24060 14556 6838 32112 25069 11050 10817 28015 27613 1833 30344 21802 26286 12997 29991 23972 2868 4352 4165 4274 11565 6233 11038 4539 10369 10413 527 18299 29874 30873 12117 14804 24943 25368 15982 5214 1315 25188 5978 16147 23214 5017 13137 20335 16243 9780 27367 26290 9465 29657 15144 22069 26072 25993 25450 24087 17976 24413 8133 31952 7606 13403 8664 1539 12318 4298 14635 9142 16558 1192 16215 26347 11740 2088 10337 25551 15537 6806 22582 32443 12381 29855 15058 12544 16002 23594 27761 9813 24766 26058 32074 20954 14851 2109 28203 10062 32724 13558 3956 7555 2939 4087 7890 10003 20757 27828 29687 30547 17658 2295 18353 6203 6357 10286 3221 7730 27594 32279 18311 4290 8399 18098 9927 757 23014 10334 22846 30611 14042 5498 21826 6521 14566 12669 30509 4858 24495 22749 21619 17773 9216 3610 4552 22105 14018 12752 4361 29098 1824 10859 9558 9943 28080 2356 32306 1682 31586 24776 23040 2053 29379 7558 14349 23030 7736 2906 29452 26953 4986 30907 27078 31185 17241 3153 31796 6329 23082 31397 24096 8038 15130 26523 30679 32226 26032 19057 25480 22584 16106 13981 16603 9783 20414 31379 7926 19059 19631 19693 6557 3020 5731 29312 10646 27539 24684 24029 28082 6004 24971 24590 25438 32539 28000 22473 2134 29401 18722 24525 8875 355 27003 7418 11978 30481 21839 18929 7603 15623 21764 12440 14075 27790 10263 21716 22203 25040 18676 14260 9870 24944 19233 14045 5892 19835 3253 28668 535 11541 
9849 12102 14836 11910 11555 15954 17033 7996 8165 8826 31444 1311 7182 10767 30902 25051 18069 29716 15728 17199 14615 21334 25442 5452 21658 14163 11598 16145 25496 17582 11763 25518 1156 2546 21633 1602 22182 6866 2854 5755 9788 8282 1620 16580 630 3178 15868 32601 30899 5384 20978 20458 27102 7105 20453 8602 28840 31737 30959 12413 16595 2506 11468 27642 23438 1804 20219 16211 18773 7110 13842 23783 7598 2759 15561 8553 29100 2590 9044 21599 20232 17970 7867 16459 3970 3749 24871 19364 25942 23019 23172 4036 14899 14722 18020 7156 14064 21570 16376 29002 23588 6776 6226 17855 32606 9897 24420 28958 18439 7658 25156 23779 13476 31533 21555 29855 9436 4810 14191 13069 17404 20246 10476 13223 13879 11086 4443 23460 21981 17084 1093 2136 32519 13920 26611 18451 23788 18203 1532 22219 27902 11363 17073 14936 3810 17348 26805 5402 31283 7435 14932 1878 26973 24951 1096 27891 19275 19795 7770 19607 20840 16108 21433 23341 21894 13669 17008 21822 14380 5429 12973 25735 25337 28517 13121 25907 29970 15802 15583 18863 4300 19911 10858 27394 19697 25818 7279 28587 13681 25276 31042 5552 19714 21169 8685 5504 22067 1070 4440 3711 31703 31535 6479 29597 8556 6627 8642 9821 31014 24948 1723 2219 17106 5637 15390 11462 9325 3158 3587 938 30054 2547 12991 19295 29 3847 15743 30550 10031 12741 2395 3049 6250 2148 11386 3399 24 5232 336 8483 22481 19323 349 4825 22615 5579 14080 19556 7583 18085 10165 28368 22192 31792 17111 18258 4286 10936 9680 7759 19726 26034 30525 10284 5707 9760 15515 19367 3991 12589 32106 6162 11245 23898 6361 17055 9342 18262 22590 11889 9468 22909 25482 14504 25202 7690 21291 11379 26885 3333 11156 9704 31172 22599 18009 11630 21815 30437 32512 28784 13615 13956 22088 14933 13083 19370 24741 2821 543 768 17789 14260 14840 30247 31065 32189 13096 27982 18503 10111 13448 15703 28510 12399 5527 20340 7385 5317 19459 7451 6083 2936 14626 29051 19956 2335 27901 14598 6465 2476 12909 7864 11039 18925 21749 17988 27946 2935 5202 30629 18955 14069 5725 24433 27792 31088 1011 4127 1029 12129 1569 8074 25113 23544 29261 818 11974 15653 4791 2905 25345 30854 8713 8698 27960 6693 1641 15317 29624 18747 6333 1899 29081 30287 16819 27044 27878 9039 2309 2590 14979 13721 1222 5265 25825 13033 19523 2487 31307 11891 
12293 28052 6788 16425 15956 1689 28094 2357 18481 3433 19457 25161 476 9753 30486 286 14960 28457 19634 17386 29944 28363 3847 546 21226 7889 26649 12379 6444 3748 28667 1382 3546 20545 21534 11790 18248 27202 13717 20537 4517 31293 28531 1431 4400 2670 25707 26714 18351 3910 32386 8479 32417 26912 10612 11642 13715 4477 20897 31705 18963 22376 366 5341 2600 22592 14471 717 4276 29282 18604 9247 5444 7498 20026 15092 16516 12999 6414 9556 1131 1825 25749 19155 31446 21037 1796 31335 13910 24728 31243 851 27692 1622 7768 13790 12058 6235 4609 11758 32444 23549 27611 21878 740 28153 2936 9583 13316 1507 2886 28566 11708 24087 16328 3941 16127 11489 13402 14301 3127 8681 25767 5957 24131 4366 28925 17167 723 14033 20141 31615 26021 25525 29227 10947 12818 20238 20355 17734 32268 24988 1191 12756 12692 15874 10240 26763 5176 8228 3756 775 32026 10663 25169 26757 6329 12081 5995 30302 17479 26310 30100 10049 5191 28782 27323 32565 32309 27991 9403 12745 18867 18159 21832 32510 11529 15737 4684 15320 5282 23973 843 30473 26641 192 2665 19293 686 27666 8753 28097 30098 1699 24763 19254 14959 2613 179 1715 13661 17098 26012 13849 13850 2768 31217 15871 2454 19524 15927 19196 4913 20826 23661 26327 16328 21594 2874 9666 29675 26161 26500 22570 26227 10747 30829 20953 29300 9584 14546 28667 4269 8551 10 27653 18597 28032 6849 11676 28070 13471 4560 15876 19051 26681 22233 26291 21906 27412 1277 23347 31745 5137 4440 9928 7427 26822 15412 7405 30882 2574 23943 5981 15999 11063 25511 22093 15182 12814 4360 7936 22115 13293 20984 20115 16174 29047 688 15014 5522 15525 24696 652 7329 1671 30241 26914 3517 24784 15490 22730 31136 26723 11551 167 19999 13362 21060 15114 23818 17153 30202 17106 14995 23446 18556 23931 4484 22924 21353 31459 11143 7518 28388 12842 26727 6852 24850 22175 14059 22527 14773 25382 10527 13355 27740 1280 17389 22163 27267 25634 22642 21641 10461 2867 31856 8085 5697 31106 3768 26474 6426 31847 70 14334 2246 978 20635 17362 31047 18476 27625 4085 19007 12481 32309 11581 31589 27533 6583 8132 3068 11618 13523 26350 6587 10117 2497 17266 32399 19257 22953 9951 532 14297 27563 11319 26351 27030 1032 7100 27915 27204 29053 22315 12013 6930 21615 14024 832 10734 26239 8235 20569 14549 31891 21567 20859 31273 
31825 352 30159 11352 701 22177 14581 31304 7722 7049 22940 32164 25877 8950 23197 20995 26358 1140 20421 1882 18044 15582 6432 12490 17941 23991 30558 22253 19364 2884 20567 24701 15976 958 12704 16199 9379 10447 22569 17495 26120 23321 21737 18417 12985 6342 10206 21017 24755 13616 18803 15067 1831 13681 6982 16324 15216 7711 17132 9978 17092 870 11786 23592 20700 485 4514 17628 12164 15030 7428 32697 20276 28130 18270 2778 23878 10957 31751 20372 13850 18828 1117 8596 20638 4079 12943 2633 31037 26531 11604 6068 24527 1698 27630 25218 8547 19822 16889 22694 25211 6077 18406 15332 2666 14582 17602 5445 26836 13203 21500 25 8192 7163 1667 16739 9802 4269 28922 31316 3002 16696 14837 26396 11678 1764 16488 9071 20476 26016 10656 19922 2182 21731 29247 20378 13409 26988 29038 5033 14144 4967 3842 12874 25676 11409 3260 2869 23874 27721 16141 4395 21517 19980 30844 13445 16058 10786 20990 20047 24352 15203 10286 25603 7846 13267 23436 10366 15960 23749 15213 14004 14630 9630 14990 28560 21882 6808 27092 12935 14209 9182 7417 7385 19661 4852 12065 29633 10412 3362 18239 22349 7699 22325 529 12934 12189 14665 21374 11680 20331 19685 24351 1776 8548 6580 1751 18910 18108 15865 18315 29674 8439 7016 31583 18452 19293 4454 26225 23634 25859 2687 29311 9625 1071 27989 11056 23870 13503 16904 14150 18540 24263 20565 19845 16528 12812 12540 29729 20176 21509 30093 21436 4468 18580 15883 9241 2517 3979 28384 29567 14028 5762 25419 12099 7569 19512 11824 17634 19906 30956 5523 19547 8546 26347 23019 4228 32125 13150 18758 29068 20054 13219 9456 11515 31278 29169 28945 12145 5831 25095 16961 14066 6567 28666 14687 11238 4689 18484 21549 4368 9958 31069 18712 19457 14883 4783 5716 17221 2109 20986 12510 16364 31524 31261 8979 10854 9364 10864 1178 16474 28061 11182 16596 31158 31754 28387 30706 23549 28567 25483 6508 11388 22998 16233 23584 30672 14644 28688 18634 23319 12350 7486 14737 21381 17281 5210 7073 1809 3575 2872 23406 3557 21115 22000 4484 1254 27660 13054 30318 18685 15663 18188 18534 15560 1219 13132 23016 20518 29675 22192 1681 22461 3830 22540 18289 8865 3486 21357 7087 6961 16828 18444 29196 2870 1486 1270 4499 10771 21578 24453 5405 4707 9917 13009 16384 997 9327 29925 30080 9215 5404 19593 30351 30258 14404 13958 31822 2289 19139 
15896 20647 2076 21237 18798 9422 2978 3594 5436 5407 32471 10334 16836 10043 15348 28687 1093 14037 14693 23904 10789 16847 15462 3795 1500 8532 27349 12816 24369 5986 16235 14553 15061 2691 11731 26889 26125 29448 12326 19140 19687 18405 1618 13262 18235 28842 15258 32223 26133 9430 11388 31488 28181 9245 8875 21352 3914 2683 9606 9624 3469 25266 28380 18949 30657 8096 28749 31601 6870 18272 11017 18885 8509 8763 30783 17199 12093 22944 23721 7281 18191 23069 14940 8610 29266 21795 28336 9742 8810 9391 30055 6714 11107 12227 8514 8942 18501 7980 23882 4199 11282 26295 14894 5227 12847 19375 6672 1449 32110 15536 21547 30507 21369 14573 9189 29925 23806 19952 17699 21213 30849 16256 22542 10377 31050 30264 29507 24164 31108 3178 6553 31088 26744 11345 17352 15413 6784 17230 10245 3746 28215 32170 16140 18347 3233 2302 11570 16791 11037 27527 23656 29041 15667 27227 21678 32417 23036 5539 3545 16758 19440 21469 4229 2026 22711 27739 1250 6981 20217 4929 20148 22408 30058 6673 26754 27580 10099 3798 30697 30982 18652 19875 20522 23306 27417 31109 23192 31495 27215 21261 26570 3488 28152 15753 7904 1763 32554 19737 11944 4131 25273 19416 28429 9051 26472 8767 23073 25711 21586 18448 6076 19275 31603 5113 17133 17116 3938 28441 29498 16439 26268 21354 23331 11248 11540 24383 6799 30492 22526 30873 6818 12583 12218 19876 26303 27973 14295 24807 8330 22551 17066 23284 24032 13298 31764 13275 24079 18460 17959 11249 11108 16394 23316 26152 20150 28955 22132 26975 12773 25484 627 32181 27177 3911 9005 3254 6226 14684 13356 5175 8381 22930 10678 19299 25957 17613 9751 3273 11191 3378 26409 14644 19633 7889 21802 1764 31281 11080 9375 23386 18250 29327 9597 8791 23579 10778 22625 528 30497 30665 20938 9689 4826 22870 25642 26275 8206 9604 26869 6181 10328 11240 14977 17549 26657 10349 24827 25445 20174 6243 22427 30288 226 28840 21184 17756 31266 14318 25859 20308 1572 1440 18648 29097 9893 13307 1179 18493 8822 27298 23470 8314 12978 1413 9160 12251 22305 15876 8216 20907 3777 20176 5297 9471 23484 8332 22203 6833 32601 22545 19295 22923 7504 23794 16481 29253 17787 10549 30915 15274 16977 29244 3739 21761 678 16118 4842 31756 17848 12899 25221 13820 16482 11612 21634 24937 27670 10252 2578 6952 2223 21784 17034 13867 11008 5486 32521 9889 23780 21035 
3455 854 29892 31738 12133 7491 3829 11623 18281 31243 5912 16598 32400 25858 32275 253 20219 24816 4865 10432 31621 22054 12839 32105 10538 3429 22269 5214 19185 15002 8742 5449 9376 24727 24083 6928 8502 411 6407 20716 2859 1478 3436 10005 2475 14134 16604 4285 28195 3676 21586 23116 28551 10994 21299 12919 13648 28711 13573 2124 32178 16830 13882 24080 30926 23946 16604 7578 16152 3171 9974 28719 1366 17939 4117 8964 24752 25882 19226 7441 32606 30272 24139 14179 25888 17075 24123 26216 3770 24255 8641 26219 1295 24737 2327 1547 6816 21997 22612 9214 25971 3170 932 9603 27647 16036 5576 7487 26597 25790 15730 16561 15804 24065 30087 10229 7155 1659 28920 18468 19046 13184 11206 86 3272 4352 2510 29791 7584 15538 7387 491 19450 9530 14783 1193 18670 13013 6174 13183 11758 2976 12183 24448 20900 15888 23784 8183 15761 19071 6611 25824 28950 20596 850 18826 9703 8693 15032 2390 14630 18644 29985 24538 7944 20170 12444 4853 2355 22895 32022 29401 28286 9543 28628 31851 16179 31982 22390 830 25845 11731 11924 16805 31743 12213 30903 2447 20910 11958 13413 9305 23127 3156 30028 24712 14647 466 19076 13522 15660 32508 1182 27901 26622 14343 5720 14861 13944 1991 29249 22025 28862 18879 12385 24431 15019 23699 4904 7175 474 19053 220 25336 20996 15321 22515 9779 8755 18802 2450 258 2099 961 23428 8250 18193 28595 11589 21269 14326 8801 18505 2239 14731 7194 22331 24702 17532 25317 8684 10501 13347 23428 12232 2676 5050 17713 32040 31377 15325 30515 2473 31891 20377 14608 12816 26716 15008 28005 12226 412 26916 24567 27647 26099 27492 9768 12351 16055 24907 11263 18307 30633 6543 23039 13386 22046 22024 22542 8608 20173 6081 32241 19194 32705 28339 19805 441 26186 24803 3251 5438 14688 18909 15136 7194 20680 18295 16042 8339 22478 12821 6515 31430 27133 14137 23039 12471 15369 32334 24978 29570 16109 22199 16421 17811 12081 14638 18852 19967 4559 32576 22983 10586 10503 24826 31214 5781 19768 13727 15595 10222 24869 2070 25241 15448 23695 13329 19627 22865 20473 15028 15423 30392 25560 12717 17385 16485 10934 32611 24874 3953 634 29012 11306 18322 14551 8581 1872 22661 30943 23907 9938 5559 19923 3188 7149 13497 21904 17957 29597 10783 14348 30199 13221 3331 14202 18259 25429 21807 3489 27055 17080 1940 2250 27534 24154 24672 8163 
31324 27071 7299 25705 24364 3280 25727 32438 29785 15127 28942 18621 137 23963 31662 23628 25415 28006 1387 27416 29490 11613 24154 9727 25196 13354 31682 32493 21779 13330 22801 15113 7694 28921 21049 5785 11605 14214 19369 21023 25494 14838 22330 23061 8821 14627 19216 13379 11894 21216 21751 3546 21374 14855 20522 6935 31997 13891 13215 2845 5623 925 7959 25723 17054 8043 11079 17514 22 13695 32294 16661 20774 5564 7021 23685 26880 8074 23932 13604 18343 28294 24727 27528 24917 10250 19151 20316 9084 25062 27265 6815 19903 485 24248 6889 23218 5804 21063 16689 22956 31405 26272 25847 31201 452 2819 31034 8936 7948 17859 515 19504 30015 30431 32382 27927 4322 188 32491 30004 14607 14591 24865 20655 22581 26228 27889 9873 7183 6399 32289 14540 28863 31779 29750 21502 7907 10014 31896 19029 9810 24398 19251 3131 18699 4944 9668 23887 5123 4206 19593 3762 15072 16792 8302 27574 6601 18515 30256 25556 26144 27312 3301 7754 17228 25241 2357 981 25828 15840 18242 31981 8552 16838 27304 26380 31404 7441 8440 25424 2512 3598 25404 30863 11987 31135 11308 4913 32678 14343 10381 22316 12582 23097 23743 5404 9841 15053 2245 18564 24526 19879 26798 5613 26165 1682 3713 21486 15171 7329 18065 24947 28333 17 21913 15958 19771 25659 14644 18504 8260 28962 21663 10202 2176 27599 21128 24137 23715 11487 23794 9222 26154 10996 26521 13418 25710 19075 22122 22818 30432 1795 13692 4101 19825 4713 9566 2916 17141 9372 10719 7390 6969 21078 19681 11513 11289 4956 10811 7460 30184 21485 32408 7665 27357 19045 24864 12204 17708 6863 19055 11209 9641 7152 7097 10980 21526 5853 8880 20885 11756 5174 16710 14644 7796 3795 4796 8632 28224 4450 6227 5699 15756 19500 31468 3212 26466 17414 18 28948 26615 15720 11145 15074 6892 25056 23244 23120 23219 28867 12709 3890 20444 5348 5318 10385 31303 4022 16122 11925 1132 29521 10263 25374 4544 27976 19123 11923 6119 32440 23554 31515 3884 31817 8474 3188 975 27821 4816 3328 11906 16282 9490 3797 3666 32011 7236 5942 4713 25726 2606 8282 30945 11768 18689 7170 14973 30108 1905 24781 2578 1054 6432 11262 17668 20325 27164 21091 16023 8590 24200 24985 24064 1513 26812 16640 10504 2478 10460 15348 7058 5952 3102 12589 30690 31261 27777 5953 20072 12075 11462 18039 26886 25301 10031 7531 19930 4115 29244 
22597 14457 30272 19814 1418 29222 26266 13239 21052 51 304 15443 1194 9179 1120 22939 32548 16906 24977 20144 25931 26307 12543 25741 26093 30112 23361 912 32436 25514 20775 8396 2136 23369 30612 13636 25435 2083 27371 10683 19253 22278 24003 31754 23152 2137 8569 17582 23355 32745 16414 4200 16117 25647 21269 30481 31543 11228 26663 4823 12600 29411 28728 23954 8665 2971 6814 12107 20367 26429 29567 18644 4363 9659 21891 2808 19575 10758 22275 21563 29061 8701 28631 30617 21375 20272 24696 10951 10398 9330 24008 23992 4242 11411 18702 11031 11021 25847 2286 14879 23223 24360 27707 4427 31718 2998 32411 16192 21210 15931 13936 7516 9164 12917 9310 10874 22892 21908 1471 5363 2215 7145 11405 23503 25467 2743 10679 2321 3901 12715 32106 2161 25570 9457 12173 22407 2302 5741 18700 17450 15848 13826 8663 13294 25650 27412 13474 14534 8579 5505 31871 29373 13979 6781 15817 21345 14109 17715 3852 23042 31488 17298 19191 13941 32100 28857 21317 23999 16890 22887 14882 5027 13074 11672 14057 2077 253 21264 30374 5307 23355 22480 9485 23567 14917 12522 13115 23796 30376 9329 25686 23172 15794 12354 19065 26845 17581 19228 31541 29148 20839 25584 29354 25680 31826 19449 9936 17813 4239 8537 15306 22630 23712 7685 26961 7456 29996 23051 21170 17287 1693 21674 9085 3206 17872 23017 27254 32071 5031 29007 32628 25861 10894 14472 20772 4709 13211 1530 30322 23268 8427 25604 30270 25679 20409 32434 29008 30418 10197 23059 2374 3546 25711 154 13799 2240 27614 30886 32221 25790 27759 11531 5779 31243 30604 14817 31074 17523 24771 2003 27301 3053 23552 3001 426 17457 24367 15429 23483 3448 22976 22091 12566 9665 16053 31206 3004 31763 17265 8821 798 25983 21653 28016 28868 15293 2722 32258 21340 17379 29773 26547 3785 342 19840 23642 25460 20007 24785 19519 17865 9287 8924 12261 29064 18141 25620 6344 24355 2736 7704 15007 5284 12265 31026 32516 7495 10612 2581 17006 11993 24156 28446 5289 12330 5995 10978 11522 10118 501 20083 7891 19161 23910 3692 8324 12084 24556 1151 28808 18317 5336 12636 20182 26677 9454 20948 17650 29276 1465 26850 18331 23703 32380 18559 1586 16458 24821 13065 13519 12740 15457 26880 31709 18940 30070 32141 3833 4412 1229 15178 2571 15021 9988 29084 24115 7084 11448 5515 5689 13329 14532 31502 7659 19362 14554 24873 29472 18307 2740 
23310 3369 10344 18757 18539 16711 28033 29526 11234 26627 20290 8109 26141 2093 28058 9608 13406 10287 30648 1195 27362 6873 3761 16247 20469 11460 17776 9431 6353 8870 1359 16597 17726 3238 192 27503 13929 31371 11011 15729 11028 11828 24478 14003 10107 2489 17436 24668 13968 23433 967 28393 8387 10175 14076 19986 3309 25368 22528 3237 27827 31064 18316 29513 5982 21997 25746 16733 4483 29206 22821 18988 13001 16035 2991 3725 4153 29192 3028 8818 26521 25780 21787 16716 21167 23521 3981 9040 30419 26542 13247 12446 31741 9690 29925 8974 4784 29581 811 2613 11354 2743 6045 22333 6862 23394 24441 5810 18894 22172 15543 23267 27862 13421 27311 3602 19926 15072 6642 21308 3623 14038 6929 23257 10361 13445 18177 17416 12879 9355 29105 11545 13107 1812 9738 4102 31728 568 1351 32522 31523 2486 30931 22706 20646 26035 21946 13768 8665 4686 19985 21267 32008 16943 7948 26281 23015 25891 23770 25416 7130 20552 31671 6467 28604 6170 18950 19311 22709 25306 10803 22410 26331 18612 19318 29116 7979 8090 6272 14887 17443 22904 31445 23724 8383 13647 5969 16095 4732 19347 29361 13204 32498 9291 6624 2179 26976 8565 4660 13079 28711 4148 27389 20122 20808 15604 14177 28353 4427 21674 8039 26400 2811 24298 25407 23299 23467 2588 26485 14917 27107 27012 19353 9913 27871 12751 6288 11907 7734 21181 5722 22792 26007 30425 9742 14240 8272 21135 28218 17141 359 26210 20219 8603 28654 5641 11624 3227 5857 27881 25158 14076 6149 8645 29982 8063 13412 18659 3571 31835 19494 10367 10005 24888 9181 16653 11666 27846 9534 6061 20602 24608 27291 7817 8243 4179 16960 16054 28174 2559 31949 19974 30634 21562 20288 21961 26657 20371 15284 13195 29176 18107 192 5090 7859 22318 27352 14819 17896 29170 19734 5358 30123 15024 10755 21993 27217 32602 19043 4941 28720 29217 13669 17066 11324 32589 10798 28711 8083 24828 17402 15817 2909 30699 20065 17330 3450 21831 29352 24876 18111 26459 9105 26921 9109 13517 6927 709 19833 26824 23627 4208 20747 5555 3641 20027 9172 11088 26470 18374 12184 23905 2370 6987 5192 25851 22099 30596 9784 17623 30394 18592 11614 28793 1024 10506 15370 3856 4039 20315 22758 28224 31856 13112 32721 10569 14233 27616 14020 4549 14865 12657 2853 12928 29857 28995 4646 32667 23475 30090 12867 18238 7351 29417 2901 20696 15183 24402 4504 388 
27347 21675 24981 28428 18622 26723 8969 8229 27722 10255 31252 30384 28559 11381 31126 27238 28824 9390 4510 30753 32544 22120 24819 2036 6783 22196 3623 17914 23729 754 3789 23626 8193 28924 29709 3483 11481 24650 28976 9351 6872 26313 10580 26762 23266 1561 15099 30222 26219 6831 17519 30010 16877 23813 25007 21813 3074 6515 14974 14783 26641 25534 16494 20822 24249 12588 22611 28324 25121 22942 24855 24037 26003 14219 17671 7358 31966 13421 2029 10038 31251 7022 30127 6717 18494 18499 25600 14580 25308 28589 28371 20323 6941 4863 6212 4734 6990 22411 3876 20772 31065 17388 27233 15061 9817 32636 8419 13890 7819 12854 9384 11807 31442 33 51 10676 16888 20434 6356 30420 933 8569 1168 2455 19737 9781 23234 4961 25994 10448 20594 7762 20387 895 22538 22560 9848 18358 18125 29556 19875 9164 18262 31723 12020 1899 5500 6294 24583 19849 18406 11532 16618 11737 1193 26934 9753 31382 30414 4554 20894 16318 17584 30366 7191 1327 6439 9063 18425 3066 14434 981 1018 28818 9082 32465 9934 5685 14426 7984 14768 17942 16143 10739 3311 16046 12304 11109 27105 27123 7368 24942 9148 17580 15634 27410 11232 12674 24422 21076 7705 15477 8589 10433 19765 16111 1583 2990 10185 31473 15374 18395 21685 31315 5700 30030 14740 2575 28801 6252 29820 1794 12436 9731 3783 31160 22446 13854 28856 5992 24936 19574 15603 3518 12670 11525 5643 10360 11130 17323 24466 3691 12962 28449 20490 26231 7109 16427 9551 30168 21030 10234 10219 24307 372 23574 7762 26901 1564 24733 5182 5362 8837 28006 20935 11689 21934 11425 1914 8069 22514 11858 27059 1498 29119 6993 3846 8184 12091 21171 1775 764 29806 4333 1466 8319 31669 21493 22090 11177 20829 5936 11095 2027 2111 20291 26881 9140 30432 18677 15057 10385 27160 31161 31933 26132 1170 18226 4646 21270 2309 29201 5540 30631 24366 18659 27734 2371 12887 8577 7315 8001 5873 21382 26828 29531 25855 5531 26362 31000 17560 7052 28453 22405 4762 19276 6633 1773 14428 28528 28093 20797 25045 28321 32031 20707 24902 786 26725 29108 27495 31592 23624 30558 2371 30453 4565 15108 5073 26225 23243 607 8829 29937 23680 5697 10334 4546 13578 14651 21010 22377 11885 10822 19688 22149 28413 22440 1269 13726 30817 30838 17344 20893 21088 12196 27181 6434 32382 7620 30555 19793 18803 9019 1582 28547 11822 23178 22556 1818 
13507 14060 9489 23193 2615 6742 20817 22989 31873 552 29619 14364 1341 8019 4049 8773 14181 23165 31750 17563 6969 4077 5409 11881 32046 28521 7576 32003 31120 8133 1569 21479 8253 20556 7854 28415 11651 10296 24023 22249 1632 27340 26852 7758 27946 3542 13693 15950 30067 31266 20203 10541 31060 32461 29053 20926 10496 12731 22625 12770 14262 23118 30246 29060 1926 15679 30843 12400 32070 29327 1022 14978 14359 30817 10511 25331 15655 17993 17905 4275 5551 29810 13912 11058 3556 21337 7630 95 15987 9661 5418 19177 28356 25583 18483 28078 3111 7976 2283 27836 25554 27104 2936 25209 17899 25209 10171 32700 32620 22486 26061 15110 4818 18467 12938 23905 7881 1831 15400 32330 4651 1696 14896 31887 9312 28212 16887 24891 21779 25424 32125 4079 28787 28645 3734 25991 20493 13506 12758 9461 29480 114 5433 13483 10447 15878 1155 24153 29939 15381 6644 32415 6136 25296 20031 2030 142 13175 20912 16836 8620 26191 16857 4221 2873 32518 27430 21296 5929 27567 30482 30675 388 14580 13250 13924 8006 30334 249 28549 9258 24222 28631 23753 2900 26271 18767 25112 20118 16072 21259 5361 31697 10580 31551 8727 14438 24807 11943 6380 24932 21368 22608 4834 12052 15767 31483 22440 888 14454 8201 2917 2835 28113 8901 26031 24812 25006 3323 12931 31356 16998 28181 32076 6549 22673 6908 2951 22619 6090 25378 24094 31590 8451 6874 26638 3615 140 25549 18910 19762 18776 30300 17756 4602 31419 5697 20294 11099 17819 587 30524 2078 4542 29295 18678 16677 20423 28801 19915 23948 20882 5130 28553 19617 10676 12375 3001 26103 16186 26140 109 3499 3773 20323 19253 4815 13028 18762 32278 31321 30860 2989 12136 18756 24890 16806 25270 2928 22865 5582 20520 22043 9392 4341 28341 24700 18276 1950 10187 16626 7707 9875 547 23482 26626 19417 3493 2302 8041 25026 24939 17304 13297 6611 18681 5776 19292 11296 8261 11101 15037 7850 30540 6140 8723 8520 25227 29448 10159 24451 12743 6608 14734 15491 19742 18558 29639 18051 27537 21057 27257 4430 11994 3915 11301 13213 14290 16730 4904 17689 11358 14001 31415 10605 1354 5054 31001 25181 659 6728 4320 18128 15723 16586 14801 14247 25515 29422 20175 29677 15968 27980 29295 31692 15036 29849 2276 30143 20445 23367 7701 29685 21331 3248 31345 28213 32676 21431 5322 3015 27966 23503 8546 22110 21071 23907 19423 25634 30697 
23151 1867 5591 10445 9490 31089 17898 8385 12171 3147 4946 7638 24370 960 26785 5054 15506 16329 26684 12615 29105 26147 27276 25807 30602 10294 25672 4305 10844 10258 80 11407 5398 21857 26527 21995 30370 22461 10752 30149 8229 21859 17256 20832 7688 27058 9922 24074 23388 6072 6351 13982 7369 19999 27889 29862 1642 13728 18777 32703 9811 70 6652 24022 27046 461 32381 5092 27555 6375 7506 7217 8656 7682 17380 16508 27705 26906 32165 16538 9764 7567 17176 27026 19133 8955 3439 13805 30712 28786 28670 1117 21742 703 7910 25191 22138 19802 17136 3445 145 4303 20568 18849 7860 3480 18105 17471 2702 1774 7830 13646 14147 22665 1808 20694 11494 18437 27417 4198 22627 16428 21257 18310 1682 11378 28757 30559 21179 23943 30343 24163 21919 25954 9890 4835 20677 22975 2843 2377 1416 25161 16238 22924 10756 6297 23031 18822 4562 28818 7126 10509 21880 8394 32731 21337 19941 30516 25281 10900 11430 28063 5815 23995 25957 21287 15732 10382 16604 9549 9355 1343 7149 22638 21592 17064 31971 1472 26828 29754 4459 19355 8830 20382 20719 7904 4164 8793 10040 9457 12412 18894 825 11878 18806 25790 27551 3166 27875 29825 18689 18534 25236 26763 13507 28963 31446 30251 29522 1630 25221 8401 27873 12579 17063 14810 23331 4675 255 14411 7624 7253 6454 15293 16578 6073 22744 15461 22910 10929 12729 1131 15109 2466 4560 30085 490 12314 31232 14975 4620 11208 29125 18678 2678 17473 24434 29118 31862 31425 32517 7929 25459 13299 29938 11416 448 12190 31594 27227 14273 8539 14780 26339 3920 29001 28274 84 5258 8447 20163 31557 21030 22922 22005 26020 14557 20562 19813 12488 28522 20904 12710 30496 15014 28950 27594 19157 7 1831 16524 15612 10596 29795 18122 24683 28884 32249 24158 25179 13618 3262 15694 32593 30857 26328 18810 3708 9722 2900 30471 26924 7283 29728 11659 17128 16484 10076 2786 1379 20251 11425 19272 31461 28603 25228 22630 11446 11199 7013 465 22936 2354 11387 4739 27238 26411 4788 21037 23517 16564 25255 18576 17416 30595 6087 7850 17404 18038 13339 23295 19147 4958 16549 15862 3879 10899 28862 24023 937 25180 32302 25536 22360 424 13883 19915 16783 17851 25051 21408 9445 9005 12018 29851 11537 24449 1116 28438 6645 6349 4220 7406 19778 22221 5918 31773 25730 7374 881 28694 7705 26121 30575 7491 5965 20858 30985 13173 30951 
4247 2349 16334 4001 931 15133 3645 28581 14825 18280 25459 26672 797 7204 14820 15269 19649 178 32440 31351 15805 20272 4332 11260 23254 23484 1870 13854 25731 10754 19201 29157 22645 13508 31716 283 18275 19331 4028 19002 18513 6982 4299 6464 13033 4318 20391 1242 3941 1731 15120 1762 14820 22305 9469 12695 24045 28175 25256 8780 32370 13858 31057 19320 3073 19107 7618 15153 16553 20693 29883 30732 12130 31579 24052 15540 16070 13650 13803 26019 7709 5165 5824 30145 5111 8385 20876 28616 9177 23565 842 20943 18160 5861 28980 15979 30089 12267 1015 5853 29620 12265 22631 31710 24069 9148 20393 4457 2848 28695 8450 23611 21542 25144 3417 4548 1715 17842 23566 12794 15652 9419 8038 1535 4053 6455 61 3063 4460 84 1237 4578 12470 26657 18687 3136 26702 18896 8481 24377 9863 1415 30700 32296 981 30779 18033 10960 19914 10605 4889 11618 12993 1626 3303 8542 21568 24312 18298 16536 13298 9321 8047 14580 6075 14413 8734 2311 28658 26369 18312 10458 13042 9743 32021 13989 27302 27568 30461 914 21128 4442 13105 29627 18385 3791 10696 25806 208 27477 6868 2242 12980 17983 14529 579 1349 18393 3602 18948 9044 3074 30377 11472 29584 11501 21711 14496 26856 30324 18437 12274 18354 26013 4782 17431 1171 13572 4786 31773 25211 2630 9217 16011 18719 5464 695 1013 30519 23401 20775 14739 18134 30649 20309 11575 1382 6605 1511 31652 22672 15289 12188 13768 29093 19579 10569 14808 21042 25119 6660 27278 13825 10406 22282 26832 21295 11000 17633 27364 24908 2921 31723 31918 23369 452 19529 31217 9609 27688 5086 6302 24987 13586 9218 14696 22976 8954 32670 7234 26541 2579 5441 30795 27007 3163 11481 7536 19751 23263 21900 15197 28576 22433 7643 2956 27782 31268 25979 17165 10042 29988 5863 3727 23348 14834 11030 7301 23096 28399 30672 26329 26762 2002 31477 1102 7434 3496 17554 9282 21746 8545 5257 4775 9877 22511 28240 29037 28900 6763 3136 11058 5695 25447 27796 10208 16920 29679 13307 20078 24146 9418 32370 11131 13350 16874 25603 28626 162 15682 10808 3608 17851 14968 29832 8338 8202 11508 14983 26390 15646 19739 2114 1994 11687 23690 8695 18248 6843 7909 30062 17183 17006 29199 2378 4138 5196 20257 15783 24401 13397 1078 31155 14537 1382 7371 23003 4252 9249 27051 5762 13181 17074 11719 4126 18829 9051 15860 16971 21760 
11196 3982 13805 23168 26142 7553 8654 18996 12715 32131 5873 3210 3226 29433 4639 24451 17129 11211 30785 12521 27935 2662 10036 18110 13603 12550 10230 24389 12832 29342 29524 15230 5401 1137 28581 19137 21051 7353 18891 4932 29921 8060 9338 19524 26045 24366 23219 20726 16630 604 8946 8372 24325 21601 29881 26738 22230 6796 32333 20231 29358 11081 2113 6606 6327 21278 18946 25149 25955 26661 31598 13747 16308 12976 28952 23878 29427 22215 12833 28138 296 4744 30558 31091 17553 14983 28307 15751 20807 19322 26743 13486 16313 16262 14257 16951 27097 19162 30179 20327 9130 20587 18697 31188 7309 15650 5895 19424 26509 31926 31977 1695 9361 27945 21822 1136 14138 4072 31636 4130 12586 9175 30119 25638 11476 4012 2823 27007 32009 18186 20326 16290 11609 17771 1491 26890 4771 21343 8016 19890 31773 15594 3635 16955 3586 20092 3502 10952 10944 5816 1758 14894 5550 18584 19038 12785 15993 1903 26327 19123 12380 24897 8486 13080 15324 3418 11377 2929 17760 23222 17367 8191 16919 26257 5938 6453 29805 13580 7791 29626 27989 32187 21669 5086 13562 27736 22999 2911 2734 15763 24122 28359 595 14721 30444 13665 19891 19716 29069 9614 30259 23014 21383 21734 16996 21852 30478 19699 19755 21117 3373 20950 29914 18430 18452 17260 30944 24490 5778 11975 9017 25101 29444 17313 21160 25047 5550 29972 19243 31534 24618 32396 23426 7914 26267 31758 17212 22003 7735 26752 20315 28638 11603 18997 24670 27975 16205 28350 19824 732 2329 14102 29141 14669 16402 5176 23461 5253 25385 21652 8831 20939 15433 13304 10788 9769 28886 26336 12506 4878 26669 27823 23632 23354 9028 27491 404 4025 17274 19807 28230 3703 7534 3866 19403 19717 13099 18185 27839 9064 4290 22356 1610 17102 22438 29478 3848 15003 20547 3617 9892 19412 32422 2321 9492 3692 20575 20347 10208 4654 26934 19834 13136 6291 9126 27529 2041 16552 26532 29870 31905 31031 2604 24076 30102 21178 1923 9940 28242 7209 15280 30897 26171 30849 27087 19299 31564 14803 4906 3033 14188 24761 3594 29661 15679 894 17134 31041 29263 13069 9337 10297 15276 77 16312 6374 15120 17735 18613 17446 2230 29351 13170 17126 12705 4218 30458 27450 30624 19072 7915 4008 19 5138 2603 11492 22292 15877 21827 23476 2310 24666 14305 11708 20544 21006 12287 26427 8725 31769 3558 5753 19234 29169 24472 23662 10219 22771 27406 26181 
3881 25064 29186 24556 13044 15052 20240 12001 6883 21763 21342 18757 22453 31791 2751 28498 10243 9593 25390 27443 22361 27991 29876 22154 9541 32083 16224 6641 23567 26500 7369 28951 28790 17817 5456 25952 16008 16539 11246 32619 3878 15851 9194 26791 29858 7316 9354 25797 12411 28073 10849 6105 22022 28073 22421 8718 17545 19613 22512 31915 877 25589 18569 11719 22139 10585 31664 30019 29631 17590 10637 29649 9648 15836 18996 11231 11997 15542 19799 32311 18989 27785 18411 8724 23001 17935 5300 31254 16207 26330 6892 5480 31460 20738 9074 31041 21116 23173 24460 19239 18977 21903 30411 7724 25129 22431 14085 27374 17619 7998 12956 3103 26533 29428 29803 17695 23417 14929 5474 17681 4515 7911 3012 3231 15143 3560 26565 13640 22740 5730 9844 28604 19447 30899 25222 1914 25428 23000 17620 23209 19383 11528 20091 31745 28697 89 19376 28847 6723 30449 23651 12857 21469 21105 30981 5243 23244 12477 2257 5798 10218 7313 30827 23594 18451 23034 13398 4627 26066 9686 4410 16814 11848 31460 6042 17219 24178 15199 14619 21237 16934 28417 19327 11360 2527 21242 12984 23922 11813 28761 20212 1383 23199 21922 11023 3101 5451 15330 12226 14776 29935 23758 6312 9361 6802 17557 30769 10556 2950 27042 12025 30703 28591 4935 20143 23799 23143 3726 5133 6988 28305 30847 18967 22352 27536 10693 24784 25562 5145 9057 359 8842 18288 29841 12407 24591 10515 11090 25793 6850 27893 14726 21754 10925 1667 15588 28570 31556 15826 13644 28189 2055 4131 184 30955 8807 5075 26884 18441 9947 26566 19785 30667 20716 22682 23463 9456 15037 23741 6876 27453 6118 10993 22511 4773 24335 32726 24586 32072 8350 20369 27972 3674 13126 32214 21146 24261 3195 28705 12304 12237 6416 161 30518 24052 12384 21064 7353 14160 16426 1353 18847 5705 23173 15165 1997 22704 32424 2463 902 10787 16422 15275 18973 10259 7705 3659 21553 12476 20099 9249 10805 7378 6662 7551 20771 16624 25091 5924 8338 1211 7972 27320 30367 22620 21708 7382 12868 12811 9403 24074 10771 24329 30247 12616 9776 32243 28951 13887 15574 15071 21312 28681 13776 31967 28627 2380 31077 16094 26933 19004 8546 22300 6433 1636 23721 18029 3047 31571 14306 24321 10495 18628 18326 15245 14349 11003 16541 14197 25935 2912 27672 11949 16519 5438 7036 12290 19422 29713 10833 23033 12445 17928 30544 10408 2463 3526 32749 7238 17047 
1214 17421 5652 4395 22471 2955 17926 16002 1574 3470 15447 13571 31568 1974 27831 28305 8864 27098 23229 23208 2159 14712 9012 8310 24590 11105 23875 30237 22277 15374 1612 17039 2287 22339 29882 21529 17857 16465 15600 21028 29821 6167 11416 30226 7535 26419 30180 23594 16356 11108 20670 3595 4004 19606 28963 25176 12594 32764 25212 11724 16688 23192 31772 28852 12667 19954 32427 14408 2044 3359 3597 14215 25355 16581 32628 2614 21841 4330 27253 14493 22777 18709 10008 28779 5175 12358 1553 20222 8054 18626 26142 28720 8419 5161 19325 8033 5223 20405 23708 4526 9316 25448 26969 6666 28201 6637 21762 7125 21960 23580 31973 32065 27257 26488 21737 31081 1393 24318 28833 2351 27050 17061 10547 13547 27099 23587 11035 13609 26130 8142 14715 11141 13845 23847 15200 17533 3366 9617 20073 23397 31202 9020 32280 16258 13047 25515 19229 19296 28736 11342 25905 21645 98 26873 8702 14863 32142 7517 3613 10215 8455 7371 29465 18217 1743 17405 8294 6339 26023 10668 25330 24386 9725 25183 16323 12483 30065 2074 17306 23539 17199 29330 4987 22891 179 2302 28794 20618 7904 16681 18556 3765 16072 16902 24373 102 4758 15503 32409 11319 28684 32385 16709 27996 3009 18016 13184 7513 9198 8160 18333 21246 6160 572 19913 9795 9587 7636 18014 32145 29321 9332 8993 29725 27800 20671 29450 16385 14601 8389 27338 10097 16547 12516 21194 20686 24799 28322 23743 6629 8718 5769 24440 27019 6320 2225 26333 25646 17928 29484 32543 14237 26564 26638 16606 10239 11526 15899 30100 15169 7679 19561 25132 16999 13071 1264 23287 6385 27793 2239 21928 31673 116 2120 10062 31901 29515 31876 26507 30846 7732 14232 459 11464 16265 27402 4201 8638 24810 4116 31069 555 481 29613 24498 30067 22268 5829 26231 5935 24219 729 15291 3607 13861 30180 27620 9979 27273 28543 26953 25698 25864 9641 30993 18087 6359 8698 4105 23963 2613 3839 13768 5095 20042 4984 3239 9332 23056 1222 14711 24177 15492 12616 4115 20894 24033 17273 8809 5903 3166 22087 29404 24317 20511 21033 11649 1581 2340 20616 10203 21104 8353 9312 22106 4713 25473 30483 31680 651 30689 1596 12900 28975 26672 17628 3645 1575 1582 19154 31578 8562 17360 18483 13548 18111 11041 16527 17466 3188 23928 10193 20923 14232 3466 12503 26079 10318 5699 5729 6305 23093 11633 14047 29479 11640 24406 24938 17036 22724 
26383 28254 31947 17162 14746 4137 21290 7709 16151 20846 7598 28252 7792 28706 14521 10859 24406 24077 1876 24021 30873 7900 24059 24811 1674 13093 30764 24195 26842 30142 19721 24644 9051 31718 26440 3907 173 26179 15393 6431 4744 28719 25980 11252 930 19631 1368 9021 7343 13311 20626 5745 1134 29471 29701 3759 19586 27207 22296 28289 23940 1507 3015 25530 29193 24074 9280 23903 5820 11707 9556 10545 17880 15206 14772 16056 13977 24687 7052 20946 7462 9843 14737 28336 18397 8813 5533 19445 5124 8527 12770 439 7451 19379 17052 30244 11723 27121 22413 1564 28752 3274 14129 20558 18464 13411 4777 12815 806 7173 4658 9598 32201 31956 3711 329 3977 13040 31995 14992 21154 1374 21667 21143 14144 30894 11964 11532 22661 14594 14588 28352 19968 29894 5345 24380 16216 9855 9427 3522 4708 7169 23934 5649 19059 15719 2407 10601 1708 23712 11000 32512 2512 26150 26115 3735 27383 3952 5262 18152 9074 29766 7512 22366 8518 31478 28919 22164 8109 16753 5246 17502 18439 10477 3932 19189 22113 25486 11293 12082 7060 9173 25929 16324 15643 25636 11886 16310 14832 30505 4095 16177 10316 28646 4502 9497 26874 15516 20465 11720 19847 21431 30275 31111 19680 26900 10124 28197 13030 24702 19152 26383 11637 20756 1537 17328 2453 30366 8680 29645 13000 2561 4968 16890 20656 27494 28682 20843 26990 29402 9467 30170 15222 30741 8977 31527 18072 30216 30333 19930 26493 27809 4018 11208 5821 20250 21349 25257 22652 3605 16252 30339 21442 32183 27007 30906 14301 9240 10271 27497 2107 28872 15868 6082 13572 16418 1178 7658 7617 28401 11280 28381 26676 9698 22955 11833 26472 14289 22120 5395 3914 13208 20778 5466 7211 15261 5353 6829 22563 14893 13688 1223 18221 12525 5365 23574 28257 11253 24888 29581 19463 18865 24332 25794 24491 27488 24399 5919 25722 12729 9503 26467 6992 24060 32069 11687 28422 31613 1473 5286 30244 30125 21896 6345 19852 4468 22461 28880 29939 16435 7378 16175 25347 14414 714 25876 2842 10786 4219 5063 2765 17938 429 30219 17577 9719 12059 16218 26451 8713 30066 19844 24771 19160 4558 21378 27141 6648 31302 2173 32406 30143 4992 10252 10988 20533 14689 23976 20734 31660 3727 27570 12679 31406 3925 9014 9622 6113 27147 17562 31563 7750 22143 4455 4753 16357 18145 28329 18669 13405 14599 29708 25444 24692 3974 16432 20408 6436 19853 11756 
12283 2887 5878 8324 12613 4808 29647 20711 18169 16242 18008 9772 17401 25183 5589 16932 29938 21653 5209 9601 13409 8469 13600 16563 25839 19826 22853 6535 206 19548 28208 29193 10956 6662 5657 11575 12988 2400 27547 5980 30317 11062 25278 7249 15698 6785 6949 17773 17439 22511 15643 2193 15954 13493 18607 29790 17723 24163 29706 7744 11692 24157 21080 21085 1398 12337 17895 30129 14062 701 2532 30035 8936 21434 18813 25071 25390 2910 10319 27766 31812 23782 8389 20222 16818 5352 29309 8746 30929 32320 27060 10381 8284 20164 25526 1595 21893 20382 3726 30177 12368 19637 22627 12291 24148 4525 13414 7336 6446 4024 6579 8695 7631 26988 13174 15531 11800 8142 17995 12662 24101 12321 14551 12233 392 857 17246 19675 7814 15045 8809 750 29176 1665 21087 12254 15985 6829 18326 30473 17903 14478 7022 25747 17546 30499 28071 1468 24575 25457 19458 27736 29417 3200 23483 21578 25774 6771 18161 16800 2788 25978 5021 1446 22925 27795 12222 10000 16566 20766 22696 25041 6683 8026 27738 30843 10112 6912 17857 8992 6109 19296 476 1317 18213 23850 2180 24127 8982 498 9063 13484 2869 16506 16533 26163 18604 18507 11187 14122 1867 17035 3994 19698 6671 18307 12586 31215 26964 8749 622 7032 25631 15358 7193 1031 30461 32479 28443 23527 11522 11443 5575 3431 20346 8501 8695 17254 12661 9930 253 30065 20183 18536 25500 11217 19545 20473 26437 29327 20902 15789 15211 22789 2411 1885 28747 6014 22117 4300 10142 19574 28799 30413 29260 12267 19501 4096 7738 18239 9323 6803 26594 314 5362 22062 10935 18638 812 19174 3512 26984 23875 32668 27476 28138 6900 29880 5548 18462 19843 16488 11361 32336 20492 23295 1137 22590 14123 20954 12040 23324 4089 8084 24342 326 27389 10055 28054 16469 2303 26872 4217 24177 30778 1057 179 13996 8153 9733 11347 14905 18910 20456 20888 5391 26331 23039 3433 5779 12044 30275 15895 28480 15174 13293 26198 12886 22748 31907 5288 24731 22383 12058 19090 29318 16545 14667 21860 17039 30135 2265 26169 1007 6896 22093 18957 30805 21559 2820 2296 15872 2849 13016 13925 17536 23160 2428 12489 29152 24403 23136 5767 19149 30070 22414 15722 8885 9744 15698 30184 13008 10702 11352 3610 8314 24328 12470 15612 28407 15230 278 19658 3737 5177 12505 3891 23193 28889 30555 19201 12122 13828 26762 30070 3463 27444 25193 18405 6016 
5402 12927 7817 22667 14366 2850 27544 10568 14226 26112 20516 23672 392 17009 30622 18606 16842 21590 32006 5153 1641 16410 21416 4816 15081 15727 23997 9115 13279 20049 11016 24596 19801 10346 2846 26245 23111 24007 18883 13203 15573 18779 8770 20705 25709 4954 3464 31373 19885 3342 17304 26115 31609 16999 25498 32443 9916 32155 21538 20171 26524 25082 32623 14781 12212 18862 7375 25006 6423 275 3469 23787 31799 17845 7300 5296 14871 17393 14193 19704 9522 1675 7632 18573 9871 8843 14807 363 28653 27030 30469 14608 29871 30442 18296 376 8370 13436 29616 15049 21978 1642 2598 11818 13080 6560 22924 26194 10035 25534 7369 10642 11451 32096 25060 14622 32118 8633 3583 32186 12856 29793 10532 13187 23572 18762 14831 26733 3292 27921 19623 7111 4878 7625 19869 27097 2209 242 24471 21592 32259 15819 15785 24780 24143 26393 10620 11145 22379 8981 30825 26165 11778 15766 28490 11035 19014 11378 4212 22093 27963 10560 32568 26093 24875 19469 28135 13452 12505 24857 17843 5117 1165 854 7062 4372 13890 30672 17921 5351 27212 31263 22334 10917 10507 22327 12947 12688 20133 19828 26204 8378 30335 18366 30966 3838 16644 2405 7987 30372 15434 9450 6230 23240 28263 19549 6171 23488 28932 968 5444 13905 7946 6033 2190 11602 4625 23655 10424 24399 31189 26507 7735 4271 18618 12486 20766 28575 11066 9775 30391 2101 19357 30212 4426 11469 14472 18809 10953 27643 635 3793 30213 15685 13988 4358 10970 1316 14578 5397 26262 5820 8057 6805 26697 16326 26275 18349 23153 6742 16788 16452 27946 16980 22135 3230 9154 5528 6965 18437 9714 13718 8977 2086 3545 23970 19927 12459 11591 10605 29733 32469 26596 26412 3160 24932 25929 24312 25296 30071 17828 28885 22780 9947 24809 9136 26825 6261 32702 22500 5792 3727 13949 6618 26200 13233 1631 2607 9200 23581 13647 10078 31598 10764 312 23157 8987 7873 28572 10209 31821 11324 29254 12952 4038 1474 25629 31871 20296 16730 4930 30237 18188 13663 17741 10085 32217 1611 29756 4551 5140 18879 16225 22431 27541 31461 26154 13901 18640 2335 32575 2331 5068 12585 14506 13337 74 27235 4517 32259 26220 12530 21609 4228 11590 11286 5914 17258 24206 32070 4577 30454 2036 31719 31759 21914 11309 25323 32153 32282 12260 14425 16207 15371 18560 20661 22916 11450 31211 15947 3505 4737 10187 16649 27769 25506 4084 18776 11749 9559 
154 9357 13266 32192 21407 13975 17892 8353 4986 1115 18695 6188 11099 8225 19855 23204 16065 28785 5520 31593 26092 28432 18528 8683 19016 19170 8136 7070 20212 13589 8917 18350 31817 15756 3970 15508 11600 466 28644 18510 8402 6845 21913 27633 12064 32465 24993 851 15297 21834 1040 7853 18894 22651 30327 24193 14795 31600 4306 31178 2334 30946 17087 30525 19979 18727 20710 27305 25889 13576 29029 8959 3828 17807 7335 9892 4050 32470 31123 27993 17722 22933 32712 2924 11228 8806 12306 11395 3087 16199 32279 5035 12836 22257 6086 14503 5667 29637 18312 24244 14947 26011 22224 21535 32758 3605 27936 3412 30515 25373 30038 10766 23584 28864 23519 165 2822 18521 2093 11390 2255 22466 27878 3446 17677 6030 19280 20912 10540 17907 24730 24135 8025 29194 22807 6009 6666 8737 19057 31465 19257 16734 10131 13514 17728 29814 9471 29882 2413 21623 27649 26220 28570 30293 4173 23805 3397 21973 20283 31366 26110 26030 22514 11732 15247 11871 17476 9048 18912 12880 21878 25723 15637 29769 28562 20966 2313 18264 4684 19918 29062 20330 2709 19660 24691 17805 10262 19549 17861 381 28433 26064 27789 5919 7914 13927 2514 14077 67 21387 5604 10637 12111 30955 5366 26674 26544 15431 21889 1422 32605 9822 29808 21753 30566 22537 8565 3439 15927 18052 24640 5000 27709 21829 1986 11925 18465 30007 25699 21623 13318 25203 1077 4677 6372 2036 12332 3307 21529 30760 1197 665 5472 14479 22411 4637 9137 28077 14293 16184 27309 25545 4983 16405 12665 15149 24014 20254 26748 5250 13785 24211 23437 29247 2019 9657 27229 23665 8556 14997 3140 28990 30960 13884 8378 27794 14528 23958 14791 32605 20631 25204 25631 18923 21756 22170 21783 18592 26708 10640 32477 10097 29026 8905 29476 2553 29784 13648 5571 3973 326 18493 26581 26433 10073 20100 32422 224 13097 2873 7850 21823 15977 18248 867 30307 24104 3106 13581 14073 23314 26061 27340 29491 6715 692 28226 24970 30950 3533 20003 21698 24112 19801 721 13074 15337 11486 14661 27454 16602 13445 29694 31418 12269 23666 5913 20858 19753 20986 31294 4984 16700 17560 7251 29709 32671 23137 10789 17584 6467 19270 23727 11656 10555 2117 99 1727 30252 21513 10064 24550 17657 18914 18932 14430 25003 6322 16899 25451 27878 2421 1619 6513 20104 28022 22132 24313 14023 18150 23663 30729 22769 6552 24149 391 27600 29173 13878 6543 
9744 28105 25698 16048 8785 11805 1335 9703 11836 14882 16365 13398 20738 10086 1500 30723 5754 24315 16926 31163 31112 18915 32738 23567 5032 13735 519 18682 22020 2275 23491 30937 3204 9062 28012 30969 29979 31435 24173 12168 27650 23297 5060 32307 1829 5161 3332 32150 1525 14774 10581 28051 1209 10888 30785 21413 3884 25329 14495 24299 8263 23548 19868 31245 16456 22326 6139 11096 2359 21249 14195 14830 17773 22276 13309 7616 29245 13503 25065 12987 15265 7126 31221 10033 14479 17146 29460 19103 23252 15870 23588 8265 4797 14638 2724 24204 29394 13170 14152 7021 17637 7410 2692 28869 13985 15217 14679 31398 8366 32040 22411 12139 22611 4016 15028 12334 27815 28677 16533 25669 29427 30202 14449 19723 3216 6786 2777 18824 23566 23051 12171 25579 3944 20629 26344 17488 4458 11518 16902 8890 3710 9203 4688 27788 3186 27631 25947 14378 25846 4257 28654 21639 27364 6898 20020 13547 24931 1159 7730 26645 21810 23605 10547 21860 19457 31220 15634 16684 26095 13528 22802 29791 1476 21635 17800 21140 29342 16954 11299 24199 24701 1270 11116 18564 9265 7020 13012 4912 7454 25076 4527 24402 17681 6901 5599 5091 15403 25542 14161 7417 5120 18197 15684 1493 14414 100 20872 30327 20505 4481 70 16056 25991 22920 22476 7280 27817 25192 30057 13630 19463 18131 14048 12753 30762 30661 15541 27933 21325 23656 22507 4367 982 15599 26156 18131 10780 11039 3661 16721 29790 28479 17263 17683 1948 30035 7496 18630 2595 4606 31823 4984 8954 8610 13252 26329 8926 30620 25923 1473 12605 21549 10090 25864 11016 16824 18667 26894 4162 9197 4956 16551 8874 14073 6107 12267 14911 16878 934 4618 22885 30815 5732 30463 9149 1990 19780 29021 2892 28637 32027 30475 8243 23744 887 10956 8680 30231 32564 523 11647 11425 12292 25016 25584 4810 23120 13306 17759 6855 8462 8803 26059 20543 32384 746 29941 18774 8896 27956 25679 11208 24628 2316 27543 21706 12029 15718 25498 27754 7963 8465 5062 18275 13467 20726 24521 15210 24985 27470 30396 16808 24274 30128 12036 13491 3579 22513 14487 31353 21589 32486 2720 23464 12826 4353 12069 30979 8694 32311 12662 5196 15381 25973 32191 30181 25040 20288 3589 364 16659 29901 25120 22965 8665 4774 22289 9472 9061 16262 23067 26209 18760 14898 29708 7488 27439 11571 24359 12160 27511 23368 16955 10010 21736 13586 2145 21280 26850 11633 
16445 1363 18562 5210 23504 18942 19817 4446 20912 11009 22931 24519 1962 30750 470 31794 12747 12457 11398 18652 13796 17299 27887 29838 17163 2770 19102 463 3832 17415 5570 15462 11125 2563 5815 17022 26896 19111 16537 1483 6115 20656 617 23873 7864 28652 20188 26959 18577 2700 280 28556 11038 32707 20880 6368 17798 28903 31912 6516 25505 23518 26874 12583 1759 10207 27890 17421 22088 17390 30203 24049 12834 23050 8262 31076 10927 7548 22598 21555 31909 9835 2733 18784 19015 28348 12768 23931 21744 15202 28115 22849 2895 12760 6864 31267 5193 6518 25894 30103 19154 16705 4109 125 16135 32119 19372 17094 11036 7207 9379 5406 8468 6114 21231 31550 9931 14350 3291 28121 13529 8414 19798 32527 11486 1833 17485 18273 25173 26490 13723 28641 22896 20010 23199 20650 25351 19106 32272 7956 1053 17866 21838 3776 1672 5806 26520 25357 30861 12998 22477 12336 16867 17934 22365 21953 18446 10051 24801 28752 30632 29583 13215 5546 5148 15284 30489 32521 29265 14647 22912 2102 12177 9810 27339 29392 24639 30737 28416 15666 729 23219 3448 12001 6072 25079 15230 23529 10864 6721 23649 1990 13147 844 28480 6622 12200 7347 15045 20295 15315 32001 12731 14097 1906 20256 14972 6840 20521 24491 12546 30361 28985 2652 5876 20018 24977 9930 4052 32521 323 4064 18094 5392 16408 24831 24320 19843 29102 30659 4597 13921 28354 9522 11146 27444 23761 32423 3551 22071 4830 3721 11172 31766 3209 24835 574 26276 2290 5465 2683 2496 3106 32354 9232 24166 9503 17420 10264 4362 12195 23898 8649 26390 32000 24981 22221 5632 25245 26774 21497 20277 32232 14708 21070 19064 7161 21248 20557 10760 20679 30718 17576 12538 20829 4119 19928 3697 26092 17121 27582 26048 27892 7070 12998 7081 13112 17407 9369 30850 23983 25737 25462 11848 8031 19848 11666 23049 25908 4625 6014 5005 15478 32766 30138 10353 29008 14811 24299 22674 2797 32343 28946 21261 24585 21560 26068 4800 15245 8867 16339 29758 29207 24187 28585 5542 900 24415 8815 16568 17913 26718 28425 11480 14469 26153 5033 14784 15751 13854 27833 2872 10075 15793 1308 25073 30574 17808 25264 28678 32595 25006 6346 17367 5094 12809 29734 25376 6025 16251 23392 11901 5133 8136 14482 1072 831 11472 834 32019 23964 21459 10371 25097 18109 12373 32293 29047 439 18259 19949 8742 23456 25797 28345 30603 15292 2155 13464 15467 
16281 18696 10107 15364 28288 10735 22490 17389 2525 45 22870 4987 1161 19467 12943 130 3462 3220 20473 18152 17866 4137 16834 32120 30793 16924 12713 13769 5536 20197 22064 11420 2246 22045 550 22769 13119 27459 16675 10285 618 891 23103 13780 27796 6432 7248 32537 18340 17073 29678 1236 26970 383 17996 26965 24095 3539 24311 30653 28754 24459 23828 17572 5125 7510 6289 3421 30783 32743 27128 6737 26667 11610 14970 26553 4084 546 28892 20137 27042 23737 25592 9190 27499 30890 7761 25206 18686 16044 11173 18611 31181 8206 24309 12754 27485 15776 15853 24482 11458 22408 7413 14572 4980 20905 20548 20476 16211 30161 13512 17422 7857 31721 16504 32180 28809 4461 26672 1078 19911 15035 30510 5619 18601 29609 7566 509 27508 17520 21352 19612 2525 11201 10527 30892 2264 2163 499 20533 14192 23271 18276 26355 8574 14140 10987 3560 14488 4547 17708 5188 5503 1709 24102 3002 30362 7328 20765 21665 25007 23898 16581 19460 13914 2272 14288 28340 16354 7059 5992 18610 24736 20004 15253 2053 28345 31761 31326 427 30679 3899 29157 26989 700 775 7842 1869 32735 4322 30088 22994 1431 27110 15131 10522 30851 9845 9957 23510 10930 8693 31520 25976 31680 14839 30286 6649 18703 16476 8853 5229 2231 31134 16438 485 12092 19726 19244 15723 12598 10333 31383 7125 25459 32065 28634 5423 18158 28373 3612 31357 13866 19786 31165 28415 15963 26977 12659 32728 23434 29123 29493 202 16773 2631 20511 24529 10847 2063 11637 8174 22357 5360 23013 28415 13676 11724 24066 8780 29760 26925 10785 23086 1858 30281 23914 18444 20829 11184 8646 1945 7694 10704 26476 13599 11581 20095 11279 22882 14355 2721 10406 18126 168 27130 19816 12985 11092 5254 8009 4512 30284 28814 25154 12122 16340 1683 153 13297 362 13927 2136 10634 18833 15325 15218 4715 1298 2288 32232 19481 13392 16244 13947 10189 7968 25402 10247 26044 4743 5726 7821 29261 26781 15929 30340 24394 14645 20347 8437 3185 26479 4808 870 10635 9485 20287 32038 22251 22081 3318 26996 16300 3979 26328 9536 1785 27186 1756 26542 9246 19593 13648 17231 31723 10881 29982 4458 21094 24722 7421 31358 13516 3053 15855 5348 16467 19665 7708 20948 9473 10847 30106 17490 29822 9085 12084 933 32613 30210 19330 7635 18566 23832 26993 4659 18903 9588 7885 2217 14469 6270 28313 27693 17729 18619 4626 18155 19905 
24532 6669 7993 25244 27521 25775 30595 3578 16048 17731 3760 17386 27971 4926 1325 14934 6779 14744 29687 407 18783 10732 19167 20602 28234 1368 29868 11821 10673 23548 6737 29262 447 8691 6173 17020 27008 4794 28720 18525 19132 5464 23789 22554 12332 7763 8085 22315 6940 28958 16479 24282 11353 8088 23228 17780 3969 18407 12889 3637 1146 25029 13823 4220 30477 15085 7548 14906 13375 21728 12704 12241 13552 9086 5064 7948 6302 22443 15757 32017 10842 31256 27571 10020 25324 29654 11936 14949 9662 1500 12153 27396 10367 17388 22703 2250 5673 19147 13410 18923 30710 4059 15006 4471 2519 12342 3961 6659 15630 12312 24915 29021 9628 9628 7660 1680 1329 29735 12234 30526 1546 32271 24563 28434 24105 6632 1124 22214 14793 30405 3304 12699 8593 7595 30681 5344 4211 7242 9343 21766 17535 27837 20434 21037 3092 26630 17967 654 1443 18357 23642 20395 20909 26267 3468 8321 28908 19089 18133 18196 24906 21563 19028 13025 27052 20897 6230 16175 23134 11914 11473 11457 18208 15949 20946 15976 20744 6202 1489 12707 30160 3299 9766 4922 5383 4520 2428 26139 23550 3989 29434 30264 23950 7454 31119 20129 11563 14348 2781 7144 11876 14605 25426 30133 31052 19511 14204 14360 30370 5008 23363 31335 5263 30347 24527 8500 581 6982 17444 25489 2611 4625 30964 1813 541 15488 7927 29026 13007 31282 28045 691 3696 11096 8232 21062 14665 30760 7867 17497 18779 7066 28604 15549 28083 30186 19112 9911 2388 31557 29852 11678 5895 10062 11179 31781 807 3886 7385 377 1766 9693 27827 11632 2398 10268 22212 9604 2205 22404 1658 18516 6437 6530 13449 31605 24907 27727 9006 13397 19103 14731 14810 5177 19462 2001 316 27639 3229 10512 2243 9778 18504 27740 5843 23519 31117 17842 542 20928 6673 28056 8016 28962 20311 10788 24412 10215 20132 32569 16954 5739 17068 3468 26866 14910 15684 18541 14639 5736 5833 15638 26130 15939 27373 15095 24480 1617 4394 2425 4664 9991 22792 612 9306 12730 31972 15601 30324 24269 11558 1823 1902 2196 10926 28111 10951 10313 6729 29115 12669 13569 28886 22818 10251 13385 5175 3136 8040 6266 2422 9385 26529 29064 11909 10669 13601 29537 10701 20000 15985 12924 1271 1252 13532 30348 32403 11291 25873 22936 7972 28649 22386 1571 29567 11753 15258 19959 32044 32707 25175 2345 2657 5246 21064 27820 16684 18906 2670 30393 
452 31519 9136 26779 4568 1884 22832 32320 4716 28064 28767 1977 24669 11513 31929 24865 12915 22400 19043 4249 8264 331 28052 709 13969 22862 1397 25931 9795 29485 32682 8973 5013 23096 16469 12576 15274 30879 25451 15708 22318 3644 28910 16570 26289 31506 6258 16912 17172 28486 5499 2643 18447 15846 7748 16723 16057 15566 12795 28472 29515 24175 19287 9112 15404 21434 5306 22276 3767 15493 20073 4466 4011 6764 17674 409 8642 30542 20316 903 4144 10129 30617 9113 7356 19020 26656 4743 31698 12048 14162 21707 9896 331 5238 10290 5321 5255 29657 25071 17821 18922 4173 29161 10136 8255 15573 3182 25948 7697 31284 22906 31034 16190 24912 4522 4536 29552 31339 6673 28785 16440 11185 8053 15226 17015 25920 24544 28317 8559 22038 11616 14280 28722 20032 21291 28161 28217 29712 29898 28424 3103 19155 24653 26179 25277 13142 21926 24202 7870 32634 22705 29469 17692 11648 16555 15104 29643 3411 17590 13882 12894 14416 30829 5146 21431 1911 24397 31080 18808 30413 20839 1063 18840 4181 31750 13246 28023 21902 29370 12247 22981 16899 24635 9124 21815 2821 5592 12785 6591 12396 2600 12406 12608 25613 14811 28270 21123 16474 13515 28234 15027 4191 10362 29867 18835 31352 15336 584 29849 21533 28381 18185 2798 2875 12736 9080 28245 2390 393 791 18283 27620 25938 14263 18760 9908 118 16516 74 20882 17190 1062 16237 20739 5250 9385 25584 12705 5793 22470 32022 4902 258 5543 4896 21830 7241 18473 11329 2919 24325 11288 27621 26218 6170 31628 5143 2805 30017 15923 18882 19214 7010 11397 1090 1762 26335 10347 23379 10582 31576 7892 16362 29705 19651 8415 18731 16971 58 448 29689 18572 18524 30142 12862 25750 12279 67 28642 2482 425 4642 27714 3912 4418 5531 6890 178 26944 26685 23657 6176 30141 24894 32245 26223 13490 32458 25112 6519 2813 32758 10621 24045 31790 30358 3483 28142 6688 14759 17347 10281 14279 18216 12735 7718 18770 13072 18464 28047 16106 26496 16587 19731 20089 12096 1784 29810 15797 27481 26225 16297 32627 9900 2028 26710 13051 24282 28128 12154 1416 27895 15974 30529 6725 4773 31611 21265 25239 23653 20732 23106 25386 26515 9427 18897 6564 3124 19489 11036 19318 30700 12054 19644 22379 19276 9207 5320 26340 15360 31247 1342 25139 6930 8812 8334 15771 17557 9639 15231 29380 32445 28332 24035 9527 676 10051 24623 31780 
13972 1275 63 26989 21449 4202 17198 11823 22066 28152 22940 4097 12152 31165 9043 5389 25431 29093 25574 22139 848 30116 29339 5263 8795 9166 29972 11754 26388 20679 31957 11085 22679 532 25805 13374 3102 11815 30473 32759 22347 14165 20368 20348 21956 26348 7071 3895 16692 24100 10514 19597 5520 4208 7913 29206 21891 17092 10447 15157 24758 14887 25004 31710 30315 32488 21075 28793 7428 12593 20712 5229 13867 29823 22178 23368 21211 12438 24668 3174 19392 2139 20767 32388 18582 12096 675 7102 12569 20308 24910 17476 519 12267 18677 3493 10924 17668 13555 29535 11936 4862 13467 7018 11611 15835 31611 29727 2762 878 13691 9854 7265 3201 13218 8542 31775 6128 1166 2109 12988 21560 15690 7728 765 22761 20708 28102 16906 19502 28176 22000 12022 5975 2952 16172 19031 15746 9463 10036 25135 18939 6221 1545 7825 10364 13314 18338 15684 28740 22610 9356 14648 14356 31373 26383 6069 18844 5727 21291 26443 27083 14117 28979 11510 20291 29857 3052 4134 21057 9411 1771 7210 25385 25970 5650 23912 7087 32641 31075 22199 21731 22255 15625 7211 6317 14740 27191 455 32453 6325 8232 10709 10008 3592 4993 9144 17108 10340 24124 7065 3646 178 13211 278 12384 11835 17853 15495 31565 14447 13534 17025 29745 1120 19582 5530 31095 18335 23036 12053 12719 28109 27693 24444 8219 29413 21669 17913 29489 12680 11138 8732 24099 13397 19520 5377 12344 8760 8684 7494 4814 25808 26065 12817 144 2279 31562 900 29520 22839 11142 4327 18889 24587 30882 32298 9377 7762 7626 16932 32588 28010 26354 15317 5471 11652 30965 30640 19547 16213 18985 4767 24761 1694 28645 11725 19154 25115 21639 31013 127 5305 19699 30644 8524 30984 5125 22416 30145 24589 1414 14862 3657 30426 23418 17265 18813 16217 28149 3964 9304 17251 8240 19898 3329 17884 26447 7779 9123 29316 29084 22719 6279 27526 23338 25220 29223 27396 7758 19060 30471 5287 32696 3254 7045 2028 8660 120 3019 15938 11905 21989 11968 7743 29689 7657 18674 17217 10756 9326 7201 27096 22447 20298 27267 10641 9216 8040 31197 30503 9462 21461 31900 18134 9364 32343 26099 26099 20124 27172 1137 29860 28526 5114 17531 2791 11888 31928 17397 15827 5076 27841 14033 15686 26300 12601 1923 21803 21092 25654 10104 26579 8406 28469 1652 21370 6558 14722 18693 19087 5840 18604 4467 26778 5795 4897 15598 15020 3643 
11902 4994 13444 22296 11232 14396 24624 11463 16173 16244 8038 16818 11728 22637 7240 16212 31835 18323 9708 1701 29252 23380 25204 28309 19123 31138 9394 12379 28399 26100 23504 12192 1212 22175 12651 4692 3944 568 21537 32288 7560 9249 26186 3978 29627 32219 1421 26351 2274 24213 3379 22513 27281 13489 25992 26343 19396 18597 10038 10360 30401 16040 20267 29647 6346 24643 2597 3523 32455 22537 7779 26933 19352 3582 29825 16147 21229 31761 14709 21120 26632 12942 3221 17198 6626 31244 31605 27990 22075 16215 5159 5648 18462 31463 32278 20669 28163 9154 5975 19360 10961 31917 32128 8940 32045 18829 829 2358 13912 15627 5988 11757 26083 30534 1241 11955 25730 2359 3218 28490 15511 18509 12658 3927 19964 8827 7173 1693 15748 25304 23763 2754 14474 27449 19774 16922 17296 28593 13116 16267 17082 28432 5412 25781 18359 7276 29060 4348 16456 25817 29610 29085 29 28084 4403 23062 27896 17937 7727 10716 12363 4667 18790 8056 6255 5516 30066 7918 16958 24910 18025 4418 16470 27184 10268 27830 7086 9543 8118 26409 9253 23555 32013 1518 27971 19509 27461 25457 28381 153 10935 26783 4187 20559 7730 23111 13188 28488 12014 5310 6199 3752 16773 5686 1882 24049 16874 28923 17732 10984 29359 8876 31072 24798 6823 14969 12847 26907 27201 8400 29234 20269 14224 27026 562 24827 3254 12323 19538 8788 22749 2485 7880 30207 2393 23054 2455 805 4557 32598 7673 11980 27352 660 5956 32640 31447 22070 13863 27585 8225 10353 14056 22672 26833 20567 15691 19926 30256 27027 1750 20270 30695 15965 379 30798 14011 1540 20759 12883 18817 14176 2609 28681 21490 27625 14124 12649 14476 24707 13758 14654 11254 6036 32755 13808 21606 14425 12614 20853 2693 24448 19227 5567 19795 21942 342 9549 16143 1225 24875 15686 9063 28361 7723 11271 2935 9525 18127 25268 30396 30255 14138 18060 12352 13940 32674 15794 14574 24898 17529 25625 19313 26956 3723 3299 31498 23456 5045 8543 29903 24076 25416 22437 20085 18609 30073 11528 2754 8158 9197 5493 19204 7314 5882 5785 32084 1856 15355 788 19202 9 21469 18088 27667 14724 16511 28529 27942 16922 32551 4761 12743 101 22958 4818 17837 20238 30350 2911 14561 2551 31783 1784 6044 16118 19310 26849 14181 16224 491 8378 27704 20236 27968 27096 27626 5259 11750 17158 27019 9481 14495 27862 24303 10887 2292 27069 11229 8482 
23757 1541 13335 26209 14216 1653 3400 8819 19519 14593 14231 15632 13772 16187 10976 6557 9191 17364 29412 12512 10626 18452 28555 30768 22797 15110 15974 7702 28285 24505 26373 13838 30148 6780 12465 27086 9705 26490 7376 7944 22131 28558 17682 24684 18093 32064 18599 13590 30080 28766 26772 11885 29308 10965 26321 20125 28588 18195 12531 6001 472 23403 7152 3328 4209 31256 18739 29030 17594 26007 19801 21195 29413 25843 389 16270 25121 26060 12563 7471 9332 27734 8942 13053 15852 30489 5448 30565 1466 28664 28002 13791 17900 8829 13787 17259 6969 2030 25564 4751 25859 24514 22530 2233 13321 25084 14930 26524 680 27964 22718 15787 27529 23869 14543 3006 11871 2659 10632 5931 22284 31846 7520 17465 17253 10811 10766 14007 22601 21855 2729 14452 3719 4407 4504 6638 3260 27395 25255 10690 12136 23825 4100 22372 14096 30237 7102 2179 13440 4321 22584 17045 7735 29222 28708 32680 21121 24634 2874 18537 1494 13319 22327 17316 27874 11643 31720 3036 1920 2531 21645 28641 19406 18878 2731 10331 26783 29840 30222 26788 25675 9966 21137 1952 27594 20168 31191 22879 17238 1591 15887 16438 22041 21878 9668 30733 28550 30077 18447 12845 15432 467 1253 15527 19766 12038 16774 27319 23022 22063 30792 11894 29411 14814 31371 487 29181 7741 16702 27030 26727 28605 20277 29325 4551 28859 20735 18646 5840 3932 30473 18625 18677 11911 22493 30921 27778 10949 6780 30267 15790 6219 31083 9171 12361 11068 1453 21889 15479 27631 11621 18666 31708 2675 11702 2720 15486 32182 26925 31493 21391 18484 12461 4554 5118 22347 22526 31964 12950 25776 8182 11718 14646 4821 5564 28645 30421 28093 22855 11684 28860 25724 5500 6714 8409 29926 31529 5035 21550 17362 15801 119 12497 31384 24731 25636 31830 7591 13465 18026 18762 8421 5982 27629 26339 27723 4709 18144 324 30718 21268 3936 3858 11238 3828 3369 17857 16208 15624 31137 25134 27777 25963 8713 12566 9584 30387 20207 22638 20520 6430 11949 5230 20643 20106 10912 11644 13729 12655 24382 10459 22339 21291 20575 28449 29473 5142 29534 13614 10877 25413 15768 18051 11910 10451 2348 712 30208 32341 9298 16682 4255 29627 11063 30364 1054 26483 29564 2971 20433 14914 17795 19432 494 23681 32421 17639 24870 11331 8678 22112 9735 11936 1389 31755 21991 10541 113 16440 20924 111 2966 19627 3137 12664 7326 21582 3172 9560 26713 
9231 6033 12846 15440 7881 19844 31564 2943 27755 27978 1861 15460 3035 8804 22860 21492 20448 28901 30520 16941 28490 32424 14376 23720 9492 8188 5766 23532 18135 26589 30347 10657 30217 10989 1319 14538 802 28250 29388 25867 21496 14364 16091 32540 22388 8314 12097 7728 4344 10259 22401 1462 20535 12177 3429 7426 5301 12891 2172 25033 1668 29100 22619 9803 28526 3634 24669 31288 19040 14531 10529 11277 6947 23459 6695 6910 17828 21304 17222 11386 32663 24262 3510 13305 25186 970 18720 17368 2240 8827 30219 25436 2998 25012 11889 12124 7482 7955 10993 9333 30205 21086 21395 27777 1927 29382 20688 31695 27942 9999 12735 32629 27639 23518 10076 24022 10682 20994 19137 6145 15675 696 16284 14182 1592 3127 22091 28505 5649 14561 29697 17991 10911 22206 21473 4782 3212 8029 16019 18576 17151 1365 32512 29712 23510 7602 10450 27525 17371 2936 13417 31740 23549 10431 8860 11438 1125 9496 2291 2281 29383 1901 29186 132 19159 31096 27278 31554 3809 21106 10745 14557 26371 2949 2049 12063 25558 29754 25782 9195 27618 2679 22719 4626 12607 22267 5733 11655 29232 30755 31702 13226 7121 25597 9092 22243 20532 20927 6254 28618 9460 8763 4364 31852 11816 25486 32413 8285 14358 19147 12580 1383 6040 13727 12224 18602 32455 11231 13135 26218 18499 19629 17884 11636 31224 4291 691 10158 21231 8938 22869 13749 10728 7110 31702 6032 17110 21364 19758 26350 15265 27550 19465 29877 15703 5068 19249 19503 31356 11308 18330 30185 20585 31637 24420 16860 2819 800 29005 23952 26458 29006 30671 3278 22147 28970 4997 7411 13589 1005 8503 29111 12419 5653 1769 6299 10601 12892 3706 27386 22918 16050 1941 4876 10702 4756 18384 14421 5723 31224 10197 23477 21143 12192 611 25698 6734 27705 14262 23484 11655 30644 26428 1322 25120 13821 10209 13817 32175 2157 30606 22071 32750 15631 22605 4841 32125 18231 9706 8264 21130 31400 28412 10811 9078 29987 25863 27559 11479 16685 28174 10463 27404 17538 28362 25832 6472 6853 27467 5320 22564 16574 8561 28043 16883 17633 9080 26458 21810 23616 15199 9698 28492 21735 23885 10189 30703 8022 20205 24544 32284 21860 26372 2193 5677 31041 25858 2673 27828 12445 19361 10031 15153 15075 19910 5629 27413 24996 27867 16946 8208 9701 20825 7643 9591 7368 16800 25528 29189 27422 5326 28743 24274 19952 4136 30880 988 7984 16633 8903 
19382 13488 24807 30087 19340 19594 7982 621 3952 16959 27974 22614 11194 9082 3828 3889 12080 5504 19261 19844 29247 3937 25938 22687 9558 30465 32570 4032 16360 30691 27849 23720 18955 14682 13140 24521 21253 27970 18636 2768 21516 4865 17105 30924 5842 11077 12756 3428 11860 22696 7761 32321 3450 9632 2336 28133 12919 12486 192 19119 29332 2308 2428 7489 3673 16320 25376 18342 25387 30176 22603 13772 19300 31346 5546 21852 19819 23944 9076 12941 8999 26689 27111 24878 4515 12261 27351 21202 27220 21491 11148 17074 5395 1283 25202 1586 29578 15529 7672 22029 21942 11796 27850 30525 97 3984 4376 27017 2841 25856 27928 22917 25200 922 4944 18161 25886 28257 7975 8148 25831 4924 16482 24602 19126 8405 32694 22803 31724 6489 6588 16817 3459 26091 22720 25893 24562 18696 28082 1497 25852 32581 16837 6888 7902 19238 15716 7495 444 18528 19684 20180 24454 3335 15616 4596 1179 2289 18074 18957 23347 1308 11500 5904 28740 10664 25139 13001 28526 11333 30337 2625 17043 1984 25995 19131 8337 27211 27038 16491 6676 10484 22732 18964 28934 6834 26748 25453 3654 7055 4743 10816 11087 643 1648 7945 28108 14919 3715 8275 13765 21772 21204 15874 3768 8173 11162 30785 9877 27464 4248 20527 25031 17259 27152 18090 24313 21983 15620 7330 30976 15096 22289 29846 21909 18926 7265 28924 5710 16354 24098 23593 20788 2834 26368 10208 12443 17130 15664 26558 9592 9804 26670 27213 19254 8227 18751 28935 28124 8570 17210 4527 17966 4384 30393 8680 7313 6485 7817 16614 23675 25836 7955 9026 19822 32361 8831 32563 10899 7877 6515 17440 8476 17391 15792 5492 5159 2976 30729 7219 12225 10310 15795 14440 25059 12031 29763 11468 25923 12252 2097 12802 15998 8351 7758 10196 3900 30992 8960 32698 21972 2105 28750 17 16585 5181 31839 25073 3694 1271 27993 7932 15248 12091 22411 21506 9956 1216 17621 4003 19772 15621 6588 26515 18266 24529 9689 11510 25494 16582 30404 5739 21810 24260 12168 18132 802 10160 16038 32428 21759 3388 10468 22725 1134 19133 31599 30252 9268 19918 17611 9649 2279 18519 21789 32197 24823 753 27111 27261 29442 22208 7343 16897 28036 22698 30843 18301 13515 14983 9411 4492 24029 2237 14563 16882 22322 6799 5784 3108 8335 526 9065 10052 8736 22459 4044 10754 20260 21293 1526 5475 13811 28337 29124 28599 2922 30574 22666 28961 
8709 18569 7792 29079 29063 19015 646 8903 22660 25911 21763 19191 6787 19286 18500 27704 6982 15232 2999 9279 24412 12880 20507 11210 18393 32236 9907 10776 5870 26462 17326 21591 29318 11663 15402 24061 10934 14297 18797 4877 14624 11021 25510 19386 29525 28297 24763 664 11743 527 17206 21343 13966 23227 22381 13659 32630 5520 3667 16924 20617 1346 4036 15332 26161 10831 22094 28290 32029 4843 25935 31671 31064 15672 21230 16836 17188 16253 5417 31500 20347 20884 2285 8402 20870 31507 10710 19245 6373 10204 23046 10343 2808 19141 20746 2654 2370 19010 22313 6215 30346 17898 25379 5639 23756 13639 10839 2861 9419 7217 15919 27314 30502 1615 13179 19679 18708 7176 11259 27873 31518 9544 7408 975 4689 24405 23173 26846 24613 26915 26161 21458 26282 19245 10691 23011 7112 9813 4377 31355 21516 11580 2568 17127 26897 8503 2421 3952 2340 18370 15392 26978 16939 3577 7373 18270 11863 30326 31131 26961 7160 22781 4928 1691 7518 22325 18519 28181 8668 5366 30366 4410 17255 1781 9941 31179 11233 14988 1433 24820 11304 20604 17669 1297 21164 8673 14929 25699 2051 27137 32076 28651 192 24119 31772 5319 22511 6458 18 29913 22320 10875 3660 9815 27021 5799 12124 11840 23110 22763 1561 6101 2266 23048 26206 15757 12368 21101 32762 13017 16766 3511 14020 14217 21538 30654 8574 14900 4840 20965 13341 13862 14864 6291 10155 26663 10048 21064 26835 4497 15812 91 23865 12035 535 3939 24527 7986 8195 22504 31211 9830 12216 16715 31656 32108 5841 56 29027 21737 4092 22038 7957 22272 17304 32301 12155 21755 25462 15336 2577 20109 32126 1939 6585 20727 16614 31134 7988 8365 31111 16925 23815 24975 6492 14709 20953 5087 5563 26366 26387 27042 4156 20327 25562 14674 26907 18719 26047 17403 17040 18063 10639 24553 15179 6327 24903 7408 17453 27004 19718 5256 11445 30819 13865 18002 10603 26494 18207 20825 9888 637 22611 23898 7115 17587 14935 16083 21808 11378 14094 6977 11458 28729 12261 26291 23601 12693 7043 17800 22314 14715 31168 26355 6471 22797 892 16715 6448 14329 30512 10034 3833 12781 29636 16592 11787 2098 31595 32124 21752 6190 18754 26160 29277 18274 11007 5960 11282 12992 1855 25986 5820 9049 23054 5411 11783 13465 2490 18082 6080 21401 19078 15437 30337 3260 27733 11405 6161 101 443 20333 10127 1645 21925 28592 24521 3042 4325 3232 
27514 32466 21940 6943 4560 5317 31696 29506 4961 13376 3386 24533 20219 20468 25003 17880 7245 4357 4243 6025 246 31596 30525 25281 6689 22156 4312 18053 12762 12356 31430 26379 6873 571 11563 14809 13977 10929 18642 6611 8923 9628 17725 10288 3595 3558 5573 6793 3292 19022 30966 6217 26040 11906 5151 27250 15683 14317 4174 1724 1984 30565 12758 6548 23897 1111 31928 21715 7393 4165 29120 16559 32490 22609 9273 9812 12867 12565 5965 24537 6038 2120 31681 12952 3625 2205 19314 16890 26667 12642 26447 8036 27830 30353 15157 3984 3984 20124 5916 1022 13156 3310 28229 17139 1726 15674 21117 6112 16525 12635 27123 8701 25982 1334 5650 28338 9855 12521 31909 2034 4952 24913 14340 7647 30471 12669 14426 23987 20681 13922 15417 19649 21530 11823 29218 18372 4609 26767 21848 11898 568 19039 16645 10813 11395 10251 8150 3183 15161 16797 21959 1200 10784 18390 9855 18774 19207 8303 1711 19839 24854 28465 22007 12781 3862 15618 30692 19170 29672 2504 5575 4951 11235 17003 25924 3402 6109 18812 15486 4895 4951 28329 11599 21062 22378 31938 9276 25362 30866 8546 24387 28078 23538 7642 28565 538 31497 2727 26280 2636 80 17305 2925 18431 12045 4333 22880 25817 21104 12647 11266 13120 18237 27070 15623 6260 1500 8666 19858 11024 25821 19307 28922 22077 16107 3357 30247 10864 26348 29515 18135 10640 27502 21794 30576 26394 18084 19997 25055 11040 22230 13701 18098 6616 12598 14963 24356 1876 23884 19756 14912 13466 31253 10992 17607 18178 4867 22663 29405 11731 18679 4104 11080 29210 12441 2651 30653 8993 3080 2659 18117 18751 24716 6690 20292 11411 20075 2011 27835 28970 6722 17415 10463 18145 6337 12210 18714 15941 28627 11443 14047 29477 11427 9486 23287 824 23880 21604 9665 10935 20641 18859 8711 2519 11106 10850 20827 27024 24789 6636 31899 12403 21018 5303 20639 13067 6902 10163 23181 22671 7630 29647 28239 29060 32704 28170 21942 7467 23866 490 28218 16120 13693 10968 20258 9556 12016 122 13416 5375 12420 9795 8851 25753 25578 11914 19284 3659 24297 18550 5809 9745 27520 4732 9288 22301 25870 8480 1485 28005 24184 13445 20379 5540 4293 14482 15513 718 25657 19432 19590 10237 18594 17989 23735 23336 21379 16314 11945 3300 18494 16041 26910 7939 20498 27590 26229 16739 7344 27706 30136 31522 28363 12827 20611 1437 19444 27652 7027 14377 
5224 7827 29280 722 25497 11065 3523 23909 7746 24550 25125 172 29596 15951 13064 17556 13998 24776 18048 8716 25272 17004 16370 20583 9868 14577 3989 964 32530 21903 717 15226 15506 32455 12471 26765 17170 28296 13464 28422 32293 29230 15954 8461 31479 14640 21596 30667 4067 9422 12711 32744 7153 14273 16544 24240 21364 13026 32494 8228 22319 13916 14036 23683 31926 29753 13442 28996 5004 1392 6148 18406 14755 7015 16092 30853 19943 27255 17337 13451 19921 27259 28428 16095 17623 24382 15818 26431 5579 5754 32162 23864 5423 24003 32559 1476 19702 13654 22068 7125 18007 10914 21258 26872 19950 9471 8828 18504 28085 9403 11448 7827 30543 11295 25641 20492 30661 30467 28098 30885 9863 30148 6265 3847 5123 28934 2538 10100 4170 12657 18435 21926 23632 3380 23962 5409 8587 19210 30119 24687 14507 29259 26532 12168 26153 15746 29972 19521 5645 5956 30134 17612 13467 14204 3726 10486 23738 4123 5114 11399 6757 28789 23301 19198 15074 16705 7910 19322 16384 30331 32672 28014 12945 16162 10399 24306 9501 16850 16776 12195 562 2023 15948 30669 11684 13687 26049 4134 23119 29979 18748 32011 13901 23295 28319 12949 18813 11123 25286 13807 11263 21837 15831 22570 4199 6103 20387 8417 12439 32233 19575 11081 7129 1277 24264 26160 4910 8150 14244 30938 12335 18284 2437 8533 30919 6312 15775 8978 9014 16877 6563 870 21517 9450 4753 1231 28130 19625 17 11553 16204 3476 13531 26322 31213 14593 886 23432 11517 25618 6822 1120 17555 11052 15739 31778 6417 22326 32527 18648 22454 19105 11296 8199 8697 29035 1554 20169 14282 18278 23473 6900 28197 5760 28870 18381 28424 1028 22072 13787 10130 2047 1156 10463 13566 14184 32602 23589 25236 11089 14372 4307 9556 28241 11751 9616 3029 14507 15399 4156 31262 19707 20236 29451 7225 21534 7241 19639 22382 12025 29847 5545 25464 11982 23399 21230 21228 27436 949 13718 16872 27732 27134 10711 11719 27036 27762 11557 18109 24141 24862 30130 5699 6790 19043 5515 3219 26783 13507 24726 6335 4804 14603 16156 11198 6063 23451 22765 9853 14013 29948 7482 31439 7416 2125 22968 16609 29374 7509 15677 23581 26337 11196 17762 11804 9314 15324 24655 18502 5949 28727 8881 31336 9569 27546 19174 18556 16958 28831 14602 8396 4184 15893 5400 27971 20638 25 16718 16043 6193 9496 21376 2654 22154 17452 240 31995 11947 25212 24645 
4322 10565 25564 15565 15960 481 32351 13590 8136 13286 16711 6905 30053 29961 12153 16422 31077 28295 30491 298 29667 28268 26941 28906 30253 23674 15861 9355 2606 18091 16038 2445 26719 7708 32631 32665 25601 20146 17546 22771 8030 22934 26858 25264 17260 8746 29917 20510 7673 23860 22463 22759 15201 11122 7456 17983 16873 14534 12512 20513 10260 20362 17484 27194 13728 6143 5240 29402 4377 15016 8985 17390 20061 11046 8960 14745 29568 2367 2304 25907 11050 5352 696 27753 8871 5721 5175 9939 16496 28014 2902 8569 6430 9378 9170 21618 23995 27819 13178 591 20813 21573 27099 13440 2505 6089 15604 13153 11468 15302 16635 27027 9743 740 25719 10769 7258 13981 5010 3527 15278 4479 23371 18098 4081 15448 22794 3790 28166 8724 892 20840 2465 31550 14782 3168 14752 24066 32372 18713 25535 7355 14807 18341 4698 28456 27682 15805 14375 9517 5600 23607 6463 7653 5497 20251 6840 19504 22037 22138 5507 31311 31788 8726 28758 23584 11729 27743 16923 19025 28844 21405 561 24101 14520 4460 17545 27248 29201 18086 25088 13574 9090 1584 14210 22257 10028 21406 12135 11826 15363 30897 9773 20208 15719 31619 27949 14271 21148 27606 6985 3114 13014 10422 1286 16402 28852 7577 9812 21863 9266 585 32427 27349 5608 13361 14935 719 12714 31154 19625 28439 12098 1784 24496 1521 9685 30530 14126 5202 29360 20048 24459 16534 28225 10227 5013 7456 30892 24950 9188 12415 20297 29000 20628 1887 28094 29040 1190 7462 13728 18992 9235 10755 13376 8545 607 28954 32751 13830 9959 11894 11737 19245 32108 21651 29331 1070 5974 13069 24534 8794 614 4444 6284 4942 12051 30654 20463 30187 7803 30010 23318 1941 16214 4278 22829 11133 3481 19038 8089 22268 12455 16075 16639 14624 12140 15352 2331 21512 5807 17233 5895 17558 23828 15989 27777 14320 1475 4013 5819 18995 12204 10794 21612 22471 22025 20499 6642 401 14694 6847 21901 12522 26869 30969 16882 27970 21062 12966 7644 18141 4072 24998 10136 25744 6817 9335 12332 7115 29101 23694 30642 17085 2150 20298 5001 15744 22202 10134 13517 32012 564 2434 8849 19663 12351 4357 18131 13918 30513 4929 21673 31859 13200 17087 1113 9308 20590 31617 9121 29025 15429 30582 20913 12417 17065 11621 26085 31735 31789 9159 14967 158 1040 12547 3226 29814 15468 921 8193 2490 7013 13316 31022 1328 27431 30446 30713 26714 
27630 26970 3538 3607 18910 4473 20458 31868 15788 11994 3821 24111 25213 2080 15147 3020 13315 21114 32284 3302 6070 23470 14400 7541 16822 25441 22521 25492 18972 3048 4554 24046 19301 12450 27396 32747 1364 642 22840 5636 24160 13719 14853 31888 9536 27311 7369 6676 22707 16891 25729 9156 13139 12637 20901 5365 9420 4828 14347 4308 20044 14885 5368 32693 3097 2345 2962 31110 22112 22007 16613 22721 12479 30977 5262 24316 189 10795 13159 7406 17645 15052 15409 31711 23035 28048 3837 29457 32708 1238 29825 5589 14636 24515 1762 18887 21111 20723 11633 24512 13148 24266 27735 29886 30986 31312 28856 19788 5084 28549 20367 31789 21130 31774 20656 25767 31283 27486 5570 14380 19151 2718 7677 26975 26968 12119 17828 29462 20423 3219 20421 17070 6587 4523 12589 9456 25375 30269 7925 3756 9817 20667 15968 11565 11397 6270 27199 15921 8540 2579 16446 13293 23554 18773 23972 18327 19846 11233 18314 10183 6888 15758 15387 21711 5926 23648 16497 5725 25909 5198 15676 16376 11080 47 32656 26149 5742 3198 26579 4535 5867 6734 19338 880 22295 7608 22906 20933 4086 27144 28607 20862 19945 2433 1152 7521 15932 27710 32292 3118 213 16553 756 24051 9470 5756 16057 21895 12430 25955 24467 28038 3964 30767 8507 10731 17390 1165 16342 26016 24000 21377 14291 32752 19245 22692 22113 28219 18975 18441 24695 25722 8677 6419 24328 24758 27984 23137 28101 32696 20749 16990 7632 10232 8570 27860 2900 28851 20246 11987 28681 19648 28533 24021 22765 7879 15371 22097 9319 10655 2325 16692 70 13714 2671 8164 11959 26700 21277 22601 22557 22493 1747 27827 13056 18065 10586 10286 21220 5600 28012 12313 17207 21596 6992 5792 20273 14324 5819 9881 20647 9169 18377 14229 13427 4713 19270 27769 5766 3177 18262 32066 7055 14969 16017 26873 16115 13273 21716 30640 20266 27617 13569 10275 13121 26910 7832 19506 897 10670 7510 11545 30091 15532 28252 32301 21377 14980 28626 17702 4080 7703 2144 6719 12015 29083 27870 17383 1643 21307 11498 1098 29819 11610 30014 9988 32250 11309 3125 23990 15111 26532 17327 23980 1763 23914 8532 22734 19955 23237 21180 6973 27767 15335 16215 31498 7475 14573 15847 30893 25113 25114 7644 1565 1505 26524 21970 10946 28934 26414 14493 25362 7725 9250 29293 9444 15984 25552 19981 22527 10055 29098 64 24602 21908 27668 22700 15957 1904 3226 
29531 13548 1478 24495 27285 18950 32001 30233 24005 29188 735 10778 25575 5401 6001 4941 18551 31084 22539 26225 9082 1190 32541 11659 21356 11469 8261 23479 1571 24138 7812 2936 15897 25467 10801 9424 29599 32682 20487 15005 23658 18328 19753 5471 23763 3223 8078 567 20962 2050 31505 9674 4693 27445 20011 1095 22538 1083 31994 20131 7876 13113 9167 26158 28456 19800 9243 621 21292 5489 7601 2516 23376 1017 12484 15862 16836 11119 10874 9196 5166 29785 4593 20824 14408 25942 16715 20206 25874 16051 21107 13127 15094 13380 501 15162 28236 17156 32067 31603 29699 13906 22054 24659 8468 11210 15114 26293 29453 20175 19597 24605 5883 22361 24226 31076 18879 24987 11188 30202 23756 28811 9160 13188 26332 25229 22188 19124 362 27512 8862 9890 18524 30797 20441 15034 16689 16566 23460 29705 19567 21872 13929 30043 5622 1116 22608 10516 14434 13770 23695 965 6262 16118 22371 17728 2731 23592 8811 13900 25322 7566 7107 10805 20964 16445 14990 24298 19472 29668 16477 10005 4320 11932 13116 27670 18924 12707 27318 791 9470 19128 26495 16841 26445 22762 6698 30903 31958 25376 27001 10025 16115 8349 28558 14715 28488 5880 11434 11733 10928 26499 11790 14948 2061 2546 27633 19080 14083 30982 6565 8041 7953 13229 29711 3577 21954 26922 25624 19172 16050 9637 23881 32493 14185 9636 28335 7107 24805 28126 6107 31634 7654 19162 28150 32000 2384 3800 1514 16423 8818 31976 22120 28953 5957 13820 19489 22857 6850 1185 31081 18055 1475 29710 18819 15716 4502 2459 8789 24217 18073 11747 11300 2274 9189 19834 24354 8516 20480 21171 19044 29541 13078 21449 23028 21053 20602 5495 3461 21616 14054 25080 32256 6049 28520 31235 20653 18347 3001 2913 1555 17368 2736 30244 17063 16555 20442 32033 26078 8028 17599 23705 5073 30669 5971 21056 25904 10411 30027 2753 29096 11674 20402 27359 3364 23140 16358 5221 607 8256 30129 5153 2385 18477 28692 13503 13325 4309 8284 30074 9680 128 25736 28402 16266 4884 2450 17170 13522 6798 23897 3308 25926 11055 19563 10823 1386 10006 6273 14736 12696 30458 29003 5019 29200 27291 22896 16763 12646 14120 24607 1918 8387 121 29365 20891 11401 19542 12664 10834 4381 23459 17360 29773 3394 9825 26221 31914 1306 31731 29061 31913 1732 2446 27244 1120 22163 16015 7339 28607 12168 18019 14693 24618 25380 12569 16109 21695 16813 14301 
32407 16258 23229 2010 13819 12041 16476 312 29178 24334 24474 1675 17074 15804 22843 18716 6212 23761 21139 7865 14617 29600 6694 22962 6894 30079 8368 21095 3309 31238 6817 23565 29880 16970 9471 5421 26237 14370 17245 2852 5263 30366 26026 6805 12255 14769 17391 25740 24411 9244 4374 14770 10195 14939 11766 16636 6812 5951 20753 30976 29939 24841 24218 8263 13759 26107 5625 31643 1386 28628 16722 31648 31871 6152 3021 16190 9039 14351 28396 6785 5552 13806 32426 21770 23274 31602 27907 9915 20212 6050 28663 10358 17117 4505 5006 29951 30387 1095 5865 11768 30272 24078 20751 10349 28299 500 32678 19427 14174 23428 10820 24785 10567 22169 20582 9814 20845 15729 16824 22404 11390 22578 3224 28625 9103 18286 21231 9080 19382 15245 22197 29627 20669 18190 8957 30166 18334 20424 8040 25845 25730 2601 4676 4542 22820 18123 20265 24363 10303 32229 28424 3962 15024 15191 10420 4813 14333 221 9268 3138 3238 32590 12750 14126 28739 7801 1557 5807 8024 11671 14370 7162 29325 8717 31162 23665 29966 20050 25792 14947 8078 29024 3715 17981 10621 4560 16776 19709 3119 32718 14037 32389 14110 28887 17958 247 4508 15115 4283 3973 15578 2824 28335 22982 20018 31144 6497 12282 16444 3856 21378 13006 12454 28346 27604 15505 19818 28205 497 19377 7688 13205 1452 29317 31041 11197 8710 19972 12204 8267 32761 17849 14141 4835 31633 18577 2674 6368 29827 888 3746 6181 9261 15276 14909 30379 14444 24036 25380 12587 10887 743 5426 10845 30280 12624 2126 11271 15836 7260 13143 2206 8258 24896 12880 12696 19728 30906 30991 28568 29129 11470 5410 1020 2341 4366 28252 9136 20470 18185 20373 22638 7496 25780 8672 19680 6317 5777 24007 759 6877 31547 28152 21299 17797 19766 23084 4672 13059 25860 4991 5771 9908 19783 4691 4284 4937 11456 27625 15553 18393 18312 25116 24682 30987 32229 6337 28944 1448 24589 20420 28265 26097 1420 1359 20845 10538 9304 20509 14995 18684 11904 18333 31959 30573 10412 5116 6510 8672 23735 24607 27394 32179 30630 582 12587 29755 30070 6674 5795 9417 25809 10047 15988 29985 31933 1585 19782 13535 13484 23567 1762 5620 24402 13822 16996 24355 5679 26747 14675 19862 17768 7590 28430 4412 17778 8034 6053 12084 6051 18142 13119 2930 23571 22132 5155 23750 12619 9728 6173 15028 10237 20373 7038 29255 18044 23626 31252 894 21237 
25472 28050 9594 27546 12142 31639 29001 7830 26762 31406 21314 5506 3302 20767 4093 11886 7232 24770 20691 23260 19702 30514 25971 9021 28437 14474 13024 29492 13390 4888 12063 5201 8195 3925 6719 10052 20420 27151 32097 29647 15624 10383 27721 2648 31168 2466 30317 5590 3013 15845 16437 304 2585 7111 30520 2839 10490 10515 29717 28745 471 18905 31583 761 15496 6814 26857 30346 25784 18612 15523 9898 8064 7937 26051 17859 28635 22485 29975 8787 4144 2350 21452 14637 5440 21892 31314 28664 3258 2245 30471 22688 4017 18496 16129 22585 15906 5735 3230 30223 23236 14155 28995 30718 2673 17129 27936 15809 23385 15636 2771 12935 27718 17495 31467 22574 14265 18340 31838 10163 32007 10538 19142 4401 21422 18891 6499 14789 9731 7421 10904 767 316 5787 17010 27625 23215 27038 12118 7860 547 24323 17112 184 13534 25342 18396 6345 5062 28414 22704 25365 27673 28326 8150 561 422 10499 5754 21621 13327 20847 26395 32304 29092 29231 10179 11449 6211 12640 13641 26101 1492 30162 235 5913 25082 11544 27939 4178 9490 28541 15788 3478 12440 9445 28576 19769 27419 21287 5416 15989 32189 15636 6818 7832 14539 9747 14954 5057 23900 21908 20529 10948 11037 14667 19548 11539 28473 19076 27400 19593 30404 10903 11251 16599 3693 17200 27716 2255 335 5751 2708 411 11644 15557 18326 225 30699 32231 19543 5164 5965 7731 8979 989 26415 4533 10574 27922 23550 28299 24856 16124 20657 28965 10806 20274 11350 13570 647 22467 12682 8894 22590 19149 7169 13908 9433 21325 4964 4268 28875 20630 31351 12616 4241 29783 2566 18441 12572 17713 6958 29333 23286 10381 11799 13352 3960 7349 17571 12980 11349 22782 1823 1630 27466 3236 5530 8859 3183 17257 8635 3026 136 18592 29739 27093 16213 30506 22045 21080 4419 20509 9764 15523 10319 16784 14190 26478 5382 22748 25868 30756 21561 19997 15580 25969 14262 26557 23562 30321 28598 17651 30927 345 26474 8866 4898 27834 22143 3476 24244 14797 954 12972 15224 32550 16653 21924 12170 1465 7828 28109 6799 21663 17589 17093 1278 12924 26022 15602 24677 2830 1957 18769 9860 20956 10862 3776 29980 23330 28798 29377 593 21649 23588 28002 23052 4078 3375 13381 10742 16762 19558 29826 2645 22920 31005 21339 19508 9512 29913 14559 25548 9879 314 31537 4450 1294 24655 1198 28290 22385 2616 20323 18312 29990 25720 4397 
32453 32013 16192 11760 10647 28015 15495 11674 31622 28836 27677 25376 10194 6692 2861 24081 29905 17743 14304 20893 9126 3301 19887 30639 2611 10414 15646 15111 18874 18688 6452 18081 32008 13801 27538 11042 20248 25862 1527 24161 29859 12018 7832 26699 18591 27909 3650 2492 3297 7682 10783 9652 11151 31500 4179 27512 6400 13342 29609 23262 8843 12506 12425 25796 2863 27345 2051 14460 7176 15473 30177 12168 15342 27574 5153 27957 9039 24776 15455 7329 32203 9332 30779 9202 24865 14149 10531 5915 23557 17927 27925 634 18729 17943 27462 7816 1359 18688 21339 26963 16217 7194 1030 31384 11597 89 1585 27103 14131 1167 14930 31450 6940 24779 25161 26309 9314 16992 5164 18122 13549 7227 4621 28053 11286 30328 27790 16207 21654 3022 32575 8355 14413 11118 2135 30058 2863 20230 29818 29309 14090 2575 22033 3626 20437 18468 21363 25927 10322 4566 9672 21194 32178 27959 5300 5091 16301 1943 30837 7126 5622 10411 30250 57 24620 17513 8696 18489 16861 21626 30105 18632 29768 11851 16848 26874 10654 32050 20368 28048 30293 1424 1979 1811 11380 31967 6579 3010 31774 11533 18011 21021 8388 19846 1584 9058 28478 11601 26639 27289 28785 31890 20432 19184 10129 30457 21731 26837 30942 12489 27705 5846 14139 30146 20560 142 14297 744 25152 1204 13518 11759 32483 31578 27586 2956 14893 27149 2498 5865 32272 13999 8413 8958 29408 808 2299 6462 27911 7495 3767 21354 21217 13092 30593 10351 22272 30483 21551 7336 32641 30114 18000 3461 1199 26738 16727 32596 24259 15880 10925 31695 10006 13925 6770 102 15290 2985 32536 26800 21930 20285 25495 16595 27447 18368 17414 28995 10792 4003 16544 7538 6606 17002 3268 28467 4295 32416 21071 30863 23424 17710 20965 16663 32376 19959 20080 5028 22955 31823 16188 14344 26289 23607 21916 15143 16521 6212 10668 16501 10453 12751 28626 2420 23841 11661 16795 6110 7048 29244 16221 10243 20643 21512 16832 4494 20715 7525 23896 13239 25954 18667 19701 4762 7415 2785 4635 2803 15050 12640 26659 24912 24860 28115 29938 26696 15946 7496 20901 26769 20001 5356 11349 23799 23406 11384 18018 30070 1905 4426 25458 27625 30590 22331 23861 24753 10740 967 29311 19900 12423 24562 32330 865 23035 27750 5748 6659 5933 8506 20278 11128 15839 15015 24393 11927 17255 16632 20087 1143 26913 20437 30957 27587 29057 25562 20090 11365 15581 13523 
10602 10252 24975 29963 10205 423 25689 12633 15462 21043 26235 21647 20315 29361 4007 572 32724 28306 6613 9440 27165 31060 27679 30889 8087 20013 32701 1750 29449 31991 5815 11285 20175 7754 31988 27277 28596 3879 4447 12434 17842 26645 22653 24766 22602 32761 15573 7904 21525 9052 26263 8537 19872 12203 30760 12938 6275 11700 8511 7456 32013 20981 29797 14858 5439 223 7670 14906 18399 6574 29691 27207 9344 15756 31967 9989 6007 13801 28676 5692 24314 6118 3470 26487 28936 25444 4388 4834 19467 14919 29423 18237 3647 15270 20992 14035 24897 1253 14839 5023 319 1595 3320 4732 29423 19345 28102 12501 21854 30831 6311 6875 16618 23444 6867 2808 29924 31555 29138 18374 1762 2394 16150 2523 17379 3524 405 2650 20813 640 12351 9493 6191 6958 24756 21671 19358 6309 2639 12349 24831 3109 22775 13606 24796 28959 11829 10791 27928 815 23926 11675 6081 26436 27217 18322 3325 18830 23351 27601 1456 7969 21784 27458 230 354 28194 1824 6451 17982 28086 2123 23220 17330 19329 31694 29300 22990 9521 72 10173 25162 9802 16808 1322 16739 30847 18953 16287 23052 26568 13740 8661 8845 22729 23918 21738 5333 9361 27886 12792 18597 32619 9089 29934 8425 15145 8453 11645 10631 15521 6253 21480 24940 20394 24672 30760 18503 21117 30898 16888 13707 20666 10339 1255 13005 28546 31976 9030 30279 20309 31573 17675 10708 21278 8244 9528 32730 6277 362 5854 28049 130 22687 25593 5847 29536 878 16331 17095 27160 10873 5756 18347 6813 22825 16914 2744 5295 1657 17776 11868 29782 16001 1352 14474 6923 24237 2574 21098 31639 32544 31393 23554 10608 27848 16204 27185 13419 25522 32740 9056 10148 24428 31065 7960 7862 26018 25397 13242 2307 24470 8515 21752 16883 26142 18121 29506 25566 51 22099 7646 13329 14231 8216 3143 21789 14022 12272 5435 21076 27799 21326 6597 16998 712 9407 5603 2602 4651 7447 6332 3733 9243 18786 13557 26601 19945 2280 3407 5996 14940 17297 14876 20883 15378 769 24808 31031 27034 5742 8491 11210 28988 5382 5053 26722 1856 1146 9528 26163 6034 19062 15853 30461 18604 7000 26181 31505 85 30776 10282 16066 29136 3614 4560 32002 18631 1248 4708 20030 7238 16391 12400 9679 27256 9897 11653 29457 31139 497 6540 20260 21359 2418 21732 4370 23785 8879 27150 3751 29760 2794 25855 31920 1052 380 29988 31501 25770 
14162 6976 18592 1853 18020 6846 31294 24622 13146 5656 12119 11272 7712 14111 6507 12200 21410 28786 6835 9856 13589 26873 8921 8218 32134 27166 21049 1476 7426 25738 28784 10560 13 4513 14412 12727 14812 2268 15616 29072 10683 13471 8865 13828 6 25334 31108 31452 14805 3997 841 19147 26442 15895 28695 28125 7432 8302 16816 10937 21596 18332 28191 6772 5045 9785 29348 14469 20172 14551 27097 25338 8056 2405 6386 9931 28043 9092 5023 12753 24905 24652 1660 26740 19854 20023 30628 8190 475 16079 3413 10578 17512 12591 9906 10228 22234 22357 21458 15924 18052 19893 6047 19932 15564 8650 30521 11828 14212 6757 8194 32395 26413 14217 27134 21008 10617 20506 18546 31419 4298 29308 19325 11610 17628 7669 6060 14676 3846 15059 2757 29910 2884 5069 12243 1729 26664 29336 25406 14564 13636 19511 4250 6956 30104 17289 26069 14836 13733 28886 26822 21418 11204 20491 29708 5404 32661 29854 18907 27147 2843 3877 19157 22057 27696 24984 2059 31164 21510 8792 2882 27941 7367 17781 15090 27090 29258 29582 12435 10345 32547 26311 32610 6168 30481 15609 8146 16082 25421 2754 16577 22459 22541 1594 21132 628 19677 14548 4991 22385 21937 4994 14369 28325 7777 25458 30584 5052 7561 25310 14448 9624 31531 4884 11376 18342 2809 16736 21827 21759 3789 24412 5427 4790 11850 4212 9625 17853 11908 17147 623 31510 24601 9218 5924 29220 21710 4875 31439 20998 1937 32119 17725 14690 21000 12756 24811 2119 15667 15383 17864 13716 10895 4479 19099 16084 2211 8679 10090 19123 11113 12473 21441 12604 2030 29022 17251 21873 2945 29324 3272 18218 31632 25156 31134 7216 3531 4808 9804 20314 30600 473 3127 14809 17505 9117 8773 13296 2488 1988 28662 16996 6675 1079 28826 21235 28635 6296 16104 25860 24694 3825 9211 12323 18225 14350 4119 24192 21244 6759 31584 14746 20581 16971 6333 29363 23875 17138 4216 20361 9786 10798 9160 29134 21839 12998 8853 316 18417 2769 7669 25417 3108 20472 17966 26571 16892 11888 14652 13995 27602 17999 6354 31635 253 26104 3760 8317 1400 11492 21945 27507 6565 29397 13506 22662 26307 20015 30743 4789 16552 18986 16443 7338 19334 29192 19430 7163 12466 22733 26931 12445 25724 249 10915 20299 11785 24336 21613 19610 15329 5366 29271 12248 16288 24537 8373 6914 15130 14553 13958 10926 24659 5766 20025 25902 5106 16737 19461 21261 
18102 24477 17324 27107 29367 86 20921 13254 21703 8771 12761 3514 4081 12200 9265 8345 20937 29533 20555 27951 28146 25908 16415 13512 8060 31487 7483 22271 13197 23769 950 22136 24178 12305 3303 31389 14855 30695 3275 10126 28925 4964 6347 31008 13509 13330 31344 22204 14849 29170 28455 17378 26602 17870 9773 11491 27119 31108 27917 9181 1446 16705 31890 31613 29355 15301 2164 16631 6111 31725 6207 2082 6846 9783 20458 23082 7400 28522 8163 8521 22484 9705 15578 11080 16106 16550 577 26878 19148 16905 12764 2922 8739 129 9101 28359 16591 23385 28848 31503 18853 23473 17844 12696 9266 27407 23745 12325 19462 14814 13416 2933 5807 24669 31351 5434 4062 16222 21815 22846 9761 28895 8182 5995 29976 10698 29653 23296 7094 26661 30003 14461 274 5695 19599 32100 456 17529 24464 24282 29086 546 29207 21097 6842 2028 23637 3734 359 25147 30177 17365 30568 29439 28154 20421 29575 24687 30059 6958 25948 26999 31329 22191 20799 31838 31897 7950 23441 10524 10402 7375 5299 6906 30282 12328 25776 12417 6755 11003 22750 4235 28549 14883 4075 23672 20486 30084 23736 2284 5555 13557 4987 7494 5835 3965 10375 26622 23534 31179 24018 22617 31987 15401 15125 11359 7346 16651 19864 30209 2907 8353 26761 29781 12591 28464 632 13459 18836 13468 21919 5437 14963 30961 13156 2273 28162 2117 22095 1970 23620 21818 16447 366 11271 11522 8438 23007 10467 19612 6766 21833 21451 9690 22023 9081 30633 28488 8947 26716 337 6530 16335 17153 1415 27173 8287 26563 11256 4916 27936 3688 21745 13788 14503 22760 6127 12644 26834 25304 27192 13253 3166 18963 24119 4308 8929 30719 10639 2476 22790 4705 29937 30209 22558 5265 29029 3673 12090 17969 24808 19282 30524 15837 32264 19827 28053 1618 23135 14204 25150 7347 13554 10889 18118 9646 4295 8494 20114 23374 16936 6814 6615 11352 17132 8121 29361 2866 12096 19337 9488 12850 6690 1703 12865 16000 32709 22965 13470 693 29367 30104 8063 17725 29456 15203 4332 31463 1172 31985 27840 10661 12434 29699 22872 12629 23833 20617 32331 20157 7564 31536 24150 3342 21421 4307 17159 22095 3681 5056 4165 10178 19813 25773 7197 22281 3773 9352 16194 2520 32202 9970 31575 13353 16579 24556 14965 10573 26688 8126 9047 25094 13594 23169 18440 7689 18827 14109 11129 6571 26807 18533 1305 21762 10356 25000 3157 6915 11555 5462 
480 9989 16332 1271 31767 26485 25333 32308 16085 16899 27800 15048 6573 30744 25291 18742 10926 10101 15910 20602 11992 19506 10158 29112 9407 21994 24333 600 4365 3435 7272 16698 8063 17791 11313 20611 213 22121 29769 22408 3728 5935 24045 29012 24907 134 28160 31385 20806 5968 2028 18459 10810 2657 21620 27817 6912 17912 7854 10593 11239 31731 13173 854 2681 14497 3740 8908 31552 12178 31648 29009 3854 20394 17454 3129 21745 21736 8949 13223 6825 6063 17440 5478 19741 15954 30244 10587 12043 16922 22546 18129 2360 20899 23595 5429 1128 9694 18166 12692 4094 4129 21700 12351 23250 16415 13533 32259 27247 13523 17564 21576 28437 32467 24722 1056 8004 7378 17458 22657 24491 7943 16836 23971 19887 18387 14943 32512 16253 19149 26544 15071 2231 17194 22019 10053 23977 27309 17111 30049 3195 20877 15981 11426 5049 21666 1521 29217 9695 3304 25985 32116 26433 1813 23367 3751 11495 26212 17025 23864 5613 10936 14424 9942 14766 22186 20114 17221 30670 27304 17793 32115 19835 23718 4138 751 12672 21689 1707 23275 15157 13527 28621 921 26287 3167 31375 19172 20685 30457 27871 27160 22685 20253 10137 4394 9582 28635 1896 26049 19362 11520 8290 7937 769 17380 11701 27444 28302 32645 3050 5243 2003 23925 15825 11785 1593 23120 19323 3271 13873 23141 6765 7219 818 30727 15614 15226 27183 20323 5912 20646 8012 8464 21916 30606 20479 29610 13788 9720 4187 4237 3242 6012 4786 30924 220 11398 2520 10280 28786 14741 16106 25406 13658 21614 24992 25442 3043 20958 4084 19632 9380 16674 11362 4172 17655 2648 6464 8139 10576 31472 16372 13767 682 2731 14901 17162 18124 21947 2302 1010 26403 34 16626 16397 6041 29153 27284 21863 6887 17958 32469 20032 24830 4441 58 6368 5653 19381 12441 25913 30169 20599 15717 3280 5006 14519 3131 20537 3542 23588 6279 5972 16818 17691 3346 15025 25789 28278 4962 17690 2132 27503 20765 28801 7689 1951 20410 3027 18402 23410 32174 9972 19257 28727 26240 6635 14664 14941 8043 16167 3577 11398 24893 28904 12301 31208 29582 8246 21064 1757 30070 17906 29329 12289 16762 19679 12927 25478 14902 28404 17590 16883 13843 32739 30281 26649 29174 23660 2665 10672 28402 7142 6851 4848 9665 20466 8218 804 2745 4202 2247 6401 22047 5554 18479 12886 6067 12600 12984 7907 15022 22970 20543 31201 20272 17466 8797 19808 
1599 31293 21064 30753 4094 22865 11706 559 13815 18591 29894 31355 2974 26719 5182 5634 30169 13583 32403 30032 22870 16487 12347 22523 12102 6890 9223 609 7114 16944 7497 13413 31020 3701 22750 23628 29203 28031 19510 22372 14590 24453 2595 12202 21617 13703 16280 21967 16858 32462 10786 301 19207 28416 19097 5935 10389 17662 24173 29675 32092 22668 28479 25641 6231 17290 23581 7757 21143 17656 18675 5546 8019 8351 12456 7343 14427 24268 5097 22683 1020 19991 5179 3055 10364 3301 19908 18402 8378 21337 27875 21003 17421 32484 13662 31287 6212 30827 14396 11521 28432 23634 2397 30959 26112 13963 4693 8478 15675 27872 6971 12593 16267 20134 6406 14025 21413 14777 18037 32244 26140 14991 15013 21199 31862 27259 31428 2284 26959 393 12687 11377 9684 21403 28467 17361 11698 5132 31931 25132 30782 7196 8108 8206 7558 27591 14887 7766 9658 26538 15974 32634 16327 4524 26531 19885 20955 26943 4663 22655 19276 12004 16897 11142 10168 27698 8237 7834 10334 12982 1663 30520 11818 13980 551 10295 16682 25055 509 5189 28830 10983 18554 23828 23460 5645 21258 1108 4591 28595 15973 29548 24208 6449 11866 24161 818 15762 3842 25992 28765 30447 26110 12103 29366 20676 17559 3740 417 28224 12673 21990 17979 16454 14040 12909 15757 31933 23817 472 6616 21277 13606 32710 31198 17930 27195 368 16483 28202 19937 22897 5018 2910 29251 4024 9033 5589 22833 8982 24928 15399 16476 25845 618 2272 17481 19913 4695 15862 28466 3776 29938 17935 5027 18088 5216 25361 20230 15632 17409 14751 17709 9117 9243 20487 16587 32387 7869 4058 2043 16294 25370 14024 15822 16284 7057 7516 26325 23304 26545 10691 20006 9961 4225 14997 15254 23032 18965 4644 20346 32535 26750 11991 13186 9884 5131 22036 13118 739 15000 6506 29392 27049 20941 19683 3445 24025 26481 10699 14199 22424 7950 30335 22735 5961 4076 8596 22876 22292 18760 22866 7046 13290 4416 21286 13824 2066 30798 25168 17917 8934 22920 23998 2921 20049 19963 14526 29066 13513 26333 29966 24581 28739 9484 12564 27918 28055 10642 21651 29839 2767 19669 21356 29066 631 1561 12012 24334 22851 18123 1429 22103 22833 25558 31851 17651 12287 14246 16881 1215 16410 8631 14186 14095 26737 6294 3432 25175 10864 27616 7071 23361 24199 26863 25043 17817 31738 31146 25611 29279 14376 26162 13076 30089 23851 22492 13038 11430 29061 
5171 3721 24516 27577 26999 18466 9875 3900 10711 25087 7720 15169 10596 775 7251 10323 28997 20608 24881 29672 27335 2173 14642 964 25488 21146 3592 29152 11929 21613 9248 32585 15402 20223 5769 27650 27302 12425 9687 30103 6248 31604 32704 7299 3864 30115 29378 14581 5613 17890 2873 22642 8776 13758 4128 23017 23118 28085 8591 5687 7258 23473 17713 27292 30770 4338 8259 3671 4910 31943 13706 20119 7218 16496 26100 31764 22982 9705 6117 6177 11656 22687 4752 10050 10749 27413 4266 2158 14160 2966 32182 15392 811 17281 18455 19482 18010 17549 31689 30670 16398 6377 28051 9189 4781 21896 16006 18557 27944 31813 11256 29790 31180 6632 3716 6423 21604 24046 24577 29110 13560 21963 26920 19589 6483 14123 25275 9363 29150 6164 4934 20853 24695 22092 21961 3628 5106 27190 9187 27021 12424 9402 22719 6607 12824 30195 8977 11435 15092 15368 18569 2766 2177 26514 8676 13235 26248 18809 14786 14040 142 16358 2123 12226 980 28349 4163 27347 2328 12611 20030 10568 32740 29849 17462 2149 23509 9231 21781 11495 3381 3780 17438 32037 6210 29485 14239 22112 18282 18913 18573 23158 11933 17561 31047 24858 17411 24978 13941 17087 21671 5961 2061 17616 24621 4048 10673 8726 739 15166 24676 14219 30784 31908 12485 2578 28442 2755 25908 2310 5244 5318 4563 13686 13191 8861 1051 27118 6379 27317 19160 28175 5086 17452 10539 28545 9983 10761 26550 31024 4669 19989 28404 1180 22247 23425 6347 23118 22241 23042 21108 8051 10275 11993 13077 20011 15851 5745 22366 13107 19439 12325 17320 22147 4085 27524 11040 16480 12306 10657 14662 7086 3702 11093 7950 13956 21774 10215 25395 5654 21290 25047 5203 9893 16723 21448 17250 21895 16798 17768 3586 24498 10774 20557 20457 10126 11295 2975 2306 20166 8638 11887 30976 8433 18220 5614 16349 24067 30521 8240 12106 13738 27138 10208 3001 22674 12840 25003 25389 20987 32483 5961 24012 29020 24226 25151 7840 11379 18118 22542 28736 1338 12059 5774 3440 14059 27909 29134 13777 8364 14505 10026 18816 4105 25210 25089 19395 25476 6768 25588 29479 11501 426 23101 9960 26996 6514 10209 5153 1344 22403 28245 24819 19529 12598 25506 14158 790 25893 34 28138 16606 21034 105 21814 28233 13210 18140 12961 20588 17323 9835 27724 3686 11893 12587 18635 17148 3513 31151 30192 17879 11965 6357 2970 1332 5524 14953 2000 15233 
28018 32568 15395 2458 31858 20361 9536 1152 10600 6544 23803 5951 23524 16024 13912 28727 8827 21013 1444 17465 9272 5592 20301 27899 17323 27737 9892 30726 17843 27631 12578 1306 31626 22975 12684 5779 20383 11072 27252 16560 32746 20197 22731 30992 18788 5414 3068 9880 20135 8450 3870 9732 30581 13628 1470 32178 13586 30867 13197 3628 23252 15628 29199 16716 5985 30450 18808 19900 6274 9764 24057 10916 23645 22389 26999 25393 23526 24213 11994 9998 1781 9262 390 22143 3170 30447 30564 17546 30422 4090 26344 1345 6918 986 3105 30822 959 16283 24384 26559 10988 19934 4507 25494 4079 11023 29870 14899 26335 893 4883 7908 31998 12881 25913 21116 21561 20879 8590 22092 27370 32447 24360 5244 1481 21374 3051 14999 32742 16983 23889 32594 31518 10961 24135 20800 7858 26104 24726 10348 23630 32766 24563 32684 19641 32278 25444 1370 24607 23324 17998 13485 17829 17291 900 6024 30552 20590 27588 31472 26954 28243 15181 12023 23031 4952 25530 31830 9718 14715 30803 2182 7294 1050 26122 25654 7427 10330 18018 24770 95 4419 11378 22338 795 30156 9147 6627 18006 16704 27084 10006 17458 8972 26248 12196 25113 13228 21169 16978 32048 2071 21984 7700 14039 18764 13321 27845 19912 31164 16932 5870 23800 4380 29356 15774 20778 27882 32038 10453 183 4468 21809 10409 17415 8917 1121 5704 26857 18086 29963 29983 3087 3184 3706 17036 21910 24694 16970 19003 17286 4471 29695 6687 31542 24630 4928 10432 26907 23304 1546 8257 29634 9501 18973 8955 4949 29128 210 28806 2305 1162 20599 11685 27602 21579 3492 1331 32099 30780 27367 18753 3652 25597 4368 11547 5762 11550 9881 31110 26122 32497 6400 22142 9637 1462 21543 11916 2345 467 2081 18541 26058 15658 13416 15034 17675 20479 25866 18376 13439 9393 8220 898 22343 19775 12951 1463 26379 7831 22566 26094 29545 8574 28531 27358 21458 30272 9638 13719 32153 17084 5762 15112 18701 31626 14016 19428 32692 5195 25876 7138 11319 29612 2289 9194 13494 21097 18342 15578 15535 2990 12409 31248 8506 32485 11087 6264 8343 11628 6093 32367 25195 22272 17606 8052 11213 1732 28546 23199 329 2858 22679 1984 8536 17950 3246 6740 21904 3377 16112 18896 17395 21308 10587 31052 17833 14192 23374 28125 22041 12674 2460 20008 19524 20802 13501 25793 538 16716 5366 22362 21693 31717 1773 21883 15721 11679 23125 14113 
31092 30306 27874 4907 18134 6757 5971 18355 20762 17510 29896 32384 3458 8520 1965 7662 16225 20749 9581 6814 23593 20423 6678 3624 24705 16534 15202 4876 15067 4437 20244 26661 1566 26379 22165 25310 17300 12489 1201 25508 22178 28811 7106 28408 17217 20292 6901 585 17204 26050 4705 13429 31096 25174 5330 5329 2392 14026 18096 3164 21582 24685 5749 25301 6180 24304 26418 17508 4407 16667 27791 22467 8555 22566 32766 19696 3205 17956 22305 18647 8726 6995 6201 32156 7144 1416 17807 1628 9671 21070 14449 12930 24119 21251 13293 32258 19921 21003 18679 17305 22645 24472 2195 6172 10198 31780 27851 9798 20764 17503 16587 26313 6826 23535 24574 12626 27040 4865 148 14884 915 23847 32182 19918 29085 19769 18820 31833 26416 18081 23682 8128 14854 15715 23381 8677 3000 1691 21768 22473 22772 20263 21108 30469 22460 1853 21660 11060 24399 29933 24503 5900 11762 1065 3508 10841 10849 8704 14298 28837 2258 2253 17200 9908 30943 27951 11058 28701 18254 27421 19527 24876 21975 30613 2139 18509 6364 25107 29393 2574 20618 10741 2832 26162 26922 3504 23102 9530 29481 10277 32024 6566 10720 12393 9173 27725 24052 22476 16927 9999 17846 736 24839 30192 17447 7431 30326 7716 27452 30965 27213 19254 30142 27518 27531 21046 7072 31876 16939 24811 18772 4526 25806 8884 3585 578 22424 4320 8885 8777 3922 16827 19654 9483 1964 25773 28219 31873 11388 16599 28762 23682 1164 3426 30925 8763 908 19274 17405 9110 12711 19443 26015 26961 9964 3616 21082 30014 21558 5572 21588 18980 14345 17387 9035 23898 3417 16404 24072 27311 32596 8638 16512 16653 12186 22978 16843 12215 31516 2666 4426 19024 12530 32750 5628 14519 14064 6815 13810 14325 21689 13465 24105 14575 13713 9787 3507 2102 29494 20457 27314 12956 21251 9320 2857 5999 32416 8774 7057 11533 29242 4042 16557 21313 1029 26787 165 24886 27930 744 10201 7544 21142 19991 5674 11068 4766 22929 15037 10836 20954 12189 15750 8976 16327 29569 2399 10354 32257 12184 2644 8576 20727 20048 7538 27609 17966 23894 14925 22513 24058 32513 4277 5724 21330 15644 21814 6964 22699 4703 6397 26099 10826 28697 31110 6306 31458 6152 2706 11361 7475 11979 21087 9729 15534 21826 20400 17315 19603 28737 3442 28018 5035 6145 12862 15649 15463 13748 15842 18835 30980 20483 19863 12477 4208 14744 5266 27546 4800 5545 
18341 28181 11937 31254 12000 5039 19559 32165 19605 16801 4975 2743 14008 5613 13432 10183 20690 31538 18169 19615 16345 30695 22830 23442 3287 4579 8792 30456 29228 28186 31543 30012 9894 6670 29832 21849 24931 1306 25552 4161 225 20586 19863 27013 13848 6493 29417 4166 19257 24614 5574 2604 32121 13603 762 24244 10011 9080 21426 24798 19638 32366 22261 26659 7823 4130 701 9025 23751 27023 27854 15170 13460 13077 24524 2746 28210 30089 32377 18554 3717 14577 1484 21028 16461 15338 1033 18572 30592 9043 13516 6643 16264 27348 24282 18642 31479 32555 2561 19215 21321 25545 5096 17376 11738 929 20811 14309 10493 1929 22126 15159 6745 14505 19022 8172 921 3879 21301 23039 6375 14175 11938 24958 28318 19501 1757 2331 17388 17695 16762 14527 17012 19559 25538 8081 24649 24764 11083 9676 25940 9052 24080 31060 14116 23564 27179 15584 28104 9181 7642 4887 19523 4306 516 16064 12653 26489 4217 1541 22196 21554 31506 4 7717 7557 30136 5058 3694 25445 17034 1674 29891 30667 17587 58 15700 26744 17040 29649 31345 3030 1636 22997 25763 3077 22702 29210 26264 15440 5213 23318 2635 17527 24519 24341 13481 20538 4075 25497 25296 25961 29721 32550 9466 11952 23455 32232 16186 18249 21070 32066 1741 13644 5358 21110 14373 26578 13951 8887 15068 17160 28711 2383 2429 13825 15810 16583 26402 314 1600 7683 15596 8394 2131 6696 556 15229 18686 3552 21385 17966 14176 23652 710 10513 8379 10732 6374 29836 11425 26607 8459 17481 26386 30305 16330 1145 27723 18616 15421 23027 18235 26769 19392 25911 9392 11764 31076 18336 480 20616 3030 29940 7860 6521 27061 23708 15685 11557 15231 10353 5213 16042 2196 2918 18114 31170 15263 10887 15051 24808 2285 10005 8178 3811 19756 20111 4098 2578 5044 32366 28666 19037 8717 12865 20458 10755 22425 26164 10184 9242 4799 16093 10427 16445 27872 23503 23644 25295 15597 12761 16023 779 4267 11688 32760 22898 31528 2225 2049 9561 29529 22147 4371 5390 32265 5950 14135 21531 20039 55 7486 23543 10105 31264 6634 19759 25199 3475 12925 26827 9495 7637 24284 6192 28149 18474 7200 23528 23690 32644 6117 18036 15022 11077 3984 13036 5520 2648 10538 1297 13431 11836 22488 23166 7510 5475 18051 1983 32056 9213 15744 17502 17847 30290 26612 14753 16498 8352 13185 10826 12957 12831 7265 23534 31747 28521 8628 1493 
23454 24949 12830 7880 651 27619 7083 17172 2237 16916 25385 20106 30273 31726 8654 30987 18850 3830 9271 24864 21409 15959 385 23231 17053 22654 30234 5832 28865 2960 6519 23890 16088 3428 2063 32693 27170 3655 13523 12221 9017 25396 4684 23245 7109 19153 32406 20386 25081 32336 3434 11078 1335 628 4091 3401 2919 21545 29229 3429 10081 25521 7479 5951 30052 32644 30600 16157 28451 297 5184 27967 15664 22139 15657 11077 16243 3821 11899 6966 12658 14014 18754 29358 5219 22686 31658 24421 21736 1868 6468 21100 9371 17140 27996 27653 8133 24436 30143 16321 8028 8430 22211 2183 15048 18719 7858 6161 3830 21204 7533 23861 29463 31971 25500 11273 30561 20802 30378 2018 19408 18011 2257 10336 1836 15870 12324 27900 4396 1824 539 3375 11181 28756 12242 6915 25716 24483 10517 7538 12271 11505 25907 11242 5752 7541 7835 7414 6764 28873 29933 15274 4108 7590 16370 7478 30388 22421 25909 10882 11210 10110 6477 1960 24822 11004 9065 11233 27018 32059 29963 8953 28847 12350 29517 25939 31780 13512 9600 21778 26414 21814 12676 3570 26049 10317 14455 14598 1770 8565 26637 18174 6109 24717 19881 20101 28772 13438 13260 30157 20161 5382 11544 11314 6475 3109 20892 1504 1941 17291 32594 26753 22129 166 10702 3419 16803 31597 22886 29750 28297 22686 9590 13225 2889 26379 19030 28214 1415 10718 11643 881 9825 9017 23250 3826 2265 1588 9748 144 22841 23690 24470 10247 29868 29990 17476 27311 22143 24642 20549 26371 5003 16519 2177 16552 6176 16449 28192 23050 8202 7655 17948 3022 24905 18214 23260 5158 21120 5078 23496 27066 21517 16533 14800 4568 11536 567 4679 12774 9511 14481 10759 28147 22922 21595 3025 16249 20817 2235 29358 18350 6256 15956 14474 5531 7320 30292 27644 24188 28593 4161 21113 7276 12384 11781 7384 27285 14103 31675 31315 12387 8404 29246 32548 1521 30470 4024 28161 26958 11193 15668 1411 30907 3434 19430 10465 29750 27569 9116 20705 20866 13523 24063 16505 29580 28707 1315 20200 26573 8343 4016 13948 32574 12443 20391 25501 7172 14984 7301 24765 31472 653 23679 716 1883 7358 5121 1890 21203 10148 12264 17199 25982 7825 1975 23358 21156 6668 29624 19884 11099 13923 3608 30983 30290 691 6379 30491 31361 9693 6860 32195 9747 6470 14751 32111 15631 23552 727 19739 10004 5629 19380 143 24954 25657 17718 28273 17624 
21307 11151 32676 3542 10727 26490 31101 1185 10897 1958 22486 8728 22500 12636 31271 29846 25613 7049 15969 30166 6942 31816 20240 3647 3758 26858 21723 27105 28366 31043 12855 15956 3269 13495 24931 11402 4675 26806 966 14621 18160 17892 5540 31878 14796 20330 557 16866 4683 2091 4510 2839 4739 31468 16039 14560 21450 20703 20092 23224 26821 14897 15959 22168 31107 6340 21738 25505 6396 14990 8413 13330 8576 15572 30314 13738 16511 31437 28462 27341 3321 7331 673 28854 17914 32609 10757 9557 7208 4201 7389 7833 10479 6002 2620 25545 27937 16126 2047 27062 8097 16270 29990 17569 13530 12450 31702 26583 5558 22135 18180 20103 9364 16935 10655 17511 31543 26583 8277 18779 20867 30769 19326 3263 12826 13289 11106 2225 1881 6459 12306 16521 22281 18640 15119 8156 22760 29637 2051 17556 20281 5166 19716 27924 10084 8472 28738 8776 21762 8336 20955 11359 643 32391 22960 14341 10362 4181 3065 306 6516 21275 22127 7915 9924 29823 25415 10447 29450 6234 27563 18154 17477 6676 1845 17671 26184 863 13107 20464 28295 2850 739 12386 6458 19076 8190 16693 31009 16803 6215 31899 7257 6683 21294 29081 32719 1524 12028 10701 19365 30840 27916 4656 26345 32250 31528 4019 9020 19183 18106 20933 26362 10209 4614 20002 18680 18443 26130 12941 10992 25430 15723 32198 21859 2016 10776 28876 28273 7042 15689 30211 31434 15327 9435 17602 5225 29000 32419 17536 24008 11600 15383 12101 14507 17844 21095 1819 20851 30353 18826 23581 9176 7887 4176 5776 29760 44 32563 19491 17014 16801 1309 10455 4902 8048 29258 29333 17280 3148 8050 3584 2433 12000 6351 24318 11539 19202 4741 4923 12136 17642 23175 4449 28388 28826 10733 10214 29933 10762 9108 20716 20142 1714 32296 16242 17523 32321 3674 10970 28036 25060 27732 17786 27631 19039 24996 2704 4654 2685 6038 20448 13431 6480 19525 18830 10076 13148 21797 25428 11978 337 700 8440 1593 699 22851 1675 32404 13406 6042 8665 8136 171 32426 4111 21728 26872 16605 23196 21797 28457 25224 1229 30031 17344 25112 28558 22637 28068 11975 4501 3394 4342 15204 9686 24492 24517 16144 28953 27791 19930 16579 1092 32613 28325 3932 13511 28390 15139 10869 637 3414 3920 15832 10932 30366 29579 9346 4910 11503 14665 11047 12091 29028 7248 29746 25459 11216 29779 10859 11886 20128 25746 28540 30026 15514 24861 23691 28485 
31063 4691 2276 21867 14310 9305 23443 18606 5213 13249 22550 238 5025 31239 20413 21951 23161 6885 18509 22853 578 12774 23228 6963 17763 31186 323 29993 13106 12527 27555 24848 14238 10353 15933 13159 19174 22515 29588 1674 15458 6499 4542 21512 25825 21975 4717 28847 13611 8790 18942 11571 6686 17808 32650 21615 10947 15416 24136 26459 17294 11597 8178 13636 4273 17856 21339 28008 1994 13244 117 3522 10721 10122 748 5329 9970 2472 9075 31239 22951 30772 21640 12995 26214 15858 24953 16255 21929 27572 4706 20464 3595 15655 19223 2765 22515 12528 5475 24053 8207 1955 1765 10875 6579 23631 29528 27377 780 31032 20348 12922 24324 11497 16787 17267 6491 20188 25799 27845 7415 2766 15515 27164 4508 996 30887 12879 1168 4175 1611 17958 23949 23137 9155 24916 14240 13444 9174 14593 21156 13076 13134 31994 7703 7255 14524 6150 14237 30461 28705 23820 17145 21990 5221 29499 19457 32078 26196 20482 30242 9641 1925 17712 3036 19038 30292 7726 1869 6086 16656 22508 9398 15536 16186 23986 32032 31343 14178 13971 4825 17810 19340 29201 3671 31850 29516 10631 28976 28017 32653 22398 18087 8490 26650 21701 4463 19964 26541 7850 10609 20306 27863 14964 24602 7519 19306 22555 30371 23552 26396 6567 29345 12394 3245 9371 31708 13925 18627 7009 16076 30358 5165 26232 9258 19650 30870 6542 2194 28044 23833 18059 2295 9368 12035 16690 1028 25953 3885 29042 22115 19915 16265 28460 7145 30562 18429 21728 23900 30333 23362 10368 1314 346 6541 10927 10866 29442 31695 9295 27312 15318 13741 5112 21725 32225 9917 23827 4130 23727 21632 8190 8882 17992 22710 12880 10909 5355 22190 14830 18262 5092 19217 25 27787 29926 13582 5471 22753 23631 17866 15947 4305 7569 10527 4096 26173 18603 15298 453 3791 31918 22236 16777 23599 26889 14694 3870 1492 25352 9518 7654 6756 4691 8978 13190 1086 29058 9920 9197 5598 723 26609 31172 30067 556 1226 14221 3931 6222 31480 5711 755 2216 14526 31942 9260 15247 32252 10183 25884 12993 21490 26324 1780 8065 20163 24187 12843 30872 26378 26694 19034 23255 27510 24221 8910 21940 365 1630 8398 5124 21421 32121 12464 18748 7582 6203 24207 9372 2522 5325 27727 6047 26457 1242 4969 4703 14875 2927 12824 4799 13252 30962 24419 10999 6163 25697 20382 6332 32331 5500 16825 26568 5525 6053 26962 8781 6754 8436 
28739 10193 7936 14057 2026 12441 32716 13580 10239 31302 12779 19581 12162 6008 7423 5988 594 3222 11690 7179 22808 25438 15935 12730 23558 28080 29459 23537 13724 25080 22409 32164 10534 25143 32559 4977 13805 16719 5438 14290 13587 28717 25677 1699 6422 1394 19311 6552 16624 1631 7425 29923 29737 28373 19781 12014 25024 29825 7860 27936 13657 9400 12894 30041 16509 4098 24131 7334 26722 6908 29710 25836 23585 3152 29322 15080 25095 32205 16557 5820 5972 16086 23240 6323 20685 1256 20014 25518 10772 845 13315 32608 4939 19356 7944 14266 17721 23833 3280 18830 25335 3536 30125 16101 9122 4776 806 22534 7616 13507 9400 26487 16406 19461 15121 11052 19473 10764 8605 3556 7867 22680 29711 906 16064 17620 21908 5575 20352 20219 31964 1172 9430 3143 22331 17142 22201 20205 32380 22096 9627 25124 28802 9205 23353 7657 2946 15927 2456 15663 10449 10963 29758 16918 330 25560 1592 6989 2748 16573 19201 91 8076 20070 10546 30828 31141 19340 12905 26153 1076 17369 1829 22051 18104 31431 12449 30132 10870 1885 16790 26143 16078 32153 16661 27518 2209 25439 9634 2978 17794 26496 12942 23935 16098 28952 27309 1222 5208 26578 25887 12932 28328 168 24110 6610 26556 10914 8100 29911 28806 31198 1365 7894 3504 14857 26012 320 29794 12794 8823 9940 22633 1106 17349 27060 4560 1826 9990 25776 12878 12951 26873 26323 22903 11009 14325 2811 4919 3815 25022 29494 5873 9167 21409 4219 27936 22886 14904 25856 15805 25076 9375 28311 11485 17786 11457 24083 16017 9464 16301 12533 18191 29436 9003 10377 26623 29666 19489 10894 27951 20826 8196 28843 16612 18527 8934 26984 482 19224 31680 29967 30145 15773 24081 29876 13980 23905 15716 21444 8946 18687 17054 27575 20784 12159 11789 14414 2140 10007 19883 16491 11279 246 11847 4870 32089 20336 19360 1880 9017 8843 24808 8805 8328 25519 5497 3094 8397 21737 29129 29364 20610 20857 7661 17886 27541 8197 28994 9170 19382 32483 13833 10900 30412 931 25396 20780 3690 24098 26570 12990 5963 1619 12573 27167 27263 3899 9968 9578 28552 29849 737 18126 178 23079 23409 2020 4820 8766 12966 25586 3151 28443 10742 1114 29307 23060 20215 907 32359 7533 2635 23808 10136 23287 22713 28375 25250 13250 14805 29281 23925 29038 3421 5297 6882 8684 16545 5001 24172 30609 22119 25810 24900 751 1458 7161 14492 13059 
2444 6879 32756 17849 6669 4952 12562 29542 9171 22369 23407 24237 17570 12953 6871 22179 13025 24047 29208 29835 22829 13058 20667 22776 5581 2752 1862 1858 18191 14365 1473 1460 24658 19013 19592 27733 15197 2609 10337 21116 5104 1141 26194 5864 4802 32299 18697 19738 21696 17592 29286 28020 2423 29495 22161 1880 13735 20730 6363 6901 22363 28573 376 4494 28555 14024 24665 1972 721 28045 13749 13695 6041 21631 2194 17469 25283 708 10838 28912 28082 9040 8949 5599 1620 26786 10583 557 7958 15356 8162 24800 22711 31192 13794 25134 1666 14083 31494 31081 15927 29922 32007 32704 24468 11163 16932 3407 22881 14874 13391 25498 2923 524 29367 32360 6511 8706 4215 12466 1479 22360 22607 29814 18647 28001 3756 2000 31359 24026 13664 8273 22226 6947 25779 13744 14580 9941 5294 20150 20077 14203 7340 25748 22396 23526 5720 21501 26186 7071 16199 14125 28140 20347 23502 20790 7608 24660 28913 23228 26774 28322 15731 30069 9974 9445 14314 18752 5644 26343 24981 23927 19319 15656 19508 32305 5522 1198 17650 26401 30055 14149 31311 2313 10627 16840 13231 1 13062 20428 23549 6652 239 31082 1890 2621 17506 28327 32375 26426 23036 27629 11626 26889 27154 18708 29310 29948 17947 10151 30799 14108 18949 25623 10859 13961 4634 4805 7046 20595 1451 22977 17137 17372 20015 24060 10440 14129 1400 2159 23931 19225 30864 7416 3582 5506 6759 11690 24509 21025 6437 17434 19482 21002 25342 22484 9932 4863 3563 18891 1299 22399 8697 20759 12905 8204 24761 645 21962 4092 19589 8768 4097 9392 4624 21000 1855 25042 26296 16405 19756 25609 16318 19438 5827 4632 4671 1720 14103 21621 14991 22220 28128 16965 10859 14689 5017 31227 25409 8697 21213 5804 12534 13259 8037 2876 18904 10435 13745 17415 27648 23323 31649 26855 2313 18833 17699 14976 20209 17152 32216 28933 24018 28846 32166 28715 14728 22531 1072 8610 22095 8672 22549 5414 24617 20787 22467 12514 8497 28222 13543 32209 21871 22211 6240 30181 2695 20563 1147 23589 7754 6062 13519 22425 17717 21212 18325 26861 32282 12219 8525 4664 8821 20640 30178 19294 3477 20208 18396 30381 3731 3496 11799 24955 6231 29248 14192 24416 27984 15759 31227 31853 4803 27711 1909 27977 16249 17781 19064 20080 19781 8040 24220 31187 7614 30130 11208 25836 23210 8044 356 22760 20876 3421 28108 25711 2763 31328 11795 21950 
6382 19845 24014 32308 6409 24571 271 25109 28420 2674 16529 28947 14170 27625 6015 17702 11902 16877 29072 1833 30248 22267 699 16676 26570 18291 21455 24783 10456 16041 14891 32373 23326 25398 14922 10388 7506 4120 15593 27505 21042 6661 31299 22869 12940 31540 26111 28732 3782 9863 11285 24247 8338 29323 16103 16753 20832 4097 26772 5889 17274 6187 24699 26027 11071 23146 28261 24653 12475 14859 23054 5344 26215 25332 31057 32600 8981 15284 12596 18052 6349 26441 24397 2501 706 8798 23941 22905 27536 4755 31589 27923 27283 5529 13449 8791 17945 8972 17354 14724 5866 12657 32599 27784 16579 3601 12460 20155 30232 704 7920 29602 641 9542 14199 18443 26235 1410 1977 31435 29732 1132 1776 16814 28019 16460 27900 9269 5706 20780 30696 32290 20284 12794 23561 23337 11810 4138 31669 2161 12415 24218 27550 25450 32258 23111 27090 25512 4946 7380 5546 25797 21635 20545 11970 25350 20851 3811 30338 13019 21444 31966 8140 18416 27430 14974 10416 30458 30859 1509 5216 7158 14846 7662 30018 3365 13247 10086 32073 3167 21031 583 6645 24110 26970 32452 785 10656 10327 20344 6195 30104 9194 17087 32753 30830 26028 6003 4449 4325 11289 21448 27009 8613 16956 25876 17080 3981 10721 15894 27851 9208 5684 29118 3223 29287 10940 25026 29112 1005 5819 20335 12077 31069 7315 1839 32174 4008 26660 15775 9994 8598 3112 18749 14116 21214 8880 27683 11315 31273 13626 15400 14523 9318 921 11516 21628 25583 6584 9721 21004 7084 1924 20588 29050 3457 7830 31099 21926 26329 27329 8357 16352 20996 2571 25078 23876 7649 647 22635 18111 17715 29052 21067 27504 22690 9505 17888 26192 25772 12935 17836 27099 18547 28084 21552 32045 24329 25549 2427 7180 18429 9623 27278 16184 8215 11899 22357 23190 6425 22552 22485 19034 25537 8278 20780 23287 20919 3981 31438 17288 28329 17539 18850 24440 1389 16763 25659 26652 13546 17542 22053 11161 6832 10870 16760 12519 30711 29779 20879 30568 31548 15980 26530 2666 8044 40 10414 3525 5579 14139 22999 23263 15282 24365 28330 1817 4840 25270 3463 27394 31006 52 4483 1857 10912 10016 27956 3809 24369 18640 15748 6506 11734 9604 15573 5891 13252 21372 2073 7215 13610 7748 22828 13940 7314 23954 32230 24117 20507 10473 10917 11170 4674 24030 26587 11435 11776 24874 17050 6435 23251 2779 24326 3878 10866 23879 29443 10510 31217 
23947 5214 30503 2596 21666 14548 18197 29526 30824 10991 27638 20369 27689 4106 25600 23937 6900 13980 17750 27683 3992 22739 30632 21154 16443 6320 17936 31636 27000 14412 5788 4238 19753 28644 17486 14056 31336 3707 30874 3316 29980 22925 29141 13724 4881 6972 6430 11929 9956 4254 1578 31565 31223 32486 6522 12823 21883 21390 1722 5785 9129 13203 28332 16277 6691 19500 8671 29793 14156 16845 9324 29377 21055 14790 19009 31564 24400 22239 16803 6396 7422 29351 23977 4653 10237 22409 24575 30067 6539 11767 28397 748 3259 24531 10420 4661 11321 22248 1879 27649 26139 23568 19413 22143 26738 14552 3803 8883 29960 31359 24544 1102 22504 27966 28448 24890 6156 28464 6503 30260 13582 10208 28714 28399 5573 27246 6461 31356 782 183 11449 27723 27830 26164 26618 24689 3214 26727 20729 8431 21974 26735 14330 10192 12724 29332 24115 27687 26851 16752 32354 15516 16310 13102 29021 32238 12258 1265 529 17204 25160 13430 22609 11269 18079 31099 24807 4522 21130 27814 4630 22161 9796 9405 25700 22166 3738 11624 32281 2218 27051 16495 8420 18993 10734 20880 30300 4086 26792 16553 8353 12150 28147 28041 4688 23930 22642 32491 13971 4449 26102 12171 25886 7131 12561 21285 30050 27125 4137 2510 12246 2305 20366 32630 29683 61 17914 3441 6767 21234 9420 20124 6677 5142 10406 1942 5516 7450 3831 31261 7017 11861 23921 5026 18734 18750 20041 20238 7375 31360 24660 23258 12629 18447 23957 13273 16483 28511 31924 7412 10100 10936 12440 8262 2586 13752 1596 4527 12292 2778 161 10995 20109 22558 14876 6622 29796 15440 14420 27982 10078 8891 32537 20287 30165 24761 22238 4952 17260 30404 6730 26267 25722 23083 11440 9881 26792 24258 3922 32488 15450 21699 31407 25926 8445 8001 337 1487 25281 19019 10900 5504 13634 5834 18726 22206 8198 8611 9738 26962 24101 7843 16229 6850 11191 4877 25287 10914 18992 7677 3014 12236 25053 3956 20898 8705 25407 10222 3898 15249 13017 24582 12703 23148 3636 7805 27644 22102 29698 11165 19519 1609 30089 31072 17257 12256 3112 27646 28700 23271 4067 13183 19605 3226 10516 26821 26132 29250 9728 24796 30493 2133 27888 26962 30348 28362 7608 14798 12891 2178 20255 857 820 31929 3474 8323 21006 12583 22156 31625 22335 2596 8881 23191 23492 23066 14616 13662 5416 12295 8934 16803 7051 12984 6910 6984 4290 10218 25251 3090 
17488 396 23917 29324 165 3184 19139 16497 194 26974 3669 30965 26237 21370 18520 32720 7468 13591 17620 24227 3554 9612 30693 30520 18345 30963 8533 26707 6721 9001 315 10974 10174 19508 30373 29092 19434 31059 27090 29805 31144 26803 13923 17904 26686 1864 13106 16582 31606 27579 24693 9429 27527 23706 22752 2725 18343 22843 27990 14235 28547 4708 14238 21247 29214 29314 5395 17586 28395 30248 12332 30035 3364 5861 12871 15296 26204 19875 25720 5311 10922 519 14173 23659 15081 11580 23117 18876 3901 14281 32019 15493 14422 32203 18071 13778 3032 30046 145 17598 16184 26225 29104 30876 32639 10552 15938 15766 10565 29108 16859 18717 19026 25939 10721 10395 23490 17295 21243 17318 17783 26427 14134 25340 16979 22519 1328 21829 8332 23797 17000 24627 14582 2508 4649 25306 9186 13296 9863 29636 21291 9400 10243 27149 21145 21052 24166 28890 1947 25552 27731 12113 26676 29190 3010 12914 2502 26240 6353 25214 31543 23746 14756 7186 24998 20564 2141 11127 8926 11424 10230 3484 26095 29977 13868 17915 30778 5995 4477 27239 2192 8887 21286 24861 28921 19133 28538 2059 18215 345 5570 8115 20538 28263 27457 8537 9561 20181 22055 29246 30293 27601 7723 9191 26402 13376 12649 18236 10235 19348 19081 30919 18851 21820 6034 15676 18304 9372 22041 24052 13679 27469 15585 30439 30156 15149 28393 18889 22826 15497 17534 30918 10214 8518 16558 27235 1908 1886 8236 17198 7461 12257 14818 17571 27714 27039 3206 32 497 31606 8630 25599 27771 2827 589 23541 22529 16058 208 3834 7261 5113 23877 32728 1997 9757 3577 6260 20489 10706 17627 16049 23149 20165 5634 17327 4197 1064 20203 21327 12681 21383 4978 558 19499 2348 14983 18957 23711 25987 7187 32122 15555 17464 14785 14136 26695 16758 8443 29753 31569 20992 24237 16495 8183 20591 6115 18029 20889 9962 24006 11623 21873 14838 30261 21885 15666 32555 20591 21516 18377 8048 31097 8173 9309 22749 9719 23104 7326 1342 29552 26947 26770 31541 2117 6103 15973 23693 21536 18813 32470 1740 30219 10534 26693 7592 20916 11941 27928 23334 1291 10201 5764 402 7074 20536 4415 15573 5823 2289 10719 11746 13560 31805 32066 24538 2054 7638 8596 19479 19527 5272 23931 9556 14623 7512 1398 16641 32663 10611 18676 17931 21199 31654 30094 27764 29134 8905 24842 26835 28718 14873 16661 12280 28118 28014 26459 6616 13093 8306 
17443 8478 19007 30244 17052 1196 28065 22815 17815 20185 21976 14700 4015 31587 23539 16249 15611 5148 18807 14760 3612 20838 7281 30986 11842 2581 32488 21730 790 26887 16737 1612 19528 10376 21880 5210 14918 30370 13627 15642 5873 32699 16686 1244 636 5495 4172 13272 12605 30691 15888 25403 18455 5331 9619 11083 1903 4670 31502 13414 26285 9834 21843 19193 32622 21166 29366 14936 19549 7059 14870 1751 13752 30505 26152 21648 16703 14703 29702 7900 8424 26433 12220 4949 17907 14109 13173 27327 29883 7699 4846 3066 16020 16025 21471 26552 15270 9312 9621 11276 18487 16056 15807 6083 18748 5068 26627 17027 20880 21905 214 16696 15932 2070 5646 15403 10589 25090 13473 26928 13153 15544 3965 13477 18453 1214 10807 1141 21260 28343 21408 16311 31339 28363 22444 10274 4774 28812 20883 8609 20379 30195 3107 29661 31087 7167 9485 30901 6085 10565 30117 17214 31106 14670 26126 16637 11229 30590 18274 30399 9940 32006 3012 19937 27075 4452 8629 12278 16669 847 13974 16906 30881 6188 3803 32387 16526 22504 21571 4194 24844 7364 27859 24973 23743 9664 13669 24663 6447 11296 7280 19740 30323 10463 4237 1070 129 902 28781 30456 19120 23941 12742 22127 15629 9689 3481 20753 12703 17487 14312 3850 10552 14938 17384 8186 27217 25809 5608 18198 18444 5058 11481 7355 656 15124 18940 26459 24926 21283 14194 873 27324 16128 18397 6681 21365 12094 30169 19899 15390 11496 20438 25455 29921 29603 30734 23472 2791 3624 23513 17298 27678 19397 18441 5248 6227 17092 5784 13298 21725 16530 1612 31210 10312 30470 2899 29860 27037 24706 32042 9650 13246 6495 31386 9714 5241 1510 17577 25479 27450 16695 2038 17320 2234 7350 17425 2944 7806 9043 24739 17204 28914 4325 10681 15552 9880 28007 32255 9790 22970 16906 9289 4589 13917 5379 6072 32396 5799 24520 7387 13866 26665 10649 10934 13716 29542 11592 16819 16059 20820 12590 29771 26323 29464 22617 21 30720 6941 19196 6368 32447 21862 26616 32400 15900 4289 19114 2218 20010 11881 4059 11868 2922 5628 22584 16885 11806 29306 25301 9064 28021 12910 2196 10312 17797 10539 18802 6882 3592 24613 32533 32037 3940 13233 4459 26610 9455 2595 26938 9081 4147 2193 30786 7491 14042 24712 32056 24407 581 5359 18146 3085 11527 5365 25416 20442 25187 2344 3410 22227 30007 18500 14920 9127 30643 5377 30427 17553 30101 
17304 969 4083 2740 27190 12275 16262 11776 31977 15113 12916 18655 25378 7447 25179 27586 9928 24480 29295 17506 11215 8794 15167 10778 587 7479 19763 2328 28451 1236 595 17087 29390 30047 18093 2044 15967 6789 21096 24221 23200 28260 28287 26842 1321 26699 11599 16142 27485 22148 25351 27813 21379 9438 23101 3243 2350 23278 18604 14695 25666 5139 25271 17593 17013 7501 9640 11089 23473 16347 154 29343 13112 7560 19970 3175 31139 19699 19939 7543 22330 5372 13103 10684 14662 9872 6193 13408 11220 29036 16967 20756 14849 26841 8408 12987 30980 14995 27773 20645 31339 2257 17447 2441 31455 16247 19182 2373 4846 2310 6473 29152 12117 13550 7322 1033 13777 1706 18720 2902 31400 27509 20825 3450 5393 8806 27660 16814 1746 23623 26048 6245 32181 22759 21992 4363 26559 26360 8296 13617 2443 13767 15247 32186 3342 26931 15688 23565 20423 29070 18166 15086 32152 26566 4245 29282 20898 5586 16239 16295 9800 27153 31600 7150 7865 7088 20685 10335 11842 24642 14722 10757 12440 26978 24060 10623 2092 3882 20856 11473 5584 10086 26422 32596 30561 29687 23619 13830 21319 14544 14310 17508 14678 8568 13149 10207 16306 8443 4176 5995 22993 15574 21550 27562 31982 17852 30123 19662 18691 14813 21806 5289 9546 23916 30527 6709 14005 10920 27858 8389 5557 25497 18991 28474 14876 20273 5263 15905 15370 16204 15466 15127 8965 9141 24568 24233 19450 21926 775 2816 1166 30212 591 7669 20869 28299 20706 22380 18353 15558 1267 27370 12200 5150 4848 24367 15677 20725 30861 16860 27744 22208 10505 6585 20214 30271 30211 29674 28644 19780 1043 19901 16770 30431 5494 20792 31023 23772 2490 16358 14375 9607 29225 12272 19782 23049 10545 4464 24846 580 279 30609 13968 27340 7049 31843 24670 18346 32208 12373 16433 2312 26867 16746 3695 805 9757 19591 31957 28737 1996 28915 7002 16026 1717 4825 945 12442 28968 25746 3240 12757 11434 9634 19462 16127 10563 22001 29677 5780 23710 20530 26946 18515 2461 1677 26647 22814 10490 22777 14754 30437 2068 24935 19294 7313 24215 18534 18506 3104 7459 25474 16670 188 12901 25344 2127 21706 12041 8083 1401 21565 1059 20109 11883 384 7891 4791 13963 18769 13105 25319 3882 15726 29447 27725 29137 26116 9865 19663 14614 6436 31392 18527 3015 25942 30164 358 11873 3177 9053 361 15502 12773 15970 1558 18344 32563 28033 27034 
721 19961 24988 28115 2088 6520 28633 27307 25322 25720 21449 19768 18693 7896 28220 12199 12650 10756 6651 175 10323 4822 21152 1331 30047 17204 4612 30794 29596 26844 14978 19468 8323 1277 15150 14720 5095 31307 16571 5055 25954 22110 25647 14931 27612 5616 29329 28721 31006 7501 2223 16197 6191 5018 26874 775 11378 23251 3250 24458 1861 19930 20020 32448 9462 15109 28481 21555 31169 27059 5763 228 21260 19536 2238 1251 19074 3146 3583 23287 9902 8564 20900 16459 22058 23280 30485 30646 25355 26653 9314 3205 21479 4700 3084 32264 6594 15610 15373 31529 6437 11295 7032 15104 28104 27917 21635 15128 22694 14586 4431 13512 9353 5733 13557 15586 7721 28638 25358 17099 5209 31035 1697 25329 10379 6693 16842 15995 11155 26587 22297 26929 31531 25118 14374 13476 19020 29972 29748 3696 20075 4987 22464 13966 16369 26679 4796 4736 13444 26759 15966 3098 29368 29522 18134 5877 7323 22146 30522 15473 15260 28351 485 19121 31489 3321 15972 21542 26738 1880 4814 16597 9626 5689 10664 1588 4880 13201 8913 8231 12084 612 19550 19491 9063 27095 23802 10112 20160 9518 18342 24333 6195 26586 10406 1217 1851 32054 13056 17653 18738 18100 15454 21502 12502 23405 7517 6302 30533 26961 10224 1382 14157 13450 8862 28190 4351 7134 4027 32272 13841 22675 28787 8850 10398 12876 21613 15571 8876 497 17420 24791 32478 5860 5444 10813 27524 14433 8788 673 26857 28756 18195 829 6590 13448 11201 4386 18365 2861 17657 12089 23677 20341 658 3301 4102 29287 24542 10183 20552 27692 17626 17379 8410 6713 8081 5486 796 18239 6126 30904 20446 3774 30406 21966 2897 23286 20443 4890 9416 31745 752 1684 1512 19456 17168 3833 7906 23215 16234 8402 19856 28236 16580 18961 25221 1340 12582 30024 19583 31926 4442 12910 14034 21920 10572 17242 20694 13703 11617 32213 21124 13585 32598 2747 1040 26514 22610 3021 2892 16357 19509 11899 17359 29396 8228 20871 4400 24036 6012 4832 31745 9708 19191 4700 2435 12059 9404 11411 26910 9955 30184 31088 2716 29315 14212 3486 6055 259 11339 31995 2981 926 3626 4495 10243 29407 32762 21452 3501 16835 12781 29910 17856 31269 7813 8479 25014 23095 7464 3699 19817 32338 22114 6376 15185 3564 3502 12926 8941 14982 699 26787 19960 28300 17150 2044 11559 13570 17512 24169 11009 25151 22364 12213 14031 23968 16206 28923 
8158 43 23398 17043 31528 27935 4950 13328 28730 32328 498 10918 5239 27668 31401 22162 24529 20596 23054 743 22618 29726 17849 23593 7916 28482 29439 1240 32180 28816 10273 6337 53 22591 19601 19603 14976 20086 16762 16346 32463 30251 23278 10352 31163 30786 15056 29419 15912 24354 408 27969 1087 18826 22987 29447 9465 22002 18439 5252 20863 19210 11387 4561 27791 30413 14800 5062 4728 27220 23427 17183 19052 108 23861 7248 3155 27940 22172 23117 3005 31991 23146 23966 24012 19028 17415 20414 10607 10362 32044 19656 8911 7420 28210 16412 5344 9265 15665 27649 24962 21349 6746 23966 30837 7930 20373 11904 28798 15239 3461 24436 17267 28442 23713 2729 24218 4236 12691 26327 13318 14941 25552 3255 22728 8439 31629 32586 13126 26821 11579 17064 595 15281 15503 10613 7073 3725 17857 7693 5028 15935 8095 10119 29909 7555 32122 32119 31745 8320 31935 30623 530 15183 27098 28629 10738 29980 18621 19384 16943 5274 21426 3706 16136 20563 15541 29686 18878 17288 1982 14720 17706 13491 17067 3322 24012 1307 1649 17324 7225 15047 5299 14915 24488 1535 24129 12638 8822 19818 31884 27433 24288 9170 24327 16513 21533 16534 11993 17324 21436 25336 30233 21775 21589 5959 6099 19039 16795 12421 16633 26542 24741 20846 20230 13248 14819 14757 4040 32418 3952 28368 22900 22077 25656 23888 30642 590 175 28476 30195 31591 11696 407 22389 24365 20275 13758 16686 1279 15863 2094 9505 21453 885 22257 10168 29564 2438 7487 6993 6698 20985 23758 22412 31846 23414 18097 13199 30872 11944 15374 11278 24217 15554 22989 21370 14593 20006 3178 11409 5022 1222 15443 3292 17240 31976 16562 16735 6652 16019 18199 30656 9638 5040 20672 30996 23865 4421 28834 10633 5856 6420 8098 8956 31587 27385 2453 19635 26444 16349 3012 29800 20234 16011 5628 22214 10836 3658 23726 26318 15795 20282 6527 14461 2696 13513 5149 28184 27046 142 29318 28473 32054 7698 5975 13090 18330 336 8321 31984 2335 15221 29945 9665 22782 30611 6213 26000 24432 12404 756 29134 17122 16632 9538 16058 5032 3858 9307 4735 24583 10675 20965 27052 7011 21757 31311 19095 17598 13210 4771 13307 30815 32399 5067 16543 6316 3428 12788 11508 13702 29829 10762 28189 25818 7317 29556 1641 8635 4596 5204 14649 1884 1037 21796 3908 13798 6332 13595 18796 27442 31328 7557 32607 23459 1050 19016 24515 21876 
32259 8983 12875 29618 10610 2760 23657 24070 28728 21280 3851 23247 24424 18275 6366 1698 3564 7024 32737 14206 24431 25653 19856 3994 22306 12904 30992 12874 19658 32738 6609 21860 4685 3672 426 25339 8093 19266 9693 26672 510 30895 198 4730 4153 2645 18348 11853 13458 16629 22954 30515 3773 25240 28286 5221 11908 16318 5691 20684 2403 14461 30831 3886 31451 11577 26950 555 22888 22681 7550 20956 14352 9460 6854 2008 10501 25364 19382 9441 23048 15901 20186 20486 23984 8760 13120 11899 21950 13149 15222 25163 9806 18856 31065 4912 21004 18320 5841 1756 10349 12308 27950 2692 31219 26918 16729 32511 6140 12765 12091 10844 25298 9779 6026 25901 14281 18917 19357 8076 17550 15747 12954 7451 31569 32641 27286 12811 2245 704 3166 26124 1970 29864 14160 30228 10001 4755 10481 16378 3132 29389 1517 31200 32018 10236 20000 6523 2479 11739 7252 10342 10252 10242 18217 27066 772 15051 5692 27264 1066 28934 7550 20969 26220 4504 1346 16431 14876 22292 8173 2633 21531 12035 12911 31388 5067 2329 465 30689 17496 10502 31778 2003 14466 13119 30237 6037 15716 28356 9618 13956 25471 25607 15224 7484 18436 30867 10745 24518 2126 13097 10650 1328 13881 22387 31027 32328 9296 15205 15197 17284 7712 540 29506 17133 8654 16368 15419 25001 23096 20329 32323 17102 9146 31716 11108 23689 12590 23378 20785 26621 19083 7767 3970 14440 31681 27150 27650 16889 31964 20566 16759 30995 9197 21394 12847 9126 7657 25891 20969 10705 10887 15293 14081 22267 14804 29223 1306 25144 27773 9162 11816 3457 12648 13687 5171 8381 18640 13808 2548 12823 18969 10111 17217 24355 11496 7834 14023 15198 28675 20920 18945 15865 24416 9680 18437 26920 52 26776 8656 23245 18628 22580 28182 2440 29696 1052 12062 6740 8336 7391 11549 21904 16594 21659 1115 5923 32730 25493 16160 24744 3996 32104 13976 1309 32312 20237 10264 868 31405 24366 20346 26117 1415 44 23676 13759 7965 31125 4040 13996 23869 28248 14712 5905 15180 13317 24513 10410 21267 2646 4208 28749 12374 18592 30021 13989 16266 30978 4514 16105 19112 25743 6642 20312 25608 27329 10285 29263 7388 28467 1391 18868 14093 15802 30341 5604 15357 28607 1633 3950 26008 31961 28120 19237 31911 18547 17484 22182 23212 19546 7382 18371 24725 24479 14079 465 8797 2983 9158 16771 31183 7976 20978 11845 19803 17099 914 32066 
29061 7391 12747 18111 22687 19409 25782 29803 3182 21286 18072 5249 11893 2320 16598 8569 19741 5153 1980 17488 29056 26092 605 27901 16485 7914 14432 9076 15943 4934 10804 30416 21680 21482 15117 6798 4899 6038 31411 27205 32248 26646 31781 5210 8481 2543 480 21698 231 17383 23212 19743 20735 9411 5725 10242 31336 9213 21944 21552 31193 22600 9139 12087 12867 24716 22911 19573 28403 18095 4929 10637 949 5552 20602 11877 20023 15142 30838 17963 19079 19858 25986 19373 20797 5154 12682 12130 13797 17755 17312 12163 19765 25955 2039 10509 23713 28110 5556 28199 10040 15337 25650 12681 17755 13254 11952 14154 23128 3872 22564 9720 23439 24945 22839 15844 17329 18986 18097 27533 26649 30862 19336 18445 11975 29339 9888 2579 17860 26705 28625 14845 29000 21026 28555 8107 17788 22127 27478 16247 4817 4207 29455 22223 27628 26238 22708 26645 12230 2993 6430 1146 15294 31650 10722 13806 15552 18766 17386 14313 30349 11004 29948 3090 19851 21937 15781 30033 19147 30900 5795 22859 29376 18006 9577 26292 20178 32742 2458 8649 10398 27482 13644 15521 24593 1340 16421 16210 16986 32755 26794 14102 15567 9213 14660 24657 30878 32423 30302 16141 14871 10397 24930 24666 13652 26612 12791 22018 22981 16638 5189 29566 32125 15043 14627 3950 743 21940 15658 31683 3754 19206 31118 16250 21389 11487 18513 3729 4857 16410 9056 18397 3732 16449 16376 15772 8703 535 20959 20042 11656 18764 19050 28545 23510 23255 6393 29285 13177 8623 22831 8118 27770 31104 9645 20367 12436 23835 22588 3703 6910 23674 27996 5118 267 18631 5380 27162 30011 25770 29526 18094 15377 9606 13361 6562 1386 7670 20450 18550 29001 5117 18343 28446 1757 13354 4845 21429 8821 24282 31354 6236 8261 17141 5255 7422 2388 24379 32059 4064 4928 13037 5968 6842 28069 787 30075 27287 21516 528 14617 9681 27167 10880 30469 22646 12547 3131 11113 12252 11559 6337 1525 2362 5014 11819 3114 31648 24681 29271 19566 53 10142 23855 27920 25562 25761 12746 27620 32693 6398 26302 16931 15553 24478 9797 29138 29007 19731 30204 7600 2518 25529 26764 2887 11719 27889 2138 4605 9757 4352 26796 19212 18911 10709 10935 3346 6431 30893 24433 14638 5353 27004 499 11644 28012 7079 11808 20254 9392 4477 21419 13568 14861 6956 1806 27640 13813 13061 9272 29877 21478 12698 13414 609 32081 26660 15429 32522 8064 
18237 7714 7106 15525 11204 28175 16302 17088 23348 6119 15657 31345 22139 26029 27590 23993 21675 31392 9578 29862 24542 22240 30014 26545 13818 25436 20314 17709 23978 21128 12883 20832 7102 12146 5510 26590 18634 5284 25096 24441 26282 14170 7351 20940 30858 29058 207 18547 27521 27609 5375 30449 29426 25014 16958 12551 12350 28663 125 12594 9342 25928 28146 20487 25948 15573 27749 11381 25594 15856 30112 27019 29695 2346 9711 31978 27527 7867 13644 31699 14241 5303 6311 16300 14998 26513 11516 4489 30298 27505 25749 31059 10365 20763 27961 11941 7892 31248 17105 22237 11558 29808 4835 22852 14673 16418 4003 28470 10184 2000 13826 18067 3278 3422 17197 23672 2951 20543 32611 10831 19528 3257 6957 12944 22997 17118 10183 27765 3801 6667 5127 28922 30563 14232 23022 24108 22820 23796 26756 22979 3900 13412 31520 28373 2145 9775 18478 909 18767 19794 16726 9449 16041 24261 21240 11729 8211 16218 9639 23018 9060 14003 17443 14682 12159 1517 6394 10872 2531 4706 14087 28629 9023 17632 31504 17057 28115 5125 22289 18857 28633 21573 22784 19279 17937 31142 27976 19010 24474 13798 1642 12438 26099 16335 24134 30888 19833 15005 8239 9293 2418 13035 16744 6196 3937 27388 1824 7851 7003 551 13873 12513 30067 26978 22652 2708 15176 16592 10686 18720 2319 1619 23157 9504 17813 7756 3180 12134 3020 2623 15877 28005 15770 7719 20851 5454 29577 29783 5972 29555 6780 18887 7473 22876 3081 19591 22768 19109 7306 18604 14714 32145 5273 4700 22832 22417 5088 12255 6632 2845 19972 8727 10228 28274 6128 21624 3321 12082 21415 9054 3028 29047 11308 11949 1044 31237 15056 7924 568 5261 3285 17689 1386 12159 5750 32374 17923 1964 14954 30630 22529 17451 23400 18196 8943 14400 10903 12295 2869 8995 9570 10690 4517 6133 13000 24212 12510 27309 31451 20368 5946 597 13415 23325 32184 25450 21743 19811 4736 8382 4665 10081 29251 22117 30138 10761 3064 28245 10058 13406 25597 12116 4510 24115 2637 7140 22044 23735 14946 19247 7968 5363 31225 8485 18859 2241 25184 6987 2023 31187 3830 15699 5938 14436 300 26444 17577 13346 29394 18679 8659 18245 27849 1218 27467 17482 16632 19495 15523 29375 32481 2917 8022 16033 21621 12106 24641 981 19359 1573 15154 4982 27240 17495 2763 26163 27366 16344 3017 9395 21987 6364 25129 11763 28706 22039 6603 25557 6473 3702 
14661 20365 9043 10147 16343 19269 30756 3352 7700 4134 4175 30612 19401 24231 25312 15777 3217 24593 22971 26891 29227 26338 29297 28898 2703 27224 12932 8406 5107 20996 19933 12184 19942 32481 6000 21576 27421 9069 30331 11213 21157 1014 23207 19701 22739 23490 31264 21509 21742 24027 61 26864 561 4803 10170 14274 17595 18648 20597 5494 12452 10539 5702 30411 1051 13372 21895 30004 3183 22284 20690 7460 1298 13557 15739 27050 22822 11686 8136 25841 4093 7878 6170 2522 12501 12572 18912 19002 25915 29176 16332 9489 21796 6846 2911 10886 28483 30382 12504 7937 25113 24772 17002 2040 23428 28027 19021 12808 17255 13022 13479 14654 5605 5863 23865 21099 28036 6965 29981 31959 12409 4063 25718 26360 2827 21197 12058 16241 5135 5773 10107 30006 1977 3575 16616 32507 9374 16008 14042 481 31123 3073 27216 18647 21820 31010 24496 4225 13991 28471 22552 20870 4497 17132 10031 4098 32630 28531 29959 13663 6307 143 20969 15449 29055 16226 7127 17973 17725 16146 25019 8837 5879 29748 30859 24404 29292 23908 3722 18644 11520 24625 28238 31557 26261 7082 19564 31119 23927 1451 25671 4485 16695 9595 23026 18706 5727 21282 4815 11613 20182 22150 25451 27297 29241 19979 15394 3228 28348 12176 25986 14767 31376 16840 23300 32255 9937 16265 2084 26732 15317 8103 11798 1767 13963 23076 14073 15526 312 16655 20108 23871 23187 26073 29554 15355 15401 21264 16296 18601 15124 8870 1773 1572 12390 29937 28283 7026 17908 16905 14284 22798 15689 23989 6421 13772 7888 1990 9455 31334 25004 19790 4352 18857 4518 23262 8080 13199 3100 12883 21149 31826 31644 4147 9228 4059 7589 11298 13196 24331 13973 2312 26308 13715 26110 14029 31178 10964 13810 29049 27627 17829 32387 19213 5714 17238 24191 9337 25125 32670 6637 22725 13477 27730 6118 5320 22924 4240 20745 10482 7408 13746 7388 8527 27313 20004 6068 5499 13161 7118 10073 13833 19749 26161 1834 5316 9865 4380 31623 17275 4899 13495 26825 11777 3219 26112 25464 705 6442 17348 19159 27002 13377 30584 29251 15109 26748 19960 27837 23901 14254 22675 9854 19071 20963 20026 10324 5209 2199 29108 30707 22421 29525 7947 13138 25861 23258 20562 32465 31531 4742 4255 2968 5774 11962 28904 6194 9592 6228 21154 15168 20466 16997 2131 10515 20750 13313 29110 21538 16274 28705 27629 18323 3473 21000 28310 14952 18212 7957 1992 
965 10778 27718 23193 2370 10392 13370 26284 11746 26405 28268 31509 6358 13244 4040 11084 13715 8467 86 4322 30680 32145 26896 30423 7379 23258 18449 2301 14022 21087 12228 22988 25913 26577 23310 30290 22258 24740 14839 6835 6735 27543 16182 29733 17750 11604 1122 3810 26279 8640 12559 19678 2883 29352 30003 17996 622 31166 24212 19389 22522 4915 2679 13070 7484 4204 3176 27871 10543 12331 8832 18211 27773 29343 8818 17795 30074 7203 736 24340 4099 7881 9131 8545 1915 32240 30560 23701 20340 6644 19374 9732 3111 15473 21733 21043 8705 31877 12089 8600 3362 5487 26869 7803 25345 8591 17500 8818 887 31403 9874 24127 28050 24929 23309 12599 27354 13620 32135 10615 10347 32355 21312 213 6277 17238 419 30451 2579 16153 28356 18420 1860 17767 11387 27146 26503 24054 2167 4231 30547 7993 13636 17818 28451 14414 13503 3072 3707 9294 13230 7364 30433 6153 4444 22256 8878 22588 3361 8837 1848 4679 17929 11980 31555 29543 6502 15550 17787 9593 26703 6310 31521 31035 20602 11689 24293 20653 16663 25034 28587 5725 14586 20069 4194 18821 30910 15241 5297 3641 10976 2320 14776 11664 30732 9724 30652 29490 11864 28758 23291 25282 11578 27608 10021 14711 32729 17165 29937 9917 8165 14688 18432 17266 17226 11245 30430 15654 21442 26954 12116 14448 2740 9578 10214 4445 21741 22392 5587 27691 15019 20741 30043 21211 12678 25360 868 19470 1506 1542 4773 26282 5183 8248 17681 20954 29927 6627 19195 24656 27856 19995 15322 884 7949 1510 21708 25760 9040 18879 9951 22477 20208 4035 30510 13635 13226 14189 25541 9683 11936 5924 2446 2014 11444 10549 6744 32196 32005 18573 19033 8759 15766 2324 23437 13505 27785 27541 15978 17153 24230 10038 9165 8319 5158 31495 26721 22996 14958 2767 9756 11834 5106 26914 15028 22974 23657 11709 8341 2938 6078 5980 23977 18043 29163 26410 1514 7517 24444 4048 25391 7880 2576 26529 4892 20074 27649 31348 18108 32509 91 1653 6084 21948 4757 23645 30007 15351 30001 27640 11086 3568 20916 26542 31781 23217 16889 20438 27078 13358 28340 3797 28287 23069 9670 8947 21893 22290 9116 16961 7023 15791 28100 8464 12487 21326 5324 26034 15337 28099 27978 30254 4824 30617 7399 23743 5271 29462 21757 21468 18072 22126 23646 16706 32236 8923 32361 20934 31940 26192 18006 9569 9249 7488 21211 3375 2480 6276 16189 12306 
29121 1326 3836 4347 5904 28863 13525 7586 1231 13506 12663 2695 30462 16779 2855 31786 16624 18004 5860 1232 17144 290 6984 18617 7705 10523 12598 19804 1185 16673 21477 26784 17055 19834 18711 23987 14069 7935 30839 11922 3428 20188 3309 29335 23495 13528 3719 20742 19037 16987 2084 29220 13084 16401 27880 22263 22574 5174 18707 19192 20792 7837 8013 27138 31164 6814 32520 14603 30354 26786 21109 21969 21612 27209 26133 26668 29442 13729 15733 21154 12655 12941 19608 2065 16490 17299 30126 935 11480 750 2930 25866 25308 30897 30964 6375 32296 16267 11206 4716 6446 8150 5492 12016 30453 16452 29487 5158 32227 18577 13398 11793 2849 20275 8529 18615 27123 20318 11384 28002 6588 11236 6666 14678 6635 11518 26886 14167 29126 20325 18728 14212 22980 31419 7415 2160 12755 6070 15371 15369 1151 17010 19532 13757 15020 1158 31966 19634 25784 24732 28209 3669 7832 16814 26765 15413 2852 28494 3599 18137 28014 8149 21903 19097 12208 22584 15361 18575 27105 18461 5979 28501 31475 22442 32286 22026 17337 3097 15801 9684 456 7166 6799 31985 8049 16719 3318 22618 2848 32162 32247 4859 12120 16481 20975 12379 6109 14607 19744 30655 5976 27097 28752 13131 8799 19457 12350 7876 2428 3131 27865 13520 878 23966 31886 15399 18099 5692 1403 15991 12920 22057 9304 24208 20428 30853 20738 22372 11288 6837 1038 21638 22295 31747 618 26329 1394 534 8852 8496 11239 9447 25064 3483 9899 8135 24291 23826 23015 10860 15487 7450 17186 19991 10980 28337 25795 6639 19569 11970 4195 23270 25657 32732 19297 27088 31496 11680 29971 11539 31343 16303 7593 25670 32224 1767 11321 281 28362 20957 19326 29961 29372 21669 21318 9229 3721 20563 29755 17237 27108 10481 12052 28426 1806 2372 3592 25188 22455 11256 19051 7658 12370 817 14595 12207 5717 30421 5673 18597 20030 21818 27424 21679 2491 28667 31364 13372 24433 16814 20952 2775 15935 5956 22458 4385 27849 9056 16352 22991 8791 193 477 30995 22596 9147 21126 28655 7875 26456 4422 6381 1307 23589 22065 24321 21144 10707 25012 31998 30912 14465 31167 10826 31366 10928 14535 2949 20536 24972 31548 15500 16851 16777 24774 434 16798 15162 11648 10095 21506 11498 3010 28769 22671 7961 25858 20796 20761 13675 17971 12498 21032 17665 22994 5671 7590 31649 20845 28087 9352 31191 26806 14293 7273 2856 1503 19188 5898 26467 
18860 22060 9471 18002 25751 19608 9098 27058 5074 17218 1546 17951 11915 14313 28433 4139 2117 11983 13640 25102 10407 5266 23807 4182 10789 3813 24928 13259 25457 69 12775 15333 19857 21759 9831 18192 22901 6817 7746 20355 18410 19983 18491 28458 31153 31619 26368 1938 20576 32426 6599 5372 18913 15876 8068 19072 16601 27917 30679 23060 20380 7784 13817 7694 9731 4483 19742 5257 27471 28767 20956 8433 6731 12831 31176 23355 18332 19212 12781 11144 13839 17000 29359 3972 17332 7608 25542 32372 864 10361 4699 14700 16741 20898 11846 17349 6535 1354 8183 13803 6273 3270 185 17570 22136 27769 19562 21034 31363 8607 12160 22926 26636 28623 19933 29646 24700 6829 27494 9216 20577 7700 21156 13474 688 15364 32052 8132 21493 28946 10341 9112 21079 13497 2146 1255 3532 1071 20351 734 30014 6585 17669 28105 27489 10739 22885 30254 28586 16712 23678 29362 23681 25416 11523 17069 10466 22979 18054 11125 21770 2115 5109 7439 5266 30421 14683 23602 4146 27474 12399 21395 8751 23495 3431 23075 3121 4312 10753 15625 29475 12869 3483 11228 7349 31090 16950 2272 25778 12320 15715 2685 11221 28673 14218 29561 11268 31090 2566 13163 19411 26655 28385 25123 22748 18750 25338 26805 3945 13299 29265 14866 15872 6488 6289 10334 14102 17717 26167 9235 30020 7634 29468 13676 8717 25482 14698 17179 16409 23476 1436 7586 23329 23354 30920 8413 25275 30796 23194 166 19718 18809 20981 3413 26393 10613 16464 4457 23929 9374 9391 24905 8488 15701 27722 27811 3633 8214 21467 6925 13062 11358 14382 21694 11404 12014 19088 24489 7120 20147 6396 2163 10560 28580 26410 32514 15405 4586 30657 1219 20061 3784 31766 29555 2793 25897 54 27476 4866 28659 18064 31548 400 27384 28199 17881 12104 4710 17656 10063 26378 10936 15874 12148 14229 18943 26096 2453 92 8764 21454 24559 30325 2972 18890 27220 19344 25989 11870 18452 22434 19606 1342 13973 16444 127 2650 884 9211 9591 10926 25829 12509 4683 5991 19126 21275 18649 20182 25639 8440 4177 7832 5357 19149 8733 1550 21968 26674 6713 6314 3527 26554 12661 25643 11383 25450 10469 28684 10112 20694 9384 982 28724 16114 8700 1917 12787 5157 31852 9403 4855 9337 1958 24024 5673 7583 18860 27367 20968 5813 30306 20381 7269 240 28591 5064 1066 23924 6791 5818 27381 2684 4374 12916 15331 21192 4083 7651 8884 
2470 19782 2184 16668 11803 22093 29916 15682 32226 705 15363 24081 8692 1811 13002 22962 14903 22575 9806 15153 21392 18997 32021 29667 12265 18993 17758 24852 15055 19197 7251 18154 27180 12275 21109 21777 10278 31988 7333 23092 13676 6683 26120 22765 25585 16497 12709 28151 8162 16115 423 23847 28593 27996 4191 19029 16922 20059 24285 15365 27318 29258 11834 3722 2099 25402 12814 12023 8884 16662 29688 7814 14252 30175 205 6737 27642 10312 19179 6471 18418 14830 15345 27953 15977 15013 15742 21801 28312 23500 20777 27 26787 19246 23591 12944 8593 1757 14324 26807 21606 19666 13501 8796 15589 752 1156 18583 1468 11204 26550 27023 14226 14018 25050 17971 17609 2082 10777 20822 2846 8465 20203 9832 18076 9795 4297 25003 27543 6177 32671 27093 29567 261 9047 1977 4128 26884 11750 19322 6208 2540 21541 31353 23959 31446 15988 28125 8743 31849 11834 16016 24027 22371 17536 5252 14880 12411 13622 959 7089 26777 27656 23144 32065 5967 17267 30833 23364 30036 931 15860 13051 13571 925 21179 17589 1356 23408 26806 3707 21112 28539 22098 15067 30272 26250 30835 12900 21806 9432 1609 11614 24233 4120 28937 21500 26843 27392 240 14809 28269 13640 22475 12476 4065 7559 5740 25773 7191 11951 28784 18094 25945 21184 30367 22835 5877 9741 24329 23889 22013 24343 22801 11858 31546 9862 27982 27829 22461 29103 19614 21518 4370 30061 4943 3736 32007 7595 17419 694 23932 2655 9652 8791 17504 9643 9514 32504 10703 25651 31982 20687 2596 17055 4954 15194 7046 21269 27120 30818 11593 18862 31078 8308 28264 28126 14 28767 17377 22905 27503 29362 29801 28380 30955 72 993 17156 28676 21977 12754 30735 4661 32692 13634 19819 31352 24915 13259 17499 7057 23143 20806 24701 6524 27894 16711 4183 4856 4343 17994 20277 26059 1785 8970 13081 11652 6029 29869 12806 3408 20887 935 24812 7748 7985 14572 23702 24309 26999 28483 16534 24421 665 13245 28264 16836 32750 12284 21482 24691 2569 31060 2231 15894 7179 28185 28019 5381 19373 31371 12027 24697 13514 1539 9538 4115 30701 16326 23685 19870 24889 5354 24676 7322 18597 16503 27335 20654 20902 13340 7257 15073 18065 10658 30908 19852 31153 12431 9457 8158 23130 26620 30169 17379 21317 27439 5909 13543 13848 12476 2610 28509 16366 16560 30181 7329 5091 4359 27759 17698 8106 29089 26759 5126 13648 3631 31128 26064 
14530 9682 28352 4686 26610 15905 11642 5961 28132 15294 6318 472 20641 17052 8443 23394 19489 25490 19605 19529 8200 4192 572 32721 22592 711 32474 19928 11680 5884 28617 32549 31771 18647 31588 12824 28742 15499 15828 26702 6319 21580 21829 25887 27442 17057 1860 23660 12691 5734 31112 4800 16539 28046 22952 10257 11284 19201 15313 12068 22138 29244 22099 4647 30360 24665 9543 30874 14536 11574 10417 22292 12468 29512 6087 30366 20968 28598 5685 32678 16780 17343 21898 16013 18787 15326 21725 14389 5954 19289 11438 26476 30003 28471 23822 8190 623 8890 9514 793 5677 25684 5443 9303 2923 17206 5336 22572 30498 16482 16547 30695 26899 30811 16073 17235 23697 30366 7668 1703 11094 25954 11633 25982 14806 4469 28396 21480 5225 27227 19105 1187 23023 2352 9849 5225 13763 15625 6041 25017 2087 1525 7123 23992 27718 26857 7429 29057 23191 13117 31948 5026 9500 20335 2846 13486 18972 10053 25759 13713 30108 17678 17924 15507 1465 28833 13106 5620 2781 4295 11538 1957 14349 30802 14105 15984 18812 9391 12973 5071 24772 2889 1019 11401 21009 18875 23230 10779 6590 3361 30702 9107 25834 2231 10892 9726 4527 29512 22244 19018 4086 26853 25079 15365 14245 6124 18157 25135 5980 24112 15521 15670 30297 4857 24342 23705 24675 1357 9940 16821 27673 15268 21480 181 31618 17194 23491 28443 21685 6642 31681 16324 30044 27925 14678 2631 4329 18347 30463 13663 5588 28569 21459 22301 28597 6302 14006 30898 13593 29855 26716 3645 20669 12472 6985 1357 23108 27599 21858 10325 29512 16684 21281 24387 25399 17711 31044 13053 20279 15957 7497 27086 4311 102 8235 4847 12165 14236 26763 2820 7823 8707 14987 29312 19077 11477 26302 1008 29375 15157 28892 12409 28570 24982 10850 25124 12327 21306 10973 18387 14463 10312 19078 11918 28352 5717 1544 15208 8535 197 3702 2029 3043 15866 13135 20203 28141 3267 10674 30092 4095 3211 20503 22260 3347 27326 3911 21090 13933 7575 3160 18553 21358 167 24795 11208 10344 31383 1520 5076 30276 14290 19075 6754 14064 2810 22137 13590 17762 26359 27288 8152 16576 4610 9436 27874 11806 1270 8585 25456 29836 11173 17310 22648 18085 14319 5607 27708 8838 10847 21861 22124 17601 31414 27702 22321 27997 25719 22093 23013 8926 3463 25244 22291 29533 9020 19397 23532 15980 12299 23461 32309 4555 10808 18719 32589 8606 28576 28936 21716 
19290 24018 24580 11719 8379 26683 6481 28432 28298 22276 28587 603 7938 18118 1781 7862 3210 5862 16228 29938 27910 1727 5998 25632 8878 20610 2913 15108 11822 32439 27301 15652 18251 2580 9648 27408 26251 30766 25486 19024 32763 7424 21971 32475 21267 15700 4121 14106 22741 17578 23541 24921 14007 2903 11514 28306 19068 7848 21630 6820 20558 3679 2474 18757 32672 11861 21140 17055 9942 25605 466 22286 8401 30932 24602 8665 18740 2942 32209 9200 5155 7609 23933 17691 3770 29652 23364 13948 21508 9647 26782 20430 2532 24429 10737 31529 22141 7068 12572 26842 16482 17639 24710 12706 24402 14377 14679 10538 17491 18111 21607 15930 28836 25824 32346 13948 24322 27922 9101 321 8353 29585 22724 19295 28803 26278 14470 17999 11795 24558 20356 10442 2693 10111 50 7228 14363 4826 25648 25088 23849 14463 21501 31949 5947 17630 30877 6551 26711 12534 5377 11442 11219 7448 12481 30439 3803 8281 9343 13425 9321 25051 11801 19229 12726 9500 15738 15047 22387 8894 22767 2546 6390 14354 27373 8134 32440 11705 1934 5857 12151 27815 2265 10645 19161 2574 16241 10558 21949 16862 24109 30143 30285 14937 27120 2389 5335 28315 12492 21572 11012 22183 7870 31995 15021 4642 26371 21733 12370 13419 30444 14487 3856 13951 8764 27805 21206 31455 29883 3438 24865 32509 4923 27333 224 5358 15590 17851 25904 10446 29286 12472 31096 7413 32454 27217 2746 4337 18867 11908 2205 28360 29617 9229 25872 15676 10584 25282 22100 1772 9197 17418 6844 3073 16681 21527 2898 14653 1074 22993 11395 12873 23860 32658 13970 16911 18581 27375 27354 31623 24189 3936 30444 3323 17158 731 25327 17697 5515 16811 19137 10609 20455 366 21890 15173 29314 23116 23462 13117 25589 19541 1673 11847 31241 29798 30745 6626 22489 15252 22064 14420 1782 15454 29280 3745 25947 24374 12997 30208 1751 7687 16108 10687 6552 9317 5768 26486 26064 7318 30848 1842 11758 31388 7987 7081 17182 29445 18554 25874 29289 15254 20961 23388 11451 10885 14445 15389 10439 29834 17615 22497 8326 27103 5445 5073 11703 18010 35 5484 25453 20902 31672 21313 4584 11697 25304 5420 10460 16073 11028 16209 32125 7388 28908 28111 5287 6495 22967 28344 28513 15068 3204 13021 17773 3688 24243 31885 17816 20833 29094 12933 26018 2684 1035 19921 7708 12878 16145 21427 18684 14651 8360 19466 9971 20956 3562 12412 31819 26419 
15590 24614 6578 18584 2914 19671 21740 28490 12634 30439 14234 25059 17993 31391 21272 19993 2824 20090 9094 12803 29119 15848 13282 30250 5229 27230 15864 25909 11016 3116 17027 17503 8950 27033 31194 21691 3865 26917 29289 9964 26139 26435 11353 29120 5258 18235 6478 22473 26165 26282 691 28907 31936 13593 14732 29212 14759 18480 27371 12187 28873 13711 25551 316 32236 9977 27597 9362 24917 25340 3050 16358 30485 1793 17125 29075 13349 10257 23596 12544 16818 7960 9654 18312 3647 22165 22200 32327 13275 11116 2318 995 8621 12351 21548 31857 4925 25891 22465 29178 13070 12907 1191 8444 21242 13313 26468 29251 14898 31786 12115 4087 10031 1898 29872 45 17807 29287 18560 5944 13383 22684 3380 16803 30380 31894 26550 5432 4291 28931 10090 27033 18863 8706 1781 18096 24515 29723 1728 8932 31875 26370 566 31061 5024 28828 27553 8085 11639 1616 17391 30505 25752 22124 22906 23777 24676 32120 4901 24650 16840 30769 25401 4995 30885 2703 3875 14744 32478 22784 19087 20560 25710 54 30322 7366 20270 13522 1897 11942 23303 469 19395 4072 20839 28498 26971 5959 2106 12372 8719 29821 16979 11374 9352 31122 29357 14656 4762 8451 24880 17777 28758 3531 4388 15754 26195 16203 7274 9842 31434 18333 27117 843 19884 28767 547 31823 4295 17162 1689 13752 22571 30891 16869 5906 21008 23051 291 29622 5318 5187 2439 17083 13608 17754 27015 19695 23831 24008 2008 16521 1873 28365 24868 13006 23788 23049 12580 32127 3205 3575 19688 15160 12611 23609 27891 27318 10635 9549 22653 28012 27203 8792 23452 6126 13231 5922 12033 11526 29915 21180 4977 27470 9606 19099 20602 19092 30965 21823 6892 18119 12780 19312 32514 13636 6762 16462 26173 29633 27260 7457 22406 26366 335 5505 20768 20869 20606 6723 27576 4662 5494 29706 24385 12220 19352 12138 12579 24205 23213 4456 14501 14308 22145 24851 15596 15605 437 19804 4706 12759 4986 21631 23884 2680 26319 25013 14770 18293 28947 8843 13063 9477 3485 22708 8780 6312 7397 14641 9567 9245 15989 282 5737 5992 9155 478 20263 6775 7783 21324 3855 7678 16035 12950 30846 23796 16733 9462 17884 30440 28112 336 11581 8921 17897 9470 15248 32240 24193 1110 11589 21676 29744 26810 8120 20596 21382 834 19782 31585 8413 20577 17950 5798 31217 702 16659 15815 29028 18413 26856 9860 16110 31060 17835 5329 24385 24775 
4830 25483 26473 20078 14121 19201 32023 15444 14208 3638 24156 24813 12865 17815 30559 2484 12973 21339 8563 1923 17541 9704 15416 22693 2593 9836 17163 16142 26724 5737 30222 15797 32194 15730 626 23252 19877 156 7218 11643 19858 25539 15582 19731 22404 5346 1335 19972 26547 13678 26279 1901 20776 15659 12266 24352 31999 26834 7562 3944 7534 6137 28854 1443 22591 3754 4693 21550 23662 10335 275 32045 29592 33 17575 28675 27698 4044 3602 30899 3771 7245 11059 216 14640 5487 22253 773 16506 1020 15188 26926 20825 15939 21216 20606 1519 10907 26498 24532 6061 28114 30803 26830 11752 28350 21405 8117 3931 10349 1530 8702 15651 7234 19846 10433 3123 19800 22652 19930 2591 3085 21131 23611 434 12547 5313 32585 19295 30854 28124 18027 979 16091 16219 30027 27578 19203 22325 24243 9877 32659 26268 957 1501 22039 4049 25369 3991 18859 10492 8298 23667 29658 449 10042 28946 32064 27760 3100 28993 12184 16391 16170 21641 7901 14927 31757 30302 3833 19386 19358 28153 31581 13221 4426 9689 23921 26122 5986 4626 26612 15213 29035 12931 15068 1579 29036 31447 30313 31472 17839 30881 5834 18532 14401 23488 12604 21332 97 24213 17914 21687 11778 215 15485 29499 26353 27652 21058 15780 29169 20875 8765 11957 28760 32 24018 3404 5674 27488 14108 24182 15889 5053 20644 24032 32061 17003 10438 28496 3399 6149 10173 9233 24447 3313 4075 26081 18139 31919 5682 15232 23539 8639 12759 11018 17213 9934 19406 7410 29331 12437 31502 13491 21038 25955 29422 227 20480 25184 31094 6608 4145 21722 7813 24070 21278 23354 7364 9381 32148 29263 28534 28613 22158 11845 7362 14994 16077 9701 10292 4804 5576 30588 22435 6347 30418 12092 1213 11974 13325 18667 29874 23271 23434 5467 25690 4910 21498 5977 19718 5654 6002 11804 21160 3336 13663 7875 12781 30239 7661 6962 3804 32637 28969 3565 14573 6949 3198 20652 7634 27213 23095 13079 30962 24409 30327 32467 26069 27793 26343 6314 1980 5117 6908 7241 24851 15273 17273 24171 15455 6101 10217 17888 16736 5955 27322 32490 11157 17345 23761 25827 5661 26874 11909 26660 3344 2628 27722 487 29354 6175 8203 32579 27882 10678 22103 5728 2722 22079 12764 3594 14860 12466 32553 7873 15394 4564 14548 9077 25845 12713 29637 19297 31365 24755 27866 23504 14987 25868 2861 28910 647 16415 8695 27314 22082 28965 2082 
7017 32103 14990 24702 9905 1100 18845 30164 25013 11930 12078 8235 28867 27643 22344 27568 248 10550 16765 17590 1460 24844 27047 2563 26631 23832 21929 30460 11599 31719 4542 8030 20433 24435 2550 28034 12690 3699 3060 17314 13269 2723 22507 6790 10235 8064 23860 128 3926 7295 26000 12052 577 17232 9307 17164 28299 2187 12872 17853 11762 12450 29821 746 11848 3213 59 17325 30135 18554 10833 6387 32087 32479 26583 19042 14052 4689 8447 29679 29459 21748 19411 407 24068 20997 32016 21865 11824 12718 19945 953 31901 5192 17373 9873 27311 32051 8521 15060 6769 12597 31583 31642 10760 29216 19609 12207 27628 5631 14890 4283 18754 17051 8880 17128 21772 1127 8686 32297 5951 3580 28697 20473 21451 3354 31303 26678 2655 19388 8395 11939 15869 885 6384 29615 9118 6360 18380 32073 22545 16317 17585 24409 31332 4236 6074 21305 27602 24737 10894 32500 7946 2131 8254 23258 4423 6134 24526 22492 21706 18473 15230 9333 6335 11173 16111 13313 9768 20231 3168 1027 3602 31611 25610 153 19986 2268 15563 4573 18604 22164 3739 9553 10865 14347 14490 28120 30553 637 356 28918 23054 30910 2833 19567 29988 30150 4790 10373 20692 22714 7773 21073 27100 9013 29905 9728 27854 17565 11739 18928 30862 28929 11002 14952 20852 4704 29374 29408 28242 8418 14632 17575 7869 5630 12937 23747 26522 9109 27876 26781 30289 23280 28070 4555 11242 20247 1459 14357 9965 1161 31187 11826 21327 27533 9571 12383 14952 14565 11925 9906 15182 26552 17765 19773 31949 12019 31994 819 10623 1628 12202 20488 62 27586 22479 1453 12491 21678 7846 23378 29087 12399 22951 8224 17283 5998 21579 8554 31234 29372 12604 9261 32320 26047 32486 3301 32056 5281 7762 29172 6022 14978 25030 28193 1294 18465 24685 30199 12684 23364 29923 30419 16240 6372 29246 24669 5306 22724 18125 7098 8932 14856 18516 26902 1672 18812 19414 30219 11326 7059 19362 29724 13670 9322 22456 21276 5146 20169 14391 11443 5479 1589 6392 21046 32421 31743 10147 1915 2111 9715 3596 26677 256 1539 7325 1721 10479 31544 24841 16715 19744 26458 12377 18053 11254 27814 24584 14092 25266 31854 20251 21434 11129 1582 30813 9583 20943 23349 2170 21158 2702 2834 12734 2049 17792 30764 11758 24652 25877 14975 3486 6120 18709 11575 17379 7340 15510 32283 11365 29108 23947 30259 16487 30366 954 27289 14944 24100 
3749 21313 6164 5511 16060 25215 15988 29966 12055 952 9702 18046 23276 28010 25976 25826 2048 6537 24585 8381 32228 25738 30812 29277 17765 16307 7521 20667 14691 4188 6433 31946 22109 18901 21996 7016 9583 10696 32610 19459 31363 29227 30269 16762 11206 28711 5565 1084 26270 10140 26385 27463 32118 17447 28076 3704 2542 1790 13950 23482 6916 22527 28298 10078 19038 15276 23457 28533 16308 10588 22509 13127 14970 13322 6079 284 3477 11903 25196 1347 16719 20586 29503 31782 12114 18497 3600 11592 20978 6816 12714 535 4285 13774 21911 25085 8252 21806 21771 729 13881 32670 10874 12274 28604 32195 10508 31311 6358 5330 12062 19533 12756 18478 12982 25389 4537 22570 17757 26900 30137 18296 2290 679 7941 12824 11742 3403 16803 21322 23743 5846 7361 15479 24808 31719 14239 6788 3547 24255 1088 28522 23239 19937 22483 20807 19071 27720 28530 24093 14983 27496 27225 32301 28030 24879 3347 7670 11935 10607 7466 5637 14537 16073 11906 10339 598 29852 23760 16636 15882 2140 2669 11748 17193 24544 14325 24110 9286 13563 599 31789 31402 17787 11809 26274 27687 26781 25248 26037 8795 29137 3273 26927 6741 10774 19440 25309 7249 12805 14904 12901 9207 19579 8113 13208 11021 18822 27826 29409 31054 8274 27861 7796 20828 11599 14609 933 14710 32737 11406 28570 16031 8578 25473 10012 9795 16160 17137 8561 4467 8679 25715 25251 14891 26474 659 17564 16411 25860 28148 9830 6538 19179 17625 1566 29634 20588 29457 7730 7807 19927 8483 13235 32141 1620 31052 30386 6008 25816 3265 3826 29266 9371 23576 22716 16290 22056 3593 10072 24606 18181 14577 32571 1082 7120 9038 5063 24424 13621 2228 13268 23368 16170 24397 20000 4075 6687 14435 16427 22461 9851 22895 1493 633 13122 22562 11566 7131 30535 21088 29301 5250 16615 11956 31690 17587 19173 6909 12230 17969 11521 3815 7114 16498 9880 13814 11923 4894 9847 21254 8568 8006 30144 10134 32084 15403 14011 22688 27911 20021 5762 9380 19720 31757 2305 1390 32189 1340 18956 6947 13829 6758 13325 23537 27294 23922 27058 25046 19011 3542 2911 13897 25034 26448 12310 26873 15564 9682 26570 12434 16649 869 4084 22886 13089 15315 29177 23713 21489 6827 8161 18598 24485 19420 8078 31507 15170 18654 29650 6451 5595 17722 21778 26631 26003 20391 11198 14669 26720 31122 18462 13927 29735 1703 16087 14080 6741 27038 26645 
729 29305 28146 24848 20312 2980 22157 29149 27171 30992 9305 19670 31475 28390 29579 29195 6350 26639 25862 9285 1036 2484 23829 27575 31276 3635 14385 8873 16787 8542 17461 3377 1476 15351 31779 30658 20889 22572 5140 27397 8595 14287 22204 21411 10971 26757 8377 22315 32031 22543 1989 16849 15641 9043 30367 192 19529 17421 13682 3074 20279 10233 12059 6372 21844 26430 27845 27810 2365 16819 30653 4303 26574 10213 13715 19061 16992 22476 28554 18720 10649 20791 21856 21696 7147 11231 13785 29456 27410 32369 25795 18186 19425 14137 13836 1957 10272 29904 2222 1212 28617 11360 19048 19150 12872 7591 19322 2552 12847 1820 17044 17182 20165 20355 3996 24135 6734 18752 20096 27253 19922 29066 15778 21674 24358 30037 4620 17484 4802 5067 20729 262 10447 11075 17939 21542 30659 24171 9261 17977 13354 7185 6366 12684 24992 32207 24316 14469 1582 30686 31968 29078 16396 9763 12823 28825 10771 2723 2224 16649 19539 25054 25847 15960 20169 14239 12704 26906 1911 15404 24644 6406 467 2033 30664 6136 23033 5271 17145 6989 10233 19392 6422 16099 8302 4744 4884 10677 10909 1327 14030 393 15542 21764 2255 19524 28309 9877 4985 7153 26021 8919 21356 16559 13031 27660 30336 10844 12956 1681 17419 7821 13278 21025 22823 18281 26043 10780 14437 32404 32620 18958 18474 5189 30893 30208 32611 2893 856 16766 21287 12631 9913 6052 14455 28007 4522 23573 27734 13036 24298 13842 21574 27261 3886 2615 27068 23179 919 10793 5385 30831 17909 2908 25510 4907 16406 13036 12373 23360 21942 29815 5172 28135 503 13710 13310 16296 3286 25621 23178 2479 6062 10518 22144 18998 9457 11585 28872 8345 8161 26327 13297 1625 14405 9972 11945 4 29498 19203 32479 23619 18218 21187 30787 14447 25885 3994 24649 1981 25371 4069 12232 22440 17408 18322 2988 3800 25154 11825 25979 51 2357 14617 4688 11709 9041 633 14051 8866 11991 22286 15487 20511 5238 19882 4909 4212 1086 24499 231 16476 6658 23456 17546 6947 25003 28780 30322 26941 30529 14682 2343 30654 22054 17338 24559 13424 8852 9538 29952 22416 30203 3499 2566 31518 25509 18100 14718 28539 9630 16897 1483 1178 12159 14856 28195 5782 2866 22958 10251 12560 21185 30602 15909 20661 672 24158 11253 26646 28349 25084 5329 27897 18701 23484 24295 11460 9889 19067 16822 32556 13762 28388 15387 13400 30312 19377 16488 28379 
6494 3764 632 11928 15824 6642 20961 25226 22566 15250 28152 14264 8432 29048 18413 16868 27194 6178 21958 818 29231 2407 15426 6225 13385 8624 15504 28961 16841 1985 28353 27906 12515 3133 9699 19925 9478 7607 22985 8382 30435 28492 29635 25092 14533 30283 11892 28729 20455 23526 8845 30090 21763 9886 31346 20961 24642 32470 11569 6041 8753 31655 3601 20482 4184 2678 1473 6235 4769 23993 6761 23240 14365 25762 18416 24545 21340 16612 26832 31563 32136 11668 7364 32357 30528 25032 25692 16662 29644 18978 32669 2554 2652 11667 30904 21521 10470 3751 1942 28706 22424 30385 26891 4527 2677 27339 32128 12866 27984 31062 13266 13272 20935 10381 28770 22612 26596 8532 31602 3364 15260 15306 5770 9832 15910 3859 27393 22354 11653 2448 3256 18426 30774 4471 24316 2275 6858 8806 15952 18082 14798 813 20243 26359 5680 32596 10134 6440 22761 25643 24234 19610 4038 11604 4730 18920 22728 24974 28219 8073 22250 11885 19087 20310 757 10008 31384 30403 3885 15257 27889 9886 16698 28705 1880 21322 7879 1512 19672 21370 31871 25183 2862 11482 28688 9159 21158 12793 20747 712 15623 25874 9596 28933 12876 6295 11660 11688 26719 4327 9340 30222 13604 10229 12221 3980 24441 28040 2644 11786 4359 10108 18455 22593 21029 13680 27127 26647 7550 30113 24825 31660 16598 11732 31977 23815 19664 14302 20537 616 24922 16697 8656 16789 12266 20158 1075 21831 21565 23481 21501 18606 17372 12209 13915 1844 22126 8253 4319 6577 800 29094 6263 28927 15435 21672 30384 29008 17709 22882 1179 26272 15965 17770 16353 31280 25687 3447 15429 27003 8004 19062 25146 13861 26705 524 28650 11309 17860 27943 30503 6502 21678 3584 4833 31664 1284 2198 28867 24795 7242 23848 7885 22221 22847 19914 4024 20220 28242 24766 10285 26346 14405 4246 29658 18548 12484 1621 13122 12092 834 31379 23899 27706 19535 3138 25940 1769 30806 22740 10182 27045 29953 3591 2796 26392 1150 31736 27396 19374 28426 5568 2871 30387 20597 4968 152 9841 30791 31168 21185 25273 4044 23476 22137 24616 4545 15898 17990 14886 10648 9704 1739 2089 32750 8260 27988 3137 11212 23053 22235 16889 30567 12013 18086 8450 7544 34 2429 3105 21534 1113 3950 10466 1482 23418 28271 17314 20160 25211 6891 29017 15780 4961 23105 4871 29131 6693 4355 4104 3800 17186 17189 12561 8332 14470 31250 6265 27167 5843 
7924 19887 26610 18771 6945 27917 12187 24280 10770 4653 21354 6774 2663 13767 6568 10172 21227 20610 30202 22420 6297 18039 21457 22776 29808 12104 29284 20481 21706 13809 12495 20268 20426 13523 8554 30775 12477 16298 23789 18140 2572 12492 7713 11193 14816 5476 15662 9353 12785 30654 17994 23104 32694 23074 2323 2306 15529 14527 16093 5826 19205 23070 21952 17579 17292 23412 27678 20180 31558 11057 2340 1290 22400 6239 16445 2906 5921 11108 26577 29063 16233 20511 17578 8161 31751 1129 32556 16436 29419 30970 16212 32352 22524 14016 14298 17804 29740 30582 22025 11050 30388 4280 24924 28025 30789 16661 259 30443 13784 22828 11887 18489 8273 20701 7956 29407 23008 22040 22040 3630 25381 17750 25967 15264 21964 5358 24821 6025 2923 14023 4087 14862 2581 24549 12908 19793 7714 20042 19776 2066 12917 30578 31921 19361 22291 17502 31314 25091 18664 12552 9816 8127 28375 31863 1709 7745 21316 27254 9050 12495 4288 13202 11681 9172 16916 7554 4713 29540 192 23513 4914 3407 21149 3392 21919 18844 20905 17049 29142 1412 590 25039 22312 982 21381 29812 4485 9251 10326 4144 31544 26439 18219 3929 7190 24094 19022 5566 13893 29321 6576 25043 6162 4598 15593 1387 22586 28817 7528 15044 28515 18069 12339 27967 28979 20488 16170 20726 30443 8432 26281 3800 10471 13299 6504 8623 19534 29142 23356 25475 4432 4022 22071 25859 5345 8486 22492 9650 27187 28927 8743 18147 24150 31475 11572 31118 316 10979 25600 29376 11921 18673 6010 20019 9943 31429 29285 4851 26831 455 22421 20225 10876 31625 30638 10319 2305 9580 27377 21747 18650 20414 24166 1957 18466 23627 4017 26720 14060 492 29876 15433 9978 8514 9404 3805 32319 18194 29147 16316 12381 27179 12410 25937 26470 18928 18686 12793 2300 12580 15185 16143 3248 14215 1951 25216 31501 30401 25204 27396 4310 28628 11841 25917 2580 21879 12298 17790 633 30519 30706 19448 18060 30723 12432 8460 21864 17974 13140 29939 12690 30307 19005 9390 10022 5276 2856 22230 24909 3707 25732 2260 32679 30322 13438 24724 23738 3280 25557 8106 9178 28053 1970 31519 26927 26240 17801 11673 16345 29405 1859 18656 11445 27110 17424 31499 13917 23564 15492 31997 7970 7537 9076 14955 4155 27184 12927 15446 21055 7908 11926 1210 5973 17142 27296 1094 26656 14554 16934 9601 23545 8983 13375 21915 6939 24391 17697 25077 25564 14562 
29440 22492 405 17718 29617 15089 3775 18613 16861 16646 10138 21251 19624 23313 27091 6157 23250 4147 20046 12194 10159 30273 14305 31666 6604 32636 1673 18784 3402 6407 2571 12757 7004 42 12584 15556 21269 13045 11249 30122 27433 12465 13869 4952 6162 1382 6318 22792 24445 8901 23580 5862 15960 4706 14176 10195 5391 6928 21635 26765 8928 4720 21736 21775 24288 17318 13559 29286 6116 16260 26045 12730 21072 19217 23549 22833 30673 26771 17854 18628 16500 12435 29796 8495 18134 24099 10869 17915 16239 14124 1136 14424 12684 23379 17651 14014 3002 16290 15482 26069 17467 22318 747 12923 2070 16832 26753 13805 6483 2410 3594 16396 398 27861 12814 28290 2465 4503 9192 26285 28899 19663 18702 10675 4781 20152 6848 28408 7318 2528 30378 13973 3104 31240 6199 19999 7368 23048 16203 24404 23140 32448 20679 2266 28588 19956 20939 26835 28260 10621 4995 12883 1965 7792 30320 8857 17809 5604 9498 19290 32111 21997 18414 9710 13965 12353 9780 5149 7692 17020 24188 15685 28769 26253 12581 26637 27451 10448 13436 28518 30099 24601 2955 7924 18085 12820 2526 25921 948 26637 689 6504 12591 21081 32615 29118 29234 19018 29367 2818 20676 15449 2914 31232 14018 3438 25690 7295 5320 1115 26090 30198 4453 28774 9903 27630 16099 21525 18496 987 15519 23747 28042 1383 29135 2609 23486 27558 20221 2920 13243 13818 15742 23236 4775 14005 31235 16821 3892 29311 10875 26072 27446 16020 11909 31184 25353 7222 23350 27489 3343 1989 20788 5332 30150 3870 4939 8330 6375 7772 29112 22416 19158 32295 23444 15380 11308 1469 3245 19911 29193 31435 8884 30020 32652 25184 18173 31271 489 24800 20050 16389 22740 3726 10877 31135 14738 2892 5424 15450 4891 23650 6624 29311 1439 19303 17802 25010 1589 22169 12375 11866 22549 2075 23874 7706 3173 13989 14705 859 20929 17147 13381 24538 24821 10875 21185 11353 24203 15492 4354 7986 2435 1329 3516 9423 24923 10431 7554 15902 11340 1890 19473 24005 12494 7656 8712 5663 26960 5171 11413 19824 6656 10497 29357 2894 16151 8232 5030 4871 9999 29430 23893 32234 4233 23936 8500 26543 12356 3691 15944 13247 3401 4353 2232 32268 11776 193 24165 12544 19244 27173 23981 7698 24211 3435 19823 7502 29579 5187 23412 11341 31490 20986 18458 3147 16447 14853 11195 10280 18376 1049 8420 30753 11449 10930 15205 26100 9848 11889 
19974 27068 503 7198 16456 2208 16235 890 22874 362 24157 18832 2821 27128 29110 24925 20371 22808 18926 16091 12505 12169 26182 24711 12243 18919 10821 542 7381 1255 28172 4447 26066 31689 8301 21372 14660 29419 4126 23704 27465 26129 2428 17879 20367 7374 6172 13144 15593 25090 4116 32205 11326 31650 27766 19803 26702 31952 3299 25005 10516 12182 25731 27071 6023 17743 24705 25343 28480 8767 2280 29016 7422 7877 23133 27880 16421 7402 11666 11626 21569 31248 22492 25604 8137 28815 458 20003 26487 8383 13731 21889 24777 5132 10032 12989 21980 7601 14998 21467 15652 14030 9522 23948 18046 7480 26481 14779 9538 29432 17841 13507 11809 29747 12226 13526 32095 31498 19535 16059 610 19638 27497 921 31679 9930 7683 2558 31739 19166 28039 10045 28772 1608 30786 19344 19125 21825 29066 4328 10855 28249 20173 27619 24278 25620 5826 30202 13970 22613 7826 27189 30275 11977 17546 20064 21309 1668 21939 21608 29838 9743 20721 29536 332 17109 27936 19619 23542 30123 6023 13671 31103 4736 10946 11967 20223 30837 7214 15186 12418 17940 32469 8564 1366 4978 2037 15501 27343 28226 31974 32216 15068 1867 10742 13465 2191 20869 3871 14659 22586 5480 15014 5460 26890 17061 14716 915 12737 5817 18053 21299 31666 8397 8672 5973 30184 3482 18442 23204 14445 12397 22393 6470 9124 33 10137 26406 2869 5507 515 10170 13676 20555 16591 13538 7027 10354 31477 13288 10091 26347 30062 6217 28612 8239 27775 26878 9007 3348 24898 9905 31500 10335 20762 18771 10446 6187 7592 25148 10260 28271 6834 12410 14756 26064 11716 21974 25530 20120 25719 9115 2583 1459 21690 18963 27709 14347 30906 8704 29160 11920 29411 15653 3587 24641 32630 29629 5975 8657 16196 5079 20534 3169 6393 18842 4213 17137 27378 1055 23259 30399 20908 18786 31248 17736 5184 23063 11572 29728 10582 31835 11450 29100 16328 21938 9209 27902 18036 980 32243 25176 27084 29781 14915 27629 24306 18311 16627 20725 21718 5094 18514 8025 1367 19246 21278 27868 22085 22787 27923 11382 18824 7908 23213 2413 4640 31426 15558 14067 19259 9273 5584 6625 11891 27339 21388 1835 26075 15009 24908 1120 8 18853 23822 17442 2974 27704 10887 12651 15641 32680 12065 14933 22868 17096 27800 17783 2827 11119 23237 7064 15228 3394 21910 31349 14447 6662 30903 24190 170 32417 9031 20384 22796 5244 9459 11050 27420 20958 
21462 965 18090 6606 30075 9687 17305 4518 1287 10846 5682 22947 25103 11609 15666 14448 24211 30773 8019 13735 13456 14452 28163 15848 10797 26159 31120 14587 9244 29470 22964 5103 7442 5351 5910 8927 32345 30962 5875 12911 17778 20426 20518 14024 26559 13439 9783 13106 29370 5014 13675 4528 25781 11759 9136 29098 29766 31693 7227 23074 1017 31985 28916 31476 26052 22789 18984 23430 10917 3644 19827 10386 13010 6730 26308 1048 21012 23704 114 5033 23625 6818 31711 100 29812 6239 18264 13562 18262 12249 2183 1611 30638 21132 19689 21408 3599 24738 27618 5213 28758 26462 18172 16608 3177 25858 8457 11036 2333 29481 10016 28546 20750 11292 28347 12704 25046 21431 10064 24458 30808 20263 13651 27789 29587 26842 16455 5440 18548 3950 67 1612 25260 9943 14211 22035 26458 15360 15082 18910 32757 1290 28385 31843 1204 23870 27635 1503 29253 30036 14696 25497 11812 13223 30219 16460 27582 28819 27999 5253 509 32599 7661 2943 32746 32173 29643 2089 5086 20475 25406 14166 6243 17727 25994 27919 1275 29915 786 2855 20844 18266 14594 14684 8213 1299 23221 19958 8953 19885 229 29966 29093 3779 27345 27275 27410 9784 9039 18097 8635 26034 11623 12477 15159 28586 16217 21527 25187 25187 11289 24424 5595 1676 32459 14267 26381 16032 7151 13716 9792 26697 27837 14251 30187 2475 3949 7622 3307 9489 18974 4066 9692 32210 1526 25399 10715 28390 26822 15607 35 25455 24697 21887 8124 23323 9340 31695 20882 10973 9246 4608 26131 23826 6955 7388 30916 29343 14246 32074 116 22295 10140 24271 7624 6633 20836 21565 12125 5132 12426 12846 27050 32714 1794 7307 4187 2630 2723 23072 21215 29789 11264 18285 21785 6444 20168 17899 1204 18236 16848 32538 11474 26854 24623 19632 27275 11371 13670 8401 17955 18817 8717 27073 15060 1492 21956 6387 30169 25667 28229 1560 8112 27702 22397 30609 28849 19140 6688 20653 9579 18791 3558 13500 20505 32072 12115 21943 12359 14133 10471 31974 9981 24946 2901 15088 20934 14310 234 24488 30375 12504 10753 22809 23885 24256 17039 7918 3073 8957 22528 20944 21392 28823 30106 17083 30020 2186 18008 12616 12530 6080 7649 16267 8152 4343 20634 19211 11983 2733 11101 3753 19646 15225 12650 2342 12381 3148 29673 16530 13997 9279 25390 28342 23909 4956 32331 25274 14989 32213 4679 16092 31351 11863 2879 32523 19958 29727 18447 29632 
7972 19710 19972 17149 9494 28898 23653 32075 18353 6267 5210 13199 24795 7527 5548 21890 21683 714 30046 13242 21766 2325 3667 15220 6126 23321 13810 24784 31708 26271 29458 8995 2470 24541 31780 7130 7603 30491 16159 15163 27357 18321 8751 14373 14773 28584 27172 11816 2771 8787 4246 14133 13356 12282 17045 3608 4377 25731 15372 29194 29966 12095 19798 23354 29874 287 21487 18642 31825 9566 22508 30787 21714 17086 19439 1095 5093 19018 19131 7012 21629 21623 21386 23007 26507 8910 16093 32019 24655 26808 4661 8118 18308 30714 2461 22923 27081 25632 10971 9172 29988 22848 31777 1752 20357 24014 19571 26842 28816 16129 5453 3809 5789 1112 15924 15281 25594 26484 28624 1641 15015 31154 5054 32309 16558 2799 25116 32704 16751 22034 2200 18819 13248 11092 29676 27866 10335 28233 24057 652 9555 19378 13240 29003 17983 25217 29888 23831 18829 4494 32152 17274 28137 3399 4784 24983 29507 29926 32435 23391 7286 16294 23741 20862 24569 9594 725 10617 29937 32505 21093 7889 31598 30428 21627 2828 2570 5832 25478 31168 13872 4500 31193 3863 29643 10365 10373 7066 12555 999 14583 28875 6287 6982 30811 12444 18406 8879 24595 13490 26566 1681 28603 4789 2375 8125 3134 3058 21758 11181 15190 25590 9460 28784 25243 17576 21803 2243 10580 17877 26164 27457 9969 25388 4685 14930 13281 10429 4523 3277 26195 25118 1691 27744 28015 3458 8585 13969 17338 15877 12667 9076 5436 7888 13976 26840 18550 30998 30407 7543 818 15645 8922 31069 2460 23916 10960 19971 27296 27121 848 26721 23656 12977 31304 30190 29380 1695 10577 30106 18805 14130 9405 31073 28699 17744 22650 31816 4973 27239 14738 1887 11202 1269 15672 31758 12536 9010 4289 12053 28143 7644 4519 16813 26660 24385 25219 28071 19600 22471 20147 9710 18266 16547 18220 25350 7215 784 14696 25801 7536 25742 7136 24401 32608 23116 9591 31382 25724 13855 6943 25597 10133 3972 12086 15696 15339 28011 25273 15895 26880 12099 27172 4708 6579 32330 25439 25205 11541 30627 4122 18428 30433 12381 3871 29863 27045 22833 16916 29798 3686 8222 17532 32116 14963 29491 26922 828 10050 14512 13680 10904 4264 32064 18702 16376 6687 5903 19817 11937 31260 3177 27581 28957 3129 8552 28199 24677 23388 20612 30973 30659 2326 23560 16879 12728 32083 4481 1378 29371 7157 2709 15502 30597 6143 6824 19216 7476 17615 22710 
25404 16646 23812 30838 13733 21959 15161 6554 30632 31301 690 29241 3511 16244 4427 905 20065 19627 24903 6466 17103 9829 19633 4067 25990 5947 24126 4351 21496 1074 2564 32516 24558 394 12276 28720 23821 5696 29313 10385 20217 8692 28599 5989 27933 17485 27822 6011 13131 21132 14024 14632 23734 31044 18664 25026 12905 7832 784 32109 18146 11923 14079 32739 11971 482 12654 2852 23933 7936 9779 21012 10716 28243 7438 21197 4280 25779 18673 23850 26114 10509 7610 22873 2861 21337 28858 22345 3919 31122 29305 15455 27213 8390 14706 21736 19887 8571 27267 8309 6820 26134 1574 16891 19781 22660 31124 20287 11729 20744 10700 20157 29838 10273 28434 238 32621 20237 10981 14499 4782 12762 21095 6071 1797 31721 4376 11489 5388 27465 31635 2270 21077 13730 18383 10903 11268 1057 3405 3267 26896 11688 20942 21516 17011 4189 11066 17248 2499 21188 31544 13785 21082 17175 6150 26249 12258 18276 31992 2428 12514 18 30219 16300 18709 18530 18215 32599 27364 4391 24526 4164 21773 6128 2081 16132 20929 12722 20897 14239 8441 6711 23413 10782 30845 6928 10618 25017 1841 28902 18839 19954 28675 7984 4863 9330 30941 7305 27381 26067 4553 18185 3857 31917 14166 1121 13962 11063 20609 18806 28408 23561 16160 26485 411 26757 28348 5212 698 16265 8603 29309 31809 2940 32381 7846 22376 31515 24219 15875 31798 32147 26506 7284 14982 26509 25941 1835 21883 13467 7280 13308 21275 1476 11462 22498 9914 16390 29517 21184 18441 778 26855 2821 27626 22325 21073 11236 16845 7142 9719 28538 27714 20424 12045 22491 6921 4272 6328 19090 2588 12650 17333 15212 542 27476 12663 24690 31892 22373 6232 16731 1052 537 2608 27801 17450 12682 15125 15771 4639 24362 5940 1308 4461 772 39 17886 26952 31088 16238 26882 25877 9834 23815 20195 7132 16730 3894 10999 11941 1302 20370 9208 20750 16265 9774 11204 27378 291 32380 12831 4066 474 26898 31100 31190 711 12377 4592 19727 19438 16252 13818 18113 26740 7150 32592 20306 2245 19925 15719 25780 8141 23758 9296 25443 14135 23767 3944 26785 1829 1616 4427 13743 15614 5452 18872 17955 23121 4242 12928 13219 1389 3554 3543 27482 9568 3325 31117 830 3930 24287 9685 7099 6442 5416 28366 21990 16158 11311 27444 16687 15712 23030 6175 23302 31837 11858 6087 25093 21327 16143 24434 20790 1851 23910 17071 7574 30224 
8800 14345 8791 1635 674 20844 23244 29607 11482 28388 2459 31141 5808 3622 214 28520 10033 18791 23507 19604 9205 19433 31047 26484 15676 23593 2211 25809 2256 29071 29697 25761 32565 24138 20955 31874 22882 7657 27541 29694 5926 25012 13934 6830 26161 18998 23735 16006 2295 653 26551 20474 1179 21328 26569 30609 267 30648 4710 12478 533 29976 7522 10364 13589 2512 4790 17110 11984 8503 20518 27543 18495 16817 21843 14028 13573 23082 16100 28281 20798 14221 27815 8594 25528 9196 21746 21297 459 27115 5955 12323 19320 26047 15676 20387 9459 4216 19692 22317 17067 24320 24783 8166 21611 14037 1064 21259 25600 16102 22229 7698 28417 31584 8961 24427 15311 24231 111 9701 14598 28059 29848 3826 18839 32310 27420 22564 23672 15912 24750 30063 29529 27765 24918 3607 28635 5873 12053 30682 27935 5414 29403 7372 8534 2694 1581 2909 10930 30615 8983 27229 3866 6834 11903 10032 1586 22266 19160 17232 16844 18999 12144 18742 26836 17652 15797 6822 21515 29804 30774 14248 15168 4527 28381 11854 8378 21661 26829 11723 12713 3199 5123 13645 2135 16169 23726 27603 6665 271 25497 241 1566 31976 11700 15231 30881 27051 31695 26300 18520 19548 25140 31215 8752 5896 3237 1020 5123 26620 25346 5406 20156 9067 26156 17613 11646 30508 15293 23170 26076 15713 24093 29311 28437 23849 6113 6870 17186 2705 11538 15016 25516 7969 31176 22230 20637 5914 15423 10956 25778 30123 19734 25636 11413 1479 3060 26798 6405 2952 17366 6583 16094 725 15193 32146 3764 15158 13 23772 12614 27188 22329 30178 15055 8436 12848 24604 26096 18645 11828 27888 5375 30446 30684 21941 4874 10258 7648 27740 2458 22915 8187 10664 6350 23173 12453 3561 15833 26991 9024 21983 9709 6080 15099 28514 5813 27578 14285 2597 27163 6456 7586 9463 10718 11079 4105 12832 16817 9100 7551 1184 8486 7155 17002 27024 606 4330 24552 30993 454 7129 27131 8389 17155 22336 25058 16600 2506 2074 567 28803 17552 27856 1173 14706 10146 11269 28460 31510 4110 17892 19014 15195 15923 12495 9712 16987 26554 3603 25997 18403 23732 217 30897 24170 32342 11676 2758 13553 31609 32267 25791 20004 30577 570 29614 13635 15846 30539 20684 16726 22313 1054 26137 28501 12577 16794 8670 20605 3934 6435 7754 27270 24504 31962 12189 9802 2637 26228 5441 22711 2675 13159 5106 18351 4792 1356 26799 28037 
2594 27467 17256 23688 30372 13608 25889 28723 16114 7534 22967 25753 3409 20763 141 10767 7503 19630 1256 4924 17511 28362 4342 8255 15367 4815 8298 29401 25402 1636 31909 26813 23163 19974 28490 23236 15668 11781 4226 32584 14849 27280 634 15996 5503 19439 2680 10920 20968 3400 21579 4188 16292 19489 26129 13066 10563 2896 8331 19728 16929 7503 30040 28499 10117 31756 608 14115 7732 21859 8923 2766 28934 22271 30771 7320 19523 2395 23354 26569 3486 8166 24486 30443 12525 20548 2301 23096 31393 9858 31091 13196 3729 14073 32072 15695 14639 9665 11476 26731 26 6859 3809 14221 19903 10027 16334 11085 19189 5747 31608 319 20115 26924 25356 22324 25937 21056 28666 12281 22863 10106 22637 30656 9327 6232 5604 27733 21167 30010 32353 1912 16096 16433 16009 17189 21421 22988 4455 24041 18686 32686 30845 21979 20355 17430 18786 14461 17478 2192 9238 24641 2156 2226 957 23627 20638 16131 24450 18944 16325 28687 9033 2834 17243 32651 1811 14294 8055 6574 19756 11759 8621 9582 30124 3361 23105 16218 23819 25302 266 27541 19614 23566 4611 18137 2059 12279 9196 23576 7190 12217 6018 14590 4720 5947 14071 6710 11406 11573 18828 16658 21759 4329 22159 11842 24962 2149 31856 3332 24029 14376 7836 28580 16994 3276 22948 23306 27688 29214 25072 124 27777 22933 5825 11175 4971 3302 22567 26699 4228 26749 8762 22157 3202 8212 24200 19887 30763 22176 24724 29433 4989 430 32093 343 14971 14035 12829 12632 10251 3002 24971 10032 12120 13633 21113 6127 20354 27640 19883 27901 24345 22541 21986 14426 346 30565 14625 18517 9584 6465 30458 3652 1975 29158 25711 15720 16665 8920 27242 14882 28277 25541 27371 4585 31009 12482 19578 24041 4484 21189 32501 32 26159 12995 13589 18797 4502 16047 163 3800 18047 8071 4353 649 6848 1562 2025 7368 18384 11057 30978 28709 12332 27354 12635 23309 26835 29733 15275 1363 5298 29090 27751 23644 3012 27246 30297 30367 2033 27744 3497 6432 11859 13078 137 2416 25870 31985 10554 6025 26799 7023 29851 1913 27887 27316 19381 3743 32194 31654 7882 28285 25274 25754 16228 18857 22012 9112 14538 21592 6634 9362 90 15363 29828 15293 5855 16214 2361 6070 19123 20079 3323 24430 5485 2840 21126 16086 808 10376 16178 16672 27235 32750 23761 23349 177 9917 15856 5540 21168 14473 20572 16379 26783 17490 16387 8436 
25635 25091 28657 5458 32366 28668 30828 14647 20768 7216 30602 20188 24107 24670 16402 30217 30349 20930 14163 15839 14253 23101 2477 5387 14682 21020 24713 19961 14443 18522 3923 21166 31760 17177 20770 14921 19186 16825 22849 22044 6979 3866 20002 21776 9003 31232 11029 7447 31001 12922 8735 14595 23743 2929 13215 22490 27675 23212 17103 32584 16688 7702 7517 19463 4158 5312 22357 19431 32277 3268 16713 29639 30924 31738 7529 8783 2824 17512 868 7996 5812 21451 13420 1112 16939 23876 16591 17689 4293 8809 4372 27372 12745 7090 18596 31888 31865 31396 9189 14261 1718 25532 7009 5697 16196 23123 17487 9236 5805 22652 18493 11790 6144 5724 12465 28265 1798 32409 29489 32284 4444 23210 14310 23777 17107 24483 24783 11046 4875 30220 14630 19620 1486 26574 10601 16775 4061 30557 15555 24827 13237 6925 12553 15586 6628 15157 11374 19604 17931 3328 1348 6413 5428 12285 17597 3270 19822 6113 30637 8518 993 5146 25802 19564 23107 9536 2385 17101 17033 438 20394 31380 27505 9271 18418 7353 19336 3459 5098 18353 22513 10581 8795 26547 2328 671 26 32017 2815 18099 31835 1304 12336 7216 28624 26061 10561 22936 22291 20487 22177 30726 2174 26716 7760 30449 8222 5907 4752 1281 28179 10005 20562 22719 32566 31888 8907 26246 5594 2987 13274 6427 15985 12597 27982 19863 8252 10537 9723 15279 4797 28792 8516 4889 5098 12767 31718 21105 24976 25644 25868 3746 13350 21064 4894 30509 7634 25603 24373 2432 24766 15185 4647 20967 30864 23477 13505 29901 27006 17715 21450 14001 8349 17653 27039 6438 3689 32723 5707 27305 1423 1008 3240 26136 31149 25913 8064 29603 2427 22120 19308 2732 4577 19413 30373 19284 20028 12265 22229 28650 21200 6049 3839 607 10095 19466 16189 13869 13409 29244 20128 20117 14739 25315 7896 30962 27380 11946 501 2298 16892 30412 20696 13599 22914 14610 7681 15867 26589 698 1278 596 3671 28853 8681 143 4521 9344 2670 27088 25865 4512 26998 19904 8470 20355 31726 8005 17000 16102 28701 26414 2660 13113 1645 13453 2690 20437 14608 20144 20941 15262 10960 17157 20516 15351 29941 15055 31793 4085 28652 18373 19929 7613 15484 30422 27156 25977 15034 10821 5446 31844 30648 19436 15615 4705 6773 26498 24836 28056 27660 13525 14678 27678 30069 7816 16013 21094 28793 6148 12416 24106 6257 6173 19128 21677 3997 27769 21854 10563 
13314 4228 19094 32257 23642 23015 32393 18373 13425 22682 14648 1755 6321 1197 18192 31790 25625 4930 13894 5314 11899 13871 32103 15034 12908 14862 24030 24556 2102 7170 3441 4026 22985 30712 23317 30099 20253 15882 4203 17908 14997 2261 22390 822 25506 187 24870 13735 29924 13364 14452 15171 5852 6696 8362 5480 5291 7570 11906 16161 31899 14748 9452 23003 6897 23196 18154 14614 3196 25693 23409 12870 2765 28553 28640 30138 10517 16981 10077 25720 6604 25247 17560 9183 15594 1410 838 14342 11892 649 22790 15420 18681 5408 29273 18789 30250 29990 23879 11655 28941 8622 8582 20696 25529 347 27332 14239 8101 20927 29943 29021 17155 31178 473 11292 20 10228 6844 21487 31759 15091 14349 24362 12272 31566 4133 14467 16919 11152 16539 3275 1737 4833 6788 30036 20245 29690 16311 9178 10843 14328 921 22989 12619 30788 11374 5163 31918 3308 26787 19334 27935 20206 18757 6932 236 13536 30593 24863 8113 11764 22335 26167 11411 11859 22050 11051 640 172 5143 19856 12137 5682 16875 26725 29761 1601 28592 22412 8618 32183 7155 9424 11133 19135 11949 30620 25037 9831 32406 21445 24554 5131 31286 2095 18586 13203 27917 9519 22723 24289 7343 19048 17806 30993 1346 21126 9952 4785 8419 12156 10636 15366 1833 6723 23174 6 9917 14127 11798 2631 29127 902 979 8462 27912 32366 10153 1437 5020 11589 15379 14094 20979 23472 26244 7590 20143 13386 32764 18230 11057 18550 26967 24454 15094 26778 32185 9293 19107 1107 6521 32144 26664 23371 22279 21274 1071 24474 22455 21711 4321 8979 9941 15535 20913 884 31181 24203 4828 9269 26314 2639 8942 27332 21476 13078 15638 25338 14860 6752 16247 13031 12638 13815 14266 16847 9712 8030 21800 14426 3804 6880 9121 27829 19394 25963 9639 19532 12458 14326 30924 17984 24868 932 23709 13297 6231 12898 17781 18931 5462 23634 2433 4707 21191 11300 26368 28840 8292 3833 3944 12956 8624 25795 2717 9652 10230 1012 6985 528 6131 22645 23803 26255 4975 2095 25266 13765 369 8245 21761 2476 29391 20898 21011 17823 13942 12563 18208 29561 8392 5200 10922 30939 13410 8543 22544 20240 29305 27018 8416 5661 6950 28984 24482 1204 26435 5071 6152 17944 14631 6650 12503 4193 12783 4251 5387 29122 9471 14392 21995 6505 14666 28966 15118 15828 19549 16995 2003 20961 6927 23992 29131 27320 1696 7422 11289 15858 
31945 18597 3318 5409 17597 26733 14572 1843 19136 9658 1244 8143 7144 13062 11478 25849 8023 9419 9000 17995 18552 29783 25310 14843 5334 4246 586 924 6110 8835 24271 22836 29288 24747 32658 28482 15758 19983 7031 13918 26360 19079 28666 22462 6483 7305 4710 15395 26417 15051 16201 7056 10987 5581 480 30301 19561 16959 32030 9157 2282 19393 8954 32527 7998 1474 14799 18476 10046 32136 29272 21826 23782 26671 19044 21774 22264 12214 17867 9819 16124 2124 29890 11897 23587 20785 5617 16454 23885 11852 17446 1464 22879 25265 29234 16021 12572 9599 16979 5139 3269 30404 10418 23021 11492 12606 13817 27620 770 13915 19586 21551 17290 14549 25868 17917 26095 11547 7107 14029 7938 16610 1552 12018 19961 25638 2229 10246 24380 18213 14323 23812 6184 288 8285 1955 28290 14998 599 3027 13700 15587 20829 27420 13148 21603 1995 25033 5585 13927 19748 29738 20648 6354 14128 6145 26312 28991 11552 523 24251 27085 14863 16274 24828 1123 23513 7240 8487 27246 32724 32004 20950 30205 8684 12236 8159 3986 20462 19030 32462 8602 17170 16353 21860 6314 23690 10093 5236 12655 3679 345 32301 24648 32466 6874 27226 9891 3050 3815 2990 3383 14720 26177 390 8635 31055 2696 3997 30089 31310 1822 2528 8283 6945 24339 32235 22940 7669 1949 22831 1567 23248 14696 14349 13278 28105 20060 599 4708 9166 19151 16960 32141 26374 27699 19734 25040 31741 2714 23 18123 2933 2141 25237 28617 8306 9140 32051 20790 20845 8096 23426 18812 187 20084 26751 30187 7845 17684 17859 21507 22285 17355 1503 4184 22905 2763 31297 16031 26858 24289 17920 2065 18529 29326 27425 21240 25640 9635 24422 24656 4725 9593 30468 18944 20710 32151 2480 28564 5789 21295 5107 11133 7638 15576 4877 8810 7331 4626 12516 5856 25332 11336 17951 29144 23378 21109 14069 4028 8409 25140 18510 9469 12963 10764 1403 32723 8070 20995 4408 28987 23865 6136 26058 18173 2024 14250 18315 24529 30408 19236 29630 4945 18367 30233 16559 18621 23860 25747 27190 3377 15839 11756 12612 4945 24297 30901 29891 30312 26147 26237 21588 29477 11683 21294 27602 10368 7834 13953 32618 32694 22410 31751 4947 4412 25986 24889 6415 6871 22988 27725 7815 2299 16409 10910 29868 12105 2601 8144 7747 6121 31637 26186 20553 13623 14794 6646 26630 10853 5703 3715 18254 29704 23050 5743 17519 32023 2140 171 
20770 29373 2814 31258 545 19219 2636 27160 4871 9364 8729 12532 14085 13797 32342 25261 13288 14457 32651 20786 9760 16882 2430 15708 18517 31147 26484 10912 8493 11552 3194 31818 18585 30905 8368 12157 7909 26212 25572 22951 8998 345 10855 23216 14803 25341 25887 29657 1272 15719 13516 29692 27988 13804 5196 13109 1975 28154 12706 11976 31626 23396 11866 21922 4603 16996 10747 1152 11835 25893 6746 5324 14038 19305 27424 31253 12709 27939 10976 18256 31258 29224 21768 12851 19271 5300 7235 27843 9116 28530 11482 30599 16032 28465 29190 23643 4918 3782 14775 20813 24144 13109 783 11165 32415 16557 1449 19136 24080 21272 13854 27363 15961 20943 15396 19961 1535 10339 24681 12056 7718 4 32660 28694 16980 10430 7053 12900 31389 13189 4723 1606 8007 19700 23768 13339 10106 19484 20663 1421 24925 20903 25109 16901 31798 22212 854 17326 20040 22235 25751 30158 5241 28217 22561 8814 2863 3888 9022 27649 4309 3208 23712 20500 21537 24984 10833 20167 21127 12206 17371 5655 13454 20228 12826 24538 3640 7740 31568 21903 29590 10790 32663 2761 24133 8212 10259 23229 2379 27366 7909 14665 21168 19130 29425 1029 25857 12277 2802 19286 30647 24269 30448 25683 26130 26627 26304 18700 22124 4659 8586 5076 24793 15448 2217 24938 29771 12934 27020 6232 14390 25438 31639 2608 23680 2163 30034 9649 16596 17909 14117 20086 12471 13679 16161 30442 29099 2124 15226 24587 12858 12978 16284 26939 28700 27265 19724 4237 3504 8005 8737 13574 16694 8898 10172 32547 18001 19171 12548 12604 22701 16031 2795 8159 13017 15104 12784 14256 31095 7398 15476 22241 2550 8858 12117 10117 890 28216 5240 23377 27940 32006 10396 17657 3129 25175 27688 28367 7931 8867 31549 28432 17543 16630 8327 6484 7770 12667 22826 30526 13209 9131 24608 30638 15740 5237 20184 31298 15644 17785 16554 7534 4947 14672 4519 2360 14390 16837 6049 13650 25677 14564 26235 24504 5116 31980 23949 30980 25938 15410 2155 29007 13820 28823 26305 9743 6677 31649 18477 28078 840 8610 21431 10986 27927 31583 1961 13507 28734 29747 6213 12400 175 29494 2715 4784 12744 1694 23845 7466 22810 27772 27938 23220 20420 3839 7213 21170 14583 19818 19526 7967 15286 31311 5613 26106 15963 25445 32715 10342 20764 18853 853 30138 3850 5288 21509 32341 7824 22295 31423 27899 25986 26983 13100 8056 15839 30882 32373 213 
30420 5968 11466 12416 11019 32173 18857 15571 30870 3721 7107 18624 21204 8427 8898 29971 1970 8154 12708 28286 1587 25631 7146 845 1361 31189 6274 9194 10656 28751 23496 24922 14592 1393 3141 30851 23491 8671 26551 356 2303 11542 31737 28127 20843 7048 29013 16631 28735 20810 1761 31355 4589 11703 30042 24569 10012 12003 29196 23465 2374 408 17870 21948 31629 30338 22393 15311 1320 9167 1465 18676 8488 22101 26288 4289 317 18211 24401 28081 30565 26589 6146 12614 4187 661 14256 16443 7989 7899 19222 17033 11072 7656 446 27019 7780 16368 9296 9414 25787 244 31641 29582 4203 22859 15698 6648 12818 16050 24276 15915 10093 10287 120 436 25735 30393 7849 7094 18755 3690 4251 9226 18231 3777 6101 31374 492 16130 28023 2987 17678 13273 3788 20024 25238 29132 11378 22868 16393 29124 3408 1662 2951 1577 1100 720 13759 29474 2280 9197 28798 26015 28827 28864 6842 26554 21255 13130 3027 24395 20796 16067 22066 24172 28401 1177 11175 21207 21084 12974 13433 45 10106 19042 3747 26065 23793 6921 3424 6810 27312 31726 23872 12415 26501 9923 25961 9265 15266 25051 8738 16361 16124 27014 30449 26776 29317 5304 30788 17221 2907 1485 11124 2157 32187 1461 15285 6777 27458 15911 13825 30570 19431 893 15637 24194 26144 18349 9857 24723 14444 2799 5905 20442 4824 24328 14579 14968 20939 9303 31872 9191 15647 31226 31277 18571 152 6064 16492 28196 12389 30053 8676 23186 20434 27760 8443 15570 8261 29351 3719 19416 18307 17992 10767 4617 8274 2968 32300 11131 11087 24841 23964 30719 12856 24124 4369 24474 32476 12174 6437 3171 15804 18518 29860 8724 27075 23971 19618 9594 31960 21398 1589 20308 18137 31790 13920 19436 32270 21277 16718 755 6432 3571 17275 14612 20973 31536 2937 29259 13622 13975 67 17134 5166 6884 5078 28648 19255 29985 24146 5867 6539 32612 8045 16092 5393 29619 14838 21367 16050 770 18469 9591 13774 6312 12529 415 14122 15194 4676 23862 21816 3851 2485 32424 22629 32619 10337 31790 1549 19318 14522 15662 4516 6786 18089 22376 20644 1281 4056 26357 27002 13683 12082 30416 28279 31010 30165 28909 19832 31436 1669 21352 10764 21428 6908 20048 29558 13574 24221 31535 18480 22742 22331 9891 29927 10737 6231 24621 20190 25379 9713 15505 23306 13914 3282 26704 27747 28121 16756 17093 12632 14399 13815 21596 9051 31322 
30746 10628 11398 7047 5016 26201 19521 21137 704 13387 18904 6017 20186 27120 3237 5017 15527 16291 27528 32062 27539 14282 1161 22917 7126 1802 9253 26102 15559 2289 122 31450 18656 23664 13610 17046 19319 6818 7956 6508 4741 16030 1115 6180 20185 21663 358 1669 23809 18383 23525 28576 13857 21037 21829 16561 31696 4128 29141 26651 25600 19933 26746 14135 10675 9029 15215 20494 18253 513 18877 25578 21485 16981 1626 27396 30064 11188 16793 12331 30141 27499 17340 3240 13811 2454 22343 10832 31518 11882 29561 482 4247 2883 5271 13453 32092 12803 17929 7808 26308 25157 10198 32229 26641 23421 30433 19817 25082 23482 31067 24315 32166 25860 9738 31410 6613 9890 20235 1313 32617 26816 27550 4184 13187 19639 17210 22687 26566 18222 28328 28594 1050 17360 8810 19694 4278 32328 15361 16308 2786 5238 29174 21172 19997 32283 27195 32437 7218 10172 27046 23305 14527 1717 5258 30233 27166 26093 12050 19509 26419 25254 12566 18322 1578 16175 13275 10631 3588 13464 22273 31458 16075 2675 13696 12692 25123 11552 9065 15112 31920 16408 26140 22928 11218 27994 32178 3373 13690 23029 14266 8403 16374 11626 27527 22012 28379 19447 6858 23770 1557 7662 18683 17470 21294 14207 23610 15961 9899 23970 18914 15638 473 23421 28045 8501 5239 9316 1351 32262 1250 28726 17935 8698 31044 14760 9493 4227 20717 14854 27020 11077 14468 10808 19328 29536 11669 11909 25837 10887 9368 17721 10447 7675 3965 1085 16694 28273 4056 17124 28497 19534 21444 1205 1471 30102 27167 29045 5124 4713 31669 20377 28755 5162 5919 11795 4191 19940 19614 31381 28195 24353 6446 1607 18998 5745 32507 27372 26554 25134 2804 7971 3940 9398 14039 27153 31999 7233 19773 22648 26768 16160 24371 24977 22481 18954 5103 10019 7943 28756 4543 5318 6035 14168 29605 22193 5859 9625 24996 24464 4824 24959 14522 10576 3683 6866 1096 14394 11985 16873 1997 29315 6487 28578 12927 32291 30356 29710 27250 21628 18449 3132 23279 5424 22777 7243 16762 23903 30338 23989 17509 19401 11706 13533 13655 28207 31258 20397 25139 9153 7481 6131 21661 22809 25891 1970 14690 22253 9310 31219 11944 22560 24836 13422 14402 12456 20187 20544 28618 21591 30112 18855 10359 10723 10900 4907 14157 3784 22486 14049 24844 14831 24952 26205 23063 14287 20804 7365 2608 13847 5289 32049 30146 1574 29631 32166 28863 6872 16795 1171 
19636 2465 23435 21895 14882 18198 8463 14163 16907 23537 8325 25860 2115 11806 6298 17150 8826 11294 22775 30064 20306 23061 15152 1862 16302 30054 16261 29740 6808 6051 1051 4093 23154 10104 9986 18649 16213 20265 28395 9130 15349 30157 14603 8962 9839 19100 10179 31924 15177 6569 29237 27683 21541 29614 29630 32630 30477 18988 18100 9155 19595 28231 20376 19419 27521 31093 25641 10370 22290 26707 3184 13155 29300 3980 32728 15452 29037 7369 25447 3524 32608 18988 25578 14705 22537 18038 7789 31287 7346 19539 2866 20987 4570 9388 4952 14753 8615 5108 18464 18934 15565 25426 18731 2987 18009 25227 19547 25402 24959 418 26113 10320 23797 14478 3541 15815 2414 3564 13271 28865 30601 1839 5105 27971 22601 31046 10157 14553 16023 24368 2115 3451 6707 5283 9676 10732 27840 3415 18563 5749 4959 1463 30670 18383 15872 28854 22794 14295 9761 27866 25338 18128 16026 24714 29083 24766 5448 2324 27793 29015 12743 6643 25154 2931 3820 9717 16689 2633 32534 16648 8926 4862 28165 17879 27661 8859 15651 1437 3919 2360 29937 7437 6798 16892 26284 19717 32407 30216 32335 19377 3579 19364 20864 26815 10425 6733 26990 11771 17492 30360 18506 18150 3528 23046 32310 1646 8387 14022 16556 7586 29410 30987 16180 2712 12615 31393 20551 27959 8038 6745 13958 22797 14408 8137 2437 4083 6621 18855 14838 16295 26552 17511 13617 16930 22725 11895 26486 5469 20855 16845 9712 32245 6396 6289 776 4065 22051 10215 30971 25602 3779 5824 11590 20906 24064 8090 30369 3108 11452 19901 15157 16262 17515 17635 29062 296 30227 31472 10090 10527 32023 7482 7791 2966 7100 11116 26269 24984 28348 13500 28104 30135 3454 7056 24768 11026 2284 3200 28848 7352 28434 30300 9471 19709 18140 2937 25302 30764 26089 26710 11661 19971 31904 22546 20351 31082 14759 26065 22204 14131 16156 3005 17488 19016 13727 11211 5159 10754 17978 26371 2503 12383 24127 16478 21726 13348 5452 25618 9656 16995 6939 7705 1552 5407 9864 575 17459 3736 5680 29092 20344 15489 16387 12582 8942 6924 20744 29168 2017 11450 2458 31183 17945 8704 5193 5862 9001 11928 2436 25279 21140 6554 1622 7690 5777 119 22421 26256 23511 29798 3307 8758 13627 29828 24223 28255 18730 11019 29692 982 25752 18230 22261 31151 7295 17368 32410 31960 1859 10608 17552 27372 2315 6048 31274 11966 13692 761 8831 30286 
5876 13900 27056 8450 6997 9024 6023 11676 4055 12373 11854 1059 6240 28303 17320 26930 6192 13997 6078 16924 22548 21069 8054 32266 15203 17131 29690 32329 12862 176 23677 29977 31181 16250 8895 13133 5203 16832 32740 13229 20719 7149 2085 32093 26083 24598 20372 4047 29898 6976 28088 25770 3250 2399 25756 27231 27542 13408 18346 11321 10021 10630 4647 9267 25559 20575 4102 143 32647 28287 2892 12780 22378 26955 665 13604 22562 691 22319 14035 11827 32579 217 16310 6686 6878 25732 23283 3427 158 5697 14934 24799 26722 4684 3480 18060 13015 30267 2229 4106 18001 20618 9442 5709 9282 25023 4602 15189 25238 12307 24014 17334 1173 150 17602 9466 5474 22109 7212 17227 32316 21297 11746 13416 19841 20081 19234 12490 25973 4704 7788 9292 19926 2835 31511 30143 24063 27303 10056 30151 24826 24389 5217 898 25033 17451 24288 22596 24961 15008 13625 8914 25986 20744 11436 4222 24150 4157 4135 9788 14371 16476 9252 6170 6100 5961 12273 32614 11507 27338 918 12514 4231 6218 24104 16222 23351 24075 15170 20447 3156 18703 31167 25820 22114 23444 25001 15890 8164 1088 904 23083 5508 6482 22681 23371 1092 15803 25762 3939 4363 17155 17142 18604 2614 1943 23288 20013 13877 9217 31521 17835 20754 18760 25641 5731 12515 9839 7749 30395 6832 21630 25614 15599 6868 10523 18886 14294 17279 12946 12263 23283 32482 30429 8305 4365 8115 29726 3274 2249 6269 10151 6843 16918 29993 10683 29681 15196 31865 19331 9533 13066 32014 1103 22632 22115 29797 4206 19178 30592 75 29021 15532 32047 20428 6836 27515 8697 26968 24540 19459 29506 8799 1829 21763 5067 11968 755 11232 12902 10815 29908 21206 10519 10196 14192 19929 30682 9520 13727 12807 17824 7418 26263 5182 21929 29134 11616 29415 1694 7791 10466 809 28132 16423 5112 21984 21137 6856 7839 28891 31907 32395 13983 32734 2842 7991 22154 20437 9090 24239 16711 19995 7105 11497 24711 10349 16064 18234 12737 26432 6680 20041 487 5017 8684 13405 25826 19478 16165 32193 11352 17207 18900 15562 21783 27932 11555 3062 29562 16071 14056 17471 14149 7335 20677 12304 17435 16988 12492 8527 5209 9053 30399 4374 8222 16443 724 2698 26513 27628 19434 29872 25265 198 20795 26998 28666 4615 14715 16136 2671 17121 27061 883 7628 11381 11722 21095 5178 10938 2709 14502 32523 24438 16406 4379 3188 11900 
20817 22830 8601 31138 32271 11457 22889 22536 31098 9907 7235 14836 19929 16203 8115 7239 17815 19913 15520 8317 5349 6206 12226 12614 16466 21171 21100 5295 30886 28996 7585 10455 26124 13420 30809 27104 10356 21966 31527 5047 17933 24170 5048 6043 6349 4171 12121 22716 30359 12002 24752 6754 6122 16826 10668 27398 9633 3710 5083 8378 21922 14775 7562 29129 32706 11661 27962 28367 18842 24748 18012 26164 26689 6256 10628 10675 14931 9366 10117 11374 32575 30057 14495 1020 6916 14581 1380 27303 9510 24903 23581 31205 8795 31445 17157 19782 8775 11438 23391 26809 19010 1255 4183 18220 26169 12584 15584 11528 372 16159 18749 12703 22753 26829 20863 26462 5884 32471 25645 18207 27384 26819 20528 8014 27797 297 20756 27879 10565 10934 11268 18066 11291 8443 2589 20780 5966 1261 4001 44 6182 20355 21732 30750 2771 20971 9822 24930 25771 27504 17959 20407 29442 17693 29934 5009 21234 25611 14393 10334 18775 3548 8492 28961 6609 17792 24318 20436 21007 5435 22254 20525 22113 18263 26210 19986 11559 18196 15383 4137 26556 8558 14622 7485 30783 24531 12653 16754 7413 25979 21602 9793 28259 23126 6375 11707 25310 24511 22793 31768 8136 20449 3510 10555 25266 4636 31729 13926 32689 26329 21720 23307 3345 826 25804 13934 26332 25109 16468 14984 28338 14791 13385 26225 28517 28420 32044 5199 2088 15475 4988 10480 32545 25570 4196 554 22363 26194 8581 4671 18874 5784 8173 17594 1588 7749 17989 13195 20678 22369 24566 1839 32576 32432 20107 32293 25576 23658 17205 6819 31467 30276 17503 23921 8640 169 16976 19722 31114 1853 3252 8829 30876 20137 662 17386 23712 32012 15614 692 22558 14520 19068 27740 32438 23276 26380 23945 2469 24765 19 31217 4802 10827 17325 29196 6329 20373 12024 10214 24290 27784 15928 10930 23513 32000 24468 12572 32659 19209 32637 6547 10364 18864 30872 27725 4226 27260 26250 13074 29814 4060 11595 6645 15909 22974 30655 20040 16194 23812 7000 22089 21703 2790 32175 30174 32489 30784 27787 17061 15670 19567 20567 6309 29856 31306 4036 27732 7728 9126 32478 1746 20900 29234 13224 7013 20083 11359 12999 15362 6657 10996 15448 11963 5151 22809 19784 8406 4161 20707 10895 3210 9901 6757 15942 19593 22916 23109 14870 11681 25717 790 23084 24457 32482 681 6728 7121 32263 8334 15827 22370 29017 10854 9757 17071 4529 9844 11116 27377 
16026 10376 5024 29562 12689 28817 22086 27724 26896 2043 10948 17256 474 14921 23786 11635 5352 24989 7996 14612 10693 23443 29720 26095 26517 18852 28024 22748 29227 19248 4501 30016 13373 533 18930 24242 22605 3169 27171 21375 5181 11216 13106 21191 1349 18534 13594 8290 19398 9744 15269 3569 30234 8059 18314 1933 28381 6216 13227 13695 2736 6740 28035 21302 13511 4891 1117 7840 24711 22797 31787 12162 9533 15039 29624 13107 22931 23094 22262 3391 32153 14549 25408 7978 20479 1149 12268 89 8525 14950 3379 10556 25414 6976 8663 15114 26160 29260 11306 20719 25024 13764 3592 10017 24013 23024 8450 3205 10637 8534 27378 28924 19203 3807 22354 12510 29338 5649 15495 3358 14953 20720 14536 19755 23818 24252 23655 16364 11740 18589 10732 24553 25039 26505 15135 23608 2707 19518 31513 24517 15484 503 15685 1168 22821 23298 12291 4984 2759 19579 20227 3638 17409 23722 602 16175 24623 22770 19409 3976 4027 26589 13043 13093 3925 12978 16535 21882 7937 24580 25818 30658 16890 10021 8732 31645 25394 8807 6717 30007 31509 24776 2265 15610 30806 25785 30715 30239 1159 23717 30375 30660 4566 20942 24961 9109 2785 26495 30465 22292 2694 14306 11434 32599 5094 17621 30010 25874 28541 14182 1840 19160 27207 30190 20186 4303 21911 16389 4469 25342 19697 23022 24234 22915 14375 4198 15022 40 26224 25591 23153 12357 4489 29806 10544 24081 16314 22160 8516 26079 12264 15499 15634 21591 24268 29673 16343 21750 6731 15774 8463 4979 19298 17821 17973 25646 16187 29759 4708 14799 23415 16563 30401 27490 17028 1638 22420 10276 18630 8646 9173 4868 7606 966 13221 5783 8917 15472 11965 14736 29412 2996 31100 10839 23738 30011 16781 5839 21545 32540 10175 21423 20602 9405 7878 874 13166 29166 2826 18962 10032 31627 23812 21617 22464 1420 3361 8398 1787 7266 9400 32701 31818 18668 11890 1399 32265 18791 30823 14937 823 24272 13235 6237 1702 12827 18638 17874 5216 9569 13615 10752 25030 25739 16610 1232 19628 23093 16914 3959 15945 15445 31890 5595 6283 17765 12369 23080 25523 13743 32228 6736 24060 8964 30337 13051 3773 10422 22369 5042 13782 21978 26288 9664 24667 32365 28908 24596 9393 24648 24295 28587 22609 29539 21029 27157 28517 7747 31126 15735 27343 21946 942 24794 10886 4522 32649 29833 2369 3536 20250 23440 20386 16975 14535 31904 3755 18007 18893 28819 
24216 5246 10423 8772 7021 14450 28175 7299 27886 10667 8564 31375 25779 192 16550 10695 10449 14443 26905 3942 14563 14970 23942 13103 2413 32147 31630 6302 15304 26467 21987 5713 30896 16159 27581 11825 25853 23726 30693 18988 23312 11975 23794 23057 18318 13722 30756 4171 23630 14182 13205 28899 20051 9090 25495 21786 6689 14111 21612 10453 15488 18086 23445 28303 6220 10357 9115 26765 26981 20644 18345 31964 19972 1544 12099 22268 29789 7804 3098 4963 30420 28202 3190 23018 21951 19413 6225 23917 25851 21310 20446 18921 7199 31505 23552 14668 3779 6301 6968 18246 5869 21623 13695 24943 30248 20152 25125 20106 18505 28322 12300 30849 32533 2328 9825 13775 5910 9287 12175 30399 23757 4370 31307 32509 2181 5903 23044 30832 29710 20041 17149 13608 7246 2615 15115 11060 32266 14071 24624 22257 9249 3857 6453 3313 13977 15866 24254 7938 6101 9538 14556 16375 20692 16184 14927 9415 1816 2749 20979 12338 21264 9113 30151 28998 25428 7698 4167 23479 23494 20841 15957 31358 16311 30116 6732 2583 1411 13357 23360 13756 6322 19851 12706 142 28373 22436 20838 5436 18430 3952 23575 18372 14627 6421 14654 23048 29704 32067 23816 27562 7520 7077 17275 18420 25531 22308 28944 24475 22693 2146 9625 11378 23009 15232 18860 16759 12319 31583 1474 28833 716 5449 6757 22241 26184 21941 26442 26657 19493 9765 30587 32586 30102 4845 30822 22366 26024 31257 10197 14423 8561 15939 14674 22253 14073 17118 24635 8183 21630 19287 14795 8912 21212 22216 1311 18013 8153 27905 13465 32424 10221 29736 19478 25489 9865 31328 12546 23000 1148 8068 29099 16163 29817 7976 15905 23786 15128 16396 17890 17911 26070 31660 7774 23928 13913 7281 20075 27014 16494 9744 17785 21585 26897 19384 31074 30531 9629 30753 3577 27696 7303 22995 14603 14270 10991 20218 1842 14573 15300 26442 14551 1779 7666 17042 26484 6040 23229 9629 22644 23833 4026 23149 1682 24699 25748 4228 9597 5635 23324 5840 11363 3081 2781 22273 20503 28048 15437 16169 4484 16132 14427 2558 30897 7421 26366 4128 28582 23238 15812 31061 1602 14915 28533 17080 1967 15865 14794 2896 15913 19319 30078 11159 26472 3806 26324 23723 15061 24179 24949 28549 21927 19575 16454 9261 8071 24971 30330 16054 30284 21238 21113 2909 31572 4119 4804 32358 23924 8792 573 21869 3305 10325 2449 17492 6870 17211 30280 31299 14160 24676 
12152 20735 28118 1652 11876 19323 21881 14442 19276 12248 1357 15661 14913 4705 32683 5830 14311 21190 14781 21616 713 11925 17284 11444 23141 9098 8391 18305 3582 26239 17916 26466 3311 20635 11256 20057 19858 31129 25273 6762 2998 19703 30520 23937 809 20786 20505 21694 31654 1556 6811 29921 4927 23681 14101 10854 1093 4573 21613 10666 17542 11624 30575 17411 6642 20824 16511 4470 23778 5228 26026 17764 18450 5613 25956 29352 14319 24585 17984 1205 4068 20724 10361 5405 6514 1444 11479 18553 1136 26295 24626 9046 10699 960 25369 13743 10322 4308 18874 3564 28397 16372 6956 7799 942 30661 11237 31894 1173 28372 741 26696 17704 15032 8336 12778 30635 12564 5045 12752 27914 21843 1982 3976 20019 17630 22138 19473 4449 15388 24188 29773 26413 29990 1775 25703 7522 11775 23971 20459 4775 27613 21417 27624 12365 21691 16865 18115 10166 5343 8748 27850 6142 13461 12194 7765 7856 12733 6035 1355 17230 5707 12219 12592 5484 11561 11693 16819 11525 26113 12153 29363 25091 26573 24684 5167 18868 20983 28015 30391 14833 12725 10332 14892 10666 22691 26821 1248 4721 21490 12271 7345 7719 30109 13045 20750 3856 14809 28449 29074 16168 6634 8979 13560 17498 31120 32476 21332 17675 32756 8679 22626 21854 23096 154 32122 31439 24210 29654 28226 10009 19411 28875 25986 1336 27024 13 27228 16339 2287 8734 25576 18930 30506 16363 13207 10711 18394 24186 27483 158 717 10759 619 24114 12931 14831 13984 31978 9713 26320 25854 17936 24323 27350 27455 16903 30551 22724 6177 12067 25645 30916 21496 16860 139 10383 26852 7575 18284 19794 5186 26472 24397 1828 30561 25869 6560 5049 29782 13527 12117 18429 23889 31103 25907 20539 31873 18673 19558 27882 31999 20898 16464 5847 30801 11664 30576 9916 2614 8897 9618 1043 31020 13730 387 16114 18202 22586 29639 6765 8688 17739 4362 12906 19575 11372 25832 8950 25005 24505 1252 17978 20005 25347 16433 19541 26509 15502 6626 15897 14293 16061 8595 14226 29300 18797 13412 19757 24767 18134 28572 19505 32087 27290 13306 11038 17152 23843 1467 16019 4385 7993 26377 19295 1457 6599 19607 14635 6426 31130 3681 77 29806 22538 2293 30842 17996 16511 19032 8236 12226 23092 32441 26628 29590 6467 1811 20634 20171 3517 11360 28374 19584 12902 10026 10030 10200 5693 11019 7445 31084 32076 21675 14608 23252 29530 2236 16623 27009 
3621 19248 11033 20692 20892 10786 7472 10854 5834 21840 4182 24494 19516 29287 5754 10711 5842 335 19060 14526 29799 16008 24983 16184 7244 27321 13753 31632 22926 3776 32458 21215 26312 13779 27891 14726 28616 12612 2472 26895 7697 3027 21268 4486 27673 10189 21488 11588 3837 27746 18668 22310 29354 26756 20145 13219 11761 12299 19528 20220 2571 19925 22811 22924 12451 471 19450 16192 14941 8453 22806 14618 4449 24971 16422 31742 6390 19190 6906 23503 21035 15256 22794 6789 17201 21743 4848 13536 27377 30682 25093 28413 29182 10998 22070 23992 32751 11339 7084 18000 28041 7950 12359 17290 1573 10837 2144 3006 5792 23332 14189 21834 3925 15845 16465 12549 8841 18365 30908 28781 24092 8177 7523 9140 9108 25922 15625 14461 6556 7250 19216 9932 18325 3998 25668 21809 20421 1781 27638 12150 6003 16194 25970 19535 17257 22505 28539 13431 17746 26112 22127 20530 13553 11205 14732 2300 31672 18739 24338 9824 23146 3601 29310 18 12749 28203 16965 25005 66 7877 8230 15122 29604 27021 31436 5224 20580 17108 24287 28530 27529 14088 1324 13822 19768 20266 27009 3637 9631 324 10662 5571 6964 8200 805 30620 13891 5844 17806 29367 16925 5152 12130 162 2256 11193 4899 26567 15047 24561 6581 10096 23542 26110 22398 22903 7606 27479 30039 12846 2947 19797 20971 30267 15666 19043 12314 2676 27295 19575 28920 31550 27861 19369 9463 21593 10918 18347 16930 9044 23942 461 11030 22832 19969 13622 12037 16769 24533 5098 14551 27986 15395 23195 5652 13301 18453 28024 20182 4406 8205 14873 4785 16650 18294 7763 6068 18769 6100 6449 1752 14178 11571 1466 14049 26924 5725 25664 29357 29988 18553 30794 24112 17947 8896 19100 26328 29430 7376 26481 21327 26779 10464 11753 30239 1973 9864 19848 22961 11516 2125 2652 27275 14817 13798 32088 11199 1842 5254 18234 32405 7761 26249 16787 34 12847 23164 11444 2348 12926 15899 13209 20138 11379 18611 11123 2245 10661 27105 25877 8986 30878 16911 6990 2614 30563 11684 23775 2853 9721 28460 18283 30979 18053 23938 20329 20559 9631 9591 1308 28188 1822 11896 13312 30563 30908 21626 16404 14751 740 9984 24474 8310 18325 2359 12142 29215 5602 30201 29124 1103 1367 13526 10895 19950 7458 28889 24250 4435 9117 22069 9598 7250 32048 24799 25592 3298 11057 11149 25407 7868 26661 25744 235 2240 13890 12465 24611 12183 31503 
3799 20077 24600 27911 26341 10169 2125 9669 15215 22864 16660 16612 16758 8232 17764 21850 19327 12871 26088 12815 6867 17956 18728 27936 18538 11412 25343 17830 27175 26069 3747 17587 916 2933 29756 22436 26438 10946 918 16819 29241 13342 16847 12608 6526 532 6019 6149 21193 16020 26977 12662 676 23368 5029 6752 27679 3492 25148 24794 20421 29219 5577 23964 112 4223 23527 18278 14775 21817 10943 28817 24078 10601 9495 30985 4469 20360 20786 1477 29336 23138 31661 9841 3438 29153 30948 26065 6978 22027 15987 5102 14561 20317 20274 8434 12254 4784 26856 23912 27383 9667 5806 19604 8838 5895 13953 24153 2723 17651 4012 242 30889 10580 18499 18887 16573 17379 26599 13846 3672 26169 10160 17464 5742 7190 23256 26483 1409 20185 31439 7048 3687 13362 6330 10070 21118 18976 14760 11102 10381 4861 22946 25284 7011 1460 17443 6513 25987 18225 26838 3487 8103 30690 8552 4838 1484 11192 26632 21155 25807 10032 31193 7304 6803 11891 7938 14792 13809 6009 20977 15518 25003 5192 23739 5489 15619 24233 16205 4009 8543 30371 31659 7118 19683 590 22540 29537 21467 17830 11970 13640 2315 15716 9980 32101 14749 9052 13411 12178 23815 1899 23549 11805 11625 9823 2768 1236 12851 2066 2869 4046 4190 13332 24010 6135 16520 23851 12186 31608 26763 22141 12274 18755 6561 14345 5610 28130 7015 30274 7540 28423 7385 23397 2803 99 7389 4663 30931 6811 13532 13953 30551 32532 16480 2667 20096 6805 4307 13786 5750 12383 27560 15534 13762 31156 25312 4570 10428 8101 17204 31483 16751 27913 31643 23862 29956 14029 18493 21277 15214 7164 30798 26763 14626 27795 28636 4556 16030 21052 16986 12133 31055 26365 24169 8934 31309 23230 20545 24117 17838 20734 20605 2678 19511 4309 14486 2549 27710 25634 295 3782 10270 2895 22778 19140 32213 30907 1689 13634 30777 28652 25262 20438 28888 22936 11216 10876 30712 4404 4727 23542 1571 26213 12305 4414 31390 19280 13252 15580 15080 15843 24650 19611 2944 30163 16833 31612 26013 29028 7668 9392 25474 29326 26388 10742 13312 18900 19973 23225 1551 28320 7684 21157 9565 5104 24492 3655 1574 12389 22227 30969 15908 7130 10834 18874 14546 23539 26225 20044 16356 25365 16001 29566 13821 1793 3742 4459 27799 14131 21112 4992 1578 27454 30959 20218 12394 403 24393 2864 27681 23555 22850 20857 17655 12885 9327 9880 17881 8793 
11971 17577 8906 21305 14692 29158 27833 28001 26016 7126 30943 30459 13241 16218 2010 5500 20756 5600 13121 14084 31725 12979 15311 14009 27583 26148 19919 26010 13730 3652 21686 31545 31360 31374 4539 23230 1813 28613 23336 7816 1637 11141 11056 935 10167 17899 9536 30760 28639 18169 5152 24219 20996 14202 6952 20436 23166 27075 31158 12296 7956 10640 30110 21064 5513 9188 23158 2565 27362 19833 31074 6493 4678 7049 20817 9186 27315 28845 20356 32273 18448 1511 29276 5960 20989 10533 13565 8544 3159 24033 21012 4655 19588 3564 9874 27126 26565 7744 28927 2556 25112 16290 21994 931 26804 17501 20258 17348 30868 26153 10623 29094 26294 18468 10888 23065 20883 24021 20679 22036 8282 9427 11521 21410 1253 19150 14925 27734 17706 20156 12306 15187 20441 9733 32028 21243 13566 14877 11332 30904 15594 25892 8881 3308 30547 4130 10283 19301 7320 22287 23347 7043 30232 11271 18332 1382 22924 27049 24658 5807 8147 5233 22074 7176 5724 18052 18737 5692 26209 15832 8457 25165 24845 6707 24183 14779 11616 19344 6442 23330 20797 12760 884 22319 11282 13548 25419 19535 28065 2112 24551 13687 15630 12933 6345 26206 7107 26632 25056 23578 5857 22231 14546 4980 7159 3549 10419 11897 25323 2548 2010 10781 14188 31102 1416 31553 19420 30654 5303 981 32652 26647 2731 27176 18894 6894 14607 28657 2917 1422 30808 26549 30390 698 27503 23338 30469 15232 27002 25025 3533 12771 6231 12028 9763 29303 24853 20909 22468 27939 2211 4128 21097 12808 11460 25216 6120 79 27947 11665 32585 13053 20321 118 21870 12656 31961 26536 14730 14910 107 18725 14919 31297 14055 17789 2264 30292 15794 3652 14404 15349 12786 8112 28984 13215 8920 30475 18889 16750 28061 20337 20162 26969 19109 9822 29746 24017 30803 22991 25713 31514 5219 25317 6042 18301 25548 2965 1334 18097 6714 502 11806 19294 23185 17826 20303 11348 16162 8457 21808 1081 1471 19263 27245 21686 6230 10470 13297 19340 20997 21256 8423 28825 19637 3786 22159 30774 11254 21611 6031 8691 12519 1921 23799 28841 16667 11693 18893 12079 8612 10178 28408 16432 25274 23726 3840 11854 6806 12569 11798 7495 4234 26260 28836 32642 5090 12267 28535 19086 28902 22927 31958 32589 28501 22650 25083 28846 12526 2140 27457 16990 26664 10227 31628 7606 18150 17891 16823 31077 29951 7231 6148 4048 10753 7511 31984 28046 7899 112 
8138 30469 16641 25375 17500 21312 28932 23527 28917 31468 25507 7925 31870 12194 1485 23195 32406 8503 12044 29695 23594 31437 31809 2288 6826 19731 8081 17192 22990 3543 17523 24114 7083 32242 114 30935 11352 27342 2285 27066 28582 24911 28106 23464 16001 23841 7644 27657 25229 23459 18623 12786 7212 28772 5926 16025 13503 7720 2396 19659 20638 165 19650 10199 866 31564 7121 8130 15285 21162 31212 8866 13401 1948 8777 12936 21257 21942 6551 11771 14968 17474 27309 28429 24212 17980 30125 27976 5305 31207 535 11271 10991 8173 21345 812 30329 27920 6206 20824 12733 30378 3839 19039 19349 9459 4913 32463 24939 11014 29177 30809 25862 32499 14776 28962 7527 22415 31138 30921 31145 29119 13642 26520 23378 2336 11625 8814 18431 7850 8097 29282 10847 21585 49 30419 29625 12380 28428 15395 5091 5449 2867 2802 20227 13558 23077 25151 29224 6776 26401 20298 17929 1864 24171 18152 9776 1725 27305 10978 18832 12605 14998 4487 19393 10019 7731 13048 26302 19602 6246 17422 9787 11677 14569 32734 4197 13339 17297 819 22200 3964 10122 27395 10197 28350 29987 4491 31699 16393 23937 387 17506 18789 31064 12731 1096 2928 22500 7207 3939 879 7398 29055 27091 3169 12585 26128 17465 9541 18370 22603 16454 18703 14113 9446 10256 31998 28170 11375 24639 13205 21773 13576 18337 8992 31142 13045 23269 19001 12082 16412 30678 27130 7229 2384 25313 20753 9711 10953 27166 10186 412 23297 5401 9083 11924 27651 7920 5240 20135 21867 3305 20536 20337 29344 11385 22520 9254 14328 23501 4291 17960 17818 20616 3963 12970 24120 15746 24634 30484 29123 603 7942 20375 9764 25411 11878 29830 18688 5472 3023 23683 11535 32557 27765 18284 26314 12600 15008 12748 16590 32106 3812 1126 6846 10480 7854 11450 12013 4207 30573 7062 18650 9202 19318 23665 29 26798 6447 26098 8397 15497 4757 11152 12312 8441 3547 20023 16374 18448 10996 10447 2675 15896 356 16394 31440 3697 12220 28862 16495 3003 17426 23017 18050 4305 19355 12325 13208 29462 19758 1562 29890 8161 28416 17808 18350 10990 12234 2206 14908 14509 32204 30991 555 8866 24513 1850 30009 10444 24438 4884 26713 197 21485 32486 11057 18341 21891 31656 20258 28498 2849 6667 21435 13121 20042 19497 9730 7190 17244 18399 1911 7372 29583 7338 5513 16174 9987 27872 8816 6908 9181 8933 14244 24971 20950 23134 30771 
13998 29171 16093 14949 20679 24333 11603 7855 5172 8314 5687 4088 9170 3896 24410 25453 5428 26428 27086 29139 14025 8245 2881 14861 32030 19708 22011 10644 17805 30834 32302 22843 8413 14858 8873 4435 26288 28766 15723 1441 19364 29434 25192 25445 2990 4052 25720 8840 27505 32562 29759 5709 15745 13953 23399 15453 21294 30995 28850 12148 9142 10337 5119 21414 30003 24791 9754 15100 27723 29730 3166 26513 11875 17107 15089 32485 25381 9182 3991 21342 16492 10255 1421 11585 6132 20222 21718 24598 22835 4726 11127 8697 12429 32105 12580 2050 21208 1558 15149 26586 14483 23945 10561 30847 24471 13108 20044 13468 1846 14111 2499 12395 14930 18245 26968 9734 3307 27212 25577 27404 31048 24733 26009 7690 20873 28130 20026 15189 8623 10937 3952 13422 26844 15400 2824 22273 27050 8767 13352 9984 12001 24924 26774 4593 21558 30431 5565 21892 22751 4724 27540 15377 26572 22252 6618 574 7992 3042 6493 12817 3079 15390 23631 16372 18924 11774 6012 6190 17503 16697 32153 30935 16862 6779 10624 41 7494 26609 3703 28134 1543 20397 25088 1797 8226 22785 18848 15296 29446 11091 6889 7016 30499 18696 30693 28592 25288 28633 30668 17042 11543 11225 640 23233 25016 8514 26355 3861 23207 29330 2221 10208 14080 1110 18035 11865 16444 26574 15955 12701 7644 24610 20005 11269 31663 18224 4780 5371 6424 28131 16814 18830 15357 19496 25802 14052 19331 8812 10940 28369 13697 10597 14948 26814 22407 21472 6519 21279 30894 28382 19279 14953 12333 5326 22974 19777 26092 30629 23409 13442 5266 856 28378 12818 10944 17642 28910 26772 16409 6157 22502 26869 32024 32069 27574 19300 28561 28840 31051 13870 27734 24699 17210 3049 6412 1848 5674 12156 13766 11016 2424 8571 28814 10624 29720 3425 8520 29434 27141 27115 27272 7603 1427 31162 21921 22396 6605 28236 17778 11158 32331 3663 10924 2267 15230 12681 25315 7844 16671 16457 14747 19549 12698 3137 691 24583 6673 26879 16430 29481 11730 87 10669 9998 6800 8015 9094 26082 19157 11847 2220 11467 11387 32280 7373 2993 17094 7260 23379 2905 30886 12362 14026 7995 29244 4935 3877 14907 12571 9836 9480 2516 5416 3830 2957 29977 31404 10961 27779 31135 9232 23815 26696 22393 2340 4163 10223 19865 12340 7228 27648 15341 28854 22159 19070 30268 26447 6672 12835 29824 23390 4512 18235 26096 27695 9917 9156 838 6284 24347 
8900 28542 12731 8484 26976 1647 1870 29931 3295 28090 30803 25749 25471 29522 31644 6932 20679 19145 32330 19256 12656 8095 20751 2306 4132 9630 11573 30328 14046 25173 28688 29895 21216 15582 915 19292 8291 20348 20223 15861 12043 10789 647 24845 22742 15071 29143 12065 18614 26710 20364 4647 1289 19723 28317 13236 28807 1835 29375 14540 19175 9123 29628 2512 28180 2826 15994 25464 8506 10130 4894 4336 1317 1534 26791 14361 25707 23465 11722 27615 9292 13328 21798 19217 28541 26139 13433 26785 9088 24839 24006 2215 19774 25166 29312 27841 27771 19059 30637 32625 8279 23606 13027 16832 14611 12037 29131 12091 28938 6564 18271 15565 18689 23212 24484 29441 1728 27293 24236 27712 20057 24855 21632 29958 978 6341 14505 1881 16875 31459 30236 12370 7497 18790 20141 12767 24106 6037 30279 24080 29683 9016 2587 12301 8917 24865 16377 17514 6458 3231 24599 22850 27345 1473 15020 25261 1012 9040 11371 1866 26807 5193 6388 9494 29810 2677 4065 5161 17114 16167 4482 20754 2738 18311 3164 31216 32380 11996 22918 16831 25862 13686 7087 29903 24340 10628 17776 12542 9244 31318 15823 23882 26829 6417 31679 137 19854 28040 24281 7363 6407 31042 23934 6870 14609 8444 6674 19117 16071 28003 20160 8865 27310 2763 13758 642 29459 18909 24346 20195 14693 9483 4570 946 28230 2585 6574 17264 9215 14562 25938 7452 2969 25941 16662 14997 2194 25594 30630 9532 1080 21305 7289 32233 13132 18612 11925 7440 14495 18719 2357 14295 1198 5871 25544 29758 1135 22109 28785 30033 30892 9563 14084 15163 24737 24457 10483 20713 20345 22909 29166 1821 72 27058 17200 10603 2179 20693 15971 8132 20951 10865 3668 28743 11565 19616 30738 31087 29656 18565 21454 12246 12602 26368 17546 6813 10584 3697 13629 26183 13109 3435 6953 27901 2571 25594 26390 31906 30460 12949 16894 21906 1319 18876 4830 23919 16805 2370 29258 30430 23461 13697 16774 19576 30419 26672 14804 2700 4372 669 24561 26810 22452 3133 25308 25881 9391 19007 1739 5471 12121 16743 15748 13231 3193 11887 17584 18544 30244 16269 23661 17460 20683 16838 4289 31132 4051 19257 10214 4212 16796 32315 15810 2150 31263 31240 5089 8212 7790 7194 10687 14773 3180 27023 23258 11417 29604 13589 22678 20445 4560 6361 20029 6256 10142 30751 23349 9064 73 27057 2761 19612 8874 25307 7271 12475 6412 28763 11901 1140 
32562 16468 12320 18575 19701 21459 4397 7992 24185 17585 15288 9807 1778 31070 19200 8018 7545 16620 29489 31093 21850 28290 18548 30983 28609 24853 23565 20367 10049 26283 31796 10962 18493 7537 21056 10967 23347 1156 3555 13707 4167 2763 4001 15805 17445 27906 9142 26271 5901 17285 31640 5398 14325 8752 706 7845 13402 7316 14872 11915 17949 21073 28165 7859 27366 15091 22130 29467 26859 24481 13683 19894 30859 797 22879 21549 24865 13666 29124 29531 30608 141 351 17719 25343 29423 3459 10059 8790 26719 3202 4321 30615 2056 25087 29265 13944 1890 30513 1246 21598 17968 31887 642 11084 13140 11820 30092 28670 20235 13015 18145 16860 32671 6559 8377 32385 21440 8708 6539 17870 29622 29438 21580 4717 7074 26748 31397 23089 29891 9571 30181 28074 23940 4221 13503 295 28395 5900 12134 1922 12380 29797 13228 30864 32301 29382 8166 8841 7242 11332 9185 7510 24978 9900 9136 7926 3961 13632 25439 17289 9333 4532 15291 12652 5100 20271 8116 4015 21623 10672 23624 10854 18689 15233 30158 28619 28928 8321 12959 19664 16180 3233 9418 30944 9695 2781 9112 15137 10966 4743 6340 31775 2013 30028 22255 8343 16363 14628 1379 18274 23605 9707 9078 5422 12648 28165 1344 32642 20686 8096 20869 16833 27735 9871 22767 27825 26048 158 18205 2775 18628 27779 4331 12863 13118 20319 32670 6943 19600 8092 8592 25647 2827 31445 21462 17023 26939 31738 6490 15345 28935 21518 21136 30688 6437 17292 13547 32693 19596 22321 12537 7846 27522 23457 11673 1375 5546 15346 13845 20622 26417 7664 24102 25352 13 26807 9475 252 5568 21056 6252 17960 6062 29632 13050 27107 17255 28832 1296 30373 14056 18665 15714 13263 8649 28280 11032 30292 19934 4672 19013 25601 28472 7926 32301 2117 16070 4524 11649 765 19422 13072 18667 29496 9223 4690 17 31792 23454 16798 18965 6972 14552 1155 23316 24475 17450 8399 9032 4138 5731 30018 11444 31827 23537 9605 14571 25229 4030 19954 31616 4860 31090 22385 5950 30568 20925 6833 19288 25278 6195 7438 30073 21437 3485 29333 25911 29460 20650 9665 21547 3727 32687 20627 9385 17992 3395 30595 15400 12885 7919 23378 7852 31498 17626 13299 29879 31409 12893 10849 11509 20500 17092 1520 20032 1644 8412 13835 17250 5479 23081 9137 9212 26005 12106 1604 23920 11143 27112 31366 9608 28759 11209 17686 8562 25910 11217 4133 32377 
17580 19778 14476 17047 19557 30408 23812 27385 2407 15707 13270 20075 21125 17576 5774 32523 170 11189 19367 25664 6507 3001 4494 29641 28177 23021 28871 18816 21304 7439 31635 24962 29807 4487 15511 15679 25422 3137 187 17374 668 30895 11702 26734 3261 20820 10384 19389 10967 1652 7215 28496 18484 23156 11325 6256 20032 23988 20963 23828 30677 20269 6737 27289 25759 27302 13543 21977 32576 12863 10097 19083 27005 27023 14771 24894 15299 4937 10760 13432 19416 13765 23586 14139 14638 5615 5466 22351 22089 16665 25487 24903 1869 20107 4912 12540 28634 14302 16476 10445 16153 31570 30498 15863 30256 18892 12490 21624 4853 17956 3235 15359 4119 16821 27939 3974 15051 29715 18612 32161 21304 14708 31061 25009 9922 7970 24706 13102 11222 1629 680 32013 4433 32379 806 3891 20481 3850 11942 26635 8900 28512 27596 1830 5777 28834 27176 2764 29901 7453 24826 10343 28386 19584 28801 6629 612 5266 17119 17806 22787 29975 1092 1648 10636 1036 8600 12877 10050 26695 14123 4924 10857 18984 2524 12142 9059 29691 6075 31784 12418 23814 23654 8068 23452 9633 3875 12617 6325 19383 10826 19991 17191 14737 32275 13319 11700 19859 21521 16278 13870 11604 29731 5973 20452 26416 4654 7050 11251 86 18446 12039 20657 23467 32389 2797 16257 2109 32693 3296 32020 18807 10667 29282 13227 6563 27436 15353 5662 4917 6119 26118 4630 10231 3662 20876 21911 31117 13637 10492 11508 23940 30308 3408 8914 5134 31301 220 15855 11960 18343 20835 20035 5180 4414 28332 22811 29476 1725 26010 2894 19027 3177 9738 7231 28121 8064 8029 31152 24408 2200 24229 25846 7383 21314 28559 7261 25568 8637 2175 27203 27523 3489 1315 2442 17195 24949 32239 7394 21032 15187 1277 13437 9644 5934 17274 4914 8570 23953 10689 18813 21829 6121 20512 2154 20061 2546 13968 6290 11788 29221 7982 26873 4667 18594 11919 14764 14373 30610 23118 25886 8979 21232 5125 4478 14326 17794 10449 15280 28901 497 4336 28492 24777 28872 1957 1030 3759 20285 10463 18223 527 17588 27771 22600 3606 4353 23332 25584 1667 31543 12083 21662 7683 29978 6620 31384 7554 5995 11123 28067 28510 19253 26444 26542 3857 4124 22777 19388 26455 3241 29338 24673 28779 2004 15292 4678 20200 20325 2647 15753 19223 15036 15538 22899 10351 19023 22644 14626 23698 21387 27138 23329 376 4587 27180 5632 2625 17246 26171 
29020 13969 6913 6985 32596 7678 19593 1991 5230 28759 18766 18088 2314 1433 20122 29336 30353 28972 8731 11162 372 6253 11825 32235 31288 27056 18104 16850 16375 31868 368 117 28527 14090 250 5264 13220 12193 32486 8803 23934 28681 5797 13880 23319 21666 18569 9241 26931 12141 5276 12733 19448 16068 7100 7752 446 23852 22622 12348 3669 2585 19589 27121 14733 7443 28222 23217 4985 32384 22455 5727 27596 2588 31889 399 1137 6494 20106 11005 19798 23391 16427 20149 28633 4709 21492 24573 24046 5364 12625 20961 10531 20835 8142 6877 9235 17529 4088 8190 22987 7339 687 13222 17503 560 20047 31951 401 15080 25917 13522 24451 5889 10335 32662 14091 12917 16240 153 29839 31661 9075 12303 18257 15874 15854 9555 26352 4596 31523 12287 21653 13653 6064 17273 21037 20676 12173 4153 15187 9848 1006 18444 25170 19001 13856 16140 19189 3690 22165 22272 13883 11978 16040 13242 12682 27445 4779 5887 27465 16475 1686 31396 12167 16356 4426 7553 16971 31103 31229 608 26139 21949 13788 25189 19085 20303 14687 28044 13110 19458 30900 10780 11081 24824 12812 4918 25315 5348 1946 5337 477 26182 20073 14534 32323 16361 30687 22213 30975 10266 13300 14619 496 6353 13357 6199 23765 24278 5044 17180 29123 23869 2764 12104 187 9059 17819 5245 29127 32488 24173 8867 13517 19651 14788 21578 18740 7687 10163 24622 2190 30433 16751 7409 19024 11935 16281 24579 16497 36 3391 23994 14473 16019 20787 8013 12384 15203 12604 4106 31720 12625 16667 25413 16502 17083 23113 18743 380 4595 16635 19829 27912 14484 7390 16515 7934 6081 9198 9931 20183 21050 30811 22719 23981 20208 2779 5350 13177 20023 1065 6829 3092 10354 10231 1721 25882 19574 12742 1752 23750 22920 4554 28351 32437 8366 23732 27169 11699 724 23458 4238 2736 8091 482 6998 20825 11645 17953 28925 31548 7791 15240 1028 20171 13500 732 15376 14293 31531 10456 4027 27579 27783 21316 6260 28523 10902 7174 672 20164 32204 21597 17611 4951 18032 2914 19182 8879 22911 14885 4040 6854 2470 28600 24298 12626 16347 23137 3818 5260 2266 28659 29486 548 32056 15548 2548 29611 28604 9670 20997 14521 17147 17694 10182 21055 4621 19740 21577 10548 32262 12931 30171 26294 24034 2931 20651 29089 14435 10962 9287 4390 15574 28099 26974 1796 28094 19821 16328 1426 20780 14583 18024 18306 31170 22303 26682 
4745 3075 16670 7374 32407 23040 1758 25207 15690 31269 9359 20130 7471 11069 22534 20084 23113 8306 11369 17055 29338 584 29644 14867 2365 18010 9544 12652 26030 6300 8146 19102 10917 7689 4696 3083 5478 27067 12013 897 4098 23627 9759 12575 20352 15864 12327 28843 2621 16640 8338 23329 25376 12713 29047 3397 123 1204 24803 7996 19193 9553 16615 14346 19659 1310 9516 4708 32231 5944 31361 24721 19027 12662 15833 19622 2150 11337 26164 8739 32330 28560 3395 1007 11256 7023 13294 24641 31920 21044 6791 10392 19449 43 25839 10659 17195 23736 32209 8116 15151 32542 27471 10483 28674 25980 29085 13088 12035 28609 27144 2973 21759 7751 27490 23719 19406 30440 29508 2323 26622 6384 22626 20504 13865 21948 25979 596 24038 19826 13698 5026 6494 5738 15518 27391 13749 26946 14715 20503 20841 12041 4505 22161 21959 2017 18337 17769 4675 12202 31302 23809 26068 4136 16555 20891 27232 23425 29929 1506 18738 10965 30155 5928 18262 16494 13592 4150 23553 30137 17197 6241 18455 23555 4578 19381 29610 88 6487 13149 10350 24538 29498 26526 17216 3285 31305 26597 11534 21008 396 29761 25425 9307 12978 4216 7190 7758 21145 15232 3373 29509 6836 7520 21790 31880 30677 9999 11262 19641 20564 2728 16837 24348 10720 17185 31433 30854 11544 16417 24296 28770 16019 23694 18142 11827 7804 31584 11328 1731 13460 17964 23385 23695 21087 28604 1937 22357 6625 30747 20539 20621 7799 22973 133 4841 27976 14008 19846 31491 16964 4115 7558 16170 20358 26843 10477 30370 19949 1011 12013 32079 27865 13859 13762 4034 30841 20572 17994 32343 14133 3146 6011 29208 25942 31050 28624 12911 16829 26471 15340 11773 17838 30446 9402 10162 26112 4739 17554 14240 31417 10008 30970 4218 3896 22928 28253 10121 25634 31818 30806 2427 23617 14173 28930 20202 32128 970 26556 793 15479 26375 16737 18768 11629 15910 30412 18502 8868 4392 4146 6305 20553 16819 987 12360 634 19985 23477 17537 10205 16945 30661 21899 8608 1969 24471 23891 2722 25199 2657 15627 20623 9735 14335 21795 29583 5167 11790 19743 1114 22384 16537 26427 23005 24149 14173 25320 25467 7990 22085 32077 20788 15287 3392 7681 6965 4445 20714 3276 6375 13032 12426 10758 3485 29077 12647 16421 27103 19761 31874 8135 32375 5099 26175 4035 17742 28096 6914 20102 32625 6288 22808 29748 15387 8914 15292 445 13192 21784 
22567 32673 30608 7464 7854 8374 4500 13793 4857 25476 31937 11638 30462 3474 674 14734 4619 2262 20954 26190 21461 7279 9337 27568 12180 9101 11443 2470 13130 22886 1627 4449 11793 25026 6720 4479 8883 24991 16747 14514 10302 32238 20578 31875 14021 7353 27418 6739 16922 1776 10474 3653 13051 5421 13307 31307 7127 19897 9578 740 22327 23116 5566 2530 28857 16035 4109 27514 10373 22158 4736 30791 28480 30006 14971 4853 28037 18854 27505 11810 4115 16209 26682 2574 3945 27514 13402 1956 4111 6611 2131 29474 23944 14284 6283 29334 13978 13313 5353 1446 16316 5585 20791 4934 19934 30175 22394 23229 4539 11999 31342 29037 23595 5981 14940 10778 14894 24381 9397 31855 7884 1952 12632 23105 15744 3484 7374 7151 18771 16700 6563 4034 17403 18985 24879 4692 21480 15504 4000 14400 6408 29648 16773 6042 15432 20342 15173 596 6149 29024 22238 26291 21968 28557 32422 908 15782 9102 13226 14153 229 25218 14444 23956 12514 20827 8356 7517 19402 15106 19936 22654 28990 10510 24580 21875 11875 29258 8206 15923 26346 1442 23166 14345 26768 31636 10220 591 8306 28174 26111 31335 20046 791 27438 7214 24820 32537 1962 9998 3274 21316 20032 11081 4138 28425 2479 15417 10125 20893 15361 29632 3750 27587 4539 30255 31780 1051 13165 366 15329 8886 11818 16179 1793 7406 16659 15552 8820 28529 1153 16880 1223 7281 17726 18724 11747 22321 31655 17877 11207 6843 7427 10715 474 2219 22224 13382 23684 22734 245 21975 28492 14354 23211 23401 20640 22065 1224 29095 11470 23462 1423 9367 32163 21391 19090 1873 24962 4300 17820 32253 2776 25927 24012 4831 29773 22454 13291 13838 10151 16610 26598 8273 31655 25252 29463 3517 22129 5502 17548 15334 147 14050 24987 820 439 17704 22010 18480 1131 31140 27443 14183 24028 14856 32761 14785 31189 15396 25227 745 26795 18 15441 30285 30930 9068 1328 7083 9173 16248 280 31817 1050 8639 660 17031 26746 4123 9932 15067 23350 17498 20386 7303 20998 17327 11834 6299 26465 27991 9775 26401 26625 24639 19918 25472 1274 1307 6792 18788 21285 6861 5361 25458 13265 18080 18134 23455 12502 24852 4261 14337 13733 19582 1428 24646 8488 5275 30275 16427 10868 25233 17784 4802 5396 19958 19016 11716 8802 4548 18175 27149 25847 4321 26789 742 9664 31027 14906 18516 20342 16088 14028 28523 31806 12526 26101 3280 
30928 18743 10083 32010 7396 10382 30278 16607 13483 8250 5164 1870 9795 25059 2001 23937 8895 8554 31683 15477 26135 2742 6023 30014 15510 11728 21661 10705 9483 27256 2137 6556 9340 804 8393 31283 21450 30705 30518 4517 6883 16510 13372 28029 11677 26524 29265 1019 23237 6800 13122 19578 26081 10280 17884 28899 14847 32069 13611 10608 12030 24497 21497 10770 22228 21698 11354 26211 637 163 7479 2836 7581 2261 30290 29891 15596 31671 28686 4331 11969 30033 30738 6518 12141 19977 28693 16925 22059 8227 6720 20409 13164 2151 28949 224 16759 23759 21847 1250 2196 30705 28364 30249 3296 25809 9113 23715 31758 18871 17928 27773 11409 22532 13025 3816 27835 24306 4209 5135 3300 27065 21533 245 30538 8527 14800 16176 20985 11124 23935 25211 28421 5125 25041 25948 24861 11569 13806 19148 23501 28342 26992 12261 19795 6090 1511 21440 30772 15417 14008 14899 1233 28306 26587 31009 28960 14261 22646 18948 6505 17459 26862 29796 3777 14730 21200 15861 1819 3691 8741 649 3942 2118 8371 14332 13882 14112 7188 12268 23581 31414 1018 18512 21734 10327 5964 196 6692 29332 30128 13616 24627 5568 29364 15577 6556 29434 2512 32200 19729 12152 24647 16925 3213 14948 4313 13567 21368 12927 11164 7658 1778 1866 15169 29434 17803 8175 22300 837 731 7292 27964 32603 7862 7127 28319 30252 21963 20633 26268 8971 23672 10979 18329 11320 75 27865 3273 15925 30772 15534 1337 32100 14319 10661 697 6174 25494 20962 20048 8644 15409 21990 8398 18953 29679 3349 27036 15176 20047 19652 30854 9556 5953 19601 4693 5189 6351 15791 3686 19647 9303 10319 3962 6203 3281 28287 28151 11021 9285 17673 25429 5309 4275 31193 25742 32061 21277 7316 31178 5757 1225 6840 24022 32727 23501 32132 22726 29235 9141 32605 31505 20171 16000 6518 24076 13012 7000 6546 17253 15474 20300 27869 18492 4649 30867 2509 9199 32024 19592 13297 22120 18716 21539 10993 25232 22453 27079 31632 7456 21672 14216 13348 26724 15942 21574 2424 30948 16091 2910 10780 7104 4502 26770 4563 16940 3002 26502 24523 16450 25645 29346 32556 8425 31373 17203 31983 11332 32649 14195 30087 2167 6198 13022 4951 26458 202 17920 17656 16054 6123 11444 116 31856 15439 14192 18833 26896 7897 29143 22730 17790 32069 16779 6795 15645 7344 22825 30616 950 27507 1112 28674 5549 12432 1504 27982 8871 30366 
19020 493 28802 199 3976 10127 32044 9673 25891 7049 21338 25212 7666 17494 17086 7681 17349 12234 17845 22950 25623 30054 10058 5862 19822 11069 978 23811 31507 17062 31881 30722 16953 14390 14436 2622 17053 21285 24521 32700 3421 24978 14576 31624 18012 23829 17080 12789 1573 2600 14137 31838 11296 28055 9253 19399 30226 23468 14756 1947 29617 3005 980 31295 31527 29605 23281 8013 1546 4290 23600 4793 22939 12691 5067 10199 893 10199 16317 1402 32005 523 24002 24680 11228 30756 30999 12057 20370 28667 8397 31903 10426 12675 4026 189 16511 23567 16592 5475 14747 10614 25360 24403 14636 5336 8500 8618 30350 19741 26591 18239 7378 25922 22160 1950 1602 14365 17631 26412 12772 15053 25470 19526 9420 10700 32397 5643 18871 23110 10686 5836 26654 25762 17245 32007 11427 11699 13794 13039 13956 7699 32248 25075 21961 30639 32388 18660 23010 6632 19962 20980 30401 10390 31501 27132 25958 26976 15031 18525 25656 22995 2457 5827 2174 27275 13281 18589 6393 30860 7257 18943 8232 23544 8161 17082 17802 1746 15983 340 31057 16797 3186 31434 5606 15797 3965 4852 2221 21748 13634 2336 2847 32489 16403 11747 23985 724 17413 14620 22481 2910 1147 6989 4945 10230 11536 17960 16086 5213 6204 27628 17492 40 2892 26382 18636 9268 23388 12853 11887 2983 29892 9542 25513 20170 666 6189 10578 32200 25014 8069 308 18764 23872 28569 4441 19015 5824 21140 12831 27645 21623 24561 3229 196 6882 29147 19704 13543 27914 24004 19526 26804 6423 20808 354 30757 11672 21546 25669 11631 28537 22130 21276 27272 11840 6056 27682 20636 28663 17064 16191 4558 26329 11177 19834 4881 2791 4401 30167 27746 17407 28580 17426 12110 20485 20492 9776 8050 23354 12356 23028 5901 20647 14828 2948 17365 22561 12350 24682 6369 10771 21906 16294 19353 28431 26147 1189 26556 10513 23898 3833 19626 4840 27993 10889 17532 32078 4636 3161 3671 14535 5185 12557 24814 11702 3651 1535 2741 25640 30918 547 31036 24543 24299 22734 8018 130 17495 15819 5187 11141 20111 18766 17815 23336 14811 29600 14388 25581 15304 3543 7347 30890 5765 8520 17586 28054 30886 8364 7219 7429 20441 627 18543 30598 2843 17742 7201 19448 24763 10799 24059 17502 29883 20567 3780 3474 24440 26842 10483 4829 1176 3021 25449 32285 3734 29653 15511 10444 1226 27126 15412 20245 28432 10356 11458 13366 2072 
25116 16689 12846 4113 32664 31149 23826 15284 16386 802 15075 31194 27921 17478 22826 14176 13887 9520 10088 5111 15117 27218 4366 16207 30295 29385 12391 23998 3018 22419 32486 18981 10671 2538 27098 22844 18523 16665 16495 10655 23723 8058 16485 20973 9303 32319 181 11110 21427 23203 19568 17786 15328 25453 21639 12667 12198 8227 9436 6350 468 14798 10063 13321 23240 4913 16675 653 24625 21979 27364 1077 20271 18805 3047 16495 29800 31141 13198 13296 23412 519 455 5847 24754 29707 18340 29913 11833 17833 250 5091 27980 10586 16566 23428 22387 9650 23265 25913 12893 29636 1195 6643 7758 29263 22040 5969 18206 8327 6206 3491 13893 7109 18508 31964 12737 15894 14535 9035 27432 18244 25084 28123 23321 2921 32147 2225 3567 10640 20427 15905 7469 27990 24983 21842 20629 9177 25428 10492 7524 9671 1994 5940 5294 24900 3088 27078 10696 14483 23736 16910 18029 16238 30789 13596 2908 13293 9301 21685 5896 14059 24348 14340 6535 9842 723 2567 23544 27769 1840 7854 2931 24860 8613 18271 8573 4129 12803 15823 29204 10257 15013 23384 15581 5531 19476 27697 6539 21444 20073 14900 28621 2304 23100 7440 5732 1005 19832 21416 11728 23222 9719 14260 16983 10829 31310 23623 15152 9357 16856 21962 9194 2225 26446 1774 32550 25193 24083 23588 32034 27656 23360 28593 11547 2806 5592 4569 22206 28294 11645 4373 27284 14236 22967 18777 20658 13718 17300 127 2475 1086 6740 15037 2527 28450 12826 26846 6314 4025 18012 2790 7186 8681 12968 449 17944 32127 2055 11495 11863 14246 30860 3223 29706 30679 17408 1111 13257 30831 11360 21406 31740 18919 31100 17636 11070 19510 29902 17628 24598 9800 8169 9723 29069 28301 17231 10679 13668 2208 21094 25083 20169 2771 8848 6292 22306 31763 1166 8941 2215 13185 8555 11416 21365 24070 22172 24703 22995 20747 12042 26317 22149 17188 4051 4021 436 22587 14286 1490 10332 12664 20123 16404 17923 16623 32691 3262 18174 9129 20168 1792 29343 14696 14661 17601 9837 10914 3399 6914 3989 30784 29428 19560 28098 26363 25139 7340 14523 22769 8281 11697 24050 24910 3569 31527 5753 21435 8586 2009 7664 823 27418 20486 4076 16485 6224 20351 32521 1335 26573 13136 1095 6565 20939 22731 9466 24111 17283 17113 28164 774 21930 12158 7305 12099 18411 1877 31179 26561 31805 23965 21064 27376 7528 29775 13092 673 24043 14273 
18067 14629 10859 16969 13696 13252 15679 9930 25564 11637 2655 2181 15227 32275 20336 30423 12751 1383 16630 7548 32503 12583 19638 20957 3349 3576 691 5377 11797 9669 7571 23615 16930 32548 31207 18724 10518 22160 30403 25419 27315 27357 6239 10880 24985 14250 29996 26307 22793 30876 28919 16441 2833 5129 6231 19162 27042 7674 32149 16400 21934 7367 9046 561 27403 11348 9381 8652 19972 20412 18787 2972 11063 6772 9068 24383 8583 5880 12329 13047 14552 2052 1082 17521 2069 2520 29189 14581 5963 16083 1685 24990 22350 2007 8594 31404 32651 30702 21077 14467 4869 11597 31364 25340 11123 14360 999 1377 18104 18353 24203 29153 5105 10481 6864 8938 19969 21416 16483 26980 9980 24110 14202 6462 31857 12482 25928 22754 23978 29206 21026 11119 3551 10431 2680 7065 19360 3654 28361 6865 13089 12053 13217 24136 15927 19024 23385 20815 9280 11055 3450 1856 3998 27845 16085 30410 18154 9921 27580 20722 30160 9775 19627 9757 25891 9466 31002 2438 493 5819 9261 1095 14281 31235 4500 8165 6588 30957 31901 30154 24405 24094 31795 11608 9822 11366 7914 1373 30154 31505 4765 14649 19963 19994 23485 29843 9831 30887 19795 24295 18314 12286 21368 1217 21768 24672 30316 19748 32095 16081 28951 4095 17097 28287 27424 5952 1967 29418 5187 21865 4377 545 4855 6813 23782 12861 9197 16920 510 1234 11649 26666 15090 30200 7263 20366 23253 18807 19139 19467 8116 14160 18594 10669 11589 13144 1357 27369 6514 20424 18874 26033 2488 1775 29856 15357 5983 16951 20175 2476 4486 8782 968 8163 5034 24873 17892 6180 24681 5453 18926 2861 13609 23063 27876 5777 615 14612 17922 1421 6405 15844 9694 27288 26270 18722 19884 21470 9391 30554 20168 23744 3420 1345 7497 16954 31451 7192 2394 4103 9024 31223 14808 2264 18071 24166 15398 2653 29438 2921 6813 22463 4941 32160 31978 9126 28668 30887 27643 25277 8215 5270 10537 21477 10661 11876 22749 1249 17702 21724 25324 24738 32684 21503 24328 12167 27926 4929 18035 30249 10793 3844 13759 9056 18396 9614 3473 15873 18259 5318 18984 12950 15015 15372 15131 25976 25754 2036 7260 1206 21814 1507 4449 377 7632 208 23175 10495 24084 9217 10515 12821 19549 16190 26260 12239 32272 16418 15128 6020 32600 31113 16639 24528 24611 2987 25317 26280 14009 14409 9529 16609 2943 3688 3191 27437 14291 20621 22893 15473 
9008 31045 13600 781 27811 20282 4186 30188 29433 19998 5308 26028 6013 27470 14484 4485 22787 4585 2223 21755 26333 30640 27930 8473 31970 16410 30001 29165 2791 23356 10567 29059 21530 21950 14064 18246 5174 22317 9345 25127 26474 14842 2786 30040 20992 17735 1513 3906 7392 15918 24625 16944 24701 1757 20733 18507 31424 29525 8359 2494 11438 11637 31075 6216 2915 651 461 20281 22734 17083 9992 9085 6327 27576 12395 25490 3507 12872 11184 15276 14594 17378 8070 7717 13288 12565 8368 13299 10098 22438 14370 7127 13713 13452 31163 14614 19156 32451 226 18900 3336 6375 31697 18495 13157 26072 27478 28705 22229 1321 14621 28495 29655 10429 6442 26018 31360 2087 14868 8522 4606 30670 7906 26539 21698 17932 32004 18441 14499 27276 30006 31032 16573 12243 19513 25325 20630 16186 24796 29808 32038 1237 23736 1524 14162 4954 4455 10465 2514 4362 5024 30161 18596 19495 20400 6078 21035 10833 15686 29667 15066 18136 10170 30648 26596 26237 22701 24987 32563 19956 22762 17969 26311 6077 9150 15763 7831 92 22962 7826 20116 8162 22152 14653 31390 18538 2963 25383 30821 6014 23413 11831 56 27877 2968 653 12462 16980 28514 26571 28844 17719 26627 7654 31163 24120 5642 11700 17263 5427 17740 1025 5751 19188 28889 29840 5476 22648 18240 22744 13423 14224 17819 16754 24848 9657 26768 16066 15111 14811 26459 14161 31680 23390 28415 25407 18969 31907 11450 4686 24928 8171 1576 3594 4578 24911 30798 26488 19128 17943 14126 1569 1668 6355 7792 15183 17945 9297 13962 23003 25188 20181 13187 11470 24360 21220 32014 29364 17521 30940 25457 8775 8163 15939 25561 9216 22775 32244 16385 12112 7830 17310 27368 12980 23037 13342 8685 3752 16908 5713 10815 22015 6993 11515 16694 16710 26439 24164 15678 15231 31704 15354 10405 21774 24068 13018 27457 17671 27520 19603 8637 1334 19174 22879 20349 32731 18843 9366 12817 23402 27216 16172 15582 4034 11379 16609 13930 4472 13410 14980 1644 16401 22759 25887 30426 21736 5975 27454 21828 3402 27987 643 32228 30580 11826 4795 26522 14807 21755 21275 20698 6838 24555 2056 30900 25955 24638 11589 20411 28850 11333 28231 10453 28951 16504 27192 30800 15032 23123 32617 14566 29445 22180 12125 5896 8270 4279 24944 8314 18649 26212 4668 9727 14028 22347 7952 12659 19398 20270 25742 18284 3308 31810 11169 32200 1895 10335 11334 16402 13786 
30691 19720 2361 1244 10131 10434 7195 21382 1293 15253 15622 25659 16606 26864 13047 12689 31828 28732 181 19237 18312 29567 3155 8353 10122 11785 6808 25025 31475 27647 32471 15377 19155 17874 12240 9972 19806 2802 766 23343 32705 24405 4891 9041 21068 9914 32044 6640 6574 1869 15027 21145 8746 29652 24573 20296 26492 8408 18589 17723 20649 7827 18988 12941 17341 16240 22172 11591 14355 32301 28237 24046 7393 25640 19635 7529 28664 6345 19766 31721 2366 12100 17637 31690 22021 29950 22291 5542 6868 22770 31430 14976 10913 20772 5407 416 6186 15058 15059 31141 20831 26763 10970 12316 2063 7635 21983 12671 10206 27612 26828 15344 2203 8834 29224 32446 8720 24543 29337 7382 178 18579 20690 7330 29906 18202 30506 550 26428 27505 27907 26309 6150 32149 27032 23413 20438 30189 23052 22530 3979 12922 27848 17581 19371 6506 11702 12804 14012 25526 2685 14570 32432 16314 10099 31054 16116 4164 27682 5102 5369 17959 26084 2752 29725 12175 3798 20866 10172 15545 10167 11270 4700 367 27226 19050 2010 22403 23797 22550 25907 23253 16334 6590 9608 28555 7517 23050 2693 31003 2512 19236 24400 20862 134 16717 30613 15679 29879 5902 5549 11418 14016 25463 28523 22626 9927 8204 27131 18899 15336 20990 4807 14178 19911 24118 13564 17413 7978 11349 12997 4017 2807 8496 1654 1177 19930 11383 18360 4650 1809 236 1363 20471 26790 31479 12912 14777 31345 28411 4440 24583 5710 6401 27335 31091 2433 1826 7102 24511 17394 7809 855 7733 6467 3877 28175 23187 3742 19588 20293 17336 32446 23190 9381 21677 9697 15458 6419 25442 14128 26725 27504 29893 8847 1871 16028 25499 21716 16145 22565 28000 10944 6722 15081 20526 25726 20141 14043 21686 28476 18608 1216 16226 12065 19218 20989 8362 7225 22184 18908 9980 7328 20519 5933 2511 5665 27795 10001 15732 26353 14385 27155 4702 18673 4978 18265 20324 30461 4178 25900 25772 3417 23703 19389 32492 19826 18752 25459 18209 22054 24218 13576 31240 12208 32691 14850 30971 2464 586 5980 9914 19594 17290 20263 573 21129 17527 21088 13488 31206 20261 29409 16767 682 26431 13389 27280 19127 7802 11071 8224 20600 25968 12006 8061 26396 27677 23520 28491 32628 21718 20624 7444 24395 25613 21543 14754 3188 14988 24089 28649 25045 22087 1780 9724 9719 11171 6156 16084 29289 1150 14498 4071 29181 5421 4678 3727 19095 20568 
11889 20837 8809 16834 2036 16438 21954 8354 27656 22196 1442 7977 17944 3818 24842 194 18409 12533 11958 15929 19459 12097 20657 17805 28194 28185 22780 12755 2598 22370 18764 18141 9871 1127 25678 13688 22678 12902 780 18484 2321 28048 9886 21123 20296 19569 17370 22784 10982 259 4330 8516 28584 20841 20863 29632 14193 25783 12523 3069 26445 30064 24056 16448 2051 4863 4745 7906 16385 3155 6095 21524 32214 1263 6646 13160 18028 23993 22163 16875 3583 8167 30143 11646 268 15765 1113 24766 21 438 29929 230 19495 12828 4299 8276 21181 28943 11824 28281 19236 22211 3524 24050 13412 8619 29567 287 24026 5087 2005 6379 7981 16444 3550 24248 11254 15503 6555 22576 28111 11435 16868 20746 21564 26113 14446 23909 29607 2175 13352 9682 16741 19975 8764 4303 3546 2178 23005 32250 794 32262 18712 26599 8143 25027 9084 19314 13076 21702 14104 19002 1000 30310 2494 10531 18275 10733 2417 24331 18242 960 12044 16489 9095 11475 1366 6623 24377 15602 18551 28356 992 1682 6801 20262 8709 16865 140 10547 2416 6949 23375 2038 30978 13642 27189 30991 24114 23741 26239 4326 19271 14529 19306 31431 23297 19282 3890 474 27408 32725 26258 23860 24642 13731 15260 9713 29714 23655 31671 12115 23115 9934 10397 30168 29470 20966 30781 8026 16549 15889 25905 3391 15720 25748 20777 15886 20672 915 21992 21398 25151 23446 17130 4321 9916 30125 16048 29391 26468 32661 2381 19960 15368 4846 3328 9294 19586 23440 22940 30392 24912 3254 6804 16427 4549 18244 12034 23612 23356 4412 3099 32324 13851 29774 5143 17937 12679 541 29929 9516 22480 8151 30890 27226 10126 13030 5476 5792 2221 6120 10426 26535 21261 30959 24704 17836 20133 31395 25160 26514 5919 652 29249 8671 27693 9499 4500 7619 27448 3847 19596 6613 27542 11810 8655 20286 23530 15036 26961 31564 14636 18394 5430 2305 13217 8378 25353 5508 28302 12771 1020 22448 9509 13935 20666 15157 6067 7268 16119 2183 30068 6327 2644 24264 3263 4263 5372 13668 22285 8186 25062 18800 26935 6877 4210 17966 178 15206 3734 16415 29980 27482 18473 24041 4072 20730 22228 18116 13564 15521 26736 13117 18161 17448 14173 18444 18643 11495 17337 32170 30857 12409 6430 18995 30124 1949 26555 12033 26555 23363 20421 4378 14618 28896 22322 12535 22098 17420 7496 19046 3409 29938 27930 9294 20891 11938 30157 13642 
18546 4510 29058 96 18054 27779 15311 1740 23067 10490 13380 26040 6398 2265 7540 8520 2578 32177 7829 1054 29935 30433 11539 29289 1751 26265 28071 18071 14914 11572 10060 10872 1069 24797 5361 13302 13505 22217 20330 27939 4962 2301 9063 17013 11258 29149 4137 24481 273 16426 25403 12115 25052 27363 25863 26829 11947 9812 20254 24821 32000 28926 15386 6792 28421 8815 4452 4599 21128 8784 340 8931 6231 12113 10261 7853 13564 23952 26010 29301 25455 528 15204 17841 22889 9814 32190 23952 20584 12022 19124 8910 17594 14781 4750 3420 23072 29649 14133 9501 21267 28254 20862 29734 21876 3816 28074 7077 24866 15431 19578 29158 26732 24067 9039 27806 24628 13433 11347 3184 26253 4091 29897 22104 23891 24878 10086 29545 25199 21862 19090 11798 21222 22786 3883 534 21519 31048 11139 22475 18223 16283 2802 748 31641 14505 30498 8255 4039 14913 30490 8044 8761 8613 16778 4772 2929 10872 22578 22178 24049 30680 4284 7573 31100 31103 26733 20735 6001 9697 9014 29142 14167 14805 6643 9237 23985 25405 10262 17464 28356 14834 21710 29657 7126 24469 5479 20406 6741 2981 11620 5932 10966 12442 3839 3747 12746 2776 32073 26481 27609 29340 17259 6721 9519 28896 19068 15276 17788 21770 4553 32024 15600 20922 12452 2888 15049 13561 18284 29007 30366 32428 26848 24277 7533 10763 16172 6683 4215 17096 20730 4856 31753 23639 11195 17063 674 31862 18014 757 149 4616 15921 24599 17778 17902 24498 7280 18824 1910 28293 17513 29035 5438 783 26627 24840 21780 31939 21449 16662 5964 8970 31314 28637 19236 23849 27414 15348 5667 7605 3157 533 14155 17967 2391 10975 19169 14853 6517 1868 28163 22818 4104 7420 19531 8736 30034 26444 6302 12396 1719 3520 24248 18539 16174 2442 23517 31832 25591 16359 16664 10011 15401 27826 7133 26496 23086 17129 20665 2642 21936 9911 11965 14777 28430 30341 24721 28617 27400 24234 29377 27619 6432 32359 22914 16017 9516 26956 6386 30542 21260 26318 30001 19333 27813 28509 26562 26526 18538 675 4862 16686 2892 2467 30048 28141 20640 18892 14056 23233 2091 6231 21653 9982 28343 28458 1589 29239 19140 13727 6971 11616 9079 30250 808 16619 9382 6748 9161 17957 14174 21378 3570 5518 4888 27294 15876 29571 5328 7529 24661 24010 1774 32441 21476 9562 27978 10335 837 28472 16438 30851 20663 19930 14 26518 14903 12163 17960 
29621 14377 6266 20415 12789 2440 1815 8658 19106 2782 28211 9025 4123 30637 17409 9492 32125 9617 18836 4030 11589 30911 15785 13691 9368 28043 29863 661 17586 22105 2762 14786 16987 7224 29757 3006 16317 4647 22930 30918 28897 32509 26682 27783 766 21108 24588 17947 190 14914 14554 810 24131 2538 4621 22805 11679 19518 2232 7639 26970 6651 14841 26183 2213 14869 6821 29991 3605 15907 15217 15928 15943 7570 28608 2332 30855 343 12246 28482 9722 12952 20450 26958 25677 16542 24308 2773 7419 16694 15211 22915 21866 31916 25931 6339 19598 17334 20552 9510 14093 21274 30467 27692 30124 12156 27460 22370 21192 24315 9755 21404 7231 10858 11874 1132 22037 19151 31116 24502 17886 25395 9119 11879 19106 20232 6927 30836 24456 24241 4931 831 22794 18892 16975 14615 13445 10008 5331 23339 20291 1893 2487 17296 3874 1879 24780 28455 3857 3090 25530 6763 31358 774 13239 5476 5297 13902 22662 23090 5658 24720 26631 8092 27082 14075 10848 28297 25893 5359 30024 13720 13177 125 8926 12079 28606 16469 26182 26150 11665 29744 7122 6920 2543 32453 31397 19368 18381 17379 9102 30167 1047 8393 32333 1254 4272 13902 15490 28218 6886 31962 17718 4074 3189 27817 30289 30221 8276 26777 27218 24041 12553 15098 18022 20088 27578 22019 17538 15423 6640 4038 21423 29539 16207 13131 21287 2794 8435 11690 18257 2508 22883 11101 7065 25775 32700 12224 9221 16540 9071 23710 26310 21097 10922 8306 23431 11601 19399 15238 17235 32584 14244 10786 28862 12409 20625 7943 24889 23451 10787 15790 29321 28890 19624 2769 10634 20062 9066 13808 30382 26372 16680 8081 29539 4928 31252 27703 1170 6459 27985 3359 24451 23311 30855 159 10673 410 31854 4970 11207 7944 27066 17853 23075 13718 7438 4124 27435 26359 20412 1172 2966 29489 19898 3411 10865 20645 14905 21998 10330 4526 6213 4651 5593 10698 20049 15051 25538 10321 3559 32346 8467 32083 17422 31778 31079 23578 10414 13864 4219 25909 376 14263 3051 8021 23153 6161 31621 24617 32463 32653 24845 656 13947 7821 32307 23174 27241 12065 29010 22213 10774 28293 7291 28522 31278 25469 29804 29772 9184 15847 4548 30167 17129 14232 29976 7523 26032 28683 30438 3681 30945 22400 6522 31121 2587 29428 32478 13826 10253 11684 20581 25257 29718 31801 4795 18358 28238 4612 5825 30379 7593 11392 31111 6390 4643 23265 12337 8511 
12347 8621 11311 1039 10642 12743 12051 30603 24554 2203 8615 18664 9516 1151 1315 8968 20090 10451 13636 6877 20873 7832 26521 963 8412 32069 21575 8000 14200 27771 21387 14596 11139 26218 28711 3863 24873 32116 12059 15603 14063 29714 875 24666 10929 7849 1622 28286 26976 15021 4996 22864 6413 5080 3896 25640 26125 22746 11720 15181 28153 32576 19665 22404 25876 4104 29812 3867 5707 18880 6394 19463 26758 211 10909 4259 11002 2549 3952 11176 32180 8337 19546 24822 8474 2754 24292 22480 24655 15622 31924 5754 31758 19487 24412 219 28359 723 9941 18831 2839 11896 16227 5591 21427 5694 14625 11256 3862 5321 11786 19904 31441 7257 26327 5086 17307 14842 26336 9960 23400 14371 30736 28722 6891 6751 12795 28581 26136 482 24797 8233 17720 22672 8973 11512 11726 15285 630 29214 10965 18127 1928 15215 6916 10788 3702 22265 32758 18890 26968 19952 18671 18473 16952 18654 28016 16779 27749 17581 25281 28536 16691 1564 2804 14688 1869 21613 14721 10693 20513 31899 25116 1551 21117 6226 13028 23060 32246 21122 7586 28402 16425 32152 31832 28935 22685 22095 25388 10465 24523 23912 26483 20349 21252 8322 12694 30022 17756 3912 22516 14640 3008 23929 7205 20872 7917 2598 7345 28773 7992 2797 31504 2133 4654 28088 23204 9319 32010 23623 10455 12165 21402 5294 15881 7385 29067 15802 9323 26153 13809 25641 28648 28606 28465 24410 1376 14402 6738 873 13603 32513 2955 29902 25284 21097 30842 20153 9695 32011 6003 9921 11533 6538 32528 7830 25620 16441 9694 20672 3984 17608 140 2927 19736 18262 29300 21364 15492 13929 30465 26020 1290 16579 28123 17822 9026 6740 4782 8673 2273 30003 2772 13181 5551 6233 16191 25664 15585 12091 27899 31722 21291 28781 27521 11023 26183 32505 5154 2396 11846 6975 22543 27168 2339 872 375 1010 29635 22289 7147 27910 24675 17372 20318 31659 17105 24995 7346 19526 11023 29047 6691 21236 6114 27764 20355 32318 15038 31202 12509 13400 12413 14663 21533 19491 21057 26115 18535 3006 26340 26309 1771 20743 16513 4390 32642 5467 15101 32688 9378 3313 7461 24359 18672 7869 25763 17699 26650 11475 4422 8701 5138 28812 875 2052 23199 15745 13925 14662 14878 21702 3602 7783 9550 14226 3879 17174 17403 3706 16898 30846 2084 27991 21064 24258 12095 12779 28983 10988 31075 3550 6816 2855 9834 17784 11160 28199 1875 21776 
14387 17330 21757 14970 16978 25969 30669 8609 10645 9806 16449 7894 21596 9115 590 4140 8225 30657 31902 11991 6340 14084 31380 28766 14443 5581 28595 4495 30164 7322 26169 10053 9620 17825 14103 21508 27076 8495 14246 21622 1432 8476 15867 18821 4611 5629 26173 24501 9505 2802 22528 4837 15367 16784 12418 30923 9364 18403 13699 13805 19396 28224 16521 15150 14417 5047 22648 1018 18414 11177 28877 16431 19758 154 11285 7739 878 16375 24092 23374 6468 18233 10249 17607 20391 28758 15606 2334 30664 14919 30191 8258 7273 11259 13726 7452 27813 19721 18830 31852 6417 28100 27575 9446 12221 2771 19675 16280 25311 30249 1190 21026 455 15662 25082 13166 17729 15385 3507 14598 7374 17123 9307 20735 8088 14064 26197 16849 9581 30897 16480 13650 2304 22496 23191 32015 19745 54 7011 25133 28232 25801 3482 3489 490 7853 3185 17626 29378 15075 4608 16302 29465 27485 19055 32761 22165 9423 9196 15801 32651 11007 25906 24126 2282 4292 8480 31886 31085 728 21803 18608 14046 28010 25957 3200 16474 24902 9995 21640 19483 28235 720 28834 3077 21954 29363 30389 6516 18269 1054 27893 18779 20511 18036 20346 24576 2135 8431 12747 31447 18078 21999 929 14630 24267 3620 30872 29089 7913 8609 20155 25697 15600 3077 541 12728 28779 26278 7738 5974 31733 10720 32002 26289 4766 12180 19638 30128 6556 14482 23947 12926 112 14384 24382 4226 21614 22937 21339 23562 17903 27918 393 12665 20363 379 31986 6597 12248 20565 9404 1339 26852 27141 24237 1144 13087 309 13286 18939 2373 12339 31689 26074 27511 9040 31251 2184 23278 8321 28557 8132 21691 31274 13727 24541 7102 23204 3749 7294 16908 1193 28802 26637 22971 7611 9950 28984 28033 19974 1775 6249 25890 5325 25873 15564 31543 27752 28477 32368 9613 6327 31761 12301 4515 4485 22779 1688 9946 1053 16906 24114 792 6369 25990 14185 28117 21823 18441 3657 18473 27171 19131 31417 903 31326 3119 23496 27431 27540 2296 9144 22778 579 20334 16637 22626 18140 27497 30135 21483 29718 12930 23537 12562 8760 25572 31947 15487 30963 19647 14155 13834 21512 15162 5573 19025 15004 28390 3260 11111 13937 2507 25551 8037 16929 22181 17204 15687 4297 16067 25518 9872 29208 27577 5679 27625 13921 3989 14643 20927 6673 29757 23176 10906 30784 17493 20469 26151 23861 6741 32182 1863 5393 14666 3117 25833 27044 14441 
7453 7937 29679 174 25252 15690 22906 14358 28428 5934 6533 32645 5756 26527 32016 31586 7202 11480 25300 25475 6128 12815 24577 22919 26837 12002 19165 22498 22146 20577 23774 8987 16104 167 23952 19829 3499 15942 9836 29484 17439 19025 7989 15787 22787 15126 26101 6700 9452 18312 28658 8667 9939 7059 8716 23381 9956 28563 30437 20040 28765 23505 5216 9661 11683 18838 14648 32558 15860 280 515 23784 32469 8756 32191 21393 7927 22854 18742 32698 28281 18855 28648 16424 12127 17916 16034 8506 13799 2556 31613 9127 24512 2353 27300 10004 19644 22013 22303 30839 23885 29637 25419 5385 28688 30225 32184 10627 14973 16806 23483 5597 8562 8109 20057 20042 11171 4920 20991 22475 16340 10620 23464 2857 13217 13295 8500 5922 14575 14402 20893 9042 25563 18086 4029 31529 2110 18885 25560 11153 8169 4745 5632 675 14162 30260 12479 12602 506 23961 15373 21428 5537 5666 335 8209 16372 21337 22539 9342 2414 31162 11408 15619 19972 15756 1098 6571 24699 22308 29161 15739 9727 17343 5819 23035 23001 4038 10971 2158 8735 4694 20449 23370 20636 15289 28142 30206 30578 2798 24541 16497 3079 26182 5211 14891 5117 22128 23269 8223 10918 23015 12329 21724 10092 6350 7444 3481 1771 19783 28989 4917 11267 3796 3717 17414 4002 20101 10886 16031 27085 28417 20137 31238 22719 27219 16704 25129 14539 20162 2471 11395 21328 11836 7191 28290 8663 19165 1 21435 3585 16310 28012 14835 11985 26429 17528 25089 12072 17320 12444 10445 5390 20970 30043 1666 7467 1019 27286 6341 4905 39 13851 23541 450 28632 27020 14889 9994 27346 31908 24188 27282 25181 18822 6293 22602 17748 31482 5253 1947 21684 24453 4090 22686 20153 15488 14120 21365 31372 10670 5524 12707 24467 9953 9722 1369 4944 9344 4779 5100 15711 11238 15093 8626 16500 12209 9272 10983 20582 15753 9657 27902 27433 24870 17465 8157 1543 11342 14658 1409 11372 21629 25531 10673 20772 5523 26319 30600 32159 32726 29454 25347 23113 2553 29220 19991 22281 26142 16159 20660 25064 19938 16541 30886 21631 8414 11399 14935 31047 10990 14633 2546 3707 31124 5843 28206 9673 14424 22704 4803 12250 14939 26073 20148 23055 14047 31405 15575 19621 28612 2094 10202 11904 23329 27621 28704 17006 21441 19876 5930 1054 25416 15791 20262 9822 13410 6312 3475 18799 19866 24742 24738 6208 6431 4988 29938 32381 26963 28217 
4169 26634 26747 3660 17504 25007 26300 1520 23074 14253 15182 24981 11384 1846 12405 20442 11360 611 21880 1943 4323 28579 5150 736 28671 14425 9486 32052 533 7274 15628 22375 28257 8122 3626 1845 22095 13686 32384 4779 140 8771 26750 6650 4495 19853 9878 30644 15865 28597 22564 14618 8752 29255 5479 20869 8195 12003 28225 2086 16247 23807 5031 32342 15181 21222 8227 29706 4215 25059 31773 16619 21078 6730 10944 26813 15823 2042 25203 19183 14987 32466 6492 26795 24715 9882 19056 32372 27602 13131 20557 25234 19540 28985 30891 30043 21899 20929 24539 30513 30406 7395 9764 30057 20117 500 13078 18652 26825 29216 26846 31937 19181 28336 20686 24309 28103 15009 18383 15329 25150 21362 29660 30449 5601 30045 18366 28209 12495 19083 23584 21419 23744 9450 20195 17873 1085 18456 29809 6282 32732 10986 2502 30482 6989 27569 16247 25885 18880 30319 12126 5619 5385 450 27702 2496 27583 27579 1996 20852 22165 128 18820 18314 16845 11589 27933 23329 29249 19863 20811 26648 7464 17057 12128 24339 32509 14579 27871 12850 25596 13313 20321 3339 7061 20936 32575 3666 23875 20373 32702 7051 15503 4241 16082 27207 19655 21571 18209 21280 14448 27691 3269 14419 12386 6031 17875 29133 22191 28983 19683 25847 28107 8559 16258 14350 19928 25889 23079 28996 27132 11130 14850 18165 25173 11832 5763 28797 29844 21887 16315 29194 10079 31276 9756 20106 7757 8820 2632 24709 2320 16685 1902 21515 30701 4755 12413 18613 24308 3297 27160 1636 18666 667 7167 24917 17253 24571 17622 28339 30402 12525 18970 19408 7832 4786 31756 20348 5198 32610 1121 19504 29139 4029 14793 24396 29382 9509 24956 26879 11138 17762 13579 11627 1733 16401 28696 2440 248 26034 26491 27762 25896 29164 19480 9406 23054 13491 25445 20213 11800 6076 28142 20590 9254 27377 930 17906 12068 2170 27877 12668 9002 8440 2879 29512 2785 12371 15 22215 16362 27599 9670 29224 13414 12709 30458 7711 14785 1942 19273 10978 12320 24025 15906 13282 635 23081 3319 22119 11865 19952 15506 25818 15250 27010 12117 12744 30068 22977 18200 31982 17080 15225 3998 2985 13390 31929 32186 16463 3132 19265 29941 26115 28904 17123 11413 22330 25839 15764 29175 14272 15077 12468 18106 24877 29842 24593 32299 26359 30199 16843 4991 7360 17806 17898 19257 18186 8842 18300 25097 2567 26760 8858 28621 1764 23402 19863 29891 9285 
30553 19486 18729 3654 25244 15457 24851 15044 15601 19483 2818 15320 13682 10334 7260 26431 14824 7672 7421 22569 2014 4060 17547 14697 10615 6326 27407 31601 3702 29632 22649 15876 8221 4998 1633 24528 22456 16450 4655 17859 17655 12246 23446 25687 29307 7623 6289 17800 25603 16324 7795 16459 9087 22348 25842 30055 5590 29665 15679 21578 3703 28323 15049 32618 12549 22086 7510 19118 26426 30184 7504 399 5978 19991 16755 15049 24315 22677 17251 13556 21285 24453 31961 24146 6518 5425 2578 20678 15897 4837 13421 26196 21860 16643 8802 28452 21881 6989 27682 20851 26940 26504 15294 21906 10683 19655 19087 23315 2270 5032 13475 11179 20614 13182 21801 29182 18707 10228 20025 17994 4049 18479 29347 8544 26437 29306 22912 32032 24847 6847 23074 13350 14054 9433 31065 18206 1048 7949 32251 31803 17471 24469 10826 18113 4652 13421 10628 10462 6462 21327 29054 10610 11603 30122 11551 14221 12950 24847 10088 24776 28667 6948 31263 20438 25264 6198 11382 9960 20924 125 8991 5756 3130 12068 4354 28876 16433 11883 15045 31888 954 12556 24304 21885 16843 29167 17166 19968 1638 21740 15435 1256 4565 3808 6842 9387 16855 7736 8665 6973 5033 23538 20776 4734 23235 16183 15595 16638 2080 13268 21135 29981 19364 21846 4197 19504 7081 13323 9024 28577 22379 4950 26509 5533 1320 27425 6860 27942 17980 16654 28784 28840 28315 18328 3447 19383 28336 23221 24464 10349 941 29368 29701 13161 12629 16975 32103 5033 24777 9106 18963 26584 19067 17815 5805 25662 30447 20515 11325 29022 29085 13353 18271 13226 18213 10299 23344 7053 15330 1466 2487 6688 21233 8932 28543 238 1763 10053 6812 12612 20188 28016 27812 23069 14507 20035 28839 13727 17762 240 13072 22272 27917 8953 11050 905 29662 13657 23653 28015 18549 28168 11032 21160 21073 23999 27918 2503 9113 8272 26405 23147 29366 27279 15330 24956 31691 6861 24588 22995 23536 12463 25311 17162 8496 14493 22235 17415 17278 17507 19814 7952 22064 28850 247 13893 16751 25438 21968 13240 4148 25514 22552 13064 680 16665 16043 30951 9917 4488 9125 12154 5618 31723 3204 2618 16785 23899 18888 26614 29102 30956 6205 28353 14408 30236 16180 11808 28322 5296 1888 16654 1418 32269 544 9094 10359 10322 24672 31375 788 15620 15912 28721 3534 27468 18317 10438 23578 31451 13389 26948 15284 19743 22646 7802 8527 30391 15975 22180 
23331 4977 5355 15838 4418 31347 21318 21013 21090 1585 1251 16401 23548 1440 12861 9613 6327 17223 24319 4093 28725 29520 7108 28001 2590 30071 23281 20704 8205 23903 14123 30864 4927 15992 10694 22585 4739 19866 12684 31023 3904 15721 14442 652 9891 12842 9652 16924 21162 22342 14348 2399 14590 9724 13457 9641 31676 30170 21702 32301 24131 31026 14159 14522 13532 29704 16941 23650 15407 7844 13809 28611 22328 11210 27024 176 5209 7028 6241 7554 19174 18145 26026 23193 20098 12896 24289 10333 7489 19212 376 32697 19735 8561 25093 23623 18269 31484 2044 2802 13965 27553 15198 3673 11334 26583 28175 24983 11752 30506 30529 19757 21367 31550 20949 5926 23535 13750 31868 31134 12439 5829 11573 21997 17589 2249 19838 4529 1226 23280 8595 2685 20848 15179 4239 15314 13345 15572 30725 31323 13693 16698 3631 12761 26612 23014 25457 22214 30047 27074 10011 19855 6407 22977 29039 6997 1423 22058 21189 11190 10664 14109 19569 28095 21401 11282 25341 16605 13836 30558 24241 19173 23862 17976 26641 7329 24936 30201 19502 8878 21275 26105 31054 8659 12893 9824 17357 18322 6807 3263 591 15744 28288 23456 7946 16438 13422 18742 21330 24291 3536 14548 6171 26717 30045 9225 10696 15593 30637 18524 18745 17464 15139 15725 23339 9015 26559 29404 32059 7512 9323 28392 26158 12746 16585 21204 8534 27032 20333 21827 8418 6311 9551 26268 12336 16042 28944 13710 2171 16275 26335 32206 22310 2091 10006 3695 3098 22047 14207 19825 26159 14339 30677 13609 17348 31858 9368 4908 646 1780 14147 15006 22045 5501 17147 18201 19886 6833 9217 6332 16196 14530 8143 21580 29843 21235 16216 8104 13272 21044 3612 1269 6440 22584 16885 1084 24643 15174 29806 15004 23129 12336 11173 18832 2987 27694 7550 16191 2226 26990 21973 21364 289 1219 25054 31941 26776 19267 854 6823 21079 28404 23293 28770 17732 27329 19897 24523 9957 19697 6990 11467 19272 16966 2233 32288 15946 25304 14553 14023 10764 6503 31679 12435 15133 20833 10021 1218 29378 5033 8662 10680 28987 29933 22668 8561 21367 5002 16751 31115 15698 10832 12464 18772 16820 17661 11385 29008 28396 19081 25940 15852 30539 6649 24338 5273 14356 1631 1562 6480 17567 17642 1195 3889 19144 15528 15219 18139 25266 19625 29482 7029 7189 29512 3311 29382 15656 18379 16467 13880 5321 28020 728 4801 11949 17377 29564 17090 4764 21733 
17831 8770 19261 27168 31767 10144 31798 10896 20790 29209 1221 2751 28160 31889 6977 535 14507 28140 5008 7683 4760 17772 22444 266 17637 1355 28585 9774 18431 5263 268 23757 13597 13616 13568 32218 17869 17057 4881 5908 353 11286 31457 32400 21347 12289 22467 30705 12080 24970 26327 4792 20657 23044 10853 29821 1037 14624 28274 4647 1885 8101 22768 11563 14166 27281 12560 30083 14654 25492 32150 18079 2943 19132 13762 303 21512 25320 19558 8873 956 27544 31752 12241 32760 27046 19834 10081 2351 11816 10468 3568 7751 5724 3659 16116 22077 11809 15400 23380 9330 18378 25735 7774 18796 5118 8930 31093 31492 29298 23910 31860 14006 12126 10561 10529 5689 7314 10747 12792 13321 23427 26304 15936 2549 23046 3485 28330 22580 911 23561 23355 16361 29526 31253 8463 17642 4868 8333 2330 252 27091 21181 3709 14991 3051 16281 14363 16583 18398 6016 28901 14047 7244 14353 20058 29321 10726 29570 17732 18422 1133 16183 4751 26823 30726 16134 27454 23366 11941 4729 19471 7238 14068 297 20106 7778 22324 14995 10924 22082 9494 6178 169 4319 16493 10250 9891 23497 26264 5770 24020 1362 4320 12734 10045 1614 31268 10576 7841 10253 12931 25863 29505 10424 28125 28205 7399 31279 7626 17821 20294 30563 3297 28067 7996 7717 21076 6151 7725 16877 21364 5990 21872 14793 24369 671 15853 11472 8068 5208 16100 15704 450 17330 21234 8726 25412 2295 5027 16737 23965 1810 14653 21861 3512 19062 25876 32349 6472 15285 28631 3253 24905 31958 26962 23865 9044 32766 15386 6445 18935 28901 27399 24958 22040 7777 4223 20575 21791 2279 22408 23622 2076 1119 32071 31684 19307 21894 5705 22001 2391 25303 5761 9288 13816 18861 24208 5571 18534 24442 20306 8555 26475 26292 7208 6740 8479 14745 17128 2542 29171 8015 30408 10430 5528 4042 32517 6439 24847 24721 9967 23903 16494 32253 32678 21768 17595 6104 26422 22343 17724 7892 2466 31345 11789 4641 8753 15241 933 25255 8916 29865 30136 26479 25586 6186 4303 21753 24480 21234 11567 32049 2243 13080 25451 27027 27519 22732 26369 27099 31574 23216 27472 10603 21375 30130 3211 16785 24491 12543 1162 10594 31681 24935 16918 13739 1084 3030 26279 28178 10952 29745 21736 5951 1713 31047 17553 14586 30324 12877 27897 9943 18068 23614 18435 17904 5376 6675 18013 27411 4598 14276 13227 26869 13747 32506 31490 28810 7274 
30213 17959 109 23351 17860 28053 2796 21673 3841 12573 11219 1043 4417 7514 30005 21043 18515 19390 11122 7842 15625 6922 8702 4400 22060 15676 4327 19334 18559 11709 4580 7429 4358 26344 31723 2379 21008 23430 13294 16147 18965 25444 6016 19640 30278 29953 31139 14018 6575 30350 14548 4850 2914 15357 5176 15208 9767 28475 26344 1636 9913 1244 17374 15206 20276 18168 3368 13080 7737 31207 19951 2232 4063 20836 13286 18158 1104 3798 11828 19440 9580 20139 32335 5518 10774 2565 8262 32197 32251 23863 11418 19645 29522 21120 10121 1941 14546 23347 27993 26854 15095 27679 18371 13674 23477 6910 14561 13358 6113 28847 2946 21092 15808 15586 7017 4095 6242 22630 6369 23631 32765 4596 26827 21860 6578 30288 4533 8074 31527 29679 19515 21123 10641 3830 1733 27371 26759 29978 20286 18254 11526 2904 2273 26664 22404 30687 14135 1335 9126 28909 24374 5401 31827 3015 18279 16626 28345 28767 9406 27591 24818 26183 6160 1822 24130 23801 26890 30308 16664 8021 8368 9640 14196 24819 9774 20128 25008 20332 26490 26841 8167 14896 27184 31261 21236 15536 195 20947 23916 26826 12217 32548 10272 29258 23046 26279 20339 4134 21978 15589 26915 3582 17159 2102 3626 31103 7786 20963 10012 19506 12992 24615 31037 20279 4846 23896 23008 30021 7615 18248 18245 8756 26059 26870 2412 24645 3527 5206 20902 28779 25048 9525 6786 21517 863 27157 19038 3742 32229 23899 7447 21182 11958 7505 26522 22223 13392 29540 21321 20516 21584 12978 28126 12560 32315 3571 26504 8003 18151 16749 28582 32754 23025 12906 8668 30800 21665 1538 15497 994 16788 32459 17638 11442 18386 31055 26740 31379 11197 21431 11275 21385 7757 19038 8839 24674 25160 3088 6814 4981 21395 31103 2810 12895 27770 18800 14789 11158 11701 22040 12653 23371 15203 9728 6692 9907 8124 26576 19632 3385 31760 19942 24886 20732 1291 15529 23663 26061 17253 2161 29329 10549 17857 3381 21292 22650 24295 25810 10907 24483 32167 3652 11752 16639 23868 13627 16722 24884 19688 4419 4505 4001 1421 19695 24715 2978 25876 7964 3355 13238 9053 10330 30429 31650 5949 27660 1995 28253 32326 27394 25763 14588 5087 11959 4347 12656 23996 14081 5348 5853 884 21540 14894 20934 29831 10888 24098 25609 24301 25966 768 22319 22056 25902 17090 5304 27071 18372 20567 14969 7790 14010 1663 1629 20857 26269 15905 11966 23382 6475 
17914 5617 27654 15415 12230 6742 15135 20819 32392 28256 27219 16383 31024 32400 19139 27624 20661 24568 18787 14411 5302 881 7136 28738 9667 17418 8934 19158 13591 29716 4377 16292 3843 10092 19465 29534 27861 392 8019 19889 25465 7174 31547 20325 17013 13099 28893 8326 20508 19162 1880 25280 19738 24342 14188 21185 19555 25244 8978 23320 3034 7436 20139 11160 17754 6385 1649 13201 6262 6711 2382 2835 7364 15575 4129 13699 14881 11557 7288 12061 4411 10646 18854 31765 15835 26930 634 31623 16212 21058 9699 22985 953 15895 29402 30492 13536 29309 3037 17256 20978 17745 3192 6548 15324 16976 12527 1182 28635 16292 21827 8152 25297 7559 23222 31260 20848 4518 4032 11258 25043 3188 22541 22964 15658 13 29124 2096 23155 3769 1570 1229 679 25499 16898 8784 18701 13150 17837 24452 15137 19430 22663 24023 32736 2922 21937 31320 18435 31905 6348 20818 15788 1031 28581 16164 3964 9658 20207 28124 11246 16667 12029 3665 24868 14135 9859 16937 2094 19441 5329 18281 28438 32038 32465 1389 18583 411 4058 6462 11559 14452 24585 3764 24423 4847 3950 5086 13628 32490 23244 1653 12059 27837 10033 4831 6238 1880 13564 31160 1389 4297 20370 21938 9562 8911 13538 7423 29977 25602 17490 16520 12834 26457 14704 9195 10254 25672 22764 11751 16120 10635 20370 19661 10345 16249 23216 27831 19225 2060 25236 22276 17485 15393 11026 3646 9431 4 27407 11002 7555 13747 18623 4283 4555 25618 14714 11018 30641 26767 19155 17379 29919 8253 7551 9874 26505 4983 6571 11414 21298 3398 31280 29602 23728 29053 4892 20101 23212 27054 13803 3392 27794 15017 20841 6271 2525 36 25677 16624 27570 16575 28780 32186 16622 15698 13708 3294 7386 10938 16119 6613 28609 13684 25817 11462 7323 21402 3154 9828 2462 19692 8066 11997 2215 2934 28058 18330 19195 14539 29153 325 2840 24909 13612 3755 12551 27826 8206 7547 15647 20739 25263 28849 9936 31481 4017 4470 31308 16563 21239 21695 28693 14788 5196 6542 1461 11117 5431 7500 13640 19970 7444 31348 26716 25711 12807 2051 22077 21906 17961 19135 21724 17394 24694 24205 15885 22312 32304 19180 10481 19493 7247 31828 18854 3453 14595 29530 8245 110 13134 5777 23731 30121 19730 4892 8792 10920 18650 24385 24317 11650 11274 16798 19320 29607 16850 14830 6780 32076 13062 3942 27862 19934 31197 13187 19403 20274 10528 24720 
20627 28892 18069 3827 28114 22799 14593 16382 1103 22804 16645 15484 5812 14121 10453 22108 18430 14126 28925 23093 9802 17881 14683 10831 30131 1125 22261 1521 24710 575 7019 27910 19728 20363 13781 7006 1773 18731 2315 29555 22266 6992 28626 14822 2855 13203 31073 17551 27583 9005 1536 30168 7557 8744 22772 24569 14293 15783 32211 20242 8139 1456 21207 21367 8880 31180 19612 8341 4131 25203 4842 15087 17538 782 16037 31831 17635 30743 23041 29628 12473 21249 25574 9833 12162 7550 625 3152 23672 26247 26145 7818 6304 25162 714 340 31919 17729 27746 16427 31736 30420 20299 25521 21632 3215 20129 16210 7380 32257 12807 3796 30577 19746 8360 8223 10372 4364 23851 1937 20834 13480 11495 13706 1510 1617 20101 20335 30904 27909 26517 21292 5172 26187 16990 27923 12089 23246 19245 29439 26109 24509 8606 31764 5784 30403 24236 15032 10537 2177 23007 13367 7252 28158 16732 15254 21503 12650 3684 18489 4390 11486 1913 2976 25204 32698 26376 28041 30211 19918 11179 14904 14021 26786 7345 5049 12218 3760 14161 24199 29919 14767 24476 10293 21497 4670 28390 23313 28474 23525 26897 25322 24986 29143 26710 15280 31213 12475 920 31872 29478 25625 27944 21597 17833 28211 1638 23419 14285 19184 24518 22171 2584 10496 8338 27227 20986 16848 15474 741 7948 26092 21345 30695 13854 25658 984 7900 18627 7856 20348 15003 21917 8257 15142 20660 19769 4320 1182 1062 4932 22864 19974 10353 23948 31767 19660 3477 26880 21253 27255 20139 712 5835 5413 17175 3692 12990 20587 11709 14415 19567 30965 30778 27771 22447 23145 17645 13617 14179 9389 25378 27529 3352 9670 6684 2058 19641 15396 22936 5717 16991 8319 26424 21194 29884 29002 26574 14815 19137 10953 13085 16898 3659 605 13104 25045 17856 46 25999 27824 13370 22403 16272 31201 27035 4604 31434 28696 23214 21544 9303 24241 16421 5793 3602 31037 1129 26698 15668 29728 4225 4294 3099 22128 13541 25332 27754 20143 6406 10748 22461 6635 12426 20099 16200 17301 31672 8405 10093 23726 2970 21981 32402 28905 23940 29030 13099 25510 3731 4094 12677 2157 31760 9891 5203 10979 12458 11401 11328 24222 31966 21620 18985 18862 2951 24122 27734 4886 2607 1108 2707 5402 3662 3380 25492 14454 23256 16872 9219 26458 6867 529 2310 29077 29610 2364 26415 21155 26602 19601 11264 29212 11225 31389 18675 18469 9542 12822 21818 
10385 9793 9079 17558 6248 23191 25252 6053 19069 17720 20647 8654 30718 30857 19072 15999 29473 27687 13022 26254 19427 31154 30376 3180 7500 24585 6885 29559 11952 21507 20790 21662 25433 23418 28976 9319 29713 29327 3564 9479 24577 27489 32249 13108 12032 32020 6511 14810 18314 2902 19279 13824 25857 11736 6508 30892 21271 10446 24232 26330 5928 30651 8223 21944 30235 2156 6381 7087 2662 9098 4786 25557 29373 23696 29715 1696 12545 20517 9067 26924 23976 14898 19220 21498 7940 9491 21378 2767 1691 27887 24593 22959 20937 15144 768 15861 26612 3315 9984 16720 19059 11781 5394 360 29800 20508 10458 1461 14485 6178 30897 23772 5053 6883 10477 1063 17742 22897 14046 2602 17925 27948 14293 22126 9149 22908 5557 17177 26561 14062 6081 16475 17169 18081 12001 11467 24027 25044 1904 19307 16911 31994 32067 25691 12223 11437 11121 23090 5499 26272 1204 28313 4651 24453 32153 9509 8397 30207 17447 23094 10398 24500 22420 20960 8317 13161 19868 11978 13268 21752 11641 4857 29951 8473 2996 3095 32104 30556 25227 3748 17867 29984 22874 21855 32688 6355 9460 10074 31656 25129 8705 8148 22529 258 5229 27343 28983 23182 24744 30744 7974 10086 21720 18807 25170 6310 28759 3659 3716 25447 3957 22948 7766 19113 9228 31999 1791 6865 24306 26209 17178 18311 31571 16573 22930 19044 11079 7824 27273 26160 31925 6071 14996 23813 4287 9462 6079 25467 19936 28467 3092 25728 26568 343 12081 13623 3273 6777 27876 22613 3597 1861 193 24252 16996 31825 30912 4773 18971 10443 30455 7705 8869 10292 27424 18792 1245 15624 11952 19142 16243 17071 22025 11611 19801 26845 24979 9536 13387 27546 5185 17777 1413 26502 14937 17286 7391 21311 1770 30665 29670 2462 21358 25222 15298 26872 13977 12256 27502 22624 14064 17487 9094 3722 25344 31654 27347 29891 18474 13790 3874 14032 19324 9302 20037 21768 29399 11355 16384 14731 18303 25947 24601 25820 13084 18805 14298 22578 4320 31861 31089 26689 29832 12375 5544 30858 10096 1412 21300 27734 8474 20578 24446 10868 18447 739 5729 31334 28558 13918 13394 14846 19217 29244 20111 12172 7815 24028 2360 15985 14190 312 24548 14569 22500 16162 2262 6538 4723 14774 3847 18145 19327 9933 13319 12248 5023 22915 26828 30822 25299 13729 22626 19186 26618 11755 26559 5300 18485 27704 3607 1619 3122 30479 15681 7159 1590 420 7788 19644 
15193 4835 19090 25356 11138 13841 22163 21334 31393 5655 9412 23363 28889 17188 2872 5623 14453 18867 22383 28082 24347 19486 5474 18878 16526 23499 10751 1634 4585 11908 29290 13368 6698 24585 12110 28130 28265 31621 5991 17772 15616 9871 4811 31371 27209 12973 13331 10961 24498 8396 9532 15855 27743 28580 25847 19368 2674 31073 30544 27452 2488 12980 18839 6562 29021 2785 29000 16481 5148 21024 28231 6637 18673 18448 30691 14639 10447 18119 4293 12142 14477 21338 30756 22418 9603 30156 14962 20918 21976 23804 29753 3878 30147 12558 22042 26352 23882 29863 7657 6714 12800 17517 22741 28587 32418 9780 4889 25616 2669 26607 24228 540 3266 20592 28921 31494 18398 27656 31550 17066 2422 22208 31543 24565 29397 12456 29161 3190 15723 5599 24936 6074 30531 5367 9329 19181 26250 9597 16709 18954 23751 12999 32415 24092 26508 5409 7438 30729 15346 5177 9012 30798 11146 14269 22504 18416 29501 2121 21391 22522 31202 13703 4979 32107 6677 29019 12740 7342 27537 17324 17951 2603 22861 2514 29295 19418 7067 2634 16076 28243 21330 2718 11020 22003 32454 23410 15296 23847 26033 20758 231 10524 29344 28180 10665 7845 1980 15681 21901 6628 22033 8439 27951 23267 358 23435 13461 18244 29570 9871 13844 27112 31839 13609 956 21743 18510 2709 7557 8211 22070 9657 7375 1261 29621 30999 27415 8109 28575 18551 13931 2409 30034 29270 20016 24106 3581 15348 11124 12128 9683 24839 25516 30710 22572 23230 29815 12733 17832 31488 7162 26350 9853 20008 26757 19804 23514 27410 9767 23583 26503 26020 29922 28498 4548 32441 31711 11918 6060 8255 8224 19926 17192 14142 18626 21401 12939 26521 5029 19159 15155 30810 26944 11239 24018 21968 11464 13888 1753 13044 7543 15362 16936 12701 29635 20916 27434 23739 22700 17984 28904 8122 14608 4901 2417 21126 20461 22085 5685 16668 25335 30722 26749 23865 13815 22034 23874 23418 24170 29865 28 431 9301 25606 27729 23754 28204 31171 31107 2362 18987 28621 5721 13683 16640 29377 9556 21282 26316 7084 22777 15337 5295 29876 20096 5469 1074 8565 6359 24023 29699 12660 27069 2841 16054 8154 18244 7834 15735 25780 17694 1397 8565 5288 7873 2599 1031 26659 30842 2972 27410 57 1856 22630 5385 25013 13311 294 2433 19827 5208 6056 16085 7766 27976 22634 13416 14175 9869 26329 30473 17337 17145 7456 9596 22560 29119 1473 10428 5315 
10796 8745 11539 8944 20909 18432 20856 287 16980 13011 12367 21860 27189 23699 12184 16989 3708 9230 21978 25422 24986 12116 3528 32422 4494 9993 2927 4520 31024 4673 22228 2073 5031 5293 31288 3706 21704 5830 29068 8086 27528 27726 11901 14654 14694 16446 23532 622 5692 6219 16847 29641 22753 7101 27437 26142 7764 29852 15617 20946 908 22064 2231 13392 7582 20886 18676 10277 17687 28626 16465 2528 11356 21145 13819 9316 25920 8465 10412 6775 1721 14736 13446 25075 27394 12166 16729 9061 25136 27959 11773 21737 6636 16265 18254 27850 2562 13525 1779 31035 29384 32244 1563 31417 23416 14442 3480 30662 16990 10875 24676 11284 312 3801 7362 17830 9436 11967 13514 15180 31450 10305 1514 22239 16572 18310 9871 18046 8765 15566 23778 18131 10720 22656 24404 12596 18391 19729 20100 8298 1016 25985 19899 26204 14529 30798 9689 23464 29046 26489 11485 16526 30984 31464 5055 1659 24480 27970 11835 2072 4891 30542 21446 21293 28347 26693 27394 22782 14977 3049 4769 4705 13644 10862 32103 27790 26835 32725 28515 9876 16813 25575 1963 5278 8142 7355 32165 15066 1889 18231 26504 11833 27926 28147 32265 31272 19149 10941 2082 31489 589 7917 31466 21265 10892 27653 12645 27025 13767 7311 15160 27031 20929 9144 19411 5463 9571 2004 21761 3522 25205 6264 2917 2657 3685 20392 13521 16817 6634 30119 14919 16118 26021 13419 29776 1871 5379 19792 18107 8834 8300 2110 32025 2705 16314 13669 1374 1204 23717 322 11747 21207 31861 31345 1407 29084 17870 3586 30223 18664 22074 6394 27874 10023 31747 32434 58 1871 8275 26644 17470 31022 19466 10145 16185 13310 13362 1898 11848 10151 28692 4295 5518 20318 8726 18616 8539 25139 9820 4244 21586 23431 26323 16272 3077 19084 31315 16419 996 17598 11547 14140 21917 15084 16670 19609 11518 32040 31515 9935 16722 14717 22267 8682 14854 3421 4596 16762 24158 32739 20274 23353 6005 21284 25787 1283 6714 18244 14382 20621 3590 4165 7122 16582 27612 9573 22654 6440 12901 12258 12547 11453 10865 31569 2379 24112 2059 22366 4564 19430 28066 17333 22166 21664 8676 10305 325 8112 31326 20032 31513 31994 4867 11239 28760 13995 28565 7354 9962 4060 21078 10155 7522 11231 13567 6192 18402 12674 23140 31729 8776 29431 9077 25 17794 24019 5206 7878 22554 18995 1391 14169 8438 19315 7797 17952 21999 21971 9970 5668 
12347 13433 26757 14773 20229 26798 31997 12239 1892 6590 3843 9711 26050 26303 24214 20821 3374 21367 26131 19690 24084 24183 17861 14077 8939 22716 17195 13566 20556 6950 3263 2792 20259 28803 26231 24236 10070 29335 19566 10288 16263 9433 4439 21342 2014 1199 7102 3440 29191 806 6399 31020 5937 27649 25705 32246 19480 25469 12637 16069 9490 12218 1790 1560 23487 27359 16598 18983 29966 12372 8192 6003 15163 25369 16381 20660 16495 7019 11987 22440 18416 13647 16962 27776 9569 1439 2342 30970 2141 9222 11495 18464 2284 10397 18291 28260 20453 18388 22065 23452 29584 16412 15459 15354 10147 17803 23112 11336 23119 13668 26322 264 25737 25482 1789 25312 26432 14122 2673 4112 27423 2414 2665 29547 11895 31362 23877 28695 14395 22957 4797 13936 27901 14987 1871 30027 30346 20735 1986 378 12268 21628 21718 16007 11746 21830 18292 23773 8667 18146 20461 5504 26875 18657 17120 11004 2807 16544 29681 31184 12109 5483 9369 7473 11691 20091 27571 8271 28515 16189 12503 20652 4960 661 10016 26869 18133 23264 6533 30611 12342 25437 31342 13158 22324 25355 12249 31479 26128 25254 6771 17368 25760 26255 12884 29381 11031 21348 14825 10982 8414 2600 15344 32034 11115 28982 20909 5949 31775 25960 20118 31895 24588 22933 1817 13092 4298 24935 21983 6216 19168 21859 21602 4524 18647 28004 13184 10024 8729 5165 13058 12646 12692 19617 26275 4729 17984 11255 15536 25254 2497 3700 13130 2366 31094 16986 1635 21599 29936 15778 27360 12096 5270 16180 24414 32268 29766 25484 28245 15821 3753 12437 5155 1814 19431 11312 18909 32580 18539 14438 30644 31797 3654 1405 13456 20600 28376 24744 25282 4579 31125 18068 12618 23643 22512 22746 20095 28726 24702 8308 16890 25022 32070 5137 2546 25128 3520 20196 10872 20810 23270 21101 13379 27962 32555 10821 2752 3899 28696 21698 28708 15632 28598 2154 12210 29285 15474 22472 19099 31865 6630 29086 26852 15737 29927 22894 4241 14166 18642 2871 29421 18247 7960 24633 10784 10107 3537 24077 23525 16223 4635 15751 15050 9244 6340 4973 24645 29460 27492 3239 15679 20649 12479 26525 11222 20762 2433 32651 1223 27194 16850 13197 17384 27467 16104 29982 10675 29174 17402 4057 24791 32535 18924 31361 25762 4279 22471 20794 10549 682 13289 27756 847 21531 2074 14282 11447 13815 3138 16746 10355 10666 17444 17934 20242 1445 759 25570 15296 8352 
16857 32227 21407 20962 7412 20955 8450 18215 16423 27882 5157 10914 1120 5988 21790 25054 29193 18569 21824 31181 24527 16965 24985 1290 31290 16960 29828 18502 19622 6790 29322 26702 28318 18979 32146 31698 30866 14297 21845 16954 24055 19974 6161 1793 13024 16248 15503 12612 17790 27413 13384 7759 10221 26040 15052 17270 6396 30516 23675 10182 21828 460 7320 15943 5212 20277 3347 10255 25796 24691 7921 7092 28722 6703 26727 12546 19622 28426 10807 24130 19304 11630 25255 23106 12000 17407 27632 28749 12122 30906 19157 6991 22620 11872 23520 9405 3149 19098 30304 1770 15537 30052 25667 8470 21519 29490 32083 11132 10695 31310 2577 7585 30682 15944 12132 22800 18800 7773 12103 31207 32384 23421 31725 24785 28749 16861 30312 16356 27772 26588 20612 15321 13222 12720 10733 26365 608 2907 4702 7445 10267 24320 24537 23267 12349 6449 8097 31639 992 4667 28398 1098 19344 32755 499 28055 16396 21160 13822 16114 25757 30306 17696 10001 16460 29984 30161 20516 2334 15876 18253 3753 3867 15584 20338 13896 1187 29219 3693 5859 29466 14575 13833 8448 7657 27983 11220 1583 12455 31064 23424 5630 18498 17316 10461 3552 20832 835 18377 20727 25398 13378 30789 83 6777 17759 16525 11238 17913 6562 13071 2147 14170 15376 24472 24982 21581 18936 6002 1339 31050 8457 15000 28180 12062 25544 8482 15667 15610 8859 1363 16459 20427 8721 6345 132 1286 18569 14880 12570 25304 15403 25101 9519 18118 16207 18107 19842 15443 11036 13565 18151 22567 2364 15836 24270 811 26763 19720 22813 18740 10258 23972 12949 2612 4300 24181 750 2750 10364 21990 13538 28008 20404 9437 23725 28973 20933 1169 24513 550 16591 13912 10547 6360 229 30726 16308 28965 30666 19936 6356 17611 26259 15260 30955 21698 9431 15662 30284 22178 12288 20347 19514 3059 22775 27353 26894 9592 7047 15497 1470 21088 12187 4697 14580 24826 10338 11936 23629 8877 6822 31665 32225 22519 9423 16019 16519 21763 12316 19505 19811 15137 31128 17517 29677 31370 16080 1134 29371 18576 16599 29833 16882 16799 16397 25789 26272 30398 16739 28304 16248 6567 16077 11697 7562 30691 18868 22804 3960 6794 28233 11355 16784 17072 26172 29310 6343 19008 1014 16416 17911 14349 23854 19558 6727 6221 19665 5807 25032 25503 6031 22233 2314 7607 32095 27096 28818 7856 4385 32521 12089 8725 27642 840 22711 13755 25148 32598 5347 
2850 14601 22869 31351 1004 4772 5443 13420 15668 30077 21906 180 829 567 2304 2452 27421 6703 30941 17043 19165 15576 9593 15449 31502 23992 13748 9687 22322 9411 27990 30832 15402 14387 19050 25105 7547 2715 7679 9000 4204 9342 22114 1429 30425 23360 17829 19536 8829 2220 17393 14333 25078 25187 12860 25411 13791 11445 15319 2605 31349 2186 1512 8525 7925 11896 12631 2779 14521 25991 28220 20353 22381 11643 16972 1330 1794 20078 15100 16036 15032 15532 20650 21260 21041 32479 30815 20256 19883 356 7903 27237 12871 30027 599 26358 8020 8122 29998 16777 8604 29161 7440 10484 19553 7517 29166 17166 891 18184 18586 13357 20500 5926 683 5486 8929 14467 29448 18964 14370 21744 27180 18534 4911 27458 14933 5915 26189 549 17694 9300 30463 23744 27199 25071 133 29411 7626 5069 25229 6267 3055 19115 19693 30325 9357 10547 29815 30620 31317 4770 13187 30610 4246 6027 27047 25815 21616 26942 17406 26500 3011 12326 30730 30463 13147 30243 29191 6867 16846 25967 18694 6151 30036 235 17572 19245 13638 23605 26751 29102 17488 25833 3076 3805 5191 19453 24464 19068 4867 830 58 6031 11745 25515 11859 23264 945 8528 24281 16832 8079 1210 24119 28580 19950 28899 17947 18659 5247 3089 12586 8640 16172 19507 5584 3930 3131 12922 8327 20959 1902 18052 11481 31604 26725 20131 14099 18322 7 17943 1120 22809 18926 8694 22737 5054 25145 6334 8705 12468 23307 22474 5722 21833 10749 5340 135 26520 18067 14181 12742 24702 10557 16085 302 13818 6476 21204 11228 1281 1745 6688 15521 12205 26142 2020 21475 594 20291 8240 28286 2147 27495 26539 3018 20286 21754 10069 10813 26312 26423 29695 29867 13593 16117 24725 16794 26966 5833 19641 7057 26480 21102 22533 31168 5469 7448 12745 17901 15650 4678 20 5485 4275 29129 21818 18273 12545 22523 32335 17283 12944 23169 2594 11057 12316 20278 12919 2053 9099 24435 4815 22937 11549 3984 22742 9992 10184 21536 3662 18713 22764 1471 31702 11558 5785 31062 22629 4221 26686 19465 28438 25814 11831 1098 16456 1892 11140 15012 6355 28049 22892 9109 13584 15296 9388 3503 4145 24973 17187 23024 27923 5287 24151 23276 15349 24541 24683 9139 522 5122 21176 26513 754 31777 31281 27306 12650 1888 24942 10055 28394 12507 16292 2920 30425 16166 26249 30807 463 10192 5850 29426 18337 6969 23628 15258 32492 
3428 7839 2875 1428 28203 24590 7111 28361 15311 9637 13476 10162 25699 31051 16666 28738 23605 7934 19271 3610 1702 11795 16716 1054 25129 10430 28329 4994 21587 32430 28377 13671 31038 20886 8687 19136 29191 16338 16900 19028 15378 27824 14267 9418 32152 991 4519 18811 25503 222 15755 15685 17605 26386 22913 7866 12904 3446 370 32279 14925 27166 29203 18670 9468 17707 761 32338 706 32018 3749 22578 6638 23857 7346 4264 28495 16450 1807 22727 26829 22425 10760 31461 23166 31438 24968 3499 29280 14707 28188 16823 22335 10329 12565 20177 31947 116 1072 4144 19270 11099 2076 7800 25185 22006 4776 22343 25963 8650 9793 18365 25167 21636 26532 24657 16557 26326 17955 350 4643 30956 14831 20805 25326 14841 19047 18373 9678 5147 29838 27224 22240 245 15367 1746 22859 26600 16905 24297 19898 14595 10226 25988 15328 20526 3140 28869 6091 8585 1414 2092 14740 11315 31065 13131 15417 12585 8283 1608 29871 11367 26884 8170 32299 22948 18348 32468 22208 8139 29714 29073 24592 26637 8937 19396 30139 22989 3656 3158 10507 2934 22673 17946 32470 32503 27421 9175 28632 6483 11949 24836 29425 9625 27441 25319 31451 24787 7161 28184 7009 29995 27734 3825 26930 485 28650 26181 19475 6477 3461 13136 12879 2615 19051 10768 13680 13764 23380 25015 6919 5570 30892 31731 4001 10124 31442 31895 23270 10233 22082 3094 6576 8014 24866 31202 7706 12521 2015 810 6126 24959 24082 6451 612 10282 13657 30239 16482 23470 16416 28177 16948 18826 11549 23043 5071 13820 32556 32469 20503 16886 31255 15068 30103 18528 17652 25548 23889 8037 23347 9900 26487 17144 21333 15681 22156 14043 17985 6812 22376 22272 9263 31616 30654 29160 24485 27167 24517 29427 28482 64 14776 6034 27365 13280 1548 25145 28087 19323 4640 954 9125 11013 14383 9281 29958 24844 14350 2076 26423 3598 23070 22808 14466 21795 1768 15525 19462 24462 10514 29636 1599 4454 326 20685 27064 5475 30858 28434 8774 11154 19247 21515 19216 16829 22922 26208 22757 21129 27089 6505 16934 6593 11697 32162 31078 5184 6474 4620 5776 13684 7155 9010 23041 16478 25083 25919 23017 6807 29837 16607 6676 18636 4210 22158 19229 27587 27893 15547 10889 32569 31362 13884 7297 8862 23994 676 8474 8736 11549 22044 349 15269 18187 32491 30689 310 30090 30766 29521 28368 32728 32508 17248 26611 22436 15915 13352 19918 
9292 21376 8920 6096 4970 15684 6743 26756 32602 32363 23660 19232 13166 14485 12264 28248 13789 31954 2330 5542 5050 21780 70 7662 25804 24302 17707 4689 4154 6201 3082 4183 8136 32234 5022 2760 29257 18807 9360 15548 24047 24730 27561 3869 22056 25526 7866 1899 19591 5359 31135 14870 12429 17335 10821 13387 17658 2907 20243 23107 30537 28480 10322 18358 5914 29148 31752 22344 3333 5106 21308 15414 2624 21820 12870 19333 26686 9826 31472 10363 16552 4170 9286 18335 26775 22470 13312 26080 17681 13276 26692 31625 28760 22198 5554 17986 31936 19975 18846 15167 30215 5524 30155 25458 10324 28999 5768 11411 32684 15801 10060 13219 2967 16090 31430 31046 4877 9596 29614 10909 7880 914 17593 17259 26113 10211 25996 12844 4283 7630 3575 7028 744 26016 23113 7451 6855 16465 31221 16443 10943 6172 26090 7846 12941 5728 26809 17758 19075 8110 19175 23876 935 29798 7797 9338 14052 4009 28959 115 2580 15540 18373 24658 4427 32630 22014 21027 2711 2187 1598 31961 26563 2760 26190 10145 9665 21243 12830 23650 14310 19377 13875 8184 27699 18131 12278 8445 6257 11406 19925 20227 16909 17884 439 27089 15996 15102 10104 5023 942 27609 11252 31503 19243 20591 30626 18433 30454 8169 5038 14656 9624 15171 22607 3903 22200 6082 6114 18598 11220 3550 5175 32586 5033 16907 13166 27505 32169 31277 5558 13374 28036 29086 27627 16646 9252 26042 32138 22776 4294 15409 8026 4275 1833 4061 32320 22253 21873 15509 18157 21714 22872 28997 32173 14680 6414 4808 14828 3194 5641 22539 32667 9885 9547 15551 7467 15206 10497 1634 13263 2395 24626 5801 13361 16975 505 13547 30999 3868 19490 27652 15002 11275 13881 23337 27988 30693 22953 11827 13831 23887 15999 31451 6528 11172 9931 9096 14976 20526 14424 2060 20496 26412 15773 21408 13845 7078 7039 29572 18516 9736 28651 20826 2070 15943 20339 23116 27444 4121 11933 7989 12981 31212 12060 17253 5146 21262 19985 31959 22003 23572 29365 23735 27451 14477 11464 9291 32155 2372 16905 2195 25740 14250 23908 27692 16354 28815 3210 23304 20661 1408 17102 22244 13202 21847 23139 9549 12756 12903 26331 12208 260 9665 9491 21338 25167 997 24546 2257 7352 3806 5745 30536 16522 27150 29457 19219 24117 27059 17307 31175 1175 8788 2150 287 25776 15886 5022 29106 6668 24628 30537 833 10936 20522 24918 10438 2025 17077 
28417 1029 17096 23877 20866 12553 1765 20052 31827 30302 2918 1071 30500 21299 19859 19390 23782 29813 12932 24043 18980 5552 29752 23188 20211 11059 7150 24486 29131 4449 7106 22159 22915 4076 8345 24592 1810 5573 3615 15850 31960 18519 28598 14521 31461 29139 22576 12567 26871 8205 5788 13550 20492 4349 31579 17310 20863 25861 15338 4079 28441 26946 12421 19455 3280 26280 16519 5663 3070 18506 26967 17920 16136 13490 24664 10395 9686 17870 20170 13990 28851 4871 16554 2971 17476 15991 13167 5826 13404 12616 3689 32496 27414 13602 21668 23948 14479 27130 23936 13743 11620 2422 10179 28318 23899 19358 32396 9758 18936 9910 1138 17295 7384 23517 1283 10484 31578 8911 16676 3622 4735 745 29885 5725 18101 699 16093 19190 23288 25979 955 9622 21923 8376 6547 19122 13925 29555 32034 27299 9952 29704 13083 1751 23726 20716 16273 13609 28607 3238 3232 24016 21422 12405 12814 24096 8240 6105 839 920 17105 28035 14603 11600 31755 22554 17489 18412 3317 32106 16915 18748 5391 12326 4299 8388 16751 98 1490 30787 18738 5245 16569 9561 3379 16883 29427 3167 10691 31509 2026 21655 24084 7578 23645 538 28802 30063 31942 28314 9399 30822 13084 13678 23562 23823 14256 23793 25430 18969 8233 23730 15946 26874 9972 29167 11989 25451 31122 22321 22471 8606 17612 4347 8666 29183 29670 6196 1840 4650 21783 8811 14438 22171 1009 23873 16815 9015 25118 30518 8447 28111 15299 5182 17494 661 31029 7262 16598 25967 11208 18903 23872 30668 17577 25816 20473 26207 30441 20248 4743 15485 19515 31326 27656 15120 8954 21169 31705 4618 21072 24623 18402 978 22170 26018 27094 17576 16878 2094 31707 20920 14215 20357 13801 5111 16373 31699 19965 24689 14303 21428 23217 4361 17348 13858 16191 19137 20772 22829 29692 15059 63 1004 22526 11316 5607 31797 373 21424 15226 14578 15361 19806 10774 21863 1650 30433 1692 22778 10043 11703 21404 21643 30706 17445 32434 18276 20862 12930 8990 2243 6534 9622 14845 31529 17403 2848 23053 19519 19247 12382 12253 17141 8530 20792 4520 1189 25790 2547 6209 104 7684 21542 7242 8684 14102 8365 997 24046 5321 32741 24902 12469 9518 26882 16601 21150 14736 7653 5162 14940 24504 29228 14192 27446 6534 13750 32315 25218 26111 5546 7504 6390 8141 21845 2477 8606 26670 17097 4751 2341 19159 31653 10966 21304 30789 15846 24346 16759 
31393 18512 15746 27337 25597 24490 4398 16824 6568 11783 12673 29039 27798 23641 19971 5020 2314 8489 2264 1002 5226 825 31572 7517 30575 27290 31075 17955 13003 28546 28936 12766 24202 19011 7422 28807 26777 5898 5276 20473 23030 19140 22831 15469 16062 30719 21210 22022 3660 8751 4579 18008 28411 19043 5105 19141 23380 15156 16629 26725 6828 7744 18422 31993 25370 18649 4242 24779 18487 12359 28575 14834 29741 10359 3545 11746 6915 23257 10113 20738 29325 14776 30441 18144 28276 6719 31724 7134 18593 27101 25532 23291 7562 9425 8487 413 28383 27900 24151 5833 14211 19557 22480 24686 17263 12796 25995 32231 16841 7421 19015 4075 32052 5440 18483 10933 12137 7815 3001 14738 18717 24548 30108 25398 29453 21216 7883 27448 26028 25804 29961 11358 1681 12583 30576 2735 30632 16186 14006 29663 10100 22731 31979 32563 21318 19013 28902 19826 31209 9288 2950 25931 2785 6852 31055 29272 19989 2613 2871 29680 1960 9113 13365 29197 16958 23533 20590 18594 15207 3999 19225 5917 1936 9816 16819 3633 25180 28842 24149 13692 3830 20603 16275 27792 29921 17744 12463 26932 2775 16069 30521 17450 23186 12024 26059 4617 26395 17604 8028 8011 32393 3659 3628 25147 3081 27219 10197 10202 31562 25744 3709 18302 27442 17609 31982 18683 32037 28559 8110 14822 8641 21284 7371 31995 14745 26485 3494 19240 31343 3488 23239 32109 20173 15908 14919 25104 28089 26730 14585 14505 2291 24468 15552 27899 31430 11593 16391 23250 28318 15182 23330 3281 10420 3173 31668 1299 365 19513 31296 5017 25703 32289 18557 12141 23273 3171 2616 23869 3209 10709 7891 24178 28667 23441 10353 32175 8631 5995 28311 17446 16802 12258 17334 24258 32196 2369 2587 15690 32737 21327 11344 18800 15276 11169 20979 18192 32487 8144 19966 10377 7674 6904 22645 355 28498 22852 18852 1935 15653 3064 23913 7874 11050 5797 26504 22267 29063 16583 23634 24957 15892 3771 9892 30725 1774 6706 6173 32607 5700 17420 4984 31585 18625 21742 6128 9127 4979 4613 20889 23583 30081 25669 22062 28254 4452 12949 31413 24993 12598 30819 20690 9662 7746 28203 19078 20705 1761 8567 8567 123 24216 6014 17183 25754 18036 13703 5628 22535 6467 21832 20170 1145 29505 16853 28335 32301 19496 1091 22451 15545 13301 16489 32148 878 710 32348 17306 30418 16661 8076 4103 15428 31074 8817 16709 26848 19558 32208 26665 23563 
2472 12841 9942 21954 15372 5466 30803 10993 30867 21356 11857 31862 21247 8687 7477 29251 20541 15406 16816 13878 3428 25282 2070 7862 16337 6258 18342 23516 13550 21359 10424 19981 10714 2758 3776 24163 12379 18349 15265 30738 26099 7536 22768 17550 18076 10948 1532 28086 13717 27503 5614 26317 22648 31541 8371 27886 9606 24478 1324 10209 11452 29786 1054 29116 15835 9348 8263 4572 7330 29300 11795 23023 24694 11059 27239 13666 2817 8173 551 15339 1934 21198 5219 805 26280 20915 9131 28007 27733 26283 20843 15560 31618 29424 32663 25183 27124 13549 17310 1476 13914 6626 6286 15653 4006 8564 31811 10345 12049 2568 4666 31605 17241 21436 25232 6053 31462 1444 26337 22568 14185 27109 8414 11751 32391 18184 3079 10760 716 22978 24173 14416 20707 2532 1918 4206 15579 8237 24527 19145 29993 23109 20077 3446 6022 20235 29112 7255 1951 9620 11810 9227 16383 499 22827 23882 5674 28263 18011 2626 18208 6947 10047 28799 31273 30031 24136 23468 32011 7260 16976 30653 1388 14814 17079 11329 20984 4585 20390 9229 28081 11056 25992 22810 31631 22455 27682 17637 20440 32641 11738 25033 27861 21981 2781 17563 10925 2268 15595 9847 6959 412 8554 28290 18050 20180 29630 7043 14492 19209 7339 29387 30533 31978 22017 23494 7607 13299 1606 25138 62 29223 4867 15671 31289 30143 775 15430 2136 15059 9196 16649 22208 28679 2986 9741 12735 23617 8801 14291 3837 1944 27408 21938 24548 26419 11515 24492 6132 4509 2295 15992 29602 27387 3196 16556 5634 17545 16854 18893 3935 23002 6556 20111 13574 1230 19456 23141 30083 30702 5135 21895 27456 26367 4633 30133 11402 15046 18064 8254 23575 20543 30460 19377 13935 15275 27143 16066 32421 32670 19394 8944 3493 15565 11251 22836 13410 18235 20246 964 20388 13132 8374 4455 5734 19626 19966 11780 2367 18981 22416 3421 358 14649 26646 30287 5098 10262 22376 13477 2179 22253 15589 2672 12113 11532 22187 14006 23550 23948 22842 11964 32070 2771 25260 4305 19563 2428 4276 23207 12662 27421 28084 21077 11507 28966 12157 25469 14223 15783 5408 16802 32179 16269 4934 6222 827 5803 27245 15373 11714 22646 18674 19899 29661 7564 21740 11464 9747 21506 29167 963 1489 30918 23210 8653 26108 12663 17864 9305 12226 16420 7579 14358 28087 519 22645 28207 23320 20158 14965 20325 6927 13107 23580 14323 23618 20636 26152 32005 
2710 11056 21334 1564 31238 4210 14326 21924 23698 13545 17991 16835 32614 14813 12430 30562 29039 7893 16301 17478 17126 3455 3687 29604 11436 4157 18269 22624 18621 23247 446 231 28351 10936 22599 23613 27039 3941 29116 12144 29148 5661 23076 29675 26898 8153 5033 19877 25282 17212 3316 22860 4368 7521 19976 281 13469 16327 18960 20661 24451 22091 24724 19700 22642 15068 27739 32629 29105 25315 5196 1150 14093 3121 2979 18525 3090 70 10814 20014 198 13117 20376 5877 9872 25733 13028 21501 28461 16612 14651 1118 6550 10722 3523 29065 22779 15535 18414 18835 11300 10251 2600 2410 12735 28151 3833 30622 2736 1523 32316 16309 211 4495 19409 2323 15372 13374 30068 31057 27769 8942 7885 8511 7122 1628 883 4372 6949 5284 15247 2155 21155 23029 4175 20117 11663 24048 14611 1652 28615 15893 30467 31391 13147 19336 30373 31512 32245 771 19046 16616 6397 4659 2993 7389 15426 20529 5753 4344 29361 21306 29359 1322 5228 18722 24366 16184 27595 8955 10131 27998 11550 30935 11504 13111 6073 11131 17188 27372 20100 31576 19203 30034 10657 10533 32387 9245 22049 21666 9594 13928 25648 16268 15876 24808 12978 2112 24551 28572 25106 22032 4367 2764 11113 19269 26021 24663 32730 24361 4103 28736 29870 31229 19398 9493 27777 29274 20518 62 29137 14287 19129 15667 2122 32001 26738 32339 29264 7835 31989 31905 32397 5044 4927 7957 7275 25854 4760 31591 32757 8740 21387 3094 18576 10589 5937 4596 1729 7291 69 27432 8421 27971 4969 13677 15774 23240 26 24447 3942 7245 24749 17333 21777 4539 26481 24575 15263 13174 24348 19531 20743 3905 8745 17385 23633 18691 13519 876 11502 19307 12385 31963 12815 9092 31850 16656 32505 10064 20490 12015 2599 3233 5730 17640 23739 27836 21220 9473 32200 9997 32035 6314 23299 32026 13396 14414 259 24567 6999 4434 15611 12733 5154 5928 29120 73 17518 3092 31799 27569 5308 17558 16579 21337 3958 31471 20792 25708 17511 545 2085 12448 31882 28077 16294 16734 22430 10850 24920 13504 8516 1592 16361 747 883 19509 2762 21459 466 31741 22723 16864 2852 15223 21527 25856 14022 2351 30604 12690 19027 11784 20018 13669 17434 438 15880 18721 16543 13859 28494 5509 3436 15598 17842 25382 31025 28719 5766 2352 16984 13513 32239 11049 23819 12248 9474 10358 15989 10668 31936 7660 18297 2347 31036 12441 30547 9909 
1584 27809 6908 9220 31893 19168 7658 15953 27097 3336 2468 3131 13568 20846 18805 16939 15729 19931 9666 15513 2219 21583 22777 1149 5474 21081 25096 17209 1677 18074 311 31215 13839 21768 4909 10291 11108 5200 13910 16577 29127 24528 1498 1149 28000 13186 2003 17135 7367 32512 7621 8540 27408 16211 14576 17924 25422 9707 17550 19247 30580 15665 3615 21979 10482 6961 28875 16386 20845 1097 29535 29009 1730 31315 17510 16178 20630 23502 14493 1891 29757 13612 9767 22591 24001 10995 14130 28773 15060 3582 32055 26465 15005 12569 635 25328 30557 21197 5559 27816 22002 2261 30877 16587 6631 27707 15903 32346 28889 28254 4849 14828 19929 23589 24933 16379 7865 17283 19677 27781 9606 27131 9158 10293 14049 30546 5033 98 2454 5940 25790 22759 22075 27163 16027 32644 15482 9286 20878 11067 23517 31753 1202 31180 28608 21307 31989 1536 5889 12671 25658 32018 28254 11277 28507 14563 10876 10317 31229 18324 13244 21987 29552 17018 31729 19389 11611 26614 14190 3073 10262 30815 7584 28068 1899 32052 21205 24468 30133 27272 23253 14079 23261 21957 31802 30016 32235 28288 17173 14973 811 1229 20547 8878 13954 27268 17742 24154 26223 14091 666 23989 15259 31096 8864 16543 19444 8575 19900 26450 11978 16553 22203 23997 4526 32500 21404 24820 3130 18315 15055 8556 4596 27626 29788 12240 26418 30660 26739 18147 18642 11234 8060 18451 7333 2601 20165 24742 30570 15512 6878 27062 25752 11101 19853 4832 6859 9592 30987 21572 16848 5461 32108 19667 15541 29196 3294 13427 18175 17138 25602 13796 12609 20048 1158 5664 14863 32418 17929 26317 9380 25093 6998 32385 26813 10959 28630 7360 4000 1038 26380 24973 11942 22358 32068 3071 11725 24484 5082 30751 3028 29899 1743 6461 18466 27585 12088 26474 21429 27046 31632 12246 24099 13771 12004 16443 15192 24992 23882 24643 25644 19649 4047 22766 6674 16708 15082 20857 9175 27825 20871 30447 29586 27362 8927 3471 10388 10198 24361 2593 8771 18793 24430 18626 3286 26008 1764 15667 3534 3857 16687 20126 23798 3181 811 28139 8641 12561 13675 28711 29041 17233 29919 14247 1591 5818 6075 6590 12861 16742 22611 5819 9466 21051 11890 10595 14427 3000 14596 11750 21146 19946 22456 30820 632 7136 24773 3556 1028 11622 275 14467 29245 15280 25394 19021 14274 16754 2603 30140 23522 156 16753 5527 23848 5741 20355 4170 8178 3319 
20084 4936 25710 28542 853 6972 3339 19049 439 6374 29978 1513 30712 28240 22015 22057 12463 156 30808 22443 22626 19298 3900 12542 29017 9611 17554 12331 13459 84 9104 12407 8158 30612 17701 31931 30789 32234 14584 11796 29859 15599 28503 3910 17296 28537 4067 581 21665 15804 19590 7732 25789 5247 14771 9475 3764 29355 16358 14704 31343 3535 3108 16248 24020 28703 3388 31829 11271 8099 1474 14778 27747 11670 26093 15234 53 11603 31394 13996 15983 3065 27320 1980 16037 11026 14985 19160 24472 3823 19553 5598 6204 750 4157 387 23800 3142 21312 4133 13700 23626 13243 32035 1215 21164 24677 8342 30495 27305 30930 29184 2263 27461 15154 7821 2055 18550 22156 2816 18822 3391 2946 4796 29743 15684 16519 20025 21217 19477 14880 789 2237 32135 16671 2846 32598 32091 20963 28606 930 21037 3853 29421 26085 11133 18001 2329 24487 21041 21715 1101 23844 4995 24558 12806 4399 24742 968 2455 4725 7959 29307 521 11573 11982 2609 1093 11178 12579 20834 10481 23038 25446 13848 31313 14301 11030 31875 4184 4294 289 2505 10530 8419 14072 20304 6525 4219 8889 2430 6620 20171 3943 16535 19635 13601 31601 23019 19201 30767 4774 26193 28919 16258 20142 23492 6925 18548 30700 6283 28216 28777 26944 27883 30150 12901 19178 5082 27740 4002 16412 20369 10255 7934 25787 25716 916 23879 2035 4748 28379 3505 16749 18604 25541 29325 6107 26565 9463 5141 21313 28713 6 3443 12477 11671 8418 19064 5338 22160 28951 10607 27898 13238 4745 27448 4825 15062 17733 21980 17177 10488 19354 32507 3522 6334 19102 24739 27964 786 13484 31567 20619 31957 31684 20876 32214 23548 17225 30296 4517 30725 30260 16310 30430 11367 7887 5808 28222 20058 25622 31658 28623 26350 21604 26459 30133 9165 15047 27032 23558 14755 665 1960 8252 25271 25334 973 32251 9599 1487 4259 13130 4271 32092 31001 28674 21336 25588 29867 9947 30009 24130 1195 5042 20276 10368 8064 10226 4250 28915 2265 23210 7097 4094 27006 10993 13952 23736 25337 31200 24554 30563 25078 8635 28491 4051 18593 12362 6918 3260 16435 4408 11145 29994 3617 3906 17234 5437 1432 27776 28443 1177 26337 6169 11160 17124 29879 10377 12259 5355 25696 8941 24910 3075 16232 18835 30626 18874 28529 7734 30582 23429 5319 22445 8772 31539 25045 10202 15950 12471 23504 7043 29620 14447 22 29963 14827 833 
31904 10165 2619 12444 22185 25883 23359 20186 19888 5533 20764 24788 8900 30060 27088 22135 3342 12135 22017 7362 31389 8255 15969 14958 27607 874 13412 8427 23005 5199 5242 17010 18956 19095 10329 16869 592 30155 22496 2258 16948 19419 13168 14414 32267 19817 11945 18198 29808 26495 10195 24231 22230 21299 18002 15717 6109 13446 26218 5092 13731 14995 28891 18603 6444 6109 7720 28213 17839 19984 22331 28046 30799 19231 3498 6888 7153 23268 12636 14874 25537 25293 24682 17510 12638 12939 20699 2687 10413 10872 5590 26964 15213 2851 28576 1750 11841 32496 25888 15281 22561 5132 28154 805 11885 15820 9910 6757 28944 18287 12172 13870 32231 2981 13856 20257 20648 27635 13224 9671 3964 25456 26889 18873 21609 22550 30098 9517 24125 30176 12119 25167 11513 19062 26404 3139 27907 8273 9172 25028 8330 18538 9433 22963 11459 658 243 9310 10704 24766 8917 2902 31646 13425 2541 16907 11277 18071 29872 23506 31051 4724 26854 4199 4542 25466 580 10451 3920 22734 15912 26482 17861 19081 14749 22583 7789 12841 4675 11941 19442 17995 30382 28950 6497 32291 9422 17590 29785 13718 14858 25645 22348 20714 28125 8759 505 25330 24277 16099 26587 21872 13211 15319 9087 7843 24984 8425 7520 20184 25550 32716 23470 25292 5765 22909 18473 931 6932 6365 9219 26533 19037 5773 15350 13816 26949 32011 3405 31974 5193 2705 30018 6928 8801 7376 25063 32585 28695 14387 13423 23746 3244 23827 19131 2572 12999 31288 2352 9419 31078 26977 10919 28864 2704 13443 20402 26820 11020 20866 99 5379 8591 16093 7892 4765 3920 9979 24207 5254 1331 13388 13572 17045 7472 15956 3016 17801 4136 9103 14710 5321 20940 27295 12669 13415 19986 19686 242 18325 23549 4577 14511 2360 6050 18733 13287 31624 31080 150 18125 32723 12680 3649 454 26699 32323 29168 19714 10168 15196 22338 16450 26854 16901 18980 920 32558 16093 25539 899 20967 29359 28822 7604 12428 3379 12788 15338 14926 16971 15301 4004 14399 24789 2380 20157 246 629 22482 31190 6481 26698 13454 22599 2035 23152 13390 12953 3229 20011 2577 18472 19403 14687 14515 22574 6808 14919 29800 23239 18119 26825 1913 16 30571 16251 2549 8920 9428 6111 8539 31655 10250 3858 25731 20267 31067 5940 20961 1013 14990 8959 1148 28571 5580 27201 19815 8039 23799 29745 30419 17802 25464 18794 20814 12646 10729 25939 10188 
20245 12325 25116 5129 6122 13147 22785 12904 32499 1612 9491 961 31675 13446 31289 20837 20762 27986 14024 26894 30725 5121 3698 24277 1412 859 12297 9030 25769 2698 15314 27265 30365 10356 10350 17381 14665 14015 19439 7674 16049 24641 2093 23928 20036 18181 7457 12760 15102 31760 9768 17430 22865 16847 2841 14129 7302 22333 27128 6912 25324 26743 7849 9088 20288 20785 30552 4316 23102 11549 1433 491 21274 30848 29159 12828 3783 26027 10208 9036 20863 16467 7299 4004 17043 14159 27769 12377 21178 14745 21578 28458 8238 18538 9535 17395 6730 12619 15892 26408 13836 6078 1717 565 22324 2850 19650 3794 31844 15003 16015 21651 15435 24590 9892 30546 16349 9923 4552 13974 23397 17628 8702 16580 2211 21716 20477 5993 22811 15874 15351 30118 16892 7730 13127 6550 19100 19386 21421 26340 30581 7051 17603 15625 7197 12472 85 15201 26282 12790 24852 20980 31258 10704 6008 1893 11756 24156 2685 19835 9616 829 4950 17562 24492 3145 21209 29102 13182 26602 16460 9677 138 18629 14626 12327 10683 30001 23059 15609 27933 19707 30544 27498 14212 8349 14038 1114 3115 2583 13738 7026 21517 32021 14536 14671 365 2952 15435 26102 32637 12990 27497 32591 178 13270 17898 11774 29424 22728 12542 3024 13723 15830 11571 18058 30730 15530 6362 19468 29964 20309 20049 31873 31472 26947 3790 21834 914 14043 28766 24291 28639 8854 2527 14230 32336 25245 9012 11377 15222 23463 2748 26929 30377 8410 14491 22389 31760 27369 24321 18690 3958 18723 23705 2319 5205 24353 21879 8788 20940 5524 25457 24299 31711 24617 22521 12650 24438 27193 3582 23469 13840 3737 27910 13794 10072 3694 24785 7182 23564 10666 4715 31089 562 22264 10100 28841 6515 28096 29464 28979 21487 20229 17848 12158 24327 9202 9696 23552 27319 20422 29848 32273 24966 25340 12708 4691 18581 4882 29839 7868 17029 5938 8259 6075 31195 7012 13204 9355 23506 32616 14520 11795 17535 6937 18461 17200 24756 26894 22480 24470 18880 9402 10984 2460 409 31571 12390 7864 27991 18996 9994 10286 10713 2429 22776 23583 24163 29348 4783 7556 24732 3158 20393 13253 24401 20187 5887 17053 18611 26383 20044 755 28910 10072 22177 7363 6103 13965 8672 1047 30791 19565 31334 13142 3426 32420 30112 4014 19712 13699 13704 10101 15690 23223 27554 2367 24827 23263 1905 21638 16618 25384 10967 20392 13744 24285 29033 32343 
29123 10957 3047 9101 7197 13940 14518 7714 2417 1564 18729 10628 562 6046 25850 17422 855 1094 388 21479 23046 4937 7815 32216 26051 17293 21666 26379 3535 10753 19016 23114 4558 16588 13997 14998 15239 32137 24461 10140 15276 29878 28895 4925 4954 32287 21632 21738 15980 26435 1349 2051 5302 7009 28909 16378 15646 11443 29134 7518 25057 16501 17384 18252 11954 9421 10095 5448 7684 15215 1333 26982 10234 21930 12716 9335 21781 14098 5876 24700 8890 10444 28387 15722 10376 3212 6423 15872 16814 11019 6017 10950 31226 9469 14221 8677 8465 18854 30331 9091 16343 15831 12202 5757 23340 15638 25736 3130 24748 5629 20638 5217 17021 22412 20649 22368 28965 993 8759 8723 3544 12408 31383 786 26962 16393 12706 6519 24279 4911 7305 29105 25327 24072 17775 5183 8173 7851 8919 30287 27031 5707 5905 23811 23213 30931 31840 19503 22526 23606 5044 10146 21964 14952 23999 7707 20832 15904 25366 17392 13673 27540 17486 29930 17702 5970 18839 29506 21865 4795 10935 20388 27400 1490 4779 2139 7752 24142 24216 28434 21627 22136 649 26071 25743 12625 9737 4967 32305 2160 21691 22018 27469 28763 32131 20486 4315 15597 15974 2665 7037 21555 8060 24851 6664 20624 32566 18327 32297 15632 12473 17129 28267 25247 28184 4939 15916 18542 32003 20927 4726 2910 16977 9458 23572 26729 27615 10724 10348 26910 21416 25169 25958 27571 9854 14302 14380 20529 26065 875 28786 8055 5423 7283 31705 19212 7679 29816 8141 23807 31163 29231 19025 8369 12359 6875 21404 23454 23263 18911 760 17114 7699 14590 12185 15986 32681 5561 26941 11026 5919 19761 19690 27977 26584 6642 26120 9243 27906 1649 21120 22061 30073 21251 5660 18386 686 7616 22322 24171 14336 27597 25159 22912 23834 29804 10102 12029 12467 11188 32640 28637 24104 19186 546 12944 523 31376 1638 3727 19365 8086 27469 30602 13247 31092 12657 24949 21375 19832 27446 9561 16085 20705 9346 13280 17812 12358 32281 13636 22760 15558 31340 232 13977 24313 11171 19881 22120 24762 19125 7715 29323 5264 5798 24206 938 14335 17540 2470 18872 2658 8918 16095 7796 1437 17158 6213 8084 26156 25631 20330 28516 27062 7911 4234 20900 11736 23737 13932 3489 25752 27834 15001 26234 23719 15094 16285 6392 1416 14297 9211 10011 4042 8994 24897 26567 11644 4261 14278 10247 23983 31710 13361 22547 7405 2729 9304 7158 13564 
14063 22271 10009 12349 26969 13505 12464 11811 6213 12220 27934 5418 13811 3707 31910 27573 21880 9741 25618 13980 12722 2617 6921 20882 8849 4716 5883 32288 13955 17889 17534 20079 14237 4093 30443 14114 12406 8524 24630 27788 30846 30752 2678 26929 29387 2139 25959 14697 16322 26879 9296 9879 32239 31096 17103 21695 31627 4022 2866 29650 15179 7925 22999 27693 8972 16645 18977 27663 29784 2919 21308 30714 10348 11017 25803 6434 8455 31112 13164 14479 31007 19124 954 6043 19604 23575 31821 924 6367 25266 4456 1712 13758 5250 13864 11411 10283 29137 21458 27496 24849 17107 26407 11333 29400 9607 16786 10706 15426 17303 19767 21747 28234 28379 16123 4294 14519 1300 5363 16065 30718 26610 31734 13607 7976 470 27549 23094 26689 1257 10428 17281 23787 16652 4885 3584 13118 22402 29197 25468 19152 95 2663 1449 16744 13861 13232 29977 7710 22510 15424 13961 2422 16757 30035 11124 15658 3873 1763 23208 29422 21506 15041 24266 1280 10016 17037 5838 21313 10323 2678 28316 6539 1876 206 961 12267 27907 30227 19736 1622 22491 12390 3241 20622 29319 7413 6311 27809 22862 29108 12869 5074 1796 12594 24841 3705 12246 20372 2690 1361 32199 24444 22057 16024 29857 23825 29949 2092 17534 12640 10668 30648 26659 1960 15836 18622 12409 31121 19261 15531 22571 1418 21168 8570 27668 14341 18874 23794 16464 15033 12498 14964 6887 12715 10382 30795 5910 3897 23709 11481 30937 31574 22528 18621 23524 29385 977 632 32628 472 5565 17935 30043 11029 27379 1426 19235 26264 26465 4311 20101 25925 25607 13059 31797 29253 923 31671 24163 4508 21229 24521 16296 4867 19372 11742 29132 3631 4767 6989 29737 4274 24998 30627 26849 18076 5719 16214 28508 3563 4197 7269 1306 20435 30470 8670 7473 18027 908 32162 26231 16286 28112 9374 20030 20222 30411 25929 12619 13002 9795 16845 22123 3276 5166 4851 23962 24432 27588 25017 22468 15640 27644 1245 7975 28178 12930 28539 30681 5358 15582 23157 20714 24844 12789 23350 2567 20084 21867 10564 14588 9489 21979 2606 8229 22947 7916 26480 11221 9646 28734 19280 20319 17402 20184 17835 11710 24856 11637 8688 29781 3915 31922 27628 30772 5218 18155 3392 14549 24129 9164 23606 17579 26954 1968 23316 14388 17182 29519 2012 6385 7964 13469 23797 22916 9889 4530 24652 1869 25164 5167 24752 6941 20756 9044 21632 24716 12848 6868 
21324 25212 14433 24051 30807 20291 23048 27912 5275 19039 323 21372 24983 28456 25108 11769 1432 23726 7501 26427 24715 15310 21242 27216 3767 10610 13485 2884 29958 8321 11181 22578 3673 21596 27864 23897 25895 25791 11520 19160 18847 1474 2757 20248 19466 23505 20539 18895 30123 529 22957 21721 9663 13497 13618 17679 1194 20187 4170 5718 11950 26650 26034 9417 13402 29047 6641 14051 18831 29540 29332 28440 6653 30962 13046 30471 29089 20250 40 7404 27305 12849 29700 13172 16947 18276 17728 4022 1656 11631 30599 23784 20149 10535 6122 10995 26480 15568 29119 31626 4932 5475 16402 18209 20334 20670 26598 25318 26957 19042 17962 32392 26358 25896 24350 12354 18625 10337 6895 30730 23375 20701 14524 31632 19712 31358 18169 28581 13782 7552 6317 8996 15079 23126 24775 30030 14576 22921 10033 22897 21940 29197 27928 5166 24663 31572 2935 10183 124 23370 4057 29438 16904 23677 2346 29040 6038 18148 8032 8117 13805 13767 14547 1955 2323 13214 446 16707 16310 9960 16940 3403 3870 23405 24194 3311 16578 4090 9620 23093 14433 1735 7742 25413 24822 20851 2788 7199 23542 10968 14666 32675 3131 14606 6435 12294 18357 11875 31844 21685 15547 1457 12040 23083 10820 4863 21690 10992 7247 16446 475 21820 29652 28865 25714 23606 14468 30059 9666 28131 3586 247 26784 15328 1111 20934 8337 27220 26851 9137 2647 29548 32537 25733 16248 6886 6849 24595 31138 14680 15057 28838 12557 21376 22818 10976 19616 26339 21910 14485 1250 5143 15138 24495 2688 5983 4713 23872 23536 363 29366 1908 30538 16548 25441 29564 16753 8810 697 1194 14349 21699 6218 10704 6111 11590 9026 29876 22822 24370 2662 1850 11199 12555 18660 9071 22778 23005 26181 31907 31834 15916 19658 8887 13638 3315 32005 336 32515 30568 26335 26750 6660 29774 19831 4533 13475 5252 22839 22312 22160 5364 20997 26332 15282 10557 25854 25283 1371 14857 6371 31533 12712 19526 13654 5123 22409 15702 9731 15231 24021 16757 12437 4898 25754 11123 2195 23352 21519 30274 4564 27012 3626 18631 27542 8057 18159 16694 2569 1858 10521 17805 1571 19211 32016 29297 27554 8492 19454 9940 2264 27696 4086 18272 7360 22820 15314 31883 13803 5152 32029 30105 10591 2928 24748 7303 22632 15997 27747 16382 469 19186 1981 1258 13994 25654 15288 16707 32723 28050 31050 29572 25 9323 30930 16371 30701 12887 29931 25676 
19038 17859 11948 17018 16248 31149 29410 30110 11030 15416 26757 20257 2571 5418 31397 28214 22015 16550 622 19551 17630 4337 27143 25484 14757 9135 26413 7805 29827 30951 9601 1873 417 30133 24905 4701 19847 18498 24335 2573 7730 7196 20837 18450 6430 25459 17824 29788 6462 7900 29731 7065 565 18961 18607 3862 13880 1107 20733 31155 18879 736 25960 12329 9329 6778 16022 31382 18496 4099 25076 9809 432 30843 13955 1799 22792 20411 12994 19309 7058 75 11866 3536 6716 16717 18787 14991 14987 28744 30531 6991 6847 7351 14002 14041 11299 14100 18547 6654 21629 23968 1073 22016 17732 27390 17964 1329 31215 1293 13300 2525 8716 3344 25146 18189 23859 5080 3519 1622 18226 4199 12265 5938 23144 12803 711 8287 17739 991 31148 31445 17517 27501 7119 60 5090 17693 4988 17838 13493 2513 31010 7630 9971 28303 27067 14771 21486 5723 17648 1181 16597 14472 6608 5981 29338 14687 4571 19368 1853 8838 6922 14144 28818 20166 13880 15755 28676 7042 26869 14688 3953 23727 25499 23672 32352 22608 10667 31749 26215 30697 21761 31777 16491 25322 29482 23812 4171 29212 25305 5244 9266 9278 27475 21364 11893 5859 5214 17300 6597 27295 16605 31030 25778 17434 31395 24988 3072 3458 9639 16521 14613 2080 23251 20493 16715 16963 9744 32 21423 24509 24567 18350 4408 15705 22698 25294 15294 15478 1122 3375 29406 29373 3039 2907 14560 8942 28800 12446 19376 14533 11665 9940 25562 4976 24870 18282 9807 21662 11023 13666 14194 28515 18509 888 12533 30322 23261 18682 17827 2046 8211 23387 24396 30137 24339 14140 24765 12662 9177 23708 25236 23392 25531 5878 22944 3522 30228 15733 1519 16361 24262 23626 2627 31392 22837 2436 11331 26345 23186 9390 11300 6906 20288 28607 30190 2400 27288 11332 32360 32730 32515 18919 29727 17568 22708 17786 28181 3709 24025 17887 22288 31831 15107 30843 163 9615 24466 16251 27067 7398 21776 12613 22586 3624 11382 10244 17873 17907 3335 3675 23880 4876 22919 23098 18954 15338 23925 7241 24763 26891 10462 28097 13542 14125 21682 7446 29410 26089 28526 32569 11805 2125 15897 5697 21321 19673 17644 11263 16685 13771 14364 3085 22872 32655 838 16178 17738 12780 8001 18820 4344 7126 18936 12480 16992 8997 2646 29330 15590 1736 4657 20308 15767 32745 28413 19266 16145 13124 7245 22821 31871 13317 18139 1997 11302 30980 24587 14134 
3992 4599 6737 18738 18197 63 24006 10105 4522 4210 1400 2278 16034 24519 30910 16699 16019 26994 5985 14344 2898 1676 2310 8609 16598 17561 13055 2441 29318 23948 17649 13848 30338 15723 28544 13849 12505 8530 22918 11887 22675 457 539 22178 7280 16557 14349 31675 13693 20611 11059 13524 22520 26566 17961 9719 28090 23593 20446 10759 20312 4035 22183 15648 16960 21330 22813 4325 24490 16897 32177 7861 14178 11794 16328 2566 8591 14259 22150 24523 22857 4299 1673 13139 19715 12687 15491 21117 23177 3092 18825 9889 23979 10398 7128 25599 6469 14224 17940 3281 22224 10460 7147 2188 5842 11271 30588 19900 21975 4359 3604 13083 19540 8175 18688 32211 14247 11486 9698 7231 29198 26732 11030 26249 27042 29124 32559 27785 14816 15837 8146 25812 16275 16116 23300 2967 31521 11771 17596 18042 18122 16566 16255 16393 29566 29067 10037 18151 25430 8907 646 30789 9534 31574 8097 23415 30624 18492 32201 6740 29413 28592 11363 21687 29231 16072 8508 27963 1709 30318 20590 9808 17839 19699 19179 11433 23866 18260 31757 14916 21735 6898 28454 14992 19172 21772 13927 9381 29726 15912 6657 11186 10610 9398 26078 8561 29348 8983 27288 17076 30395 5676 26154 725 24611 7187 3904 25821 24433 31020 31203 17518 24934 10507 3425 26035 15296 11425 14623 11246 3409 5496 27627 8443 28143 5020 12693 27769 19714 10355 23223 12317 4287 19039 24710 32229 32632 15380 20608 12859 29390 29300 7978 6971 14174 28244 3071 3184 27159 8306 27760 26166 3316 27143 6728 19317 30854 21485 15427 3215 367 5419 28050 4534 14 28246 6447 10633 4930 26628 8800 2245 4667 31302 5964 11897 3933 3390 2237 25712 6035 17443 6434 21306 21166 15238 20330 20045 21582 12733 13504 29417 24197 18113 1675 19493 16456 1365 24914 27913 27765 6420 24815 30603 31435 13530 3052 31344 26111 16023 11611 24728 23678 19404 24854 10286 27070 12405 28244 8071 26682 22774 4202 12409 15223 6850 17393 9611 11642 11821 2452 25155 12190 5037 7252 3914 12223 15253 15674 430 30860 11102 3710 30792 3084 20573 8666 26126 21522 24995 11035 31038 26888 17487 16758 12836 15160 4350 30650 3245 2872 17508 16187 1134 11121 8215 8008 26215 2592 27534 16514 31205 7651 16083 26134 11095 6898 2941 18877 17934 12745 10059 12905 17390 7697 14431 28315 14275 27423 6728 31368 2048 16800 692 16721 7304 24275 12183 18041 14965 
19720 9960 30068 2862 14704 22483 13720 24947 6411 17805 613 9322 10751 1047 8766 30473 3306 22782 30176 24960 1764 5944 7466 4844 4694 5733 13408 29357 24477 4199 7651 26137 14917 32153 5924 25111 8879 9915 13642 31594 30312 5919 12921 24987 14044 15407 29006 23856 11888 24948 6458 23958 32385 16447 4692 14069 5690 7117 21564 12420 28759 8877 5398 11885 18156 13079 24774 24128 28754 14993 23046 32379 1109 31796 20186 20373 16161 2300 15615 23920 26706 9292 29670 18026 22074 4770 30063 9209 21471 25885 5493 4200 4362 13755 15521 23073 22696 17251 30027 22615 9402 27938 27032 32603 32394 532 3397 23334 4344 8158 20037 14689 6272 23869 10507 19099 1691 19122 16974 14836 32560 22840 15965 21339 3643 18666 22887 18270 31022 21824 6007 11211 25102 16185 32644 6927 22596 4851 14554 21054 23270 5426 23176 22429 31907 17452 11100 31664 30331 23129 29562 27962 19885 18618 27901 789 12910 16131 15374 28267 2935 6957 21649 1796 5518 21266 980 5100 22741 5869 6857 26241 8141 7597 30755 13231 19983 19636 31435 23913 19384 13212 16847 32532 18716 17683 252 12972 21511 10341 2390 18046 7727 6657 2963 26000 4642 18844 1630 31483 27110 11895 28933 10998 26874 14397 25509 18904 23607 15218 19944 19203 28711 5093 15102 7837 6985 15664 980 6897 6595 26356 19026 30017 8541 16255 18790 24126 27408 4639 18473 23676 27838 479 71 16458 11498 30857 27020 21748 24965 16754 16983 5797 10729 4188 21612 19148 31190 16941 29631 5322 22327 31048 28425 14604 22408 11147 17479 21583 25921 25607 21707 1482 3973 28363 2968 32751 1226 2788 23520 21323 16604 28485 15836 27995 20395 16332 28698 6274 11727 4788 6290 17143 21953 27545 20864 17969 13704 3996 11249 15195 18213 32131 21584 25139 28649 27800 19018 15945 30088 20082 19567 2659 22294 30314 5571 13987 18499 32370 24602 24969 23732 18663 31087 3420 28176 31450 28124 9877 19630 12179 20801 15842 5305 14648 9207 5539 29377 21997 11004 12118 21558 3484 19828 32620 18685 8609 32571 3364 19919 13517 18661 22698 30926 12990 11375 27300 7056 24974 4855 13462 25663 14885 18223 27731 16335 13597 15740 30215 20716 29435 31831 27595 24888 3889 2347 14557 24120 12174 24746 16135 9873 1686 6094 18974 24395 28301 9440 13999 1890 25467 4105 27075 22819 7736 12407 27587 27714 20104 25220 13476 26400 22 27056 18686 20838 8612 26967 26696 
19926 23727 24112 6165 20618 32394 5042 13814 16193 3979 3846 32706 10163 16861 31724 15102 31908 25884 22558 25002 26090 12566 24166 9870 30125 5711 3825 1906 18330 10889 10476 13988 15996 26597 23620 13975 6609 11335 20297 20143 14914 23521 3089 25650 16988 16460 19042 28823 7171 11606 24113 18283 31848 70 20903 856 12796 3005 11742 32592 32584 1812 20922 3220 13821 2595 6803 6618 2834 4336 12016 6694 10242 18026 25193 4139 270 25378 12233 6987 30396 31624 1553 20797 17242 6299 9876 7606 32381 13872 30249 29528 23613 966 1862 23989 20061 22318 14534 30780 21901 23709 3747 8083 21523 3192 4094 9575 15024 21948 14296 20343 22800 27 30868 32594 11427 31758 12800 21027 32076 803 30209 14659 22613 18634 26264 27673 25441 18620 21954 3525 18248 1931 9722 20463 25228 30943 5754 21562 365 15244 12357 13037 2004 4522 30885 31406 9081 17269 1772 1663 6391 22512 8581 16570 22043 7187 383 304 20942 4977 29871 5956 1517 15922 20873 6211 17746 18333 16057 6862 30281 16087 28589 3721 22978 26557 22025 13604 12992 7910 28122 26265 30652 7655 23482 21458 7400 26511 25063 31116 22710 3853 12625 18630 24518 32318 21157 7190 6153 22462 10462 10291 20779 3769 32365 13544 26141 6181 5977 18015 6705 7324 15490 23421 7365 2590 23725 26341 9716 8214 29414 30646 4364 2972 18087 22147 6293 9412 11918 8637 8384 1238 23697 26364 29257 14154 3634 15071 24597 4809 21790 21248 32601 18312 12004 234 4870 29728 16622 9908 4616 5726 8103 15320 2342 10665 21867 25727 16585 15224 14639 19412 1289 16149 24150 10226 12879 13267 1725 10753 15741 29739 19108 21678 3982 10738 24324 8975 12754 12157 20508 1800 28077 1879 3813 28688 21109 17 29950 15365 6346 6400 3111 20147 19430 23851 8134 2547 14710 8561 5279 20315 29162 18403 31221 20153 14250 10458 22401 3414 6209 31677 18227 4135 11251 29120 17597 7071 9984 13691 2794 183 10038 28875 32222 27359 5101 30472 23078 12324 1057 7779 17069 22630 22077 22443 306 6117 16878 11806 8103 30069 32705 23862 2084 29124 12203 26005 954 4268 2044 16505 23928 14551 30638 2416 20307 23917 23142 16495 12170 25762 27402 23275 12523 16884 28122 16013 31192 11737 7041 8181 16069 8642 23515 23647 14096 30511 8283 9173 18540 27088 13439 25491 25477 18869 6432 13877 616 25679 20049 8465 17888 9865 27587 4630 11185 15264 
11382 23207 11747 29775 24467 11781 13006 15534 23661 24583 30457 17695 27532 9498 1261 11847 29020 13982 18729 21951 17794 4881 963 5135 7226 11618 23097 13639 20621 22415 16584 22429 19887 26176 26597 10739 26920 8986 21033 18633 14740 16865 27176 23332 14373 1123 31459 20131 13072 22838 14951 2970 15431 14163 25441 15009 12878 19833 26208 27978 18572 26830 3133 29297 3790 2328 23914 16823 12200 5917 12498 1393 26958 21837 30692 30867 31250 16797 26357 4533 7945 22906 2524 28302 3986 31084 16224 26454 697 10281 12347 32442 14658 15064 22132 24102 15845 32135 17179 144 25729 20330 1677 28235 9734 23903 11991 26311 31020 25819 29262 13911 17737 7111 14280 32331 21990 18154 25275 24470 2838 22310 12738 26764 24092 4990 15038 19560 31165 25493 3362 8094 1461 630 8888 27964 28908 18831 8721 23761 4468 31777 24746 25880 5050 20283 3232 3158 24427 32059 23947 20212 2034 24300 15459 23251 21370 2923 25138 20929 15449 24989 1915 5214 59 21579 6168 19441 29574 21404 18994 16193 2337 32348 16215 31217 22160 11843 28964 17683 569 19111 853 11973 25060 516 19742 13092 22629 32327 14209 21412 6426 13897 26419 28545 1599 9805 15708 3594 14156 7537 12854 18716 4870 27316 15623 27611 12816 7151 17805 2170 24733 26676 24612 23680 26450 8268 8450 29411 10227 26667 6369 5296 20850 7434 11791 7083 340 2379 19923 31783 15323 25809 31168 29739 23072 4550 14735 17023 25930 12230 17577 13376 23124 367 18946 9803 18282 25963 32536 19143 19998 15398 317 11252 26621 9501 17225 10118 26251 31243 8424 8027 19582 30776 20178 6331 25186 10465 10863 25401 586 18753 2986 9985 20185 11015 31415 23043 29282 17804 7443 2017 16228 26515 6261 17743 1719 27853 13961 14194 1182 17369 12784 9559 5805 25262 23765 13852 12084 25119 30512 26191 11278 3357 18286 2175 1687 23107 24241 10035 29534 27777 32760 22606 9013 9332 6753 22246 5774 19030 24420 26661 13015 9012 20488 26449 15458 13107 32492 29345 25538 27650 16452 26159 19358 3788 6910 28008 24149 25653 27431 1409 20380 1828 20226 7406 30695 11768 17457 18724 569 21466 23577 22032 28585 4287 8090 13608 11819 13523 19731 24897 3201 25855 434 3857 22491 31042 1999 30798 860 164 23786 106 2751 9865 32308 1894 10674 7982 9710 18392 28875 17170 23031 25217 22866 18705 18102 14915 6330 10136 12345 6790 8796 15101 8574 4162 
30123 3060 2913 20959 11554 18024 16842 31605 13132 5171 13858 352 27532 27489 3594 12144 31601 10538 6099 1298 23325 14946 32557 1134 8451 25500 24315 4549 3338 282 23815 28330 3778 13914 31989 5600 25357 25485 14435 6161 32306 3806 6741 16955 14408 7008 8397 17418 13887 6682 22400 7131 72 27299 20 24951 8815 7525 18450 13452 30209 584 18192 9168 192 8679 27647 30211 29417 8084 3700 4114 26249 5811 136 6706 4555 6242 22602 26483 2787 9010 5515 12216 17687 10123 26941 26579 15066 14467 3937 11460 19118 6586 17392 32322 4099 10605 21318 19988 7949 25090 12975 24970 12635 18075 4675 28800 24210 31664 1563 2269 11960 29591 23337 26878 5501 3574 3172 27403 1305 10759 26258 21975 2783 18359 17203 9652 7938 22664 31686 16619 10207 21637 29498 27502 10246 26675 13243 16996 24233 26137 15443 19106 28026 22143 27255 22824 31832 17829 2039 12345 11861 23934 7535 24598 21816 4329 9148 7763 23822 530 14310 983 17931 27032 25749 13680 14245 24108 5283 29662 4342 7281 1477 16005 20982 11440 16756 16148 28344 2929 22538 12059 15179 358 29598 28420 21671 21907 11805 30923 1842 15692 5886 3119 18076 11373 25633 9853 26921 24842 18423 27404 10328 23910 10368 25473 23197 20594 24467 11135 9136 26236 20543 17338 15632 15742 31490 14201 31140 7550 18657 2988 165 25497 8988 2133 9852 25416 3289 19527 22433 1157 628 22272 23964 9789 27615 14646 16710 10872 31476 15892 11109 21401 10924 15795 3190 16388 1516 29436 18396 3303 8429 32623 14250 18367 461 27004 109 862 31361 24317 3652 2667 27050 16215 8714 27462 14640 26445 8920 24311 4605 24378 9821 18798 3221 16816 18513 4623 11812 22519 32649 31488 28036 31044 16021 4201 880 17854 25643 12101 1090 19994 27089 14955 10823 25968 18785 792 3143 13317 23440 23434 27213 9333 21000 19454 8339 25589 28378 12274 25637 16781 1364 16632 8690 6064 28874 20385 22529 28837 1829 5633 22565 25207 18326 8157 21276 28834 8503 274 8810 31471 15089 5931 29417 30739 144 16462 14600 7531 15261 32083 31835 25212 32095 15732 17362 7565 31980 28534 23460 9426 26102 20181 32615 29656 6211 17524 8310 28220 17806 23046 3739 30676 10237 28932 12154 5436 21623 19406 15757 19335 31153 29502 13388 10497 12622 147 28393 13834 18385 19667 18213 19272 1710 4864 1117 86 17748 12714 3212 4080 15019 21280 16547 14895 
30319 6209 17446 1726 18316 6167 15170 4082 21772 4865 22939 24306 31629 31807 31596 24616 31475 3122 16457 6467 19245 14925 19621 9968 13241 32036 2014 30496 16936 24243 18620 4739 6978 28733 25115 7121 29308 10146 15052 30011 4964 10106 25632 26461 24252 26138 1849 13627 12229 21835 26192 13835 3463 12678 21778 1127 29881 1263 12968 5504 31943 11864 22327 29651 5219 15778 30919 31328 24365 31766 15798 30959 15603 16234 4210 18708 22346 29536 1943 32242 19938 29699 32093 4792 21383 32116 22537 8803 9698 20057 21569 12106 843 14426 5863 8974 20152 32620 25622 25464 9008 25133 29165 15559 31213 32662 15557 7305 7771 27539 6661 26398 1487 20049 5750 17497 2352 31561 14986 31558 13022 11330 23299 31168 18634 15068 17644 25316 4569 28307 28805 30911 23032 6074 10060 30664 8234 12551 13701 7158 32490 23234 22747 25293 24178 29096 16442 19526 7594 27578 9200 26386 13366 22565 3056 5435 15088 5141 29266 19732 9127 24672 20473 3759 20678 30316 12275 30814 6948 29156 231 29467 7302 6257 10620 26472 7072 26186 20696 6892 29255 1189 3575 16782 8277 23024 20926 12042 11316 11532 25872 30193 21354 17575 22785 30014 26077 11159 25786 20518 6502 2373 29038 951 28038 5983 2671 12214 5568 19348 27632 26087 19792 23489 18267 20744 17325 14793 6270 12872 24918 30786 25838 28130 24781 13944 22989 23657 8910 31518 19014 18759 16197 9565 3208 13010 1298 24653 12977 13611 22745 17767 9321 15581 24704 6522 17506 15652 22932 780 10745 23471 24856 23566 1889 11892 11006 16129 29596 18952 7896 14504 4664 9343 4327 26219 17719 32001 22528 32731 26277 8349 8590 15551 23932 16809 25136 266 12292 16995 24175 9365 21872 2974 28500 28849 5040 27272 28426 28423 881 14701 7006 15887 8745 23340 22691 21078 2163 16947 32727 19408 29394 31242 24974 14642 17688 17867 2249 14144 7251 4509 8593 7989 7719 32462 8567 11808 17286 10129 3478 19501 3729 25918 15434 32709 25683 32241 26668 24913 21133 11217 1101 23673 13301 17916 9181 30553 19110 27031 17615 15914 7327 5753 27165 9386 3553 28394 14511 15857 5210 4714 30921 28124 17704 19184 17828 26397 16539 26599 28572 32257 23649 27298 19410 31812 23058 32444 24028 14988 3704 25056 31542 27190 2776 15561 13272 4913 10174 28809 32711 30513 19639 20379 18762 30889 25502 18220 29814 5554 17465 17984 13825 6535 20243 6905 19030 28678 27529 22978 
23245 29416 23537 18749 14322 3983 14614 30646 23969 29507 18870 16531 3475 30213 22694 1351 21529 9925 28734 4733 22771 23299 10736 19032 5141 28508 16550 30071 21571 11850 6523 5277 6640 18936 24749 28644 19177 25749 13615 23829 7032 23962 10510 30349 24824 16746 15860 19608 17035 8727 18757 10668 9258 26382 22902 27511 26030 10179 4931 31284 9862 15963 6685 18734 1283 21683 2224 14817 29092 3926 4913 17819 13915 8155 4822 18457 32300 30252 27504 4968 1650 26937 16958 8180 27114 22563 12643 23862 846 5973 3120 16269 16984 31128 5574 21290 20044 20968 28574 18178 25222 24111 13743 18638 31572 32123 5770 1618 23335 14720 21538 32016 18226 14438 24027 17929 11390 1765 9039 24077 11689 6334 9161 27414 25605 12409 16538 28696 23739 16665 25434 7720 27214 17436 28785 27724 11716 15476 1212 18720 30701 13322 9989 32111 19206 24543 21514 29869 12808 13925 30475 28128 24191 7703 28212 3258 3133 22175 13609 31992 4940 27001 6915 21499 4900 24390 16622 8465 29938 32532 22740 15461 5333 23580 23688 30926 4344 222 31329 17305 4182 6302 7291 17206 9700 8089 15626 15419 24396 22930 17708 9012 22988 3289 1968 19354 29182 25803 7894 16782 17623 5271 8250 4861 25283 4436 22586 16947 30842 2319 30810 17567 13155 32630 24111 31687 12621 3826 3056 111 28629 26862 22313 15884 8836 25739 27052 32382 21452 27151 26717 18607 28388 13401 18075 24853 10171 30965 23995 30576 22722 18617 32528 31765 24765 8071 16779 13542 6006 30375 32662 5176 11057 4174 21446 3239 1977 25274 19544 4655 18729 3968 11372 1758 14123 4092 4608 1492 4121 17888 7852 2446 23492 17212 5986 26440 24977 18604 8594 10777 8216 587 8133 15703 3691 16811 10172 19039 7800 20928 3482 29167 15666 30118 14150 17564 32557 24508 16454 27604 18585 19966 23866 23804 22140 31352 18904 20546 17510 21425 14071 30561 6753 1905 14344 3386 5473 22642 13381 17047 16102 24052 12119 30531 1334 24799 24414 5807 21398 11225 14813 6030 30644 401 10557 22771 2778 21911 19142 3417 24043 16112 29500 28666 15498 19176 21977 23886 19934 2858 3616 25012 23471 13611 13326 2616 22276 23434 15890 12398 29667 21983 27107 2413 31933 13800 19224 26295 5511 20929 13476 5747 10001 14319 29849 7093 9716 24496 13801 23212 27706 25705 6337 22376 25162 10096 4849 22855 16483 583 10426 407 17120 14052 595 16935 16426 24066 25082 13016 
4667 614 22115 11418 925 20023 10447 15460 10882 17007 20018 24340 952 17617 30844 3405 3426 5487 2056 22481 4354 1588 8744 7299 13094 2308 10065 24106 4560 16895 26735 11986 584 21936 183 20657 25996 12268 15011 24993 5434 11009 25208 23706 23497 32492 16042 14609 23009 3285 18832 20580 4836 5444 8984 15282 17294 17669 18970 15640 27012 11302 3108 3947 4311 22545 4667 19485 15703 1703 18018 4603 19195 19311 16296 15485 25139 7869 24691 28904 15283 14421 14966 28678 175 11083 13171 8770 31300 20783 18495 3835 19485 19849 1404 11248 4084 5803 8413 26738 18895 9595 26164 19514 27317 17958 3719 23838 27166 15945 18796 17243 4933 18925 31357 13953 17770 26617 9760 23646 32473 4931 20003 3309 20476 32415 15732 20834 26682 13662 1698 5795 27614 19129 16370 18843 8032 13455 3526 29653 6207 3042 7140 13327 26705 19811 29712 4388 15336 21163 7529 13790 3923 16507 16174 21098 15081 20328 17583 29204 6909 21166 10768 30453 4778 23394 20477 19442 15329 20540 27341 17151 26908 9078 28849 9180 24904 24063 13561 15742 4838 6949 31046 15932 15764 26890 7575 31109 10055 527 16063 21821 240 18006 23243 11036 31544 20162 7769 22910 13528 31780 20700 27388 11382 26625 28001 20976 10847 7111 24458 5012 1712 23448 5224 5508 3132 1446 8482 17655 21492 13343 8415 23049 30515 26556 10576 24073 20241 10056 3347 18257 15594 24809 30969 9331 284 1818 22603 9538 16676 2619 22319 26364 5839 21791 10773 10392 731 31012 26659 19350 10926 14543 31232 22031 32659 27210 7273 1069 5629 28474 29814 12337 4956 10312 109 16735 9444 19903 11620 8136 23843 1064 19956 9050 29011 328 28987 31870 28647 17534 24269 11206 20536 6224 16991 5504 12297 28284 10087 26989 19912 5830 13153 5722 3946 27327 3576 27160 10805 8297 23070 24506 7263 1546 28806 17561 10953 4411 21613 11000 8075 5478 4649 10986 17372 23222 20767 2049 1777 11842 24424 31607 12719 24193 31910 15271 29143 27447 1964 6096 11509 7244 9161 9835 7495 11183 18174 19798 20289 30881 28494 23013 624 16295 12810 29775 22696 26682 19478 630 13755 2292 24630 25355 5224 6690 29583 30453 14918 4680 2712 10246 2276 12110 20075 13874 18388 26145 26609 4683 11268 1923 63 12569 23071 29348 32461 17890 7230 16173 7121 21796 27572 3776 30725 15367 2402 15061 6600 24227 15883 1092 32019 23634 16106 10552 585 23063 
24421 18465 27508 28295 3345 32489 31375 10230 18487 31672 25135 10722 10479 16860 20836 10766 13123 10386 20731 12199 25252 22478 6283 8171 4942 25599 30190 27193 4096 17947 31704 3518 11623 19957 28331 29606 21676 24806 24466 10954 20705 7805 16883 28268 23685 27350 16908 27628 13917 16386 3822 19661 17114 5173 25393 11764 24669 9897 20359 2911 23544 3167 26726 4747 31620 13002 20898 20277 27288 457 18208 22663 4298 8639 27181 4386 6447 16089 27443 14205 27129 29750 13731 1848 12744 6071 16787 6511 6173 3982 13445 12105 30940 16752 24752 21037 5197 16116 18629 20596 27002 2562 22079 27170 31074 4989 21065 12734 20718 19250 10707 11986 24650 15406 7848 4633 20839 26638 18159 17009 28785 16567 24310 13010 2381 28378 24378 5011 15010 2877 18227 11440 26024 15972 21604 25066 7424 5339 10329 695 10529 1438 17699 8232 932 13940 10252 9722 6574 22563 26079 31160 12601 6413 20569 9660 23833 26608 8882 25422 18140 13318 14901 6398 27991 10235 23004 1805 15305 27257 22667 32020 5556 21868 15663 21927 3172 5981 15192 6412 28481 19118 14247 16909 5196 32556 21988 25613 32549 11422 15501 25969 5539 23886 23429 8360 25054 20885 16607 804 1516 30124 14606 28549 14287 24560 12563 6526 24614 30237 31479 31253 24728 24962 24785 5691 9265 16571 29198 97 18535 20214 28124 13457 22194 8165 19849 19441 20557 10415 8546 22089 22621 853 13692 2723 27165 31845 21941 10359 12671 8526 16490 11450 9918 28036 11409 20080 16238 32450 3670 5334 2015 31148 21254 20956 21688 21284 28369 4952 28798 6728 24135 15111 14302 4752 311 27883 9839 30061 13943 9745 24255 28070 48 11951 11120 28939 15406 24565 4141 12419 27360 27589 17708 12236 15970 24236 25909 7839 11670 12487 9091 21118 26268 9981 23191 3697 11824 17602 6746 17314 11977 25515 17867 17804 23108 30033 23636 2158 28994 16251 17267 14742 29220 9821 19870 31958 16245 31800 6949 3219 29529 5060 26495 18600 32429 23540 30723 8675 6623 4266 12612 1650 9718 16807 6165 1332 15431 22263 4693 27208 10955 18127 15229 21603 7809 23491 26053 576 3210 22749 4400 11442 20362 20717 10830 11802 11769 9988 9229 18733 288 10588 17129 22749 30294 28000 1113 4670 922 3864 25480 9490 32237 25198 12949 16184 748 695 30051 16448 31129 17728 28912 29641 10812 12762 22259 24080 2638 27210 23499 21231 17537 26060 28980 19089 27690 16849 
18490 18533 23426 9345 12141 247 28947 20866 2351 4658 16837 9991 4171 24028 19762 19676 15478 11047 11405 13953 8956 6961 20076 32196 32644 30920 10502 7825 504 27751 20176 26769 26883 416 21112 24236 2094 4711 6046 9738 5046 5492 11736 9820 23892 13973 7115 22493 7396 29062 28645 8888 16674 9722 19218 11832 8647 7521 2745 3321 18156 2924 4322 31958 27254 17582 13345 16571 30959 17665 6128 11052 23181 14510 29517 5713 11352 16590 15342 6608 13869 28488 16094 20236 15933 10067 3658 17428 17662 8099 20694 128 26412 17173 4464 4591 30327 3135 2074 5623 31224 14286 19529 6740 12696 18931 2169 1487 20999 27411 30900 30294 3983 6880 22088 11971 2438 16741 298 16820 30192 28785 19767 10019 1490 26206 6945 30445 26429 7229 15049 16498 17383 11058 12349 29114 17427 28994 737 29213 30895 23737 21811 5205 26431 18410 11787 24754 15980 14314 10802 24310 24966 199 24972 15965 7664 29993 11591 15910 3309 1011 19756 23923 23222 10154 20409 32272 15608 22614 28899 25602 2644 26727 16616 28903 2527 20403 28605 26718 18652 21061 13740 15884 12914 27294 17708 19541 25527 12669 30742 4450 22713 17659 13472 2519 20467 15030 9883 19725 22996 6729 15607 22751 26308 7374 632 19221 30278 20772 21637 26603 21033 13743 29275 20104 19632 17164 14692 23751 24222 12328 18968 9511 31856 18667 21574 30964 2621 4174 22898 31152 1318 1780 24518 2292 28900 4387 6350 6561 1387 14268 30575 5382 9991 26005 32135 21345 773 22001 22128 1584 7002 10856 24984 31551 15940 13267 27881 12270 25682 10659 11544 9202 19876 12720 20376 16459 3403 15712 14721 9931 16947 17522 6593 21593 17985 19873 31219 28581 1661 695 23752 17567 29603 6944 23782 12187 30067 6747 8105 22391 2340 23293 17190 9838 28024 4208 24759 10716 7491 9035 29342 6101 28701 17498 362 2745 5210 16707 16454 11062 30196 30567 24705 26044 28023 21496 16842 19998 7934 14583 13440 15655 6812 9454 11966 13913 23786 20134 15549 32391 9409 23144 12142 6545 17301 10199 18698 646 26127 17839 24953 17408 30169 4968 14209 2581 2909 19998 25255 9243 4113 16901 21762 4992 967 6078 7013 27177 17165 25601 7107 2148 26747 17949 26026 1504 3425 23339 31724 28193 8498 16315 32092 13162 9056 23721 14506 32287 17000 16409 12091 8011 4043 16774 30029 1242 5882 12767 11467 9369 22391 22443 3819 10455 25246 30950 8229 5105 
15228 868 11325 10231 18621 29500 22845 24221 14557 14664 9258 11010 27422 2120 3298 15019 14432 7367 12077 4909 8260 2412 5399 31232 20960 21839 30287 3790 29171 20208 19490 8622 18744 31025 20824 25582 9080 655 4339 7656 16817 304 25400 32385 31364 22331 19024 29727 18061 28815 14089 14470 23555 17483 12913 20316 31073 20273 2979 29393 18322 20041 19871 18278 21828 26658 7459 7405 7892 4417 29752 31048 7552 19803 9201 16192 16516 6576 15207 14588 24021 26369 13202 10777 17098 19563 11398 10312 29010 938 21893 16715 1473 9166 8484 2263 11977 19356 17684 24178 5170 25482 17931 23409 982 28263 14320 15954 1232 17180 5656 27937 24773 2854 3245 12818 26039 7351 30279 21868 19486 22373 26167 6614 18875 1989 29973 22316 32030 17650 11277 28714 3253 12161 12164 29633 6146 27768 20063 2164 28978 5094 30014 19203 14770 24674 9578 14097 10512 30581 14160 28796 27016 18472 28945 7823 27081 4831 30500 895 9686 17198 19266 4901 7242 16966 23538 20263 6389 25101 19351 19043 18252 3414 6189 8637 9787 18606 22790 3718 28963 26580 3745 3972 24912 28022 20621 28770 24185 30515 11234 7277 30949 32592 21560 5154 27211 22986 4568 4340 18520 6774 12346 9797 25242 2888 13244 26493 29392 29145 12464 15312 18422 4712 26385 9773 25940 6849 20549 8865 4025 13063 10574 23034 20946 15365 21079 11652 12187 326 13692 10766 8900 18729 26176 29462 26568 12294 25572 2340 7578 9825 16690 13791 1733 12992 5968 6561 31337 26410 5307 18608 15799 31883 17684 8586 15351 8153 14773 5322 16247 26741 19178 15497 15491 29840 6593 1391 26573 8327 18705 3413 21315 15895 8689 31234 10013 1466 12588 8939 25487 562 4861 22891 27198 1890 19933 29064 8690 6994 17205 31119 8809 5869 9479 3998 28353 3343 8661 6245 8791 109 9326 7238 11785 10420 10443 22919 16651 14011 11299 10500 3077 12616 4522 10455 17231 32343 97 31210 11891 15248 3218 5267 6977 7975 10324 30892 2235 25832 11136 4174 4724 19586 23499 3656 7333 23500 15740 32202 10251 22193 12880 19755 9359 2906 29257 27262 30126 8381 2351 28982 30233 4684 26272 7380 8107 2459 10907 3901 18975 19631 16724 1461 22740 32197 13230 25149 25616 30238 23270 869 10245 23925 30743 2892 28339 24708 15783 9361 24741 2340 22471 12035 3724 16672 19482 14536 319 11881 31279 22548 31990 2888 9020 17461 24417 10639 4167 31710 
16300 21029 32679 13727 32009 21154 661 26606 1201 1466 5598 22750 19494 31406 12346 7341 25955 7579 6396 29213 7731 4314 23583 23108 25546 28493 6341 1842 4706 3235 3766 10908 13694 30667 32469 31355 16220 6177 30444 11122 27019 8608 990 11673 29808 12770 11709 25285 31933 12233 29999 22591 3663 30503 30873 6116 31164 32732 27650 31813 31566 26501 10597 22748 19172 22450 13139 12535 11861 27205 29847 5246 19234 3510 21496 30574 14298 12314 27908 4184 29381 9966 12946 31067 29270 28185 20976 16267 1958 25915 28341 5435 28005 26631 29396 6888 10763 19694 29870 27501 32356 32227 22444 1740 14041 18267 13932 3226 4704 8180 23485 5337 25942 16806 15159 3716 9600 15141 28558 16750 7248 16667 26022 32071 8783 5417 14801 10403 3453 9349 25463 15832 16881 4700 9211 12511 15694 11045 138 13641 14150 31220 2302 8662 22478 19242 23350 14243 30083 27708 22103 31102 7508 27926 22471 22056 8007 8344 18418 2533 24641 17626 32764 22353 24136 32579 13848 18075 11151 10362 28843 12445 23273 1822 22856 342 5887 4062 5787 2810 32495 14520 3708 13649 11338 29995 28150 12489 16321 11039 7927 14769 19761 8224 5331 11314 21430 2527 24916 5397 18958 19218 5424 22399 24788 31982 2212 13538 9436 1373 11535 26981 28523 13927 3240 19070 14559 9790 9161 23751 15485 14672 11359 8730 1347 26624 3251 18244 1776 30742 19856 3037 16581 25297 24769 8554 31878 23934 4581 6100 14463 12594 26052 3229 21661 3441 1692 26143 31131 8794 26833 23694 12741 26096 24409 19340 30593 16031 1464 20212 6351 32579 9010 25249 19643 27716 3354 27046 22074 12435 26145 5366 6346 27408 11957 18494 32182 6811 32291 23309 23213 2225 12802 5536 26523 26565 13229 12720 7217 27207 10905 32176 6621 28228 28745 3789 5293 9787 24180 8341 4374 8606 7014 15408 31823 30720 11064 10313 22459 15677 16785 5367 7576 8860 6143 22688 8165 9592 32054 4088 20730 17594 31697 8798 25071 31577 8483 26490 26819 8140 25445 7110 3493 26812 28122 10325 19292 12533 23900 3311 18429 10257 22572 15993 29521 30401 19298 512 30173 19831 13697 3779 13807 26238 5083 13739 22462 9954 30607 19192 17421 626 22764 22305 89 25509 21205 25330 20931 24393 3623 15116 8419 30919 27776 31103 27730 15115 19246 20316 28911 22620 16515 8176 8467 2473 12401 18110 30875 27405 6158 379 4903 18649 14641 181 18574 21884 21610 16367 
4180 18397 8373 31026 4422 24339 31401 27581 1875 28763 27002 31495 2361 11549 25245 6699 7254 29174 21833 22869 29616 25467 25703 5746 7620 7456 28071 23706 22373 11954 1647 25731 11400 8538 29814 957 13808 31090 2657 22579 18505 258 9291 28843 5832 1105 4880 4869 22171 16607 25311 19027 23087 24689 16910 30743 15798 19976 8394 29692 24449 2172 28108 7006 23291 379 2450 25115 3200 3979 6875 3853 14840 20427 22603 31706 1887 21459 22735 3226 14633 6564 29541 25309 32058 2814 6258 16929 3404 19567 4717 17507 11784 2530 13524 4914 11347 27851 3657 28848 22919 30273 17905 21422 26569 13733 29711 26041 25656 17047 25192 9093 12657 8294 22507 21373 30763 5464 9167 22152 23218 2921 5644 17497 5787 29686 26636 26158 21241 25337 32374 13302 9884 11012 16956 27824 27860 2037 3548 8579 31981 27109 31222 22803 12053 11635 3177 1339 23450 12495 26692 16029 31001 29699 30782 1204 11256 26853 12673 10473 17028 27396 31791 19469 21289 28152 23358 26117 31898 11847 991 22368 17705 20103 20324 4556 9482 5623 10404 18001 11676 24862 22747 29352 26758 23163 18177 8884 12580 29427 16660 696 12613 14946 23002 25532 32655 19867 14008 9179 2141 3651 29064 23000 31750 17403 3847 32546 20548 14188 21305 24204 4336 19583 2463 4479 1313 15859 26631 3361 25904 18868 20957 26238 9025 3511 23131 13716 12165 28128 7128 15157 19110 22963 10380 9219 7445 6817 13690 5447 4184 23413 19651 28590 25455 2584 25232 29404 1374 12624 5668 23058 11597 5554 14918 2637 28882 5258 10398 3844 13455 9943 25851 13500 4634 10836 27397 6361 16438 28134 9508 7476 14635 22735 7942 31588 15085 6681 25957 18256 29143 28492 23260 16591 6028 16814 12580 21477 12409 350 7633 15748 6489 4621 10683 15248 20674 12009 5962 31192 21620 8810 4207 13139 32473 13563 31344 7627 27512 9744 7475 28065 23802 27463 7103 15599 4265 13540 5613 15180 18485 24142 26617 20494 19154 3083 31281 8582 5897 3125 24112 28872 18648 5828 23657 30228 3437 15236 21887 5436 9710 2937 14373 17570 5442 8283 5644 24059 25092 19510 12838 16869 2613 32223 12986 27311 21657 4556 23196 5695 5439 8445 977 23989 14071 21027 1717 31274 4985 31438 8965 13285 26873 24194 31701 7701 19598 28646 16154 26645 26951 16648 13611 22474 178 8074 6867 25199 4100 8886 10215 11262 5338 12068 31005 17509 18020 27996 4388 30662 
32047 28898 20016 12952 3119 28865 12221 17701 26562 9247 4297 2897 3728 21732 26785 19090 12945 14077 21770 7710 30525 10367 12657 18005 16181 8825 13138 3169 4212 781 7329 20915 4849 6884 11837 30558 10680 10505 7561 30644 25755 31773 26550 1366 9440 29988 27297 19705 10678 29567 12932 16188 31566 1524 12004 3590 445 22608 14179 28376 4421 23869 27236 23743 31103 17650 10447 19633 23947 3394 8966 12127 8241 14709 2326 25293 29094 9971 15569 11578 137 31360 18775 15123 31273 8794 16221 13661 25438 9437 4916 16501 9746 12261 1113 15145 8407 18739 17133 9046 1452 12402 23392 10007 21174 23053 8878 26437 31376 31625 16686 19335 13254 10648 1071 24238 25251 6520 11484 20311 29649 2267 9517 21909 2444 22494 19021 5289 18676 15296 13576 3118 30552 25719 12042 15535 8741 21897 26628 24022 1485 25039 18547 29965 11765 30316 17413 12164 9453 15477 1007 24894 24876 27192 22769 7734 31698 23761 24031 4168 8440 25399 12620 2889 6101 25450 11695 17691 28143 10822 23544 2718 27608 30302 16095 6945 13951 19612 6094 269 15392 21729 12074 19745 1404 4506 17235 12885 12528 10750 11458 24917 9802 30931 29915 5410 22843 6739 26253 642 17644 26291 18484 10367 237 26918 16243 6339 9633 13110 7772 23562 29133 15666 11210 27287 23386 19915 13669 17290 4441 9453 29603 28367 30194 24584 11977 18329 1514 15551 28266 8186 8469 24091 19245 8440 17483 4270 18102 28292 27924 26737 10746 27687 11782 18001 1609 2325 9245 15748 14814 5693 14934 30007 21843 16980 15064 31089 29640 24389 19093 30858 20961 10897 9946 15236 31668 14230 29474 23677 19434 2504 1476 26012 16895 3296 29542 10961 12728 9867 20288 31797 13804 27451 27425 8926 6698 10304 1413 25877 810 17929 23845 12725 11092 20706 29223 8659 19236 8853 14710 10855 21935 23764 14759 30884 20548 28830 18667 2536 13799 29423 6168 12180 15291 31455 10892 30078 1573 8479 7812 7644 2993 27211 23538 21598 4555 11546 3386 28727 7950 21400 2744 32111 17918 4459 27792 28036 874 24637 7006 20493 14836 7018 4678 8929 23724 5539 16375 7805 17989 2206 3570 14590 8170 31473 22715 18203 11702 30891 8057 13728 25829 30492 31594 1338 4411 8696 16747 8325 347 29041 25170 25047 13619 31778 7670 6381 5732 4976 14260 14378 19682 25061 7671 16767 906 29724 14701 9027 23475 5245 19193 30261 580 22405 26109 14891 7978 10980 
9361 11898 7774 15929 32534 27566 3323 31251 17282 2689 3910 15616 24929 17018 32682 28636 9900 13332 54 24745 31864 20860 26697 28183 13625 6769 133 2049 22757 9715 14565 5828 690 4182 30736 15768 20729 1297 26132 24275 3115 15601 15109 20522 10202 6410 7389 20109 2355 29235 25540 31223 12626 13732 22165 3699 32296 27009 26001 3471 9924 22314 30886 27782 6601 26115 8672 22696 2682 29944 6429 19350 3807 2002 27496 17033 20911 16973 29158 26398 24186 20993 3555 29564 19080 13012 24973 16538 687 20289 15378 20494 9512 30798 30888 2117 14338 7756 3967 16991 254 4114 13028 138 21800 17320 7903 3058 8592 4726 18175 19705 29319 26579 6754 23624 21125 9410 6358 18508 23459 24582 1794 29034 6435 1443 7899 29845 26513 8862 3185 27104 20946 23686 9425 18746 2782 14686 17520 17997 27443 14196 3549 747 25141 4661 3489 25666 11946 10444 16975 12025 24109 16706 29242 13826 19912 31692 31238 17546 529 17424 23029 16354 9341 29811 32626 27532 21689 25771 19350 7582 5280 25861 3702 23740 12184 14827 17490 22374 4530 31379 21934 11680 26630 21678 15837 22717 11656 18955 15454 29477 17999 27312 11052 18209 3143 15635 8627 23529 6884 25800 5025 28762 25394 14107 18616 11746 28221 3218 5895 9928 12258 30698 16152 12612 5374 15385 26750 8758 12235 17358 29903 7134 30377 25617 20679 21011 14620 21959 14034 9017 6638 15458 32397 25083 31359 15277 17244 11450 19973 22933 30009 14575 17595 718 28510 4614 5307 28132 24562 24063 29038 3190 13923 19278 6503 10097 9714 1616 7314 32562 21239 11824 13623 10045 24205 31164 18301 22141 6332 29265 17639 5604 10750 17421 8912 19728 11039 30390 21674 3523 16321 5619 14521 26279 2824 20447 6852 20075 25202 6937 13318 4028 16389 11109 20728 26474 82 10600 7741 6163 24250 31317 441 15029 28202 8728 28499 21979 27636 26501 23493 19418 26479 7172 18012 2637 24229 31512 25673 8549 14660 31518 5408 7100 24273 29316 6798 28143 10351 10829 26864 7860 32215 15315 13110 10828 18305 3309 19024 21183 22490 24257 29077 26732 28888 11632 4014 28150 19420 20307 20443 946 6422 23070 13445 17190 18988 21686 14533 1979 32131 31539 6678 4401 20585 13495 4560 28989 11973 5088 6800 8785 16737 772 23125 25876 16916 1177 24889 23714 23503 5602 21112 29710 29059 15103 25751 299 30006 28671 3982 2331 1045 4400 9762 17523 2426 4852 
1981 21674 1154 9904 30673 13237 31757 6179 15743 27942 28975 19021 15053 14346 23075 9040 31776 18069 5269 2552 29855 26750 22594 3452 12023 19680 1830 19004 20877 2306 22642 17388 11613 10311 9769 13473 4698 14609 4203 23362 23227 7942 20338 20747 1337 27763 22344 12998 21391 16067 30780 25410 30099 16642 12397 272 27435 25681 13309 25180 17618 26051 29364 11164 21315 3050 31699 25522 1022 24235 21149 9477 16086 7464 21675 14153 6245 8378 30403 13904 6102 28023 24537 19710 20738 28424 814 6044 23410 15026 26228 31976 157 24012 30850 2571 2124 19936 10717 16214 17848 20976 31653 31032 26529 30323 6872 32693 25873 18676 16745 25912 26793 30209 20336 12702 13769 15725 29483 26672 10360 19019 19541 24104 8877 12609 6948 12144 10214 10378 5053 902 15025 15445 13364 7864 29071 22078 19572 22210 13712 8675 24813 11456 9204 3242 22129 11229 22603 5145 14216 12538 24694 32421 13904 26554 32270 23618 10737 24021 6456 3613 16776 4549 18602 5831 29144 8448 13913 9381 17233 15769 10731 4228 25617 10537 29382 20619 9180 15179 3568 23175 2431 31721 19738 14897 4794 21773 31156 29751 3594 28410 19723 20275 13744 13931 9288 19338 23367 5908 20418 11232 7689 10410 13136 32133 25313 12143 23599 5441 5130 6101 12239 13853 22655 28706 5542 17981 25816 6731 11612 23817 4795 3827 27829 9985 230 47 30357 11825 9684 12758 6021 2095 21531 7129 12882 11266 27773 3757 19831 7738 24985 16950 10868 14122 8528 29826 21658 4599 20089 26955 8596 2830 14175 2638 23103 28865 13107 10165 8994 25731 4992 9131 6073 3782 8337 22687 17921 12508 27905 27857 27975 21279 29038 2446 1253 26231 16254 15451 11612 1863 19099 21019 9157 18561 20901 15799 21059 27005 27306 11839 5548 12217 20970 24011 5338 16524 20339 6309 19298 19777 22267 6991 27076 16199 26892 23248 30867 6519 6139 28248 102 30729 30055 27121 14708 5705 3231 16784 8891 6977 13433 24308 16315 19022 5307 29319 20982 13851 9545 12191 26267 32019 9397 7562 22736 198 22719 5080 27859 9447 2805 21323 10276 11075 29360 10997 18822 3208 14530 3421 27200 12827 25884 24149 12106 8135 12359 4973 28600 21955 22616 30848 18644 29460 22151 10876 10535 25560 10789 4406 4916 27970 20037 12584 395 18780 158 20728 2954 28980 4323 2176 28865 22632 6250 2649 5512 24668 22098 1369 5147 4369 4177 4125 20124 25480 8250 15783 
19875 31135 3044 28677 5181 18120 31574 28731 24336 15485 21360 1258 21308 5772 22303 29237 29417 7273 18091 30245 8569 28913 5416 4308 18275 11849 27536 12707 22696 15503 3192 32461 7142 8306 18710 17748 32250 5888 28775 20760 9408 20998 27263 10701 11962 25861 29635 4218 26918 14673 7039 27361 1791 22306 17516 23969 17078 30875 8499 7763 19115 25680 1187 23101 5886 24553 19001 5589 9414 16739 12428 23702 27498 19734 24706 673 27160 25790 18631 14580 10444 19832 15071 31836 26823 31352 6213 30269 24945 26145 25396 14601 4460 24852 31478 15673 11984 22829 13867 25542 14653 21768 29357 6677 22893 17207 2607 32001 31568 2552 4282 30160 10893 6572 28346 19391 14615 28363 3947 734 8340 22389 3934 12225 11894 28996 8074 21954 26280 25225 25686 16387 16953 460 7265 22202 11922 19977 788 7091 13696 14325 16684 14633 19575 12901 8505 21630 3310 12202 18442 16386 25533 23259 530 7629 8383 3099 7950 1212 5552 11715 19316 5106 1617 16618 23092 7340 17928 21827 7560 23952 12186 17909 24402 23083 19314 4764 12364 10612 565 4691 23375 11944 23284 19733 24887 27023 23573 11921 28019 14686 26057 25794 31829 8545 24428 27196 6353 1831 3194 22867 12522 26862 27590 4095 26050 29526 31785 2574 22385 28886 30025 23025 1778 32386 27464 79 26418 3120 15885 1892 4733 4720 14247 14910 6524 19177 15204 14924 19169 17306 7017 11563 1657 21023 9039 8779 29553 225 13596 17872 28719 19051 15750 27377 13655 16127 4193 18009 8143 12150 7766 414 31339 27117 11836 13964 4848 348 8370 25396 15716 31148 14412 29552 10995 17144 25553 8759 7788 12335 27806 15523 19454 18994 20695 25723 30657 1180 5865 2616 10351 3814 14996 6668 31922 2738 5960 7183 19810 4900 628 17237 17651 29204 26806 14879 20001 3247 17728 19559 20071 29500 10948 23615 2544 12534 17633 23392 6086 19593 11253 9794 25469 29220 2273 22895 10107 11755 25865 6866 14980 3537 1147 28984 20416 29842 40 21968 26154 4295 27511 13430 18495 13481 16856 12903 31309 11277 15282 31683 25406 9353 16417 10981 6833 13218 15537 1221 3124 21716 12423 31765 30653 17034 2777 4390 9583 2591 28131 17843 20567 2982 21746 24510 24418 18566 29510 28718 25091 12809 14802 27916 14391 16228 29249 26946 11860 28553 7618 13403 2355 202 14466 25558 20567 12314 26654 13024 29552 31813 31869 12453 26631 1307 11007 26029 5195 26091 
4368 32125 6276 22221 2311 1025 20631 16990 10845 4473 17449 6291 30771 6118 20000 12345 20342 29123 21583 29989 16345 18467 9485 21344 2879 18038 10272 14182 32759 21522 7305 4172 27693 18596 12024 4984 9105 7747 7001 5932 148 22254 8039 3477 8779 6248 29923 26169 7770 26493 3769 16165 17174 2138 9936 4854 6610 14784 26192 3455 31272 20845 24599 8606 3284 19027 3644 15608 24344 19476 7303 32178 3790 20377 20137 9263 589 23096 5576 22243 26402 14627 30564 31152 5473 10792 30698 4661 2996 9710 20896 4774 20302 16801 21540 741 29246 6160 18274 28703 31457 10517 31065 9252 28412 16163 7740 30373 27381 10608 18443 30822 27197 12899 16057 26206 15320 1720 13083 3692 25649 20497 7415 10784 15526 9174 25021 15361 12000 30392 25323 28273 11902 10781 18450 16551 12595 13134 5862 12167 9534 29658 4842 27051 20837 17069 12781 2805 32357 11615 26005 16880 32175 4351 10675 19694 32345 3555 29129 20390 14170 24101 12116 8002 3847 10562 23799 7730 1215 4239 3562 14706 29062 1740 1778 26465 994 32204 31279 27680 21308 12369 1537 27492 19527 10363 11598 29333 22613 20878 24551 10887 10263 2634 22968 735 3973 12565 1570 3302 11933 23411 6202 4780 17544 4359 32301 31047 1216 5050 23756 6750 16096 32056 24906 24000 31371 651 6379 22900 19245 14977 15032 22666 9468 17662 12234 6407 10278 1461 15734 25874 25755 16754 7257 11570 14344 29606 6790 27429 31840 10847 5462 14604 5921 27815 27313 24612 10172 31347 32647 14596 3774 1406 15368 23230 25966 1265 31873 12435 17996 28676 28465 9908 17983 22879 31834 15837 3096 2193 26060 12183 15167 20541 3958 17866 17752 16634 5759 26759 18678 16726 16450 21925 17408 3047 18890 22659 18263 2149 19980 12689 15559 9936 28276 30551 23678 3171 8236 9794 18923 27753 22763 7271 4654 14001 5925 19534 29486 30956 18470 14794 24205 24348 13810 26901 10089 7887 19991 1219 32101 6768 23454 22936 18366 32005 14248 32691 18330 27254 30361 26926 15850 16817 6106 26351 22594 7162 13147 4445 24037 25119 15439 6058 8691 14978 7168 10934 26165 27976 11256 15243 4377 15411 13882 20563 26324 25670 21924 31090 17829 32437 8986 5567 24340 11770 291 232 26730 25513 22579 4622 7201 22805 6777 32196 19757 27205 4226 9899 1048 23828 21264 790 31194 6469 30549 790 28945 12461 27206 6831 3357 30401 18130 204 17122 28691 9493 10514 
16189 25855 7916 2894 13783 19275 3496 12838 16935 12072 13103 10271 25599 27876 12427 17801 31101 5106 16286 1047 32551 4867 14553 28674 5783 25459 25819 20793 10411 5866 30462 5819 4624 29981 21625 27207 31950 4764 6508 16072 26177 2263 5215 24941 2191 17225 17060 576 6466 8854 11632 21543 21190 274 28992 22310 28507 27889 3272 30014 25606 32390 17550 9638 27967 30557 15767 28268 26290 26996 5899 16956 12553 10791 22582 23612 30125 12199 14607 15837 10882 25042 19488 22195 869 7182 12304 21573 5715 18522 17295 26970 1377 31972 220 12314 22672 16280 14571 25934 17675 18948 2853 3621 7942 18920 27365 4925 15838 12178 4924 30317 30026 23468 21949 6330 24053 11242 22840 20529 20613 10876 15672 10137 12701 20486 30584 7800 2867 28743 29251 26031 5881 22918 25990 3665 28629 15874 30074 5582 11813 7973 6250 1534 25528 31759 18056 32678 17270 21386 22557 31719 10152 17549 23534 17020 18795 15312 1136 12245 14278 2653 32606 30816 14464 5810 23685 25193 31232 24745 10771 13463 2926 23813 22111 24230 9324 12408 3248 30800 12468 3051 25114 26724 8440 26773 21877 21527 29947 19615 11882 27672 32007 22021 24192 19051 15537 21457 7066 7590 9934 4721 3842 18822 20898 1258 20533 4710 27059 10454 30290 24011 18177 23093 25556 24949 29191 11689 18858 5658 29965 20053 8472 6940 19881 29678 9639 30662 19547 3630 25653 9728 7158 30541 2910 3175 21858 25777 18733 22623 7575 12553 10070 13425 27626 8270 4136 2466 9315 12576 16104 7292 11796 3164 26356 13371 17573 9776 28627 19171 28541 5793 22877 32409 1216 21594 8707 31378 13386 3379 5063 2985 29960 25388 27057 14063 23242 23866 3195 1410 1269 10092 1732 15625 30390 20842 4388 15432 16987 6333 3907 13907 8169 7431 5477 20951 11910 32402 962 15918 12257 2929 8320 527 17671 5875 19300 20922 9135 24519 9552 20096 19700 9488 30416 21132 19920 4603 16212 4169 9356 16520 8015 15943 14708 23424 32290 3700 8310 15461 19925 1843 7663 26600 10177 28222 5045 2330 22237 27234 26150 16251 27225 22072 9467 17989 1460 22759 23316 11072 12592 32259 24401 32688 5963 5789 24869 11560 10114 13330 21505 25034 8629 4282 12335 3261 1203 19501 24391 8260 24509 32557 20006 22965 26165 22171 29312 2570 5117 18835 16927 22398 18419 14287 32659 27199 22304 32218 15568 32477 17154 1804 8835 29268 23793 11852 9552 32550 30494 2681 
7691 26878 7033 20861 15133 28003 4526 7553 13313 24160 11178 2846 13430 2379 21774 21663 2353 2598 8676 22271 20288 28809 6259 29519 26140 3768 27647 9651 25225 24528 3974 21741 32053 26320 7319 13185 28705 11944 1189 9039 5955 4912 3057 11600 14285 13993 29146 28729 25896 23556 3092 17502 30150 9341 22445 9718 18846 24341 28712 17080 22000 27865 8393 2200 16999 9919 24002 1309 18633 26894 3220 12665 5355 23878 2657 29681 13416 22766 5495 31202 23061 13437 21976 26237 15087 30715 7900 20994 4966 26863 18048 26222 2679 13151 670 30997 24935 2052 14827 23596 25454 1035 12630 1967 4017 21047 18911 27152 31054 21698 28796 19754 9956 273 5851 7329 6627 26445 24931 3250 32085 21765 21776 20226 15073 9269 23699 16174 3193 2486 27956 3457 917 2983 27203 23127 19971 24097 3425 8957 21698 30419 4057 29792 32286 13917 3376 442 18629 3453 12120 919 13145 17517 29634 28810 2821 10480 4205 22439 7378 4474 12211 5646 11005 31311 20476 7668 1644 951 10253 30868 15177 2766 23530 7342 5405 19683 3502 17320 15570 1453 12294 31954 7860 5571 24980 25849 5036 1554 14322 18188 22206 10221 11450 3345 20272 20222 26285 11084 28972 24783 16542 3890 2712 9469 19626 5048 5030 1546 27166 6101 320 30640 5406 1561 12439 29957 10478 1230 2758 29965 27 11166 16863 1795 10824 6733 5714 22135 28297 9916 16782 20404 4352 18653 4540 29553 21774 13433 8696 14066 5095 24335 1707 15835 23930 13851 7337 10736 4664 11254 24137 14871 22260 6875 24860 23363 13621 32122 10437 12359 5732 23784 15398 32157 16701 24213 31607 18135 17821 1681 1616 28223 26761 30443 20364 16500 15770 32113 26868 15169 26650 3351 20031 3497 30747 3192 26291 29391 31044 18572 7200 11649 7083 19227 25612 12011 8337 29406 13725 1231 4192 13599 7891 25573 3717 14293 11724 6758 18899 23909 24936 6063 16871 24748 1390 3585 17089 26592 31083 24984 7387 31044 24815 16944 15016 30589 32051 7511 2834 5380 13892 22021 5040 28738 9941 16606 18110 30112 12201 18393 16030 603 32756 14599 3482 1769 14264 32064 30647 9109 13243 14148 11751 17020 1155 4503 27603 1787 28247 27724 14428 5837 19949 2355 15550 25123 4336 9168 19199 7968 13848 26730 27560 23900 14181 12763 21831 27000 27880 29268 30072 22342 22481 28161 4117 18207 9317 30105 12535 6214 7450 7832 6710 7477 10952 12509 30725 30990 
27916 10714 13077 16129 4353 4432 8328 13846 30002 280 30028 9417 29991 4765 3660 9707 1391 30705 248 26094 14111 20252 25643 5130 26386 2273 15727 21933 10295 3827 14049 19892 16780 18716 7443 1280 28065 15007 14067 15940 26820 28718 15416 29500 6053 19638 4581 17552 23748 4160 915 30361 15719 26293 6516 3756 19430 11798 18243 29939 28275 2577 2797 28630 10314 19365 12557 10851 19799 5980 21029 20551 31089 1929 15132 1804 15900 1143 22740 30742 5257 18023 28019 9077 30738 7051 3597 17347 8623 30833 32469 27725 24888 28252 4849 929 23313 16861 27143 31766 27646 2967 16507 10980 1670 9468 1180 27328 19406 10568 22014 26340 7407 24429 10143 5168 19774 21347 21276 19457 28257 6166 10622 17183 14322 8120 11497 8531 16657 29806 3137 124 23735 29172 21358 18085 1676 6393 26170 6030 6688 1839 31375 15823 28781 11261 25039 18273 14538 24047 29763 15407 17129 1481 6654 23117 2306 16779 21881 30845 7424 25477 26051 9345 14764 14196 15084 9149 17934 11482 8124 8575 10813 32511 26335 30111 22937 31437 13085 5686 18548 31053 10875 30972 12569 21989 20184 13491 16251 11235 4033 2910 2564 29326 27679 15603 818 26204 15993 31698 25223 12328 16926 5431 15385 19456 27197 21339 18337 12244 7943 4720 2018 21345 25839 32320 3686 30810 25190 1227 8195 11493 3863 9392 23773 28311 4763 20639 21135 22812 11091 6121 7398 1086 3046 7213 868 22998 27948 17195 15695 32301 30505 24457 9674 20398 16018 16087 11876 16807 15836 18719 5385 1718 31419 7873 3640 25092 9196 17741 14352 20844 29747 24087 2580 8472 22359 29598 19515 3207 11325 25874 6268 28263 30204 23770 450 9304 31794 10711 16788 19775 6603 12735 22208 16526 10515 1140 16452 18039 23973 7750 16383 16599 11300 30853 13324 27459 2718 12248 12280 5930 27634 29137 12757 21736 9614 27328 11571 24179 28795 19622 19486 10335 8137 12912 30677 13047 29911 29315 29047 6347 20301 32415 24593 24859 10082 22387 25874 935 18673 20294 31281 30905 20396 8596 31630 6980 14286 26629 14833 9466 18296 7121 20153 30173 20555 29417 19182 31589 26456 15898 5990 989 24877 23517 26103 28803 2068 25274 17531 26867 781 8000 30861 28655 11185 4489 3358 21906 11689 14293 20582 30098 26739 29400 10801 22459 2303 31726 1720 29798 18182 1442 26827 17438 25410 26289 10955 9503 19215 30771 21499 10243 28370 8476 24655 19525 24903 26905 
9940 5834 28338 10893 17476 5491 32711 19581 29988 1681 1455 18077 27105 23242 7562 25217 478 5481 6274 4915 9005 27106 28205 29368 31673 10629 27438 7431 14856 12429 21012 11296 11811 26611 19535 9913 22935 27893 31928 11866 8108 26305 10714 24464 20302 22714 29841 5199 16249 17682 10496 10629 8727 23708 1444 31326 8915 29836 26877 26645 3378 8496 3934 26444 22233 21266 8580 30297 17291 1131 4264 8294 27262 20314 24882 1301 26400 9745 286 9147 31825 27864 25448 3671 27945 32298 8964 17161 9585 13852 20486 5831 10160 1059 20791 19049 18210 6156 20786 11859 4405 1111 6269 11891 1201 27111 28918 17803 14000 7564 3907 30358 20831 12219 11005 12964 14221 17799 25958 13233 4719 22730 2475 31126 13622 8441 14459 15822 16375 23405 30422 10530 20168 17589 6059 16127 1702 20397 7326 6984 1150 24280 24691 25010 20326 15018 31395 7432 32138 20988 8368 25739 14785 24743 9268 20267 7871 9878 6588 3114 9961 21962 32542 679 22548 14172 19951 1086 529 9645 7781 7504 11540 28346 4843 24304 27465 12188 18977 4280 9433 17105 22584 25901 12980 28270 17499 20493 14307 20266 27087 31903 28461 5165 21578 23492 14472 26501 4748 4489 9705 504 12230 31245 29353 32121 10421 6499 10594 20326 13117 5654 23977 12144 28005 28229 5515 13374 30579 16900 11875 18626 19799 28537 7433 14025 26536 28841 3908 15132 22617 31251 28403 32651 11000 1580 25760 8033 10339 24362 14088 32245 32605 3967 11800 12159 18859 19367 17569 15163 4407 23051 7064 2790 10713 3375 3298 4968 2593 11524 14314 849 770 14383 2298 32440 31727 6836 10083 12582 26360 17115 28796 28620 18113 19548 29208 4553 5201 31851 21933 26600 21511 6405 30877 28822 17311 6297 12763 25820 18620 17788 16221 17879 10012 30759 10588 14685 15105 12282 17563 13818 2594 1294 32172 26644 4959 9698 19569 26243 22796 21365 123 7559 4997 6492 24180 12107 7375 12411 7734 18085 1677 29767 29921 17194 5329 18342 2312 28048 3212 12744 5864 11925 31693 3965 18759 10724 7697 3370 25907 29135 160 10649 250 20528 23800 30617 3521 16892 2996 1023 24134 9306 4794 16581 28188 11676 15961 16826 3942 12892 31439 14054 14010 25043 18154 32262 14225 16756 1732 3104 11554 16363 6093 31103 2383 2136 5173 25256 25118 17805 13611 2653 29119 20261 3165 26101 13245 27827 23795 31950 19805 17700 20657 20336 20242 6088 32416 15380 
32352 1271 3658 23373 21182 3847 20725 5897 7285 21106 14877 16918 9811 4190 11007 32612 5795 17034 1417 7314 8513 11502 3265 21063 22256 1302 13418 16624 18891 9869 9194 8450 22445 21905 1590 32402 5419 11974 6422 25237 20340 19570 18688 30385 5371 4249 4129 28013 13286 19030 15429 29984 28258 3574 11556 30484 7323 16803 14945 11458 19660 24814 23777 19644 21883 16239 17045 20068 22517 3783 20728 20635 24148 19348 20643 7402 1220 22144 12731 18136 9221 3451 3345 13598 22542 4007 8756 18961 17065 29071 17998 5285 15379 32460 27668 22018 13152 19263 2195 22515 10556 16436 5743 11712 14897 27728 27808 15066 1288 12028 12795 9646 29261 6106 25606 3675 26645 13526 20710 6901 31356 17729 2661 9704 24938 16852 26717 532 16651 26813 16887 14365 18780 24910 12278 26173 1831 26504 30612 24973 3545 19578 9502 1578 12805 26935 3901 30400 13669 26001 28290 29166 32582 15589 12374 6137 1688 21528 18808 32351 22224 26684 1175 22167 17565 28795 1853 32751 13242 23375 16269 7876 403 11661 20714 11066 22543 9019 19058 1841 15503 4674 7795 10834 25098 9171 23026 19557 2262 21 32384 14550 28185 25040 20691 28155 6601 9466 25986 18784 11900 14060 10937 28503 20165 11403 14985 294 25525 23059 23887 26899 32279 29892 4647 1890 14699 16219 8688 19745 3324 32706 22037 24847 28137 30959 4931 11912 876 24970 26312 19737 18744 19947 28811 2310 28076 29295 27953 30534 8921 27386 1326 23601 2539 18719 6117 15290 21057 14849 12792 7496 27067 2398 21891 29051 23996 16098 900 249 10371 3836 8024 6169 8969 7030 1021 16876 5797 16745 12026 854 25888 25827 24802 8389 9763 25105 5919 2559 23995 2400 15854 29261 30351 13553 15985 28503 8138 18164 25274 21790 11402 30528 1618 5844 14086 26183 13152 19116 1383 7939 25944 28776 6556 28239 7799 19501 22718 22214 21867 9252 22350 23780 29298 20159 12806 12915 29772 3864 18107 21885 4321 1700 10543 29545 27569 11145 2880 27818 20348 28058 19103 15125 10257 11224 8183 23240 16345 15841 25436 15497 9435 32319 6932 10896 1599 14619 30150 6819 23426 2050 5104 27698 25334 104 8032 14696 25626 1775 15636 17254 32087 14346 3090 4924 2418 19347 17617 11888 13313 27333 10863 13192 26759 10716 28035 4360 1552 28813 22785 16667 22169 30379 5170 26372 27765 3868 9021 25196 6001 32559 6847 1988 12741 7960 16382 23022 10397 1132 
16202 28671 15340 19406 14840 17965 21442 18116 21413 29596 10842 28279 31477 12078 7443 17981 22057 13792 16108 11074 21684 17514 8591 32001 25217 12119 17476 26282 30840 22658 7196 31836 30707 1564 8863 11748 17614 26866 1070 16768 6348 22164 8635 29515 23490 16381 12933 29548 22339 7927 14403 8330 23225 24031 7643 7228 20744 10323 21408 18675 31380 26462 18095 8265 12153 9061 5508 12671 2254 32264 16235 14371 17566 12644 23809 12704 6266 18131 28011 32028 3815 15172 32138 23251 18251 9395 23613 14073 24361 9649 25747 30409 31884 31105 24338 26361 22054 27863 25108 16412 13115 6863 3718 3210 22734 3598 1250 9055 30384 21455 27593 28569 17812 14874 23790 15083 25336 9532 24964 886 9693 24141 31183 17732 11276 17969 28976 7239 22660 23070 21452 15572 11642 22548 3693 30369 29905 8929 15948 24252 24500 23410 22451 10229 9871 29647 21559 15052 10094 14809 24622 25716 30534 1494 4805 18298 9257 19542 27222 2928 21159 18533 9649 29938 24164 418 14359 1227 7602 26405 438 10529 18814 23977 5461 24366 12845 12213 16739 1756 863 10163 15422 15032 20445 27608 17628 29141 6612 403 616 19624 26267 20104 6781 23698 17678 12354 17083 6372 29873 4733 15138 26693 29074 9664 29552 3804 19021 19825 31406 22542 10737 28831 25960 30869 10344 29603 25028 1441 837 5833 13723 7411 15509 21991 8088 11891 17222 12497 11604 26112 15957 30671 6670 15712 18924 30799 12233 26534 1939 2589 31415 20526 1959 5637 23862 5831 16801 18761 17098 24513 18284 28017 1360 24327 4666 30075 11035 11751 8863 18299 18531 5196 4016 31668 8361 27051 2208 30177 20400 11107 6946 2035 31756 13376 14559 14114 29655 8821 21546 15639 27896 3164 21649 32464 13479 17229 17080 20683 25013 29362 15611 9073 27735 246 32123 26073 5208 19133 13676 3925 7858 20741 13174 25037 7937 10748 10645 24885 12816 25066 17691 11194 30803 28515 341 25208 17985 7536 8983 12472 19303 14177 20904 25450 12339 28941 8872 12092 31594 29638 30181 7077 9953 16520 1103 20643 15683 23414 5504 15444 30764 19052 11531 9948 24620 27280 25612 13382 5875 20830 18141 24427 6791 18367 3626 20593 8300 8753 790 24759 24699 21120 26364 1751 11826 7024 18884 19797 10892 13355 26584 18559 6367 16416 8787 30040 8637 26097 10516 17840 10332 30697 6584 19552 25172 30067 16494 27444 10017 1274 30781 8612 2211 9001 1061 11677 26511 25374 
1457 11954 850 31825 4842 11639 8360 31978 12984 15105 746 8155 19189 26457 19454 12188 20469 8025 30928 13729 13694 4824 8878 4302 2227 1189 11355 25066 7203 490 18586 28669 16900 13216 23581 20225 12421 8284 19368 16381 17860 404 22691 26195 31760 28180 12903 24956 12699 26410 25283 23758 12239 13578 20022 2867 30944 1631 16415 2876 20230 23214 14958 1839 25255 23793 14478 30734 15450 18927 19286 21288 10602 29827 19994 6046 2405 31767 25621 25022 21944 20954 29851 11051 4706 30051 24240 27375 7812 716 20365 6980 17120 6518 27439 23619 32158 5951 27174 11331 11095 26135 10751 14122 16707 18165 29406 12628 22951 1672 17014 23976 15931 23163 689 10922 2124 8077 9248 18336 22939 12588 4728 5873 16025 7103 6486 30222 9634 17611 16720 26952 410 3382 5536 27647 25577 30720 30828 30983 5436 10509 30911 2983 6950 15467 18513 32587 16650 23975 22303 27805 4914 11530 30149 6077 3757 3422 17099 15710 11730 5742 4491 1813 29326 25174 13729 16386 28372 7262 14946 25880 9463 31904 2506 513 5778 27128 7827 6470 14063 10534 20354 27556 17346 17465 24921 17928 13759 1871 3390 32006 18354 721 7018 23868 32414 31339 14222 12223 21043 8616 29680 18860 24167 23900 24227 18383 23065 15408 22807 13940 29878 18362 22496 18462 5824 23322 27610 9010 7231 27596 23999 24226 24669 27754 24143 14099 31078 9652 21291 2497 19093 10997 5047 9242 19568 4616 19245 29928 2284 29591 32711 4144 30922 4278 12913 7728 10802 29475 20756 9086 14963 17806 22701 19355 27091 2941 8174 3874 15168 6754 22090 245 1629 30594 28156 8364 31243 9811 29018 5916 24766 21071 10398 23751 11360 18332 3407 29559 57 17256 9818 5732 2359 6714 21258 11233 9353 22402 27269 22139 17973 10710 30819 22249 20760 23259 29255 32639 15520 25210 5684 444 27880 12889 23627 11676 19233 28932 23325 2346 13486 19033 23631 29857 3737 22089 31444 29385 32515 27616 32505 19898 16499 18438 30383 9668 15183 10550 8057 21464 12425 9030 21323 23431 1851 18928 11508 14218 7828 26753 13018 10166 15972 30877 17729 15231 6863 120 27320 831 17909 4583 6249 24228 1220 748 2223 4281 32163 30054 14809 23761 18215 14742 30022 16258 11560 16101 26170 28085 28694 53 5098 11811 30746 12777 27694 19416 22237 4359 22036 14783 7607 19074 1351 29995 14794 21408 29864 13890 9859 18274 26802 6200 24884 7920 19856 428 
20979 20056 8941 30174 16442 5031 24050 2855 21755 4246 24413 11374 29575 31275 10879 6613 22493 6341 20348 6912 13507 32637 30782 28998 802 22373 8795 7486 27637 5925 7747 30981 17836 15079 31278 2520 3032 12832 3617 28423 9687 21401 11730 31387 23995 20691 22442 3308 834 19680 19521 17277 1141 3171 2425 25329 27376 30371 3348 17037 10284 9503 26603 2613 13473 26819 11141 8038 22233 2047 22676 10707 18731 1656 25337 1278 15094 13195 18397 25308 5924 32517 5274 9363 3620 19604 1213 26998 997 4129 24795 25252 10524 32554 8351 11200 17222 9724 6247 19327 29533 16 9435 17227 7102 31791 8133 32017 31315 32209 19937 7626 29301 30843 18723 16574 24953 4780 19245 19181 10243 19762 3509 25886 11177 21634 11079 20404 1805 22131 26040 6498 12490 5928 20415 32405 22229 11525 8970 2747 31435 16142 30257 30043 5660 21073 30868 21660 14129 22303 5067 17218 30207 27790 22197 8995 10860 2005 27269 1854 23254 23945 21588 11491 30227 21580 7113 18949 26431 14228 29822 12954 14347 8653 22076 32335 19428 29420 9448 8036 27686 20483 3481 19488 26506 13950 20176 22159 32052 4650 3315 12942 25327 9424 15302 14505 5178 1350 6745 9852 21762 24268 30842 18285 31358 32188 18340 29174 25073 26136 25768 27410 27935 29911 15413 1592 28686 23152 25509 15717 2009 15477 7020 24655 27650 16964 4067 23601 8270 31164 15523 20086 9593 6377 23987 15318 98 17208 12982 31356 19687 1661 26443 31808 1115 30617 25426 9008 12115 2943 16879 21261 18704 2983 29696 16031 11682 28586 26935 21490 16298 2234 23138 10392 8492 25205 6360 18988 12910 14559 6201 6041 18150 7207 6329 21712 16679 27655 24810 22539 1377 31927 11787 6075 5940 9761 25 30848 8608 5262 7053 19788 7299 9204 24312 21902 29024 22576 27664 10018 30289 1510 15692 3907 25615 11735 11997 4898 4073 24753 8645 21587 29153 5981 25592 23301 1547 11810 10875 29676 22865 25358 4073 282 25207 14699 31839 22238 21111 27065 4822 27271 8849 25630 27873 7100 10906 28845 15654 27116 15377 23063 11533 20279 14312 2036 21464 29690 14633 5636 1224 1339 29052 10218 28124 29673 7907 4863 21972 5349 31358 2731 21246 17047 23592 27592 4112 18060 20729 4790 10786 10829 10422 25226 4305 29899 16144 13261 7325 16830 18961 23054 774 11886 11000 23805 21040 15929 25330 7400 21053 21706 26140 810 13030 8095 19421 20311 16900 9845 
25290 27843 24623 30447 8101 1546 32376 25368 20202 13301 11521 27039 3709 13397 14510 3974 13467 31068 17618 1684 7551 11971 3088 25236 30436 14286 18750 13793 28333 10656 12730 15836 20723 3790 182 19223 26498 3484 25985 16362 26283 5284 32485 20318 29317 32658 8150 14258 14977 17162 515 22307 27439 28243 24552 24385 23387 14423 10934 21766 6811 22391 21795 20865 18270 13893 15471 31775 1496 2627 22731 16243 4116 31461 1389 26524 22148 13063 7625 19493 31953 27264 623 5943 14859 2098 18635 11157 30024 26748 5585 26708 31267 6810 1646 29302 15126 31451 7176 617 29355 9642 15563 6400 5049 2648 13064 9094 32105 26962 31610 11242 30383 23583 9959 31071 15908 28253 4218 30631 4240 15634 14410 20613 16957 28431 31609 14282 17684 11057 27189 15900 548 15304 13461 4936 19199 19005 21388 11782 23523 28403 707 17819 19486 18208 21071 14438 4484 20707 7070 19698 31575 5503 12659 12275 17706 6715 16535 28428 17330 24757 30914 25363 18661 2881 23476 10938 16528 5563 15399 5557 27052 2899 18500 27019 17974 27025 14286 13538 675 10521 1504 14082 3885 568 16489 8846 25680 24341 30711 23354 30650 6066 9290 13382 15500 22372 2174 32569 19562 14480 31529 6133 8926 23960 12985 8106 28795 8678 28450 1019 20507 13624 4272 24764 28793 5146 32299 10615 19249 15408 28142 20618 864 17683 32614 18223 13306 9244 26785 1470 13928 6221 18550 28970 26277 10524 24940 31660 370 12216 16394 23617 23643 9312 15249 3248 21323 16113 6426 13367 23652 11300 26470 16937 17096 5485 19444 16935 247 20001 6384 8611 31424 26032 26145 25869 29218 16686 26331 9775 23453 21674 19227 10801 13174 17218 31786 29463 6577 32387 7004 27759 21780 9475 4220 25936 446 19715 3667 13025 29592 11984 27736 537 3940 29526 22055 32088 23935 24140 30886 7317 15120 31562 23294 11890 22351 30100 4294 10264 623 5223 11496 22753 14061 20342 27951 30543 5342 20352 5124 30081 14040 2265 24150 7308 23880 30554 18844 17292 1484 24509 21876 7850 29107 20098 9080 24337 15839 12602 520 8596 4811 10357 21772 12932 10752 28946 26975 26935 4207 3220 20970 15710 5410 6665 28154 29265 15387 24094 207 15876 2454 4901 27495 9683 13200 10666 16907 13134 22938 26380 27118 31244 3937 24316 781 15918 992 9064 15887 1785 32063 29367 14257 35 19745 5557 5554 1667 22561 19234 16004 26370 19120 3987 15326 17167 
19930 31408 29719 20075 6425 8295 19211 32288 21502 20258 23586 5753 21048 8143 27438 28185 23849 20493 25016 26203 27831 23791 3558 20311 24186 30633 19298 5367 6292 2746 18848 3889 22163 31170 26874 687 24769 12586 7275 4289 28969 25605 32091 15636 5825 30268 16497 15802 3096 18266 23850 10793 3364 1257 16170 12532 27532 21915 31365 9955 19548 859 27331 22625 11418 31677 29705 25301 3434 17252 7968 14244 14594 15339 613 1196 25825 28218 22102 10811 1774 11928 8616 13256 18623 16048 22936 12099 23815 9563 6314 9502 27705 13093 9088 985 18295 7395 14871 9995 2596 19748 30071 22859 8534 25440 32244 31862 12159 20318 3473 3503 31610 11338 29724 9604 18402 14748 28266 31096 4174 5363 10331 420 30042 4989 1559 7722 5290 14853 18566 28720 20455 31093 23490 12144 14101 19298 6880 20688 15005 22690 30451 4033 30748 15099 14530 17352 21854 17135 10952 10779 4024 15173 27464 18368 5234 31326 28871 2223 28379 9729 12760 10072 22648 12306 10972 17176 1121 23630 2990 10767 31769 13668 28731 8222 18023 13906 8722 25152 20305 22409 28481 9896 31491 64 7950 19907 31677 20351 25836 8619 5320 31163 178 27115 14331 26355 32335 9429 26161 15984 11945 16276 24437 8540 26924 2518 28535 7907 27279 11735 32482 24617 23939 901 10595 3095 15414 13462 19812 6233 29904 16013 2787 14869 5245 2190 12120 18642 127 27057 27725 3497 8878 16797 21118 2852 24216 23592 25788 32681 11097 11199 17113 10636 594 31288 32669 28657 10136 25378 29720 31787 12572 6586 29589 28750 6450 1469 17486 17385 24459 17763 15327 23638 29965 16480 29527 8454 25834 17658 17345 23442 14227 15089 30750 16843 1254 26922 8236 15248 9656 30305 19376 15679 29066 25641 18061 15947 25287 32033 25815 2777 23912 30866 27988 22520 25268 29252 29994 10757 14866 24498 11966 28935 30040 334 12643 4576 18351 15789 32765 28787 25402 6793 22768 6242 16508 16299 11759 1946 10611 32717 7386 6860 26392 3220 26381 12532 23017 299 4990 15614 7900 30589 30727 6639 13609 4340 12185 24404 24936 12748 28015 5411 4511 28069 4108 19588 4353 8614 31268 2280 6057 16204 18444 30557 22254 31144 5287 25820 23808 17548 28336 15467 25792 26401 25586 29220 11587 13898 5487 12082 23167 6540 2948 10477 717 13889 13510 20188 25497 5478 32279 14856 20154 32596 22845 8462 16005 23232 25509 18446 15716 22244 9806 9968 7930 11832 
27196 23848 26733 29919 9019 11859 23926 31156 23632 24818 2289 28411 17634 29406 11991 28748 21603 6719 3613 8483 1584 1726 30251 3143 490 7254 16745 15802 23227 32306 13651 22014 7889 24012 18510 24893 23423 18686 27159 24142 6937 9222 13779 18572 13005 16787 19964 28436 22431 5017 24886 1951 14374 4669 19336 24988 19109 11797 23403 23590 8750 13755 8189 19876 31248 15782 250 28799 21256 15777 13953 28411 23912 9446 30787 4443 20796 17113 3638 26218 30389 9660 26360 4881 7670 26216 12927 18646 16497 26666 12597 13575 2511 31685 21456 30975 19732 21654 1326 26810 18781 5222 7318 3606 25956 16593 13423 6725 22236 29485 20080 982 7223 10925 24217 17545 22621 8733 24749 310 24680 3985 20552 23408 6490 26796 1381 12005 19584 7638 32067 910 19058 17161 17663 2063 25436 8343 29258 8839 15481 23617 30493 14108 21796 24564 94 20674 4570 5667 6234 733 27405 21322 12996 3879 11598 23651 14422 26817 20989 24773 15971 29300 14113 18934 29319 860 14892 24487 15863 20347 18663 11753 22453 14686 15742 12609 23400 16 29612 5443 11156 13191 1440 847 20553 2178 19577 17735 15445 22915 19779 13954 30830 31678 27356 7643 2263 29017 20241 27130 8075 29886 28078 32062 21270 14753 9441 17493 24012 31253 29544 3622 16893 31817 12971 18789 26014 24083 24603 18624 14008 32687 32249 31122 25872 28955 9838 22636 481 19100 20494 3836 5024 5307 10400 1618 24874 8437 4613 15846 1912 11492 27639 29207 9736 26172 1355 31029 32095 19107 2786 6208 23104 25549 22352 24606 26323 16328 989 9362 19509 23819 18413 12377 14231 21661 1373 8508 19230 26537 4949 17176 5626 14469 6538 11751 9020 8129 18280 3058 22266 6869 25157 13925 7696 24428 7771 28802 22550 27019 24342 21891 22649 16600 32136 20031 13303 6776 12804 29845 31211 12119 11524 17194 29454 12783 19144 23822 30512 18655 8891 11651 4755 21831 9872 29934 25504 8010 31526 1445 14984 1527 11355 6996 31800 12038 591 27326 13432 22841 24410 8798 32634 9796 25327 28887 17399 16584 28139 21277 16545 30412 29308 12148 13460 30652 24502 20350 28914 2301 20654 13119 1112 28325 6160 27710 32563 32617 11390 200 15026 20876 20762 21934 24752 25857 24707 14093 29795 19634 28419 23957 10190 29801 21875 8128 18005 25707 19659 19552 923 7240 24536 19470 26803 30480 11321 26815 17322 31945 2987 22936 3351 16321 1240 14832 25900 11684 
16708 13193 27790 27041 17118 25248 13414 16597 14753 26393 19720 22438 31326 28011 22553 25023 30190 5955 4358 17355 7685 20970 3241 26077 28958 18628 32435 32129 5298 21144 4699 1560 9375 9069 2898 10287 4089 14043 26093 12894 32211 26740 14425 23093 28612 3162 264 12637 30831 26743 28765 485 3475 6596 1671 458 11129 5109 30815 25324 18036 102 25730 3749 27845 31699 12340 30002 30063 26614 10688 22969 23178 18863 25367 26771 13534 15678 27120 11541 1937 31662 8142 12220 2037 31675 29315 31297 16369 23358 32085 29021 11628 23158 9767 18804 5566 1259 12257 27391 24129 22499 12909 12937 5641 6860 30957 15995 26156 27317 23017 6339 15733 18365 3015 31346 23889 19959 11012 8848 15119 14197 24294 2386 18841 19427 31350 12212 26298 25760 24301 18223 31648 32594 13063 27439 5607 17351 10295 28307 21035 14769 13375 30775 31782 20771 13613 10617 12812 31066 24579 4191 6740 17204 18749 27315 1072 4275 7072 13563 13617 21227 17749 32654 25608 16858 11421 18605 19464 12352 9592 4155 17754 7978 32433 13015 4059 2413 19121 10472 7235 17122 3241 20934 2992 13250 8804 13548 4067 9329 23575 7973 31102 1772 28419 19533 32024 20739 26914 11132 8378 26970 2410 993 13056 32026 15412 31893 21924 6040 14198 15976 8949 9733 6506 30184 14494 22356 2348 31884 19174 5533 5212 13254 12168 15533 31582 5045 11256 11134 31098 20080 26419 19869 22578 4685 19623 22336 24875 2255 32185 30513 30244 7648 13141 16619 14380 9253 19535 19388 9415 23560 3558 23252 16437 24290 9274 5444 32267 25975 28860 18652 19471 8868 7772 1404 15887 24150 1966 15919 25491 23455 26720 515 2318 30635 12565 2315 18526 28279 7247 9348 29326 27278 21992 14762 22297 16430 29981 3409 22076 22715 1969 9269 14315 27179 16475 7862 29080 23712 30550 14172 1506 13946 11341 17899 6824 22054 5786 29676 2943 30635 29888 25980 20221 19955 9291 26346 2718 3282 23453 11887 24756 17895 16052 12289 20146 27023 7856 32705 2815 26685 10016 11588 7305 285 13662 24448 14688 19510 5968 31595 6436 22866 1325 21664 22431 5670 21125 16445 20360 26143 6940 17702 26436 11461 27978 3530 6732 10136 4615 20610 30168 3343 22065 20604 4398 13463 29921 3278 10099 13249 3715 27305 26270 11002 1957 27038 14394 656 15309 14773 29212 27769 7850 13950 28389 30733 18881 26503 22486 29930 3132 22193 7261 16532 13101 6739 12049 24793 
9766 13363 7424 9995 4270 24924 16596 4910 131 7720 32734 22473 30303 8453 9386 15002 18617 25911 800 24212 528 31892 3352 32761 20203 27217 15665 32423 8200 7432 5688 13376 3357 12260 17436 6135 31763 24141 26125 7553 30086 14636 16070 10617 4637 21789 2965 26819 3951 23463 15165 5340 1703 31798 13766 13051 11901 7426 3593 22760 28649 10380 26766 1252 22452 7325 27239 21397 10878 32382 3027 14730 15473 13976 31209 981 24878 10226 13676 22290 12126 21749 30477 23719 20037 21010 10156 19451 7763 21083 25744 25030 20263 12043 2538 730 16232 25921 16061 28251 6457 31853 31921 24132 26329 24196 31690 22352 16636 13655 11850 20318 8410 25450 20003 8421 21454 26769 2875 7650 10466 11651 30924 1052 28326 16213 20108 11107 11255 22355 18588 12481 30793 9804 6717 31647 9057 16446 4968 21058 29960 13804 17294 13684 8580 24264 28501 27415 27612 16808 9703 6321 18745 25828 12151 5013 31228 7981 12484 2689 7359 25205 5058 3841 25808 1457 1958 13620 6296 4747 7894 3627 7628 8637 7774 5512 3278 4069 29252 5588 1121 22834 10746 1319 4508 3744 13287 2770 16347 8853 16132 6536 10209 17497 11713 23399 27465 14333 11056 1666 4437 25817 17451 17917 32588 7168 29011 1226 7691 7272 2730 8146 18430 1949 7616 15907 6239 12656 9222 27737 20331 26480 23521 17307 4129 24002 32354 4017 22341 2803 31178 18643 9833 6987 25408 21521 5599 26808 15450 18431 28526 20415 3252 16168 3229 9370 11063 32642 24309 10614 8928 6170 17302 21945 3993 22822 27329 28626 22682 42 17503 30540 9366 26531 24739 2124 10055 24928 5497 28687 4486 31347 9574 5099 16442 6344 25130 26621 15177 7822 1160 3052 10878 16857 22991 20813 24631 104 12693 14128 16215 29636 7824 9714 3611 26103 12189 24392 1624 31137 21031 30988 28072 29140 17243 25940 28001 17401 28471 30668 6626 11504 2792 6440 20113 10301 7669 23461 16987 8007 4117 3671 17200 534 24619 6370 6717 24948 10781 27524 20857 22453 31365 11673 11501 11253 30818 5679 14535 17606 8239 23628 23350 13940 14403 27953 27317 12666 2182 2366 103 25288 20164 2902 20155 4062 432 6951 11389 13897 3154 10678 29197 31485 168 24783 31181 10496 22998 26120 6218 25658 25885 22985 7540 29479 20968 28263 4885 16049 5952 9394 15008 30723 17696 24311 32704 18929 28082 27388 32305 20977 23825 19643 580 19093 11822 14266 30587 2715 
27163 10416 26128 12610 9293 18762 28044 15299 13247 16406 17580 1851 20620 292 30572 22124 25839 4362 25916 27355 21274 20956 2141 30149 29506 21342 29362 8758 11930 26272 32281 3286 20013 17262 3945 257 4540 22492 10689 31885 14267 25563 23207 24421 31229 19026 18757 842 24159 19867 27104 18063 15140 10343 24956 26024 4972 7053 5518 9665 12696 23128 20358 32453 18921 6509 19677 9951 14084 15605 5328 24502 2066 11684 7125 2292 16220 32347 20323 17613 31978 25976 20454 2122 20182 16240 486 31128 28618 18089 24351 12087 13901 17863 20526 26897 20533 17124 14914 30197 11710 27591 19497 13350 28116 32148 6394 9694 2184 6628 26366 378 30814 26025 1265 25386 2659 4892 17381 9828 4360 31195 25391 29463 8079 12642 16492 5038 3460 26166 28551 17883 30654 15049 26420 13680 24927 15382 14644 4283 21407 25208 6367 20303 20037 17863 2125 447 31652 31781 32727 30247 12462 26716 809 17529 18744 23342 4457 8233 20707 13038 15825 7513 15240 13840 32618 10177 20526 16946 25066 14884 11442 24762 14641 13599 11254 24070 19775 19241 11377 4864 27466 19976 6479 21300 1077 15036 15228 21435 10259 30662 965 11568 30683 11849 25184 28230 17278 1163 28921 27238 26215 10154 7598 26236 32186 10932 22407 13511 4824 7791 15262 17608 7869 15324 3414 9608 29422 31056 5406 4863 3128 19654 32526 19142 26992 6621 22956 11452 28535 12625 24877 32641 928 25215 11565 26374 18130 12848 16677 12567 31751 4502 1094 18387 3271 19930 17036 8253 7432 2067 31808 11273 24909 22887 20302 21213 26704 6505 27408 560 14615 28454 17973 27576 10387 29532 23286 29644 8919 24045 21334 30673 32100 24123 5988 11613 22448 7502 1204 30007 6246 15269 8052 5685 15614 25428 14334 21126 12377 9005 1735 20827 29641 20739 32451 11734 5158 19903 26238 3552 31921 5262 4465 16606 18979 20939 17952 25934 4951 1970 12104 16897 11640 25551 22086 18213 25725 1065 12608 28152 3118 4080 9234 26933 31047 28028 30383 24683 26571 26286 8960 18701 27957 24801 20560 450 30366 24703 6845 10227 8242 11110 13969 23314 16303 18594 30586 4684 8869 26315 22031 19790 21788 31064 4227 18852 20777 24059 23024 27326 27238 1984 7889 15086 19729 14348 8589 7970 17895 14570 11280 29530 15850 15057 22663 22450 27884 13054 25740 6683 27164 29257 13974 12234 29537 20475 10471 11517 8556 8055 32431 4333 16714 26684 21605 11730 11691 31615 
25243 8852 13063 11544 17068 27704 2497 5180 20542 5445 20330 15134 25468 30928 24197 15981 1003 10533 15795 18523 9208 9330 11438 14629 5681 20342 15665 3636 14635 13061 18303 9176 14061 27279 31474 5529 3789 125 29415 5468 18376 32120 8019 14652 13106 10062 29066 32006 18229 11119 937 22 31891 28584 5402 17667 3865 13099 18489 3600 21246 24742 17355 23329 29439 30272 19632 31779 17739 22685 31575 24292 19057 4818 15470 17383 10822 10660 8245 31443 24123 24402 4836 1036 9466 3773 1475 15976 11927 31780 20483 16947 10160 16997 18101 22177 14042 26623 28320 31902 12656 18947 30462 444 7867 11799 7637 27624 26300 18716 1992 10202 16085 25534 11197 20911 26725 15267 1013 4255 6515 25123 7140 17917 30594 19076 4732 2404 22306 2628 6772 22687 25882 4696 4443 14315 25880 11380 8077 22745 25118 7388 26218 27955 3437 11964 27421 18521 12273 14652 25957 18691 18770 27508 29784 30941 3915 7418 25714 5047 1652 25961 9201 9677 13415 1407 12418 16691 7912 6668 11879 6413 11157 6463 21463 361 7089 6978 10231 25052 15032 30082 5395 19886 9403 7380 7706 9575 26048 8850 29283 30313 12828 25554 28587 15381 11537 12815 21842 29974 11365 3012 16862 15351 1900 23614 24213 20756 2029 6786 10377 27493 20291 25721 9148 1064 10360 32341 32322 19281 5414 14623 26642 21015 24052 24154 31565 11877 32575 21268 19256 15025 11543 8617 7918 3779 446 5711 28973 7597 6490 12869 14284 13125 29203 25395 28177 21671 30000 5009 10276 8894 4365 18773 19837 30432 4505 1855 9754 23127 11203 10952 887 3568 9720 8866 7190 4282 15092 5826 19762 13285 8277 446 5747 14597 12220 25112 15704 12904 10032 22118 31920 13545 32397 31392 20591 27998 12237 31547 7861 21605 26729 13179 1330 2480 14781 4596 493 8911 16925 15943 20069 13753 16734 6664 6833 19491 17332 31746 14992 25405 28679 9277 30860 10903 23376 21162 325 23016 6993 31922 8676 1641 16525 10018 29489 26918 8136 3358 21742 15540 9195 8946 4708 20805 3801 14834 295 10325 3614 32500 12818 19451 14698 1312 14250 15160 2400 627 4555 30187 6242 18147 6022 12916 365 1304 1945 1149 21008 31505 4631 25958 8504 7036 6420 25899 6824 5796 19996 12832 5856 11636 27647 27826 13682 8018 28524 26050 3494 9876 1582 8259 29990 8234 30580 15189 23248 16913 17487 10204 19693 24718 8174 26019 15688 6900 79 17932 
31246 4194 29286 21605 2844 29188 11889 15454 5972 23212 18457 5707 9313 27825 20123 11925 18365 23719 5723 28598 14256 2002 3715 12594 32626 4593 10978 32129 3709 13112 6215 18766 26010 21397 9712 22179 2160 11011 17082 30993 11418 4330 110 14517 23251 14191 3770 12747 10306 18848 11912 521 1519 13087 7520 29190 20415 7604 21098 24236 1116 3389 16805 29327 4292 8229 17604 26412 13541 28479 14799 13656 3745 13349 28763 10758 7196 18417 18027 12252 32399 13901 4468 8619 24341 32702 5701 28813 13858 12782 2000 10107 26609 6254 6557 5078 5494 12136 2954 18489 32141 690 32011 31471 30033 6938 10805 4912 27099 26740 11171 20156 24873 16102 15843 14714 15738 30602 31665 16514 24238 32338 29705 2951 23324 13563 31300 1560 19092 5796 10641 24160 26697 10241 24802 21105 29514 30455 24473 28547 18216 25415 18390 21475 11307 1801 9121 17113 15253 521 21881 27542 25131 4023 20695 19330 9304 8653 14387 1390 15917 5289 11001 10439 1044 27169 14003 22261 22769 27697 3581 23912 2698 6877 5964 10948 30940 15541 30610 2610 23087 22632 770 22117 7225 11670 19348 19877 9319 4332 17801 20245 20657 7355 30772 27109 6549 12490 3773 4386 25169 14754 9092 24826 13276 18942 29051 10821 18458 3050 8635 15819 5727 21085 16603 19361 11936 24708 4441 1759 7496 21435 5447 16587 31922 32532 16847 4502 17056 17052 20398 24999 6139 19083 23404 13141 32287 15602 23405 1132 21399 9843 22187 27678 7608 12515 30989 729 1629 32567 20628 5634 14471 18494 8447 12820 31394 10193 26436 2411 6470 642 26494 26120 20048 23383 19691 28935 28725 4372 14959 26627 18077 30225 28592 14356 17691 6587 10171 21126 17013 5816 20131 31634 1812 1209 11943 16469 15583 21405 16266 1895 17975 9666 1601 29360 12 13237 23510 4844 15520 5170 1232 13891 7739 20056 6720 5464 9375 8949 12590 28190 17674 23177 12621 5532 18545 7115 949 2982 7091 7166 12378 28980 7949 23241 7568 4979 20063 28589 26134 26894 17563 25179 11796 12946 11908 17949 9167 7834 13375 23264 32014 2176 12239 2973 7434 1325 26872 28076 8883 9658 31575 27847 1027 3497 22736 14839 20403 23915 18974 30824 23535 26294 7789 22244 11037 11437 3471 8159 3236 17206 6609 20541 4722 792 20897 6497 15937 19461 20013 22785 22323 15386 10641 10455 15180 9029 16783 2932 32286 22170 8647 26555 12907 16317 12365 16886 12101 31431 
191 21031 20093 25293 16254 5849 16296 17231 1120 18512 27917 21436 26646 9537 1414 10706 32661 14198 15992 14333 19145 13185 25478 17477 21492 14151 29694 23426 28686 32416 15300 10472 1229 17646 11752 19279 1288 574 24784 12461 17763 25942 827 28775 8347 21500 19414 27991 7997 17702 5088 28135 10934 2395 5044 14523 21399 3866 12039 8389 1783 23678 4020 12925 13984 4666 15481 31254 557 17818 6467 7515 19722 1960 10348 9827 28356 20620 12659 13059 20486 16050 4734 22449 970 12529 11414 14976 3684 6343 21734 16442 19614 13821 2790 26927 18345 9983 13918 23686 7974 25582 27989 10045 15125 17523 28169 326 5683 21648 27784 21285 11909 19076 5132 18191 23838 3803 29091 3609 28736 713 22682 17347 21268 23838 26702 27469 25319 25876 2200 13471 24397 16862 8565 15413 17368 19578 3924 29706 1288 20453 29784 21792 13225 3529 16888 12973 2622 7020 31337 10842 21165 3466 5950 208 22778 12120 13799 29800 24681 560 31669 23823 23459 3888 13532 5269 15982 3986 7754 25663 21994 3050 362 14913 2352 276 15964 22652 3181 25564 25489 15246 8581 29356 29560 15413 10610 7207 16038 31186 12028 5722 270 4271 21414 14711 17328 20048 584 14028 13698 20519 1885 22280 22472 12365 17524 21559 15084 12453 983 1095 6414 22190 30200 6271 11375 15723 27393 11546 15155 10474 5524 28401 15846 31431 678 12381 30405 30073 19829 28653 15107 2341 30203 24838 941 4313 29837 28049 20612 18596 18626 17962 6463 694 32315 9455 12517 28068 32618 21636 6721 4426 40 6165 13968 18726 11214 22654 13743 17289 25380 1782 6343 1192 15551 28049 16640 19702 11783 15125 10085 15626 13019 16874 19801 22871 11829 14173 24377 13026 21462 17477 29264 24180 17616 16894 13735 20096 17015 29003 11873 23955 16299 5322 23707 10998 29591 12708 12674 561 26191 7349 11527 9963 11823 9208 7736 1758 25720 351 7440 21999 10857 30815 8196 26368 20625 24788 31553 25451 8764 2810 438 28088 20228 22391 15379 12089 11579 5014 31957 8522 27138 11292 8140 6370 26592 15428 16007 27544 18394 24962 21796 7372 28461 15305 28311 7784 5203 29256 5651 14546 31986 10899 32238 13067 15792 9872 32101 30597 4647 12680 14119 13925 12708 395 2437 16531 778 7917 21423 782 26059 16580 30248 27890 9918 4106 13008 11306 4734 21090 8823 7584 21641 29711 7267 32383 22240 10099 15490 22913 10866 13086 6476 11086 
29848 11715 11302 9754 12347 15360 9616 20267 18085 6834 20403 7143 30730 21837 23460 8590 29685 23624 689 15968 25376 25510 16398 20170 13048 21727 14427 10154 191 19143 6456 24212 15588 3756 22139 8019 22561 11875 22923 535 17542 23317 16112 2948 245 25051 6386 9002 7385 13881 17907 3297 27165 7529 741 833 30577 9563 29509 23729 15802 13119 6587 23862 24181 8510 26451 29574 12841 1672 27195 13907 14746 19264 15659 13148 24849 29953 22773 13321 28065 22140 15067 32108 8965 19022 5303 25094 21173 19541 19657 23465 21027 28118 25120 626 26426 18669 8723 27714 15931 31172 25036 2063 15081 16249 22846 30969 755 15391 556 23487 13141 23271 6958 15126 21747 16230 20530 6054 1073 32052 9818 4612 14673 15971 339 3240 13659 20525 12958 11100 28556 4063 9110 23623 19487 14396 16800 11734 18773 15236 23389 26641 14554 27777 16657 25929 30402 3731 19288 2990 22489 11831 16377 22846 23437 7815 10027 14869 14938 17135 31848 8994 22237 3337 14186 13241 8697 31500 24211 24729 9873 13898 25874 16772 20194 5038 10562 14961 29933 20457 3467 26944 32620 5881 15680 26393 18966 26709 1228 24551 20697 10562 31529 26011 13870 26419 19135 1225 26777 5733 11265 28268 15799 22485 28387 889 28589 23966 21396 21229 2580 32675 20689 30826 29181 22530 4669 23963 10944 7196 29659 26576 15583 6336 5906 16078 22620 4358 28700 26543 23502 10640 17693 10512 29229 20649 7643 10621 2050 12038 16886 26173 7117 12356 5314 14891 15262 8114 26874 295 8633 11287 105 9905 23886 21480 16848 24163 22567 7182 26173 4794 6772 32443 23533 31270 17200 12718 22022 7474 6554 2547 1998 26261 18284 2418 26899 2213 26828 1063 23573 21698 29342 15638 17458 3204 21027 30461 25594 9229 23971 8740 3402 15260 1252 21187 27229 8031 2229 9177 16064 22630 8255 16240 25360 9857 67 29713 2831 5805 4770 8102 25070 8836 17556 14981 3042 10014 21770 25763 6133 2569 27002 1165 12417 20656 7076 19269 301 21532 974 21691 15020 20355 6196 25157 6629 580 11013 4430 30714 12296 2808 26832 22251 6107 6663 21445 2253 30402 31522 1488 11512 13466 22798 3024 31454 24219 17817 9737 16173 19051 32143 2015 12168 24843 7932 21007 12371 23615 5129 403 2704 14938 22686 1092 20145 2723 3891 14806 17904 18533 9364 15450 30771 7832 242 26804 25672 12509 13634 28746 3939 3108 20481 917 23570 6258 
26496 12886 6188 5188 11935 25715 26146 7065 6673 127 6525 5518 30148 18602 8966 15783 32458 30249 14039 19429 1985 7650 5243 3837 18760 28069 7954 16269 6270 18897 11532 6972 17851 7868 8096 1917 1008 32362 17026 26489 29458 29936 20361 19684 15542 9474 4816 32354 27981 7678 28461 2163 3951 15626 4583 10415 24840 2097 3138 14461 4021 22952 12951 3677 21643 26108 897 21877 10069 10515 17164 7451 26019 18568 12387 29878 10581 8483 19094 26196 9795 14263 2489 22887 22474 20949 13180 25821 29194 23774 2228 8244 17929 7831 30093 1778 32740 25812 13218 22944 4530 29872 8900 17700 17959 9437 18638 22388 4281 28634 24471 27037 7883 27291 24703 8488 17336 21819 8837 10536 31105 13875 30523 20156 4807 24926 18409 13897 10401 23991 25270 28949 24552 12135 26569 2403 23228 22151 18683 29835 14012 2492 6380 29847 8935 5102 18685 9890 20242 31784 29761 9898 10068 4011 32328 1309 26801 15683 8654 26184 14835 5191 13183 18562 1514 14823 15070 384 28287 16011 27720 13292 31110 30453 13588 23243 898 21371 6159 13815 26687 463 28745 19220 5649 6434 21821 5150 1063 19653 23363 23455 18706 31617 21565 10997 8718 32183 6151 1724 28491 17918 26232 11892 3351 6244 27304 21352 3484 31151 27661 9702 8984 20365 20065 4568 32453 18623 17189 12341 8848 1208 21992 8232 8892 10688 22660 9043 19761 21408 7283 31818 21823 31460 24288 12165 233 27176 20834 580 14254 4869 1237 7603 10338 14735 27313 25918 29394 8680 16555 25141 1785 93 20619 2402 13789 3962 8215 4900 5529 2521 5833 12360 22017 12707 27324 449 4448 13536 20142 9805 19063 21484 26289 29413 7911 8124 19849 5955 1968 22200 5714 3410 5111 17146 22922 11212 17355 4573 22006 14363 25796 22920 21177 20986 32104 11613 16326 27723 29148 18838 25230 31286 16482 25839 15338 468 3914 9033 25449 6430 30774 28981 142 21906 24845 13735 9256 21145 26831 30590 20501 14894 31193 8381 20234 11541 2950 21714 8947 21244 660 6826 1978 10804 16096 16650 20927 2284 22697 5434 4228 28973 16511 24370 31305 8026 4027 9796 24968 31384 20667 8539 32749 5826 25671 26961 24313 12359 21305 2284 18923 30803 20905 16003 25176 18143 25968 9156 26624 12657 30096 10314 9935 1803 21913 11009 25361 5034 765 14327 12416 30310 29017 2616 3769 3022 7703 13570 19367 26744 4501 12687 18944 31511 32487 27923 10649 23008 
20232 20045 3195 17965 16747 24944 18275 3573 23877 16112 6552 27717 16251 397 24304 3642 32063 6192 28314 9611 525 16603 11129 19805 25745 20745 23957 2323 2901 12497 6175 1207 7308 25421 1089 1920 468 28103 10660 4565 20548 15290 15981 25374 6876 22678 20199 3387 29849 19584 24464 6365 9634 4941 27769 29951 1362 20093 28716 29343 27524 7632 14851 10489 27429 24050 13801 22855 30172 29731 9476 2449 6843 32539 3950 25484 1288 23934 15533 1372 16100 25632 15515 20919 1589 24744 8940 17479 15527 16295 25701 1296 25285 19149 2683 23478 2809 14787 12856 7582 23046 806 13294 31207 23806 26476 1913 8801 4083 1619 33 4333 20822 16234 15819 6553 22458 6307 18410 22508 11 19858 5950 3303 7356 7078 30359 15804 3499 4309 31668 21947 14802 20062 15926 25800 17108 19606 9825 9858 13245 16156 21180 22972 2898 19899 26624 9321 25762 19951 27273 21355 24052 6660 29837 31050 5789 18491 15724 24794 31234 29371 27815 2684 23576 19390 644 3093 9658 6776 19052 11732 27642 24922 16403 22705 11892 17475 16570 13295 15091 4926 25959 924 28059 25344 28697 18006 22086 10207 13775 31954 22257 11678 22044 19047 26607 13106 16707 19523 9557 23723 21396 16131 12182 28829 21887 30753 15779 27650 9769 21590 23924 28403 2129 26751 30899 29087 3617 9476 9832 13719 14869 16233 14709 19337 24239 1150 15518 27768 12623 28513 4954 26949 11223 9441 24824 3494 14405 1159 14181 24180 4034 14650 1143 1281 5042 13728 4138 31453 11996 11168 13285 5729 14779 3362 6219 2248 1860 6152 20110 18176 20961 22203 30575 17474 2793 3786 18436 7507 28845 31499 9842 6592 27392 5677 1695 15850 22431 14370 24 11907 23669 21728 3645 21862 19226 19414 14851 6232 27126 26113 1430 5108 20291 26467 26853 26841 7129 7442 2941 3392 23855 21459 17562 27834 19320 6721 26244 13579 9416 14412 10796 28057 1283 27540 1258 21605 11377 5527 5545 13950 19296 20462 6632 30782 13341 30967 4656 12575 3774 2626 12039 9556 31621 20195 2464 22641 11821 15794 14829 32345 4579 12193 30758 7642 24364 434 19345 12634 19441 21898 31888 26239 8554 17928 20459 23080 29089 7458 16790 26260 16548 29659 12141 11566 20094 2959 24211 18904 22974 1358 25273 14135 15450 31064 29334 23118 15640 22833 13662 24847 23952 9751 21946 8908 31658 3819 1707 14726 10536 5156 25383 10010 11679 2079 310 21868 2506 2573 
10590 5933 31958 9204 12663 24449 26756 24086 12423 2095 17691 22409 19373 1956 3164 9218 4817 32738 8455 26752 8165 32248 12562 30259 21943 12051 1292 26108 17069 6757 10229 32518 15467 16109 13977 31631 11163 21537 26724 4847 16236 3452 9458 28042 6746 19313 30404 6239 19983 16071 16650 13128 21530 10620 21794 1329 2253 32418 705 6225 20750 1698 8947 13240 20647 29484 29612 16075 24127 9046 4483 16684 14843 12563 27196 29322 11315 23405 12971 12005 24766 13951 20376 5905 28437 3646 14563 5398 21377 10305 24234 2762 3597 9012 17272 8321 16470 8316 2621 25775 7760 20418 15782 7419 4929 1163 19697 1884 23888 9663 8931 17921 5639 10614 26361 994 7747 2848 22304 382 20777 16307 17169 16998 28981 31352 7461 24562 31323 27396 31270 15269 20607 15212 21345 18622 26758 181 20654 10955 30220 17448 4710 2530 15253 16884 30747 17053 16567 5616 32554 3162 31011 23651 2560 6104 4968 1834 575 28011 17123 21371 26804 8093 11873 17277 3221 2415 20259 29428 7134 16230 18576 17882 19005 8623 16386 19431 4755 15287 16485 24963 8533 32395 4742 6015 7046 6973 303 4883 32008 19971 28408 32520 30275 27998 16878 62 21360 6490 9126 1614 2455 1012 220 864 23573 11524 2414 19457 4774 6613 1477 17465 13680 29166 8169 29769 2677 8836 29052 1923 26532 15734 3256 24756 16340 27124 4131 13041 6625 27187 29183 2379 15380 27783 23191 22500 8596 17237 27984 15931 20958 29209 19044 31621 22819 26928 17563 9462 26384 14315 11463 13924 9433 29476 16014 11289 7152 24114 339 10494 11389 12493 1442 18185 10168 22545 18637 21408 30600 18248 2558 29526 17857 14090 11173 28421 6163 26265 18887 3899 28549 15903 6844 21246 11496 8148 14151 4719 9718 31792 17720 11355 11514 24512 25272 4759 14950 26406 29344 17483 8045 17289 7413 22975 5798 27011 26908 27901 6110 23394 27736 21502 1000 1534 3275 6256 971 8273 16452 23787 16948 29426 16021 3166 20526 6979 597 29447 10285 13670 10441 26913 24301 1993 2219 1303 9319 8915 10652 29480 12075 30409 31287 6298 8311 8838 17159 448 15815 9713 12766 24140 991 24878 11847 16817 15591 14750 6210 17582 13949 32553 25682 19747 10432 8764 30861 8481 5382 29806 28940 26432 13974 29091 13302 7998 23071 14246 14891 23642 14341 207 9591 14278 6359 21209 14347 21381 19158 3448 4679 30985 25096 13652 1419 6913 2171 13221 
21259 2006 18228 8900 3372 5735 1592 23248 27970 23651 10365 31041 14494 3340 9864 286 9515 31483 22318 15037 11369 13078 9371 2979 28910 25585 24456 5355 5860 18343 677 19318 30654 22954 1148 6636 5394 4421 19474 29937 22897 10347 25070 14351 715 17955 6871 22328 24485 5671 8153 7701 6325 24286 24214 26578 25358 31223 29932 24054 30752 14416 9944 6642 11892 22227 15143 29252 13235 21570 1135 19258 19274 27444 29450 5843 28486 13810 7210 16293 23669 28756 1949 22377 29902 4773 7270 30480 4729 30307 31430 17653 14208 25513 29457 24005 24537 28819 30906 13719 5086 2691 23017 30791 24120 28034 12337 15295 28121 23676 13977 6899 8103 25655 15677 7087 2514 17081 18179 3945 21998 13867 28457 11829 20396 1433 27702 8231 20398 10235 14383 3489 23390 15407 15172 11607 29466 21787 8398 22481 15707 26774 6584 1579 14868 9236 6149 19029 10276 30004 15478 19589 28987 4674 7802 5962 609 30185 28568 663 2041 31461 6927 1626 508 32252 19097 31050 8098 9911 28985 20142 7399 25962 32304 8095 11926 26635 24888 2805 15039 22410 11655 2724 22274 24250 30485 6250 6256 5841 1207 23918 6680 18371 14642 25612 10846 19368 12635 8911 25555 24173 26839 27074 185 10918 28325 24046 1604 123 194 24727 6024 313 8243 31773 32303 304 200 1599 17225 18570 21208 3441 17312 31740 10716 14810 8605 18235 5180 13703 2904 3451 32417 30067 11524 10102 20832 9674 8585 30471 32015 23271 23691 26021 4934 28486 15647 26920 20056 23026 6491 23238 19073 17418 25590 27110 16741 27155 3622 5802 12291 21524 19852 3901 10304 28702 21025 32671 11234 15699 27411 1758 4773 12026 30256 16873 6112 6028 17607 408 19944 19076 16467 7637 31166 13070 29781 10371 26402 32300 16275 11024 706 1592 20036 30321 14224 16611 15238 3552 29485 52 18553 6313 3503 13174 9037 23601 21144 19090 17841 10543 7254 6894 28477 7229 25102 13078 9224 5887 25997 21980 25936 29570 12816 16367 699 867 22566 27478 8090 25112 6814 20779 11105 31341 23040 5128 10549 30320 20842 3137 24425 31127 16846 11849 29407 12684 23690 11140 18264 11792 25560 6010 12689 10897 4653 1588 23225 7670 4128 15647 16054 16599 6076 3803 17677 1479 4714 28750 9877 18392 31944 4603 12662 504 20193 25708 30464 9474 17656 20824 30327 29961 26974 32244 24468 18248 2358 5963 23756 25115 13885 22933 24888 15782 8619 22420 
1550 31173 2033 15988 4370 10345 9048 22379 30457 23400 30996 17364 21020 27810 24129 21672 28616 3513 14087 16754 1752 6435 32224 24448 2815 30269 25136 22965 32525 3264 32528 1112 18776 22032 16099 27640 20313 27155 16989 19205 7879 23722 5884 6649 16758 26365 7719 5422 10929 2275 14411 11637 30444 31859 5493 21632 16833 14915 12001 27306 29430 18850 16490 20917 26982 17691 4026 14744 4593 26171 20386 29606 25473 14501 19881 18487 28465 17982 17843 17685 136 12951 10119 1901 5297 8886 25463 3808 3809 32121 31483 15666 18738 16898 30085 20917 1112 23325 8173 4071 9533 19560 8920 20888 13115 25937 31300 19565 16688 29157 14588 199 22945 14783 30103 15513 12041 11726 12529 17299 4306 15500 23815 29050 7119 8281 6599 7707 19425 14711 8722 7774 6698 32055 24393 6770 5222 17260 24292 24090 15837 11299 23002 14435 30190 31162 13622 747 25471 8526 6498 4670 24931 13809 7918 11423 26197 8173 15385 16750 31082 30595 19183 29622 9232 9670 897 30900 9062 14662 7697 30726 5238 27743 8873 1759 11724 31292 31817 30604 25369 2352 27446 28277 11940 8372 30928 8018 10792 3846 7886 6005 19047 20676 23243 17943 24849 17612 29409 31390 7448 31419 13972 16123 16561 1206 13136 14919 26841 6292 28650 12365 12744 10684 15462 8277 25110 17891 25159 17886 1200 31273 32049 22155 22307 632 3370 14831 7354 6669 18826 9490 27247 3548 17137 7008 4684 12332 9895 29208 15 22438 28646 842 13861 25253 28652 32018 24177 4617 15639 15183 1433 13115 22054 2592 30799 13672 19059 10924 30269 26113 24584 11426 2309 16801 11440 31058 974 20147 27035 7342 1324 5797 18074 25108 14426 28300 560 23006 25670 17518 24731 20010 31206 25093 6279 49 26088 17321 1820 4565 5362 1835 13592 23819 15132 3281 1672 21001 21581 28466 18297 7940 6584 10461 27601 6072 30762 13201 24918 4479 4928 32622 4933 22530 7507 24169 17163 12032 15034 5317 12827 21248 11313 24243 2598 10116 1261 10725 25576 18964 14439 18728 24323 4191 19964 14357 23661 14871 6943 25511 7821 20084 30036 19267 9187 5435 31567 3830 13277 8770 31970 25695 19699 10566 22990 23133 29615 12440 21643 424 25473 32035 15993 5284 2180 27147 24556 29658 29486 17412 5034 14449 19813 4538 5671 10563 1934 14598 1828 7499 14814 28259 12067 15600 750 17633 17673 21058 32087 22411 12762 11481 24077 25380 23654 6269 26855 5457 
30393 652 19349 6335 2206 9879 23678 18476 10976 27691 23132 4424 27015 21670 10112 13487 30447 7982 17477 28028 19846 32473 7496 31625 28711 23321 14798 10374 5664 21487 14055 22788 6132 21046 24617 6497 25805 4996 29 21732 11199 17087 25019 27590 30464 21179 30475 23579 8297 12596 29914 18495 11119 5348 26875 822 964 2925 13219 30170 3913 22475 10281 8131 1521 18838 30336 28648 12353 26563 13172 28362 32704 26510 26032 27475 5825 24738 13615 22769 27567 30288 14682 28322 4314 11478 14984 17462 19562 2673 29355 18793 31905 7407 28436 5096 8127 28589 14654 24196 14401 23388 31195 26212 30428 26309 31146 25588 5035 23219 4208 18159 14056 13312 8780 29801 17661 26814 7639 22185 9439 304 27471 25372 13472 6567 2962 30001 12157 28093 24389 14792 5943 9315 26073 21321 20573 2592 10342 22334 19446 11244 30648 21744 16925 18604 11223 4236 27047 17727 31027 22051 13476 24704 28117 16094 10600 13637 21668 9451 15476 27771 24850 2820 5306 22111 29283 3498 23250 31173 32766 22196 1601 25001 8510 8220 410 20743 20970 32257 2010 412 23354 18646 6966 7363 20814 346 6453 30679 21112 17712 4841 20566 24224 23475 16478 8233 24993 32434 16332 32007 31865 31833 32320 17636 22556 10628 3153 5874 27883 26986 19773 14240 16936 16687 15744 7195 10798 22797 7721 21407 30199 1293 7885 14103 9189 19342 2132 8961 5372 25233 28856 25420 20695 30812 30427 26933 8421 22472 6620 3364 8027 10564 21068 32556 7558 21994 2279 26203 8254 25272 13557 28092 17806 28393 2884 29082 15028 8183 10123 26337 29144 25106 27838 1299 1379 16217 3965 24631 7782 680 8543 11561 19314 11430 32137 18992 9590 18721 32143 32561 11766 26418 5519 21868 10976 5439 25309 16355 13273 26940 20471 18856 2386 11075 15486 30373 31413 23147 15482 30252 19889 2957 14795 1971 15128 26058 4202 9144 10738 11486 12809 32670 6837 18046 23219 17242 28767 25395 25124 1471 1928 14105 490 16110 25352 22428 16118 19944 15962 1067 10765 3334 16553 8382 4239 26415 5381 8373 3271 16446 14841 20663 30301 17167 5832 21423 27821 27518 746 18781 8255 27058 21622 27735 28382 2445 16514 19736 7679 4397 21757 30522 22129 22609 11896 5959 7139 10485 1802 6394 20197 316 18149 25615 4658 15075 14389 2198 29194 8160 21462 25057 10749 17044 17503 11670 9809 32131 4426 15527 25743 16408 235 10283 5316 7896 14016 3992 
22479 4335 21943 27581 28790 20982 1045 5576 28348 15153 14793 30096 20824 3494 4843 26449 27194 19796 5866 24114 3032 5819 2754 18873 27718 1753 24471 27552 20842 3525 26401 10841 849 16259 22642 10952 24882 621 10499 10470 5308 18650 11456 19167 13072 27475 29821 4052 32655 23860 17138 12444 17144 20665 28384 23375 3612 6384 24433 2536 13379 19956 14979 28386 6334 23102 26179 22279 16168 25417 16258 22397 19854 2893 18549 32721 11346 16572 8943 19621 23390 7895 28675 22940 18686 27146 20458 14702 3551 29570 13367 5629 550 7476 15315 30972 21324 22720 10484 9395 28454 14870 24731 16472 26522 7505 4053 29817 11435 24746 23447 21061 30957 12618 1426 1039 13290 24987 1249 28498 931 29450 32613 449 2927 25219 18510 28464 26430 4549 24968 15199 11476 28196 10016 5860 1944 324 21502 1617 6075 2936 1978 12815 5020 2824 2844 7631 19254 19528 312 10128 717 7608 32120 31735 1439 17698 19568 32480 1964 25822 17016 23979 24604 4192 4847 17126 14710 10712 28022 13830 24771 31725 1754 29224 5517 14190 20819 30393 17743 19932 15802 28336 3170 12246 21096 2011 17143 19014 8593 21969 13124 26564 4632 18899 4055 15572 24119 4321 28101 32723 20278 8692 7663 1868 6822 1354 23174 93 22908 19603 20645 31526 864 10193 12937 5520 8146 30017 4384 27364 17867 31773 645 21604 21918 26262 2688 14032 16490 31743 3609 10228 19178 8276 22578 21194 30640 12530 7852 17924 19710 14592 21332 9419 6291 7928 22654 9447 30956 5459 24652 21747 29451 29830 5351 12081 21710 1469 18390 12597 30891 19679 26351 16026 10593 26820 17945 28097 5856 6433 16994 20677 22343 26106 25744 32548 28960 29846 15062 688 6014 18356 25907 9075 8709 26857 24307 23355 30247 16694 14608 11728 25393 25131 29152 15390 24769 6293 2771 30490 19512 7546 20716 24507 28371 30150 28327 19937 1223 19811 9043 5239 9696 25298 12912 9676 14789 9779 6877 26628 29821 29197 26114 32134 2815 16632 6548 6052 1053 13858 9694 25795 20539 30829 10671 31404 12673 25383 518 9391 29703 27369 7800 7352 19524 20350 128 221 18622 26559 3834 13150 7356 17281 29969 23769 12366 2904 16561 527 11867 12873 17924 10460 11843 6696 23117 14968 15874 19079 2304 19853 9548 124 16112 31885 10291 1467 25381 16605 15366 1524 31841 7443 21714 19571 30542 16585 26991 18984 10539 19265 17105 19554 11598 31543 348 3341 
29819 21996 30488 8722 15697 2268 15283 23356 14151 21161 2842 2703 3400 7840 18547 31611 605 12530 26745 7145 2696 3117 6827 17103 24956 20570 8871 24106 27250 29188 3987 19217 7185 26122 8274 24456 31399 27793 8283 14303 7192 3705 13205 29192 8614 25768 30077 9549 7 28945 2883 30805 5291 17006 28810 32601 21877 21071 18429 2964 5454 2374 30941 26778 9098 1429 26476 12818 31677 18365 23386 19680 24757 12647 30973 11378 19868 16720 1702 30713 28244 666 15260 8769 3996 28852 15349 6884 5282 29743 32571 23936 12296 4953 12347 175 30631 15600 15952 18264 23571 22438 31612 27161 27046 10791 22859 5044 12952 7264 2466 19865 29392 9219 1635 31029 20776 24411 13538 22952 31978 27253 349 10968 14957 14796 24482 8433 32403 895 14751 10807 13626 14317 10316 675 26496 20653 1555 25520 25687 19727 7611 11564 28080 7375 28649 10796 15108 23803 9042 7124 9198 4731 26901 11473 10042 15377 9704 6677 25725 418 3059 16414 16549 15025 7281 18497 3711 19471 13976 11531 16572 26547 11035 20348 5068 27946 31380 4177 23837 3965 11536 22785 26154 2255 26226 5388 11490 7902 27950 1987 25968 10496 20564 24799 13422 26207 2005 7367 10628 27132 22077 15185 27452 32200 7839 30522 5537 16097 8448 17862 12913 881 24902 1398 21814 3080 27009 1238 27257 3341 15204 25068 21390 12836 16449 26928 18461 26724 31519 22865 11729 17436 28066 28923 14039 17429 20889 24708 6010 20478 248 15057 10696 16065 6748 10110 3183 9902 15214 16051 4926 2636 15375 22015 10938 9753 23671 7564 12522 30685 1406 27929 19448 17645 22647 1526 24827 20618 23483 28789 9218 23136 27994 1412 4250 18527 20548 2154 3929 24270 27563 3203 24356 15629 7330 19010 23836 1900 19467 25206 17862 6744 11369 12540 15201 15160 17586 7336 8332 874 10406 24726 13859 10020 11511 13050 24962 9742 19886 3089 3802 14175 24060 10582 18636 22350 143 17398 5543 19081 11363 11599 23863 22382 5494 2925 12171 8242 5990 8654 6338 28092 18382 32064 2057 12949 8827 4424 17669 7192 4580 5154 3818 15030 13766 3257 27481 357 27092 19076 7702 22107 9698 17589 22381 23564 3579 22933 15897 26150 2117 3697 8762 10901 23941 17806 6772 1442 29824 10479 31354 92 20685 6387 24436 20393 22586 28656 30112 28188 11835 14406 31819 15423 24153 9603 14040 3663 1062 6251 4786 6445 24226 6008 10091 6443 1628 8265 
28949 7304 22178 24457 647 7961 23329 23902 29149 8790 1564 28014 30956 5889 19449 26889 7489 23723 23803 14125 8193 3240 11904 13172 26312 18400 26676 16972 15707 21099 9085 16203 10868 4623 24188 22820 2747 325 7687 15208 4631 23632 8773 29305 929 22657 23553 17841 30363 20587 31166 12918 15322 11009 15675 12703 30797 25169 3423 5133 30005 12049 5265 2119 25578 13603 5397 6690 10809 17083 25807 18522 15072 30951 8145 25583 4261 24772 13119 24393 23754 1063 8241 30093 17949 25673 1336 23768 32369 30794 8648 11561 1116 31539 14996 1693 16963 14897 3225 19908 28755 1486 8141 18705 27140 2084 13589 738 1655 12048 20950 21600 24319 13896 20551 4085 1434 31135 26016 12169 16266 4242 12720 18006 28486 19633 13456 9459 30287 15693 6025 29453 17070 24783 31942 10150 25227 18976 11809 16819 20891 11082 21283 19723 967 27761 28266 21658 31218 31397 988 22129 19206 7794 9482 3742 28070 11560 29298 8882 32467 2050 16361 13609 3402 28362 4393 6503 25242 22984 23061 11479 22516 11214 1994 7787 29547 1062 30477 9334 20466 17731 10313 14075 22699 13811 8656 11245 10172 1802 15615 9994 0 17177 32592 22446 3885 29837 24910 13806 26441 21224 12951 16275 6140 22833 18177 30621 4496 30687 15038 1457 14813 32432 12243 14719 13372 18774 1440 9124 27297 12477 30843 18013 26944 14647 4309 26970 7471 20957 6296 4470 24198 29841 16954 26487 31844 6820 30976 895 26188 7289 5871 32620 4065 15606 26225 22696 22007 744 864 17615 11635 23186 26976 32128 8429 32514 20491 16020 22297 1116 20659 31808 14271 29329 10740 24103 27377 24580 12836 13769 10635 22504 31292 18071 22056 29160 15839 2492 20374 27461 32571 600 10748 11920 25884 12869 12299 21309 26854 8200 14786 10730 25340 29392 9655 3608 11634 14584 23865 30469 12971 264 21604 10170 12603 21507 25744 1737 1803 27041 18043 16869 30159 15474 8362 6446 6297 831 16520 27966 32440 1688 18079 28699 2796 30817 23702 22751 16515 23918 26682 32363 10315 4886 24585 16714 17092 28433 682 22016 20420 18183 27855 21598 14821 28143 28639 24129 9242 25996 25477 1038 29726 31634 9679 17192 354 20993 22555 17794 8354 17773 24603 9667 24241 15805 10204 4018 8098 15199 20210 12376 29907 10707 17915 20005 17301 17632 8466 10673 8348 24702 12762 8919 31598 16508 19059 1805 27289 2861 25617 30957 29910 26787 31923 23112 12723 18699 
23467 16605 26333 6233 4760 1111 27584 24541 25058 30543 30250 4168 8968 1993 7021 9096 21511 30770 27508 30018 12219 25860 27323 6281 31721 1667 1266 18777 25764 9312 18679 25739 20977 6589 21536 16284 19651 20070 22391 17583 17317 3851 19421 22046 6792 22324 28193 24537 17158 19632 19799 12754 1781 8154 23399 12880 4139 5319 8180 27649 10694 9307 28308 4352 19330 17149 2353 21783 12876 10453 16883 14385 28467 10031 28482 27196 26961 8337 32260 4704 4099 21453 13235 2780 23426 26824 6930 31885 26332 9968 28839 12532 5560 5891 3108 29582 1297 11774 17530 28114 23059 31079 9434 21249 21110 31187 7447 6797 15487 14972 19589 4080 13560 29031 18355 14646 23222 15881 2498 32516 8895 24877 24349 5581 21987 10370 5173 213 21090 27384 24274 14385 14033 22049 27496 3674 8104 25286 11922 11889 29222 9330 16394 155 22859 2851 28266 1020 32304 11081 2025 13109 20178 5093 21652 3038 27170 31915 4317 8465 4783 18308 6261 24634 17963 14703 28613 10130 31327 31177 8153 18389 6522 20712 11625 23593 31440 1514 13941 10876 23416 26479 11392 5232 953 26262 25653 17850 5131 17244 25032 18466 10569 1640 629 31489 6494 9838 10499 28651 26590 17294 19504 23158 6549 31056 198 6501 15005 28231 14547 7902 7392 14277 29842 19376 18974 15230 28389 17294 17630 28635 11779 21672 1203 19124 25225 20115 17862 1771 23949 22268 21694 26745 3048 17239 17896 26216 24128 15257 32056 1190 26046 22107 23503 15357 9296 32074 16708 2524 14481 6698 16406 5029 11791 8128 26420 6204 1957 13325 4398 6927 32475 22395 24936 6001 21173 19562 32445 24693 29070 20744 22858 30530 31060 26501 26194 32018 29833 16121 15830 9217 17710 8404 32163 1352 16248 10633 25005 6389 25512 20594 11929 31662 5030 12795 10653 12876 24784 26773 24366 17205 5691 5832 11178 3064 14489 16089 25274 31670 21052 21599 4971 21311 32241 1030 14773 10878 155 7347 22153 18664 29184 19282 24707 28686 21034 8064 23085 27630 3006 1830 12106 25091 15499 17046 19931 6217 17846 587 2421 23586 2970 13387 10435 14958 20669 5097 23346 29321 8218 8446 30440 1738 9482 5825 16351 26344 18969 28859 26725 32684 15828 3779 742 6198 15617 28515 9175 1759 22364 23197 16308 12365 22459 30967 2454 21275 22176 18552 26280 30028 25374 29471 16611 4861 32719 12110 31440 31895 21190 13220 15798 3944 6129 10127 18323 29347 24724 5267 
31224 8111 2798 19848 24950 1063 30579 19178 16756 8838 29290 8078 14232 9343 26466 32014 845 18650 11771 26849 6690 15147 14296 32160 23003 11660 26357 4019 2617 3088 9562 10968 28455 5528 17221 12960 16792 8216 20344 5452 14961 19578 22683 30160 30112 3618 5791 6596 14357 14234 4839 19419 12905 4042 18275 26698 12584 2505 8990 27849 4182 15181 3478 9973 21021 3661 28834 31286 3008 12558 23328 3208 7472 151 22257 21314 12672 23678 14931 19942 26725 7329 27682 128 20499 1533 6692 18486 30587 13132 20494 27654 5789 18174 26411 15999 7936 20115 14642 21449 12909 25850 29924 30370 4888 26310 20327 17570 778 16832 29687 11234 3925 20660 25313 1703 8386 30239 22815 24623 14530 28351 10611 10824 15866 15092 24306 18020 21456 20417 15044 4019 18679 4010 29615 5129 24976 15218 27546 11326 12940 21201 8723 27044 18008 3962 12882 25427 10356 19423 6355 10325 32230 11017 21915 21231 20038 17781 7939 9965 24511 6990 16098 30736 6385 30622 11687 11076 15873 30274 6561 17191 494 28956 7105 11988 4359 14974 14882 15986 20276 18912 15903 8791 29974 28804 2238 7203 2087 15195 30169 28494 3379 13436 14908 16231 26988 12737 30376 13126 26431 1624 30880 30641 27559 24296 1543 397 26480 22798 28885 3009 17004 4315 22413 12649 6981 2598 10256 22906 23986 32499 2087 15315 21048 220 4359 7401 30595 17058 15657 9956 26816 26428 13521 21619 29151 9908 21958 25753 29924 32765 2310 18253 14495 23517 2198 3041 32674 15361 19748 27714 27414 3777 25922 11739 6192 28031 23315 20633 31254 21707 28461 24725 27081 21518 16097 10942 23625 30012 8296 19105 9839 9825 12989 9679 31946 7588 27775 24215 6451 5814 2300 16164 30315 28771 7378 13929 32712 20853 31616 29707 19380 16709 4390 31490 13670 6519 5056 2721 9756 23102 323 26321 14278 5820 11100 28210 8370 5463 27117 26706 4264 18770 29504 12714 32054 18163 4359 28460 23675 6094 18919 31132 26689 8886 6327 15547 32198 19644 4037 1682 24278 24999 17753 2788 13519 5197 18132 1541 15262 923 26357 20632 675 28725 6197 2031 24639 2925 4065 588 13776 21004 18389 24939 24305 6561 21957 15338 5193 25651 27874 26739 1263 8893 25861 18294 27348 24812 24462 8517 6873 30209 8615 15885 14322 14349 27859 18882 10249 24068 25460 349 23585 26764 5326 15798 30136 9008 20877 29108 25503 22916 28996 30132 15066 26087 21692 17792 
18653 27783 32153 22340 17217 10917 14007 5901 28981 5937 18863 22851 2704 13451 16098 1997 5632 9013 21060 1818 1874 32167 837 28260 30674 31008 14250 13317 5715 19100 26929 9061 19738 3214 28471 12074 24469 27922 18488 22545 16026 10219 31727 30107 6956 15483 18717 18144 27421 20342 20543 23678 15458 24832 7526 25473 14331 10476 4737 841 22884 5147 21170 3286 24381 27429 12156 10365 25664 31013 18616 12686 17475 15149 4433 11236 18715 29115 22166 15919 8537 10357 9516 30468 1961 24460 30769 26314 21651 21614 24344 26578 25911 20640 18164 24321 15071 19198 19377 5150 1772 22640 26480 21847 22423 15005 17930 3164 27814 28134 15355 31029 32278 7976 25412 2607 4340 16079 14274 29509 11890 30803 6673 21411 17828 14290 31373 3355 8930 19964 1242 25209 17993 17261 11557 17977 26965 3157 1407 28965 9597 8125 8061 16415 24838 22743 12153 11918 22091 31900 2081 15475 28134 29058 23659 23431 5663 27220 7497 4817 16573 23826 3391 26242 6505 20550 11201 785 17202 25457 3317 26953 27512 17230 18327 9345 12990 14420 5201 6206 5119 8539 23146 8779 25729 14542 25955 5906 28307 20552 22179 2152 24583 8278 97 14365 4268 30631 32129 14595 26416 14380 31425 940 1327 9259 29992 21497 21386 30710 26842 3392 19474 7203 12691 17784 26401 3493 25024 7782 17259 13596 6519 7490 10046 16754 25799 859 25664 31914 31778 30699 21955 1168 30795 10023 29964 758 11275 18545 26371 22611 27138 11838 18333 22448 13872 13676 16894 737 28867 23537 17385 32696 7928 27380 25545 19987 14581 15359 3874 9688 20600 11823 21630 6442 31216 29855 29777 17634 23111 29580 24752 18267 31909 26049 20424 9085 22969 14728 7052 15910 19430 25361 14077 12424 20530 17183 3477 5967 27169 21947 16932 527 24978 28849 6709 6377 30418 29518 3662 4663 15177 25637 19162 23434 1063 11984 28773 21096 24531 22260 21823 27016 16892 5962 13552 21596 28910 26255 26815 12121 2658 22056 5702 9247 26561 27942 10936 12642 17782 2974 15971 14589 19860 31045 20571 8249 11599 21691 28914 12662 18074 6432 26851 5081 15389 13387 113 22065 1574 13465 23262 594 1186 4452 30046 18239 17476 17268 6646 4932 1998 15732 2449 2358 31039 10685 3036 18675 32121 8957 11167 1721 348 330 25831 30268 3614 3509 5712 13324 4211 4987 20254 1903 21666 19793 3343 1353 26671 10431 8022 25876 1088 15283 1232 13068 11742 7169 
12906 11120 16736 29350 5643 29405 4358 3145 27294 13971 8143 958 5522 2408 2852 22458 23596 16754 22317 4032 31715 10590 28235 13348 25995 20394 8797 31964 7526 5018 24737 13303 22129 21564 9575 26463 21704 31004 15217 6382 7047 8787 11721 17799 1329 22956 9005 26463 17971 7823 28570 23056 15871 23952 1663 4663 12895 561 27971 23933 19387 9914 25995 6295 20784 5026 16499 1627 22331 406 9453 4882 8222 25025 11352 28160 27383 17360 23889 1344 28969 6610 28674 5378 25173 22405 19000 5278 22645 21974 12461 1225 25050 25967 29300 15959 21885 17501 31897 31214 22856 13072 32252 20691 32342 1784 16749 19232 2763 25559 9545 15521 23761 5154 20307 24494 27011 22029 1440 22399 22781 3642 22295 24447 7234 5879 32315 9566 2805 25141 5992 12534 24789 5833 25511 25134 6572 6896 21348 18333 11097 29798 9314 6215 20183 2618 26822 28614 28440 10440 25199 217 12069 827 9304 4038 19706 30964 14522 1511 27217 17936 8602 3888 26044 7583 26276 25989 15783 7110 23076 7444 13258 12177 2729 28941 7052 5645 7246 889 10779 11818 10503 32082 17404 7187 32638 28263 22579 2687 29976 19713 7453 27567 15272 26730 9435 22067 16004 29803 25004 3556 17018 26640 13521 3214 24432 30822 21754 3624 26758 9904 28339 15077 22564 19380 17475 11402 14674 26076 25169 1352 25703 23442 7522 13430 14004 9393 21579 15847 11405 30973 10025 7494 18678 24875 10604 24179 20384 6924 2203 8274 12846 5945 1336 11443 987 15983 16411 24921 24034 22820 9337 31107 13046 10297 7929 20727 16024 19423 802 5906 12554 3035 3627 31987 31916 29096 5805 15112 26730 2976 7300 26233 18625 22079 8989 22780 24334 19835 2758 4684 24956 453 17022 27700 13718 14741 11405 17275 22983 15016 1000 18766 11636 19648 10190 32332 12305 6704 8450 22926 974 19401 21167 16177 5546 1383 29880 31592 377 30260 3374 4829 7977 11329 25155 24035 29866 12563 20761 14198 22936 23472 18589 3230 24121 23151 9028 10154 8687 2181 28675 6445 31126 31641 11638 15152 26476 8655 17554 24722 27470 28480 32375 25097 7381 22332 18449 29264 21825 13961 22192 882 2455 5594 26605 18626 18947 9513 22030 3518 1173 7750 13392 11324 24292 24946 26034 28716 1849 12543 11953 8668 3131 13536 3068 28177 12658 12184 19270 13078 26591 6297 4518 8855 26717 6265 12553 29948 26815 30923 10273 12283 13962 28444 1383 13153 2587 24644 
912 29282 32380 15590 7199 3498 4009 2435 21628 19043 13686 22884 16138 30866 13372 24717 30229 11831 25646 28115 8807 11522 4114 24661 14630 7419 29373 2635 3997 458 1048 16607 4107 2526 3809 29066 20584 12370 7660 16144 20201 6314 7813 27916 3412 12154 26491 30996 29164 6759 23759 10758 30789 11676 2759 7231 4888 12625 419 18594 27405 17638 29978 21815 12815 30985 14061 6109 9122 13358 7803 27613 28466 8719 21523 22510 11555 18920 4318 14374 10004 11617 16922 21245 13392 31917 5773 16031 23110 409 10136 9188 9349 26106 18029 28624 23876 11598 18014 3952 19680 9847 4652 4746 15009 15343 13161 6454 16832 24364 18960 17517 28814 1696 13489 13105 26233 31394 21164 16081 25297 16097 3746 15609 14601 5724 10121 19293 22750 6430 4714 16690 5762 27082 19436 2992 4307 30647 19362 24119 22072 19135 13150 7354 27520 11990 28585 17133 28977 23045 404 14295 17725 28703 16669 7096 8129 18160 21187 19711 27188 29821 17167 26061 12591 23137 14826 26762 23645 4626 27710 25388 12000 23726 21872 1461 30427 32358 2200 28940 19052 20544 329 10959 26079 32318 24849 31375 13141 16144 18087 1042 5211 7619 5167 22788 19665 30101 10397 25688 31240 28248 10576 21730 6065 16469 8088 30594 14398 20255 20891 29779 18262 5346 19239 23006 1287 32462 12356 10362 8693 30881 23553 1242 7179 23028 11322 20370 8624 13361 26848 24190 32597 14225 10622 20997 19107 2271 16202 21944 822 24696 21401 7032 14150 3921 30441 23803 2019 9873 30859 10925 31682 23093 7050 28152 27726 8178 12698 12972 21555 26925 22132 29594 18970 7509 31651 17888 19385 20944 20638 14133 11114 22848 13295 29841 12340 19140 20542 14732 904 5393 3426 27459 15564 10937 30150 5907 27643 9223 1904 5942 13447 32226 31420 2272 31432 7697 1489 31160 21314 26616 26249 23958 21701 7990 6950 2678 2991 25403 7871 26013 27688 25474 21114 100 16114 9402 21214 25362 29538 23892 32657 13764 13452 2582 28409 14009 25505 16233 22232 24571 28295 8699 19123 23346 17126 17148 28750 15716 30862 29957 1603 25524 1444 7123 8482 25636 30488 25924 16285 27001 405 27918 20541 9068 31231 30780 8730 4566 21076 49 15371 9028 3887 24043 19685 7364 31187 5550 13859 26933 3078 25138 31283 21771 11608 29846 10739 7836 29392 7231 4980 1356 8520 31426 30719 13680 10047 16623 2173 23587 362 14891 11850 3014 32733 25922 29859 9620 
13164 20804 4846 7825 19626 32578 19640 23552 11173 8678 29623 26541 9493 19504 26931 31072 28495 32614 10190 14672 30604 18336 18765 20209 26271 26344 15849 19092 7681 386 26681 22711 32556 13603 21270 1105 3129 16781 10159 28942 32090 14141 21267 21096 8287 16915 12801 29010 10073 24438 7979 29766 12616 21491 25388 14551 5625 30602 29303 15143 2287 1551 32170 21664 639 17151 18493 28064 2574 6384 29799 16635 21153 23898 14040 19304 11960 32300 13366 15326 15616 785 1092 6113 30172 31804 14000 3727 15930 13981 27746 10834 7109 19986 4710 2354 2176 27787 32552 26943 27702 19303 10815 4354 4400 7176 7553 24504 24866 27603 1734 2027 4998 878 1578 18800 4869 8992 22494 7198 24267 2578 190 30779 1149 23570 22068 3023 23953 10912 6839 22554 6372 2209 17272 16921 25615 19846 11246 23846 6879 2362 5049 10489 2427 18239 21140 5051 5996 2446 5255 14289 1443 485 32465 25860 25431 28612 26864 7922 5483 26468 29710 11962 12978 20595 8277 6604 7601 2480 19061 8531 32579 8720 24820 21573 21748 14248 2640 6273 24850 436 31178 13133 24388 30201 5806 26412 6038 31766 31134 4388 31811 25702 16171 13870 6656 18755 27430 29350 11800 13720 7557 2307 8161 24128 981 31474 13698 21207 11527 10693 3126 6942 4695 21199 12383 12252 4881 29514 25465 4279 15572 32204 7803 3881 26469 23741 29066 9951 21835 22746 29204 8310 21872 18751 21345 5140 23933 8589 15784 27789 32651 18577 7352 3097 16574 21640 5202 653 7266 6816 15447 22734 1023 5783 14334 22409 12097 23160 16092 10586 31347 14968 22495 6079 3327 1287 22984 15741 32713 30174 4366 13080 6229 30717 21762 1365 11391 819 11300 6826 19968 17584 8788 25388 13124 6485 7704 18948 12444 17254 8176 28584 26031 11512 6562 10636 28649 31859 22441 10440 17447 4651 5125 26041 29985 2317 27245 12074 22832 7229 18309 27429 28534 12172 26378 18140 4526 9563 32758 30580 15253 15552 31410 1550 29884 28194 5494 9015 21825 18964 7273 30700 12504 2924 29399 15590 31477 20378 15167 31699 11399 7916 19977 12284 22087 23165 30029 10708 11147 29618 31357 21628 10856 11340 24688 18869 5691 25862 22020 28455 24371 30812 10575 27283 31240 2758 8097 291 14630 14390 23764 30909 13456 8211 12100 12952 1983 8436 28875 25161 30152 26706 22698 27054 22446 23242 27758 395 22653 23574 17456 20220 27406 5835 6686 27083 30092 17399 
12157 8196 165 22963 20139 25136 11518 7862 19608 12690 21272 17551 28580 30368 2605 25854 2355 423 23651 14791 26196 7891 5801 12830 10415 9632 31947 19271 28364 21936 3242 15740 30433 19059 25702 6282 27737 31277 11700 19895 7116 26882 14370 9026 24590 17901 9238 1346 25158 26266 7756 10101 4158 8386 21801 29176 8581 6066 3430 19542 18403 12138 11057 6563 15454 3321 8560 15157 925 16028 13564 3163 18840 28703 390 13969 26855 2643 28392 9468 12421 10121 14861 24621 21318 10532 2840 23328 4759 11994 21211 20255 25792 3756 3030 32307 23485 3314 2947 12710 5371 12047 20708 5421 16291 21840 28763 4860 11588 10028 31665 21471 26541 27352 4800 7919 11254 32707 14432 24418 1680 24855 18404 16068 14361 17613 8676 30938 28979 6027 9783 2298 25340 31586 720 31623 11981 2731 24992 547 32177 26652 17404 178 10436 1838 26216 17058 14689 28115 30507 20715 12912 1553 19808 435 3633 5939 28455 26680 5728 4491 8972 22431 1480 20593 11842 10766 2916 2631 1973 21809 24704 20048 4821 393 31748 30484 8304 32522 19524 24558 14912 31012 29340 3573 23585 3961 15572 9882 4178 26498 32572 16337 21881 19717 14598 15925 2054 31311 3582 14587 25426 3259 16837 24019 28425 8996 19325 14033 10907 4703 21162 29476 6463 1877 13245 26732 26167 4738 13805 32365 27874 4140 2638 10910 23047 27496 14141 17641 22667 9695 10942 13511 6274 15161 14203 24014 18880 30012 28134 3241 12462 23541 29385 17585 7438 31726 8830 24714 3353 11337 10318 28183 9789 20367 29324 23657 23068 25259 4766 30128 23328 32050 10442 24414 29707 8643 9676 6482 28497 30904 11857 17955 22412 28264 13139 16625 27655 7501 6991 3570 12804 20590 4582 28981 13240 12649 22493 24530 20196 14679 16997 18249 337 32212 14524 24559 14308 19907 24953 5751 17672 19005 3280 31195 9519 2236 4701 13957 30691 17133 9845 627 21357 17659 8315 28403 18490 6014 8065 14202 23168 4154 5213 29168 3463 31865 7662 253 4515 9822 10508 1419 16394 12310 31943 21272 24487 29345 6425 13704 2166 2577 17788 1528 12213 27495 25312 319 21442 16228 9979 12801 10031 7825 5524 5141 17255 28679 3213 1252 10838 21782 4525 13408 32379 12588 28310 10149 20123 23981 21059 10701 1651 30611 14004 18202 82 13784 4193 1356 21828 30774 17709 4829 30081 3692 32149 21110 6154 15825 8644 30284 15680 16140 9014 21798 27277 23470 
19788 19267 12922 16276 18885 3194 29220 27587 10229 7932 14200 23133 19160 30168 1028 15097 21575 19710 15159 24921 30272 15977 27116 8809 30665 20997 9828 23415 3264 11814 30371 15923 21664 14376 11039 16079 32585 3347 16144 10030 16865 28866 7007 19997 20446 9350 18117 17927 14284 1068 29740 21140 22429 28313 2718 23754 1546 31850 29848 15547 13580 11126 25313 7573 6130 920 24042 2044 3656 4478 16726 11266 9299 1354 13293 11109 173 31403 25465 7713 11191 3742 32240 23561 7333 16734 3069 24983 31135 6565 1318 7813 26562 7713 27061 9476 28470 3629 19751 18546 30006 19132 16455 6324 14974 31929 5907 21093 26002 28523 11661 5731 5404 8689 25073 28624 16556 5712 30303 20839 9618 24632 24806 10524 605 9703 32205 10313 22119 1857 28896 12976 24705 31003 17839 12251 9836 21605 19462 16016 6574 31803 19354 18869 19095 9342 9490 12895 7491 32323 867 12998 19406 26467 6519 25712 22664 29705 20752 1494 28833 10153 6001 23843 4024 12534 27613 16110 6759 16650 28583 9745 28415 7129 26766 4971 13309 22485 12709 8055 32031 899 8409 3989 5162 1223 13781 17911 30680 17687 16715 31753 17559 4550 16269 29513 3042 26785 4620 27541 1127 30353 28893 25971 24569 17943 3463 35 1961 15459 21395 30070 5386 25192 2841 13558 5921 12921 5731 1136 2839 13183 28958 14154 20192 30340 7516 1591 19573 8306 17295 3503 22148 4538 31673 29815 17317 22061 16222 29509 6140 12736 20030 3003 28791 6190 17929 24328 1316 5028 15782 19129 14198 12087 11612 11047 14108 726 20745 17629 31145 17209 27927 24927 13098 6493 4954 31077 19014 10998 5853 7942 3577 29461 11822 32438 17931 20315 23901 4597 31088 24599 1457 30559 19529 31381 2735 26166 18139 7943 15245 31662 13651 708 22183 19203 4814 30501 1712 17344 7427 15446 29854 15842 398 20732 27719 22559 11071 24554 8546 21920 8174 25819 2939 24132 17243 25509 27795 23348 24818 10754 3410 26311 26020 12159 283 11877 14153 13069 4102 4451 10697 10266 10239 31597 29438 15479 20830 20758 24654 9845 10577 16880 11824 32682 29286 19545 23340 1065 30471 22760 6599 18883 26876 4774 16631 29921 12657 9102 9779 29182 8910 24209 12449 23268 381 1980 7538 16763 2550 28183 2373 14670 32470 19792 6770 9952 19571 17750 17992 13671 1799 27256 25943 4124 23099 18173 2294 14614 10688 25519 28360 19907 432 3956 6833 31617 28104 26587 
4675 9852 4383 17938 18764 4451 19839 17307 10364 16724 25049 14178 12105 15449 21408 23369 15257 7090 9790 29165 10337 26083 17402 125 11213 10051 27161 10553 13418 27135 2569 2748 25762 21101 7124 25979 21578 19084 15584 27404 15090 30477 1466 1957 6601 8393 24158 19846 30388 6621 2390 10487 18583 31085 7825 25606 24608 3293 21781 1423 4801 15468 11530 16551 15132 16747 20072 8506 23891 18573 2985 30906 15800 25309 5642 23996 10976 22651 7660 17423 14595 39 14742 2929 18211 13374 583 6352 30159 10040 32526 5988 28410 11975 20276 28430 6625 21864 2942 5531 27315 4944 29899 13676 2751 20192 6754 21709 661 10925 7177 2812 825 10615 25034 27340 27762 3419 720 17906 16717 24976 4377 6926 17714 3768 14441 30632 6414 9935 13742 7472 17429 16776 5149 5628 4221 12458 1099 20222 21260 10581 21826 22006 21226 6640 22601 15598 29109 8546 20461 929 30721 29072 18847 17211 1112 23496 9560 27634 7968 18534 25183 2207 4819 21503 30345 11123 32120 12318 2369 21514 12785 1512 29735 15765 22075 25430 1575 3048 6700 4047 24108 9936 3962 4307 18820 17563 31526 857 5092 2783 22327 9559 28810 918 27700 22807 26942 10213 12551 16438 23441 21589 15949 15171 4782 30517 3651 19597 31908 16417 21380 25180 23208 26486 11995 24173 14687 6527 28141 12425 27742 12428 17261 23510 1720 31776 12090 9968 11580 21482 12724 5070 10097 18074 16797 29640 18265 19858 19353 15737 21010 19906 19731 14718 13499 24071 14192 10363 20166 15638 6414 23475 11595 1671 3770 5161 8543 28462 29001 16611 7060 26036 13993 26025 14250 16649 25366 31974 6692 11581 4697 18020 13266 30653 26960 11461 9311 19739 24371 3774 1401 367 28693 20173 12010 19625 15397 3460 16453 19663 5956 8002 20573 10031 14902 19675 24234 19740 6133 25278 22488 3657 20162 25309 6288 10599 11075 17666 19883 10686 12963 17590 28536 22527 22506 29111 27041 1450 26907 2669 21374 249 26967 18259 19656 14794 24552 11252 21450 12218 26748 1064 2207 16632 16868 28148 7012 26941 28997 21013 9213 4836 19008 16551 15264 4223 16770 28280 16971 9884 11688 14261 15882 17078 8511 2313 29304 10575 55 472 16220 2706 3743 26756 26745 30989 25159 20469 9324 16194 13511 27290 2350 16590 5097 4524 1452 30252 24413 20830 29227 15694 31940 3259 14115 24619 11301 716 1228 19731 23876 22827 30111 30230 25956 31136 17982 26237 
30043 17844 11997 605 3166 20072 12231 29846 5998 4898 18520 10003 29442 20538 11206 22749 8412 6878 101 3581 13626 13322 9818 19425 15084 1833 7575 26806 14843 7430 16136 14508 25252 17816 19434 9612 2585 15984 21876 18563 12067 11377 15052 11307 22977 17951 3818 21521 2330 19995 18788 8230 27907 21925 1857 28024 13812 32333 21307 16134 30495 22617 16328 840 26802 420 10210 19473 7857 6977 6123 17374 1823 16577 30573 10213 20000 8355 7907 19481 23614 418 20826 18184 3236 13736 15329 18469 16461 18355 9099 13212 11508 19438 6889 15011 15591 292 14227 8069 14525 23269 6134 31550 6766 7655 1763 26439 32026 31372 4434 30816 8377 29913 17359 12979 14374 25268 12639 8548 19879 5159 24864 22430 16587 23565 12133 22572 4398 26380 4235 26269 10304 9558 26668 26910 11662 12630 26784 31314 26247 22334 12104 4607 28380 1326 23821 32190 29042 18097 5507 15817 19329 29822 12328 6165 8957 7920 24605 6710 2328 13750 28540 12139 14916 8558 11514 25315 28016 4227 18399 5035 12635 25801 15657 31957 8048 30915 4745 2525 428 11113 2238 18751 9344 25287 23223 30146 3123 12873 17044 14940 28357 29979 12796 28525 25857 6791 12706 30404 18724 15962 21609 29547 6883 16598 15923 28629 21674 27486 29311 10903 11975 10421 21276 5278 24786 4353 29763 6208 27301 23191 14506 11724 7297 11557 404 21805 999 3149 30564 27474 10104 17338 6398 17521 16020 21678 12568 19991 6355 11493 19162 18416 13739 15056 13101 15365 20905 275 26729 18400 30102 29789 25 7820 28741 20446 6079 3860 19924 19750 31037 15884 15239 29725 26607 8236 13013 3497 7738 32226 28193 29571 21623 28330 26514 8646 20803 9994 20197 16796 5569 2014 27890 30729 25850 8308 6171 26771 12526 32333 10302 203 20664 4023 9698 20616 20860 20279 7185 15668 9634 7192 5256 25303 7665 21962 28609 29175 6754 14441 18436 13764 19776 18114 1846 10234 24323 2579 21117 11790 9678 14260 18196 4062 16633 29983 60 12140 19362 23275 27762 831 15263 27306 2372 16456 24750 27085 18945 27160 31055 12681 18445 12215 10446 16630 850 13687 9245 32466 8526 12686 17028 32598 20845 25143 32238 25906 22336 4702 24401 27316 17723 22457 17156 20059 4236 21179 17132 25307 4394 28888 2994 6214 19329 27083 17383 15968 2214 1488 18796 3580 6507 31475 30752 20048 2758 27644 20674 10364 11117 32681 5386 14441 21928 16455 412 2312 
2147 13231 30934 10597 19960 2594 5644 22556 9718 3060 27313 16135 32199 21390 8101 18492 8489 13707 15058 27089 4051 9050 29981 12547 10241 13480 14785 5336 22941 30954 8606 17094 29609 28955 641 24728 25416 14366 6808 16906 30494 12295 28782 21586 6439 14579 9083 26022 16700 31195 14337 19238 1679 2691 8971 15574 2848 12706 1625 25947 16602 8929 137 9797 24920 9952 28462 16834 545 17894 2513 10457 29819 17007 2061 30503 16620 32648 22877 27260 28973 1801 4281 18307 10284 26154 31908 27604 19784 4468 3678 2204 30050 13796 21001 11159 20808 32515 24630 28700 17785 25838 22141 732 18400 26468 10249 564 26165 8782 4211 6122 27211 22190 3169 28616 32759 18982 15504 6950 21189 21974 12253 20152 5304 19582 15839 1449 23686 2737 4543 9476 25265 32230 24256 8639 19910 7461 16541 10819 1176 21201 18745 11111 12309 27457 10574 6385 26744 27467 32667 2853 23963 1297 19727 30966 22518 17009 26110 21479 20394 9521 4433 10740 29074 31131 19551 16966 19663 6846 31657 329 1041 4688 10443 17518 22365 23123 19335 2286 15369 30627 25803 15077 9668 23560 11654 8403 12171 22565 9555 10050 13915 32173 25630 7202 16210 30565 14906 23437 5417 17793 24014 21584 6865 27635 11545 22798 4489 13350 18722 9503 19920 4661 11514 9984 3144 22414 29777 32101 26988 26737 3711 11275 25985 29686 20557 16260 6494 20796 19035 32692 17023 9961 21064 1893 2080 10316 11926 29015 18774 14078 12133 14844 7376 19691 7442 7912 1709 28877 13708 29760 22547 4988 1076 20304 30155 19932 9711 29310 15948 19518 21323 2249 5512 23317 13038 14605 13076 8794 31985 23046 23860 4994 22168 17003 15668 12430 29788 31456 1626 13012 6119 21285 2136 28979 29349 32647 19909 13780 8743 23603 14539 12603 17863 8548 18172 13027 32156 1001 19160 31627 19154 11673 5749 19112 24591 27196 7355 30232 11732 5221 15663 26849 23988 19466 20494 20616 3281 11183 8142 13293 12469 1840 26956 22670 26192 20397 31544 6458 13972 2989 10288 22286 5319 14354 28167 2383 19265 13814 6007 13051 5861 26482 5792 3430 22894 13269 17958 28954 18163 21161 14997 31980 3605 7982 21908 29449 32646 8546 14880 20481 3483 3482 8809 19861 25838 23906 26053 22617 21334 19645 4024 31835 11301 18715 30323 19352 5245 11450 17367 17617 17283 27115 8576 11736 7014 31545 29372 18596 23268 27970 25228 5635 32084 16439 17197 25763 28787 23067 
5210 21963 25227 32101 15566 22842 5832 31518 31087 29318 15308 13191 10488 32440 16660 23816 7738 4840 15126 27030 13761 417 5365 935 1040 3427 4496 16628 30172 7397 1081 22232 28584 19333 24087 2623 30853 22876 2686 9947 3889 10242 6522 25626 13451 14918 30565 7940 26135 25012 28545 14381 9889 4302 11426 30217 28458 27694 20420 17648 9002 1513 13095 26577 7991 2571 5275 10374 22576 15691 22684 29470 26476 25906 10125 29777 26390 24241 14907 25659 15786 25445 18545 4606 25421 2634 2749 7955 10035 4000 8548 28643 2292 24298 5283 30777 3395 2519 6252 21213 9594 27575 20806 9419 2170 29730 5872 9275 1531 30976 15108 27883 1876 4912 24566 14656 16823 27036 25711 27463 22471 18665 29113 21755 6315 27517 24438 24066 26494 12720 11654 14927 5032 7803 365 7198 17263 27594 32720 26358 8943 17879 19280 2025 7577 21738 32463 23492 949 26077 12423 15289 9701 18926 12183 30024 11664 17352 14601 29698 8243 31456 9253 10957 2912 18661 13403 1892 28790 28841 17925 26078 14028 236 2530 10206 12027 14237 2818 9008 29516 31772 29889 18166 15069 11374 25703 24555 11525 16513 131 7040 32650 28658 24807 8188 27522 23738 24065 14324 6662 12725 5861 11700 1340 18807 6579 4669 28626 8386 23344 5494 22368 22754 3345 26535 7113 24095 8959 19600 7010 11617 8298 12426 22899 31568 10259 6774 3471 28265 17534 30347 8605 7163 22125 6241 2986 13593 31265 13620 20451 31830 23912 15611 11699 19562 18260 16054 7819 1025 22095 25359 3304 3231 2876 3319 19447 11090 30924 2063 9746 5754 1118 22753 31193 25333 14575 5301 22220 14792 10284 14538 3534 5108 7443 9163 12347 29286 168 25419 11934 16876 4219 30597 2880 4889 23402 7530 14235 30797 12060 16893 32223 26108 9488 8001 24038 17308 31364 5018 8999 11228 27608 26373 4805 5155 3691 21686 5626 21580 16098 32476 8476 2841 20767 9544 10486 26680 22546 13945 16005 5002 26172 2999 26780 24900 9035 7140 1949 10960 23412 11921 26705 19742 13139 2067 25817 3906 15693 13881 1158 25182 5637 12349 23325 28541 2641 20016 11718 4315 25611 18329 10337 31023 12633 30544 20142 29493 32621 20565 2697 10903 32514 1309 22632 32386 31061 27559 21290 9080 3414 7789 532 5151 25363 15801 19877 13650 27977 2328 16125 18462 9355 24909 4550 14439 7818 11683 20118 4168 1926 5305 27702 6448 29376 8895 24832 1590 25890 620 
30685 16400 7574 32121 22378 14756 7480 11508 4837 30364 5122 9066 5741 31441 9399 12325 28702 21888 9519 12697 25373 24764 24860 21750 25857 22267 8452 19650 20826 4394 13126 6844 27331 21958 11870 4522 20167 30962 24784 12085 11707 18584 6586 6592 13553 16349 9944 26152 15450 5990 16461 32287 9251 21636 28707 1594 16974 3049 17119 27355 10010 22968 30768 14441 14683 12439 29238 32278 13041 24694 23005 24925 1819 19749 19762 15943 3244 14098 24769 3782 16883 23842 7021 3453 15873 19731 6325 16220 15764 11662 20126 30532 21300 2299 15418 28761 31937 22786 16417 11012 24584 23303 200 19796 19871 7142 31081 26912 9125 12969 16033 29726 21400 27087 25702 11727 2027 17162 32465 7310 24421 12134 11239 14511 31201 14516 9574 15422 22443 8219 9001 20262 20683 21149 51 21158 28700 29730 1841 20035 2122 1210 32053 31627 27239 29154 25844 23603 7198 20624 22726 3381 4563 23138 32220 18314 15683 31227 22785 30221 21356 12324 30959 20210 18245 13833 30804 31712 10334 10161 1667 942 17343 20760 5503 13655 8898 20314 29458 12230 13846 16890 5725 13300 15322 20098 6406 30007 26467 3998 18346 5973 31848 30037 13916 31065 4238 17977 25317 16835 5894 13499 9234 17459 26363 1636 7715 1250 8949 17431 209 27007 9865 21441 25025 26331 14538 29643 7309 25782 19581 22113 32039 23850 25284 17612 7210 668 4311 22349 8638 27031 15860 23975 22403 9936 27141 1806 13636 24770 11703 11779 8833 23998 26945 2278 21812 30758 17929 11940 14415 27091 21610 29036 7931 8806 14414 21918 8975 4801 22778 25430 12515 16357 12812 4827 19091 12130 10476 207 26402 24473 9365 23231 24654 19413 14024 21516 8007 30806 17220 21581 13423 6990 17761 13374 411 9928 95 28661 9941 28528 28058 32120 16449 11983 12321 3551 11326 6858 19501 2743 20503 13850 10560 3693 5564 3499 15980 25527 7343 5422 4348 15656 5464 24365 338 23925 20010 17473 20631 3865 342 31883 32016 31340 5447 6099 3045 597 7755 18911 11902 24106 26766 4415 3099 29691 23063 4843 19062 10884 12701 3690 22887 29871 2239 14667 12622 13333 3456 15820 30241 10062 19908 27985 4196 5584 22896 4402 11439 17130 23610 27342 23790 22961 10143 23521 31451 26468 25402 15444 16418 11574 6692 22030 29618 32704 4909 20826 29590 28052 20128 29137 10555 26330 27649 30564 18264 20448 17211 23216 18521 4964 8149 30362 1194 1870 29562 1589 
10596 23525 9382 25676 21379 30607 22534 9462 28696 9275 6029 22603 16528 16521 13147 15846 24981 11400 8871 21977 1896 26711 26693 20514 24582 11708 17388 10108 21623 26405 8792 19836 25698 27467 15688 4015 17652 22075 6278 11684 28043 28017 31732 30772 20158 7109 5045 21414 23530 1933 4986 20515 5642 31187 852 5977 31506 28682 25302 27604 20649 2512 5653 7730 22071 3723 29158 11091 2908 1681 24490 231 14093 14371 15446 30786 20299 13063 11243 19045 9857 666 6429 23450 9124 29014 7220 5034 26634 19695 14851 12407 23226 9075 6676 13613 8766 14196 10104 6443 24377 20198 9883 13308 11180 16667 11564 21542 15212 6004 4658 25741 2935 12318 2911 13153 15950 15852 21002 13183 22508 27215 23022 4843 28088 15648 18373 23790 25228 13884 14909 74 15228 31896 9371 22577 5702 24848 6995 30368 13421 16733 23301 29776 25126 23818 16111 27304 5690 21318 24582 25891 5620 24340 9643 6564 32478 1303 24519 28780 9657 16195 15652 5798 851 11878 700 8338 7339 3870 27478 31088 28533 22391 686 19229 11739 1065 21457 31495 23358 1674 28981 2100 7535 18283 24945 24533 8132 27690 4299 4325 23403 25885 9786 20436 26196 32609 17636 10782 7175 31086 14259 23197 14192 30081 1627 5812 21145 14436 3268 13579 8214 29037 26760 6422 12731 10089 28379 7738 16160 12161 10953 27749 11651 14040 32174 13950 9063 28126 32065 12616 16329 2351 22218 7594 28493 9766 16642 7165 21272 2921 6109 31120 28373 14267 7428 14750 17483 15375 29492 19945 26023 2389 8900 19106 17627 5721 11261 6009 16132 10089 19906 11904 7477 11823 16547 25034 4173 20655 3134 22177 28609 949 11139 13470 31686 3723 17452 13837 20466 28495 3240 1117 9269 12746 24923 30714 21802 16424 20371 8079 26528 5468 15742 21446 25995 7383 21379 26322 20040 26797 28998 9505 15559 25118 13637 19492 11089 9535 30845 23701 7755 26282 3274 19286 2232 2103 9744 27789 2292 8969 9395 24785 30477 27963 31491 15722 585 6544 3012 4548 32663 21207 6529 7286 2056 6225 15260 16519 16737 29425 7918 7524 7250 28367 7981 25558 24221 9838 12350 28998 31162 16674 15683 9227 27490 7165 21871 305 11458 13226 3339 26397 16171 28347 18087 11372 13225 26226 5708 2005 3629 9072 12027 1622 2409 13529 5850 23066 738 1304 13858 10449 16191 18080 10940 29605 6496 24885 20402 20354 22550 13569 24281 17047 2640 20775 28621 17127 
3854 9952 3699 21686 6430 13126 706 17646 29770 28402 9983 17274 15396 11763 9206 10072 17091 16668 17588 188 340 21169 20988 26457 1156 4628 16648 25418 30384 18400 5792 17017 13279 27637 21292 26672 14413 20569 20702 13614 5828 24845 27393 30375 8210 27518 1971 30282 29189 27077 17373 2757 449 396 1034 3198 8426 10479 16656 22831 21835 917 5820 9438 16207 8284 30307 9932 1358 16029 10427 814 16653 22255 15971 22945 16402 24547 2843 1987 20459 24237 20908 24826 27488 6106 30700 30923 27206 21189 30230 25847 14006 7496 26238 25660 23085 30195 2033 14824 32693 16616 22459 22909 12826 27251 19736 10040 2727 15407 31377 16743 23338 18316 889 19165 17141 20068 6811 25748 27633 7434 3900 23555 13054 26758 32339 6319 9748 28768 14444 11148 13268 7751 24432 15043 2630 8319 13118 3678 19055 23104 2967 17505 24713 535 26467 28649 3942 4317 14994 12273 23364 9557 1801 20644 9172 28755 18380 18191 18489 4689 11561 30682 22759 11054 667 2045 178 6720 787 29768 14711 18651 21973 2807 10346 23533 21129 22799 29352 22147 10519 30072 12365 25105 788 26330 28361 2243 2636 5345 2570 15437 154 5918 32628 22878 30967 32455 15739 26871 13439 8451 24450 30930 18677 14072 18720 2937 12089 4981 12567 5455 27445 31711 18892 2818 14589 6227 24618 5871 16094 12471 13368 20276 7593 6707 9080 20449 7508 10897 22147 4218 18482 20751 18175 9040 30605 19968 11368 31255 1828 21037 8030 17215 10453 23952 11459 13339 20160 11894 15794 27577 31915 30246 4013 4146 22095 31922 28360 10202 9556 9929 23635 7467 22504 25737 5165 21997 7585 7395 10785 7587 19466 7579 26535 12540 7047 22075 12224 23482 18390 31121 16749 1507 17411 26239 9454 9045 4906 25814 22809 9510 17027 6969 10892 31975 13735 25958 1187 19322 21645 29641 26630 29479 19884 22322 16431 1798 15666 13429 31390 32608 22180 8742 6086 10082 9878 28840 22469 7679 9974 8452 15311 3323 26302 24778 25003 22422 13489 9048 30492 20278 29208 161 16052 27890 21967 8456 15047 18342 20299 32734 29621 12976 9656 2529 30305 28423 13179 21827 1995 19003 14182 4573 29278 20543 3267 31737 24618 28620 12203 23161 31145 29080 3449 18467 26268 27036 18807 9894 2875 4326 1970 2078 28848 21640 18773 18688 4432 1981 20944 15376 7088 30226 17112 17955 31096 2261 17668 29969 2772 21688 9880 23303 16209 2516 18947 7994 
5789 25387 32235 28127 4640 2828 4859 32078 20167 8568 20072 11691 24650 25935 27399 8417 10002 17030 12066 22606 31416 14100 13801 13538 2381 6978 6019 5478 22847 4884 12808 2316 32628 30192 13084 12123 28301 20522 7718 31892 31291 11039 301 26240 1470 22453 19148 23997 30790 15995 2952 5220 25288 26787 20453 9656 14676 28635 5456 21743 32700 19090 19862 3387 24625 5080 30962 6009 2054 26496 10954 20617 11483 26896 25469 25143 14262 13120 27227 21835 4867 3115 4627 2597 21991 31418 16300 13335 6793 18315 824 30584 7001 6160 13679 16229 18651 25121 18123 24941 22113 22417 2475 14514 4994 15257 24485 22257 3037 8443 4838 22564 18158 12022 14371 3745 13519 2012 31837 13372 14508 3926 3857 23939 3404 2854 22974 14946 28320 7680 8611 549 31921 15720 3659 10951 31959 3067 24385 1201 19069 12116 25470 12746 31978 11844 1067 26309 11965 6435 15201 18294 22117 6672 5815 21374 28908 8643 8721 31567 981 13062 22318 19479 29922 29735 12873 28549 15056 11732 17898 167 11162 14377 9730 3033 14881 10412 31405 23324 3581 14925 4806 22234 21358 9506 22661 22091 30203 32258 23368 3714 12083 18351 2287 29668 9404 29650 9644 13673 5080 22741 30199 24511 20625 30023 8218 9679 9102 8828 30652 29908 16117 101 1134 16845 23199 15699 7093 18475 5756 28847 17621 24367 4935 4825 6365 8058 19403 22865 23537 28319 5611 19855 594 4643 11662 21195 1882 23503 28100 6703 29234 9509 13416 25467 21658 15654 2041 26349 7329 22003 6226 3206 16448 2853 18020 21712 25613 11769 8354 12890 10893 15210 14859 3400 26305 28683 8442 13586 17821 21921 31859 23069 23348 21424 25014 25360 22725 28444 8219 8536 26489 10798 20334 13651 22940 3795 1146 26050 28863 1714 2564 5377 505 5923 13913 2644 15528 856 29720 10026 2236 3692 28674 15007 2756 22948 4990 646 10858 5888 25425 3965 6081 26050 31592 9531 30005 25424 21314 9418 25301 8588 2792 29187 2359 19517 7404 24973 8383 2850 10520 23046 20113 15549 24187 14376 29819 1997 14582 24978 27301 31406 30603 10170 5554 29084 6834 7858 27391 11444 5069 7233 11999 23594 31259 3647 8491 32089 9523 1028 23130 14936 11686 17077 1336 14386 266 9132 5077 21039 17342 13249 26669 18717 19420 5101 23594 1492 21960 30162 1142 31530 14924 19687 17128 21731 25584 5915 9910 4806 16773 30018 24061 24283 2264 12910 8307 30578 
17182 205 1751 2981 2768 2442 5062 22345 19102 10192 2840 11635 5311 3088 371 19926 6951 6742 24690 16690 19857 527 30318 7627 7560 9671 22446 548 17779 11914 11154 7233 23859 24678 6344 15903 19567 21250 23941 30294 7790 4639 10898 22705 10797 19888 22070 6194 21462 4699 1535 3896 19137 2078 23071 7868 26534 16961 26528 4325 10813 2588 2525 20834 8032 9185 6618 5838 8435 27514 26146 23019 20735 17248 24837 22546 20349 14727 10175 9190 8058 1834 18958 15218 30002 24138 3286 31115 12427 30273 6181 10113 27055 7652 19208 23710 5103 28883 12436 11224 29836 31576 21268 21505 196 9705 23085 1725 13419 11592 28922 4324 3072 23956 28511 23389 14768 30250 26236 32547 12768 29416 8465 19705 21087 32412 27807 17194 16892 25749 7483 9666 18564 13533 24483 15473 9031 18333 366 25188 12364 30981 5823 16538 18398 431 5413 4210 10246 17306 2621 16756 11255 11483 24054 12858 26824 29804 3625 25579 10299 23943 1436 18419 7521 11155 14590 1931 32619 17351 2832 5586 22232 9317 17135 8238 16353 13826 14890 2183 1291 22710 29900 5894 24319 21271 23699 31102 31489 1873 15087 31266 4461 27039 23288 28842 1505 23892 14812 29352 32127 11953 25600 32184 17691 19267 20345 14991 10316 32289 16921 3097 3802 18739 12708 20583 23540 15886 2688 6878 31448 31304 20215 12927 4656 10238 4378 24119 23294 12613 29005 14508 23271 29824 8253 8092 23198 21052 528 370 22721 1776 26446 14176 5210 1051 21685 2115 8343 31216 17489 18491 22931 29779 13339 30471 21607 14005 26087 3116 30800 422 703 47 12390 23384 30479 31127 8923 16055 4707 10938 23827 22107 18021 23100 15516 1482 18866 27136 19546 5679 5834 5609 28447 19214 26268 8140 271 28694 8010 1470 32373 15128 20390 5561 2953 27649 23263 15851 315 4465 6059 8843 30568 7086 13475 18955 195 28179 7562 27577 27926 18338 22264 5253 20998 21715 18869 15328 3224 9361 4807 12356 17447 5159 25836 6987 23498 21202 3411 8277 11873 2640 17025 5883 10391 14771 12578 31304 29908 863 21188 16422 27616 1492 5259 24667 17030 5024 4093 16228 29957 24193 14152 29060 20308 792 6807 15729 17802 15784 10166 22072 8536 5623 11827 6165 7048 3349 12247 15798 11366 666 373 13932 29999 1651 11502 11371 19291 8975 15970 8472 17463 12061 22955 20907 13845 16805 5385 10367 22109 25805 32017 7514 29038 8915 18284 25095 
23069 32264 25632 19107 18521 2078 31796 12808 7783 19383 23970 28013 15156 30417 5520 4215 27706 28443 18240 8726 10552 26408 12289 26202 3626 22842 17851 28625 30263 5923 3979 20496 15222 14901 29667 20722 29737 24432 28703 15566 25778 11614 10752 28515 12520 12395 15590 2503 7228 26762 15528 10106 21811 25261 30577 23375 4083 27699 12224 26308 31501 28489 26494 13546 29942 26047 9708 5581 19514 7488 32042 19926 16683 32340 17255 32119 29683 14798 28025 21918 17706 31186 3903 10595 30963 23047 13134 20663 19738 5003 31909 23366 26481 20918 27544 28286 5167 12079 23736 7074 4048 19679 3508 9943 18745 6918 6599 11329 8400 14353 4782 26765 16432 13180 11005 4635 19584 27738 193 6757 14210 30109 19881 2566 10176 11292 4905 5532 21853 30529 2995 2163 16395 28654 28910 26031 1601 10021 28434 17973 9718 14929 11281 8984 28671 155 27116 5427 15273 6802 24695 21188 23205 10857 5447 12147 3050 15754 9792 3618 13728 10251 13365 21180 10527 29866 11726 31360 24619 8012 5046 30361 23398 6923 28510 14969 21555 4747 3531 13282 4690 12787 23211 18891 14665 26165 22675 16586 26029 28554 15929 11632 10494 17072 1454 9134 32660 14970 7332 8711 31699 404 17712 15977 18196 28109 13089 17878 14782 28596 7353 20702 26513 26786 1001 15084 6786 26376 25469 11225 1758 18613 9550 22595 9140 26143 17767 5547 14349 4558 28889 19362 17953 24886 2015 14173 9434 25201 19485 31211 493 28341 10858 27567 24506 3746 1501 26506 12627 25806 17693 16208 18247 12064 29078 10928 9761 20538 21732 24020 10206 30747 30974 24110 13340 2120 22459 15915 24961 16938 11938 14649 20844 24435 9399 16216 31140 18973 15896 9333 17403 13026 29101 28882 24225 20458 18626 10611 15170 9261 27320 26914 20513 998 24192 17705 32306 21397 14832 31874 2224 30658 7769 11481 29705 7185 7349 7383 6175 3240 31789 13154 674 11456 30470 9107 26302 25057 8675 29302 20315 26559 23869 26842 10729 4137 9786 710 6886 10871 19729 14277 12520 26461 5469 21110 12107 11680 9664 23949 19284 28553 5435 28489 7503 11552 3328 543 27226 16343 32077 4840 26606 22598 6943 6488 7632 29231 13128 9846 21718 6925 29995 23937 30841 9683 13580 15045 16252 7845 15259 2913 3384 3467 7786 25116 31486 17787 32521 9816 27819 13926 6283 8852 24501 21990 4784 21593 11133 13080 7262 13704 14668 10001 19908 11121 7263 22072 28166 6686 
1327 19320 4647 16561 10739 16158 29370 26393 5538 30428 22568 31613 8214 24899 3572 20925 7766 27346 24754 26532 1177 25136 7232 27086 20022 29196 20542 24746 10369 4858 4272 31006 7713 21118 21464 14427 24297 6330 26751 7050 13001 22329 11554 14584 6661 11505 8560 28177 19667 6969 12380 1946 12445 5175 26374 1427 30517 26260 28378 8048 25271 9143 22649 22797 16872 2359 23968 31078 2194 10208 29379 28939 32638 27633 14233 14727 7526 30897 7631 16353 29486 26227 19886 838 17445 22658 18556 21384 22974 23499 384 8885 14322 16780 32555 7658 23960 24832 21750 12923 21834 21044 11447 24749 14718 27475 27187 17725 12117 19615 26522 1771 970 8541 21662 11998 27760 13332 6446 20658 27401 1071 21826 18453 19981 29857 8144 17021 12673 751 5619 27771 16400 31690 27704 30470 15809 23994 19696 3269 1389 12498 31021 32365 30688 12990 3200 4534 12727 10895 4030 18685 8009 26662 11991 10822 24057 9970 18145 15848 3107 31706 16226 11382 27893 1208 19822 20337 9574 29309 12034 10531 3813 19970 23849 12439 26957 31966 26867 14998 23930 21197 719 31416 2706 21642 11421 7683 7756 4903 9500 27200 30877 31801 25575 20511 1081 25022 31846 20339 2571 15048 7770 28473 3268 6162 2259 9994 20378 23383 4283 25419 32531 2026 22323 20974 5670 6983 5596 30583 16042 1994 32756 17045 15210 14189 29345 4061 14689 1780 20445 14125 16144 18314 13024 30506 8586 11913 26834 11497 11056 8529 27086 2814 1906 23815 12596 32149 15794 9901 2257 25218 15523 31191 1235 22819 5511 5205 31376 23079 4739 16517 23750 12632 21596 810 27895 7509 5339 26670 2277 5772 13422 21953 582 12765 13679 25796 32033 17858 12000 20543 14045 12209 24171 27770 17055 22600 12890 9063 3344 21415 27066 28398 6490 31939 8946 19018 23967 25071 791 18230 8654 5608 13938 29048 4120 5763 28308 16157 11408 27166 12140 16704 31119 17821 20575 287 14116 26678 16206 20342 27723 13609 16531 17681 3190 3304 21456 20853 29604 21904 4866 4503 5200 26424 19308 5163 11719 7215 1769 25718 3911 8363 3773 7405 9777 64 21268 21732 12280 15726 29099 16665 8214 6998 984 5737 24802 11916 8037 32430 3780 27109 19669 22082 14431 27652 14410 31203 27420 2293 28898 6843 19978 31772 28570 1017 17481 32499 29291 23864 4032 11066 17889 8586 9191 8284 6517 28856 23412 11617 18533 23645 21140 24209 14096 4028 4992 18243 
16503 13169 32198 30574 9766 7570 5223 22656 9249 11766 8210 14247 11372 10596 21109 8454 6823 30352 8788 11712 28166 17161 22133 4809 18825 7847 3540 18743 19649 7188 20610 2518 12944 28452 17900 10195 20064 12879 8264 10262 13493 31462 4498 24568 4958 20478 11438 17080 11845 22737 14213 21683 15575 9306 2382 27449 29258 24580 13926 30376 20700 29772 16180 28309 6257 6986 30096 6247 23669 28465 25644 5467 23854 15622 25396 32028 2769 4580 25226 25023 24260 11147 20137 14937 27493 29153 9139 19208 8221 17895 14179 16273 32527 30387 7385 5574 24542 31122 16375 13823 20254 10564 29555 11473 15720 15556 19515 24147 28889 11987 28533 23138 13333 24155 16919 20629 27553 6673 24887 16864 14694 29408 26447 21936 1179 22794 23348 11762 8979 21858 12877 20938 25886 31015 7684 16413 26105 318 23980 9336 12661 25625 19257 224 22547 29677 18653 28904 30 22572 18443 8634 24349 28939 14385 6465 13671 21357 12856 7962 21961 7275 15639 11334 21696 249 22393 13408 13533 15093 936 6319 11030 13867 14086 9506 18971 32593 29130 28523 14466 20447 22042 4056 18917 16540 14121 6352 13700 24775 28927 24474 14234 3710 639 8618 3137 9994 5146 23254 31110 9798 21681 9935 20887 20128 21620 25938 20636 4892 23348 26102 18320 14192 24015 27433 16284 12558 19478 6702 5201 14905 26396 30922 11675 23144 20677 26755 11031 17654 17380 15324 24381 14509 9708 26614 591 14410 32467 11508 5347 5091 22468 8260 19159 16239 21302 27442 11407 19495 5297 17262 18783 13166 1669 12642 30184 9593 30052 19399 22373 27855 25768 28071 17872 5482 27721 16168 22274 25290 4592 29081 7127 18710 4968 8872 26442 2999 24548 32398 31548 7288 27382 6566 17769 3339 22865 26627 6160 27845 31613 27218 21550 4523 4492 20366 13271 30863 2713 22680 14785 31495 1614 25551 27573 14862 135 23978 22606 13905 11959 19993 8761 17318 16331 16921 26813 7292 11729 27949 8167 11852 12347 19763 27082 112 32057 4584 19165 23117 7648 14845 3550 13998 4190 4970 12483 15878 27564 25930 1795 30471 1784 6246 22519 11174 7095 16446 6300 23696 25530 5011 20519 29991 24146 27712 28437 31370 17107 16534 10596 3545 5387 17697 2700 32275 18275 32393 3549 28321 13603 26837 20361 22162 27707 13864 19740 9707 15064 29062 15080 22125 11875 29105 768 3252 5276 32326 10680 27460 25090 17743 6806 25222 19796 29149 8877 20819 3581 30662 
11947 22836 4204 14460 1503 9079 25721 565 10950 21105 26087 25830 13944 30810 30100 26150 936 6283 15880 20231 25641 9489 29490 283 1031 29706 30516 6362 13818 12596 6646 3113 5868 17930 26598 26929 16540 6898 21090 27969 1640 13732 8577 2701 9352 6077 11093 16415 19549 22324 18732 25610 25628 16960 19255 4463 29667 1046 4243 11682 27227 29783 153 21315 14468 7582 12064 9979 22970 16577 29262 12286 3743 31264 1735 13690 1220 11508 17386 31448 20931 20010 11398 147 7599 15735 6351 4666 29125 8600 18983 28050 9917 15374 11477 29037 4595 10506 21278 7926 13181 16996 38 17138 3743 15226 32620 15124 28190 32379 4101 15020 23147 31847 14621 27057 1043 25409 9700 20775 30846 29130 21742 27803 3377 21441 5790 13446 28764 32150 32497 12753 25923 32617 23863 2757 22218 13794 2072 4094 9265 32552 10755 21610 12451 32115 22764 30521 28153 25165 17867 19693 13637 29363 26652 1312 25606 29942 20345 3991 4096 8174 16161 11182 12409 30303 2588 4614 1202 3619 19761 11107 23858 11816 26750 29891 13004 14849 4324 7037 17854 22706 24969 26303 5310 23102 22604 1435 27297 2295 11142 11575 10014 30698 30226 26842 23124 30030 25763 18359 7723 26094 2801 11903 12261 27909 2722 28737 21252 29833 31594 16089 29205 27354 17194 18688 8845 4336 15978 3124 2863 30827 15394 22854 5573 30623 20616 13866 18908 13188 2109 31155 13166 5812 2722 11816 6820 32572 31656 23238 29891 13566 11534 6270 25756 32446 23520 19211 23920 25626 3903 29659 5045 26010 26125 29715 19081 13602 19165 9226 13028 3313 17255 8448 6660 3533 28585 7242 11943 26944 26367 30440 25174 7648 30084 9318 9720 20754 16133 733 31546 31300 30584 24382 21939 26526 3164 10294 20110 24112 16565 10065 7572 3920 20820 20774 28538 1980 3108 3406 10289 31879 20758 22160 21632 31980 32412 16648 21848 16505 12902 19611 28010 21384 23557 12439 23112 16886 23408 1953 30195 22595 1813 27099 12263 13741 26419 28959 8721 16522 12846 15627 127 13025 26961 28091 25833 1121 26754 5295 14304 21562 2748 23555 4236 20952 17951 21852 31904 24597 10040 6153 20465 17066 1117 10116 3123 27051 292 21072 30218 9095 29339 28343 8956 27677 16050 29066 4170 30421 6487 17157 13139 15848 20186 20816 19790 19456 30922 1178 30047 27210 13604 28273 32130 12551 30662 25196 4273 31030 7254 550 7802 5785 20724 1562 3615 660 16068 16121 
4370 6856 26416 9817 21807 7200 11989 21395 29536 5140 4225 5167 1921 32245 12339 70 31316 29477 16865 19450 25225 29786 13857 17767 20302 3974 26137 1058 1181 4803 9650 27542 11058 18219 27236 13842 16173 7566 14924 964 5853 8572 2932 10114 30223 866 4870 9122 18374 1185 4894 17454 540 4371 26712 28294 25857 21210 22577 21523 7081 23200 20804 17509 11585 10464 11846 18183 32140 32630 15051 18119 25268 8633 10099 31664 4238 24577 25686 9646 17659 3159 7875 12728 12022 8717 7382 31255 25181 24367 3504 13189 162 22657 30409 2473 14005 24479 21799 11975 20407 11460 17044 15937 20937 16865 27203 18228 31746 31027 951 12664 22453 10623 31996 24868 19021 10244 7311 17917 7090 19070 32034 8686 8168 20671 12439 8503 3275 32200 16566 7850 32171 708 18561 27449 23148 23070 2338 995 23469 5176 25492 24184 17268 23904 27997 868 9112 5033 19607 12896 29772 5202 749 16552 18417 814 17688 3197 18983 9978 13660 12480 15237 21887 14933 15759 10163 6637 10269 14406 16340 25254 549 30876 18527 16224 10335 3279 23294 6808 24122 16659 6010 16826 25945 13469 823 816 6119 32215 133 25713 15910 3964 30070 17498 21852 22598 13084 30920 4340 12046 30285 23721 6480 5190 29639 11586 9337 8738 20929 20351 30874 26446 29355 16666 2671 11913 13855 26370 26017 17434 32200 8003 12602 25261 27627 24691 10750 17369 19250 6834 25166 29234 22519 7294 905 10202 25908 5913 563 25142 25859 9598 13905 16475 10691 32387 5610 13849 26221 32464 32427 19245 7153 2652 7428 1200 14892 18050 29836 17487 1801 17422 707 15180 4652 28471 5942 2434 20620 21286 25869 26074 21948 3603 2103 1394 32341 13515 26566 12411 2157 5157 8100 2544 23856 17609 11706 3235 10928 5276 19247 10952 29217 6007 26717 28985 10110 30428 4223 8152 6678 10594 1690 3484 24256 10869 21216 20099 21886 20607 27434 26700 15616 18883 8752 7576 10674 18057 31617 12290 31300 1892 8493 24006 302 24952 19 23714 27164 20840 21489 13056 2270 13994 25231 12750 16104 22595 11867 229 15309 28929 13721 8570 31760 8305 14209 831 17493 5000 3227 32722 1157 688 27670 3974 22135 32674 7559 19883 19902 1605 13194 18368 5223 9670 9664 18382 22035 31686 15126 10226 10277 6155 24642 18894 32509 14357 24824 30458 14425 23712 29796 6312 25518 14977 28428 10522 23957 22181 25221 28186 27933 6636 4837 13339 
12490 10642 7454 13863 8386 7407 23323 9184 25825 11909 31822 3496 12913 22916 1903 12852 25429 2915 23062 16834 268 28058 29363 20346 12 25023 7580 28429 18711 27324 21711 22067 11048 55 5434 23539 23779 9115 30739 5166 10677 27809 14485 5141 23811 9804 22660 17688 26196 12971 7501 12933 31040 28195 22917 19782 21405 13256 1015 15579 4842 25622 16394 19330 11319 7568 6973 24726 32400 16879 23361 8977 2575 2084 27240 29000 11383 16626 16359 9117 25432 9759 30947 30584 31997 10226 12371 20129 3514 3338 2745 14931 2624 14654 12950 25682 27874 8683 18650 16228 6071 22114 28127 28158 31381 3763 2846 13203 14546 21195 23959 4819 19191 468 24113 18716 24858 2749 18256 15600 291 17493 26949 8481 6566 32443 19912 17909 6482 32442 2217 19145 7669 14644 25136 16138 7073 16825 14354 26434 8038 23605 23617 21144 2612 23311 26006 17668 29942 23057 30309 20151 23314 23101 25333 13290 30545 27209 14724 24369 29565 5487 28572 18103 13694 2138 13699 28786 8719 17604 23564 11761 29822 10830 28680 15674 2328 31991 11347 18411 32651 29915 23479 29850 2731 6409 4198 13050 6854 2982 23228 16701 14574 14960 13879 6806 22460 32071 17367 31672 7008 17045 3421 23730 15256 32565 4571 20535 7942 30584 4141 27277 30320 11908 31207 13198 12348 22248 9080 4825 12901 4969 1337 7229 28920 30261 31486 11815 8210 28202 23795 10004 24670 1621 12996 27809 18657 31699 31486 1625 3835 21974 21470 21177 19566 11825 21169 15727 17119 7754 8213 19082 15282 13023 10997 8156 25909 25308 30249 9371 20721 18163 11469 26868 16637 32560 31857 24062 15767 19853 13249 28588 22200 31439 6184 17362 14627 838 19228 6288 30177 31370 28784 23329 32689 19296 16666 22488 29343 9959 31474 31759 20925 4296 29227 24808 22146 31811 22770 32136 20445 16459 18141 298 29840 30184 19477 32425 1041 15247 18335 15319 25522 27152 21990 22000 14449 29750 12605 10503 25738 14620 4669 7925 1247 4090 10435 7297 6969 16091 4286 10167 7879 1435 17081 1557 8483 18161 11725 7463 23652 17790 25409 30739 29123 6135 14293 17506 7468 19623 24800 30191 19357 24200 14761 13445 24936 31509 27918 15002 27561 27187 1984 23740 19259 5580 22966 11528 29017 32626 17805 16755 77 22650 3493 21610 6252 16505 10504 26948 2861 28149 12881 595 19114 10401 2609 23572 1042 26102 11599 11252 32229 8260 10457 31672 8840 19683 15632 8470 
4111 20861 24489 24806 1630 8559 19139 31969 19302 6085 15662 8138 23859 3167 5171 8462 18935 17721 10906 24651 11993 19034 25327 17651 25738 5518 10128 25416 23632 18274 32163 11193 11078 24981 17255 17178 20303 1111 32138 9845 32678 637 17063 31416 17070 15926 27171 29342 25036 19962 17643 24788 1424 4109 15315 21419 15543 30369 4344 2909 3439 9129 26007 31150 30848 17808 7346 23004 4081 17102 1064 6570 20380 7786 18645 6433 8511 26151 14684 6721 32687 41 24674 14878 27497 18007 6131 5991 26044 16998 14184 32644 4971 17415 4038 2226 24199 12013 22096 24256 4358 13312 30974 32325 13483 7327 23271 4768 28051 3782 9539 18497 19263 20246 19391 30600 32508 10290 27657 9016 21964 18779 23925 14559 24257 3120 5653 10543 27233 20983 1271 21833 6025 26341 9642 7692 7351 15873 7010 7371 12808 25755 2369 31184 7394 28048 14710 10757 20386 27083 1736 1658 19669 769 5425 23253 1123 13006 17687 2767 4738 11519 14102 18404 19596 3263 3595 23034 29050 18159 19756 6828 16695 16925 5791 18218 8366 21696 29226 29949 6264 20746 17215 25338 28913 4369 7173 16982 6954 31819 16596 16102 25380 29593 2255 20656 27207 12266 23543 20690 25832 7463 22146 13858 14466 22053 13852 241 22944 31815 11948 19202 9543 5763 3823 11732 26243 10214 15072 31969 8203 30899 27878 18043 10713 844 26539 28127 7854 13846 16766 19878 18033 28108 27824 20191 877 29401 6178 5187 29436 23284 19476 11160 18729 12891 26466 11802 1439 7213 21873 2753 5507 27012 11989 10249 2454 22456 3476 11027 11598 12312 20326 586 28036 13601 27619 6487 10816 11955 5783 26969 8209 21945 30862 12635 25880 31078 28324 17908 23094 25923 17593 7287 28386 19073 14898 22342 24358 3575 13216 10651 8894 26455 7799 32591 22767 26527 19513 2875 19104 29977 10867 20815 25978 25771 25148 14664 10565 15660 5753 1414 16587 20537 9792 29118 25281 14887 30597 21133 26269 8068 9644 5092 20622 24122 25911 5905 14829 16571 1133 737 20787 18368 18032 13097 18937 22285 7000 10464 23042 1544 23898 3341 13201 24032 5660 4626 13844 5523 6160 13510 1933 25350 18284 29230 2476 12460 1093 29698 20846 12766 18782 10917 12786 27946 4741 5415 4466 24958 24442 30261 13621 28235 16860 30956 6550 20874 1259 7886 4242 26838 7472 10937 999 12451 28975 23650 25019 28704 23770 28140 11280 2055 5200 11590 28984 6484 29676 17313 
7574 16627 25333 14921 17919 3762 29747 21595 4604 29997 8733 32482 3639 32185 31102 30410 26537 7354 16431 24565 1596 16808 10272 12534 2726 10844 8847 19699 25516 30762 9652 13649 1272 31301 32755 14566 23049 17801 12820 3091 20419 6112 12866 11808 8192 5964 31005 11861 29156 2086 17684 25570 12092 25392 7156 10416 24614 10198 12110 28226 12472 5767 5529 29644 20552 15743 26553 3774 62 19436 13063 12792 20502 29834 26207 6597 32531 12220 30182 15395 1127 15623 26581 9209 17462 18221 8642 29022 10683 31347 32660 23201 28417 3504 9104 13646 14098 29679 21509 18833 11571 5873 4412 21099 12690 4556 14882 30351 7402 8246 8455 7228 9480 19457 28005 7349 5750 15960 11220 23201 6317 23765 26047 17284 708 3986 7738 28158 6751 22827 24069 27070 30964 1083 7491 14061 29829 2494 11558 13501 19218 11570 24147 26566 23191 5644 13256 11337 17740 20274 46 19322 8298 4683 30409 25961 15534 5158 21525 4526 1468 31339 11984 26189 26058 2680 20520 32014 23072 8939 30199 12929 32495 25314 4853 18169 13847 21351 3258 25923 21407 22730 9320 5185 3797 15292 14913 14761 19915 3908 15804 5922 18939 21011 21019 14056 28053 22427 15085 14501 20667 1872 17190 1881 20763 3048 5049 14696 29721 29708 16824 957 25074 15853 26958 28645 7974 2197 22918 32462 11733 15521 14318 1916 26967 1496 14474 24150 14433 24700 16867 11858 15541 8290 6582 6553 24869 31531 18418 11514 1833 11977 23268 3480 31405 1934 22237 18103 25185 22858 6084 8144 24162 17895 6067 26609 17415 19112 27727 1458 21999 13673 4468 27384 11182 512 19213 30101 30216 14853 17072 26691 24445 24855 28729 27125 17206 24543 16968 30047 15364 31909 20704 16494 31942 22284 11331 23384 5512 10857 16866 11727 19405 413 16433 19857 13490 26056 24010 20134 19997 24585 16338 13687 18663 16180 29795 14020 19458 13461 12570 11371 30471 23300 27836 7751 17949 20349 2048 29464 14895 4240 2533 14628 13970 4982 14435 17413 21662 19917 9370 18476 27003 29953 7039 13836 23177 27157 11514 10770 1384 15520 2078 17145 21759 26811 27754 11960 2949 5036 2249 22277 25481 19278 6621 17147 23734 27955 26255 4869 30422 23737 31577 7138 30731 12362 27211 24626 17902 13136 30404 9701 32301 10900 29258 27471 7406 19300 4201 20027 15672 26216 12084 13257 27164 32459 15439 12695 1440 1718 19488 24288 19270 28542 11027 3185 25083 11393 6107 27528 
26702 6601 1999 18290 22312 28798 24509 25037 28802 16303 19636 10464 25400 29567 27845 28273 21476 7857 20083 6437 25738 21165 5668 18116 28406 32162 28273 22089 25438 29120 10679 11407 10200 10097 14191 13364 12989 18765 3180 25858 14411 21172 31709 2986 31023 24990 3137 373 21604 17717 31539 5039 8031 16850 9061 3977 27647 21843 6553 15901 17182 9058 16630 10275 24103 14116 24772 3280 6185 24833 30804 7958 32495 24380 1624 17784 7507 25949 16595 25053 28665 21219 26079 9442 3233 21802 14187 4343 31482 26858 2922 4052 27858 16688 209 51 229 16477 1119 26685 1879 29928 13440 11703 2316 6196 29747 2489 22857 3814 411 17514 13798 21055 19572 12278 8039 22234 10159 8906 30798 7041 20775 8303 23328 22756 32509 24326 16825 15205 21665 17821 9433 1572 3311 14898 21464 19921 9405 24794 1182 32591 6780 12906 26278 21042 15744 9664 5351 24885 11447 15747 11235 22990 21563 23539 23181 14759 7489 10437 12261 6689 20574 30033 26584 1424 22778 24691 18064 32589 10217 14044 24783 1839 23606 26375 22760 855 22606 19988 25352 22499 10776 27524 19320 9256 5371 22717 13496 19400 15769 26546 17455 10612 5604 8911 9805 28290 13849 30334 21795 20579 13140 15308 16473 8827 24464 21451 31371 8626 23118 31605 13060 29450 6859 10246 22136 13970 20350 23315 14278 5225 30933 15518 17916 32207 23701 17586 8881 20262 28555 14544 23670 20061 5019 3204 6962 19847 13687 21374 6066 5546 21224 28120 28069 22729 7860 25697 13857 5430 19257 5864 22642 3677 6236 10552 22 19240 13497 27243 21672 12288 10110 29767 2539 7966 21448 32349 5304 2828 20595 21557 2758 14203 9037 23908 29795 31330 4345 14195 31599 31677 14809 12249 23478 23583 1656 10612 17999 538 10186 15917 5579 10351 4460 5966 16693 6119 2153 25419 16649 21991 30937 30213 26421 5763 15611 13138 17710 4746 3933 10637 14383 7903 11351 1838 1535 16576 20863 27876 8406 28121 14357 20291 20520 2111 8238 2848 20270 11240 329 12563 11441 12058 140 15006 14687 19902 1096 14642 21124 31054 3618 31407 27785 20320 25963 418 21549 10053 21742 3574 12938 25744 27621 11643 25797 4928 15227 27389 24942 8276 13455 9333 25160 18374 27439 14739 13762 2315 3076 25089 12670 8208 27094 9681 5199 1180 3876 10482 21674 3810 30358 8275 14595 20366 32212 14226 20790 12578 18022 28293 4742 25861 32690 16629 1769 17725 2201 25872 
16427 23072 11086 20303 25115 29217 1037 21466 23831 2158 274 3240 26963 16447 18579 32411 16621 3196 29197 19067 15936 19392 9791 9092 11067 29338 10263 17205 6699 6718 10901 7248 14018 3136 15754 10873 24262 1786 12304 23929 6839 2723 27148 6379 22447 26793 20420 8076 24511 5717 1851 2739 9118 23796 21295 14789 17062 14573 8331 10944 25654 2826 27257 29751 8811 14978 2756 13880 15634 18318 31561 4020 6597 27474 1000 20142 32403 20709 5830 22360 31364 31248 23708 2618 6280 26682 3845 2996 23401 19884 24415 2153 8832 31463 2275 30573 4674 24949 7505 10880 8349 18856 15299 5138 12392 32144 3900 32557 24196 5349 24395 20456 7999 5484 24898 6480 22515 3334 10969 27225 18647 6165 10436 22050 17943 16191 4940 965 18230 20793 12257 27929 8132 10113 27902 23215 26280 31742 6820 21573 14791 17108 22260 3626 10907 31336 21583 10068 29749 1334 1573 590 26491 9173 16255 5016 4291 28366 1768 2022 27693 12204 20668 15099 7461 1091 20331 3025 9755 26171 15897 23016 21685 10941 12928 6144 16822 27819 16017 7393 8237 14091 11661 8309 20374 13275 6139 24174 32180 16860 27571 14119 6692 24415 28593 31194 18293 21942 1890 10263 17475 21551 6746 1787 12213 22327 22166 11177 10074 20576 14138 224 8095 12664 59 14565 11873 26835 10256 28514 26184 3763 31605 25994 1348 31641 338 17002 29819 22801 28843 19596 6836 15505 32408 8402 11322 26515 12791 11048 31998 13860 24110 544 13710 9233 20552 29874 30996 27837 32710 6645 24074 3888 3654 338 28988 25314 23648 3031 19940 4695 14095 13874 1623 2351 23827 21711 12160 27572 26 2634 23943 5452 20651 29583 21869 12027 29165 13955 21092 26721 14856 1557 25046 714 28102 28248 5184 24988 6062 5919 6387 22078 29032 28654 5036 25872 25406 16861 9394 31445 20234 31967 19309 26339 25057 14233 26313 14856 14326 2247 9764 18961 15967 22935 3995 14635 24701 3190 27043 5283 16886 2224 10201 9819 9815 15074 17976 10201 30734 5239 6295 12987 4100 31172 14744 739 17354 7026 24539 23085 31158 26960 5891 6617 21784 23324 25935 23827 28234 27378 8861 29797 9293 2824 21113 10328 7978 6869 1741 6799 8211 6605 5376 17103 28225 23644 21099 22159 17335 28341 15088 3878 19566 4025 22882 16361 16447 15954 28888 22125 15252 21732 29568 3632 16863 2197 27433 23770 9432 12972 16549 12191 22789 26363 12834 10304 8838 20944 
20196 17211 28703 2965 6874 744 5398 31431 9356 30573 17770 15489 27103 24129 12065 19422 12063 7259 30968 6292 15257 30877 15316 8247 26182 352 2010 32189 11845 16088 16702 15363 100 20334 15205 10426 25518 16997 13796 23202 903 3424 19418 7985 22825 23656 3093 27983 29881 21422 13799 14122 1434 20699 7651 19400 1207 26855 29603 11675 7093 19855 12154 13252 15136 31222 11441 14523 5203 17909 4439 7938 10185 29354 22039 1539 24767 21574 17765 5865 14598 32528 15417 2784 2930 8705 1036 22897 893 28123 18025 30478 10815 31863 26462 6831 12608 19862 29522 27584 3428 25924 29204 8085 25016 1143 22414 32187 31796 19973 29428 7973 18783 31721 24726 5991 13857 27737 472 23262 13298 19642 14050 23960 9076 10576 18036 14731 16628 3322 16836 14361 4711 21820 4874 25253 11574 7794 3230 16678 21836 25842 1148 30345 31045 32025 21045 21331 32267 3116 26059 18418 2817 8140 11993 32531 19784 3517 22869 9875 5777 31194 6097 19431 6406 26320 8224 6950 3343 2921 11916 20582 13286 27852 17670 10396 23788 23246 13347 31065 71 5856 22134 26798 28228 3952 24458 8501 24040 11375 4807 29088 32170 22728 10375 27135 10216 13669 30120 26315 10335 24856 17664 12485 73 31279 24611 27689 3902 18120 16928 28576 15046 25638 19327 12870 9586 28740 25040 25286 30938 24933 15862 11357 11931 2504 18834 1848 31439 25321 1984 26244 17216 10157 13533 21789 13910 23062 25811 16031 19826 31584 1376 27509 19165 31474 26363 23032 21415 22997 27429 23100 30227 29032 25710 30518 4841 23226 16371 24446 27978 6377 21574 17165 15344 10908 30656 24060 20424 11509 23633 28382 10391 16793 295 17925 5940 14622 21687 401 17548 24679 25507 3427 19649 1975 9990 29100 15277 11023 31029 6660 5345 10234 15447 10372 27458 28112 7666 16189 14045 12495 8924 1484 23534 17350 2091 25937 24913 18982 11401 28814 6340 8301 5903 25106 27208 17100 12074 19325 11 26840 22695 6550 14461 13816 18362 31170 20524 10404 29076 29245 20687 23082 1516 1452 15003 20385 17528 6900 20261 260 27258 104 25656 30926 22716 9017 29377 6943 4390 28217 9282 29754 19764 16107 3789 3554 24930 19970 27266 4227 25578 2313 29191 27879 30053 31312 8782 7949 7027 11400 10681 23550 23750 20394 10988 18873 27634 5875 28510 18931 16531 14941 32043 28162 10599 31605 29029 3055 18432 12654 23203 24292 9205 54 27102 24569 20331 21335 
9997 14386 652 1877 4349 21854 5015 22106 14916 12825 11019 15817 20018 25330 28571 16806 23685 5480 26175 30597 26318 482 4334 15040 12677 16219 18032 6649 21354 15109 27092 25356 3613 11611 27434 2455 24058 14684 26809 31416 14028 30041 8081 32647 18848 5675 28646 5269 19427 27702 7407 19608 29762 18126 8952 27519 32765 10227 5880 9219 20578 20289 27844 25564 20040 21988 20779 16481 27368 4401 15757 30406 29260 31058 551 4353 25937 26061 7814 25994 29798 24767 17999 10407 13229 10394 5530 20309 15133 210 2726 9678 2526 26968 18545 10787 11417 11518 13861 29976 22930 9033 4397 25531 21225 22239 30946 30136 23043 6054 19256 14687 28801 6673 5230 27037 17205 20429 27737 529 8760 29938 1693 12281 31669 15386 3426 27575 27971 6356 28203 32216 10258 158 22116 49 2221 28408 22038 942 2191 22581 3100 29288 19354 8459 19814 23069 26865 23889 17797 29637 275 16124 27328 20798 19976 11514 18281 23947 27171 16874 18369 23865 7511 11267 12602 5729 10495 2924 13284 3289 30101 6685 12450 4615 2147 17992 29573 10661 1663 5041 30817 23152 18368 8550 2816 29198 3156 4625 25345 2444 28558 7027 15613 32075 14738 11466 17812 5106 5151 13775 18048 26124 20323 23702 7079 7454 23428 19307 2627 1283 30734 23360 23222 7083 23262 7401 9129 13568 24467 4869 23785 4138 12747 27090 17815 2514 25714 2361 12436 27253 14270 8000 13738 28589 31561 20863 12250 5034 20416 10701 23039 21007 10324 6717 23022 29370 15147 4380 2507 11735 4550 17284 8975 13771 26620 25921 6622 28545 27543 30077 7990 17479 26790 11231 16840 22871 5850 2474 8522 13497 1740 12978 413 12364 24099 5991 31681 6103 6321 29982 2650 12832 2328 22775 5658 30128 3774 802 31463 27436 1013 29418 19794 20504 32445 29227 12978 16367 20995 20123 15440 16026 27464 4815 9943 20040 22620 3273 7442 3822 457 18050 12 13889 1795 11413 11366 5918 30068 8345 25088 25905 18232 17920 10979 18261 28884 15681 24071 8943 23646 2693 14345 8704 9079 15984 14571 8531 4365 18581 23365 2768 3771 30040 27523 29725 2302 21016 7693 3374 22419 23447 23349 17921 21613 14557 16636 5552 17143 30936 20777 19227 12274 10426 16861 31075 25816 1501 32072 20463 2602 21635 12623 26899 4176 18429 28397 5286 8128 25739 20760 21859 1558 9557 18947 6037 8002 13292 21697 20620 6390 11190 5456 27173 27231 12709 9395 7521 
23595 20772 1218 14871 9298 17809 14972 15984 3337 17712 4360 1186 13613 32735 15336 10573 24727 28908 21602 19926 21365 10230 14408 5095 8508 11404 28545 8958 30965 20629 31008 3651 2096 27705 352 16244 17465 1512 80 3878 14483 28892 22837 23394 14002 21150 10468 24355 31846 29936 25277 15348 31925 4470 29233 23821 26288 223 954 25750 20572 31309 20089 4032 18064 15928 18298 1970 1889 14549 12978 6399 17251 15213 15460 22958 15905 7440 14062 11959 25363 29558 15666 24177 31509 8801 18733 1466 9941 20575 1644 22884 10971 17770 16877 2537 20532 25555 6075 11547 4333 29549 8387 18152 12905 921 4222 21463 14416 15270 334 10149 12524 10880 30994 29379 17172 17220 26687 32570 3931 1856 5813 26455 17820 5420 24684 25107 23858 20354 19603 17629 12170 21267 10897 22576 29592 30040 9274 8384 20585 15987 15156 6542 1953 21277 12360 20349 25928 15002 28347 147 2370 25100 21689 5577 9639 18071 14263 18640 27462 20880 28224 24931 11560 13111 29994 5278 25520 628 29704 23131 23720 25912 11155 28798 5539 10836 19682 6776 23376 23558 11451 22000 20964 14964 28896 3235 5244 6746 12208 26501 4585 7130 27905 132 29142 4747 25553 5389 25801 13778 21572 9822 24308 23520 14459 19177 12874 12981 31363 1951 23381 1606 10352 6560 6080 21461 18792 22159 32162 13426 25621 22509 23462 10772 11048 20155 19294 7651 5673 31144 20018 27340 9504 19627 26558 12703 3244 19816 21651 21651 6278 801 11894 4650 14765 4976 3833 16492 14596 11011 9010 23749 30932 5490 30244 19459 28556 32172 946 11551 31925 21754 13018 6939 13941 7990 21270 4231 8060 27977 17571 32580 16986 10871 10551 27540 12063 23619 13482 32153 1387 9015 27257 9372 23603 1239 24168 23844 10900 31270 29964 19565 23215 15727 31486 14169 22892 7052 4407 16742 24558 17169 26141 13250 6929 4488 5149 20434 22719 20407 29743 9147 5609 26048 25177 23497 15205 31262 28156 5630 30876 6367 27091 4553 21281 32498 12771 30263 23007 17508 26220 11141 8899 3737 1427 27737 26313 14712 9235 25704 21661 14510 5594 24237 29634 27698 30812 29920 4224 20132 16505 14491 6378 27427 30672 9384 23184 13729 7344 32105 17050 24540 5758 19191 24537 30100 21274 26009 9551 12120 31246 24943 20262 12346 28070 31745 16124 26667 543 30973 13073 2618 16203 5449 1492 30942 22953 25012 18600 6196 25998 14250 13546 9349 9384 2225 27261 2068 
16286 3548 596 11308 17396 25776 29803 5247 19739 4401 30991 7107 10402 28353 21114 31151 32250 14482 10988 2696 7940 32492 4298 24637 5386 30051 13367 14787 29091 2535 31363 29258 9527 24857 636 20820 25882 15878 15730 17868 25638 28031 27028 22361 7151 2487 16254 25138 24480 5138 8266 27797 2936 19591 17394 613 26313 21050 7144 24920 11259 10904 25195 23643 2307 23051 24596 27924 15970 18119 8676 8300 3876 25041 655 11922 25184 20666 30947 13538 22828 31178 29544 6937 15616 7184 1778 13922 14804 29627 18361 24819 1538 26288 16329 19153 24094 22770 12724 3395 9126 28902 21280 13868 27649 21787 4782 18775 11722 26514 18415 11851 16749 30711 28962 25619 3387 20565 9390 31673 11306 11498 26997 16400 8391 5610 17155 13520 18733 8173 15313 29457 21029 29313 23119 10851 19215 26085 12250 19324 18407 18218 1406 5400 18735 4662 29525 23986 18531 15795 16897 16762 12894 31008 11746 23575 816 28277 9224 18317 702 11983 22954 16050 16481 1125 145 6971 16447 10377 19211 7335 11880 10556 10565 23329 25971 12687 30505 15042 10059 20314 2291 18222 23766 25297 23943 7012 27663 6337 20516 2227 26196 25698 16750 25934 31613 30907 25468 29789 10002 18817 8351 21886 19502 17597 29157 25732 16675 4992 947 6262 16855 456 24238 25441 3477 21107 15455 9561 25429 6521 14319 27759 21046 25384 29419 23576 5833 25513 12468 7347 6653 9837 32738 3642 3700 11797 6127 454 266 20466 21030 8596 2269 6293 2361 6520 7875 20880 21325 13097 22029 15672 19793 15701 10302 17165 22795 27765 14961 32320 12393 30342 24228 21445 14575 19444 8048 28803 20171 2425 13341 2140 19831 12894 21529 7381 32320 30412 31133 5855 30670 19619 9533 24082 23598 22880 17445 29931 1505 58 16651 4004 23408 9133 7887 30992 17049 14977 8974 30974 8468 19897 4848 6225 9150 28882 3187 2697 24094 22091 23082 12630 19176 28630 4596 13887 8833 24255 7225 21728 11348 29295 5341 22875 25514 4855 16034 23673 28537 4362 22931 27161 3100 9417 19319 18144 4916 30363 14977 17523 22038 3587 22303 20305 9843 22109 8193 20630 6042 6636 18173 22467 20461 3801 11849 3037 371 10161 13147 2030 22668 20188 1402 9807 605 197 32198 26543 11760 22004 6580 14749 21288 11268 24011 1420 14058 8672 9200 16162 24456 21787 13582 14024 13968 30053 7343 10122 21055 30932 23496 8874 14484 31091 27010 20806 22301 25497 
23208 23272 7876 3080 8931 22900 9477 14140 16256 27348 1863 9968 21996 21840 18647 2116 31281 11942 4717 19963 3611 26326 21120 13324 22956 28583 8789 29464 11586 6784 22377 32099 17208 28946 30859 20902 10587 18743 31890 17269 3311 29471 2928 1293 4338 15091 303 2826 18093 29255 1992 9537 30053 27317 23666 27304 337 16340 29929 25630 13531 13416 26244 4411 13355 19167 18164 21679 29514 11036 32235 17864 29344 16454 1594 27647 26437 32015 9794 3720 26980 20456 23645 16692 748 25747 28033 16319 14095 24344 4332 12090 23548 4000 23465 11877 20445 19527 10969 9652 5454 21352 10580 24522 2695 24285 2539 10235 7164 11337 23965 29491 23094 21470 17352 9225 24440 26342 20629 9549 20073 15082 26152 16358 25469 2534 20 17218 8082 19304 14258 25177 4768 23625 5664 23324 5890 7295 436 20576 19735 28481 29984 23561 21921 23622 26319 26567 31160 14220 26260 2911 5355 5646 18389 13203 30738 8408 689 16110 16072 3107 17041 27626 27732 16179 2545 30435 6620 6448 10366 15549 20542 18076 12587 8199 27805 15293 9829 12158 18121 9602 6561 10613 29936 9259 8821 27311 22406 17835 29650 28496 7465 31961 21521 15705 26499 18611 27838 32558 5247 26277 9405 16826 2043 19682 6860 20915 8969 22982 10617 422 3937 19931 2120 18054 11300 23677 29889 19440 22005 26217 19027 4189 1822 9394 2328 30971 7650 15078 7390 5387 6116 22104 25872 29544 13143 4290 19458 7224 9090 17134 32415 7986 11646 13712 8015 17461 17816 28510 50 25926 26161 27393 9471 13574 8713 12830 21103 25017 29864 14368 8153 12017 2680 24352 20643 3522 12108 19686 14218 18230 7171 16391 27906 20066 4555 9063 12178 21585 20113 6484 7484 5574 747 7105 10772 25527 15052 19948 20026 8061 18042 28148 8166 31882 3766 17486 17389 19580 24413 1234 2644 16844 10636 29285 12149 17045 24702 579 15152 20259 32174 3198 24333 13401 30547 31750 294 4707 20686 23120 29700 270 11004 16252 487 20361 26457 19547 27061 24259 15547 24783 24484 24495 23774 10333 27832 362 18109 4776 31196 25386 11279 32730 11771 32241 8036 30206 6975 18060 21758 20497 2034 1670 12563 26722 16292 28578 793 9166 26922 22111 862 31212 14366 16283 8836 19021 925 29971 24254 6366 13634 24380 15024 6246 14939 8271 6196 30392 24082 792 20147 9235 20263 9138 1188 2934 26729 12246 22114 28576 2440 25641 5825 32600 6018 9293 
8100 562 10290 22986 24362 31129 23973 22773 16661 30430 21625 10393 15262 9975 24648 7452 9556 7698 32695 27444 17541 9173 29920 17900 10619 21876 28987 17045 7202 22544 2925 11344 6055 31828 4906 29392 22847 24689 4390 18829 25557 10042 8376 1860 6897 11295 16636 18220 31951 10762 21927 1913 26973 31597 24778 29014 7354 21911 17506 16466 5066 8153 2084 18666 18057 5436 24572 5997 31129 17664 9616 25901 22027 24437 8771 14352 22843 11723 2118 17262 7296 13506 29940 22023 29545 8659 19023 2145 21440 26148 12187 24219 23001 48 18508 8485 26818 21323 3589 19184 20436 2388 5703 5216 12062 30215 17917 30092 25004 18167 1169 26125 2523 24367 28236 4522 6049 20650 25435 11050 29556 19592 15063 20845 7353 8226 2449 13473 23408 7389 8510 16420 27207 11319 408 17998 7172 31777 17762 20611 5221 2670 2442 5963 23889 24243 31684 8524 10294 9566 9112 21104 7749 11382 22966 31092 23182 1444 534 17496 2548 10799 23389 5693 16939 10086 448 20882 28905 23179 14097 12434 2845 8235 10551 31594 14553 4923 25773 5652 2078 11613 25410 10125 22861 14472 10068 25356 7283 26037 31711 5535 19836 31446 14974 828 24503 4328 22243 22142 15488 23707 16270 12665 5713 15251 3209 19055 31589 26919 15515 16453 20999 6182 20857 31300 16686 10698 21425 9577 627 3925 20508 26811 17528 29701 24731 5354 1800 17238 13009 18312 22441 7457 12602 7409 8993 16031 4950 24337 32359 19313 285 17236 29752 22908 30110 27547 7174 16403 7777 1284 16836 14436 27123 11928 32003 21963 13619 8797 9450 9805 394 28317 31629 28643 29906 3886 6422 32739 29705 19911 24271 13580 14089 32159 3044 27106 13443 18687 20757 963 30789 5077 5148 9870 20957 31904 18726 2844 9817 1995 31743 4439 28438 32114 5518 25799 4262 31806 25636 6322 29964 11688 29335 16659 21884 14456 29760 15897 32498 30950 20591 20304 5105 14962 30411 2166 4148 12164 32699 4759 13177 25681 15345 15442 19768 9924 12707 3740 16343 3672 3637 27460 28712 25452 9194 19638 1897 21828 22519 27765 28860 27851 23148 22861 30295 8937 23559 23850 25453 17987 9426 10928 29151 6768 6570 14642 31534 32189 8441 28165 6855 12591 9750 5794 3198 27550 1858 7087 6328 11795 10866 21802 19863 29529 27900 23706 28542 8617 17414 32459 13137 11729 26624 4828 479 31343 19215 7795 14649 9670 26581 3399 6610 14833 25257 29904 14556 21042 
25929 23214 2635 384 13525 1941 24079 22282 32161 27756 5894 28990 28729 8975 801 22950 4595 26907 7970 3811 23158 17362 27480 4693 13332 192 32465 9050 20981 23251 15477 18706 4587 15427 21422 21401 31373 9233 30117 21241 13344 16796 4393 15600 31899 1633 20219 10569 32284 28001 2893 14053 11127 22416 9314 23616 21777 18763 15426 1393 14577 13093 30845 3736 31454 8873 14861 2355 1675 3279 30772 20950 12984 23533 28406 9638 22238 11822 16005 24270 13791 9226 10550 12225 11942 31945 26732 8219 3444 5241 14124 24933 24153 19492 15054 21598 29111 32076 26803 32213 9556 9928 3388 27760 472 28265 29028 20943 3635 29608 1726 14461 16028 16698 21996 29817 18436 15934 6716 28504 16217 18566 9344 4568 23726 7050 24725 27633 21967 27388 7439 31153 13732 1267 23758 9916 14741 9929 1420 27686 29989 21961 7440 6272 29225 26739 26113 14811 6615 29222 24545 22614 27361 15657 27377 22565 3028 3109 11124 17872 17075 15851 18910 11053 1674 21479 14089 1595 32468 28886 18423 6557 5931 10928 18460 21161 14820 15643 814 26532 12419 5546 10121 18804 10722 10984 31176 13134 28762 7020 1220 25281 23982 915 20085 4254 7238 18360 31514 3384 3438 27025 3421 26734 32696 29881 24820 20955 25351 11059 28360 5661 16110 23219 5729 24504 9783 12542 6175 10176 14925 3600 27536 4438 19267 148 20109 28251 5709 19734 12808 3136 25116 25802 26087 16351 22991 30717 19805 29868 6765 4350 10311 13369 12128 5218 25827 16218 29149 4662 5667 13215 27184 3110 16408 21089 17561 20168 29400 32459 23185 11351 24595 28462 14132 18455 30993 21695 3096 2279 22917 21890 22755 12780 30674 270 29957 29133 7262 10894 9841 7801 32436 26308 12641 21606 17643 29103 28173 29480 31507 10926 10405 8940 14649 19823 21810 21909 9429 20613 11056 3229 18665 20898 7623 12628 25104 11674 16647 17936 28218 14935 23729 5533 12532 19008 26062 17879 17181 4590 3807 19791 9920 32429 2571 7078 6443 21764 19477 1683 21080 8065 21461 14595 31009 12854 8836 18759 30186 23838 17038 5174 13946 11380 13000 3043 19964 1879 30512 17316 184 20779 21532 11671 22398 15148 15855 10248 20452 10139 3071 21240 1611 10314 31599 31902 5424 7815 1763 8883 20360 1783 24987 27631 21042 11784 26807 8831 13102 11233 3175 399 24328 26134 22349 6102 5993 28564 27989 17362 6689 29836 15547 29915 4803 6884 8059 17631 5226 26645 
23861 5852 26236 6935 6657 30884 8272 583 7612 14765 1685 17356 8003 13025 5867 3267 22632 25856 23036 19973 9974 27292 10304 14133 305 19958 7916 15605 18667 28999 16466 7974 11169 26481 28622 3129 13151 18979 23168 2598 11527 4991 25778 3248 3703 22250 6687 16688 2551 15338 20486 18640 31155 30824 1061 5454 8456 31056 23366 7591 2803 3716 26509 22978 7242 23791 8319 1698 13894 19758 350 12259 19125 6017 29524 3834 26342 10537 8075 31624 7866 11581 14654 30171 23580 8866 12932 22331 10018 8711 18020 18224 9829 30614 24678 25225 5223 27557 10842 28752 19461 18612 3574 9658 16153 17447 14477 20789 6709 31797 14601 13124 29786 12549 28191 32671 7995 19691 13528 2920 2302 973 11685 9946 16265 14481 19604 2379 15137 7451 2481 32278 29336 14062 30700 20471 27919 15723 6065 13737 22481 22080 23185 22282 9348 4518 18865 21714 9449 7960 6283 10154 20079 15757 28944 6738 14915 15006 5098 6253 16251 17939 21203 3420 506 17982 14425 6197 16200 2381 9525 3887 14156 31717 28663 15409 4277 31529 2956 21992 28813 9995 12384 27754 29054 15450 3837 3287 13806 11370 29244 19490 4924 23174 11862 18832 9898 24174 15401 17187 13549 26682 5776 16278 27083 384 856 12219 9940 145 26995 24075 23779 2798 18808 29439 4746 1655 26575 18755 25361 7668 6668 11997 4227 17104 29292 12962 9921 18541 10123 16930 8806 17337 1804 29855 17763 12414 26050 15921 23215 28820 15714 31184 16401 844 18758 22161 8282 9902 21218 15703 27444 28287 14600 24863 13817 6491 26865 9808 32628 18803 14742 21796 17859 31545 6243 32266 12976 3051 32499 27952 2106 16587 7116 4191 28752 6548 20957 4514 4104 9794 1304 3162 22675 8175 18297 3547 5015 2008 6112 14837 2740 14851 15078 12397 12850 11348 14134 15974 2078 9085 24620 31521 17705 21996 13231 2145 16110 13715 32235 15932 12790 5263 24301 20556 18697 7523 5011 14411 21041 708 16286 10373 26986 9219 24649 15195 7315 14141 26949 5042 9197 12334 9786 4353 18436 6772 25216 31107 11857 24025 12322 28138 7345 18844 15710 21845 30556 24775 13584 16847 3631 12777 6871 26513 19798 9258 5823 21500 31585 15909 22977 11870 27714 31866 5349 12807 8387 28682 7996 15173 26500 27450 26761 8260 28661 9045 24250 11040 201 14909 1554 17334 5120 18074 29777 8712 25612 7204 22278 23747 15633 10180 29020 29966 3756 21200 4161 17303 
6004 1681 7089 22096 5607 6830 19873 15075 31394 2732 18488 29081 1301 30472 21986 16988 21184 15126 24290 6375 24331 10533 30961 12755 32029 7001 8287 3836 8201 27244 23030 17354 20056 27060 9775 23513 22505 1853 27966 17243 25599 5240 3583 29616 12149 4910 30827 14579 21221 14955 27195 27170 15869 3982 12839 19664 9386 31625 1788 10499 29450 26573 27733 20787 10093 28534 19640 29670 25677 2634 11404 21105 20850 27348 9176 13945 2113 22470 32168 4233 13092 10858 22977 26161 25466 8929 446 26293 6120 28174 2769 28562 17254 25193 13114 20392 21839 3071 2800 20949 32573 19385 13069 14735 21122 25267 8560 24546 3147 14787 23740 1030 20141 5840 29725 24741 3020 29048 25500 10017 16694 19709 17331 7254 4527 23476 9584 16280 3207 28908 18110 27349 31543 29720 4884 22767 11010 2289 14770 7510 956 32136 6823 19297 16099 27175 4434 32296 23065 11423 13233 23123 21659 28778 31574 31102 25745 22213 19244 26890 28906 15351 32580 10108 23297 10120 21520 3569 25663 26757 17065 17395 29765 17957 11280 24757 10354 2766 16324 4888 30503 14361 13061 28450 9237 13836 21246 17059 15688 12642 10863 29433 7834 29407 20399 22373 6973 27408 29502 17057 22565 17858 29308 11758 21731 29185 18161 21235 11939 3303 9156 27538 8950 28336 29186 2577 11620 31816 23521 3347 20451 29169 28368 26818 27534 9583 22354 16711 8792 22929 11552 2450 31607 32246 2392 17445 1811 30138 25590 7604 12776 10957 20161 13230 1645 3017 6857 19792 2035 22553 2151 23160 20402 10137 23463 30747 7294 1922 30665 15593 16011 606 12521 18642 23353 30882 17252 4456 11202 3613 24020 18782 8886 9407 4190 8156 17656 2916 31021 9284 26119 31927 19946 10868 12311 8120 10277 12428 26087 30846 27601 92 10140 3095 23532 494 21342 9722 5450 10625 4222 6349 19609 16340 677 22809 8116 24268 31123 18051 20680 23819 27119 21311 13799 29362 26342 5659 24263 20438 20962 3570 23120 24279 7560 28227 15531 24488 1705 12106 27262 5315 1525 13110 16865 23966 27877 18252 32702 10412 21360 13932 1228 17342 10967 17524 5144 15918 31834 26002 10825 18233 12617 26969 13195 7614 20323 24158 23565 13364 12321 7327 13182 24750 29634 8334 22382 11806 19914 6422 5952 7542 22438 28853 32571 26746 8238 25035 23764 22946 16198 32042 9735 32137 7334 23653 13998 24865 30137 6132 30143 17659 29217 18994 23806 1543 25757 20702 30991 23527 
5313 4089 1011 16164 5614 15918 30923 25668 17834 28495 23640 3119 23039 3333 14152 4978 5548 29657 4824 28088 6720 4451 13471 29032 23253 22001 11725 14821 16418 24056 23738 7718 28119 18088 9389 30932 12308 3 12780 23070 27637 23156 7522 10183 28030 26631 23301 7971 15605 19034 30157 28132 28740 7096 847 7875 23511 24675 15793 29684 24723 22880 19278 9236 18946 18240 2185 26836 6155 6541 9862 24403 24221 30869 11623 7686 32457 5307 1259 26358 27688 4154 15986 27772 2062 32637 30600 23926 29951 23 15202 18044 30463 16735 17050 22656 25828 8523 29819 11356 3162 934 31241 2111 31253 9666 3464 9992 9703 29276 3062 5998 17650 10357 3560 1940 15546 8535 12437 20214 2387 17640 954 25900 10555 11662 3866 6827 208 21126 14601 31084 25955 11725 3853 8828 4659 19934 8905 19562 6958 24206 25988 26388 9169 3958 10707 14203 31446 15676 5264 5301 12817 17650 14333 22486 27738 21168 22914 10882 11956 22464 14808 7057 26258 16032 16064 18753 19753 12528 11592 6048 30925 14831 26090 24372 13036 13762 28013 17882 21447 30932 28134 16478 13944 20223 32431 2945 23223 3405 11996 29215 32037 8030 22877 20401 8347 27133 11343 27288 1074 19573 29183 11376 32631 6571 4608 25046 26287 21672 21942 12365 6839 32687 19025 23931 1373 8774 29791 4331 17646 4618 18511 6434 20376 32284 1999 12491 4669 32337 30941 25915 8511 13333 17744 7766 15365 14562 9842 6417 8173 24794 27413 16908 31757 19933 16721 4991 22350 16683 29263 16243 32765 2711 22576 16066 15255 7211 25054 5661 8920 10391 2821 27618 14412 7110 7327 11728 8257 2612 29567 12117 5768 29940 4851 17740 25343 26667 21156 23717 29294 19617 17487 19237 8089 21641 27392 12915 29604 9899 183 21485 427 14258 21714 21420 23033 17882 27323 11140 10737 13986 7363 26737 12473 23914 30285 17355 19471 31974 12477 28393 2423 25083 20419 28795 32716 7764 15105 31676 32299 28219 31567 3596 12129 27054 24483 4432 3262 31864 20544 6879 14060 3237 8297 1476 26684 1914 26943 12074 14443 7794 12058 10970 31970 17308 11858 25824 5862 293 24209 10752 17762 8688 3036 22988 11607 14331 5904 10948 25064 2873 9315 19675 14060 20615 32153 3803 6760 11623 23236 30562 6114 21555 25253 14188 1542 4090 18848 24884 27985 13524 7973 7668 2825 5639 21560 31327 7912 23784 13674 8180 30720 5779 9605 25866 29703 15810 437 2867 
30079 23413 24655 21194 11580 14309 28700 25752 12220 25882 3050 32237 2565 1528 3462 24726 31098 601 15190 9868 16696 17898 17117 23491 17962 5411 5004 9370 26407 25871 30533 18899 3815 13678 25734 11047 20746 19241 4225 3197 26622 21773 150 20688 13648 26730 6854 23016 15788 13695 8162 18935 17441 4687 23857 22618 31242 27746 6675 27949 19670 21718 4794 21928 31875 10611 3316 973 17548 2958 4013 2957 30897 10599 13616 2295 10596 12690 8896 20385 23075 176 6173 4660 6149 13848 876 32614 14207 14690 7195 932 21514 464 1832 26593 11533 30878 18212 17228 24043 23606 4908 13105 17188 31757 16005 12348 12842 15408 3941 24424 6306 2630 18101 19915 16154 3923 29727 16121 24337 31425 28350 1761 11909 25721 21084 7251 17769 11999 12218 20831 27012 4279 23293 16648 20761 4079 5199 14116 32188 10737 222 22745 2176 15072 25102 7568 7496 20179 29804 26234 16808 28136 12256 22801 3852 21138 28830 25604 5711 30741 16145 13794 13496 16766 21167 14632 28498 32531 3324 3884 469 21220 1763 14378 6604 15747 15786 9889 21574 2484 32252 15407 13639 455 23326 8690 23820 7310 31918 26653 28961 25796 16466 29506 25191 11783 6058 26407 4274 23412 25285 14296 11380 21404 32066 31297 31504 1075 14286 15665 8156 15088 5651 11493 6216 1669 742 2036 11075 15425 31688 1238 29979 32443 24001 16362 12362 24013 10200 21042 8172 32754 2303 19146 8762 5153 2106 3491 31014 365 7297 30540 10557 2891 24039 5267 6645 4218 18932 32592 31137 1415 32120 7248 19375 6304 4040 1928 647 27740 9048 27371 13353 13593 8429 12903 15808 2691 25126 10900 634 24839 3648 12622 3411 13596 27568 355 20940 12065 10610 20289 144 3948 19066 25488 16265 17075 28434 20035 29970 9767 9573 2753 17209 7752 17328 27777 31091 31680 18694 961 14399 9999 26752 4393 24845 27718 9461 31201 18209 21511 15407 20029 4711 11404 31438 27157 9903 15942 17672 239 1264 6188 28588 3916 22968 25548 4966 20201 21433 19039 10564 19282 21245 21046 713 11347 14155 10851 8872 21019 4532 13671 30601 12353 15650 3819 30938 10538 5538 20712 21996 3671 20549 9787 13990 22205 1428 32696 25800 21767 4988 22896 23351 13725 9953 32672 6953 4684 481 10479 12051 23876 23723 12130 8066 6942 675 19731 4832 8203 12217 32059 4857 12360 28402 30748 14089 27952 13369 16965 9282 26881 26224 19215 17565 30494 
