-478866166 -243791073 1002731503 679105293 2015326491 -747613641 -639960221 -869314275 -245884948 -1674915490 1849607199 1927774799 -1705237050 -1364724320 -1747693696 -828327136 -1272179639 1800820320 874316805 544095713 1348555515 -659388158 -70920802 1828664492 1257206633 -1599783402 1922478982 -1155004199 35945253 -1772517165 -720535336 -1733671519 -1769748237 1528397482 -64366411 684660139 -1669492408 -1667377184 -1626602471 1278146940 261027178 1337615054 -1091397132 -993373320 -1343786690 -13378856 -899740921 -982504559 1719511607 -1940419136 104889294 930988804 1790158337 1173818638 577569602 1332947508 1562456217 1636115441 123294669 109669043 1475079374 24170047 -284613674 469917953 -2129514766 1679563766 -943061638 -1334117771 -274748103 -1259927853 -324627840 1945890475 -1178715009 -1844558225 -1336703035 424657395 -772599190 -672152052 -1857925777 930533700 -1003413602 -710769458 -1656476501 -510522054 1800419571 -1170705547 -1840937762 1903589222 -935084851 -1113148723 -1263223726 -686496389 907637318 -1264492364 -1162434312 1951118874 1944152294 1290746506 -412548751 -1571534617 -1110854189 57115452 932822394 1865305675 -566283520 -1617924830 368186407 -920898249 -118657333 -716879078 -1749447762 1245165544 1142059549 1746270838 2044206402 -1653259461 -377336055 -332838171 1964451094 578868371 1528938457 1990535529 1279278852 -1919269998 -1525766621 606483746 789310443 -1722392493 -254297971 -65924843 -14194817 708486224 -916158429 1676409662 -1600742474 -1898139131 2022188731 -65443921 -1058755098 1457698147 -617670523 420903002 -1743959577 836290148 64608891 -2119731861 -1881935780 849510722 -1478732033 -461524416 256768358 1480547220 1806338832 1734710112 1898133121 2001682565 -1964755320 -1218042194 1689092718 -851624889 -588718425 493057162 1598342309 -1282523079 1977672093 -568934477 890892932 -833727481 1111314713 -1725262033 1558469439 973688101 1186904971 1269567597 -918224140 -1223252213 1008952392 -1270390203 880044009 -709179266 1838864760 234832993 -1892195384 1254995489 280667509 -1263090880 -1671995495 735869799 -2017667116 -259596932 -1104961683 1940057089 369452830 -455700127 -1495934011 35735552 -799214646 587218293 1151579350 -1415581784 
1061932950 1295823806 -1887047413 -813586936 -996350951 70426740 -1582845132 779406830 -396707445 1366772302 -2009757689 -1003964053 1047142775 -973160972 692200457 1866879670 -2011987832 1531835462 1931794111 -378827913 925068872 -1158860855 1598122849 -33511361 1078902180 -1314761654 -1610240303 750870221 -250261757 559090402 -406954760 -519881895 1404020828 -967099034 -858961175 1338194743 -1996062744 -582947498 725387797 -973155030 530954848 1314454249 1148124607 1198402775 -232249616 1023273934 462591185 -1150460557 1549036116 -785503754 106080500 -67991004 300457557 -1186123081 -712527910 1466465775 -331520472 -1729170929 1315598182 514289098 -185156153 891259804 50415099 -445994903 1579501322 807185947 1363023870 -563266476 1444061910 -804937849 -1623590901 -1486077731 1115157105 -1070323909 -487694875 893089668 -1509581550 1879043888 1278334986 -717819101 -833444820 -240381543 -547022254 163624011 1171330795 223600973 1169508905 -687242159 -570276294 -553190822 1894633329 1871816794 -1890728453 -1072220715 -1376888070 -1495793937 879661628 760538337 -411243822 -1334863284 583630087 721909072 -1243621604 -152726640 -782192479 -974791957 -496482439 306747965 -1395390535 -568094440 -1772897545 1056807277 -8896170 16712820 459873455 -295509047 -959636666 914806197 -524314005 -1751056252 -1599645753 1888003244 756902176 -1740830110 -1812360806 -1925869246 789957547 1885577923 -665042357 -1853570505 1349022986 788786393 -1833399445 1610115707 1731947046 -1795986415 -137280557 1339256717 2080135793 8266040 590012986 1015298958 979308738 1237806248 1466070576 1813631988 -1359515783 -1930458167 -1891692539 1923560608 1638292492 -995350010 443624211 -368334982 357393304 -2097867212 -1322067097 -527134515 134546987 -786299636 -1760191832 -1031704987 1760751950 128137937 -956332807 560255601 -1606166136 1946067713 1089663404 -364382778 1315967552 -624056599 845849720 -1522984802 -1899395430 -1871742235 1681113270 942182730 -1787628868 -1788344880 1674876224 876670670 -1979105617 243976550 1914046658 1818406470 -1686754592 1621721173 -1452706810 -54654657 -950475982 -1944932056 1222064308 -213258336 -1571819566 -1766338998 -1200236798 -303377551 -1663670314 -175975341 
-957893121 2124208407 439914782 1328417220 1695799322 186654704 811622723 652031667 1504692238 -274223124 704362963 1115960392 -284708222 -883928395 2118359143 1921026155 17143590 488891792 317803856 701470293 -124742727 728352274 -890540183 1194054319 2122535607 160531798 -822303930 -1711376805 664282968 -283835951 107040372 -1370286213 -548401297 771567244 -2000304008 2006566070 1101576322 -249405313 1333300731 -306109899 -1353580395 2054033533 -324960177 -1224744754 -2104644993 -557766043 649946111 -416106015 -1561258684 1986172383 -1154098646 1623053338 1226762384 -1942350449 326370266 1318773922 1287489439 -1118482812 -898803025 -1948664460 -297261302 -372426125 -976601034 139134256 2141008077 1269254468 -1575307039 -291945299 -1148005124 1843507283 1602793765 1150143918 -374095068 1270074448 -936173434 354592546 -2092273195 1865501303 1211657894 1460822914 -1112173906 -95290491 1044439958 1448186328 -1090520585 -1409839001 -731427532 -1414916168 -63002209 1941030232 1461997773 1372973677 800536320 776487108 766646291 -708732398 1570486166 -1721535528 -273519384 -819872873 -1089323251 1581934704 -1683073411 33952813 -1592763945 1922207591 -1689143862 1019211109 1935538086 -1653520808 -1550163944 1858526078 -1972212871 -1655928886 -2109002392 -1132229524 -1640379395 -1577222552 -933603546 684769901 347546315 1066270236 1529140758 -1603955854 -115335802 -1514501173 -134485528 1863744954 -836277392 -1933848424 1257245095 1957165339 872479343 1089059384 1939024960 163800734 1414391979 1847106425 6342982 2132019118 -981889818 -1010406486 -1686477009 -891672850 -185339369 -975486251 -712916423 1711110502 1012403833 -185560203 -881019854 1224742948 346787219 -1321013363 -886019663 321592139 -1568501071 -589632712 -102042076 1561447857 1671413575 2109040429 -1331896444 -1663003784 232860878 2105675356 408327866 -123262654 -1358409380 1952896247 -657370320 -629110654 1539131003 1439215530 -1808483820 18944396 -849809977 1422689596 -2057313248 -1759030197 739543086 333006245 -959447981 41206606 768279168 -2087494895 -841203651 -1736221361 -413577813 -1366218526 -238758401 884604104 -1035506712 -1283098273 -1091646578 1088742704 -1904087102 347670468 761001252 1217253563 
-627899667 1905024030 1946339802 -1131313629 1192092087 143794295 1715775387 -689470341 -537430038 1238308767 2086077846 2059398989 1309653160 2062660287 -1943689557 -110911441 2015064978 -1623663867 -1479676492 2139932234 880333883 -508176565 -1198676246 -409658811 118231597 -71439230 387376112 -1913084958 1900898707 1745425231 147113651 -1824952975 1749419228 758429512 -237692741 1069606456 -1989673474 -22743490 44818960 1899814028 -1888655664 -675026300 -479941400 -1297608197 -172659779 1115411252 1906782765 -147775572 2037596326 -1474512429 695503993 1595085071 390420672 676274868 -192323802 -1470555437 1060942495 528564157 1319506870 1789384858 -577619660 -1093064434 626141276 -1750214333 -385145412 -929635389 -755833778 1108464198 1474928542 -1391999453 1531905344 -2128608158 1117411877 -1687744825 -1802001668 991196605 -518178569 -450426608 958515696 1014413635 -1152247171 362365568 1902190254 -765193746 -104967255 -1721595349 1293815365 409149366 542894029 -211251784 -43753280 -968960246 1355091994 1227192528 1299384378 -1653276458 -580385036 -419946500 -1350644398 208496214 773222232 702141834 1434770355 809789278 -1369597414 1892157131 650517441 1795557510 256256420 -977322613 192471645 -784792630 1045303232 585693737 138040629 -778660242 -606816374 -1267613615 400960309 79721918 359567650 -76527081 1753918431 1463976023 1451638517 382395856 -1922808201 -579459260 1364792214 854236540 1336079392 -855664384 -1863871603 -2081435731 -1265638871 205936311 391756257 -245185385 -632786616 2045346305 -1422761220 -1262789212 -2135037443 -1230954238 1040272519 1124209114 -1461476260 -1819008966 813896787 1911558506 1768555472 -1142387706 317023459 1527010034 1687142697 -1712300653 525620972 191975408 1354509772 155298356 1377839909 -2113963859 2072549812 -1324791809 438852631 -1652050842 -255210458 -2088560311 712776976 202827600 1308702708 1562561711 -548622186 -219951614 -625394914 -1621987397 1684154178 87116767 567537186 545741519 1732303367 -366442274 -2085930192 -504713651 1640394973 75713757 -2101868619 1592160194 176211129 485798275 -1901880372 125899922 -1402111283 788055117 -1577074314 225415561 -977231648 188157267 -404620832 1272628243 
1229736555 -1328163360 -943585714 1185048544 779093667 -959384801 -694510380 1450158161 762801982 782475395 1668950141 1488390965 -402413993 -1105602657 -1108804724 -702297543 896663242 2049236097 -1951144414 2088451231 -613946792 720651965 -428126927 -1718862771 -894514135 510619633 2013286657 -1165297500 1879307033 -239270429 -2108978061 -380601712 -1500590319 847962493 -428296162 -120946553 -1478467012 998029459 2061815707 377885499 -1337546414 313909926 -741668667 -1755418275 1000495685 742823823 763867203 490929190 -1870042531 665315884 -215057674 -1052504304 -618962489 2026007644 -1585073563 -137896461 348931805 -1615412457 1772485435 164345600 1405013422 -2012683956 126912653 907782164 1149743081 464633036 1499815691 1225944191 573684422 -1475613371 -1654401166 23262840 -1263894891 -661679279 1600053579 2048185501 -710761427 1924429775 -720088741 -4173593 -1910810733 -1471269123 -2119856348 885333500 1543009092 474503692 -1648267437 -813622778 -708640972 644733139 -364687567 -1477599818 -1579475082 1492045431 -1069138923 -231725653 -1915643512 -1100094209 -2042850681 -75189833 1032108970 1213448610 1810963072 -227448958 -2114494959 2133694125 -1750851179 -2103915903 631721424 -9962366 -823919228 640261635 1897205827 -1587940864 -471333980 -1668391666 -311794947 92355965 -1829486771 -1012179543 -676531014 -1524845890 757855874 -667919675 -251153117 566304717 -1150334509 -1149052323 -1161929268 1261921767 -942400970 -234252716 837763785 -1887233587 -710157604 185013016 1029042223 1473291396 -1610848113 -967172980 -193109282 410503377 -248257835 -398644887 135488162 1576410179 -1267969016 1471715469 -1851846406 1204023346 485653146 456945558 1932317998 365008305 1989785923 1360870414 1068919676 -1602739084 613293665 -820411184 -1320974837 1247811937 113573804 484123306 1662078952 -703684041 1744377496 -1753455836 271805495 -1402808460 -2028048181 -1695492355 1473107513 -596987694 536248677 1877054183 1647190077 333055578 1264330642 -784474468 -282937372 697282630 -1876079892 -850365755 871104271 -1438535291 -1657986106 -1598429523 991631700 -1443503763 -434053600 -834855277 2121635436 321958822 -361008276 -846917600 -215585149 -1421141190 -152357016 -2129398838 
465942511 524353836 -1991177028 1727113022 -1712631311 1833650883 843966320 733892329 94645921 -232833698 -867201870 -69610591 -1585465763 2066616973 -1120440195 -22632666 1388634467 -466354113 1103294480 -652407263 28829191 103117420 -1904194637 -908283778 -958873655 1047567426 -1795218285 -1853822942 182949964 2104044391 -1986147452 1927870682 1620096274 1433249436 -1273555040 -1297701795 209391599 -1191548586 774512182 953747613 -1216423343 1175903594 -484618408 785660244 1402854940 645278345 1417701617 1696761648 1442957011 -845051865 1345308344 -449495550 -2064775386 -213583420 1655961887 961151162 1496434057 84788063 -846941316 -1556176038 -1721668177 -1761331578 951029129 1983162889 -1435808151 -1210314409 -2029942936 -284182213 -9287796 1711937781 974178826 -279296487 682397084 1961723229 -524938806 32457634 1625826793 464961440 -774245638 1467346909 -1138124263 -2122068755 960316496 -553114868 -1986425754 -914894280 230983609 692183061 393947543 -305424992 -1566039186 1498940813 20277950 -1846920037 1427233416 -202349276 -479382880 -567407857 -356080854 93443858 -74207393 -2077518152 -2016854047 -1329386680 754869086 422944682 1505959116 -1502884561 -1734213053 -967370232 -2054555723 416979530 -461397945 -754080494 -1894313745 -969006008 -2097589912 -550575834 -1322780063 1705782659 616058425 309402745 -878538126 -1479318723 -379503523 570299651 1469440685 -1419881176 1148225993 -914524788 1610242267 -1273122120 -1618910151 1104404437 1140235507 1184802685 161677465 1447028257 -401249132 1220377201 -792874384 -2055344999 1490197865 -919470314 -1442157838 -1531990495 366191420 -800285328 -93474016 1731003821 387858705 -1962811778 528121714 1863108347 537426698 -367849020 1854558670 -979645341 268926402 -1195427795 1942278440 163806042 -1125872943 -17303834 2090213423 2002238924 601091749 36781973 2121878247 1647708116 1026286608 -1722347066 -187675753 1811611517 264455773 -376248222 -1329357170 -318530562 1981584067 1053072058 1204339874 -1981069700 1943730118 -437342005 -1910825814 135975035 488655953 -1932923424 1715035393 787419383 207423159 -1612286270 1199359178 272427869 1424783864 -2144227879 -696244206 388732816 -1713144080 -14544507 
1253983072 440265481 13008872 -1350007905 -196702444 -1482347211 207420985 44130741 158720608 -220253890 -1719291862 -728489807 5394458 460379136 -456189381 1321443112 -1539113651 2055372514 -1174409004 1427608502 -1594076337 -1741359652 1206838249 915038369 1431468491 902739390 -2145350092 195532595 -1782870875 493787127 -280333172 1659619516 -150372819 2028319758 2142404344 259577898 289724382 -2123486407 -1882403817 1043764684 -875074496 1147007602 230851767 884372175 -2001846973 -1197601815 -836895674 -89048468 482593440 1878641932 1365238267 1998163224 594288396 -1150859584 -1594876117 1220052400 -1885406999 1647367213 1510631122 987039340 137534122 961594106 199877991 -1858281099 238837211 -1768036440 1648089344 1490531169 965048138 1331327978 -2095474327 -189921210 1263659886 -1077272970 -47121478 -832508122 -138859857 -920631018 -840532558 -5532045 1462950514 1035863609 1708556908 -791867000 1522182074 817754785 -521805385 1972272244 -734315639 243425901 380354691 -216623242 -2104691982 -1028826787 1964542760 -2070108709 -1949842806 1319552691 -652707270 1589300312 1326073893 190919429 -406379683 -2025049622 1069024357 2100005417 -686891962 1609140106 634100592 778912512 652042967 1283593382 1853132560 541338151 291264615 -621223102 434898888 -605791305 -1317208475 -1541266818 -310574659 756070941 -1250044818 -421907089 2026064478 -1883683239 184915633 1867703102 1614194376 -816467480 -206999501 -1133171380 567630746 -1914558289 -25543660 1465793156 19982798 181721957 1719264560 -1232775258 -1651093801 851657235 1261725920 1649782098 -1956036572 178570851 233841187 1074301504 902316321 1068754216 -1106039399 -829701686 -59413902 -1898246845 -1740508221 195736205 -183993807 -901897452 -1233359041 505755345 1885277115 1619568556 -2119799958 -1648620868 -532766917 -2049901476 -2111388641 -392231815 1322581367 -2115340553 1729274343 996802278 -1242643056 -2141467371 810253095 1649393527 1532933026 506037210 1051652615 1916217752 -843152702 1887006812 917948349 -1965542816 526857054 1672074893 -1512404286 536399819 -1465294827 435832756 540440025 -385335498 -1867512237 1373981628 -1049089283 -2117976525 1021693651 -40981606 -34257355 -1380001509 
2080353397 2127002515 -1105649482 -1399344955 -758625421 -571175693 1284811155 1552327544 2010970195 -1028231125 949164018 -913287787 -1464015096 -2099035438 519534933 965980548 -1953402041 622814691 1546370917 -1860425326 -2074581097 1275328217 -428679338 303146121 1194767736 -148311714 1671075805 1895575375 1639576662 -225349091 2123939063 1906134979 -881285511 850716087 -1594204530 -368867687 -1323251984 -1953686856 42495938 431450584 -1065657457 1052889352 -1864014165 1774695686 -1027492809 -477833279 -329806906 -1360069619 103745806 1878142934 1730644862 -1819272948 1574068909 488048546 1622221251 -1095454629 1362722042 469098400 2124680569 847164100 767899096 -1567901579 -412916425 1602208606 1928755948 -1331283760 1372568373 -2058344118 -1256768410 -567610999 659200626 1418875743 -960636766 -1081930812 -572012756 -2136105453 -304178217 1903850404 1634890593 -1144461971 -1236237048 -960206485 217971753 -324396703 1218027772 1437449650 141192125 -377521820 1812339269 -360858517 628162044 -1649427298 457271416 -1805808865 -1126522703 1603642463 -505329592 -1297593958 -590788746 -166587894 -356289291 -776760563 -54638712 1880619742 -397574771 -1602788371 -154048064 -374540148 1135487549 -528240800 1023466850 1394625713 -2126489465 -1754342557 -955257682 -1886364613 -1256179403 -1046522937 1919394232 -417982876 -778091551 -17875969 2141119514 1574385364 15723068 -169410595 901103003 -1335118284 -711744560 -91788396 -914448315 1360816622 688127062 -997691443 -1689480349 -4795736 1427407127 42674863 375258010 -1808155376 -24884985 -710053229 2046713866 675436026 -170561307 1856737918 -402446369 -363624622 -1817316094 1411354155 -2078305107 -1383670819 -1226909189 -2086551203 954481097 1737689450 -821802851 646238765 342416968 519886294 -1378482477 -1027009106 -1985228082 1017735097 -1197058136 -154273183 -764761408 -1757858909 1178869441 660421895 -1686768983 -18427192 -750134587 1495317589 6971310 -1260450644 529399546 -656739829 1129383295 335561261 -1059499008 -70788886 -860161441 655035094 1451606829 -978706228 -643684768 26678359 1688608971 -2086522667 -923967260 650281349 -1885860704 -1577535540 1310005560 -321760586 -694145385 1608068514 1079354964 -877235276 
473543192 8736401 2045487596 371814630 558559624 1895225632 829616890 1261699809 1741422943 -1336988931 -1438780480 -669703543 1888867458 -924048273 -903748 1153598507 585052717 1271177809 -1840416902 1447090991 1871239159 -1260497302 -19255477 1944166258 749472800 -1826803078 -1634127922 53601443 -1927538956 53014526 -284395444 -1294275446 -1271036594 752800601 -1182953288 -376920671 180242531 1304334485 -1400578499 316468981 1186504009 -1387845043 317536476 1275750521 1959489670 1963077976 -274310349 -1846018243 664094930 1997285551 -1330640711 1033344819 2079424594 1253403149 -670248021 -2121268372 28074102 1948963981 -520149375 -1836401939 -571520117 834740749 -1966126966 -811857043 -186078228 647341665 -1268132986 -1672295892 1638628579 -1283232225 4310305 542626535 -1970594047 -787598206 57678324 866037046 -2109264819 1235044102 72510185 1066030819 -772955035 -922182699 -2041046128 -1061510924 -1839321137 -502447473 1985539364 -1877494682 362648549 1990425715 -484370559 -1137908406 -1702743655 1662464900 217695482 -1792985814 1435185155 1889674318 -1739631811 159807345 1654317815 965713099 1138157558 -897683826 -33486311 203671979 492902543 -865642752 -2125057118 -796155478 -362821748 1641777587 1839729482 393663608 -802028112 -2126885744 1238982750 -1721297704 -258624278 1589366997 1119264249 1175708536 357061720 1540533012 -1747187129 1742787386 -161130946 -1417301365 -1632753236 -463032948 -7527346 -2031104628 75483413 1979971248 -1227989576 13159592 1714540357 177091008 -895723291 200284033 -1573981969 -1705963439 1889850684 -1433344021 -367575378 -674529225 951750163 -1058189528 -1747549500 32063839 1830552449 -404106791 1058177776 1462270552 -1287010174 1318916061 979291450 1824866237 -227622814 1434109194 332602743 -500839236 -506625061 39452059 -1545683311 -2076161481 1708433000 -99288511 -1974374986 1985231176 -428326181 1705076840 -1152047947 -208973100 215504236 -133156190 -2010755617 1351920437 -1803216064 -1646584172 -1404547522 1288656432 595417081 -674760990 -1056290353 1149232364 -2066337531 328484195 -1008181343 1988513300 -1351625822 -604553679 -2056767607 701444524 -1833938269 -806502528 -1298447080 -977067249 -531025172 73073175 
-1045963729 47962101 -1296629599 -1438581278 -514541159 -753489408 907787443 -1159232192 2142797208 325008089 -71735353 921589455 -1584795588 -1673119535 398216150 1006264053 1264746211 232631942 -680161766 1913144530 -603646802 -30647638 972614966 -1054800435 -1216538849 581347218 -60315882 24467580 750096444 993335612 1493128694 1082389670 504291733 1215987924 -877378062 1408959478 -421619260 593141599 2109324672 -622799150 -1819937796 630357230 -1941416419 132116586 1722868700 -1244841677 836978443 -630321428 -332824836 272293482 209282900 -1516690161 864401781 838077800 1535088473 -1713904766 -1516787907 -1197698975 -735125872 -996715263 1229277035 868924569 -912872068 -189086951 -679876602 215412556 -1643631263 -1191633209 798655411 575653220 1935023097 11087762 88902795 -1673514514 -1625214926 576686939 686169487 -506873899 197552621 -1740905856 -367636678 -57309213 1494371506 -935089967 -1751978653 -616530584 1945214889 -1192572349 -1617293401 1480345246 1790626808 -831626387 416373043 546784931 916529208 -332244155 2071260247 -1536715397 1985686923 -866386305 -711075183 1987520565 -254700815 -1468008003 940138538 -2062160246 -829461524 -185834794 1616463859 -1648619394 464231189 -151052864 -539346539 -336554061 -1382215116 994965733 -683378888 -1154527303 638576813 -748895981 -431637938 1592221392 -1117561013 845999559 -1096013349 795379799 1403398870 -998488564 2039945201 495782254 1514759087 1940921204 1851362969 -1430740113 -1362296261 810245590 1381702035 1089754972 1441070810 49721030 -675221781 1312843728 -850131658 1776560864 -968991847 -1099912145 1472870770 -546269192 1757198811 290211580 -1156102660 140359107 -909957459 -1264689900 -468061595 -1009956149 209059838 -1350036090 2025035295 -1153837864 1274103123 1109341045 1377549420 179420486 -1837899135 150626092 1695629102 -770327443 -1940209990 710711166 725242199 2077997148 -2141472227 -261345887 -1800487256 -1666468960 1239516215 228004795 1252183177 -265781881 2013266129 -246236389 -1653292034 -566954285 813597092 1684888666 1361133026 -1686850298 2002218078 216295267 -1236099207 -1989657007 2044857731 1635376082 -1734671133 -1684496471 -2035401542 -65958672 552258809 -1971047273 
1802771206 -526903455 -2074802868 -1570765653 855255547 -866406628 1341152823 -726707121 -868674354 -443893768 1032425805 1694184016 -1361153909 -487779202 -1184598525 217034688 982417405 -70329480 -2012344423 418385453 1402948101 2110322190 -723814246 -1475146679 -1029664655 2027575976 842517514 926620458 -114068608 958916643 -1237788159 -1675370791 1767647787 1944571522 -823545023 239702326 -1613081365 -1266177750 -2073894547 -2030539885 -475097791 -1341514116 -1240667865 246280978 -1790212026 -1902890558 1247998835 249031908 913740349 -830178448 -996481179 1153229711 -1251286153 -1517678651 -1184510387 498518323 -926145745 -1324495831 -740319643 1749706524 54779890 1760297796 -1692570971 -55911094 -559732741 -1083025219 -985249734 -1124611912 1896824911 -1980054058 196626200 1007493081 139160754 -964266343 -1198706487 -767797176 998823293 561992427 1118543616 2037734940 -757684788 -1560644653 1511718852 -726561429 -1733601971 -1712485987 -1048953113 1910713086 -359828835 -1118779155 -136394416 -166392154 -1435678403 2127377284 -738661365 734209133 758886529 -194605343 1706867649 -446091199 1322030605 672567638 1860585397 1960332695 1197555989 -1640647531 -1770379752 1253326146 -413468683 1177060469 -1746264332 -1311247895 -418743241 550366644 -1995228708 -340706439 580336454 876052695 -1610683710 2057360699 939031058 2053512873 1829905991 -789012802 -32873132 1269352719 963293897 1200695816 1549704481 1450021903 1861331985 -2119160568 1578372202 951725096 1215022563 -138390241 -340818604 949812617 2025351636 562819285 -757191560 -81768813 2064589046 2134890090 408568442 2073887844 1370395346 -1254734155 705135790 -1629961970 -309145518 -2070661701 -1147996185 -398537188 1249087675 1960631448 -1134026123 -2120583735 -1514975184 -443514655 1817856423 -181376886 -1536816523 -643906898 371418607 1151894390 -763664358 -1675837296 -88554889 137427545 2128576536 1081077933 -862809438 11953447 -683121400 -764204196 -643994192 -846224331 -868190732 -489525276 326910393 -730299764 -1755173528 -1544357439 -1110477001 1612291545 -1725100318 1384055188 1304268812 -1068759955 -2071523552 1532647472 372512098 -1298854505 -185936834 -105518182 -1652963683 -1886082660 524830929 -773885152 
208992777 537284042 -2100852014 1570181988 1173815038 -395537659 1525180993 1045499818 933138778 -2129778143 1660658999 1337608251 1529586851 1407998130 -407700842 198321030 1766143693 1335195037 -1975562319 390588708 -555913306 -2129912154 839546913 806579724 -44319791 -194123453 -494252470 -1210548886 -790235662 1276069682 -1717740419 -375390231 377872085 1106763056 -204298570 -1408733628 609104125 212895918 235951713 360675341 -1392128592 1920955935 -649925658 1790579941 -144857113 161953970 -2026257398 2054207243 604710471 1545094435 2099196802 -2118580256 102686877 739405211 -358124934 -817472699 -1210447254 -228459780 -1950608467 994143859 1645320546 -1984331190 649469442 26686132 -568510866 641708801 2041674149 1387304231 927996684 -2134826508 -1389419079 1743326085 1405792719 -1144551605 1701527670 -714605679 -2109573212 1878502368 2056420452 -1508560492 -1798280633 -1376688436 -533313837 -1109725460 1359036156 -701983418 -698008754 -1967602316 -689332309 841218558 -1955683632 -1100708673 1452466752 -229477436 -467476862 1565226595 1478792899 382129581 330786263 43830640 1642767788 546878483 682992368 -923670251 945515784 -1665030724 -415070195 468270833 1344202206 867641100 1413545701 -1903072471 -681639536 -1708239745 -1714880733 340119539 1003615370 -1912336940 2066753647 868078777 1236372764 -1033008759 191649501 1631626238 -1479115669 -9168476 1859430855 1707742012 2062504416 -2124474974 -81507243 63667280 -1792777236 -1048884647 -388379727 13434274 907380800 -1950634642 1649488059 -1596326343 -1201090118 -1330626267 -1480288227 -1693568738 403698017 -659980286 1460271492 -1696468822 -20988622 -1945764545 -80737542 -1161090012 1562595225 -1696589090 1334183933 1377950216 1103841964 -1020719821 639957793 -1201123949 -1662309011 387880699 576280770 1296639111 832423555 -341999419 -2122688772 589792753 -368009295 -1622991833 366467423 -1348786580 2014327687 1636092697 1704628691 388648470 1800740853 -533041596 2107786308 111680858 1846512437 414296525 -1106218420 -1822703198 754133708 614097317 831053952 758512126 -1772189123 -520074812 -1497383757 1722023744 953989414 58731175 517808263 212026524 1042005907 -495787546 2001870967 -1815727054 
888991080 -132282293 1761869055 -1003298619 1726305944 1939997576 -1678796665 1735023818 317292534 1256192410 558324231 -629729775 1325493596 1296937910 279984007 1461026761 2040156321 649506430 -1979463007 -138705481 -2071747973 -566245250 -1585772364 -95763827 166651327 311397084 -660586521 153926415 -512573094 -601001779 -25290858 -2066928390 -2139467833 -1410447126 -962886145 98824896 -2057113946 389359992 179301941 1019203993 503760738 2001861869 103038262 1352404862 -223987378 314350051 896046818 -751360384 -80359758 -1322031510 480070853 -1007592653 777875492 1101466774 362366597 863860974 -1089298622 1284994721 -1737519261 -105366506 282770889 1891569806 -1504368329 351708881 210382125 -1990675027 1449658393 1538471849 1778516645 -144632652 2032388823 -2029662729 240458599 880403238 394250954 85963713 -175438611 -1307951285 474655195 919460911 808955725 -151223199 -650103614 -977794878 1459392647 1378296398 -1687913300 -1812158259 458779899 -792264737 1649843313 -1082033773 817920604 -791134639 658074628 16635485 1400269675 1593172422 2042824263 738459930 -689792002 -1214818771 -961191588 -36729035 1345276971 403533246 -728022796 -181210106 305824358 1002625323 -498388415 -2100864392 -1719102348 -659827936 -1818587613 -1735564010 -1079399197 1930924797 194199555 706334341 890836848 -1187523156 -63062148 1661162415 1266568319 1398739224 610943875 1037734626 -2050334534 -496342357 -1596125941 1789815604 556924019 315396056 -276038487 1340417649 -283702082 -1325898346 1294801446 195268269 1406635695 630900622 -93895703 -1038675278 10844513 -2030856115 -1130485449 -548761192 -19864335 795826590 41471197 -469952741 -414784235 -523329735 -1528287877 -1883153429 1200757607 -585493015 -600671348 -1237804462 -1366959228 -556962547 -1385180593 -847398887 215906954 723359842 1816608605 -2135242761 1219230243 -2017588473 -1961584072 1842602852 591878422 398473016 -1529851480 375638445 -1647792223 -1192943552 -1108025692 951508775 -1983238673 560655203 698640117 -2121921949 2009794970 -33626593 -1311477093 -144615522 -665125221 -764686663 -1725167112 914638722 99888492 -2039275642 319339579 948794762 195596264 503640600 -179796757 -577402746 
-911972172 1700404340 1216376915 -422444551 1316723883 908470479 1968142106 -1186293947 1619558842 -992395290 -879821193 -1273945437 -73800851 1350324123 -326544482 -1832640121 -1450657916 -1930047641 1112730766 14999823 1997948182 1731060666 -1797924087 564487780 2080688479 -433089093 1824593049 278420133 -535333170 -544957627 -934392477 -718597610 -716103882 1832319566 -1749829616 -162893853 -1318935274 -1666692174 547615520 217712416 -409658036 1430702245 523736411 236914301 -2049912210 1485313530 1117991330 1486660298 -330189266 1585770205 1543483994 -2103057863 125615018 1448871519 796529502 -1473426670 809698419 -557698702 1567048844 -1388753956 -973805961 -1191662104 1909070095 -179900245 1385445844 -1488139874 -232759300 -1196820917 1465164025 -998412802 509433485 933427695 1509352244 384396123 -564301330 819195091 -1692233485 -1716245806 -1827046804 1371819511 -1026655411 1659157928 708487986 491981104 113362913 -52731856 -303526058 2058249978 2093192807 862658251 -863249599 1447979667 -1096173812 248238195 -721973812 -461625855 -1978836421 1997563931 -1406661678 561216334 936536038 -1722800196 -317589216 2100913692 201365120 -119341912 363387987 497899351 2131616552 -1847912637 -425059718 436787611 -2109653539 1012925792 530166476 -348081447 1465684479 -876925279 80637027 -829216199 969350772 -1644920650 1951466319 803750339 -1741962374 1721836908 -1480377204 1249079577 1759719622 434597710 826360269 306738900 -2121287833 -708695306 1832921983 894715088 -1336620670 -1019412842 438271284 -677668319 -1405681040 495454472 -651615996 1084287705 801843512 234538062 -1947746901 -1148938683 -1723548846 -362418947 2019156101 -823999455 -722269458 -1937839932 -1948894168 207392621 434288066 -601377452 -942314249 919353244 -64946864 1364831823 -1182918135 -1504317423 756143092 -2035488981 -1475773549 -80964186 1865029665 -2136283053 1418799414 475767384 1637257652 -934526007 139663706 -636168550 -1572934739 -1095761968 868472522 483871766 1427288104 769316380 971253460 326650689 1743931581 1365340385 -2114399915 -1474921742 -567635044 -541571751 -1488554891 122841197 893045636 184735087 968215830 -708297664 -35610262 -964137720 -1811586894 -1977931924 
-1731493119 -1196097375 -162664572 1477165739 1806079475 -176610575 381307212 958173284 2008704921 1769369748 1409660460 548170522 21221996 -691863330 -1666912338 -694091444 -1724804569 -1149442945 -1602840669 2073664513 1923637940 -405768655 -1466694686 1839861036 -872483121 338600918 -774808445 556871315 593752630 2103801617 1790619883 2126121419 457620137 2097633875 -1000212264 1559857666 1849482157 1286734223 506174388 -1587186833 679279125 808454166 -180593876 978965851 -2093525410 2033254288 -431949407 -439975113 1483729091 -936145371 -1020059132 -684561106 -1020072117 -133061698 -326317662 708348578 384085505 -395399305 2012048507 1424639814 1242851635 -345983804 373692240 -876863724 -1374032099 442230238 -1199749740 108877625 -646196307 -2008263088 1716539545 -1084975405 -156723104 1124490976 -975632852 838314597 -214725688 -196789571 74742668 1316187863 791977481 2023436302 -689792596 -2022058372 1460529464 -1844662212 154463574 21692445 -576570787 -1509616145 1638186210 -978048280 -2008293396 -128305512 1407974416 864150070 124532516 -760130027 -1322779842 -518222288 2125610020 -1847087975 362529858 -1476187343 -1804679623 1567536504 -1704663159 -2120395709 1166563595 -2144463509 -454831256 -1700562560 -795096885 -2014195384 262651983 -1811048923 -1164075433 1162722364 28479602 -1675934154 -762486106 1385516460 -174686433 1120847964 1979909777 2049409710 1812551828 -658713149 1215878718 -304260664 2136874425 -425217202 1315432192 1499719554 -800507379 558082819 -776921898 -753949717 -656849035 -1712727087 2069976270 652578436 -2057497852 -705854668 -519567263 2034601911 -827506956 1534663565 1074131342 601458776 188574279 135214430 -91771642 2059802519 514575436 1076214248 335041584 324108382 -1941199717 1231063239 -1118295031 -1432896120 -1371118004 -1585821346 1321452471 1715590919 -266765592 -61400514 1122902802 756967541 1040616359 -871308445 -1136896586 -1540789581 1449782304 -1895296193 1780622459 -1953141249 -384090311 1963977579 -1837702028 187370965 1092804315 -1428377785 -1852677568 -963597394 -1174872598 1673806805 1454168368 -1268191088 -1043302345 -612072541 1854632556 1815399357 -708064917 -1089131341 654601654 466380809 656532224 811515263 
-1588651808 -1702872677 1380211760 -419715417 676380850 148199917 1072748546 258987697 796058962 1246019029 1372143313 -656255191 1903261692 989584012 -831547119 -343962228 1652004885 -282794407 284393911 -1618317501 -848333795 881599355 1343509579 -1643131891 642729418 -1641119405 -910850293 -1169457697 -122695263 540143372 -1562392991 1200615417 547656674 -1010375850 -1993695598 358197324 563759214 263641757 384417878 135685241 1238365292 -1187398109 -1968583196 -1998516549 677418718 1193703677 -194643255 1085567569 -830078290 1244874612 -458107038 476613996 2113006195 -543464124 719008079 1141108127 14112075 -1733968229 1997462317 -41005488 -1590336608 2014022736 -1430795099 897098962 531885156 401673288 -577449759 -948996028 -2032725226 -798855746 896925368 1410086873 -498608750 -1523977523 -547815913 -776552248 -348384623 1065717625 -191597806 1500303170 1932018408 -9501086 -2061612564 1208911250 1329351423 566384843 862138815 -1018450324 -183816542 2065301320 1191637038 404859490 553328821 457966281 877797402 1073044350 -1053177140 -1563202786 -1078630214 302216519 1124488337 -261211306 1168111707 -1652363900 1887201713 2062085170 509603639 -214080247 -2057375895 -1853778845 -86003178 660000071 1657997220 -151583402 2039764278 -692413616 599584610 1819369471 -1938667815 130428553 1412637635 -1726166038 -1132327524 1795536480 -1168203674 -714892412 1660358816 -2015625738 1379542637 -2072397556 -1367952794 996078269 -336308895 865441606 -116070791 430369205 -1098260469 1802574084 -121220349 1157972759 648038080 1744296092 -347642161 -1228627201 1371838907 -266432066 1295850135 1941455933 1431224681 2077072980 691261682 -1593729531 -136101352 1092743518 -117027384 -743529011 -298043139 -462502739 420640507 -751487171 152810300 181794103 469471471 1435171221 -728683724 1280515738 -1824542315 -926489364 -718939862 -1068342812 1734808002 -742358927 -2016130003 -489158590 728183840 1005839401 -893991683 -1580456129 -1184124830 1975757490 -1395555975 775056357 1569071901 165037056 611127762 427029814 -1064353112 1089013971 -1152902917 1927926203 2039077937 -889212018 -646183645 -351961671 849134186 687227106 279074192 2070780546 375229398 1603475362 
-224384442 -1427845719 -1347582030 484930715 -1262959224 -1877139244 -876305425 5380590 -1894417094 -1550814762 -667816810 2131699591 -1258194173 -475970320 -1100651619 -669313057 276414535 800963173 -317833533 -1909267213 -223314361 2108634557 -535066379 1527626906 791707857 -682384405 956069829 -1480877678 804758137 359879664 1322416085 1910359612 -1205873599 854724521 -1341055638 -854231282 -377327459 1257268166 -885824224 -1255001888 -280849368 -2028846858 -74093422 -1006420791 2060056663 517430499 1025994697 927662762 -2127376362 1051738945 -1927579079 1284896991 867609329 1714076087 -64484894 -418070335 -1992887919 -398465834 1231028516 -588661926 2081207224 -1188260650 876403172 1253902534 -1025630972 -336664018 2125453775 -1978141822 1996625627 466670767 1005742097 -1379796547 1636091161 222768621 -314378325 -1208703581 596206530 -171742021 -383176659 -2033557142 -921228912 1824523569 421655051 395003050 421614523 1767629711 820495794 1964495776 494218560 -805810661 1391240272 1826068630 -1774828480 627712491 1844453311 2071605624 1713406853 242296207 130490972 512797295 1205845556 -18511613 -443477423 -574486445 -82066350 -696402665 1536897134 -1158431640 1323210919 104627082 1229473361 -526804595 223358196 682537453 -1263587389 -1185680695 -59520725 -1878393981 1484727560 1978985367 -1839163614 1095861635 -978427335 1319751533 -632243843 -1003022679 -1037310777 2098259770 1093681604 1661155059 -2083769773 -1362463228 -366950426 -630738539 1702894600 1504111988 -562066549 -460521088 730548957 753126240 -494354444 -1592850854 -1904502889 -145125661 -660071586 -563141578 1006330579 -1703750333 349076854 -460303964 1632180094 -244049453 910029753 -1447883957 -721208598 1852573517 1998867789 -226752534 250157647 623918599 1145953961 1955918935 1679459662 902753049 702034419 967494453 -190015773 1687504670 -725616649 -1222658003 1543684664 -541629269 -735975178 818960947 1636383624 1032930483 1973214267 1811102826 -978206419 -1860522735 118213270 890097946 1896883997 606346166 6908941 -1436587880 -1409015209 1517498907 -2035328418 980096715 -1873131861 713953580 -1636910619 243732975 -939043354 -116095124 -1889926962 -744301291 707728420 -1804233803 
773855105 162939504 -801343337 -1388184670 -1528356242 -1802859204 1745097691 536544707 460091219 520261874 1152229399 -1633542304 1109097558 -1071470803 75103405 1638766040 -532088485 -704753809 1958323501 1776784955 -193513853 1979964465 2007367387 -196345385 -967409792 103927184 -1734513541 420667694 -2096416703 693407474 903642791 177775518 -1384833150 1926650503 1282867369 709679584 -1855325955 -16898449 -1258388221 23853766 -1427510428 964252546 1212442442 -784159034 -893306362 582181166 -615075925 1557519209 1440583410 422597803 -572346552 -1161946066 -1768779672 -365652236 302419798 -1046913813 153116855 2024524894 -440588160 -605837990 -410627637 618043411 -2124352289 1431734507 -1155286200 -879249112 439905466 1650167060 -192090218 -581511650 1140425642 1137676936 -80059330 1922289229 1795047018 815840441 771001261 -26079166 -791634396 -1785129257 1069736614 -1237079919 -382016234 -766364147 -202056841 -826824544 967009266 1767602183 1642639254 -847611568 243399512 -1342098538 1194450818 -1738323338 -1800888606 -1096278409 1082332978 -1040627278 1168441827 -1574632026 -997365196 7222812 918611297 -565392182 -1226262708 2024115844 668426168 -147288846 646400874 3618249 -1496556276 1814658370 2087781159 1167910875 128277742 -838671458 310846356 966915373 -1838380913 -2083071328 -1810676972 -122447904 -1411040459 352991037 -482724322 -536598422 -97817788 921750132 -1292476167 678328379 1908557625 1394502020 -2050842457 -573414405 -1223877912 -1767804405 244856967 -985483850 -598915159 225867674 1072729724 -1557470483 251893570 -638436271 568378249 -873049703 1544947135 -59754002 1306955512 -2035288689 897400307 -672322390 -1726826119 -1771401854 -172356436 -205741936 1951348221 -1468943877 -1077818909 -685702777 -1008088117 -1723272712 -541960325 -37507979 -98457737 1184935806 910452425 -165508896 731628185 2110673949 1101477034 -894576910 1963989496 -790153604 1025748942 -1037924819 632354825 1006436163 -1500625775 -1024550831 -2026284189 731232595 568843159 -126643882 539081069 -69767423 -1632588182 -2133156231 -329561961 -1323434608 1593126822 1381444041 42419213 1312678721 112318507 -1521420364 -1868675825 -1795434764 1957644076 1078808879 
-1486563918 -1689341051 1229472269 2105067813 1525828434 1597863456 -188670794 2032485022 905071211 -895357292 -406084632 381822976 477882282 -345222553 271304179 577268992 -359807181 1333481361 865029305 -1292862098 -262525451 283289162 -1263987861 -236958126 1022804103 -1994741022 2134976683 1142697660 1995419891 -265828456 498836922 1235938901 2079117304 -1940076408 -2011457871 -2062533771 539796757 1777074355 1826805721 -203635785 -1636922284 1624778881 34648127 1633146771 -455715694 -368353812 269897013 2095056606 637195739 -135995007 589843412 -648263415 -251216281 1778511696 450910895 2020830507 -519115992 410128865 -991442227 -754200496 -323065394 2075867909 1544999109 -1951474761 1858834666 896304260 -477987100 1539420262 -629105641 1250105062 980538184 -947199498 -1083109782 -1741310595 -2134930336 -306378745 1706378159 1168150044 857500219 1179945498 1681981972 1205614039 -280938699 1346902488 -1106396827 930960549 1118841983 1572719579 -391090555 871219035 2141786917 -1087238807 -1303111147 1818820458 -841085391 -584887821 790136625 1878644637 972588464 -954037881 6040415 1359328488 -1793944317 -1372235649 1645556878 1214849965 -192983770 -1877693986 685925646 1287524968 -451101940 1626947961 -467005352 1259544320 -123327443 1484131533 869990889 1507024680 -1065697235 -964056712 -508738042 714407090 -1037319557 2043619464 970701496 1881333284 527059602 -276078791 -955226899 824586742 -1030449321 -45350344 -2040982387 -869326879 -734277054 963872362 -698233670 -1362950754 -1921763532 477653928 -1086873018 -922801447 -1032424602 -1320755524 126008510 706307825 -79458346 -2059358615 91643576 -795544607 233535947 -1723249784 -1713089242 -203447371 -1016148411 -1895842066 -601142243 90889007 1420876311 -1220755588 -17871268 -1044263149 1773877259 -815343047 -689291769 397703591 -516573943 699546991 -964765649 660381990 499111336 1851496634 -665450470 -1446697417 -2018384315 -1309257067 -1271986191 -1409445367 368558350 -1335512017 -1454774580 762314105 1799267163 1446928278 996480947 -1406877658 580100945 -2006190727 -240365571 552706574 -2190999 881764253 1373070431 -717890874 2041096723 -1844934450 561687396 -166889904 509256418 -1012399251 
-1309279005 1380937228 954568130 -1880858452 -1801383495 1758778892 -718804887 -316876420 -1167609995 2028829045 -1537917476 -22078746 60163144 -1614520946 -653412740 -37918035 370186933 143959386 1611613213 2051672313 -1716129213 1225342001 1133736196 1290908976 -722880281 1812383862 -1433822015 1104540913 -1460719498 -630462375 -2093449752 1504982473 -1673108116 -1659113230 87303333 1097225347 1890833778 -1563617835 492608707 -380732659 1277736093 -1947941833 1122141720 966587863 -1101141225 -236502332 -700855850 21432517 197559073 1290871292 1265936431 -1849938512 1696110562 1426159758 -1706728333 -674766245 968258210 -1870187104 -1848326552 -1634614873 -668483574 -1156502543 -2059056166 1825242514 -614480045 558960418 2017134448 1963268224 1787239192 -796483155 464619354 1055069883 -354406901 1787658642 -693810667 1827583456 -1519020698 658289068 1225975435 -823655983 2084464691 -1477421246 419022123 610732185 -235574606 -677466783 -1852035236 -408136651 -1256863444 1944498295 -1307675324 -2071604664 -888334499 -837616535 1818671656 -1286101853 -1415656711 1443169530 269121194 1166463528 1858592630 2060197677 -2042597390 -1100069624 2099549843 -1092473427 882210501 -1251513924 87525365 2022477101 2074496814 2051088143 1754324814 145334995 2023467835 -1120978472 -1786132507 1817877766 -67362956 1468495943 -160897380 -1883047730 -1234062504 126334748 1800485927 -1765668082 2142198937 2086138592 465956664 2119640929 -500650682 -638186283 -1243617996 434154763 1125332608 915739571 -1752853013 1918978471 1159496287 -2043156282 -2014031378 -913651692 -711652023 -1886686161 707462180 67360852 -2045937289 1303102801 -1122908419 -1134074454 -408149021 -1680648720 -444057390 -782459219 -890813893 1874029514 1415279573 -1134110152 -2067805806 -541747653 1565478928 -1944438155 1721377458 717635151 60593648 -277255644 1833765082 -1037113573 -1463342716 -1116257146 -1443643861 -1612315721 -617109017 -830783827 -658900625 -1418009102 323476364 -2142575597 855847185 1194182996 1681424395 -1566585539 -781023117 1545856708 -977904432 1514877204 -298185317 -1200176303 -1593499117 1607626354 -1571079592 -1484404449 -1924303402 -1805809443 -493713421 -623048899 -594609589 -304884275 -2061668694 -557470643 
-6486073 -1582637941 1078039053 638729001 -1684527224 1776025367 -995476464 952424991 -1041844548 -1094481621 78229385 706978003 -584282595 -1134868278 -255274052 -935506517 -71705741 -1404588924 -2086201337 741623920 1005789345 766815531 10811495 1348647152 -176177323 1895169429 -739455226 1206954115 1389077208 1945610451 1088037687 444113896 1487452477 -2147329086 -511994792 321694732 787583188 -199403034 2132410935 -1503338907 1151623201 -352150819 697320874 -830616087 -1659706232 681619345 1747789483 -774870965 1635934259 -93793222 1191303731 -1008206544 745969042 320267613 -1599605109 367906403 -352018452 -1112511208 -422266632 -575674725 -1303180989 -873210176 2102484123 -1241844741 -1589374985 -960028229 2102764584 -505694077 1340070081 -2113757645 199755573 -1529443731 726159475 -1197523069 -435203416 -325005040 874639633 -1141697496 1633486981 -1995795516 -1215154632 -1723744982 843801457 -434390624 -760395335 -298385619 -1105396044 1484538939 -1052311370 -717537444 -1245317571 -195922438 -2129148115 -1495111249 1977236762 -740569501 879027388 2085922244 -1494643601 -1223514902 -351291691 741332523 -1841123798 -1409464720 145743692 1284046591 -1192629695 -270201303 -457876759 -1052905791 -1936458870 1228536196 -479740534 1125762235 -1068632422 -493032513 2111083447 -735323085 -1416593737 1821952326 67215259 631911763 -1448364797 -421011887 -1748509920 -1187864235 -2064019182 166584004 -909216937 -550535587 2036141834 252787880 1785880284 262282145 84832122 256571665 -1169218664 445421032 1610787767 1633963592 520762069 -641813590 -1193273130 -1593388407 132956464 230891204 -2017972351 -997111112 -1778081557 -1838675813 -1154149705 768298473 -106267788 865241665 1431346811 -1281337878 313371675 -616432807 -98379999 214171005 -1940065528 579734582 1645243807 -1081434501 1086963353 -770234006 1465356170 -138880410 1887635352 1006072047 888959385 1174774687 -336203509 -569495571 -98531592 1509941229 1637409289 322654679 73448126 387645433 601542446 801138414 -425939213 2010984099 1839173811 -728102005 6927145 -1438508540 589734477 2141207236 -65429404 -1615638304 1588462172 1898960606 376902769 1341720454 1055944663 -1829893285 -457020281 -751050858 
134598779 1559381699 999760041 388023224 1340732933 -244200733 -715826205 -1690575737 601310501 927104330 -616878434 -99000660 959362536 1788273557 -258627988 665113385 1394544925 -1110725350 -1852894100 -642627719 1880061437 -1979051054 890292119 -2072081191 1309453832 172057156 -756685977 980734607 -1432243833 -379675126 -607499193 973760208 -1317985100 -1777795156 863573 863164320 486260861 -447347737 311329923 -311211944 472667769 -1456461338 -695075126 -1818698392 1161989896 -687601558 1262934294 -272918136 831583957 -1356521689 -1323332019 -2070219650 -1948370986 -1018448260 1761174445 366395335 -646956999 -1689537462 -330320348 -341180951 -1226058713 -925902077 -1722746561 -982167552 618877138 16197647 2038239143 -207966389 2137927517 -1557965809 -2111862749 -1536382344 936257040 -2061956532 -325505674 -1502913281 1687731058 2089002533 304401885 -1787448357 1075795300 184652952 -470255710 1074124497 766798131 -274169487 -1317977724 1504984691 1159855757 1802405211 954207525 1635460706 312653968 1740208672 1215605953 185994913 1900276722 -198863375 -845165462 -651760700 1388401271 -1577804200 304658903 -985630475 294145767 -356580970 836166334 1384781798 -507125249 904258282 -1453202780 873319956 -806512866 -639982154 -2061154301 1388282261 -1764804488 -1228316734 -1073738855 1216506558 52935066 1423236552 1165273634 1237975402 -1856911770 1003509668 1686023443 -1327802430 1762839194 -1171223237 -453802541 -1974744198 2140084141 229060577 873392866 126146168 859811833 1712120460 1364469335 1551660336 -461128391 341202348 -241566795 -1307519837 520503805 -1204471642 1961919669 -162922772 -1840240918 -1173286122 1530916854 -187815755 -1074420092 -1484543904 -1751946154 1820324251 1487073107 4301173 1902402083 1089790666 1650397624 119254650 -1584438320 -1622844276 -1098638657 -46377706 994884776 312342970 -1844180164 388414128 126217472 216284031 -2082858308 1885557619 -2076851417 800762894 -209302058 1799930256 251759305 -674405830 -367570935 314435538 -1190533822 -2124170415 658063736 -1858430597 488937296 1795654666 1449166395 -1563617502 718080702 1330309496 -602082828 1533462932 -90934814 1415630334 170039387 1383933669 1796424434 -333279404 
1940097966 300320341 1882519693 600346944 -1346540577 1622520504 -462845663 -1893758778 1956965621 1236871023 643165439 -1508985002 1941287572 915763525 -1033210470 1401914170 94057190 2133515401 118554495 -1078352303 1532473415 -1535011676 -408327001 605745000 1125707887 -1884850667 -1292423743 519323469 613990471 -617326970 -1981017465 -1106603537 -106691437 -1568700881 -611959450 -1219131483 219063587 1661986628 -1182061506 1144597110 -800380600 377190388 1919232681 1118709558 1404120106 1443208971 1724775222 953692011 58105271 1806476929 -1790384980 -123869757 666383246 972367436 900415542 -1549474497 -634227162 -570346965 -2132529976 -223279957 1770922703 1508211305 -440488242 -1567803970 1919435419 1487624506 -929476718 -1710898978 629921763 453512120 -1596711555 -597374604 -487649857 1877651313 -802714419 245226086 289904483 571565787 2037621774 70886175 -1222449358 1554724395 970106656 -1030488361 -357996467 1704575317 -1285354621 1844593544 690895546 -582876613 -1488219802 -1008133573 1573525687 -1125512353 1693475780 1746159266 -257830933 -1661434862 -1538641006 851099827 735082456 1452025257 1926251796 -1800570284 -973605054 -507664873 903313704 683727367 605262732 410988319 1494951399 -559948406 123432768 -2028172571 -436232382 -1558825110 -379323468 1144045722 -571930477 -1228871590 -1476525053 1094180727 206376921 886663619 2106889497 -1324606661 -355193237 -579122350 660582428 -1536890418 -836746546 1568043183 1014885519 881052298 821622517 1943880750 1977618250 1911425940 -648165673 -1730899201 -1319393469 1367296697 -490483761 -164611808 -1523143001 2009368558 -153223305 1367783327 -621834000 -398283545 160437824 -1150090658 201296719 -1930070498 -1657566953 1521444650 -930273042 501318853 320907321 -1497668876 -442868029 645197045 -375086900 -1723496616 -542371104 64769 1634054652 666716882 -1965740032 -2097903337 -671387837 460794706 -97619579 1875843301 -2116215375 863082155 -811955533 1861912221 850091262 2088622892 -506840979 1808431788 2068546523 -1704756540 -929227519 1732042973 -1655039024 407878009 -1251572913 -1999014797 -402793922 1572074155 1328044043 -659167309 1682052549 -275488888 -2088279361 1943017830 -1514302981 2026630316 
-518108809 602166068 -1657185952 1823074415 -1821891498 -787223643 71506211 772221340 685679275 1310513049 -174359336 -1523457407 -635333347 -1351897212 -1287664399 1990558109 -1883167692 957926500 -1673003609 177573887 -1857265093 174667312 -1081943928 -1175885687 -117192027 1124496484 2079078124 -1845595338 1203986703 1395376784 557511973 1999803655 2050103800 1461554014 651031708 -1937618802 -1486333717 -1469464487 908662659 -32749722 -294061562 723812468 1857170375 -1699478526 1794595640 1843502597 360740472 -1334962448 1165709922 -1905116186 764730294 1549809321 1364922370 1064278494 -1311869122 -604887809 1033808946 331429490 -69655263 169676943 -2088008721 -689023974 -675559544 -890417084 397496136 724056485 1334773811 -433172652 717940267 -577764930 818882961 -1459436467 1332179804 -1036367678 -2067669906 72853384 747506695 -407925387 1089820069 1810228881 -1521995779 1719370475 1467724671 -39054387 620611552 -972174073 1115265246 -2120492644 328854396 -1715011355 1095867907 -887049937 748123120 -718049550 -688903611 -2129105388 384678104 -2022415903 509493093 858821598 1214133446 -1257435666 886606325 -1046227318 1978731398 -1481013840 -1188257649 2122527953 574131791 -939646780 1562392722 746904828 -1700838085 -1790394621 1157710276 54085246 540468074 21182416 -331388603 87177114 1751285093 1528472427 1622757937 2105440699 707729800 1817129278 -961521289 -1622283295 -1133391587 1721132332 2010663207 -1989026731 2135946772 -1475421957 1166067254 -1451216064 -1581752156 1353808949 -1388675509 -1095460928 -1825135409 -1404042925 -1415659843 -1524052328 555534449 -1231954900 -1067734595 -2073698868 1021371634 487720251 1895041550 -823826110 -127027596 1970913197 -1992903868 1651382931 1795584418 626980007 1396501616 -1543959850 -1577299644 -1472632454 -1878426069 877590934 716760549 -1418513541 1051193683 724769464 424902749 -351740777 -912516193 1857103205 -831438284 -1441639943 -1090185629 864284871 -1124209355 189970700 102261194 -1687185969 -1549188596 -1608265795 -186132053 134346297 312172970 1494817912 -1424157833 656742655 -807350978 971883357 -397438293 -454139203 1995944464 -1666342746 15138138 1839086212 -547697260 -2110585783 781665772 -1289192428 
-514546595 158997327 -1574749562 1444365247 -1507527134 2144853676 -1996058070 -1449446623 9738357 962613746 1402022319 1013178281 -47564595 1373827134 -1235040673 1401214402 1200109249 -2100537974 -1726498236 -1959406192 -1493260858 954526375 694327536 55772679 1574580176 1696609734 -1924993896 530235421 -596846855 -2007279290 -1914600207 -725456440 -829931156 -1787324798 -25446856 -1765784566 1679783511 1442344810 -468623449 1903721326 1406862498 -1206142451 1822058208 567821745 -179631065 -835915150 -1938517412 -1652526500 -1397616773 -370584257 856930238 1452128091 -216958906 1474857418 -1441885116 -558471470 -1225031011 425390591 54331529 1127067172 -1544706610 583426974 -1504652745 264108595 -1842820627 906593133 1199026197 94034915 -1207776361 -682327892 1309982664 -1174761534 1035032279 1244546243 -1876720818 -1514599797 1121553841 2032139340 1228725481 -1158031327 -1856479508 -1648022485 -919593105 1941919361 -1587099242 -1804506822 951044402 -758474483 2024138124 1774384012 -1951513849 -895099297 1003976072 1184173205 -800130880 -1941841987 273951786 1548230200 2042769739 -325049181 1995955201 1116090184 -1116138734 -662167418 1378473350 2015334771 -508258810 -729800456 -796975958 128694784 287190681 839936929 1708537455 -700632879 -1493366640 -1686436975 -1561778377 -1736422407 342406682 -1914667875 -1093030916 -2004480745 601511901 -1896524923 -1485730514 386654795 -529621313 -1809402536 384272191 238742640 -1540333642 876933406 -1813590614 907157511 -1907862328 -1298012686 1475680787 -1977505459 871779737 569852041 1812239882 1359764182 368383142 -1542544780 -2005380349 1335278521 -854391248 537425758 -1507716128 -355847541 704466368 -1345643594 1286943731 1686778204 -2037067619 1588255397 855326141 -2116965567 -1866058610 380071120 2053754259 -896048751 -108722793 1118223416 -1861930478 1192637417 1220956767 -757330527 2119058241 -2048713083 -1698886618 2029025329 1966359689 1919469653 -1320393963 155794574 39976281 -160517547 287137871 -1036757372 -970269805 -1748051804 1398645152 -886425558 27299229 702619713 319108815 982359014 -940232206 633731918 786102581 1992221443 -482801213 188393585 1308080263 974376380 -819640241 1827154296 -885193422 -580615408 
-101419420 1931922706 590686347 -380116543 -1512186320 419629908 1587619697 1022853672 710933206 763781914 -1792945680 -1524958869 -1973797407 1473090015 653999314 -1770469897 -1018349134 -1475494762 139201787 -1388665634 971533656 -240845043 1971139680 1983726062 1311228014 -194346217 -1992993725 -113423472 247586803 1883459311 1055081952 1850506175 -2070884274 1684373431 -219417723 -2125826555 277789983 -840624551 -879250220 -549909701 1142491282 1999453758 775348725 -900560351 1288823838 605735924 -2071721216 301365827 -1149921028 -1016919810 -1371288625 165644010 1303117396 -1778165462 1459784236 -404644179 -724942329 -1670629415 841032180 1568599591 -32794484 -1565170456 997472957 187559533 -525111033 -695073888 -63055327 -1622211208 -1190850354 -1796983304 1972544467 1014642304 1992125714 1786751865 -495228095 55304598 1688778610 1818772295 -914916506 1109942378 70010263 -1924447158 -1258485880 -1469240736 1925886246 1932168296 -1091565638 1302063622 745643100 -1528691647 793754130 -425102693 195927490 1386735451 -1934939524 1768228400 2020677302 228767051 -1263151267 975432360 843984186 998324825 -1773342595 -529966875 204816019 164347931 708751235 -892682682 731922754 1374212376 774996730 418144515 -624606737 153702941 -257493812 -1154097667 -2093029832 1514855280 584059105 802619077 880163091 -360217845 -261901519 1522379299 1955731168 -1586253742 -1194941436 -800928278 -1694906882 -991867503 -850711574 609790855 27399727 -11971994 -1939253879 -143812585 486290586 -1516756443 1860367286 -953857099 1359615642 -321228433 -1342644552 -1668474365 -193754369 506270824 -886911963 -1950239039 1235289693 -157043067 1500915107 -335709629 1941092270 -1564248930 -954595142 -519393810 446439198 -1897301828 -803268269 1199129619 1514381064 -223344292 -86839680 -163077283 1590305503 675477532 -1800996382 1192578473 1959798151 -62445450 1683080973 -1412880582 -1042934352 704546059 1638324159 -1026881756 967905496 -886670546 1015009287 -936950361 1310096391 -1236254555 224272424 1830718829 1159296610 -1599812659 1006548039 -1257237260 -27921342 789243333 -582789812 993917462 892532077 -944764339 1954671392 -587084990 1510265526 -1750076306 -1079795106 1743859802 
1641959275 -1776882365 610877996 -892170273 1794480865 -626168125 -532909294 964270329 -1532272958 -1307830218 731403818 -700829958 -302612921 58246423 -182133248 -426202628 12175452 543391665 -1359654803 1107735638 -1699690497 1849165494 -1268751375 -1924180621 -2032057655 -320478408 1495963667 1067802250 1656446277 1134415620 -1538582164 -1772873399 346295950 -1833620142 -1345143960 690819754 -930314327 -1621277076 411365883 945209282 739833474 -857566403 1051231335 1449897096 -1470510811 489708011 789691009 1746389238 -308494314 -2004725241 544985148 1677244733 -1500018763 -240240427 -994524132 421533109 582830663 -1992153416 1482224998 -474801981 2081576346 1078970627 861183777 1175606146 -1818229077 674479153 286059910 1465000380 -1872641788 1949763484 -1430927218 -1618710473 1754608675 -1606692135 -1454309305 -771035627 1715275815 -1764754774 -958520995 -1924207611 559047652 -2066352191 1833453346 2146466140 491716258 1082469567 1788042323 -2103675553 -1598635061 1378819336 624669074 1961891565 -800299886 -1658415818 2014163828 344422082 1046845472 -520128474 122216532 -1557999105 41515958 -1188130960 857221900 1055386521 604748238 -1646273254 2057272601 120395506 -253922367 -105957640 574085010 2083578789 -1983672920 -1941148317 1131147252 1627753517 1516215291 -1206580564 1204116700 1512513455 1758318264 1988983797 -646132574 -869809706 1919577224 973673045 -542933301 582813751 1851121303 1486987443 232393036 -635278558 -1764298801 -1628195661 1212410287 141935449 -1259255034 1107616814 -2137341969 1750797171 -825427018 -1857081291 -1650590854 -1926233430 528218596 -854405624 1542187007 1357340579 1196726018 -1784618585 1092974088 -29063339 544266994 -1023266332 1439947451 -1146747275 481800968 -307676596 62183839 -375599610 -1797098102 -372842710 -56301268 470474696 1103585375 -1899447489 1976292058 -1493806666 71188126 2015739757 -1463088749 -903753839 411312447 1922234340 -711567308 -2010006420 470629745 -141698285 -749395836 883406655 -1462880675 495871557 2084083971 -843548759 1527162214 1304812735 1249839312 250076636 294375192 1673162344 -1676352395 1101463913 1747567014 765371535 812590715 -97477005 -431650207 -1272090980 -421419708 1506505124 
-665611741 877726172 1713752584 1065051142 -594407481 1947635019 1150086845 -1822302218 -1286378726 -195660106 -161994874 -501716806 2060937208 -1138715463 -413171456 1531632440 -1357062935 -1733181908 -1876108652 -455282975 1339288642 -1722700958 -245346421 -2116893464 616465905 -1422381618 -1307810710 1709736051 -1341004204 -69200506 1184745530 359880976 1952207622 948355266 -62141509 1623406226 -2092734669 1259686422 589162816 -2055970949 656025684 -365363978 7303306 -799082633 1918893314 1491192591 -2059627443 -1430015658 1221903321 1432742557 -1935195040 980131446 745484119 2137656261 -1092307557 -677137674 1680825461 -1145983841 2039756275 -1040456135 1861282584 496229162 -1211479946 -1631466050 570358864 2125784036 861813524 -1497227983 1287700832 1552572542 -286251250 1486518016 -265348354 -1765529428 477616953 268504226 -1224921084 1262721759 -221071443 854874541 2127463207 425983756 -633594098 1413789569 1311903767 -951310115 119612710 89362763 -1559755128 -23778614 674924362 -1459153957 1282015841 1505703310 73582773 781895174 -1332868773 491926588 2070414061 -1379005679 139696464 -71150256 -1684948422 -1241983461 -296977529 1855855844 341950286 -20910946 1101581294 2089997228 -1128367861 1093165801 469283666 -1297424679 971419729 232947566 1872592860 -883045787 -1277625273 1296093725 1790532703 65274434 354276673 2025544337 -854815403 -728862752 -717726110 859991670 -1865630876 -1065003130 13435963 -933744475 -566971987 -837078069 -969968623 -2114347657 -878761831 -270840164 -1651361467 -702364382 -501958007 471559179 1274663017 -56564505 -1988434933 2101491544 1402239619 1456930477 -1327221611 -1858563200 1548514837 524361702 237905772 -1118054047 -319575801 940320700 -300719039 -1265378878 -1257090326 -396897352 33793329 1712523262 -808637836 -807424748 -1158423284 -1156976314 -1830341790 1428734475 388992408 -24079629 2099346024 185940266 -1729960784 -1992663276 -356989663 1729437757 190975861 412775560 1675862257 1013401816 1776367658 397632034 -1261438308 -1983356828 -919057856 2134833618 1388691710 628950984 226271984 2121428969 -731575597 -1207364178 1090561031 -289351870 -1337010159 -1826857635 1645817663 2073351362 -1856819205 -353791772 
1940729537 1331618256 -70749010 -1834263149 2122817903 2034774338 -1813786630 -1163027307 1471229020 -761144984 280313063 697068774 -134816886 257791360 67211432 -1917166331 234464466 -1991456480 965763458 947702577 1850401263 1629232892 -1692176078 -2058229934 1364763725 50972917 658171107 221032921 -1596611033 -858160698 -465233989 -2063371833 -1602364141 1777555631 -1212256955 1230008918 2021045113 466129496 123785803 922798881 1111040246 -545059360 1993037031 1712129192 1206981093 -123491986 -1560668134 1444063468 -702709414 1518834842 -212970302 -1519709242 -2098655941 -179066176 1959056156 -1800851300 515676939 -1898844994 -558257521 -1557503975 -1553072029 -274079457 1367969660 937925257 423360406 -713956244 -815094001 1559451303 -1754118171 -1759281365 419335465 832256451 241537365 -1518039730 1480708967 -995698524 676391176 -769767246 -163930170 -1205810518 1038729061 -1221315383 -1520974126 1152780115 -1758736489 -1488720134 -243409645 -625700289 -985307346 -1454793175 736167557 147077856 -413379423 -336496721 477136635 -989562752 991923227 357683124 2098811885 1126532123 -1711087383 1863045136 1818008963 795166277 -427092716 -1567869690 366607428 -1554986316 471468916 -630280372 -1126155782 -1078102440 -1860180640 1878157601 -1555875921 -1927046591 -1628203914 690415926 220650534 -464203708 -174837804 -1365257688 1328718143 -1532041777 1097710568 -1360891483 -1658609992 -806921618 1142613605 -1915325887 646907152 1940925271 -1123175211 -1866925919 -2046041572 -368237727 -939307148 1660287375 -1827583370 -153969635 1880227964 255871545 -2055896512 -841987096 1792303954 94430262 381401272 1831587759 1719794466 1302666918 -8875758 -1971744027 2084312131 1845044950 335334003 -1449508503 1162527947 579347499 -1482902908 1093665723 -1103468388 1575518168 67649737 99380131 -945297897 1074438566 897655416 1962866945 -461925058 -580503388 1673477309 926157172 -165111156 220297539 -565860603 385123350 -678540501 178399150 1809447067 1940385490 1538425885 -675631804 1229545145 -387400565 -128616761 -1361735373 -1273048246 -1356550934 624263144 1963289274 1628938721 -1046037540 -942890890 1872122282 -1431920167 1385731684 -2060023359 -1680664028 -1889116413 -1133058330 
343053044 1423484955 -561497804 -1771194107 114613703 500380112 -2112494605 1450943504 -703343096 461969542 -2101875390 683905932 -719111268 26560651 739528936 -921470114 613632060 -1157688353 1546301426 -101787786 -2035046858 1379916243 2048250780 -283584877 -1014894826 1316689999 -725772713 -726064823 -1175351361 309720892 -139092735 -1886336962 -8424739 -789076683 -2095513622 1062164026 -229945244 -146161904 -280086685 1697810810 1407435899 -176450983 -1287158765 251977962 -116046554 -1649184907 -561746257 1849351641 -2023658387 747744518 1794686046 963668132 279103119 -1899733907 670293185 946111601 625886805 -340481847 -1257926355 -2147465554 -1637720517 -1857915364 -1706886007 2071140856 -612344907 1957601985 -996266396 -973029558 -736570252 1352077594 -1156147360 1680944110 1922932570 1439300153 203245795 1634110285 -1168347463 1825829319 -409016579 1805176856 1028224198 -812024978 -1722475809 -939999532 681384181 960007777 1218894477 827777877 -1782043290 103694329 800005530 553561031 1662524817 -1779238694 -722082267 -1557204162 -1003919102 871322415 1295526655 4640918 -2086723170 -1175649028 1954502602 400308659 1417733012 -941610646 -479464992 410715646 -1049419453 369360977 -41744446 1969137548 -1404562890 1167670635 1664773010 1512998078 1203932620 1779618843 -1362581115 1110030927 1821365536 -1629267 -1294805237 1471161447 329520830 1061454665 1917062184 184552181 2093201071 2040504096 -391664151 -137070044 -520634848 472083277 1793379895 1662011726 -1230737112 -989892652 -1859367061 890541372 -696169807 -1400713703 -1791827798 -1987201496 -801923293 -867788241 1647450623 456863746 1071604229 1471796480 -165890353 123930533 438497716 -419219062 1510044408 952909756 -1694624365 1629230303 -1662740135 -1682572971 299936661 490549748 -1297242874 -208713308 2080371120 -1567183247 787339626 1983098037 -769108078 1518469805 1178872162 -111265293 1767007725 -1587356287 -918198185 -328492474 179953911 -666867725 2081072290 1621991863 -1105508644 -1416130709 -869936359 -1456655589 1607159758 2087421960 -747260053 1550150989 -224701705 75033626 -2034075850 -935424523 2018561847 632377269 588633942 922570191 -1651205056 558400677 -364732834 -1786454355 
-2045821402 402822767 -1783460357 -479361289 -515791811 -173629990 1772843632 -103722400 -1059598184 565314527 1621384049 -1151855442 -1390338910 831184263 -58975811 -991075417 1809517872 -1335498197 -1540161149 -554852700 1863436112 1043770613 -1685597447 55642919 -1843681029 -1494970379 -2093248614 1553386251 450856897 -1717358359 -724202274 -988655536 -2136803895 -1513575678 -461688398 348945891 -215661611 1084843661 -255726002 -1478833056 2095275928 1847705145 741994182 -811295055 1291652336 -1829063730 -384022376 810073856 -549777800 -1620378578 1571300599 221598625 736779236 -1227128607 -770398112 -59371447 -934920942 -2108280677 -1629329098 -1073687422 224194108 1139114719 1152054583 -2022809310 1780025575 -594313086 -1460228903 208060126 333323311 -2025382126 2099461647 2012905580 -1667295384 1010178369 447621346 319166861 -337392895 310786218 -343726314 24393696 222438119 852204966 1242056780 -1974057291 -1313717229 805082225 88800490 7866059 1009005425 -2066372296 -1340796198 -1672916251 1187255302 -141912121 648060653 -858746598 1277567366 -1895767828 -2075518896 1338203639 -1512292534 1463017007 -1833153727 -1418662710 1129364072 2029282441 917436655 -1618073424 -2084039861 -897093306 -1374882224 -855288579 -1706832259 1588568392 -1070874309 -2139033997 -1178211280 -50908140 1858056944 -236573800 -833834078 -1100127327 -1922901718 1109582452 -1939239730 -1030805256 -1313110842 922503999 -1836105792 1869598679 -1084531701 -1909785671 593548377 623186151 1200182641 616796846 -46581201 1180232955 -651598941 1211356327 -195374566 415883683 1102064387 -894264426 -1320469718 1724614588 -1373176360 42520798 -1939566201 362024119 751124487 222673454 -1458769573 1575556650 -922895130 -640915832 343472627 1473826973 -885758347 1073984692 -573576752 -391132743 -250831780 531234978 1917691352 1563919835 1469956205 284368693 185271724 -67079394 -390700886 -2023593238 -267297852 2086020698 1155227447 -1078960026 806908487 197266535 -1482513995 -1479903653 -925547029 2120326378 -719595056 1554552369 -1298284363 1909752461 2080454459 -1028049437 662481944 118565978 -1117981796 -1313208288 -62164399 -1334503619 -1759440413 -317784913 -1088552267 -1002340113 2012642057 2117408404 
-1153232393 -403059345 -107395861 418477512 133376680 -2049333700 -460438841 691215034 295705966 499909988 1613762889 -368469479 316709912 1252312626 1986997620 401169555 -1972059830 529196673 1843251852 -1862545194 -1425736638 -977539855 933482001 -1080286699 1112777105 -1317974103 1350302594 -569853749 1011907233 -1396739081 -957086487 -1015750691 1672401939 -1806208930 522348979 -2129489272 -1909264303 1717076356 1842719310 -2108730557 1201980937 801591130 -361581108 -1122596535 -1677454158 -731449205 -115395624 1177792120 1317014484 -49074780 -211529231 -1696022414 -133694729 1113272467 1239134796 1255641505 -310947303 -1501256307 590634507 -481494088 602776971 -1050587212 -286098184 -837623471 966495726 368868261 -1541185031 1540883228 -153015293 -1437325348 -1253137250 1086143406 -2057917054 -753661292 863801628 1422254416 140465813 -1910372452 810355972 1575783402 1500650056 -1747264491 389032375 -434301443 -372084236 -576623396 -1144696762 -780607177 1600257922 1967866749 386247619 -1943036728 618439799 933629286 -892681151 911709081 1809573984 -1071672580 -540144080 -2102073043 -2142227590 -625680968 882546775 -203663219 -1318186715 1197008214 -280143962 -1824373905 1460944691 2004320041 165684754 1995186973 936161120 1656790608 -270857912 247649915 -2080482052 2068067492 -217642781 -1203557027 -659268353 -928272117 -473283445 -1900628408 -911846845 -272943160 260931072 505752630 230308922 1380643081 -923553121 2080636877 -1315280219 689520858 1006896601 1684438955 -1167782704 1800485926 991989719 1570277209 727813186 -1485813984 -237510764 2062142421 382406239 1683044385 -843047079 749122205 -609415623 1308587321 1510071652 -832194410 1170246315 -1964621420 1657254730 -1223662971 -650795033 60914962 147352398 -402256118 -1038411406 -339710441 1889139173 902110803 -1126557419 1635316137 -2005320986 -1337461866 1811091393 -1090883280 672555820 1092592559 769833714 1966518724 -1524352699 -563839539 -877177160 554576582 -44968835 1093604383 1375127138 441208757 -266383102 387115144 1712356791 812095311 191474709 552560304 1294353816 -1382203784 1924414577 1050889586 -1484073607 829024406 660803273 875641467 1850307708 372357177 -599433005 -1586780832 
-788259266 -853792921 1442762339 -1903023015 -1866983265 -1671373537 -1632247814 1458781714 1978554322 -1651425378 1864785811 -802247259 -856448124 311834332 407254653 -396129816 233097555 -1527958648 -686549535 -344734613 1697926514 -79437264 -1247254635 281626582 -682174039 604671371 -1469155696 1733221197 1209690536 -1739505318 1036305576 1292610447 -1286023182 855697751 877230791 -1156183436 261707254 -358603148 1805919449 1287655660 -1218902427 -1410989957 -130212362 -85236021 853664246 1353342746 -2120740980 2036698722 -786676482 1793188021 -264606867 -772016262 -2023489515 501247453 -1963357496 722348446 -1996424193 584970846 149117072 -633498770 138083797 -441979507 -1524816207 -1566955094 1579905965 -1556849967 -1518027487 -1021000402 -474326325 -149946853 1770689998 1042793767 -1771420643 -491995601 -268706693 1974657820 -36378224 -1294733454 -683599588 147282502 34976676 1476688880 816505197 -943217761 -929684054 2101066039 -223706768 1598406268 2028475699 -1159662705 1559195642 2112242607 -2110928644 1761014133 361320744 -1975916184 919233641 859359151 -1791834896 899676231 -2070700333 1935994416 -1877220057 -107205413 -1092650101 1569649758 174807040 1935348801 -881209909 961516643 -772177149 172954002 1943669960 69724764 1158642968 -857037363 -2126403324 754486152 131400549 -401410760 1838217096 -1550039602 191475380 -340395608 -1202204373 1132898081 1344377678 -1985954226 -888002407 716377908 1947521882 1680948467 1165056825 -776701402 400971441 1404133585 -949190309 -248620239 1867914538 -1725116983 -562202330 -1638352002 463315410 1769822023 -2013130526 -1446350910 -1045088774 -598911295 2025267031 -593965311 -1953873332 2055248212 1831073860 -1759233573 -546699892 -784640200 1201061698 -744534854 1272424826 1146821503 1251337806 -1679644425 -1269595161 -1907419343 120332382 -1279346139 923978956 1892186785 -860486505 1378153266 -1181930833 -1604184503 -1805387468 1040426696 876057927 -1262965461 715289333 -1397855568 696907054 -1648565766 -487139613 480297907 1425421693 1937178386 1610327865 -1538384940 1699949462 301769469 -42746056 1537559556 -2028943965 1880989132 -1955309462 -2029542613 973831697 -1325910131 1945072262 -767806184 -1797244030 716241569 
-1843076891 -133790858 -333976276 -313101842 102465346 -1059426034 -577322043 1339036518 785163198 -509515612 1808646611 -773321599 1299369672 -845086307 -1979430903 -1510278522 983989121 1060658358 -428964196 742379271 686861137 1428604132 1145003778 -2102140262 176751765 1646273588 1966273712 120617210 1014879538 1184768206 1933177509 -26537746 666135931 -598362468 312642311 -112506255 35595890 -232879520 343250727 1442654653 -1140083924 -2108100310 1157758518 -1730987556 -1830521247 821228367 -1594085455 -333336479 679202955 1788876195 952340193 1148765056 -1136990792 -1413479100 -2085139856 -1826642555 -1860371556 1292675972 -2077702070 -1173883772 -445887941 -2115594803 1837565769 1858027188 -1306533208 -395456661 2003625273 11253851 1206631584 -268973608 2079650829 -1176196323 91378237 1326316594 -1622204915 -922488707 566911697 1071939922 1556510475 -1072368883 396746334 865333883 1632648796 2146713373 1921913176 825507637 -377210439 72074019 -818861099 1617385850 1345169009 124790353 950157069 1600279025 -2100121497 -1372595484 1329102617 -951952235 1991254291 1016602033 1404085905 -88862871 511264413 218396044 585351672 -1251021331 -208511964 -113758678 1669167802 977126125 -693162446 -558252473 1151174364 1112456970 1042953114 -450323250 -147230160 407019889 1690352576 -1934015920 347807453 -8908003 -584575169 1338464811 1794977071 501275730 -601869496 -2112504263 2058948356 84851580 -1091683540 -13628945 -1219516579 546198602 425380366 -459115936 562289602 2103822030 825115360 -701082983 1003864783 -1838315570 2042871299 1048056748 1197859133 349355331 1446339510 -808495141 561233729 654684063 -681964988 1244915827 -763718605 -1575488692 832933927 912620935 631364311 -1838538623 -1624826423 -989711694 538938181 537798906 -181871304 2118254765 -1241297485 -2080619069 -2031056609 -1476719630 -200487807 2105451151 -1756736794 -1481323351 1795820686 -547835212 -2041904635 568812614 -165753631 268453327 -21288988 227014921 1399380279 -1858481814 -722895886 -647627566 -1678009987 -247904273 -1631435663 1504270807 -1729506730 716643670 -393660442 -397908807 295172135 -403220966 2006355490 1078285542 1439072541 1712077700 1978767553 -941809208 
-1293286871 -2010582287 -2127378355 -1486523656 2000073017 1901060867 -1810538815 91508553 -435868810 -1846751710 -706062020 -1640410943 1223582205 1711884305 -648323376 1200721138 93522065 1039074147 -378345105 1507008533 -1369497735 1717924978 1365344121 1189521068 1927006107 1501632937 -559348230 1634344837 314671226 569663978 -367786913 1257199382 -1557976097 -1275397138 1408305638 -1009593330 1678461933 702082079 -332348044 -550501513 -1936987041 -88677883 -406585136 -107264228 1139767149 694147235 2110114750 -1871156700 -674865048 -1266973323 -1440093841 -702059095 -59794450 -1258739016 403011912 1237233377 2124034722 854360616 1681173519 -686628619 -1068791798 906833575 -1824536739 -2116373421 241909671 -246200578 -707279237 -1302764426 597399630 -998110778 1021009506 1247134424 -639696887 1868463055 1861154417 1284195746 -1685413326 1677874312 1388978097 316557744 -884410239 -2127812367 208884734 340705997 1043814105 -1282625319 -509885920 -720646759 1898371250 -513832798 1799186876 168309477 -2138754422 478285725 103039702 -1094897601 959193989 882975513 -1801362910 -986098665 -1259241051 474225111 708281044 -1124555668 1829785307 -108718723 588565848 -776198907 1356949765 632875306 333652194 -1574099764 -786671987 -1838120092 1754845265 1026089511 1132775124 1109437925 246769189 -279821247 218934350 -187974657 614484334 -1057187323 -931343102 1215132485 1068783079 941335092 730164398 -158517535 1074790600 1082723516 -289908754 -684127893 -1134400742 -493786353 -1258620680 -2043653131 -371254792 -954362620 737309703 1137066452 -1532386653 -2128900296 650595725 -1954739317 320705244 1749782225 -129822190 -2037183459 -698235988 809197706 2036477673 856117844 -1019690672 1122421210 -702972871 -26003122 1330296828 -988159136 1904913818 1947976878 -43655527 -2007284015 -1547336842 -1887759531 -1648421653 -994450843 -535758163 -209939725 2113469164 566028131 1600199303 -112918529 -1319782930 1082494406 -2095044651 978737964 -694730334 -27341845 -1491507322 -1512917456 633414525 1212810096 54631971 1522818308 -1447694812 83086236 -171170863 472262673 -1404741971 136371484 -158754499 262491744 -1910084483 2088170651 -132890596 -1083288559 445200282 -53257384 
-1915193638 1618592172 329915171 -358655380 690091334 482142542 -637602226 -1682629929 -1790957491 60657908 204065646 -1644795044 2066443105 1615589580 1936149147 -1338786051 -1206381219 -339946046 -1410501709 1018490115 1095025025 -1926377586 1910041995 -1796419562 725458643 1560566594 929143357 584133923 -1181684582 1074776207 405562488 -74441221 557912849 937146290 -425302223 -991405755 806177397 1584886724 -1282697208 854094963 1296197082 -1268321117 553809874 -391445490 1550808698 -2023405917 1418071345 -139236068 971370171 -25955770 1599140964 1470626664 -1650561957 -196988983 -1674666954 -1997530997 1454593292 12310912 746007101 2019361706 256958374 987071001 2121884053 296976683 1006301634 820939726 -408556292 662448141 -1835946210 1680696692 94079952 2124427456 -862147665 -643266414 128091858 707487412 -879041704 -911726197 -174105314 908334273 878972568 1822743190 -1580217643 635405300 -2007888236 -168076647 -2053960840 326103906 -1619987252 -1977680951 2066653782 1768123365 -900152399 -942880432 172667819 1945025622 -420361715 -1927948184 2128619618 -36029226 1056563999 436588956 -509832724 -1646917306 108831838 -1858833986 1207118899 -80667090 2056989082 197956236 1359786346 106999416 853179789 -421699199 1963861324 -1868132722 -984611881 -1580363129 -1373107182 690006766 -1921743918 -2127227033 1837061154 -239876139 321787202 -551732357 996650562 123943575 -1017318726 128891980 1309584884 332928232 -148472244 -1091204411 105153130 1571480070 -30544820 2118514269 -1654538015 1939701352 807181353 -787907012 138816135 -1791358061 2039886542 796087197 1501177362 1112466480 -1685745799 -770562477 -298408116 -1456968438 -1917767103 -1831329437 1794094583 993274155 1944744376 1957604375 431322336 581516580 963877370 1133256933 807701648 1735619391 1598875271 -2036470131 887014182 -397982838 -1348707497 -1848217572 -2145628839 35187305 1342778932 -186889089 211954286 -188720028 -1951487235 -441661723 1192299294 664820594 -1340198678 930466269 491656750 -511761363 -368356085 2029287392 -1878291861 635943934 -1203693447 616328141 1110109189 387865420 -660367764 -553915968 2073946693 611750476 -330800154 250709660 1892951779 -1751945626 
394494470 -562842757 70511531 947468008 -1368703472 2081393557 -1148145363 -1010709211 889898010 1129002138 1430464783 -237094247 -1668018767 -1896071579 -980931835 808436710 -2024176097 1893527205 -2079196823 1294599081 15257513 765342131 -591113098 -1131766734 -1821657361 74569751 -911468403 1778101838 255482258 835688033 -957134142 -688062636 1706907484 1767044737 -707076762 579151257 -1048227087 -231819537 -357152455 976437292 -35280468 -397506013 144961647 1225486787 1991878240 -2100391523 -1501302877 -289330924 -2024795938 1079289296 -929521727 638605250 224398966 -452025531 -126937276 1878213679 -862248618 -2056983397 130982673 -542239618 79830185 -644136147 -1058545555 2042070977 513915355 -970298195 -1960168817 -1782137127 -76519999 846828383 1044815121 1283804957 -327445398 1390613738 -1430396300 516566551 -1838009798 -661622564 -825177647 -1042713969 1034896852 567631089 1873715218 -187465516 -105990400 426451692 779062195 -879020173 1885495487 1455417883 1850502281 1062153499 -1812338594 -676855874 -1211987527 2146192931 172452282 1772333774 497763824 1818469669 -1906021801 -873599527 -1033155184 338654924 2078519171 1678653434 -506238227 -300310924 546140758 591479090 -1167493291 591026790 -986559772 1507623461 1442187417 638303189 -566693950 -1913798029 -186885494 -1702112007 -1090472953 -1426542094 -2012902080 573227630 1804590443 796780597 1231143038 1703999200 -1026782044 -1495654816 1695760639 1017905120 -1303277751 -656316100 -373421123 692317064 -1819961643 -794840282 215270156 -418130498 -262651838 1096829795 -958825623 -842038714 -1610366169 -1646067559 -1231252569 619709844 577030286 -1088090371 -544658687 -1993476567 1801510934 2137178227 -683248959 -157039680 845283492 510472830 1415668414 -312751210 2045784375 1359125808 -397276186 31022243 -1773429404 347501793 -1376424472 -1444024017 -1545840410 -1270189977 -360569851 -865571297 -1619039398 -102550752 1100171990 -71781317 1203650614 1056341028 277118183 556254850 -2018189522 517146335 -2098669983 -1486668929 1313982971 -1087670191 -1923363229 -1982628781 -1068126089 -353922390 -337816764 -885031215 -742060286 -1369040756 794621349 -146914208 328802636 -909462532 -1251706326 1386597756 
2071461124 435853363 -2005221852 704687464 -215136623 -998193738 -1065798566 135815357 -864007587 -830983552 1342298661 1740118339 -1402833184 224973149 1674117476 -1127392859 1286666359 411000712 83715099 1071194518 1881960381 440387781 1798784443 -1320743055 1610168964 1651464215 193656074 -832932329 1878898709 -815829489 1187328643 891369628 -1542072411 440166003 1977464208 -967772432 2036570774 1436158181 1626866696 787610316 230590235 -551696840 -704879087 1819673869 1210139089 -1989382965 -363716376 465171540 -708242213 -1672938093 531078936 -993108253 735923665 208774960 -368422711 -1830946961 2018374136 415552387 1444663028 -949431829 1107073925 -275408327 881618652 -931849347 -453092783 906050875 -2066615407 -1217934491 -1690008343 2133689624 1600036549 727094244 -1732235815 933030739 -777804716 -1233812564 233915442 1779714797 -702556743 1663869545 -377078277 -1137296509 1068446884 199767178 364082779 2063489081 -1432474828 -1543434525 -1565683527 -165925676 1521453224 -1211739273 -950455000 -1479720144 -1946226375 -2038322559 -935997469 521530436 -934041462 1688699580 591527805 -1114830308 -1781910053 -1036395072 267621131 204327892 819857829 -678554671 1190516828 -1426179831 1717266817 168554485 -2010630696 114760538 -417416444 1693399593 1203341615 -302453758 -788416095 1795284413 2092925569 578886790 1129205841 1992150065 1197529088 -949551467 -975908131 -77401333 1364376333 -1345774135 1756223485 502057453 1822045253 -96524056 1638370793 1057599892 -584873632 387659515 1497068078 1791480891 -362187392 1668015736 1334375992 1519861024 -984895252 -98817139 -909881758 -1199502197 1915281828 1804108875 -675437937 -1298871586 952989617 -1258537935 131598894 835224775 279449471 381510415 1579019785 1349547225 -121919722 1499636663 1887776466 1435075962 342215046 1992768722 -1716724470 -795345300 -122489230 1976910919 757527308 507881001 -832042804 -851832727 1522719396 -4264918 -508538143 34765655 1742944154 -1257535286 581949890 -873901179 514441608 158724804 389478656 -1308856472 -1646563065 -1314868098 -1522430748 -1072592428 -1702790207 -2044813481 -889502710 1449772870 525486541 -1360802036 1438045805 2086897538 1747223735 -1204491363 
-611254457 413020141 1609701297 -1724626662 -1960302845 -809642731 -460356995 -1061270776 472188305 -755450743 1892398888 1588104947 -1675737932 -594066512 -1966897277 -340922208 -1156103021 677597204 -33863942 -1277961721 -1818057780 -1208112056 1070108449 1408190227 1348259466 1351847740 1355955106 1286399494 1780481174 -1102980175 -836170657 519353809 2142749809 -1255562092 1875716871 185564595 1503868286 354892268 1042774344 211817788 178249370 1676015544 -1335679965 -1859169553 -981707534 -36877736 1146699620 725943663 -532809393 -1989968449 -458065082 -344760367 -1917231875 -1543376410 -993874691 496517122 -833335871 -1122370853 -2103460062 431252708 -462908388 882177656 -1422937970 2134583980 -1668899735 2062447938 687145861 -2023542997 -1171198624 -247223352 1408916875 968696304 70235585 -36593375 813383177 -2124281936 205920724 -2141236180 -391191197 1875099771 -1714896120 1436844914 110821405 178375470 841624039 1234643289 -142916500 628375454 1738820967 -874873792 1597060262 -96764985 206815050 1648359425 -1391303648 -763769460 -1935162576 1135900407 -835670972 2127442176 -131094292 793507833 1229818899 -1066146564 -263320623 -1278416953 1590177795 1483950040 1255441824 -812268805 -1472993373 1767191628 -1805313298 1280386092 1279554233 1135740018 803318853 -1669057104 808330562 -1296783053 -166365984 847616752 -1597319708 -1119650277 160843740 865439849 -1503306657 -1795859574 416432052 658579215 -1423664355 -2147012741 1886539444 -1674806317 312124780 967065100 -1754066855 -1073503804 242441192 -2007595715 -1871362738 -652757370 -844900142 322559751 1192477400 1143905783 -1628956485 1694145180 246780117 -236992447 -168782004 -1238123493 -1516070990 -98283840 1049925227 -1589144474 -1595392123 -2101906082 -645605024 -1215202731 1750358995 -2002053723 -750318928 -248935634 365035927 -1386492031 1746959510 213532153 1847324824 498360027 -68366652 -827105259 1207598593 -269892222 187261617 1167738760 -828965664 -326885164 2019436015 -159269096 1762366811 129157270 477902435 -1351224963 -1280515565 1290164672 390203086 1636053370 991641878 1230589673 -617800687 -1064202163 1187299853 1133936150 -1600270415 966011759 -34535823 1157976483 -1198779570 -77446199 
682232149 1677581875 -39172680 -1197281901 -1623336276 -817768706 1628611573 10374315 1277077860 -380211358 -267020258 -1719073361 2122319386 1705292993 1487436126 -1538254033 17206323 145560348 633217778 -1718755464 -366473065 -1968610138 -691678288 260935151 -1338491178 -1272875142 1464648150 -2123103519 -258760926 1876326762 28907029 -1579972775 982036045 1095820062 -1398671380 79853684 -1294767959 -1202219993 -911346598 950644200 -1453522926 1753175400 -1200295312 315464879 -479018874 782999916 965538336 -1881436795 -2022691837 1928032950 749284933 -992978083 -1649077917 1577399200 1740761114 302181418 -275877083 330760977 -1646611350 -1196551916 1232726631 -827448686 202850740 1429271961 1501931973 1302087825 -360927148 631245556 144321586 -258149696 -1597526430 1011802770 -2082732676 -873207008 1622680753 2003151991 -549543831 1792481687 -1215583323 -618544963 -1338790526 1338618376 -1493036508 -1067539437 -1015550786 -2114770316 -1616463985 908891852 392444917 -1021557443 -1358708149 -814691372 1315295679 -1147222057 -1295868374 -617434934 -795432457 1868743734 -674967191 709422918 -1652462312 1477301292 -272822415 -440078397 -1867138370 -2137698470 1699455889 2055666074 -1933190628 -634993973 -1166937305 -1755702976 -1094021395 122348662 -1730478244 1371769419 59729806 586398309 -910847524 1548108617 -748836735 1797324939 -1117963277 419630127 -1425872461 -1367383623 1218128517 -1815576241 -968153854 908515240 1694132780 1394087267 675172614 377954903 -1610015887 -2025371720 993073788 1690407818 667186565 -1584749762 1434003570 -628156033 -1853902495 431138025 -624275615 1687080715 -741172460 754300778 1462993826 -1188934459 974031443 -1349117587 165850594 -496742559 1508883967 -2068914805 1870259021 -351994727 -41316060 -893013007 1720549846 -651014975 -2046523234 778854658 180026735 -1423153402 2004687924 -1737308986 -525700610 -565110100 -593792330 402614016 -1204800183 1161230586 349552323 565982639 -1410562519 49690626 -262684080 -947523180 187619868 -1061327484 550889759 572598742 -632015990 -1982185243 1779957180 1133757548 -84392876 -27603833 2100150823 -277704771 1042274381 -859062890 -668278260 207942581 1938648121 1910122075 1205810353 -27757839 
598630092 1805269327 -1173430411 1104995480 -2146560463 1974800971 -1351934601 625279978 -1821310436 -240856465 -2050966059 551702730 2121953667 -385333473 -146875882 1234564704 -128451343 640544299 2077509830 -743032576 -169698842 -1599100158 -2081951815 -701290154 -1807017822 812198133 837647697 -1510660813 -2039088626 139583281 315817369 -783344936 -482468227 616667083 -2112938651 804942316 1951726828 -792358351 -1331903353 1584599855 -1981799122 100304118 -907221773 -324349302 -1603227208 315785280 -753088132 161093865 -639793554 -1888739947 -1248502223 1829455234 -1926573187 897931910 709326889 738576162 1367647920 -1585907507 486576928 1814734360 -1720344129 545280144 1401766847 790527161 -51612072 1545176904 815124624 22350525 -209681777 1628922761 -340663544 -1964301221 -1683273754 1324548385 -911248520 1623803628 -1731029495 1338718664 -257003752 1283290438 -169363897 -1780812127 -1702205502 -1389439984 1870079291 -1066905223 980101052 1873957982 1035467159 -1462431571 -631960371 -1132015308 -1314029703 -345974141 707454033 366320633 -946965240 1670465068 1402623114 -1739160263 380237528 599278036 279868205 174478018 73013782 479921161 1629165884 935213434 1595982071 -2119141658 -1771262182 -1185380116 1564224391 -499676233 -1722813756 2027216513 -641595115 1468867540 -1485858246 -1218876792 -52367335 -491014109 -1206099419 -1951244434 -480000871 1097299361 -1604778291 -1712126539 -917761213 -1427434970 -1473766497 -583927400 241619607 1338713108 1410164110 904145488 -151888832 -994592019 781670432 397935150 785671274 1467713628 2114407950 872509293 -950191289 2016174476 -325780848 -603121241 1828261938 -862184324 -1490490614 -214346887 -2015918047 1863883343 491946883 -2066881347 1013484122 2027718357 -472847207 753992338 -277359331 1444117831 1121550782 240289342 -1685044899 1070574092 -1035946722 -519785551 -1704714428 1882912077 -1594205882 -2090346918 -1671072457 -667729107 -1070569762 -682046168 -248058522 -484965414 162621413 301531006 -1530475692 419210887 1468961201 -1340719692 -1534109193 -987035311 323024162 -868188005 134699966 -1823106377 1212623881 1368349012 -1077511969 1097384194 47958323 641061877 -1137401622 -512685406 -1877120245 23487552 
-1702223688 364227332 -420015573 569407335 768019842 1623189295 -1591737728 -175719366 707920311 -452847721 -161177728 68538930 -462936468 -1008595097 -1442568063 -1780027825 554399579 -553290993 -545878321 -1685372497 2054031811 938089484 1993747293 1559050880 -1798564579 -1722474351 -1748407030 -1326773209 1340615998 132091815 -45120026 1167474712 -2054215571 109774512 -1071963554 -274047199 339146392 1223858886 1119602123 -2016235075 809696833 1506443084 759100125 -1324200604 -2064375417 1776513187 -1719655127 -1964831407 -432477262 1301112544 1714613811 -347047946 -1611913497 -1211545342 573609440 -411463396 1133110584 1064872918 170673767 -994569785 1047790532 -911933190 672813738 -205731767 605598109 -1824096380 1875305882 -1207999164 297257946 -2084940312 877133651 -1809584886 -1428765235 -1899358055 -1158645271 -1197724897 -1378746937 230372080 -1836187171 1594363416 751688968 1534943620 -1862168247 910149066 -1699478690 462139883 2041151006 -1445820343 1524926735 -1000415127 1932386666 332332263 -13239174 -1190475871 -2016136134 1732021527 -1713369175 1216200471 808153397 -1075362827 -1644725803 1936480654 1965591684 1966878158 347338786 -482845890 2054242882 610249358 -710003331 881899690 2140254710 -1634975002 155282961 729674806 -26085037 -971010016 -895744805 2058512245 1696606387 -490813724 423202618 173837781 -844508615 2126438073 -1852201748 -1510060489 -379546286 1251242878 512243877 1297354160 -1447958692 -1051426799 -1070832078 -1326571845 -56189261 1927181121 1214297203 -1594263947 740565461 -1940725975 23579536 -1135287614 959019281 -1894469734 -1270171109 -2010241751 -458715985 309568914 112952799 -2099998611 921679148 -1195381729 465527000 1878739423 -1025158342 1830869067 1077317212 -744727621 1932247913 844097357 42775390 -2002490731 -1879929144 -1744455776 1692319741 -1717166556 626738245 401347547 1268576447 -220353254 1147386884 441145796 1022035232 1581009362 57202750 990756627 1891225241 -854168505 -1278969007 -550237557 15603852 955675463 -1383792015 -1122526277 -1798253122 74833494 -826446425 -257774754 1868544740 -1428681034 -1657962525 -2135915755 2016153973 -1226395456 812481569 1495365074 -494844815 340753772 -1270467879 -889212650 
-119015757 -433757163 -1953729567 -450401978 -912288070 -348362303 254620259 2107480901 1162986169 -1751561912 -1100290173 1968893824 -1172066581 -919617571 2107349881 -2063385091 -1824435630 1416808139 -1480192186 -398274097 -1181848601 -1669836255 197728657 871732522 2146922093 1184988452 972152164 -1813090229 595718531 -1627604905 578478917 -452318578 -777413468 -1375327766 -222787884 217367403 2097590561 -1553379494 -1447978180 -1180735804 1430456424 -1073247721 -1705654158 217611547 -204953124 -1736219984 1510865405 797407285 -1741734189 -1015037384 -1458848509 -1687041147 -2137480351 827310455 436860790 -650569799 -251043939 149650600 111276686 -561222625 1050526590 -77240941 1736724723 -613833909 -93309312 1869431126 2004654992 -248318011 -538486843 132458052 510888990 911935583 1497303446 1707067173 -1880507421 -1732744492 403558162 -1048259187 -1370818730 -1113851059 1842894148 -133894116 1517276728 -521410728 -1627668828 -1476718031 245129993 -570029747 1068164460 -578071143 1253569480 2036871343 -391041085 -2077859322 820509381 -1994434422 -1594983210 -1043948284 -1373449968 -961940850 115021878 -557293741 -1847360506 -976430743 2107027326 -1543404244 1027506067 -1797854122 -1346640283 -382697536 -1826109690 1187071634 1044249678 1060384726 952882664 -360657032 1644265994 905905421 -1470354453 1711193784 1279632776 -920937477 611406320 1133287900 632267123 -575124560 -1277249340 403793138 46761110 -1281678708 304061400 1757280955 1221621957 -1384231523 612607141 -827217854 1599204717 1122507537 1246531687 1342389047 -1211454971 -151855970 -1202749195 718396346 1429203901 101253091 940250291 -1884420240 650488392 -1667090272 -184253353 -1795903537 -1074472131 -980419257 1438060888 -1303598154 44404117 -1451194399 -1464023415 -79559329 446489716 1375263137 1875569896 1148033441 -1328732468 -1229816665 -1967503977 11355592 513675582 1284541285 -220471956 1388000966 -1503062921 -648157118 -103052176 -2005969805 1511247604 601059840 587505933 504371589 810323661 -388970444 -1344316187 -1340050878 -388634761 -784115851 352669925 -1738298499 -2146427345 1439319955 405895485 1017223528 1852201694 505528599 -1946351829 907116915 -553308233 79361904 -385768698 -631350259 
-1564943581 806353514 1683434452 1823428070 1993599230 667332704 42882285 232497449 -1128728022 -1465991028 1973457731 -1145210233 495372204 2002759928 802918520 2059621685 -1208942510 -168319614 -552885435 1380289646 860887169 -501925021 -51105817 1808860495 608144190 -1772589386 1433830467 -1550849008 38395827 -1333850544 -148798328 -1764731579 -282797619 -972499406 -1259115652 488781073 -1411325745 1828268354 -1755167807 469372150 628868582 34269197 1129147555 1407274304 -885039204 -553613007 1881644930 1508364864 -61537418 -175647202 1156194534 -2064076816 -1803868977 -1977204470 2067434829 -2065645643 1489721084 2068311380 -451956751 1803229484 1651917317 1762841130 -1458114274 -1372409071 -1082039748 1251068911 573439650 1152766760 -219141895 -899592745 -1447055687 -1244979983 -890358782 -1368052840 1554935941 -559755025 1698597877 954492921 -776867893 -1791398099 -1331328583 -1153079456 -766113350 -1562190071 -938637920 705530441 371184650 -1032463926 1480955229 -1725952247 -1959297370 1804131899 -193314052 -881060553 -365013880 264132222 1510697877 -290874272 -1986734698 1436236286 1024608252 -1479471994 1243082415 39290737 -1108649582 -1768618002 -687098656 744391030 -114491971 -285282740 -1492570856 -1899986353 -927991367 -1594272002 -345813139 -403600955 -1479901956 1272478378 -1071338601 452638673 -1093267200 918463688 1242614884 584947207 -1759623689 1427208626 176339175 -1088438238 1279734256 626758044 -2028873192 -2056607677 1953475948 245186714 -665778847 -234818584 -167862798 872965971 325633295 1212521271 260895361 -920392059 84592882 -1367760709 112699289 821407568 508398896 -1344459368 803492435 1842788841 -899904589 -1416019093 -304588093 -583407859 1252741967 -554454746 90073530 297925234 -528957006 -473012178 1649353468 -1698197468 -1394253144 -1925006807 -791033484 -650363795 -1106624139 1661409954 1817646356 -1129368752 729798749 -2046353087 520910248 28056951 119225677 1744378021 -681124425 -1722161142 1808223648 60187524 137630940 1457989907 1331828441 -88517714 1064690843 1031440222 2135700257 -1946759094 -1080531710 726833443 1665503044 -350658783 2076023478 1317882420 2037873090 257945950 -1412326912 325327631 -665819611 1406201014 
-1389840669 -195034144 1162782307 576413115 -113140049 305418663 -299574104 -140535621 1681872483 -1603543815 -1767291038 1345806585 -231757171 1239280698 -1195235368 -719070051 -2086413416 -832740540 -71645515 550505224 455451194 221646559 -293855883 -575552633 817282772 -1451316265 54259577 -1904621797 1261492093 1154262745 68331868 -1398877388 -1928701737 -353006326 -1946277672 -118515081 -1155662182 622730008 172677535 1737683495 654230055 -864140409 441309101 -624331125 81636610 -774618895 1980735397 -1666956041 -320553678 378816540 1247640279 -2015861918 -1796077694 -1804165754 2012930206 931754646 1565131476 -1041078600 -1938226323 -1735639210 -196079607 1151658639 937568283 -1801217517 -571066146 -367223398 1357500614 1406513636 2125152290 -1428897967 96232221 -1823827327 212913090 1535131620 1301901112 -859003387 551878227 -827812961 719462577 -1238953958 1855934368 -1693906414 -1685564215 -2025540938 -1337143962 1898821210 -810266134 -780712061 66322298 -726606479 -524942632 -1099495003 -1364792279 -1670783084 765832716 1066735948 741743124 65420690 -1813258746 -1825191724 1096338155 1883263960 -689541141 -101029239 1575965559 -896589665 -1905500750 2080059672 -1016553232 170299869 1943047743 -799913448 -1729324145 -972390927 -703307095 621719932 -1801565486 2050697705 -1311220858 1611198691 2007027417 -459966026 -1341520947 -1116501572 1422974215 1836930633 138867322 2052500342 -1124152303 -1305074884 -5857897 691397386 60410636 -717717127 -1514659743 -498666700 -1766874314 271065101 -262300879 -1974824769 -1707361203 197359796 -1847162543 -1160949423 -151229530 621735981 145103735 -420232222 -1379767179 796371936 -344066092 987526138 -10971891 -498428690 2137309730 323071128 938266061 -1153092742 1875219991 -1051619429 -728442112 1820222174 1377009964 -1287141914 650517397 -1627456983 -1022203506 -231637182 -1756691276 -2013463094 -1844854980 -592414121 -1459954925 1701267271 -1695166298 -203628934 957310305 1769451181 -1537681289 -1715988209 1853079050 362904844 1569774630 -2125503491 1080372004 -2049512528 -2009731289 56131826 1253769513 -777843764 1463874963 -2116928806 -1900432733 2059796944 1828058057 1186237578 -342434368 -1098357482 1997476863 -2084803425 
-634715058 -1926889682 -938380091 -1964989651 -825650410 1408215868 -1302134175 -411729328 -2111382522 -136873939 1990685966 1130937266 888679505 -1183733761 -520526388 785230082 -727051114 -1983166964 939889461 1968076236 913005824 -712786483 -655498504 -154134508 -1155509856 1350214729 1027637627 -1723391182 113393108 -1672757927 872652991 -60879694 -253465954 -1235474320 -495632441 -1633621758 -1781800211 516758369 1039572486 -213295282 1810967828 -1025515442 1992801007 -386248129 1923276432 -1219184164 1833521782 377729679 1892649684 873514552 -1385059429 -1071337961 113698924 1818336744 1670964612 -1068556087 2058289987 -948716407 146404771 -1587103971 -694273072 -1910172116 1126621780 319270494 -1116549239 38810867 647273592 -560992865 -295534636 1587240547 -870303848 -866999468 373085486 -846486754 -373248701 525116699 -1803180828 449544337 552638021 526304840 -556658643 -815072655 1976755762 688276072 -1158003739 -1183633238 839116805 1613592878 -1942757497 -226345839 732652623 -1536139008 1438208121 -986486184 -419612659 990995217 -1655986766 -1431732756 -1696634300 170134333 -1784265692 -250346028 -429172951 -923042776 2090834733 452780782 -585582334 -270527507 520744928 -899538735 551014912 -140935935 -864690425 1438985294 -666586245 410496500 1497012831 924565696 -1012653550 959285645 1557384945 -1426960303 -825010821 324707155 1170044952 1997535512 1050203749 -906233664 -168013086 -336857500 685554461 59971730 -1506379234 646836472 1061596837 1976472279 -260487920 -1421849910 1689325467 -1229034275 1014970715 -1829947794 796768862 -599914272 719397741 -945268854 910070803 -2051767710 -1212062445 -1495240389 -486289830 1781575238 -116191345 -68166304 905612788 1317470889 1500468531 498237669 -131135705 1075044990 1139030511 -1769165891 1838418500 -2098473010 1117145893 1347663450 1605713466 2053646304 1020371601 -1977249292 908544395 255250315 582264174 2090781214 1437297424 -1119065325 -901753505 -1644990659 507389732 -561206570 1868365075 996422517 -1975907489 1162430200 -1102397471 -806780750 731348154 -1613264174 -256669232 -288353531 -1949774817 35637048 745671899 575801869 -176155410 695289688 1260503516 1441988890 -56614294 1944305317 
-413557158 229438886 186703150 -1401528646 -1368043162 -1992745009 1323792387 -585532599 1971489385 -283340595 -1729603142 549607608 -1252418270 -1575083564 -1233935452 1215713050 586037242 454724963 1813285981 -2114424436 1064103923 -1015708932 -937944323 1045426115 -914055709 883772393 1202810111 333950482 -380317629 -154743894 -131495255 -1241220696 -202822229 -273651438 -681095841 138010769 1325772046 -537368091 1280760319 286444403 -892437529 468260132 -1868897898 -977607302 1523705783 -1145694155 1537066696 1684182456 910067883 104435011 -1167093341 1987825628 -1534402076 1950169887 -1510243830 162952829 -508748772 -1731309663 -1206940285 399318966 -1447663182 840411175 1360687235 -1258741619 811601113 1882475655 1527505048 531015461 973953634 144525419 -844149224 1248690265 -1017657743 834045631 810169171 2051053861 1164652728 1301565953 -1448379618 -1730745299 715014924 -1549241141 -1998291312 74468447 2026054472 1809004059 -2110332302 1241478206 1845327669 -1969983163 -1878753085 -339010926 -3862137 934631164 1781266521 745335658 1881487583 -1805678385 1098631816 1491679535 -311300036 -772038317 -1533024153 732062900 -892158487 -601056289 -1101249213 563475785 -1213524387 -1182462434 1365702344 537629910 1671347683 -1330787260 1763382475 -2027942137 390437306 1084637187 1411282771 1339935111 1913704634 -836005906 -1357538915 1530749405 -1547582211 771931716 1840532347 -1506408156 -997173100 -1959418801 634120861 -499228519 1818287873 -483149239 -942513613 2036092859 -19216205 -1578053829 684768926 974412343 986356041 399727854 -1554164700 2084367447 -1145687925 -1633647593 1680635756 -852299896 433861500 -900480992 212752724 -350672523 1859243268 -1716119723 -1590397867 1960561938 867357861 199769532 704159359 1217897934 -487259093 453001197 -2084847362 124681573 1311191138 -338939471 77048803 -750679501 279709352 1314456183 -1758767701 -1751770153 1977701196 -1936652369 1662505740 -1823495724 -1069800714 1417183872 32717858 1608861383 -1063745249 -1197771581 1187995218 1618061797 647324432 1457735773 80844216 356940728 -2061363578 182828629 -1362174503 978376934 1107586873 11514459 344270443 27021619 1060040163 -1225699100 -1433503322 566387262 
-1233598969 -1227288718 -1190798836 965448180 354762859 -817245143 785583090 1967598960 1984926430 406356991 1617332499 551075564 -1597086660 1562222318 2007005926 -2022352641 -2015228309 569897874 -2028087755 -915029319 -1394038841 -1484747226 1228501883 50308202 -1669949546 -462580477 -243761524 -673765965 -1710950555 1464236536 1803316251 -836554003 -1476272696 -637320442 1810920250 1475440812 1526716576 110237492 1015678695 -38754630 -663707376 -847695099 -392750924 -1491717334 -1037534684 -825823384 1884047810 -1317298923 -895652968 260677427 60729583 -113391798 2027954360 1758965469 795792106 -1523017685 -1106580200 -98782411 -1295874805 58013862 2114928179 -863817395 -392442939 18793406 -2019845658 -54635270 1425686353 339657088 348877448 -603654327 -485097812 -462768859 1209148277 -741469634 -85751721 781462710 1120967041 508560392 573572122 -512404963 -685848541 -1043842390 -545295261 -638309016 1241980237 -201020094 163092386 1380579841 -1292822583 -1218452035 343291432 -1403541972 1846169821 -1764065433 1478719299 -932328107 1406831975 -1056458312 1586690211 203930567 1199017586 -2084254608 -1268103835 256551865 849125222 -1390436312 -1046124904 -680738795 1997676957 364490172 689357621 1373483788 -1547469093 -2016156690 228869728 403219416 -1534870517 1384509072 1168322789 -436845203 361080523 227775030 -866117566 -1902401069 1368126509 452651112 1526692093 -1393775759 1555665843 1360313088 -1680131159 1788671475 742397898 1436010557 -859471152 884637544 1633579295 -1644126250 -841555857 -1220328752 -1122446302 672538935 979773590 706681336 1982962519 1917606449 -448559314 406591856 1644270092 1301594543 -946532203 -1786509293 1588248786 1186120635 2098197767 -689657693 156915533 -564646714 -675500233 -1995793414 -1837347245 1122135009 1739615282 -578614708 -801417092 261382223 1894927520 -2639043 -1497047839 1264368485 -965487738 -399985544 1173293912 -1171175078 739668555 686246575 -1434397371 1311736932 -657578585 2102417281 1107487667 2096067283 1334098976 1584698904 689198675 898912770 379905478 -1228008267 554050902 -1291442200 1992769935 -1390550464 1107516059 -959143489 -996840154 -928967366 2081599769 -1522966862 1514875371 836797167 
1535183016 80138498 1753401456 -963660000 -1542570124 -1362025361 837843582 1365083113 1118072127 -67081105 752252149 2036320842 1400687226 510672259 -1074056023 2098618274 660916479 1905236532 -453412417 425719138 236449625 -748995905 90098871 -1704551753 -2143960441 -651864025 261145944 -19072334 -1272098000 1635594749 -2134542298 -1639719559 1421908698 1008326418 -266800923 -128773678 112220614 1423824511 616791910 767484343 597727955 -574187459 1095732285 1231064131 -580394708 930000252 1178097016 1997109094 -2105742022 1787405780 1602389133 -1591770786 277992884 181977730 1583750653 247942037 1920930836 1524872900 1832084790 582032075 1747304299 -1333108359 193895449 -707797833 924221239 1912447916 -2115807011 -837405379 -851812865 -813218738 -567241741 -316034331 -1607491040 -1977376921 1406548785 1091022521 337459002 -865021538 -1499420840 1066777686 2109205386 1334739548 -720873784 1139382902 -144830723 -1298882922 -1036782422 -1103188816 -839439268 499937960 238448824 -171727200 1594366965 -620994160 3530194 -1350580542 -1704684204 -409881313 -1794259379 -1195273018 -170094664 -1347951612 1931352734 1531214563 706641249 1756622273 -1221578536 1836161547 720954874 1131981315 -1873224928 1804737737 -1256292548 -187301154 1778237313 -1403189188 -1065152310 -1894855402 1905645935 636343256 -156775988 -975924104 -1519579207 1219603096 -859472150 892844998 -734456911 817308676 -445457850 -360269442 -514572941 -1881424019 -957528362 -721241892 -2056675888 1281478017 1873771311 1255326941 -2035408414 -665437267 -871255070 -1050715174 -1787244113 -1965889617 -867639475 1353282777 799036431 -728078958 617558491 1404931384 -449777571 -1932971678 991353795 -2012023848 -1251568082 1218667059 -1001833750 955067578 -1023475177 -895722267 -1946508347 -2003548855 -913706269 -1546959518 -2127300964 1326600534 -1198905127 1410688285 -1172264755 -891836547 2017022764 -2123525425 -1608980274 722390286 -1029346534 -1567100724 2147049674 -761556367 511357042 196666156 -1475576778 1024230578 298338618 -1165045625 873572765 -799524265 888122441 -904371982 536391976 1723343502 540460347 -1635296840 -1198461710 -359604692 -1050733966 938615197 1879387359 1687090829 -1128964504 -1526056771 
-317147644 1219513790 -2066169773 -352043051 -1389869742 -1095974749 687558239 -1951532849 1268485815 -1343759789 1802732147 -2058272 -1271640633 -103096751 1271131090 -473735239 -1217421759 459394488 -2004356360 1689223202 -1161553842 -584359101 -1902622217 1931479481 1796599349 117341625 -1433365445 -437327245 -1260669637 1603020674 -110957648 -1591687974 1022621317 1726520548 -530475727 -1037893825 294152388 384565735 -914109195 1307222113 509170109 365233451 66017374 -1093354955 977439287 -807199341 15400980 -784286212 -2106027296 1899045075 1356170399 -1261184135 -936651637 303289528 -853626933 370300482 -719650988 -1938624081 -624470455 261307902 1489912126 -1664671919 395812079 1720416548 -1571012137 -414025906 1871177955 1355871926 -2061056145 -1555395906 -475771656 197795333 402139434 -1848532374 -1155539219 -2067237011 436637947 -1534757549 -1675779581 -1689099149 2070282728 -364956335 764752259 -1047517836 1983782090 -1527703912 1394377025 -405183399 -1539743879 1105084365 -1861256183 1233051262 1552840966 -307767623 749721017 1760707081 361947449 -1642485520 -1224104151 933122850 -1346984321 1716254552 -1650347744 -732061759 -551267730 2057922858 -273526977 -502159326 -1608130462 835373138 -904205276 -1401433827 917858824 -1572190770 1075438792 -1391110889 109795635 1760712492 -1705213968 277600738 223107955 818814663 -1621154509 1558588893 573212830 1453290887 370144288 -1385229589 1802113097 -218252311 2126655686 -1020469747 625323589 218212875 -57579635 -474960847 -1892509564 -2088855787 -1491840171 -1671332598 378503436 1774053065 -555296739 1801478506 1259648343 1057461745 -899302105 -1255320069 -2104944222 -1326729146 -1115651368 -1445833347 -287713391 231084264 -724471726 -553392545 -252697936 -381483342 -1864024275 -129448597 -680640203 1554861118 1856402425 685822712 -998277177 -1216967857 -1077182866 -912851941 1140509972 289644039 -509772191 -370917838 624555201 -1955061850 -2106692617 852020533 -917599951 780709764 -962503549 -720716285 -660166282 2055132472 -347030287 1994510553 988684776 -1758053540 234571895 1673346911 -590175784 589330784 905093469 -2074541713 135862465 1006996187 629617995 1380632082 -546727711 1448232079 601704594 1628413888 
-983040345 1200329806 -1682518003 507644979 -1734217435 987709765 1699854428 860636066 1444218384 260590577 1501330171 1209017250 -1034996778 -1795265989 1469290882 206556087 983790522 -6339988 -1150013578 2082505108 702158410 2115521434 1157244173 1356180748 -157799213 831708224 -1623892530 638851229 -893360731 -1608138031 -1148908037 -1735435979 1942620499 770839382 1003738897 332215566 1485971270 -1677363819 -1399368379 132091770 -450927885 103814737 -281045659 -1222050431 -1094300082 -1393924545 184038027 717418187 702168905 -1284380701 1358263724 -1217579308 -1940115282 -1704978252 -1822080922 -141326133 1841048475 3289372 -1980645351 1761918415 -182817130 -1270736984 1314872822 1814296046 323745533 -534288090 1247023645 2009748870 -54637882 2099824163 -25815107 -1427166748 1041607675 -1292492314 -1659084486 -2113040753 1457618014 1892190226 1554440335 -420242664 -586352994 -1320657122 136488222 -36648960 576187484 1279300890 -1419760881 -937010034 -386853686 -634659454 1095755124 1534879246 -1840989254 1186945085 1934783371 1445019500 206907105 -2075893826 -1549496039 -893148027 -654604919 1486146453 -1747358704 1257390194 387360465 1584295841 283510086 -108694965 111231992 -713268207 1622114547 -1088994794 -1792452918 -909586466 -1516894128 1193645851 -960445235 -913549731 415180008 865924792 1218536538 -256052665 1396747170 -2028185372 -125018219 656812437 -1095517296 -375405372 -1514888972 -1275797526 1204740470 652945828 1691625583 962399870 365296170 -1264814211 -1995253935 -462210564 256348043 -618465707 2074544641 2052124999 -896980712 -291180281 -1911020950 1078633961 1269325070 -844514052 1011581462 -811749607 -82706717 957854918 -1586267983 -2076999642 1720257179 -767937774 -669247989 1491595293 1897776846 -593128956 -1853270833 1234052624 1523500309 1285257516 -887850585 -1343315103 458777475 -1347730553 -541293502 -154845386 -134898218 -932840392 -39762608 1999677990 494681798 -604852239 -2072997702 1259359797 1985255470 -989617372 158552459 -236603857 1242697982 -134522487 1614067026 -1507475578 -1088556979 1738878575 -1554353582 -1670617956 -381980442 -583305640 425109242 1673390434 -293991481 183401355 692665804 82378472 437085437 -104358167 
277205067 192527768 522659336 -1384278134 -1068468335 383177489 1871506498 1217947872 -1432662638 -324214235 1218211504 1674009760 -1586987312 -161478289 -250413369 -1542493495 716524052 -979070936 -1310711860 1908510510 587392524 -1379458970 -370693412 -1553497231 1651315213 631088041 556504478 1124887137 -57059654 908609439 -333643925 -947477257 1263710964 -1073344647 49964836 382080613 -167750746 197606277 -1420561958 -1999078002 1043440400 319096464 683554136 -866612430 2101938159 -1268696140 1876345110 2124341834 150957663 2144419934 494208560 1425636951 1324918016 995280097 1102649252 -733907060 1958361559 -917130636 -565205094 1268673737 -1966545109 -1185762288 -750302859 -1715327038 1939639183 -1438856167 -229153960 1348214227 1743774160 -658827026 -207138174 1547646253 158428740 -320177822 -1182943087 -543777336 1302537138 -1459298242 639440992 574922188 1007155111 -1303220767 576881547 -821700066 1442156499 -203973357 -1003056325 -361973003 -1115194312 1093437844 82940774 -808191445 311209016 598653003 1015465021 -1474274828 552522508 136572057 -618037302 1453425239 -1762872804 53684086 665232633 -1746525755 -2041154242 169221758 1105039203 1760011726 -627891868 -1676742284 1013898256 -1914083642 2024190086 -1709601574 -258829504 -235970592 -24395753 -1943135151 -2253749 1794296219 -40643968 -199076911 -870301769 -963838132 -1978323377 -325438561 -878112737 802539396 -1685420604 575475301 -27956224 -1741870960 -284638978 531359639 892519047 -319155918 -1117463163 -1632702482 -2003472350 -1115556386 151690038 736663357 -530291488 -1262850260 2014014762 1869931534 1388626462 997789032 -599289859 153052301 -731394842 1869904920 -911132087 -291266132 -1424436202 533777908 -1390128633 1831902725 -591774266 -9084450 -51497715 1580026554 1366519772 1329641641 942925629 1863817757 -2109499247 1545116573 -2110855297 285226242 116373739 1535665563 -1606381979 1710733501 1733255428 -526753140 -1771804501 -459065894 -1363613609 1526186608 1174866904 675553442 -205317634 425572712 -2114669126 623992909 443565255 288778453 -1433088425 799810395 1203467278 1869009263 936741939 1095851633 -1862802713 -1618550382 306878348 1516261704 -777414935 1046215777 
2137560721 -1339883189 1916531434 1554393551 -1873170009 1283101999 -417902885 978675698 -1243875645 2138810711 -32842596 1188003492 -244989863 1256216607 1347849724 -1394813501 378260600 815156250 543498165 -140516651 -205509875 -1660377620 -730186320 -439792599 132101994 -2088441567 880204441 -855697946 -1342765915 -633273021 -254726467 670861597 2046855616 1743800671 990497239 -1218402125 -1614137281 -1546266043 107443735 2079166042 -504463538 1070614077 -109475698 1245022120 -470283303 -109179477 58728395 -38199744 -1922614062 816903761 1300497900 -1403917639 2028259383 619190161 658310052 163774397 -1638599548 2136991409 572444207 1348966119 -1748470783 -641008966 -1070735489 88778845 117812260 1892342567 1236093213 -1736138125 1108041719 -760206201 1459265427 1691261367 996105114 -1543403864 -661405599 696764070 996543920 1344954427 -178067149 -787802248 -687045384 -1491934934 -1221791052 -273722175 1744131582 696588175 -524152710 1400329059 -1687979964 983172806 -912913452 -585307179 284492813 1269966704 -327609382 964153411 -1029964499 -1710395248 2146045042 -1579807094 1827580413 1384936914 -16520019 -955178712 1598921575 672469221 578067795 -769816148 -1134539972 -2093241405 620910170 -1018341380 1634493110 -312174146 -1495790801 -358396627 -450839203 -364454106 -808101762 -528098221 -245477355 1324880929 435374915 51681869 884358315 -932755886 -224741553 -1113807476 1612468571 1884553237 -1338107633 -2010983659 -1903127825 -2088231900 515477687 -1792360475 943567461 954672114 -998784946 -809391920 346440060 1044679743 334314639 -1696770249 1604191075 -1549000762 59969456 1380171017 886529833 -1144309107 -964048848 -267825024 70504692 726797988 -669105963 1093932886 1714381426 -96369739 -1614288942 -985323105 1553330396 -1336263603 -637654018 1312472912 -2075578785 -894159009 167328017 654573137 -693970417 439979034 348662890 -875106090 -614470105 -2146809234 235828377 274925396 958654710 -533957420 -546297562 1904279013 1553610708 1304242247 -1844185604 -172560971 561043785 -907691429 403142771 -1659948161 253532596 -2143369505 1161809016 70422579 -1148413044 -985190612 -1260504093 -504962282 -2121451030 -484312410 -377243014 288674590 
-237443440 22306934 -1810907432 26692934 2085735764 -784469512 -64758285 -1518964328 -966110369 -1975841252 597501915 -960131720 -609880818 -2061135418 914793474 288168045 -2053194539 493371785 702274643 -473128284 -621814754 -363490199 -879172406 -1217921919 1758036218 1816405809 366249185 -738199231 -1582564537 83585547 985588308 -810584795 1033844851 714755133 1017839948 -359382174 -1174195442 -514163567 1581537752 -2086990508 1194196016 779726808 -162670593 -1718593274 -1458842875 980953506 749358676 -1984128311 744905285 294242292 -372809405 -1667825675 -222250238 772229306 676227553 -709719284 -167358770 -1952221010 -493771571 -61098263 -301826895 -1148005583 146224539 -1492558146 -1872700726 1123131729 -1221331838 217977149 -867014134 -462879228 2006637153 -1806446756 195917186 1904691315 -1479057369 -1280128892 -1057705491 636019850 -1275817971 557365969 1038104279 -234649907 -231546305 -1792685600 698272684 1163724016 1057748904 -2143099009 -715851890 -1071385851 1735185213 -803908603 1386232931 539095089 -2007462982 -1548502702 -1519212839 -188589710 -2080391250 698545897 139184187 2089896779 -1890354466 1245239152 -104256244 1429211642 -55803548 -1166598561 -2137852184 -357294802 545924292 2093786112 1698176700 -1261046873 2110200878 -543947732 -1906909309 1590421384 1328206213 -2064299176 -1010861072 1353459725 -122231311 -58397230 803697395 -329320429 -261912719 1152581828 2012654836 -448406941 -976148133 574690816 -1499231254 -692557443 1943448331 40023655 -1047781287 2086709536 -134408904 -565710995 -813089861 675924242 -1380855321 -165110120 2032153472 -1231341144 76038409 689950875 1504413271 891221977 452616716 -120379047 -681729402 853300020 -1592382938 209108398 -1546307411 -21439336 300366012 1641453895 -1874324848 1638051712 1199844707 -1549632891 -1302364574 -375279200 -1222046798 -95301350 -898523497 -451211503 -1055686768 1418846689 -964029874 489195050 1810953048 237585258 -1652690147 -1308432660 -538581763 -1063371990 -1214346887 -1925718541 -1408997095 -669774851 -695249331 -380303126 -514415276 -982227901 -227092677 -949795360 1341991462 1199690962 -41864140 1128400600 -2017333383 171903006 -1650724825 2044521314 1574554002 1967744642 
1072023940 174220634 2000871855 1285704581 38868702 1286541239 -1388192276 836264099 -723281532 -78527227 776676357 -722897037 591237304 -1438688792 -1646118719 -492178091 -1914707201 906944200 324669999 1482719767 903432920 -507733491 1916956271 -219680538 523806102 -1275572836 -947857331 -369598049 1358929470 1148274210 340420921 2066134920 -48498449 857912901 533761367 -1975480854 1749173572 -815595496 546581229 387362782 776129564 -1617739466 255050983 -1140219068 1324672226 -744103205 -1759856480 -1482288176 650074115 1459455361 -24679825 1171028957 -1263722832 500119799 1537328758 2041994204 -2017101756 -88189056 1968613267 1288819562 -1381459895 880564422 1967709536 943243252 -1314296554 -1162678327 1066048138 -551474678 -1102167382 -1534387842 1552876801 927980014 434359704 1708719341 -1284381800 -842622903 1511429376 1205524249 -412156580 -1328617876 -575052980 -636040757 1561127782 1379388843 -1487151720 -2104749540 -492804674 1226541483 1636124601 71755325 -451363381 1588780458 1839462765 199412888 -1271477673 -1904090577 1695230099 -1989831234 2086199092 -1042346218 -1778684762 -14687110 -235288323 -1483627636 1815514992 1395365280 -330679280 -386181565 1354135178 -174166500 -823535276 -1253257916 -314661507 224457565 2004103513 319205291 595712618 -1705430227 -518420941 -150190362 1151053395 -67986946 -513779806 -1058823191 1248261178 -1121961267 207414257 967220060 2006113589 1042017639 1009206682 1008071309 1891077543 1911797724 1757847658 -537906709 -507141223 -1347199593 2129248376 1137311415 -1402418357 -1381281062 118929272 1574320183 -2006160714 962117594 -676567543 2064497881 346558625 2085278221 -974378049 120519582 1480771425 -561709204 -1079495068 100598159 1227792590 -1874980236 -2087610385 952885242 1338251947 1135881083 -174364854 -1482745836 604517469 1018700191 1776702313 -457233022 2030280715 154638295 851818427 390732467 -538383194 455511756 1424947212 -276710425 1291855349 -1028252638 -1458726156 1192443871 1800558779 -2010746310 -637212182 -1061307381 939302653 654826316 1442913895 2016421683 693762653 -2031963261 -1205026615 1856243204 -1596478426 143489864 -988824235 -2068701781 2098133827 -1145204060 -214674354 2078474094 
1368400370 -47357459 -565854168 1980602142 153290687 -2089937119 1282581867 -885852001 -1431119544 -2134622389 1591668957 -937051888 1597740553 932339849 1545337502 973844737 -273103535 -1050841440 1118315602 1888503115 1385078149 901111074 -1813240565 -1732797702 -1360789862 -282485737 598486756 -311257438 1783321173 1756597626 1970959662 1233392263 826502550 1863710373 -1265322704 -44706554 -2139091874 1561159884 -1002999825 1708105675 -1271543467 -1917318799 609597725 -1615769806 1346463442 -1706985401 -1263890647 183557227 -1723663761 -1970037702 237120739 584324109 170732189 1026683372 -194317287 -801574108 -771279081 -891402704 -1452495357 1985073238 -360570427 -1175375004 -807542147 -1535328135 -63594016 59908573 -804732890 309382390 401324097 -776857140 -2129644258 730349938 152023502 1735429648 1187395487 1303727430 -1635639150 1128249786 2031046991 -1219911455 -1326775750 1317448903 744571197 -1784938629 -1870228763 694138858 1120642359 -102741013 856112849 1493790948 2092502789 -1781162849 -185195054 -1841339180 419907385 -894779601 731127533 2015424093 2111828699 2099748249 51310865 -765115792 -1374961707 -599479159 -1332100411 1484651143 -412194127 2007389638 -1902586511 1014782431 943393444 -2057790283 227375512 1377802475 -229734217 358243096 -2039638292 -680869281 -464674681 30710673 1543242646 -2126957228 1357021832 -1878537140 135372705 979126397 147733873 -1018209718 1049081279 1933182852 -1164705148 32521363 -2072158235 -1608588081 674492481 -925754174 1774072179 1571853863 -564163065 -2130025657 1451007393 -1773642777 -759644633 688332660 -264203140 -1285880209 1437719056 1705605658 490468732 -2020388627 1936178013 2052354825 -1142391397 -35149984 -85656122 341026120 1586111549 282370544 1710801362 -1246297801 1910582511 738416457 56233739 -2087580235 -1215761652 410462668 -2075545348 437603473 1468626682 1575233174 -1867786290 -1440728182 1959866803 -759818871 -312751039 1729515391 955926969 -1612944041 960309791 1951241159 817669719 -1173632672 -1874191060 -802630213 1035987681 -595600237 1363972477 2093584924 1238974825 1691402642 1126589732 1282173840 1166763327 -452360367 495192112 1745921163 1535948764 488972020 1846441463 1754122572 
1915845072 -329051094 733715822 -1367433994 1648083514 766776528 -75202351 -1576417892 -1381378404 -45243239 -2141793852 -847912574 2047262741 1822576680 -997653659 -277091798 -527052115 1193692554 -75483889 488687509 1236633169 -1252880672 -789529910 1293025535 1001356642 1148827915 -1598139889 102674014 -66411039 687438854 -509857737 1468552039 91569682 -1871700348 98422067 1750536479 -1986626491 -1112185318 245966203 -1842403719 -1045091493 681895713 -128463509 1099856779 496657540 -749400683 609350741 -1090858480 -2074973969 -853416757 1791291807 -1769428767 266560842 -1409774579 897961660 -1186389209 -963129879 1455682460 1438295051 285657984 -1682182846 421380426 -1560727456 123435031 -1716072522 1609098903 -683127498 1119890157 982643534 -103322734 -1092361529 -164726882 -1614859989 -429125306 -823484593 577004272 -1883411107 1507529456 -1919920652 2146967743 -246670919 427237363 1521110603 1944851195 491233035 1564258751 -256220514 -342588961 1713293575 1194553047 176652868 1129985225 -609946783 1822812227 878355375 -1166506375 1379217630 -657723528 1272702559 1244976698 -1374427297 79366844 1281925032 1164084942 -423511725 -1040153282 1631292089 1367047598 619098523 -1773452752 -2019275117 325450968 1661229424 615821030 -513849451 923693660 1407497215 783965373 -305029486 -90531432 864445525 876388055 -1086496895 -1905440825 -2023450572 1747778471 163841278 -561096633 1776015050 -50164204 1797822403 1258275359 -1563417613 1021318374 787964124 1080293816 454387197 -1366403006 -646278889 786398355 724902508 2077669188 -1103244336 852665831 1221516913 1715920245 -281046815 650756175 390170300 1029280890 -920918954 -1807414351 -66638982 -1077091377 189998181 782568419 -1403060977 -1050158506 594395994 1412558194 -442390987 -506923841 -1753882596 -568648719 -1470677942 1915886134 -1269061075 -804959296 -1646685064 1908308556 -2049040954 -1529841674 -1716366807 -2105320824 1798671200 1588239689 629951481 -1413457290 -416727829 517143777 261893739 -1802365793 -84809671 87334387 -1631561848 -1357502398 -1817125271 -576779538 -20741946 2113820509 -123471505 881857408 1620958663 197000971 -1088924390 -134002849 2020668444 272856931 -1672372657 1497823635 
-1467894579 -975150284 1429820116 -236355341 1509095063 1971961056 -2092149750 1614068150 1394715029 668122136 -1930681144 -640374956 970660632 1395803476 -135960314 -748689924 608275998 -972829901 1487705352 -1230614767 -238089627 1456656358 1567046037 -1668516351 1373952542 366635587 218457456 1421212445 982618180 979502812 2042422603 -1139273290 844592465 404206504 1546529304 -1670124899 -1450914311 1796042932 1403668799 881287164 312539394 -196901685 -2060935422 -289083207 -661217517 -1435696830 -311256693 480737277 -1634252364 1046248931 -1783147208 1466073491 -1637967261 -319529513 -795930711 364300802 1706968875 1260100316 -1330939071 -1680918150 -119583523 -1310783334 -639075112 -1923147953 165641375 -1838575005 185160835 -805287030 41803723 2041347546 -258778370 -1678584229 -1307443318 -285467906 -111564020 1559530594 556935977 -538751474 1470847219 1191568242 -1419642035 2092725218 -1838580420 -240715070 1236927246 -155870795 -1796975099 1061421302 -167137560 -530193693 -840763134 -1024598958 -1393532730 -189407287 1233416239 1589787224 -1896023155 -1491931105 1415315989 -883081257 -1778283660 -295702032 -1026211553 684821883 -1564923326 -1840337290 -212144848 765733159 1294092653 792897922 -580746431 -247521710 1495133396 -1280987271 640707146 535743480 2083145441 -576910208 1795201367 -1544491628 2038398836 -473657045 1439371599 -1158893553 -815266058 -2100187946 -1823673078 -1360370121 1351365308 -1949003175 1080884878 1302156669 -1894796352 1852819579 1927010292 -318744042 373608157 -1244025538 -1849788626 -81587077 -1336795633 -541653757 -338099380 1134929376 1170689927 135072036 1489517004 -146836106 -815112864 -739606962 -1241014590 1251866634 -1119837000 -69838125 -826531953 1230798610 -725693826 943139401 -293935541 -956357374 1719072404 -1352152074 1903170995 763764040 2008966394 -1393015743 -941411074 -1591435450 -571914876 -495997747 -485943873 943670938 -363646460 -1868080840 -416206925 498000990 -1416756004 1876603012 -540262875 -1433559921 1522340552 -126801730 2126188935 -1842902209 -54161150 693562106 -1495378506 2142629437 -1989225539 805020342 554958230 -1828341777 -1001305007 -2008150089 -565318919 504816400 -1868665403 995728976 1613005696 1308263584 
-1004136841 -93575929 -210842175 2025437836 -103189829 137962541 -1253225535 912908871 -465871727 -1528109630 -284383428 1476148858 380926151 1835736378 194405818 2095054331 1858833084 -493745513 -525486699 -1450159879 501731090 -1440013115 -1086245184 503076499 914587307 129807196 -758966953 1275700983 -1972134870 2082238793 -677572608 636295179 -482252608 -693891834 627766724 1679395106 2072771611 1423488316 908028056 -1606975566 -2134693080 -64064803 -284099663 570429395 -926097811 -1680590024 496374273 -1454185676 -1045487428 2108182528 333470977 -1555809868 -162593055 1467253347 -203691115 -214059110 20955934 -1275248355 1052771353 -129618521 949134613 130457853 -1223980631 -663856904 379072869 211166621 1530480199 1654386547 1065765216 -1411954484 -145538317 -1622708592 1595893624 -171897855 -653456226 -568262482 -620460015 -505103126 -481736288 -1331814912 717646393 -572316465 159957082 -1111483040 1476023547 -2023196396 1254860486 -484429518 -2033824642 -305519741 330892509 618026740 824639771 -101302150 1611804006 1811043508 -393542684 -1870012300 -1998881211 -80349209 1255876132 675316723 1462495807 -2026473306 -381055550 -630277907 -1574976168 1384197222 1579569973 989326625 1292210940 -2141467503 -1331753425 771232535 330741049 -1974534630 -501696964 -1409195933 1153060137 1082257383 1816505019 846517113 892812434 -710289570 943730981 -32141951 -1327458074 866283776 -6685304 -637774678 -1023863519 -2029790791 1770292718 1034496642 -140314054 -1642100187 602417186 -1976237581 -1303008255 859149421 -2066933559 -155194749 -604951379 789897254 1114425599 -2053149136 -1776012888 333489532 1414963328 -1063130152 -734669521 919373887 662214464 340347002 21317098 1357043328 -1798779344 576743157 1760462606 1929600118 -1864822227 -381376194 -893647876 -940579057 846652805 632872564 -466300094 -98745849 -2098406972 1429429457 -1867478311 1854923211 -1570174704 -1459998118 -1733044683 19075553 563473399 -1453787305 2141173710 738107100 1731117947 -799181097 -735412522 1538616085 -1087095255 1832378778 1619179091 1158527596 302806323 707146466 1070792145 1497792880 1309333669 -855014392 -436975139 -765491006 -1958034149 1731720029 511496473 -785631097 
-146411060 1687956145 309760514 -735418503 -1967437522 -794783192 591362797 937714489 -496975094 -89750100 -1029886890 1302754329 -622826096 -105077641 4073557 1271836582 -875578633 56013118 -1038467469 -1745878315 -574748551 -331455578 1070966901 -1705076138 -1872482802 1685343319 1720753552 1520724712 -1056453135 633174242 1766037113 -1910213563 81532217 1968301660 -552101082 -1272506249 -661545984 1358298709 -282120344 -1213182719 976238197 -1763006460 -1293194474 -395968115 -1432085436 -916713489 859270420 -1348371921 -923080655 -1346408169 559691996 -1246363531 -1264875323 1056511531 -59507679 -1692874849 1555981666 2130369350 1985605666 -1040982475 1406298594 -1179076828 -474549734 -535265420 -1538842298 -772850974 1788684193 1532416457 -910063348 -1360453982 -1663453413 -1129855092 219156598 -1417979889 1617700264 -563981087 1724448804 992375604 875141521 1038130983 1588091400 1774041802 -1017918307 -414917440 -1538944884 1223229884 -650683390 928278206 331762315 1408897443 2090885723 -119537850 -1439487045 -214742710 635862626 430517925 -1392802303 -1877176372 -367381723 969363840 -2133484928 1641781655 -139954847 -291467807 -377256371 1880076456 650512089 1267225334 -1453782341 1987462645 1244533855 -1633662772 885418968 -1241723154 -147412796 -1621121773 -1442233864 503232891 -86274017 1334565755 -1163365506 62564479 -1142055374 1857799659 -954492098 -1088893256 392015848 858216525 -751497808 -384470433 -1811149124 2094407022 -1917132888 990324361 523668925 -703186189 -220480105 -987450118 -854671371 1864293875 1260227974 1916013981 1205285113 261599005 194699354 -420810022 -1239298978 1696347713 482722792 1367182936 -572563723 1311964348 1383373136 695637372 -1396697385 91424784 -964315169 400293201 2115149283 848676190 968595043 -1724680918 -2089890229 1653460526 -123426998 597275487 1769865753 -1518605585 -1670342759 -406118372 1065775292 -237727750 1645805113 -527259426 -1644606460 530502406 129214618 866071424 -553838422 -1471090883 1460448751 2117199779 -1933059608 778316843 979405746 -297875925 -1644773507 -2071278664 -766040422 548045031 -634041555 -1570613521 -899101116 554152496 -161113534 -1526009030 -665196714 -1403417748 -1476763564 -1412147513 
-486298121 -1536212505 -547585135 606601676 26617009 2039910460 -580942701 -1333020243 -1973755198 878138051 -64944161 589671768 -1515299558 -604657238 706182770 -359299862 2129719250 -658122645 -488034292 -1083317210 1748485687 1318290652 1925415031 1128724863 -541811191 2043132808 -1209677060 341082205 978525394 175741215 903410455 1882174384 35628940 -2015074969 -1536682022 1013158731 1815940579 -1100531464 -140038328 146567551 -1691737944 264199014 -1927365811 2084402056 106548786 621319926 492014766 817917796 -471919447 -1336299857 137024057 1608025123 -842965769 991686989 -994402197 -1938657287 -1733927861 -1339327743 -954654309 -1280182702 2036552940 -1544180952 -1013723571 1423241575 788894988 -1140212320 -1873702915 -440749592 -389566062 1142206595 787776425 -355379246 -304066723 -2074970162 -84824289 1219983075 -1568228814 -687833229 1221443997 483228871 809550769 -1492061772 -110126134 -1109930756 1796191386 1456604283 -2121080437 -1753607529 411635750 -765175028 -1466139952 1037687848 1541593435 -1425425456 1480773626 1532711881 228600656 -472363155 -1026230807 -935899204 -1644751465 -651599545 -1855970237 185666889 -1792936120 -381085893 1352643275 -1762543207 -954360445 -1199654486 -1697666374 -1820399550 592252382 1330094037 -1873323593 378871380 -654087940 851686413 -17802303 -1248711121 -31284617 1982490258 269593589 -323994379 -172378310 1065716518 -1422352318 -728986597 -1785904668 430288290 -249860969 409590286 1276665603 -495024523 -1628441775 -1417066334 -1743149115 1493934281 1492804733 -2096160786 -1163317605 1039593867 1005789293 -867654370 -1671246913 116136177 -42188633 44331943 -679241666 -1464036072 1722498755 1671396728 1583413540 1608868695 652337812 -1892895717 1584681247 1705172768 -1056627067 68851240 -319698056 -58808639 -2104974389 -2001788213 -620944924 -1387903104 150116367 -919383105 1405116026 1066318361 -1012896941 -1512681819 -239099777 -1906948151 -941763843 651877060 -1146569822 657063894 94697621 -261671811 1805701421 -958667161 1511190312 344865026 -1264250504 458299636 263295095 -1873041111 -299051375 -808625653 -1435035168 666598254 -835323576 -260180720 1372404600 -719789550 -345418980 -740990131 1864509312 164523493 
1495887888 1810001205 574390635 679175036 -2093372565 -2126568847 518765912 1586230318 1589094323 -1811199116 -2137019541 -131630076 124654836 4139938 -1705776393 1900397274 -1225460914 -311479357 -456957351 -1498278252 -100590696 -964044714 -915777602 -991221094 -189175137 -720595141 -1348621671 2136754006 262439648 -1633217386 -213219451 1770262157 744375358 -1793254804 -874500390 24384354 1145612932 770794647 -1715382026 831267358 -1022412383 1466111862 -532800894 -74538416 1335083589 843154110 256687608 718653266 1669577488 1850448811 28656682 -11355092 -2036069051 1408940751 1198772715 2084576810 -139634590 -1378544265 299011450 405383295 1394973492 -1004904912 -1969822019 -1778728195 1037769199 -1739016973 -1066609566 858535978 -1545389013 130496602 77449784 -138149389 1403826385 589948737 -582305370 -1303466536 -428457640 1187232910 1991130333 -1478437669 -1350387157 -2096780838 -1456267224 475068316 -2075802754 832803290 -1821354261 832736538 -768164443 -1505702638 203207466 1922814117 1738785332 -218610206 1033838512 -1256252625 876487172 1714382450 512394990 -335694225 -1147824577 -1402611492 1723731300 689722474 -279130087 249294876 -145055976 -717063126 -569956004 -88822261 -2072925653 -1996650654 1816401710 -1274744351 1803945454 -2067310277 -236311503 1371246482 379759095 -1870976039 -480152174 -290519856 -1500299013 -457497727 1181060543 1504273340 307056088 -303129873 -1323619980 1200079845 -1524492367 1852578986 615586061 862100058 135902703 1934420883 1095676859 1222763191 -538377378 1842981379 739147097 -1241738103 1777601992 -121289650 -1265992566 -806352593 -983306304 465218030 2027218697 537573256 -1537423486 1164149403 -1027506324 -257258576 -747069757 -1575404419 -136242465 120648342 -613590759 4549566 -1160003205 -302336957 1368509497 -1199297643 -1897853136 1012477708 567281116 119342553 -926912675 692119985 -682318436 1880133723 -1464066329 -226079915 -2045940924 144680628 1611374486 349278927 -1758952652 72920373 514330084 -20384924 -632180845 371266517 1936136248 1411211645 1205042687 -2134445288 301280047 1669310254 276195406 -38234934 -1279199238 -651388619 -1794543537 1947796046 2123017608 1159296822 -840775333 737627167 
1473928558 167787953 -1824600223 -1029841830 -849780190 -184640392 2128420357 -2145321572 567004033 -1713858593 -1634369670 -1804679091 991690386 128953604 -420660339 -86442241 -1656653508 940698364 1864763482 -1055833559 -1389543160 -1965051738 636381890 1969705240 -2000649508 1601775785 824696754 -225172444 -44901819 1678020999 643843879 607494973 -1225276935 -515197213 2025264148 -1116279686 2125092940 1292156406 -110548329 2067714524 1980228143 -1206606843 805302631 -1192862482 1284507451 223408746 -605133774 932119746 -1462792072 399821060 328618762 990952398 1101362703 2035989321 -1098780066 379771117 1732938798 249543572 697132459 1780112196 1320024427 1471194560 265533965 389764771 1660755475 1813081616 -1153628669 -1277015881 1577951882 -748550691 -2332715 -1793753890 -1982176451 1640661279 -677711875 2127666603 -1730851469 -2065576041 769235134 1513305478 1093116067 -413017020 297346594 1077554392 -457181238 1014987790 1117178279 1323382940 -971545911 1790091975 1650243088 878924623 50751340 -472451708 -1397968663 -724696662 -1859858523 1255917501 -1630747459 -1887407737 1587213260 780851101 -973377436 -1384502456 -820626512 916468477 -533369260 915540698 -572643626 -1260095773 1886819290 271844551 -267031440 -543114898 1167822344 1447115051 -233353836 949093162 -60364970 -1046136624 -225848460 -822446462 856127235 -573079253 -1585028837 -1440348809 -926327831 1088609335 -967591189 1861598565 -1075424432 -675390989 -856911360 -1021927128 -663190879 -1828852025 -1890054538 -591951719 -524622559 1601737676 -2129509307 730686224 2027175964 1787934007 729312653 1819955682 1195530365 -1355897098 108704427 1414866706 -123191951 -1128164015 616103574 2105989343 2089140141 -1198317592 468921549 881980316 -1535549092 -1946790762 -1667761292 1854694344 -956079147 137688439 865406789 1119672355 1019475208 -1941537241 -1968747580 1285713809 -10671346 -873624768 1531445969 1045234869 977020451 -1501318990 -366703497 158173660 -697207644 1034511845 1263234783 1070838325 -78543035 -1674636156 1505344390 -1348654159 818101982 -560078478 1048830417 -868338731 -1225391560 -832726695 994692228 955301885 -226796623 -1053704867 56822438 -1375860578 1139890873 1872215331 
27447807 -1985408652 878147292 -1273812408 -1259352493 1303346576 7748627 -1937017193 790359770 2052729735 -1361652687 1360590486 -542303649 1307089424 -359161977 525596217 -443130554 -287367880 67937454 -1432497602 104772800 37852339 495002927 1737182777 985695124 1831556445 -1148152129 1519993351 -1432629992 -929211646 -447544880 -1212798199 2100864508 778103265 1784921542 -257109551 1781282028 -1400728686 -1379702975 -610438701 -390284566 -11076616 1004964829 -752175140 1474032421 1139823329 -377225017 -1823090554 1887106709 -719549507 1558921212 387333652 1545651827 1218476473 -1013224746 1546339099 94338638 922003157 -1451163580 -1703875553 1942995437 -300299029 -2138897253 510662683 1487447380 263633316 1499442440 1562677489 -1432674116 546718920 404089625 1854592875 -1807650917 -2115287945 -35019935 -1807376189 -1913326366 -1336566625 -727804377 1730297157 84764615 -25526765 -570070648 457512568 12426177 -1077831527 1751016408 -81979853 -102802114 1344569436 -1481987497 2083206484 142083644 120323329 -1562345046 -832375389 1445345331 1685851964 212050569 928914586 -871686666 773895115 2007053016 -193562999 -59324784 -2107731842 1318207161 -362653597 2107792878 242702316 1411619036 -805510463 -735854981 1676146822 57233689 -175460509 330892929 -2081977475 -488231946 905954958 -308417823 -1338975202 -1954288642 722384684 1017199203 -1987680316 -89490797 -445761916 -127970795 1145024618 -1332723302 -379650574 1743593977 -769777403 -1768459898 300726121 1740724850 230329962 -1512096618 1811189999 -816296636 -1884061609 -443395552 156051411 -506433739 1068268586 -1257691585 1181988919 -1985099607 -1997635080 1515170001 -1227333047 -2058018800 927182343 -1326175328 -1520630264 -294697018 -1234222318 664219242 1159713335 1737436205 -309183646 1064780619 -1036646049 1497499672 326550911 1087981707 -1395081027 -2030753759 -614199424 953762455 -1110023222 2127884651 717639734 1821790762 1116685365 1631811286 1948327071 674694246 129781963 1230937021 1463920559 -863823281 573148672 955532124 -302954354 1140679590 1365994640 -1124690989 1031864782 -1706984985 891276688 -867423049 1240782275 1295934027 -722340979 609505307 314303787 1283363869 -1076503849 
-694989378 -1792893952 684037646 1265452502 1102179425 47436292 -1860213140 816356149 671597946 808468149 -2088183044 -690248501 -1796343865 -247612387 -1658004468 411289812 1295120340 -707959284 -631720527 340469928 1072830949 -1631963532 1247171397 274050642 -1160446593 1651931957 -1033601659 -978025285 1142978653 2016080063 -1873097320 1287128724 -321800878 -872913968 1425377398 527150166 -746709368 1725588915 -755225662 -1274936660 379307986 -1305449012 211635694 1749004457 -275686516 622103372 -473892933 -1556496204 223840093 10723248 -1483754446 1500134953 -325945621 18674941 -284268057 -1731020500 -939998297 714374475 -1766508665 -1628375899 1381491662 -622834149 1690229134 -1837603911 -1153112524 661483856 1334229480 -133955561 1915693596 1372199274 962886227 1980978626 1763759931 -1515556671 -1030012156 -1272616090 1482202345 1442723998 -343042396 -1157023605 1695781704 1499105445 -377917522 2049289265 -250070391 633511606 1182242962 1742899192 1086342416 -398942491 -1877213095 -574824842 -443131746 -886123427 -1714510379 118078260 275043398 -32574701 -464770866 -1901771727 634372329 -1354753991 1144266305 -303183623 -282537496 1889229723 1148221061 1747561545 882505799 -1185949210 -1973779101 -885490086 253013449 -1972391544 -268910991 254480130 -83061394 610018535 -1077230360 -1280159966 1016254318 -768582965 1909858786 1783640391 1010028202 84848841 -1026156040 -1847368839 651391962 -1598137423 -1173383722 -289979622 -913292989 -270186608 -1728393997 -1127662508 1830471637 -931362352 768432360 -1627318972 736553448 -1057783200 -247557604 1898185932 -1694219479 -19201508 -1577299022 -222042706 -920895571 1234255929 276653539 715491928 -723582772 -793344141 -738309230 -1606417437 -1409809376 -708518593 -1242421662 -650371235 -1124424156 -347229407 663574504 -1920666437 1061023548 1347283228 -414670611 2040232974 1853239444 -646370159 381311072 1648852786 -1126161197 909615080 226527648 491663769 362097986 1847288334 393653138 1760483647 -575404928 -1803368887 -1487863027 -1423306422 -1177020708 1219139787 -887958919 -1048487503 -48732145 -1993524530 -1303168696 -404268615 -1576999207 -2147049161 -49487006 -1645982035 -737478377 -36973334 -1615172733 1390514790 
1385920591 -490645318 -368803355 -1412719510 1923085747 1947758836 1680583335 -592645537 -431555401 -1374948183 2077367609 484075962 700439169 -84554586 1892345216 1701404714 610138771 1912809694 1801219353 -1648492894 -1964021333 -128349916 -1770283826 -293754685 786399784 -1194092383 695155827 1236077586 293126573 1850680017 1439469129 1535501075 2044408145 1908817930 -1427826714 -1382266648 -244417614 1569297139 -938569841 -1994069261 695466484 -863225799 843785660 1505244143 800693638 1492171224 -310909912 -820506547 -629813132 103157464 829276333 342498006 -1798261273 1164553805 1634288616 -700229544 1701852590 1468109845 936442298 -1877249085 -1563197299 1262925540 756997148 -1233961525 922798648 935909141 1586726545 1040307852 1699140322 -815555086 -113946646 1360224705 -280675691 2002883952 -141999197 -2042158068 1881416231 1254750701 -365019468 -1177933549 -758724089 -999975411 1110383018 652684585 779537367 -46920378 -1374599659 1339133564 -1373000024 854742518 1309343990 -651403614 1307096000 -406922533 1246054896 1232708237 -1430439055 1709678670 1555359332 -128856176 -964226811 -121506968 -244060657 -1909395014 -1008917086 469053384 -104141513 -91580275 961190042 -659088786 -1572347969 1271078047 -156506319 1333552597 -1534411456 1643789711 1638897999 -1087093854 332715398 -120732985 -1999477930 -848863032 853889124 277065173 1273430953 662461120 -945758819 -734368157 1666576957 -1945462905 318205392 -9415195 -227739023 -400251467 -291277108 628568932 -922854465 -906817530 -1872072677 -686131322 1882968174 -1200382192 -2108583430 -160922650 1742899292 1903772328 -1601881528 -1139041509 251266906 -576852254 1296432308 1260629685 -1186265770 -89462542 1956304646 537039926 1706178180 -488993649 -1952227129 -1972498928 -2006293027 -1162266216 1438598055 -1603705988 -2044690380 -35208661 1754306875 -1466138447 562190662 -672543495 1220378401 -1854527586 -321763127 19777865 -711774737 1124411682 971572236 -406579124 -804789676 878825522 -816216830 -348019973 -1755887923 -2080657891 1726513770 396117447 -1876086740 764943928 -1030135802 1925131823 1749982 1662574287 -525790335 1301030936 -1833838877 -1790922682 -23118122 1691493310 1252492306 -755972662 
1598942483 -1513708357 654197443 -1578604505 -1508138738 396810216 -1907217654 2129532242 -1192000427 -360607404 -666240256 -678784852 -29000253 1525939207 633883225 -1209486573 2145579463 -1189306208 -190199607 -114283901 -563275635 344522706 1161713991 575236515 1977837682 -599307238 -73939016 48052270 891891833 -287721292 -942526225 -1311361271 295759765 1386430735 1010239884 507701956 1055366860 1486221831 -758481143 -1579411068 261159811 -807906121 1463654956 -1556732238 334510665 -1100053686 -1090188235 -694822747 1815277449 -1334588225 -236972042 1148394496 1318516324 1070372573 1827384048 -494478683 -1091785166 1365695945 871052711 1437100221 237686045 -2092699823 -780496447 2020335767 1821647894 430161385 145176831 1532424618 -736151630 881204618 -1231382375 500694362 741289908 966401293 -729474310 349456959 -64724922 2050044542 -57928045 253667502 740326554 -701131073 1275017101 -1837474400 -615456980 1964069885 1042122858 640587260 1740692979 -39669455 1569644743 1370987526 905841365 1426018417 -1371960232 -1061686102 -830382821 655953528 209024518 -1125959632 -1413166127 1414193408 -2062030290 155655679 171399943 1444788221 -757031734 -1009905037 -1873782424 1761064374 -56172969 -1657378018 30981401 416721631 -2006302285 1008722323 -1705483815 959814864 -2096226596 859432373 1934421831 -1141531708 915428678 -1157765537 1414444246 1770648418 -1818209929 -622433367 -1961554601 -638709890 1753526792 -836759752 524640320 -1760270323 -277513528 2125097191 1972154300 -294886363 726613819 -56695380 -1595749761 -1802446966 259662292 -2002270368 1425087336 -1635374791 -783428025 -81121404 757133037 384373894 1412873172 443737904 -319808573 -938398517 -1988421771 1604343839 -1950885002 -506070489 -1479473414 652543598 -1809837092 1133095291 1789078893 419612601 -1525378984 395670497 -997913366 1196653040 -693975339 1897727852 1463846351 -526477388 -1254299352 -307526547 307349599 -786309791 -669539219 -526282983 60757208 909344103 -1821442590 1292859764 1849530954 -767347402 533008461 -873628518 142059740 859277447 -365285041 8607364 -2122373923 1998668051 170584255 -1041749266 -2009440846 426630952 544572257 -847235050 -1544502111 -168156430 
-1617704189 1985501539 338323598 -1349667180 1800509935 -1700818297 -1424473441 -267866779 749632006 1430249415 634966478 -1108242813 260440904 306631464 224184852 848033785 -2001693596 -1660058646 -1825363093 165206558 1967047679 1515841758 1690702973 -1679679981 -987990794 -1473467586 2020449725 2140308261 -1625274676 813643004 -1898553377 985404125 153008866 -1871336321 -261677657 1384728028 -1530150624 16410151 953584681 -1673210958 1800586211 -1199376499 1559663053 567538431 783094219 -11330567 -1361675809 1813958721 -1208768363 -678703173 -1158642809 1992889612 -426540547 -604464148 404701215 1451038977 -1623427130 1280384321 -1625341300 -1398281621 530233157 -953400854 -1104474437 1346276784 -826455366 -621940867 -377587609 -851160019 -406074783 -2032868544 -1306417917 1490287753 -1017183991 -317450446 -1358060442 -1920823518 473190591 1421729613 -93194167 -420937294 1040535518 -1801476178 -1992028203 -1091927670 505019159 80254941 944056791 -707017795 1582389630 88687593 -1531998776 -410562374 1838814758 -1329906395 -1157644979 -565966054 2015130020 1938040857 1137364124 1489082770 -161008878 13399500 -346729142 -693315316 -501870216 -255141930 770956343 -1881618681 -1062701292 192194760 -799701090 896650459 1538454259 -192043914 956570075 -371774027 -840893808 1311362616 243259054 -610818180 -266071637 -607099982 1661799807 -17665572 596395615 -1486068036 -723454062 -1462502101 -1585091928 -316787431 1875602814 -1562590936 1051728354 -1598761392 1859879768 -1757023735 2016378233 1767722937 509519961 735174836 1869849198 685062534 -1561491337 -1754670464 2096330411 -1265113584 116227192 29717230 -749061246 -1769393481 564760950 2073465596 -1990505920 -308184691 -538327469 753321232 1264468749 -918119924 -63837245 280092957 979959549 1686858492 567622880 -1745097454 2017893316 284173 1981818136 1351997103 861932125 -1378756133 823422839 362575340 47502755 -991768525 484052331 -1900504832 2097831101 -1200432437 1898862704 -1415455665 -1498499863 1620577584 1135481582 439573139 -1608199414 -1231274286 -1530331867 459883303 1548081996 1086979365 1684099795 979953806 -1030284493 277442580 80458032 1166577395 -390681389 -20816065 -1234927352 1722544986 
-1839157560 -938538821 1797989326 -1084404492 -542142338 -1648756961 1641161597 -1583534897 -328805146 -2068059747 786518833 -890597256 -350850437 857181379 1947973819 -957242531 615756915 2010044236 1958913523 1756865784 -1804314262 2006106065 -1779527005 1130496840 -426580603 1682574331 -1617440389 -1105237612 -888803750 -941794453 102685469 -27725115 -643405556 -732548822 -1132135245 -374259634 -1567811833 -1952846638 1842399489 1652317216 -22476329 -1171120867 -1680591224 -2084858530 -1410357412 588739722 -1803121909 2039552787 122711103 -608279962 1015440526 703479430 383349398 -818521256 187508359 -246717557 -1354467891 -78256832 -1721555305 -1691613549 -1277896316 -1646105645 310841745 -122380260 1739082287 -1113393243 -1599234922 926313460 -1159629134 -491060095 1603452306 -369547413 372901369 2000509814 432700020 -1692342181 1886673694 1539388948 -1677200303 471428745 680123870 509051495 1559250505 -1785250417 -1622487860 954384798 263481159 1884650939 731268518 -1610095348 -959738192 -1045829217 -1316170413 1971599995 -1027118432 368152047 -67176253 -659414342 -490376945 760727127 -1279446477 245848154 -995090783 1551795091 1015246234 -937939058 1970183521 -1587504488 -1200949722 1289056029 -262686992 -283883169 655781248 -478448668 -737292584 -1118210785 -1364920383 -771936549 1947554046 -1558670609 -358465410 919074932 -1871563845 1161800578 295184532 -236706429 862832734 -658398764 -2095816151 -155062262 1242369683 275810737 -90665793 1410153029 669902366 -16013031 1305246868 -154395796 -1841344306 833257031 1457313884 1357094887 1356305055 -1189835181 -844881964 -421519204 -1756070294 -2090790640 520889058 -1170269783 1455010666 -323930698 -1079791939 898183945 -335956274 826438527 -1208613903 1684776610 1060072061 -1790799935 -1590485233 -1597224616 136300241 -687329920 1159115226 507026960 -1904822423 1160644033 -1393916057 1267130318 855096195 843096577 -1692507296 -1579787426 394967454 1389595233 -692661781 -309776029 1130358831 782282397 -24439715 7074810 -444460222 430429272 196365303 745251940 1018199509 -1849283662 631567827 2098142484 1746831623 -1748645222 -2059350773 -769896951 604781433 -565154321 -669303046 563676836 171511211 1079254795 
-622998987 -2121732 -1383763253 876316693 1857993016 1913905725 1993950247 -1720071259 -391499901 -551824984 1010297469 -391381774 -2060148121 1347082998 396464629 1047938009 -221717480 425591240 754978787 -1618693873 902200759 -916310467 1762921287 -967690378 -1181637245 -970594160 -105998640 -1533847034 -676880487 1624159211 2098975656 482146229 -1159486979 -2007608828 -1073112820 -1469284557 -1432104963 -2092209828 -2043428819 -478354317 -1296891597 1934620919 109229519 -1435978664 -661633399 38725542 -1255779785 -1148524128 -1766401475 -419165128 -618957910 1204393225 -755089477 1590040016 1455585737 -1704748701 1786301193 -1168300093 1253709964 -536956881 1242096647 -1988544996 1927892193 -1870857898 2005231688 674204653 -518999297 217220585 -298011507 1648403042 -294075436 -1943081205 1180087465 36947615 -750611827 477654937 556037471 873637338 1513308670 1427369133 -114690436 891837629 1136773615 -221278798 -1088484162 1361065274 -1832014347 -734087220 -112274201 -1435187973 -215081394 -1992370164 -1729115545 81267954 1010885346 1192527285 -728678389 -1461798469 -1677488528 728781164 -1453660582 -416079330 -444309004 1570437876 -2129964096 -2125378942 1370879814 925913840 -1595566897 -323129238 -775709094 1830427712 1504965548 1500563942 806300419 2017382110 -1728446352 -1189195574 -972334695 -603827013 -1476521175 987090340 924313042 849257766 838617587 -1249529154 1514267974 805382882 915323296 1912341206 1338242905 -1667210294 -1561088616 344538272 262619400 -14469605 1031895348 -1851518357 1590751698 1288976079 327553311 -1285984307 -832988392 -1384045961 517067446 -1833786915 -1138236529 1742047276 -1421094052 -1657856071 -1561432990 -1320891442 1952623274 708829652 -1808953535 15657840 -1918189291 -397747934 1768210217 -118222182 -1722004111 1756305539 1025983596 -1190056023 1352444704 1311224909 458194644 1619061695 254656066 -2023172207 29266962 1918523824 -518591056 1573893558 602195918 2059648198 -2096059218 2040321088 -1376874788 711236407 -719742372 -1201659165 -1855016745 1755938188 2146871412 -677690198 -699792083 -1117979518 168527292 -272811904 -1858080769 2009705253 1441965634 -990595681 211852362 -809893017 -938006676 4159924 1258942208 -270060519 
-826944087 -58000263 -2136276857 -1282577773 203330793 -729225358 1153475391 -165991600 807475398 -1045207469 416672730 2121144375 -575665539 1137327018 -999334071 -1843296159 215184689 -529491770 844167485 628739728 -1252773041 1769576923 -342805722 1019101221 -2106759114 1251341871 889416444 1909037114 1907400636 -1295904733 252615579 -1487277824 -1002089531 1585061029 701708026 -696438395 194365729 1599273888 1533081338 2058888510 2117414666 -385133836 1501582386 483043257 -416196151 1744605321 1947791094 -379931481 -1612275058 -211297945 1853912941 -1467715460 1188122963 1068820194 -1969995854 -876538639 -854571818 -2030643668 -265051362 -1372197606 2076051281 1171888901 2061580160 576841527 1893108783 937388647 -1012776141 -604207233 1015818403 103142403 -1086914705 1918548450 435396363 -309156943 -451260956 -1171117209 -1399602630 1358474845 276068325 -262937645 -502483351 -1159613639 1644139201 683981389 -1822006413 -1132841702 -320101425 925609652 -2077254432 -1417617039 1900754911 -2070949304 123062972 1718933613 -258660745 769625224 1906361262 -9052361 -1025604483 1359477071 1921576932 477053854 -614831301 -753601204 -967076007 225124073 -561551795 -863556390 1961110992 1309413629 38923370 -893026084 1235696792 -841389363 -1672394124 1602565403 -378493367 -158240847 902675290 -1107542036 1177931875 -555790669 -820855826 1170346669 -652048537 336041385 -1810166342 525282326 -1121086134 1330032933 -220352229 -180164568 2059723205 -224335806 -63010113 -65674734 -1455238372 1316459013 1268372579 -1419839804 -1616383048 1967022763 1756768506 1138667026 -1632959851 2045258679 1595876038 -1387284082 75931953 -1892960075 545430940 -985832593 676559633 -88488242 391947036 -33221124 -1797302229 1729328728 -10419741 -1751737251 1024951342 -680938358 101953294 -362019368 441300529 39470532 340139725 -1025043948 1280819210 -1621206379 -1752943757 219913965 1133871883 -133040755 1525088870 1085290331 565034700 992219128 1953054780 841391707 -842906741 1493109121 649710516 -245066868 1613620125 1888092663 -119060990 -1522668145 -804983566 1350281442 734678366 1512067035 645265938 1082236101 -1551787338 2028080119 388616707 -352709537 -284505777 -1072905218 
-1168690459 -1773922020 -520496074 -122772278 1921377126 -2059719491 394657634 -603118478 -1747542543 462600493 -23921555 1943301248 -1976389383 -2051180605 -72147692 300140409 -1736678055 -908398289 579360490 633315427 -1899902401 1955595490 240247135 1983233835 -1333737700 848873537 2140060340 709869453 2023859824 -1931765868 1990298720 -1241259907 584518763 -2097401153 1154111237 -368646940 -1026660583 63526648 1985747600 -302420332 -337332095 -318752382 728214923 473980086 200893040 -2045976137 -2083568787 -203370102 -771714017 -1884782090 -712505353 1628833100 -655765921 1721494956 -333006046 1543786991 -1384542405 -323167377 -1736408097 1179799657 -1105407968 -1899127071 1618511494 -700317733 707750800 695926467 -1790435310 -407678290 -58858114 1463716409 -1072365487 -620993577 -1721613278 -322638011 -170373719 -1742655463 -567173991 1520409129 -35485043 -87724309 -1300660827 182473760 -922187783 -815782 1870316281 919849610 -1191058926 584192152 1396348159 1230951834 -1563234026 1927293590 1313145099 -1854299185 1857095 -290523 -495713857 671215585 1600517538 -358884059 1120249862 398684254 -225908828 790066964 1577730906 -1738907990 -1156778245 -1242572959 -536795648 -1648844446 680510508 1496922923 808861503 -828566564 -77252085 -1506507976 1253014020 5047087 -2100374439 1557298576 -1397501476 11896627 -958393544 1105323437 994037404 960742974 872528563 -1483039335 540229417 -1586734854 -1324454725 -1601918534 2141426221 -449363418 -2105553086 91612350 1085455901 -1676077528 1506901347 1381141386 2061122910 -1066619889 -1209652702 -9278885 -583905348 1548128532 2027832466 -223734355 -943671714 1138964981 2056386340 1532930061 -453290500 86051403 -1967149250 -369312751 -404625376 -1795446134 868994625 151451336 -2006779784 -1861304077 501660165 -1656673494 253767102 1155286842 -1052737098 244467135 -449464359 1201594477 -575818863 -696170167 -1580044952 2111690358 -1940932999 1282937373 1512864453 1909186042 -1086326732 -136599412 -207939608 -1747610204 -123857202 129000079 418104817 -1196676211 449770879 -95400198 -1092764882 -269223950 -230023375 470409181 1276495376 -2048059805 -1537930246 467486401 -115285483 -901918867 1401780134 -1715667994 
-978366817 -1441525637 170775645 1945949569 584563394 -839521820 133854332 -1554258652 157818275 -1084379707 -690878653 -1629866187 409856560 -1698057178 -795203665 -172875485 474975023 -1005083624 2010092849 -2073345280 -1456708645 -1499055455 197756763 -794428125 -464021619 1640283557 -489359654 -529764697 -1041527542 366434994 706632225 -1613728987 1893757452 -1129449790 -603576747 56833018 -403415668 -1159242847 -1877224977 -1057545032 -2036844192 357147683 -756257137 -1448706393 280794490 -1826970312 1048672068 -1117657530 513816415 1169750204 -360445324 996550047 -407053552 251554556 635260824 -1644290012 -90101812 1086077797 -642877246 1933912757 1118335588 1519011038 -1991863920 1654852367 1418069017 -265804415 1338276501 230709902 -216863566 -387324440 1065874919 438959953 -1658165104 -1201048581 -1235336535 912419596 340581335 -432536608 637492681 -1188368340 457546695 -328211392 -1194780449 -4183971 88007351 659487601 -2028463186 -695268515 900858292 1046762042 -1948412392 -451001087 -1357496539 -1873920746 1716305361 -1271474146 -2105087072 -1150240346 115185164 950677829 1544177850 -1626110713 -1657405289 904134965 -2007507218 -105245302 -1906510887 1763063409 -845134790 840051788 -290678265 -225969814 -704063597 1566690761 1975230115 -1090862577 -855447471 1203293351 -124718594 1039654045 25132558 -1986603265 324302247 -1381459984 -606986360 1577242395 1267740814 1530224423 -132681551 974494630 -815669260 1211364096 -861963887 1572832474 1796406539 -1861960555 -640695958 1346148697 -264303473 1204053465 93636099 -900391441 -338155183 1388682931 -474109114 -1284254745 194390860 626188002 1833711170 941095453 -1342440596 -892939397 -758001350 1204414524 2118033092 -267895958 1857514671 -1087160604 645099726 -201254100 1057638621 -124354701 1569467178 314031590 866151703 -792008352 -177278574 -1607729463 -1326363366 970967146 -1130621695 339767581 -1113607713 2063161296 179379752 1755509659 1879583048 -1605571960 1843747167 409656359 1745153421 -1299732647 -1529102663 1624863711 163204176 843266572 -1632367202 -1786407491 1906425393 1254399193 1999103339 -1108039375 1534935612 174979162 1092766772 1502784106 1390670150 791993218 679904984 -88873304 
1965406804 1363056855 2026327584 1956123880 -305768688 1693978360 -1670796367 -2008748591 1829979727 2099534504 941069724 69960382 1456390865 1875582347 1289296643 1472881561 207098798 -653658629 -1998212476 -4448246 -1894096443 1814135268 1503755105 -256800433 -338002245 817568664 -148822851 -1859527340 183959119 635140125 1587286436 -1718608178 -1906513752 1200125256 1357378591 -394615758 -997749955 1866595060 592992670 936753954 -529676118 -46594836 -1826482719 2076283987 1608134419 -1989322262 -108095098 832477377 576285436 -1717286701 -1513640851 -1213719535 691971681 17966404 1006771669 -200248165 -1100636268 1676450378 -549975626 -213900150 -1409392021 -846652467 431902378 1086575748 -1901424540 -586363891 -1766754299 -811951069 -1928125732 623994945 600332230 -1856029777 1604963750 -1332505723 259653070 -807198427 227855233 1082161451 333381966 -966058827 -1884004132 -603039350 -1414616297 -113668079 1068714084 2074250603 1680564621 -790069816 -719888044 -1589633607 653533809 1824697075 -1960816832 2054547362 -58963536 -548272369 -1257217849 -390077660 1343659647 1880452076 1949689274 -373433347 -963571799 -2063080176 -779922565 534680240 619215572 -1276380552 -833051940 -1250089922 1492074476 -2035970541 -2136460111 1689130266 1630813733 407204370 -460652098 477427824 832239133 1979303219 -1407478062 -528025481 -1106994078 1145444474 1197704234 -662831852 1778650852 1920992473 -638697405 -485221149 635587699 -1251223722 -1949834691 413397290 -751351718 -1686972877 180543860 -934004689 -923024395 -2022009779 -912171204 1573561202 -897807165 -1268785825 1899712355 1198520595 -1709417632 -1859000668 1701212844 1473468808 482546330 856778867 792575119 543533969 -1626361649 -304118846 -627315449 2092143334 -769211076 -1826627529 1073036353 -1609311673 1574897382 -169693447 1698176887 -588575519 -1669217323 550975251 -1486996831 -1381708004 1095482780 -434093314 1913612939 -897196678 850235312 -529523861 -1708261838 -704614352 1256232747 1275571316 -94852202 -1871385299 277788051 -428578993 1135976579 -1882357018 -788138532 2047049127 -135947607 -2059036643 370981558 1701283852 2139992419 -787510617 -2061251229 1899773497 316527118 841974541 650351075 1640882361 
337772345 -1613186250 -1061912157 271057419 1122149088 -1795933042 620701845 -436373340 1757860993 219115724 229264400 -1555192909 -1290927920 1129793686 -2062409094 -559210093 -1153930574 1865383679 -1111945042 568450177 809332138 350242646 1922209678 -599276047 679207633 -1473502339 -8882138 -200445028 -496672213 -1880406075 38774366 877123769 -711005181 -567920718 647733285 -1139418073 -1597437090 -1546973921 1308049454 -1201694038 -1770529843 -534577400 -1363048630 91285935 -1620253088 -235479903 1872369706 -796962292 618428210 1506100592 1912863467 -1003276166 -1463136485 1990536997 1092400648 300046189 -352995116 -50778488 302204747 -622564001 2023705969 -548422069 1412007313 -614752966 -427483962 1212801912 2114111193 1976504191 -1039973453 693623321 -1551883629 567451231 -667010040 1194043867 688777484 -1406144360 -868675550 -2049713075 995510628 -1776145847 -408416098 2084873648 744182705 478719852 -1811778760 1010545229 -1558995576 1710002065 -2033860909 925053788 -1819587418 138148260 -351247353 1372443868 -825269503 516200192 384267561 275859829 821140978 -1076902853 -725757730 395655161 686558636 1343509618 260087171 384655897 -1281382778 810572025 802395579 -1661584492 -475801857 -1725091457 715733359 -1214287903 1208155333 -165476934 -22537616 -399178747 1732121264 -614710111 536696298 1302829478 -715265335 781698369 -1432086770 -594304778 -973448023 143814520 1153965195 1649876922 1234341767 -85241408 1912627021 -801651916 -2068868308 -1144671824 336677306 409456599 285638519 -1210378982 -240087487 -722654496 -296217102 1327160019 -82385936 -1245282461 1215574803 -728873982 -1116826920 1692115050 1347397531 -1878840490 1952170894 -28310981 1075686006 1356006105 652363192 -1030936428 600642384 585201881 1484293374 -1363908306 -1283153181 1275428286 -159125107 1972903982 277879537 1266307824 -1792258557 839500032 -73140008 -742318196 1589686348 -1041672258 -1406813841 743043973 -2088265446 1830441320 1371603134 -687306201 1601504880 -835777131 108648525 1330613167 1501388440 -2091327651 1401298000 897890752 210567014 -2123027706 2042836330 -1967159858 -560991796 -1022406854 1348110503 1125280426 -1411321230 1119158098 825349355 -192337905 
2023787481 1203698932 -1678963678 1147896195 -127450306 1983662699 -955125683 620020602 -278380807 235099257 -2076631598 931028725 1336540809 -1186796258 -894714621 -511699084 1321807227 -936892676 -1930169649 -464512528 -15667641 -1593225244 1068797888 -551679225 1890028142 350869426 -2012496365 1924859474 179515623 -1002080911 1541957108 1270386126 1079103701 -1756600489 68774370 -1046243294 -764065418 469370999 1520941701 -1495948250 -1372659558 -952014330 -1541381609 -1656518442 -1933382823 2074638138 -421334011 -751492907 1483358194 1282142799 -1342726688 1563861775 406874265 -1767206922 -271817249 -243957621 -2080889507 -1700299726 -262382004 485569935 -661185202 1780579421 694103555 1510938193 -607555578 629556529 -563087323 161237401 2029681203 664372581 568861806 1994573339 252619214 920064415 -470888680 645247593 -1196395075 682457939 -991149253 -1872747843 979107295 1497342613 1100292344 188475686 -430877826 -1881289614 310468194 -320328281 345081749 703277388 -690103681 -1486643621 420847604 -720589738 1679387786 -1853917546 222777833 -1059429057 1470891325 178489316 -136759533 714420851 -596250564 -266555000 -615978278 -1965530718 -2085848713 1418166190 714395100 873379379 1261721816 -1076309276 1705940588 -1862365311 364240458 -616356295 -624698090 -1184205629 159513436 -2010612670 605480728 1540651451 1971243616 -853594276 -424372016 857257074 140827658 1202031909 550433209 -1263831257 877867834 -735573803 -1974915423 -223691423 -1923018596 718105579 -339115550 1891185189 -1365002925 32703994 -658871203 -422495153 839089409 -121275855 909391541 453099936 -1008102325 654745036 2134125207 -1436045706 -576316636 -371798529 961742518 1594829285 -481452478 -78688064 1233626161 440260129 -190035909 -229646229 -381321820 -1810533059 2063885467 539226417 -778054885 1307942571 -100228239 1149774152 -448230462 -1016328306 -974271120 1988698692 573853508 -1188331941 546039555 -606834190 23575466 -2124669475 889460891 950821866 -392349307 1910212518 -593831980 -754314860 2074374124 -357297905 704356801 828228658 -580792061 2050947273 -250524931 210055110 1339613604 -653458705 358043738 237383120 -952593646 -1678205972 1370716580 -560758636 
1329218957 -2095639281 -284350502 -446786655 -40726786 -1033005182 -1300915421 2131361210 2053125525 1921686080 -250523506 1392239636 104155460 -96997334 1058342219 1985358744 1846932844 -782465268 163616317 -1903848208 -1348814071 905532685 813877842 -218887855 606502080 -326778702 -431893520 2139385687 -81756011 -281016597 -206006673 1274238479 -1566448950 1198154193 1259399938 459647513 736965676 1317339181 -1466347969 1230398238 -1060519052 1523047132 1984231380 -349844691 2039545822 763900686 2040876207 1400500923 -1167119276 1399447442 -179585602 414813146 1070453416 346036671 -1440901630 -2085948342 -973195373 -24631868 -1508437991 491912452 757262916 -1157154906 -1632749720 1823218625 -1920175882 -1470210365 1279205288 -1339546966 522195478 -306465429 1125748684 1301103020 1942903496 -198259256 1626172494 237069428 1902296793 -2025067906 -1760348041 -387469678 1695390555 1973287155 1991679109 -402315364 1692623208 -175671327 -1221885083 -1013339719 -2101934535 -1499078169 1569122615 207284666 -902319533 153168341 -1768842848 1319897407 1152134103 1153033780 1463381352 -97382182 1854942034 -1638403696 -1726680443 -809691695 -1060184053 -616395912 -724915041 -1571059350 1355155878 1928175068 1757693338 -2062150134 1863997368 -146425775 -675100698 -987435136 1625713963 -1538628630 -1390781542 -990341066 -70406965 1007422954 -1338639701 1529011364 1998541150 -172376760 1612808112 488920085 1034342788 -797174596 582582800 -1202379173 -1792627041 -718723017 -475977359 -907969375 1901907562 -177812476 -547111188 -1055124043 -717369654 524916453 -1991660075 1276442230 450166545 -1949532202 -719989070 -251847200 1646928164 336878370 -1182062812 1643964319 -1529730719 1961220845 1103727589 -1970442052 1111899673 -1548789327 215013950 -189842075 2011376513 -1345152834 471426815 1912810225 149120148 1425598604 -1515755119 -1326112499 -1133340366 1908768438 -1247483880 1574722218 837229322 -773070490 1321897434 1235074450 301712435 937503566 -1021067844 -1665996028 1192926778 -1309888965 138013798 -1441028949 -779174713 1573687912 -2057037985 -1318749394 854814166 -1516669778 1605227188 815400895 -1236366055 1688640462 -1120430124 1861635248 -730783405 1204487394 -326190663 -814915971 
860182782 1974808797 -738407834 1660091176 799567039 -555197494 186560066 -1363626231 2135627125 -2001222594 1141734957 -443901749 1775818423 1108147528 -1428338496 -1223071179 -53334865 1405290388 -847308833 -224915267 -1156331467 -902651562 882388299 -552612752 -911717848 753099994 -1868300241 1966235738 -1936647241 92773039 340006117 223696558 -1701337773 -1108518798 1130942341 -466946093 -1214843159 -411183996 261986655 -2010469809 1133142202 1840054486 -213498324 1610938499 -1931235689 854137851 -49876719 670815655 867733069 -597131944 -2106580972 1642129638 728901697 1969905125 -1410033432 -1330561928 -1623151566 224341683 -939079051 6199361 -336677067 687731685 1361920949 1581640667 1423605861 983892348 -1935924992 1116229609 1944917666 1634564106 -768019629 2025971500 -417924326 2033318984 706781663 -1293444648 -1072758668 1829448824 -1782745085 -278351565 -702752226 42656047 -880991034 -410098806 450267194 -314542587 -448018371 -1560700639 -1449367903 940226697 1662992711 -127783012 -31011728 -352429557 -251572188 214618261 458051910 -1563910375 -330030552 -499364058 2105445483 1763607585 -1703842372 375681439 -1791129283 -1245852648 1849618682 843072669 -1012799031 -98188253 -286974429 -252037052 588260159 -2101663878 -1051623834 2146689620 683693797 2072256524 928191373 -73331581 -1846580493 13806546 1161208410 -1521163363 1783719092 81107315 -1502742695 2035019854 -2024293903 -1081973082 -451121639 -1681726848 978717318 1241781258 -1995540821 1442988477 -573565808 99220580 -1596356541 -1016267601 454231696 1569506883 -1196121265 189205323 1240066922 953459280 412441950 1540417394 1322336673 461831336 -1400744286 949723931 -2005239890 -473706744 1560260269 478288476 30095880 -1695836697 436151177 1129641677 1582564964 -907656864 1430486703 960601532 -1683876540 -352373634 1079106754 547938448 737116279 1303794568 1854622175 587314084 -429146494 -75297981 -933912046 1622708546 1150450427 565020636 -130718974 -1430888972 510295939 -330333547 -1972467220 1505352479 1031981527 -218037154 320997177 1926149438 -1238638846 -612330703 1962860023 -421227423 -283244679 2046664447 185572852 -818297027 -106644650 -763133660 -1403404770 -999541743 
-1905417495 1823487483 -920057868 -27922787 -1115050961 932399913 1115829909 -484462999 470535594 -1446968722 -1712460093 -1691417435 1222443668 2046108421 -100546831 -719420826 1788289057 1376542282 1869353397 -1890585048 -497916613 -1746475554 539281121 -1084092988 -1545538635 -1406578132 1444168456 1692243489 1895810373 -983395979 -285247564 466390534 -950964767 819285420 -1858449909 -379945850 800833271 -924367878 891441246 1361768463 -904517510 -139844387 -1903904023 -1415580707 -1907130387 381123755 1713180303 1280041929 -1857640945 1229815114 1203286557 -1109136789 -1556392045 -614332717 -847364189 -1890316729 -732270218 1615949150 -381532983 -1591472683 1114168838 1775777784 994020221 847907398 -302507838 -155306968 -1416355374 934584427 115399853 1638077134 1038493811 1880207222 -858795151 1996621900 -1188764019 669270585 1557052140 -824797370 892700627 -719570774 -1666802227 1317740974 2012848273 1688828665 -1003844161 -1166260092 1220767215 1054825585 -907544187 2026565470 -1690287672 990546955 -1326327466 -241133187 2115213483 729879650 1179897075 782122613 522048121 -1110145095 -614207547 -927611553 893423988 82005205 -288116021 2070572181 -1836802509 201522783 -198722184 -1287678712 13685859 -1457186111 1991280185 1612016196 419953484 1858648083 1526378705 -91866548 477762300 -939407045 230919967 2045732907 -2141824016 1955807474 -19726557 -723819863 1237966816 1327866631 1194959425 -1757551860 2016024593 -255900176 1455322744 1337014934 -2105122831 -694551129 1013804966 -203066015 1289754423 425237 -1257699534 -1062437229 -1493201069 1039147169 12130549 1498056032 -1451651369 -667567393 1258779369 1209610651 -1205440710 899408890 -247971653 -1219599548 -445043867 958610749 1828697133 -35574556 332420041 -199566344 -2006351304 804089664 -573790182 179540507 839467271 1024669284 515051298 -1900661078 -1188511678 1279472282 -1563615141 -1899002820 1320932559 1285410152 369832273 -1532123382 -1528926319 1303288928 -1891156134 924548946 1964298264 -730469958 522676450 1443152040 -2011128846 1643352935 -447417993 760488838 -51945166 546450597 -123985923 -2001742361 1821287368 678300378 483772114 -161890047 -2035098802 -816751262 180614807 -384359639 
1660149156 -914316010 -1189882804 605623976 -142783982 783709480 80600076 1529740102 -777187931 -1273202521 -1093166571 -1988640534 1563207008 -979845387 1830405483 577060146 -1805566648 867815658 -620291414 571189055 1718778908 -1450150143 -1993017415 1733192495 116086072 505753350 -924988492 -656135750 1759975189 1562377901 1078119268 675365370 1706104936 -637292736 1841834042 1211834033 -561635676 -778129693 1575164295 -1931398667 1655232685 1185856455 270584107 -1628074640 -1981002495 -823421227 342727207 2112209935 -347229292 -118491993 1791686535 -1521490846 907339155 1458034948 -1276026973 1895042667 -46821890 705001901 -515953816 239146131 1496314370 -287060582 -225599762 -210084001 -978330490 -301443364 -1011531398 -1296024354 1158430486 865787692 -1551051463 -209010292 -1902190141 -1989389104 1359963052 368936653 -66323584 -569862469 -216240459 1549955666 -427900942 -1615475540 -446920765 895580765 324469029 1168456001 325925702 -1081816546 -1912343041 346223605 1094217355 440179965 191234710 -499113587 -2035102238 159252702 -1234498943 230337496 1232821208 1371007936 -1727213842 -505024971 -2128414577 1507455954 -32487086 -1879820181 1476021414 1261782006 1733952743 2137841131 1261509533 134312100 -1981252006 -2084466110 1504717659 -231415711 -1069745691 1680972914 667643828 -1838076573 735494054 420978242 -228679054 2140755406 -365499480 -143190609 2052060678 1395139737 1432187254 -61491769 -1230291791 -1032030861 1462836020 1501026162 -2005220034 -828521680 1964507920 78573874 -1557712526 -118776773 1501955621 213451633 1832246803 1462356463 -1040470747 -815497564 -900158321 844380882 -1011568301 906629106 1533637589 1872092793 -477967183 1814199872 573140285 1752415692 -1108803265 492811440 -2130485158 -2128226737 -552970337 -1555600940 -1321318527 -2054767223 -1443328016 -745758687 1186545210 -94201118 1761303855 1835676272 862165590 -760711022 -1392919739 836179553 -43336731 -1059415381 820155001 980637493 -915174439 498293104 -703618922 -1815973998 -1947293595 -529780125 126974896 -695179231 -741772291 -1948346666 -168684968 1957475682 1415895626 -2123334437 -1685007327 -1502079080 1557443783 2106065012 -1370839289 -1506262191 756362267 -1903235065 
-501283913 1284862358 471959255 2116722473 1319931157 1064367436 1325820348 1046853485 1252099508 1347869044 -2094818717 -1381788040 1512075680 1906687055 -1328665568 1449031572 1146309309 1881179924 1368171155 2097702096 -366042610 549527793 -562315061 -860404690 -1082995997 1361147283 -939523731 2011146110 -589628490 1670612511 1735977244 -1701429328 323388620 -644369035 269287626 741887562 2073467003 -786889885 -51299658 203669121 -1975940505 1668642970 -1278839767 1757677543 1772048816 491871387 268796320 1063831415 -160011574 747723391 -2054002202 259226413 -1608300705 275045049 -248834965 1309656416 654167649 719539701 2017293113 -523593691 -1902129756 1722392812 1909912493 -1406608292 897446380 1814540223 963355173 22121033 -1921458594 -1914621810 -1115379689 -1074835700 2097692736 -1715731819 623850197 687203091 115117003 -225223578 -1120305545 1421980174 -1110666331 1797717429 145648804 1055637804 -1296483654 2098189373 -1900316960 -672553427 -71675460 -135132648 -103503897 -1766932555 1105752074 -1431960505 -2138591357 -12302506 904029355 -614460362 71970088 -2122154000 567316039 -1331575271 184957988 189697829 1481994176 306940620 833171717 -527748107 -222299795 1601868782 -760262008 -442771163 1615889260 1523940882 -267240179 1409712919 -1689689754 1210374003 -1736536090 1393348914 -307152888 1000699907 -1310810100 -1488681818 -428859955 -515411802 -638777010 -1313901395 66394226 -1201458263 2021905210 -2088781092 -351353613 -1484797520 1437588290 1320919075 -306019766 1383974530 -1613884444 -1814039096 -250945098 -1385463155 668856744 2128945641 -1201527651 424091647 845831995 -621872250 1507097421 1053707748 2003069103 -226778252 -719831918 -1133061100 -342849875 -615774218 1680953492 98568065 856551386 248054592 -680499063 579737431 868646312 1912977499 -1482255772 -1680568419 2088802400 -1222356331 1055747191 -1383408543 1518451742 1387298424 -1964883243 320343165 1360428674 1536992200 797964186 888145377 1842794249 -876405787 -136688578 877564264 1630868182 862159919 1075721743 -2142027834 683410161 1151272267 -1546461413 -1923413161 -625136883 -1961633898 832240211 1078573964 1197596698 -255935704 1391778081 1710727415 17576901 1387684300 
151218267 964205569 428578233 2032050402 2040293577 -1356458268 -884705373 1264962284 1948705143 1290539655 -1792446464 -1849673661 -1773240589 1600158130 1461909791 450136310 -175393925 1815480697 236328418 1795971466 -1592243239 -1681466022 -1535659238 -389937271 1443668897 -350287116 -2107722830 -578468691 -24475164 1528508562 684554161 -1561322160 -1886242653 1712896167 419204629 1982411494 1960798019 -1393648506 957799421 -1802003333 549724790 758265267 1784074518 1612219454 -1143742383 887437942 2121157187 1455460306 1652738170 -1023864790 2082800393 -217509536 -1486353287 37745163 -339128044 -281865838 1570457645 608315315 -1778358069 -1130278097 -1037891919 1473588908 -1971937152 1301772018 1721865572 -1938008332 -2112148683 -938565598 2018325080 1021763216 2060394937 1734614882 1773425064 -23275031 1531713483 -969895852 1734168250 2041949662 -989328577 -1543057799 988739254 -337609003 1011667 -39584463 1909996222 -1368707943 1830287446 -501520225 -1044199250 636389716 141198148 2022991735 -1936325956 -605390726 1863123607 -972031700 -246506781 -1330540378 -1299995764 -69641671 -1623263456 114454141 -2066411951 -439786498 -2122685893 -747148498 -1062455518 1095918470 -491165627 2088979690 200726084 95504309 574308698 -656692445 -1122053155 1910166790 1454342375 531434437 1149884449 1354837341 -1711511236 5077159 -1026153044 -1792933859 -884473061 1587811476 -2136864443 -529465506 -23634767 -1222134875 -196923299 645568940 433196042 -1741430504 1740505657 -1072021309 -1255934274 2001229087 -306136102 -1326859737 260762458 -674564171 96787258 -1040902494 -729851972 -1266112811 1276932896 193346057 2048732074 566093842 683246846 1958712522 -549832887 128334065 846007048 -1655723437 1124890331 -320326216 -2077613463 2133490845 344892661 -460547518 208622023 -1956596597 734464497 576362849 1899984191 706213373 -1443786257 1267384626 -1459304453 1747407542 1382029671 982996551 -2091387694 -177258462 869663121 1756822522 91525881 62212957 -850463303 124562049 1027813728 -1577223480 1572675739 874829052 -74335456 -2096671325 -685473199 1967277555 -477697253 718255440 -1985269915 246231098 1896254290 1867702208 -1374098712 -162701659 -1119917306 -115266862 
-1169967172 -1802146449 1969431703 1310031117 -1656072154 -1658590433 411286129 963297834 -1014891785 -1221188916 -586357383 266826762 1839477004 -901452578 -2035506404 -806739286 -1387645922 864800879 1104631796 -1335184936 378821672 918074312 -793801512 140131054 -980343455 -1383262756 2050244906 -635780990 -1425386150 -11520336 -520926793 1965026948 -654632110 -1222105948 -1219929143 -638028004 -1043579981 -1576647157 1563023899 1810581918 -1884738518 -1610920428 989538111 638092241 -2132396069 -1476060752 -1871980269 -336584116 -1093499035 847525912 345971601 -1804187030 413097371 -1066071212 -980200631 -1222434776 2056577373 -2060107104 -42874995 -1576441585 637851931 701795531 836618067 -1327262459 1043851162 -2030901670 1127946664 516655191 2072959922 1337426406 -764584528 2074589817 286136982 -817651441 -1373124064 917817016 356674205 -377614539 -2110876330 -1808907707 1527398796 -1667625649 554199474 1172934054 1125634957 1196419644 1726151224 1362444055 1092952412 713231248 570691939 -1630872963 1138552428 690246465 768314291 -2070533847 -412805264 1242506540 1747463660 -1966277728 1228308145 1812964839 -195585005 -1011287155 -1908883307 551388290 547479901 793494536 2114275199 -1354756194 -1295353161 -840676386 -482886994 130277325 768869248 -1779798940 -2094276603 -649207558 -2068017785 560921989 -1706856762 -1910006419 -1880948296 1625849030 -1614518367 -4445635 -1037298919 -1993276338 11129082 113979094 -1403015173 752869273 1540999616 920745276 -1787447789 -299193896 -1579042828 -1075756819 2069831358 550843739 -1804840211 1323708932 -458976496 -1428506740 -1023835928 -1907638488 1114014904 1882461803 1289435488 1842390226 -377615574 -446032637 1340714864 1826767200 -1245222183 -840010061 -339329533 -10636856 653349677 1290117645 -1305270251 1063533455 -129729168 -96259626 337465609 -1681380109 279030164 -762822871 -1160834237 -197465006 1030805246 -523448454 1718592179 -2012223026 -1155896101 -842265192 2146651835 -1386332603 -350366998 1516446001 -1109434846 -95734087 1909521857 1165078394 836343618 -1212708899 -1176073427 1299073631 -1468838671 -322579749 1572656224 134653275 480310771 -1293042047 -1372379678 1719844235 -1753940484 -16040168 -2080513702 -1343845568 
-1390288355 729524367 2100265367 1100148579 1692226123 -1932583522 -1602146962 -47617874 -919466498 734884605 1518342252 -320713193 1232897713 -1565862091 971714242 532782047 1601960253 775212759 -614353961 -1355993453 51136140 453317399 -708241895 532175177 623580015 -1267560541 -1592366106 918663804 -1202982579 -326748836 339727409 -1027977156 393473623 1504071449 -1026857926 -985370108 890253486 -1946520487 -1489765112 -462777803 410603994 1757371825 -543068333 -1850910835 41585067 723715447 -1160290389 160280448 -750262143 1360447018 -133743580 583246870 -299483070 -1997534786 -2109275326 -1225611473 -1500321047 -1084993430 -1801618021 1586046811 2113843329 1226046212 617060667 -1975659422 65029999 1519015088 -251586787 724314299 -1673565064 -1608633360 -1314298760 -559056056 528393117 -2007193834 479295289 -691919784 -405301713 -215045031 -1922671580 -382613383 2085697614 -1418314982 1266815481 -1048407783 -1810551184 813392296 -817216137 290888653 -2025502788 -1407759488 -117531461 -602724687 197498213 977488277 1158133392 -129778772 1450830742 -123557421 1749057325 1930613801 739261258 -1076181623 2076939407 847747258 657765788 968369702 2100778308 1500999525 -522795261 -2141582782 358415512 290869761 1836409133 606665273 969322452 1525390177 -213315028 1442344605 685044997 -854441425 -2096556017 -2084160002 914440701 1713179269 -1843441230 425979658 -1514918927 1720927717 1245866602 -957602902 -132571614 1645881454 1921531329 1869689882 261178000 260257007 1405728787 710112787 -511845687 595328655 1716217049 -1231153291 -709392212 -1237079237 -1400162003 -1094514737 2145231985 624635729 -83477047 -797834709 -1861435571 865371234 2129989520 -1346816758 -1303387760 -1375913448 -1934723216 -1447350838 214894385 1741206457 -2144897057 815908302 -1918182831 -1408049611 769503828 -1864387696 993436903 457499225 2044251808 644118234 -1662797236 -2139620987 1289662333 1749644636 -1965995516 -545246576 766969420 -164677946 775170863 352494488 809077304 574293994 718499031 -2094878054 1650976579 404868670 -710238527 1533284891 -1168191616 -806412398 -859980197 -617701168 -271276107 -1793930310 1247400700 -1522805654 -2076332058 -1874308247 1582005879 267826160 
1799013202 955126855 -1495162607 -1165060811 1153604686 1544868948 212716863 817688289 -1856216983 7732895 7613747 787888287 1000021525 1102589944 -1689482017 -901436213 -1375354936 -360338144 -1163566651 -1781625518 26358215 1915437263 1259636059 -412255375 469503178 1978265995 -994748446 -974247826 -1189029972 -148652869 -24630347 -291788335 -1528975426 1530491273 481056976 88052183 -508611724 -1272449491 -619041571 -1461653915 -332833903 -647403656 -1123381384 311664254 937258192 -334047996 1310966961 1605628680 -1699064258 1601623987 -855882137 -1691732204 -1453520308 -1683005385 -144427969 2038789757 -1347878150 1512798542 240927160 -1049506236 1238317382 590115612 -955782274 -1794840148 -1946786796 1666069427 -934509240 149548117 968704731 -723726990 1072561649 -1292812528 1683198599 -1973098829 175439698 1285463425 1573340740 -1140694946 -1042119222 -528341751 -677002524 -1133369693 1127840849 -455915521 613155279 1765160253 -1646426380 -774186172 471920172 919025297 1624623198 -2035377209 -1819333091 1287770786 612556695 -295530954 1630566752 291123962 1572940467 -507463962 792364538 -844040365 -2022328086 1391196186 -895796415 -1453017323 -1515399074 1426582429 -990457803 408010419 1913246533 -76523048 -1410645015 -363573695 954534191 -749845259 445338896 -876182574 -1569124977 -1299569697 -191790342 569782410 -991953698 1455923730 -378313457 874700281 686153944 -116255883 -447520281 1516709264 776270695 -987045597 -1298610919 -1255350082 1883315074 489367876 1341806224 -633287306 1034314855 -1317036706 -1833036768 1559185035 2048457799 1493218867 1322803874 1154137604 -990736141 48132941 -423163823 -565423538 -927633034 -1226990411 -1058039168 -376290151 193103550 -1115911077 -791102882 1366665197 -30637617 1381607176 1520484956 4335097 -607181154 1044996833 514332902 2038770675 -251033680 303825526 1466210388 -1416934420 -329142273 315149262 -713587549 -412292628 476322705 -445516347 939156902 -1817754637 -1605179299 2060216815 560801532 870101261 959734977 -7584569 245109811 1160982452 -66443261 15541871 -1260388303 278451636 1632800314 -872737791 218822888 -861486553 -1885482861 1259581843 1598890221 402983741 648222410 -1903590051 
1299749392 -1454477972 -1843218159 90368573 1195172711 120814707 -902024895 -1177413167 -2039081453 99058004 -312795356 503029774 -2035386004 -362709122 -510371149 -1392933746 -434464594 -1254553301 -233505008 291184790 -1761758514 2001096647 1625952249 1320517176 2027253105 -1396165219 1128168453 -409109706 290358977 791419340 -1488319490 1999636748 1391649616 -71438766 -1154839704 1694755430 -1327619048 -694162208 -1726544286 1625481247 -61803493 797111019 -701125941 -342428889 219964883 -1120661375 793845793 1570835264 -1678710771 -159682511 16566488 1108632208 -790252238 -1818976629 1983795533 -745418382 -1646423000 1791479153 -1041925490 -339359735 -712357240 603170433 -91327578 656427495 558479417 840410243 -1501557850 2083405753 758805777 322054416 -1184039641 -796836533 -1317722409 -1724465980 1805525699 1974508296 601927302 872554124 -1908475557 1055422584 480012072 -808590980 -834111942 1204436282 1620346180 1606817574 -1982117133 359502112 -522734111 -1458329427 1640362043 -1534576521 184944789 -1773054082 -345279640 -1828836553 -800060847 -1865109832 -823381058 1577606892 583898698 -67121545 1301979359 -41328556 -121802274 1009183383 644094536 915889678 59623912 -603070954 -2136405353 1458827563 729839743 -288261233 -15083485 -1087832645 1674903801 -73925454 -1923544032 841994845 1510335286 1497273995 81445520 869835360 1111663072 -1894077345 -1079778323 -1438534986 -914824566 -43912321 803316857 -221763859 322987361 622463817 -1133662159 439335098 596767359 856338863 -1255698515 1185101397 236034175 -521790011 -797506024 -1897854122 1392940348 -253300238 -1293311537 -1378304170 289939172 53325176 -892041660 1265608770 861839929 -784988401 166764974 -65062109 -1562704512 -1512751127 -915993405 2088142000 410793405 1466974637 -1611818165 201036306 -535178574 234675681 1872156382 -877355121 1284829898 -603469150 1033536203 -1848346484 1180404006 -800071047 1903750930 -1801770366 -1642557354 877079245 2143727320 -331313818 -688888480 801790296 1099420969 -713319712 -1030652656 -1728597669 -1540734261 106945069 1788696480 -1177380388 1999911054 424926278 1491458219 -1020032920 -1998767468 -112796440 -592591084 1357629305 -526932658 1253170373 
-616752255 271491337 -1725912482 -9636724 -154349631 170274074 -1815590890 -1036273368 1207151359 -225241144 1345001642 1394084253 608027569 2077259150 226764780 -66038774 1742603465 -1810574930 1571679120 1432659556 595263421 706187626 1283092017 -438868679 306783786 -46725108 -2110126981 166381263 678066031 -705179928 214816371 -782833484 -454756244 393578627 895734417 46212654 -1611851057 -866237258 1608296370 242508079 440897219 1205319082 787702386 1384516342 1432762336 977448335 1838943076 -1267750944 445279338 -90944213 1889336202 622480823 -1106749996 1001564220 -751331228 750119747 -1941580804 1348996989 -426455157 -1692376550 503417846 1042819559 -1094438143 -1833392499 1626204378 91539343 -998618105 1992171365 -1574059698 1822358817 1295836862 1207184505 -1884535754 -1874006359 885430232 332702502 -191323179 1768277077 651296504 -2045298224 -1514747630 -644591411 -577524821 -1717845411 298974906 688116403 793100762 1424339494 241318601 6080919 -333878603 453789591 773269508 -1620675907 1861056307 1316537598 1023029749 1197909374 -1194182549 2028743503 1148391310 269295045 -177717753 -559214555 -1371039695 1894059869 -70101016 1524185284 -2087469822 -1517383748 -1878204827 -1721618899 -1567463811 1677377036 -797967337 2017603279 -934761332 357494028 804667088 -458745787 692163190 1742850967 -528223586 -522044113 334382460 1479289685 -1407393281 -1390943287 1707712148 -1254059903 1620834334 1361664024 -1696057438 792655240 1464769355 560193639 -1279075809 1235217342 -624887626 -1668859402 -1616255319 398356615 -1561404183 1401131185 1919496907 1860027774 205976036 -849162363 126219916 -1643270339 -1123844591 9815313 -980969141 -1459175360 1591209294 1425364691 821514253 -1037503603 -521340776 -63725466 -216193925 887213714 -1206464016 842564588 2023859655 824036925 1863827436 1359099523 864003510 1629709970 -1119038212 -942282240 1949128199 -317216707 -428108261 1737270353 2147255499 -133066458 -364286595 2070322660 1306747954 -1319192158 1666088656 -1426300630 -708910608 233625875 -960787996 -18092028 -247568138 1001658 182018203 1958422271 343117427 642694654 999977306 1075540456 -152350376 1829551465 -1308715682 -1658411112 
-1315658234 1235192642 -668318175 -892497981 -830294539 1863114221 -42698321 -1661950891 640775789 116223188 1540568223 1108520893 -1270938132 53786937 712111900 -1995709763 -79669310 239037096 216848769 -583615723 2116238359 -1239017784 838373884 -279062602 -707412749 1265576733 799125483 -1169860557 -2012315681 1806848953 -10894784 -2025274313 1416270818 1679712567 -1292986171 -1670065684 -1612227695 1340604796 2006443286 115385236 -1394076388 -737440871 -1694407859 1445333828 1705679780 -912264795 -1215061659 2017609191 -1549234300 1254937948 -926993418 -1576254505 -140513022 -1290371539 -1482353525 1300295534 1238917300 -191258983 -1940650866 718123182 717701400 1597231373 761721917 952337183 2030435052 138098890 -1986676299 -970078263 -747907244 1025897375 739429703 10515500 2096878879 1352825843 -1784556921 41401002 1786772003 1103770798 799593763 1611526937 173191972 -2054786324 -1386857537 -1613506260 -805909062 -341895847 -1706054847 1406696554 1287424501 -1781310818 1880213056 1360894974 -437129706 -352881273 -679719905 -1305619244 470149362 794814042 651032761 -2090809033 1890532199 -2142754042 -1663087134 -511852439 -1613294499 1104659333 461151158 -1921828430 -1257861055 -1444112689 246717931 1437230678 429044091 1087050557 -733186365 -1344270551 -1127487797 1149668972 -731766464 -1777342143 -257895965 -526237009 538158835 961188287 -625807782 -1164731895 -540679862 -612659983 -1081239004 -395419746 -1639607785 172680232 -303030768 -1887162583 1972542697 -1123203561 -401627789 -637144871 1503740832 317498459 468208864 -309308304 -1292145067 720346321 1533435004 1656452611 -1041065553 -1823096749 -1102243119 2128635795 -1261110247 839222082 1932994390 529232767 -1899622764 -621557330 -440935682 -783266810 -232683805 -1661683259 -623352043 738222415 -1854348219 -1765917624 -1265087719 -756807457 -1170606412 -1226103105 1399782918 -340279377 -99520125 1424406417 -1326725400 -1500829832 -131090217 1470359552 1286570262 -1727199965 1822343574 1933736280 -1828791036 -2121709855 -1578510067 1405113757 1742767006 -231283800 -709315475 -2122705679 1729369764 -500776309 -1572493261 1181612992 653217879 -1499619387 -284482602 1675514571 1529467077 -460784284 -1082451384 -2040582423 
1727821300 73042893 168002908 -1363839207 -909195767 -1778343496 -1454454897 -492532383 783207269 -1456950486 1239464920 -1249503635 1318199356 -1132528389 1306696198 1263201372 7684359 -47057855 165158036 -375099066 76062279 -1213823567 1066659871 1067048894 -1640102177 -936554325 2116228373 839285330 -640852299 1858486022 1503148947 68532860 -1344227044 -455309442 -1681450816 1956914119 -1525518276 2074894548 2055822241 -1748992053 1734413828 1334769099 -522097779 38526954 -535739342 1329150076 168759553 -1200874001 847064567 -504181302 497105408 -568436769 -1678177190 22353566 -538203626 146663608 -1300572738 -1994364521 -142679614 832731162 1111104897 -326528039 1561261051 -79381597 850028507 368721924 197067863 619626830 129300146 -1106899089 1959724640 -160858266 -71858313 -1166716344 -1523654559 592515184 -1170077012 1071051739 -773296967 588189089 1079947241 -878685450 195159269 1278895954 -1903183011 -690361891 -1843693271 -1888756329 28077907 1152784242 -988788844 -812685235 -64046258 -178740410 475252973 -1826755500 -547650337 1703786101 -490971921 -364254536 -824121397 -1424116590 596492802 -903530029 -922299828 1611026652 498561805 1043501672 1190396888 1249553179 1529120853 1190416148 653400791 -215325637 -1062144392 -639548901 -323897984 -645248752 -2076148421 2146530177 2004759202 -1057241703 -177830524 -402414004 -2136239657 -890991264 1516499477 -312673815 1708469757 -1874828120 98855623 -19035421 369662124 764652389 -1966584447 -763899258 1824968856 -1411164711 -1237108416 111565311 -292111734 -1925619544 -2136079065 2086274431 1087184550 473835769 -2112707981 414025933 -650824451 -701169034 1246409279 1389390233 1580875619 -136657412 197768112 -758221802 1339384323 459903280 -1009741274 382597500 -1885688634 1538444355 444924034 -640045882 -2031066257 -1317865984 -1691537158 1579382019 -1623308634 861016720 1628559596 -1859690397 893908245 1846500802 -238345947 1898081107 1394858996 640797214 -1430928166 281447490 -554365538 1608845323 -9718352 286977862 66275227 -1099943948 568823161 -1821621927 -1424232025 -1584211264 1498504617 -947049255 1887011650 1719613932 736105676 338846951 1358875533 -938456159 -980182948 1667883792 
1755903712 -1292708750 1593550932 -801013608 1479256668 310982920 774992412 -1493719415 1424660768 1010302564 -1427044274 -659333809 177422089 611491626 -623044109 1419539148 1793917585 -612859077 340129152 -1702981927 -1574453422 2120949345 -2023253024 1418848359 1910652400 1202412030 -210279016 -1852808715 512673039 1415177333 -1211127894 1298122477 -564750167 -1139271427 -362883133 750812192 -171840882 -1415106345 297101334 913597930 709576899 -236252162 -534414337 2109067308 590600631 -1688092786 1100754547 1372201430 1000079543 -772691959 658316892 -793228635 -322699499 -1823651777 234661117 -1435531928 945385863 -1593139528 1803997157 952913057 642961526 -1019545041 178965727 1647203335 372705800 -1303024899 -421243737 1837292211 -268102504 -1913753314 1691950258 1852556229 -1064796223 -94875825 -595849586 1910809795 -1742281719 -760181545 1942453121 -1904758954 -1520176351 256548336 539580479 -705851775 -1543225967 2036445550 708513478 1459893798 1538826499 -699232663 -471736474 2124930950 2116035603 665993821 -137747127 -1998155578 212724178 1858369548 596969329 -650221432 1469582251 245025208 1030545390 2067549319 1991061985 -513195983 983698067 -150118523 1645777987 -909491422 1721970165 -1058429330 1554332000 1316081143 -663504790 824799723 -1610650641 -620971034 1546961663 -635857977 1801219038 1606742259 1933858194 283423480 -1655777991 857647274 892275470 -437516304 -262534249 -587051144 -908370022 -2115395181 -631022074 -206884659 445273851 345906122 -812983298 1814437152 -1679336004 -1123996041 -1769390257 -541932235 190391489 -699344390 -439924732 483299353 -1955645525 1558830096 118297246 -1690162335 -1324890297 902018517 -1929309497 -75785105 1970256820 -1380710673 -1801106262 -96680471 -434824271 321397729 -1588918897 -909905810 -1971729156 -331456237 -1189217309 199403951 -1339489693 -822130217 -35302199 -1125086490 -272234815 -1125992569 -226872964 -370707715 -1837503944 -182692096 821943462 1957303716 29178904 -372181223 1427861056 281438035 -693804936 675598462 -1731183303 547415432 1049777355 1037370787 -1920523089 103757523 -1087770767 446715812 -1710574407 573641187 1102085182 -221589953 1562377609 554116542 1655352609 -445126440 
1253461675 -225115717 -1962278928 745678916 1550810533 -2020588791 221307974 -632785992 143312773 -1237979415 -461429845 1994170288 -1181090478 1126335074 -2118028775 1082438325 133308141 -1066441053 1209347354 -1834866426 -828408128 -892698537 622572089 -1813918232 -740617067 -1245939456 1103957705 -273034627 -480201605 1280405200 -1639220410 1696475579 -1155140338 -1796565146 -648742942 247853797 -1016714474 1861035815 -509758983 1952602337 468158047 -1316799878 -227926616 -1324135043 1047277351 50599233 -1084049063 32537504 2132261001 -222057855 -1819624624 -2075026258 -1337739450 1024669658 1535812077 376207219 -1811624988 -892035149 -1372914343 -1768766078 1024611219 832031071 660765663 -624864129 -169133830 -1781463695 -491761084 -88498287 -1033404377 1164458586 200848238 -1233431145 -1900694219 -912450897 1471653119 376224180 -146255342 202715554 622902001 956205712 -67226776 857220618 970648417 -557717728 -1728285729 441507504 -303179151 -2039339243 -844762926 157803825 -86047834 1250262581 2062223215 2020161263 1127986096 579374087 -1390613537 1595043745 1997961802 1749890528 1190398080 1668985564 -634891856 -314260675 160781239 268260291 782650833 1567387229 679505756 -1409356471 844390559 1150066811 -1054874733 383682726 -1212869237 -1134753831 158700146 2134037863 1138408125 -258715510 1301225291 -1092531677 -1955027493 1195199026 921003596 -1429414990 -1555516243 467619924 -1814447385 1597566350 521907341 -331516679 -1499328071 1700487800 -126270967 -766995493 1391344998 -408295981 -1494161729 -720472190 -2067206298 -1532307085 -1466696095 999836652 269195498 1739248244 -375264842 944651643 199944732 1639030844 -121850064 391602215 -793086359 -1541264824 978371252 -722152361 713270392 558819216 2140780372 1379073195 -1031923699 -448636879 -1258894605 -14644314 1248232926 -1009055766 -1025219404 -1465458754 216106786 2038176367 -1467098481 -1167798837 562147299 -1452788194 1721104304 1477165876 -1674671543 -248674253 -362377140 121793220 1723143184 1827842692 1998129718 -111505019 889504715 1893738905 108390550 -650322410 1227773441 583798223 -561169544 966505652 724754635 1520444899 1312121346 -1416411834 -1713342539 -1283011055 205670582 -433143098 
679194513 1497895406 -218958061 1588615464 955028795 37190879 1571868199 69274870 -662091218 -1042076848 -645165939 639968420 1920685323 388490280 -1202621069 37170365 686665069 993802002 2115759936 697425071 1055292335 -98276408 -1682511702 -1732609803 532790691 367202411 1595837003 1264712955 -484154840 790242650 -2076003304 -1598999612 190829396 -597180437 -785327024 940060894 2033775565 -352418715 1322512558 -917177177 -1904728976 553460068 -1360900139 -488896176 147633764 1083130196 2132770535 1356142263 1516793586 847623861 -1934758795 1517171180 578720367 -868290672 159993168 -974568278 -150167028 -631466837 -151496586 -1774099282 1965003062 -235303997 -1303568830 -1739828066 1537929108 1709811213 -290488695 -972808454 -1771924144 -225930016 -217248828 1490770017 818983728 -1425169446 -517083585 -1536068253 20846313 -1749541315 -1458041965 1538710323 -471926767 -496922133 -358166712 -1104437997 1784363400 -858491993 -1036409914 -532661446 1504810289 250821401 401880962 1213752959 -1902818519 182298212 304687615 231130881 -1370161645 -939451207 295851550 1483643784 1402442741 1247164653 1974387310 882328147 2008775046 1784889051 142322234 1307207346 1582340178 828257291 -332714723 -432741694 -1376079383 -1379014625 -1592299434 -666713435 462104154 -765134485 -826377900 477737143 -881919831 521892548 683825411 1660265463 -502645001 1473268022 -595751690 1028949519 -645082674 2066473410 -2010957839 435069053 -712994437 1345333782 1993585778 -1603836376 -193848128 818525670 250489162 1200037045 665456071 1397499759 -1328667565 -1165294025 386992814 1629748613 2001537413 140877916 -280701336 -290266982 453605674 -658918515 -2000770193 771938569 455536043 2141762944 272983478 -784325833 -217506039 -1867914318 -843034835 -1863156197 2018877318 -633574215 -1671412099 311770514 -1166317584 -637820158 1745659517 -219029824 947656280 7014516 -1181026443 -829832973 -426789420 -172627039 -668196780 -1668291734 670675792 -1686724994 -1865865455 2036333371 1156412551 -1965443723 1518001623 -1995199220 -504568934 -291610065 -16484512 -1052832429 841180235 -1319214801 -1191968961 -979454808 1845555156 809316638 -247587282 -1921129688 777199223 1916625278 
-2070539095 501866942 64650132 -1159283812 -1172649804 703293860 -532965291 -1744120075 1286917298 -528803256 1995422306 -924865745 -400335408 -1298997313 1156870183 -2071211761 1783446015 1954099488 1431712355 -1998430526 33760211 -516810641 525912863 -372264690 -1244303043 1068757307 -864262254 -1071837682 -190696927 -645531114 561832308 -1698663349 -746224443 1107167198 -924856524 -1677855934 949330097 1592395893 -211582439 -60726772 -131444841 1718795375 -212554415 -108172408 -109889572 2142602247 -1187452526 -1031685106 -1131785016 -946817511 1824122135 849280439 1821520152 -189466671 -1257572452 1863008521 -1432724332 44093047 1213982696 144397858 533555758 273497747 772852515 -751503456 713204774 -1777988229 -978482571 -1025992503 -1845938107 1953450403 642775358 -1663526834 444951663 262817559 1659043998 -1850921815 130325971 376346746 -1226351824 1428607168 938400531 1973354301 -1167335165 -407415535 -2016884936 1186851290 574465200 -1917915324 -1023312474 -1120417568 700128863 315480677 1549997976 1593157538 -208344387 -1212954194 -416564102 -832181858 -1553751292 -1771540252 617822665 -320509136 -2103355387 -689114992 -524699512 -683267579 372860350 -615898738 1649366538 586976255 1330469274 1383025710 489437892 -72153300 -1097293282 -514165518 -1547339488 852692452 1559026356 1260653565 1533778198 494866153 555315089 -794800300 -630437694 337602672 -1485595025 -1838253213 -1905968985 -1411225233 -1311758963 1084787311 -252701352 1497715776 309874688 773623764 -1609127646 324435948 -1264496862 908467925 1324987233 -1068896237 -655202551 -1208661064 -465174440 1166955970 -1634027970 -1886701644 -1228603889 1965122666 -925251217 -594724707 1169850281 -2134821602 -905396390 1876465142 -1954512287 -1327735536 40765950 -388040589 79129486 1562496817 -1354275561 518041479 493973505 -555180885 2052333127 -1132776509 -799167104 -368428785 -174704773 549539149 -1652534521 -1263162544 32658461 -375146803 -790673203 -765978674 1656917452 566572284 -1938106563 -444429321 1350285944 168109657 653705693 -1924747964 415743483 -150100696 1648266972 -1997238310 747902902 534873841 1543889523 1722453296 -1022245786 -820036448 1799191191 519968598 828903523 -1593274676 
-340305171 -1370666069 -1832147327 -1489924321 2022341608 -2069993213 1464909792 886043685 1449682719 1434520351 -407560974 460275601 1190093466 1791993271 -1622252756 108693548 -2128450452 -756985183 1959348223 2041964102 -413013992 396619908 -1200949192 -1944070473 -2739848 2024515729 2011899924 -417204670 1206632570 -1271331571 -1827538160 1645865474 761202771 -2084063281 -1868387603 -287125377 1779244485 1741948064 -1538820295 1213519621 -1492532851 1951410644 195510970 -546270555 526447969 186479282 -1363340593 2137968472 -457027289 -1755230575 -1241860418 -1715619869 -1699822468 676710714 2112712358 1456707601 -1584287177 -693662578 -1096759100 439550796 1925912471 675318177 -1237258170 1558450723 1960166293 1197289378 1215058437 962523331 1078944494 1681072985 -498769091 -294239527 -1089215892 -998554132 -1214906339 -347995547 -2042733035 660613781 1408248713 564060930 1373561284 63443256 1156569716 -90650667 -1491787697 659182986 -521682945 317497904 -549678715 1529110580 -1848564935 158950591 1119748909 1822961303 2094861108 16112988 -1566733648 1586942200 1734026593 -479647769 978558735 627568549 -1821410785 766031576 -968980275 -1584601882 979166237 -1002430609 -905897185 66504680 1959825194 -638530088 -1893680528 -955853610 2007507259 800951138 -663156386 -1297721325 1252414636 -362256589 1249995482 261345128 148958814 -1986532638 -1699851646 -1637423111 1478831929 -673185185 -220088836 478924026 -1704667941 1749355002 -524719021 1413149420 -659872036 1726511592 742813711 -971582371 394739082 -804425394 618044081 -865258592 691251962 -1434449352 -128977890 228442297 -15007788 -1282509004 -1321388642 -996361769 -306295720 659587042 -1480343242 -579485481 290589627 1545251231 -1078150437 -67498496 1229779920 -1496607524 -106822602 -10930263 669607986 1705015012 147328587 355781689 2105594085 -148900645 1286820582 -2038511097 7370879 -1446222682 -1029121474 -1853198106 436294298 2083795298 207593963 -837738886 572533254 1373615044 -1670753960 -1965931756 -1312711058 -451726099 -2097968926 150425492 -713015020 -1644135206 1268775616 -880286783 -503897049 -209851638 -1017529086 -1834491825 -1179259225 -215818972 732805187 1969431916 631571280 -316628502 
-678376593 -722920708 62971169 1270449637 1559161614 -1510937355 -1172870354 -1730112374 1148068331 748438818 1330000757 -704900023 356530087 836646769 1754782708 1046148017 -799460474 -1669990395 1085037586 -1732307969 79582335 1387027679 344961365 1807111967 -564200675 -177363873 -38946877 280759198 -1315603444 1707959390 -927798557 -492568591 1977410046 279310295 -753211748 1613815030 -37044948 223916944 471525314 755874667 842895839 -707561783 929326987 1932953576 759088162 2015418402 -2133428859 -1210546890 -1983513599 -13917046 -1746629836 231482806 -1234433194 -442328149 -779837800 266756169 -1661619734 1736018892 -424579728 31882341 1700853021 946332784 -1320638473 -481765299 1549629476 807935052 2001219078 269918670 -599231420 2007238914 1184686841 -1464622627 -1834939694 -1267079703 -1546591973 -1017111994 -233172094 -176102206 -1867920877 -679840878 1620608061 -1946457887 1420276232 -1556875919 1991956036 879072893 602199004 -1595983750 -599481215 504232705 -1940785878 -404628306 1083014504 1511790543 -1933781165 -376347981 1071960273 -89465295 1944713048 -1624652540 -665944084 1057637697 1150418876 1850402574 965577321 -1710337499 73246349 -588735461 852884692 1505511036 -1736464373 11424358 -1412819107 1008579546 -1741613766 -495456480 -933580076 921228418 594643238 -250390770 -1364565987 -1005767643 -585680849 -588095504 -1782496247 1455702317 1158480534 -6499057 1276762979 -594152042 315579341 -1993619277 -277532370 -1818367992 959286625 421875543 -1304588590 1794894999 1165373430 1031580624 -160166469 -1991664518 -1781976424 -129689593 396245328 282323816 -265129781 722848052 1030534406 -341288481 -1638184885 1558570244 1625784599 1046204014 912469543 1845453417 1683600242 2087847085 1280427911 856626476 130609024 529211964 -21595719 -1826046960 1802053593 530651960 647164614 -100876211 1493810188 -1194155350 -1509191147 917116933 -1432963021 500117926 842666586 394595125 548719034 889453766 -705116027 2050470733 858654951 830487192 589521161 1649172590 -864866598 -296349924 -1161722158 -1952706156 2092114766 2030529064 -669537494 997970039 -805679055 -511408364 2006468944 840833254 1574426128 1887845082 -586512462 -600795465 
1639940790 -761816565 -1858887788 727976917 626932512 -931566185 677980162 -17831253 152159781 314860023 -1776721253 -999009465 -954763766 -651654318 -121966586 -238162439 1010418374 2031982705 -1938482725 -216307515 -385013271 -1397269984 163079387 -1000631643 -186559464 -634256913 -2077675380 1733387918 1320804300 348966451 1100900008 1311212527 196518910 -1830713896 -714964923 -591034587 -1336855840 -2964773 -730271675 -450752957 -1509905038 1778637669 -1149501335 948368758 1246111381 -619954956 1463159286 -273063120 1633245973 -1642557504 387126499 -1070395095 -484833520 994296055 -1843594919 -243584305 -437970839 1016377394 -218219096 1519576029 992340943 -718420715 1238416342 -751363017 -168859203 -1906846009 625176167 1686197729 1586023818 1502931033 2130939760 -1142765016 -168020206 1025874444 -318816301 1332479018 67740063 1793984791 432053527 -965499764 -2125311985 -1949144606 -317258610 367021117 1480039590 1686445516 -680854477 1976931720 77917759 1152293023 67335675 612034384 -1800190148 -121338238 -601538315 1435107609 1067720698 -2030243703 -121877540 1415448980 1171033542 178507931 1263938756 -2070337915 -773365529 1736093866 1147908702 642176179 1550651653 586036689 1763491037 -1786884609 -965633943 -1776969797 1080805624 -438036209 611102604 -717896374 183463172 -577213153 1941504729 -36521534 972679204 -940762847 2052547220 -1424963802 -1231241193 -900028577 1038323864 -1961363932 752989499 -64003744 -1575358120 -1389799479 1290865198 674383986 454262711 1521097763 1559208367 -1943363200 -763774558 -681816683 1060516490 407577386 1816942423 956527748 -1286629992 -11588191 -1315906252 731741884 -1482647178 -1368427293 481512586 -712106091 2115782284 -1166725707 1927755009 -1622308859 -849311428 -2082601657 2008483758 -159456881 -894226797 -2070656496 2001758593 666263446 -1347294464 -1997218535 1820156577 -1646646666 -1296887751 -404099052 2068976398 -679161850 -223702206 1757140783 -1457027248 -1365691718 -763545141 -94488250 -170963981 -792886153 -840540252 -507010198 -1712233317 1386834118 -2107163666 -1976386505 -1786446554 264492078 1448392413 -902048114 -1488971214 1898210100 1533095366 876334995 2125533929 1241594522 -1170133954 -1093609703 
-201947874 -2120797653 -316534572 -2016650792 -1019083042 860936375 -130855335 1827524504 757321047 -1488362223 -1025389864 -651176077 -1635318145 313821325 736705146 1123625866 -167765074 1623513805 2068125588 -1572126270 174775740 1365659464 -354067493 150980443 654847679 -1517063956 170277332 1791328447 17762271 -1024919165 1871596087 1936236015 -1429616015 1661381993 -829820355 -1716422824 2072204221 1940579236 1897503387 -125505174 214383235 618613477 -690444343 873504079 1148413145 1742510233 -1109297946 -1358429168 1263435084 287029615 16042404 -198223148 713159544 970568912 -1151309557 990700612 87042287 -323024075 -1614796722 1990504113 2013122256 2000621628 -1509552876 879912086 -2100478693 -425259021 1268816240 1289176252 1057280625 942404367 -1393493030 1871369051 -549464620 -1840446108 -345347179 -753869639 40098329 -243682382 621218131 28886280 1906105307 1447908193 -1638406427 -1979297205 1276397283 888573656 1320587199 -919742985 200880461 877861485 -2079058953 1680827037 -1977237909 2078761029 1647978041 1943151001 -113384724 1001910527 96157600 -428416079 1400840401 798994523 1304106819 -1969643978 951572789 -107042419 1325319287 -871138827 -1274298249 77146666 1029859728 -1730411913 -1727279290 133004962 -820898750 693450597 723662811 -1175590158 927621157 1877199888 -859076586 486550148 970909662 2122467902 -688844521 724063246 585954884 -242303501 -1280980718 -767084410 1596837940 1442207936 1312118371 1106977345 -9083177 1548879369 834800149 -1347694166 725686643 2099307573 567833881 -1001231374 1179900334 -1152638218 1946972754 1495645512 1353091289 1413948257 -1132716776 410365279 -232954025 924247236 -848598598 -1148340957 1623182981 1845058741 -2138845604 1649121497 368750670 1066102643 320636311 1305366172 579063225 1361218621 2065081633 618407701 1945907729 -750455373 -134837574 -492873299 1178376417 -1585192554 -1192991149 -742299863 -1398865582 -1680038514 -170371458 -272750061 -210935507 -1357362440 1337991103 -684183618 1713164758 1171211693 -1797279804 273418237 -196776212 -1139304913 1982949330 -1152252402 -308749849 386194544 2075569394 -1286599213 -218785418 -759800997 -147882295 -1722377652 1885492535 1968553124 
1077419348 -477731881 -929132185 1256838046 1108538753 -1477400301 -1648268115 -1607952377 1777336469 -929096074 921905196 2127620911 1323396774 -210577583 1823012646 274593160 -1120064165 1246931070 972947591 -95207263 1852818290 -2000588058 82639206 666689059 312852536 1003416034 -1711366590 347753140 1865184142 -1171829128 1890217765 2099407266 2145423356 1550552896 1783693770 1859333795 -181205628 -1104876822 -2093715086 530524829 -509729027 -2131811586 894531394 503973474 -2106612486 -238602313 788318105 1934771441 2136203144 841516175 -463618419 -1477294226 -343716748 -637397993 1033091902 -528740500 -1447456060 1171347941 1758334720 -1381084514 2118011633 1238036016 559988122 -328894176 2029698726 -1090735707 728396778 1296192820 -153474931 163385640 -1405882475 2105277722 -363766182 -1922624920 514539351 -1035741492 1670264673 868364112 -88556418 -922993165 1996978552 -1471723598 -765183725 491813746 205086261 -254649743 -1986534743 1453733620 2028001707 -522195831 1490288802 -736993198 -306999667 1812163560 88055640 1457705272 -1796729597 1941683561 690916982 337060011 -50843978 1045993423 660412992 1665221604 -35981228 772700626 -454877422 2097865066 1015596751 -1068850145 1607315073 656454737 126330086 -1487301682 996158838 447760904 29696275 88037429 -1360688084 -864845902 -1170647044 1941754000 2116897138 1085570587 -1437354975 1290538887 -628228655 -1536526951 6239398 -1579955609 898268898 541985389 -695708633 -1281551546 1171716568 1533138510 -573474281 -1805361765 -416778194 -277754253 -1093681264 -945338255 955653489 1723033732 -1850661996 1291799379 -7973948 458170326 -626251890 1627082833 -1305474688 -1558902944 459235265 1352101764 2005029991 -1227095394 -1949779823 771726562 1449941697 1368620233 1552382516 1697490127 2061712000 -2093654459 -908809134 -2067926720 282198389 -22570209 1396729143 -397594383 646788857 264450009 -1387195771 -1573875157 -638575917 -263140150 386988964 2087723616 -747466756 -242518209 167196752 466207576 -1086591605 1277771208 -1061244633 1962817569 1748245957 -420029128 -1293672230 -603377199 1730440317 -1842489312 -374794851 583842849 796158393 -1669287017 -682228672 -1024220334 -1348496846 1299811267 
1452848218 -225559336 -1995689905 -82781204 -1601162456 1418931068 1646080617 213534881 -1343698242 1027476415 1146148481 944110333 -1522880079 596183207 1036637980 1614383393 -1623472670 1428463315 1668734918 -1011865615 -160113162 566188652 -851357136 1423724930 2041181977 620107917 89502632 1121551243 -719445374 -2142685620 -236488030 1371192259 952434314 1237157212 452754897 -1267933161 1970262510 29251385 527748526 -84957498 -74226104 -1515846135 2024770327 -1605828652 -1278657710 -294811174 1028734893 538379431 -1097587168 931446953 -315026967 605373015 -1025605204 1206662078 1467899118 -1092910689 -768702505 717562006 1755323924 -960428626 -1330301555 1875706427 215006048 -2095000519 -1070635576 300110616 1891889419 -2077541065 -738451160 -626789400 18251231 -949353664 -764731527 1611897372 -2127556636 -211622799 -1729066379 1128400857 -1021889308 -516092758 1418297673 47069002 1231759912 -1966750099 572152593 -2091039893 -1873121526 -1348802688 1179198832 -899591310 -2144634367 -1348053098 -58374335 -887898756 -1848205207 174692881 82214398 1427175468 1397280854 984348397 735154643 1461124390 -1889622969 1207909408 -233884817 1121363556 1988708717 -1699110444 -92822181 524702139 900009957 1032386840 -1175993378 -1831038438 -972447152 543016350 -895837897 1157169701 -1730289869 177547317 -2101093142 1112384430 1047977747 -19427967 1587867361 1190157511 -1134766156 -932906552 -740330514 -461852136 44426263 -968772223 -635482286 -186110259 1061255293 121941386 -1424833184 -462269592 -834899343 -2558324 -1323167451 151277038 -2017725233 543077274 -1538552789 1003639756 -1652295788 1757302721 498315635 686458892 -1537538987 -869571958 1275148610 652431701 483034069 1360351003 -981485347 230919133 52640718 -842006697 592755288 -1507747011 1692204172 -108641130 498702933 2027438598 -757839184 -1875865374 -1774620916 -984230502 1246633886 664974789 -355357564 483691791 -1498379727 1517006587 1527023733 -1751110707 391249542 -1583082490 -821358025 490429154 592999802 1775454805 -1370331734 -214593266 -1047017868 1730567976 689415489 1752167354 -1914602719 222343330 32883012 1909857325 -751766749 464193887 -890566145 498229103 -1326656251 321357550 
-395565964 -1335655644 2070359964 -164897146 61660603 801216313 -1368307990 1930844111 -1104101465 -896997626 1826745741 1097495485 -2052839277 931741239 74824331 1729425457 1101822374 1255439310 1251353858 1070065667 -258597319 1209376898 552851204 -794367731 -1907081583 1211064190 -229009527 -1113341018 -837007629 80705433 1851548004 -1843841044 -159152092 104444576 1915264905 2038510503 -179772312 -638206434 -714752791 1165958951 -234891010 -516648451 2029260735 -411072265 -2116914294 -1108519576 400189950 196455458 -573162312 1475718936 -1111722153 -1908634769 -905245107 1287621214 -1799553749 1141688502 1011612831 1932218108 628704760 -1167028431 -1826546403 -443428104 1186642102 -1325944241 -855653955 -447182700 1437352508 -1645163685 -183346461 1102572897 -233174043 -1181842637 711120240 -1090615847 -2001418243 1698333051 169888364 1388856665 1138527940 526058395 1880528024 1303535386 -1146734810 250576574 -1630227842 535722444 -533222743 128963295 -427864228 1876567265 -1822973052 -2039528791 -537872832 890577571 1477382455 -612846719 -1632483217 -112099608 955121467 67700531 1063199703 349634726 -818193819 -364308356 1088086378 -1106332202 1317701508 -1249169021 1641836440 -33620809 1525465570 779226049 1709033124 2117852866 -2055111729 1886825 1694820109 1820434220 1209941802 -607469082 554482028 -1453097880 1208625409 547380068 -68802958 -8077214 1411924682 -2096386130 -30895943 -1712805877 1564735579 1506287369 750724039 -619125676 -247849280 1754786380 1990114450 -598778497 1281026964 623694325 -1933352359 -329322020 144029328 -261723335 -690473929 -1618915742 -1678896539 -944554017 -906313295 -179437452 2120920996 -742269027 1895394920 8210860 -1516663392 -1087834971 658505668 716985918 -1647652128 77630779 170884367 -473688752 -1622718105 410530529 2085288551 1771764050 -1836093095 -1591187908 -74429648 -1421423284 -1361422984 1104854966 1597209442 1848800665 889361907 -1312658352 -761934905 -1240875110 -806087121 -1403329963 -1309054193 -709537217 -846133373 23199664 1107398555 -342826072 1279160633 -2008315011 1119012932 1964773106 -1344048949 879022058 -234660454 -1572306116 -708065002 -125548185 1785881694 358587267 -1353455689 1093076155 
827099995 1351519007 -182475188 1647021080 -1384826736 899056334 2072544398 1081927553 -1892990918 1094506211 -867147201 530075981 -429920874 520276017 659852797 -1348625976 -1698555958 -2027654827 -1393783910 1837676335 -1371649839 60018868 277313536 1132026937 1062377073 -2057055102 1548996085 -1511971416 1960142763 -661479 -108493347 -1221398235 182085342 527777368 -2022317853 1958500307 459093769 -393138472 1559990575 -1608248165 -787528556 -698424830 -961889891 -1509048709 -669429259 2108643050 -1964817009 -984862940 1909974736 -1257621713 -80499028 127529969 -1113061931 -267630880 683527325 -1406668263 2088103691 -1951944443 1513008492 723870501 -875353996 -2023131617 -1627091705 1443046994 -358856407 2065746441 1310131747 -1564467612 2005331099 -965895891 2136222237 -1822360839 742323315 926103907 -1464285547 -1803793404 1853112788 -1579028195 -1008720203 -1018961498 -1392018758 120567664 1511232417 397043027 984299777 -708537067 -1848242776 -469866012 -886666975 4811224 339295955 390893737 -1642338060 2031737680 -1627343794 -1417387594 991667232 -971856079 1904399851 788500065 -2043282635 2051234837 -1694174381 -1179419293 1270894141 -120285369 2133004497 -308338225 -1367415495 850353309 1277451862 1530933304 -261924363 -276199036 -1491625643 1632067045 1129951568 -1981968357 -1713166990 301702556 -332748619 1512829241 196805708 -1362680583 1934553655 1954721179 652062972 -816737816 575522505 -1816147570 2090109509 -1582656060 -790515619 -816693547 -1467649608 -618188323 -106492155 665040085 -303835784 -166504987 -1011604423 482345267 1567948063 521523301 443607625 -633167128 -836052496 981475600 -1847639835 -445040946 631961591 -1531500282 -653514739 -2141863267 -461971028 -1395377737 248028931 1950227628 -1648562229 -1995019384 -1805648653 727544856 -1765699644 1045954861 -994508727 2099118911 149225054 -978397407 2133962019 -1819075010 -1334851881 -382810823 -823715807 -1361766954 1645968127 1193972479 -1494261966 1605698466 -802339957 295370262 -1285562807 -604413840 -1486284637 875682382 559700883 1234958321 852052948 1700554184 524856956 913145527 -1978547580 774421353 1029754907 -405523607 1315401427 1626467103 596615156 782764217 -1341196136 835916985 
-1519817778 -1077447429 -1424989980 229856422 -518136773 -2138231597 -364739356 -1488519946 -13758441 -1557603144 -686316471 1893349481 -882708872 -1013985717 733590910 1148621498 -1185820167 224619093 -1891599844 -423855951 1570261818 257740380 880548381 884597162 -1217480088 -1325530144 -933747238 -1077806229 -1546618192 -1685160775 -721750916 -1723184530 421032865 1874301121 -450929515 1952584047 -289939242 1235939368 -1591112119 1644359546 917085724 -656195539 -1251788205 1598476766 -325140520 -858941119 -871550128 1374839759 -577403350 -152941992 -1493359843 1534436692 -1626608457 -449008677 -1214800580 -207434195 777924805 1702059977 -816412299 498804024 -1669041494 -607551050 -1409715534 1149247599 2004330708 1571967132 1266886786 648325124 -1528628891 1673251122 1042382839 1244113502 1454839155 1668685161 -601270237 909874737 -765338877 -1265816735 -401553003 2119125322 -916153549 1495455500 1729679763 -1530952621 1970534227 571876060 1286114980 -527747135 -521221093 -1196744348 1422167124 -605909317 -1602962847 -764204624 540035297 -1293698174 -145045029 -172602400 1399334394 -755721176 -620814633 1538837538 -1274036779 -786747664 1756367004 715746532 1487093588 -1547345401 337803203 -1569463884 789180960 813104160 -1852503674 -296314133 522066861 -82364606 315692751 -1646795138 1913900662 1554462626 -496390480 -94267337 322698487 723063080 1727713575 1923073514 1478639971 -1310453140 -910182703 725677901 398051499 -1043284588 492467629 941624605 -1193869921 -1624395693 1548884935 -1564517012 -741917370 1011553479 -1213178427 1204203888 390862084 2115601901 -202019644 765825322 -2080068849 -1531809895 820084434 -803109252 2096781630 -997474266 1570120316 -1200373977 1981023714 348071036 -1970315161 -519473370 -154529345 538111167 -2026991157 695209202 -1909987454 -1753245977 992901152 -1448493087 -926009568 -655911092 921730119 208802973 -1785793451 564953255 890923204 -1310876973 423232239 -1060957718 -1458525250 720501049 460901982 1266495756 -329373481 -52621075 1736103519 820604770 -1129529312 6811285 -722638874 1989682171 -436055065 -1465015831 -1764935 -219092569 -1896459844 -305374240 1668385941 -580400692 1876679592 -369226778 -533819076 -271607349 
1437569882 -60886510 -102428087 797554045 1037997513 -1150898653 -578775554 925640381 774474673 2040721507 777983041 -1620481193 -2135539553 -1476871057 -46367338 1934688641 -1229829145 70577321 -1420498441 961641203 -652433866 -571228 -77380977 -2115709939 690760402 -2108508496 -1596247195 24343112 593528869 125556773 243756825 1997093873 -234050235 1720545476 -1715845103 1210015864 -500095018 552696841 -1049967488 1482001372 340744308 -345557040 -1030093076 2038234021 1049784457 928431858 -818622932 -1395121526 -1575273922 -1907124446 1549636918 -60189730 -171202598 1201157606 224963783 -1582573361 2093365026 152149808 65689146 1928296169 1874302200 -438674505 249562027 -2098886655 1113483245 -1736157449 105943403 -102509294 -1258304419 -599609276 1608291382 491156477 -941495390 -1155636716 -479370256 237049921 1883322814 -1851223780 2076238373 -389067455 -2000193022 1664355626 2005711659 708530425 -786652983 -1363070474 -1527771861 -217869052 1446940358 -477025314 -822505334 -1944794319 842887463 948406760 1784904651 1472194440 1889507137 -130090936 -1592849805 1278258147 143071521 113014666 1359600996 1681803035 -1109874374 -1037896863 1231142328 -1728831254 1363982757 1842265584 1078941199 -1152879208 697421579 461162506 -405327951 -838599360 514490312 1477680359 -222319805 982853843 -1295992283 1469710594 -1142766964 537827030 -1438074863 503759025 1057835297 1173924698 -1374557498 -9913160 1629359645 -660830307 -93382311 -1676944976 696483378 1350901098 8058078 411448876 -240797393 -741597111 1640710233 -1670791081 -1395623812 -1363109924 620621027 1521829621 -993572911 -446722599 -64179628 -1449111337 1546127346 -184003318 -639263915 -418465024 1199249295 -96145041 1294395251 1633968167 1076904927 1224518926 -166768438 -1364663218 -1674313753 1397759683 -746646957 2134634237 -2141689721 -996795673 -570554327 -651457335 641008813 267828506 790105267 1900890852 -1625763973 287572426 -1785808601 1411724718 2001522359 -620584654 -850792395 -1835340199 -511115721 -674978976 940998412 1106986606 -1171596495 1655413263 -508130712 1015595490 -1113649122 -66444064 1428908176 1899902824 -1919962446 552528757 8618023 -24988869 -2105129131 166265072 
1980213057 792080843 -1744861917 -1806919022 -81806915 -800640215 -181342839 -871795956 1123430369 -1802102649 1192821392 1010292573 -1160372943 -2046632394 1832458666 -575991477 -506120414 -1053066356 -174210808 -1980459271 493577083 293787394 -1237725472 -452685418 1101008620 1061816722 -1320942287 -1877257163 -1709072144 -819610250 434271258 1630125771 375202227 -580464528 1258243387 -692691307 1178195007 -57522244 1358986805 -718078591 -1892412302 454977771 905420108 1657021329 1874583208 -1245404197 535039463 -1526959023 -1584520732 1226200792 -390446119 16497700 978660031 -1639994484 1721153495 1180299660 -1302894552 -1196813651 -148501947 1193844245 1387458451 69058422 2038442691 -515504465 -1458031002 -1350722854 598575575 1741552072 -27243033 -84148635 -833075886 27449481 -1076710181 1537654280 1827482996 -975621012 -745171954 784168037 1043922742 815833278 -71277964 -2014929025 -760692674 1145851947 -2007465794 1512514013 -1782289132 1753108527 -1263077402 -491207693 -1816660722 -1949477135 1146212103 -2131777792 470296898 -1387977404 -1354570118 1778273246 -431927945 805231659 -190474265 -150820801 1929050529 -798407271 767206514 1011612212 1216849264 2030061449 -871132633 1049049482 -199855778 -251984530 -1968252305 -976540141 597766525 -1178842400 -325242042 310349887 1925872863 -1333854392 148171342 1044472122 331872308 -64867255 1384860306 -1314482059 265182192 1461081201 -314928773 414810831 944530138 95171396 -853110150 462636348 -1735064413 106209650 1078618831 -813148138 567505508 -993075488 1226422341 1596190226 -679519917 -1814882801 1125793887 -1223073070 177766898 1243171248 7457872 1209757154 566478649 -1776125670 608467446 -1049834256 -959631977 -389509997 -275181531 -1628903752 229577662 258876988 -87918647 -519693416 -1514112656 817396596 -1722922178 985507241 286781550 91050839 -30390066 443504146 -1174648173 -1308006701 -2132283922 1772566519 -2137058837 -1488576807 2073197277 -518383510 -14378992 -1733623025 -1470748799 -1032423565 1733716247 -1354672202 -800508865 1206022394 1780821779 -975805293 732329055 -1864561979 -1355560108 2099418677 -1914104368 -1835644368 894346407 1696296740 450361769 -1945208409 1300734024 1970134876 
-1314065724 553535606 -538724320 -912531734 -1287572504 -1102723515 984690723 -34555385 1797932051 -1250357042 2078261211 -1059475187 901715618 803592073 2078365051 1301397878 991912912 422670559 -1567614652 340067571 -99344429 -55305272 -934243588 1788971264 -291410420 -2051073100 -1453998603 -805259029 -410934112 102808785 -1600353136 520313097 1436262442 -734243227 1448708870 -1598645644 -1481383610 -1923730331 -762977477 -69822090 1639986481 2042477835 1410763550 177190802 1288343338 -1155052656 -1752029099 129396538 -1915519799 544203030 1809032327 -1156311750 -44699947 200287934 -1788450755 -170582573 -378066095 713956780 -1167779392 1160223321 -776506384 1773322069 343388654 -1217427270 1259104556 1879929751 1435065674 -123476843 921236629 -513519239 -389868857 142674152 1227391543 -621503262 993967451 -1174039436 -1026874024 1052195794 -377750687 1595892829 -1424859157 976768110 -1903010312 -295981363 1036410242 -11273568 1983310598 -758091838 -420358905 -670443443 -356301521 -285693083 -1784861328 -42809010 -40887269 6164870 -792792423 1383310281 -200290366 -1892643221 -1996845727 -1109697528 -2102834448 648105416 -262224631 -1323109468 117387292 87719803 -29393153 -2058430563 917854158 -1276273763 728837117 -2053481874 2067947812 2055270385 -1209558235 -236464555 -354558813 2121115976 -165527168 1137275404 679912294 -1328195406 -1949963009 -1414681762 -2022472956 74724874 1002096662 1334538284 1579576882 -1134458021 1798633673 -781220478 -141973645 -78617644 -1805400084 -350995398 1709163269 403234112 636791912 -445260030 -2002065582 262822463 1167762782 -156948143 1806505342 -262628479 -1129492880 707054481 -1768819299 -2025684807 -1622766011 -598124675 -574358981 917520160 778374485 -1788852216 -1003033169 -1183237083 1633819400 1505499424 1666532594 -82157502 1327846037 1724783019 -904705659 1788623838 -1419126036 -1475988138 1136149707 1946621497 1344820918 1767653730 -1342108705 -1053269969 -968637878 1926789235 -1608571251 -1940256281 619661033 1641030088 1207023048 -1855630668 878628760 -190213679 558494977 2130875600 1695389462 1045745870 1140084281 94319248 480392806 -1439608406 -2083727917 -793669938 1614559503 -1666261744 1265292587 759316890 
589027572 1122431342 1521696771 -2105458954 1474449580 81720876 -645247589 -2028350148 1466238481 278060803 2047720052 -1117546441 -2044517592 1202103951 -147677395 1938261330 -1212330586 1734726036 1601964782 69727249 1127390339 1745626450 1051854236 -848564161 -2011603556 1799260320 961204853 -1040700114 2037469874 1872065828 663390763 -1991308450 -1607833088 -652822634 2101333005 -1842580343 -472642274 -1507331512 848004454 318640599 -231503040 -242230874 1060219011 -1361637716 258444291 39391758 120596828 -1533088247 -1332348962 -56431008 1200704531 -1310160552 -1110603628 -189331462 272163089 2033222102 1622849799 -1361346887 358161261 1322155582 345579994 -721498462 -1412061216 2067704121 -1280467721 -1659961689 -1771153119 -1836205829 -2030750402 -1133546536 1367546803 -963975911 -1630080762 -2089169629 1639720045 1629247563 -177517294 -450820454 1385148346 949322811 31377826 -1473249474 -282935961 283533086 1583641628 -1164975006 1626110828 -1064558243 -1549523424 1589827333 -430048248 953073515 -1184717468 1760947136 2032311501 1471085817 -669635973 -1282548791 1062779127 1543084028 2085004778 -1310346284 1194212522 1999851327 194756083 -1276157302 -2124056546 516576065 491377629 -2065616106 -522361401 -988521201 -87327270 1636348175 933169222 -768844849 -433788959 -282163150 1655012530 -1113314836 281432181 915342383 1608777425 749125815 1859109535 -901195385 -60835363 -1167186858 -1488311030 102961890 -929156280 -50919565 1861540757 -1057825856 -737206140 1320446953 -686663308 2080838011 -1584794164 354921167 -1628734318 -880243511 -1754247456 1536404626 -1069969444 1142261367 -249103734 -1151114697 -396954519 279840305 2014898228 -112529431 480506476 -1087519397 561179363 -1015815973 380659253 1607281822 703915103 -1063498976 -1750281754 -686898145 -1271894955 -142872134 -158340408 -1801245448 846679824 -1920554665 -2021505950 -1940778114 -500371554 -1824944892 -2001436099 377903803 1901010751 1461485027 -1436256294 -985592928 1099760269 -1515246389 1601695372 1073917444 -1331137335 1704935976 -766791718 -396436312 -1974343367 457180405 1551484354 -455148383 1493377435 1852271725 1403659590 797361271 329251038 1264955454 -690385635 -263367197 1571394367 420337576 
14447121 -1372146991 -740921771 1758689046 982908894 -559198551 1666712961 -477430449 -1023526889 -649789241 -1650048228 965428173 1073004211 319562743 -2073404526 -1123595031 -1757388867 -854740014 -595932576 -1606707247 -1986445531 379350146 414621055 1318426332 -471026479 142613602 284733579 -1454353975 169709125 -1727000010 1334783619 -1881581933 -1120615877 -1287637329 -1037264589 -1121152627 -1010890608 1702516356 -834830819 -1570132360 -1676609524 1921952956 1482786462 -1576763957 2130260590 -1565885015 -850664570 -470777420 1018749047 -1677127484 -1746199961 -1508116853 141683313 -1646887616 1326097952 631693900 -827979797 1920203045 80499385 -1544700157 258417142 1493019184 -338736841 1025706201 -1860026578 1576215649 1087293423 1168187454 -888589813 954430317 -1218354405 800831433 -2078918001 -548024571 -1637232223 1127842910 -612740784 -330447834 610117154 409074234 505681064 1908603697 -1146700561 -19567400 2020878292 -1689500122 -221944875 -33404580 1855970168 429647552 1615777941 -1527175245 1407965550 1999292030 989938127 -620379359 1439193631 -1792007369 -1170917308 -963816463 -679055753 1213878771 -1772750908 200630054 -848041869 -342040970 599435473 1005873384 1580765436 -1210097817 792342713 807535775 -1193907011 1596218572 -709663314 -295390363 -118162726 -1366603488 1392306737 776031963 -559407204 1319490510 -1202148943 -777181161 1788899120 1934781920 108809440 -1385819392 181138084 2056531456 472594339 -737712699 -2064461470 -1903241320 -15516334 -12734911 1470639031 -470757428 1769684817 -1264983603 -374016210 732293423 848425331 1935394690 -2115372369 -1713399116 922577804 -173162052 266177468 226576083 448395219 1614929981 -272140683 -1519306364 -389230115 -2132782340 -1467704191 643666152 -494339842 -453553900 -461057900 -1173409212 1419416554 593711130 1679895451 -678287800 -1749486719 -590366350 1940953984 557238961 1893085933 1209140289 -1613091151 -328174126 -1106088597 1910497386 997076918 27704874 -627312266 -855133733 -1001810381 1900957934 1358001162 -1767111187 -1110244119 275094676 1774703762 -929423251 2004735414 -1575188251 589653650 -88497769 337197241 -569350291 -787221111 -862809439 1730670777 -1353231334 -903064658 -555495523 
598400946 -1652008047 -1493180422 -722103188 -424185421 -1987616151 1004397138 -102599711 1025556367 1096327571 1548895376 1846474985 765601417 1806665499 -36403018 908704009 121874491 1195361491 -1731062464 949011699 923673896 65153975 -1185268236 2011480418 -542910981 1301498672 1540366080 -1345505495 809146636 2041123864 -2115098265 -913670942 -2065067399 1506886563 -1661890873 -1002831384 -1809999967 2054678944 -1576478655 -75209170 -580544780 -244656280 -1818187357 -1712652430 1422280039 -337555502 -1923410147 -1101066000 -305535877 -1941975967 -346137613 -1749977695 -277957391 1667689726 1253985425 1990241396 -3657634 -966599309 1025225180 -1599240333 1267875717 1564434399 944257397 -1285201190 -9792669 -38899246 864464654 -1078991263 -508054538 1034477819 -1786667465 312703533 -1614238441 -1136081710 -1309784920 -1866837432 848389074 1163856199 -214333564 975473361 -330371473 -1112276104 -1541227754 679508354 -1095605976 -1284957439 905666240 -1517858803 -562897892 1049352349 1638102407 882460667 1175149694 -1508831638 1590377243 -1106984878 -346880582 -1541722924 431927524 1044300403 1213264142 -2097516750 1324819941 2121705373 -1316567731 -874062463 -1807082918 -622088812 1542079079 1736139300 834549766 1600400738 1969551345 -1100560154 -1859816542 -514148552 -226221992 794956565 -1767755707 -1287452962 -490099291 -1327413743 -2109023630 -1879842546 435731536 1200977296 425003739 -1057408910 372393039 -1505846694 843065068 -403800974 -993242988 1955419692 -1632145944 -2025598383 -1975857355 -272791323 -451981133 -1329901545 573107978 -12756812 408627025 -1118477237 -539244531 -91868029 700341112 1143786330 2063471363 -71561940 -1798965946 -1005156957 -1434027425 -1162921977 -2133876331 -281463464 1368296315 -359860625 147077316 695231314 -2047438162 1043541714 1581497445 1427018667 -1881695581 -1326962683 1331268971 1846976001 1597935129 93373714 -1380193256 -344932683 43565555 572152996 511162532 -1881315529 -320825361 1168328149 496843650 -1683472959 239963962 585490152 109150916 -98618439 -1285663042 -1059563025 1416936173 -1215945116 -1750148900 1876151138 213922934 -1540828471 -457076201 -1737022613 626122456 -114861528 1959321102 -1726501184 1493096513 -789085676 
-1090127271 1066386126 625373322 1676943545 -1609048158 1351093569 -910051992 508377355 -816078062 596689060 -199789374 -2143980265 2025316036 2061340560 -1094477319 880294299 75406202 -792643118 700368046 -1002914287 1412331208 520496992 1057063906 1061079009 11941446 -1861384338 870298262 1703494997 2081217845 -837719205 1110794101 2082568259 -38262361 -286234994 589213736 111445027 -214954271 694033968 870392448 1301490084 -1451023109 1737924618 1232739984 1475627121 -1700786495 -218239207 -285162173 1249852882 446344883 1790299204 1045072919 -879288905 739419820 -888025219 1821905587 1334999458 -1365051533 -953084367 82480931 1728132982 305721207 1155516573 472504986 1876065231 348194514 -1393735620 -295678616 1813683965 -1528236963 1482231904 1376101227 317970459 1993951125 479872333 -857309133 1406832345 2087489169 1186879807 -86140990 -932792044 -1502843363 -47359053 1982572699 267483050 -1035720982 -2019700529 1447629200 1598991995 -1590564167 974624112 2081180187 93960869 -1818327871 956124046 -633776761 -935481957 -2113800428 1594247530 -1337626647 -1403345508 1854103796 25129410 -1943497908 -1341727321 -25595444 -330258447 910444321 -314286306 2140283260 1398439024 456105277 -131144817 1722477799 -165943696 -1472301991 -1060687584 -453422076 1578524118 958958502 -410060965 173676515 1468223953 164064883 379241622 2054439838 -97465610 1238251385 -73339861 1392209640 172593728 1053462164 -301637394 729515889 -2076581672 -1398346899 -1832823827 1371837493 -880091949 -1618606036 -901478333 653820120 1935005539 -845149295 -997646007 679365620 -401308706 -1242840326 -592036888 -701077561 -1859066320 -1097602022 684703970 566944642 -1024501174 -613790323 580873615 822528712 -968784949 1606598749 -816914953 243934314 -705385769 -1090822208 1448131245 -206077597 -1045013342 1062285053 2140404050 -619952016 -99413997 164541710 1173713659 -1415800316 720019523 -303969162 639085142 1969424223 604269470 -141022651 1970415260 914573400 145937674 734572079 -323793242 -163979466 -1831901643 -1759440589 -1463800777 -1484001641 -929418763 -1900795523 -902513154 649070472 1576419327 -1079154686 -1841127964 177160281 -308310176 2132666413 5797478 
1363663334 325648849 1966917366 -195590141 -241959206 1902145770 -960257455 1809068556 2035501458 -998564323 -1826340286 -93142493 -416684810 643122493 681447283 -1494253910 818301829 -1853352068 -5696716 -756765695 -571985806 -1225662135 -354589046 -207838885 1283338539 423047480 -1937464505 883487572 -1916877022 -1076672921 1875833724 2137843926 452371475 -1005432791 1770479253 -2065979641 16382492 535741364 670822733 1321233429 -247017575 1024154620 950242100 654880248 -1625813554 429521953 -1445662265 361745125 1320029401 -600458176 132270648 -652626656 2043558578 -1283420869 -1769048963 -1935605444 -1106279688 -1199230855 324745125 -1321466461 -1198702157 -1141648743 -1407344244 243628082 1133723648 154254128 -204936027 714242192 -1838621677 1444393826 -284716141 -624288099 1083838289 1639518221 -856911042 1366959761 1657394548 -1689016374 -1056370214 -440046587 -274499476 -953416229 -902334214 -1816411275 -1735296226 -1857785 862371234 -1995084708 917819980 293199534 1167101656 896564246 -553224289 -1490426736 -1717595628 1583758750 1728592427 1851653125 -1088580469 -647955354 2017884455 1614473154 -1614516226 -1124600152 -262065673 449374837 1398996766 -1425028733 -2065786063 79529803 1762444227 208445812 1961861909 423737674 530983476 -1497296755 1448843604 1076195870 1739978963 2077143989 -923395911 1170843285 95869434 251007932 540549943 780932863 -1995585189 -1027884644 -912759565 1206695746 -149157706 1829675102 -1460955985 -139360420 -1985561731 -503738557 2121083100 1475218480 639825 1794423692 -1219459530 -967626667 -922360841 1717434115 -1409516652 1729440923 -965661367 -1837424344 -1686365395 1600766754 1357183772 -1913499745 -818161934 -892531461 1406801186 -847091980 212728268 1659485469 -466177249 1341246445 938754899 -1457558704 -625201044 -2115799544 -199246666 1758808018 -1670996362 -322692293 -1151793728 1587280232 580792883 14369943 -1378319541 903369820 1155926149 979459832 -2131783600 2013059774 722910041 -247072779 -1049203057 -1965885881 1652942359 -1583457902 -534291281 486024783 -956702356 -849065192 -370373395 -1685402926 2131531833 973841033 1994003880 -1348037010 -671523383 958168450 -1481777637 1510153151 725086395 886139325 
619061424 1756821823 -1897090740 252487215 -272219307 -1142409654 177164454 1272442256 979060048 1904840010 1960936759 1340892587 532353449 -1928294576 -1105518361 -901747902 178788575 -152848958 1742283391 1243907189 101351639 -169061512 111634677 -1420851395 -537102344 -691673217 1875158328 -1720099933 -1652132404 1668445691 -1116736723 1353537981 -426140589 1041422069 -926133767 657471192 344287125 -1698220157 1716042457 -522221892 39220525 423793892 433176321 740408204 -1984186722 695582649 1167357592 8708821 -1826812819 829791561 1989250353 637787635 1865954346 1942152133 -1401708850 1393286347 521198135 -206992726 -815778693 807447739 233370884 -1690216482 -592931760 -1866278958 -327714620 1969444250 823591241 -2137470087 -337503320 -123460602 1846958290 -2098643135 -2119629222 -1812742972 -820458785 -1314680234 -421425682 -637651002 -1810719075 -692412726 1366549981 -449539737 -2102903863 2037943755 -1842109224 -9403011 -94635474 -1615694725 -642946273 -2047233611 -410490411 903662956 1522709581 749326494 -1743901752 1998709434 -1699642585 -1179040477 1159921190 -903360518 -1593330782 1399476407 -214281063 1781001539 -1520528625 1677235295 -1260163743 -1602947371 -933862047 2138573365 -1447497893 -954890015 -726016875 -1821208850 -474470320 1954610018 -1909273732 930560254 -1708701248 697195681 -1007614713 -1842620523 -2107529505 1229235521 -1949654614 -1647408795 956154060 -490599257 -758423505 -930491976 -590457188 -1285668537 -7452063 -1996051636 856978259 -1430705878 668940471 133794835 416111343 301218774 1181946764 -1594513516 -2025191784 207500420 -2124019138 -971805279 -216322899 514074452 -1724389584 -1226766632 -372052965 1101011824 922393287 2096837018 757990207 1879477756 291715170 -1930222211 1012178050 -1167399895 -2002639762 517091297 1549811083 1466002140 1508923198 -282288831 -390103043 143760571 -1774701730 159351833 -1023376153 658731172 1238193029 1945786962 -1451893487 -712658563 765503773 -67901324 -694384144 678186885 -971430660 -1069050878 -393228287 325575181 -2048522214 753271306 1694950660 -1187047477 -2094198430 -1426342746 -468437124 50487628 254300587 -1461062786 -465313560 1762367222 188283386 301425460 -457956429 923893303 
-1591103729 -378130027 -1627885730 -601823455 1290411874 1528061666 -1483313517 537490201 -1148264678 -1179712453 2103351499 -901714888 1372643338 -808713128 -1250690880 688331045 -1191698889 -1205504933 -272528640 757007313 -754337500 -868776290 723811817 -1846072694 -1888646291 1713787991 1198955799 -1287322275 1032695857 1378611328 982415851 1850703096 -1704173428 697268890 1533994490 653545805 -1066033486 1920662347 -1992724572 -797709554 685483614 -1162838890 1714353986 -1612384085 1399484898 -228779078 -1310146274 1540105313 1201833617 295168765 -105826530 -1034419545 -1591819265 -1129565654 1433667415 1748681540 -809044043 1072429077 933382689 -1084266868 1186357804 258284299 1184967785 -1848098308 -1850063241 -1429411467 -1961659204 -886100910 -87491181 -884898430 1123577677 -417448881 -79562186 258518828 -702736974 -235611041 449987165 1105784453 357951268 1291571934 2012966920 -489843824 1784169548 -1936196280 185156586 1157568179 1896543262 634549582 2132560581 -1821236560 -1414394801 1026946403 1707912865 1181833892 16653294 1136949733 -1433888290 1491919464 2030161080 -357502575 -255405289 490801524 -607069199 1868582843 -1748226947 1463961561 2142744490 -1564821350 735891626 1650118398 403298242 -1671382498 994360521 725816115 -1779565312 1343099920 -599546896 594223376 -1661887739 893659928 -1582255249 -1538534198 -2082400099 -1127007172 1345766556 -895092914 -769188458 -1857181226 1905317301 -1266783593 1037889588 -1402071341 -1150630870 -1070739523 1754073537 1692199391 -482733990 -330466814 -992515451 1730826875 -737509847 1387384109 -1915854576 702979331 -184003319 -68912480 96833427 785600111 -796421123 -783475224 -1433358543 477014187 -328801922 2106824276 1709702853 28717165 -1856301452 -1328078547 527998274 1238577467 547965236 1407069922 893376648 -2034901189 659321615 278347693 -1620802175 154525716 1298051827 -1425406505 -1906341879 -1492612346 -1947127661 -1378014484 -240407917 -1416156998 -209160498 722432163 -1499700692 862720559 1073343927 -1792476297 1613267612 -1852200653 -1211968402 -341000731 -1918450705 -1931742429 278296324 -818343156 -1094584605 2102806460 -209313119 -1217536985 -2096643958 -756551077 378791080 1841545996 1503431423 44198493 
-949181274 132352565 526886434 760759154 -1770175708 -731553610 1021914115 -172393650 -1592082882 -34323621 1864934966 -1483832612 290864344 -427926672 -1540503748 -1398344311 1280888003 -930339373 -829053410 35694284 1180364741 -1679381184 -1652656124 769836504 695319281 -1025626256 -1062726122 -436505020 -1827008958 394605027 785289952 609312211 1047181615 1883571496 -483854140 1774121747 -1688907328 -1447325025 1878934912 1674241324 -1355447960 965934877 1936875075 1974276257 378480139 837846055 -1890831633 -660418340 -1710622298 429964228 2085701152 1279713933 51208535 1048599964 -1783121904 1856147020 1595931073 -628615929 -1496708982 29510149 894092508 -1224805282 983423533 741672168 461607185 450043126 151625362 1231683937 -960327916 2052461303 -1948004268 -1454839310 -1287335727 1096856884 -1324523148 -330840845 1521831421 1376880414 1538464965 -1795370882 712814289 -856104549 1036429043 1577882486 1924336184 234015609 -1532777073 844815270 -532466288 -1259149842 1978639253 336473173 -1621204348 -973497309 -660511153 -362850599 1762143007 -1716378435 -461731093 1368082466 -975916043 1995794025 333304437 701630216 739183890 -383256114 38956858 -1933449470 -1175454918 -2019407221 -1059442581 -1578881048 890761739 73376424 -1711530607 -226486978 -869356801 696388293 38239623 -430691222 1410852021 86779663 1583026148 -1556416744 -722641916 1639950479 -949965512 -1816557523 -1100066235 -1612102787 -1097298561 -289200217 1055858937 -1442602194 570532447 760091416 -1489907655 884517500 -327718842 1681523270 913093989 723561346 -699228583 -423006294 1377261658 -85492304 70021097 -194886070 -185635817 1379328477 2116914345 -1379946127 -1477542519 -464325148 1030321840 1814676085 -1748519529 187660776 -53375959 -484088963 -601601007 -759620986 -1688448195 944158291 285509972 -480615019 1545872697 -343510440 -1428764371 2015106054 620180463 2049386978 154164946 1642768097 -788325946 -1439497005 -1185727451 -1091829278 1115145876 1373325969 -2068147223 -678029295 523072767 -748179907 250837680 1687905355 2106222735 -480732659 1959212842 -1975516504 1074551313 67879915 285743881 -673791706 -317502011 339812752 -668396218 2080190071 1318680236 1813136536 
1267698236 1690430370 -827990289 -409584524 -1029332422 1158823682 1256302427 1878785589 524435196 1794191884 -1986904548 159835907 631500901 1828474777 -333733852 -5694353 -835392702 1560955172 -1560355122 -560042756 952835787 -1559983847 148380209 -273838653 -1672150516 376046616 1929962650 1564191082 -1614918734 1403809691 -1871834492 -1855033202 -130052492 -48356899 -1501276836 -998864954 -1857229028 321627201 -197242768 -1164948487 1486056578 -742368056 -819528382 -509019103 -1463275157 1845547640 -1071290771 1447415220 1295248369 241207912 -837760378 659485023 -1382392438 -800575981 -451490061 1049981501 -574417874 -422526035 1575297583 -259173967 586788053 -1281821718 1297866728 536801000 -983764066 -809501660 -240937522 -1586094984 -1870289156 -1039638006 -471384520 1880435487 -145927983 -781814075 -755981825 538688331 528868025 -246412607 1127151646 -1891437361 1409322666 -971739872 458240327 -1504014964 1899782611 59715779 786005727 130467830 -226380133 -1892276391 959877215 -1804218300 -1335156963 2085196520 1333160852 -1228074159 -466439927 1090691110 700025249 -641570121 -1083780099 -2136040220 -266631386 -1693449582 -2014737998 693638483 -585736976 855226193 -646663559 1928054070 -571411269 -2107088047 1669204926 -1661238461 -169993331 -1416032759 1592765612 950436604 880899302 -475361804 -933495343 1378740949 439456978 -264130987 302436550 546856936 423246120 -274847883 -1481061933 1573526053 786790855 -2060840685 1475012600 2010625762 -590029204 -1141837596 159363049 -1332413328 -1637689412 -1251043979 -1185373361 1156068895 333317414 -1371792853 -951896163 644044461 1502877220 440783970 -2127122577 -1312301002 2046027269 1309663112 1459175121 928337635 823174735 1864845468 2019330625 815528091 553015918 1482960100 -1050033834 -1771343778 -1526494490 505628685 401631697 811415430 -1081780051 -708350275 -364639872 1082628571 2018573243 1900431982 413079168 -23430178 780608692 -1645601255 -1776486234 1641073720 -1560029109 881160040 1524533692 1632963917 -2045146624 1865621082 -653044350 1852148524 1639373415 -1842311029 -1608615219 1003522651 558638153 36863774 -871472946 1359334250 -1071532984 -1426788610 -1469922664 -8116932 -2056484288 -184740089 
-607856237 419671911 592213347 -27124986 -851423990 -2142107946 776235462 -1194657432 -1083750830 -741149044 -141257013 -1927349441 -2139054093 -2086916396 -2046138987 -148227023 -1369458440 1608899653 1999751367 468669884 2036829231 -699232105 -1215688699 1954579358 288722375 -60079947 -180832528 1728881582 1992624054 1254326424 -1143144785 797087729 -203941939 675505530 1471302628 -1615894339 1155822277 -704605541 1499860534 -609116521 -575433967 -740089837 -950939725 754958464 1592606055 -1777768650 -365451470 -699999500 1585411492 822146399 -557824522 -1454767138 620895377 63836653 -1071634473 947852818 -194284085 -315735239 -954792815 -1991774058 453428100 -1408526511 -215067347 654632179 976667650 -1673594979 704963465 -376348812 -2145502397 1420214707 -306877370 -1266379473 479300703 1052124483 -2050671108 -984079617 486818437 -66152047 1747992834 1163420266 1405151867 319458065 1467137476 142472005 884025589 1141824799 -1386092507 -230141534 -472169909 -446708918 1846664447 802677367 -1227609121 -1498674527 -1271896728 -2011325493 2023097654 1438831739 694359893 1699710771 147432995 205144718 1319282961 511904761 -1797313525 1961351009 -2135705958 232328400 -1479012570 -1156787032 1148095778 -2115119690 -1661390338 1271614266 1040059849 1227346009 -212364909 -1649009289 -1112257439 -605652542 507365993 -1632889262 512924979 -616577189 -893921421 1090834145 -1962488344 -592318025 -901987952 1126546427 -1200520459 -673217151 -149855569 685376357 -1366392989 -1518971154 -1259868842 1221955641 -1982740332 968952932 -1454439347 1630824110 -1023944658 1162241581 1466690109 1709314701 -1564129057 -1126992772 -86235777 1711014832 -2016585790 -345617352 924424599 1831625562 -1446535326 1868855578 -790215197 593182073 -887962373 -475435967 253439889 -213876550 -1711736667 1431850706 -1908175288 -1120604452 2126736678 -2057477142 1453562021 -1021110734 341747736 -2069702233 -243456655 2027237106 -2128534549 -316388961 -624104784 733545953 1266209898 1438312797 1084037410 -365489536 -1596631077 -29559223 2035582253 1932278062 -798590324 -1979123285 348620251 1767829319 -1742942308 193886806 -1375722944 -1689805168 1808815274 -1691769503 -486822488 -1226780822 675738490 2116943668 
1065420298 -180301154 -47557419 -2098934179 -1775461927 1691230202 339338069 1046578080 322082849 -1089350474 -892158117 660311946 -1721923746 1110413367 666880271 729548558 1250064425 922576246 411851303 1255324419 -97075257 -1595961503 636838250 1754091207 -1249213764 989099067 575401664 417358412 1842474150 1080342332 860041645 -1176029189 1862095589 -677935563 177932547 -1657670821 -1737952570 -2107115397 -1873434972 -1361680393 1020456885 129363209 -814277709 -1291734833 -1988231016 935367447 1178935672 1567358560 1236940253 1628372406 -1174393026 1972958480 -987616003 -1435829615 -1641368491 76782440 -1933318890 103999841 -616787502 -575500770 624686163 -1042202895 -1575524834 1381855687 -517169680 -1636532729 -88165932 812593298 -752041864 624414251 -326484670 817345480 1730120244 -1675504817 -434882388 -542198959 1467319632 -1104263628 -2089902312 -2089386746 -215967507 1374364810 1802349853 1843546306 1565171181 -214502928 12288642 -2099691817 1058430268 1042044364 -1563420589 348230761 -1836254517 -825710898 1227918098 593828030 1824340150 1539992677 -1375891633 -785054785 619567583 -723672747 -237840227 811183575 -1179213868 1819626361 -1842066567 -371475429 -886650813 1000084960 -1921599457 -377830362 2068228288 2099411895 -2042992070 -1789188728 -1749861017 348700597 720687077 680178055 240646061 1108728947 -1852479202 -1272461214 1340895057 788394617 2046908678 608000725 -2066647247 1714560405 111583704 1658726881 2062646631 -1916540531 -507826626 889067792 2052289542 -169812686 -1658725833 383500143 939616197 -1993847920 -20818233 377136846 1409648913 904837847 -1147128786 95799520 804855988 -2111605085 -783822497 136296491 -2010209563 1855142575 252450592 1027618245 -610473033 401917326 430552367 1079166594 -1511404291 1791449314 -2118250196 1508605817 -1396125529 -379476127 -863355950 -166021048 -927595281 -1729774056 1492106311 -348915844 865227561 142902519 -1560892430 -70634575 461717876 -1899681626 1415271653 -1286407682 1837411080 -1203353414 999896733 -1846332220 -1418651935 -183925732 1479842814 -1548957353 534758892 52290435 1526188578 497288100 233919318 -686959222 369961557 -1002899944 590917529 1699035030 394106268 -753234285 
1190317320 2106606282 1758083429 767007953 -1369630371 204210933 -731125404 500219370 41870244 524326947 2014617346 -1890534390 845607180 -1570212353 -1245802581 819322021 -1216215786 67227401 1110400770 -672539263 769667597 1111247309 -789312702 1375273141 -1438335190 386316882 -961591693 -1565205176 792934543 1930246136 -1395009087 -149295449 1931861827 -799910154 1848623105 1280405121 -485774738 -1090754567 1539775929 605513089 -1576645216 1529891778 1444267402 1175667121 1452463675 -1326819608 1497693415 1409664339 -1526130180 -1352691072 -353430838 -1991431693 -1058081382 1640512126 -609996579 -242655861 -908211411 1285909385 76519618 1882886746 1686567922 1996715927 919848034 201383000 26429540 -1213374812 303430084 1212958065 -1694447293 1936870548 194303334 282701071 -856422736 -1318767267 310512148 -344482491 -1450215073 983378982 1150400243 2096546707 -445455431 1445460026 1196338227 1213759333 1292189613 569799138 1105192835 -2048783672 -33563816 -351434200 -2013808000 -1671737838 -204053734 -838827331 -985150002 1642155430 -931723362 -1874823479 -2120970742 -519111165 -1594876023 -695663501 2083641075 165268318 1384594951 -252092628 17863930 -20633467 -1326076018 -1094734664 -837547483 -35727495 449317871 -1013078002 1460092525 -337438914 -604266004 423539446 -932890865 765432282 -1692066161 -1227130589 -1171102599 1425401182 1472310668 -736616752 2120463583 -937208966 159010726 -680672284 -777154631 -93734370 -859939644 -916405410 278470878 2147457058 1398168147 -519883778 1994071178 2068120810 1957633820 231936290 401303663 150813626 -1300772243 -481982110 722800812 2013714519 -679072467 -454908783 -1428403767 499439523 1318823666 30222948 -650467466 1355695089 -1393820797 -2023447405 -1690131074 -1779181814 -1501149888 1583607664 -2072314334 556320906 484947379 -893127417 119695972 2080943508 -789293891 -951662364 -1386845054 850241229 -1015941743 -950451446 572136719 -1364618950 570362201 1529262919 -1760269088 -410212129 15348170 502247730 -1611898460 -190238290 563575706 117568786 -1106345950 -1468782598 -1634501123 1279331514 -425051461 -1087408625 -715082685 1728191883 534783660 -1972572081 -1201732318 763900390 1920354732 2123539045 
-653314724 1297909223 924270640 -343133957 -152093336 -1195832008 470568612 931750809 -1908086729 2146129023 1480832046 1667722940 531974442 -2128410989 -759198219 2106293700 794215952 -1189832120 2047785792 711508043 -508556553 1359016892 1194240621 1938102238 385721013 1687527525 -1643728310 847553607 1960068237 -196891677 -651421818 -997266766 1544585026 1662716164 -728974979 958857327 -2017600228 601214543 -299179082 -1091580477 -57424254 1400988316 -399005326 -138797375 -175911481 -1983390086 718115850 -59402946 1565250890 444627582 1877171902 -700141479 -175720529 -1911792734 1184987644 2064776189 2048373151 -21201527 -1632093450 1543034487 1555009294 586985572 -175198820 1737016010 2041732765 -1170207501 1202559180 249738465 -301242209 583428801 -606530660 646465847 -797721221 1266134928 581960253 -909461680 1830504323 778146506 -1314086264 -64494898 945881820 976189056 1705235323 -1275175559 -1781319023 2085620424 1755515481 2065571265 1855102275 -1991471484 1386274291 1466557691 946190187 1582875728 -1626079891 584000841 -2053484568 511298134 2123203805 -232849647 -1263672978 -1939756015 -340244761 -919789032 2116324929 -1149130891 520505431 1318306821 743062385 633396848 -81497630 -76301943 -1278017830 -1374204317 -1359326807 237387355 -1504027760 1664509804 -1772898519 1580902295 -818587229 1782563672 -618145557 518122138 -1868989841 97097595 -1290121230 -1396788969 -515380844 177181862 65159961 -1017013354 826430882 -212875568 -2080312872 -210169840 371168415 -1816072291 -1025137562 -357024864 -124426063 -1013021420 1907115197 140712857 922252156 -940608720 -1747427456 868091185 291666556 -1146580182 776163222 1031652616 932675786 -1615576303 -1794744069 -684676666 748183380 -1459688314 2053313356 -2034426981 120115223 -748148051 -2036438559 2093947526 517352880 1026748909 -1855828427 -2116452973 -1607404233 -13625960 1849532371 1156576834 -1323504165 -968133186 426390458 86267257 -1088183646 -969678833 -1309781977 1793398996 -295944899 1851862440 1613914482 877345564 49784397 -234728186 -2018290609 1889768546 -334569772 -1664867279 1571516228 1083477704 -171586372 216296151 303956857 1144991740 1816713950 -656799537 -452972239 968817134 
78434497 983088757 1947857801 -873719011 -819222548 -377217926 547469150 -1325275810 753152996 632938367 -1721146557 1078188861 240362099 -881139724 -1228323348 1951790217 -1340633288 1885846794 1312214167 -169613462 -1132421749 1173476830 434152148 -1895349986 842233854 -2126475659 1901924237 684062226 566099165 1152000144 -579881226 658670945 1560082660 -1916823859 1208133784 -1564346089 -1922553175 -2046484520 -1293870635 -1731460345 -2117088282 332903605 2090949274 1114630922 1571438269 351162729 1282374021 -357622395 -348537060 -479300408 -2025264293 1204460337 -1907016859 -231818517 -1376853591 -578902268 358032924 -1971237371 302271472 932522864 -1817576210 1144631683 -1428855136 -1951465993 -1318478875 276262167 1219101768 1755274358 423030325 -847067598 921769022 1630813351 -1365329652 -325602344 -2094485693 694160577 2023888900 -1132455399 206034015 289200645 526851508 -1805975530 462483048 44605725 -1231111998 -735668614 -2017554919 50493943 -1140857120 -851089941 2124363036 1893479841 154467219 1521764800 -979364195 -1806418372 1023432050 2019112802 2102403519 699611154 -774993774 -1523935239 1863588257 1092007963 621530045 440216070 -1574825118 955375085 1895384124 -491509864 1309941662 734922069 1134122088 871801058 613112181 -1505294116 1631266222 -2094017210 1092155846 -478444486 763607879 1171343673 842122900 -458606402 -451090324 -1116831626 -454010839 57580540 -1880083917 -1592684832 -2141136766 514076822 -229335099 1171192225 -471257754 -167291504 1536509501 281868481 1524122166 1918325068 666919918 336511605 1705313468 1480118654 -1586738518 1802216814 -934217827 1701446018 575765975 1179748640 1907999580 1694202740 -1154347950 1401787395 343618833 -1919416005 -1060527362 -1036262976 -1428364009 1526988496 298514632 1452759003 1796291018 1014438517 -1299334712 -1022401954 -1152347074 -863507795 -1581122546 340860791 -1056746304 -1820304296 518677801 -795119617 -1423404438 519237654 -943852082 -2095312682 234109828 274336069 -2089566555 816931840 382912850 1874996723 -1616260020 -1632421881 -1922846063 1208397104 1200800497 -2014670602 -297927157 -2131254041 1131029994 1895707415 1827148471 -1476145026 -1218212342 1774835527 -2027646866 -1824948201 
-58965852 456283307 812963954 440802794 382495161 -1051133386 -1984691977 55532079 971141902 -1150118385 -839252935 -1849120062 1626303909 102500580 -915815448 665635345 2110508887 -1565204133 2051099863 1262175964 1574876198 1816414514 -553073226 1050473285 474746330 118717137 913503312 -910387696 1113002105 -194677947 -383607382 -393392383 -3983211 -1735607146 -1972377707 -240393878 1766552274 55379122 -1635767074 -1288513066 -867791339 160242878 105126793 599040971 2140139831 -855127712 -150157734 -1797614730 -643339258 562025844 -50648060 285752882 1928392030 1304875540 1353855853 1322284254 -1498837749 -634224189 1023122004 580772419 629518985 -106247075 -1838158754 1846422375 -168875213 -942835686 1253301732 -351183534 490796868 -1771249620 -1145325989 1998476550 -1447446662 -617275014 -129610071 615690794 2098135403 1352749683 -989506906 473051807 -1141891309 1458101651 -1204361295 -1281312235 445058819 -669139134 424505126 1620488337 264964997 1494609664 916035704 1089620751 108702661 -1552317244 -1959265729 2137660731 -1442669164 -1871255916 -1120149263 1615254964 -1253769188 776078454 -665964904 -201641695 -1420537251 -74709348 1871300184 577383421 -1632148591 877577619 2125645563 9666813 -1392261833 1970474482 1695127844 -1003143388 1749292633 -453516786 1699892328 -480039523 -1933760210 256534563 1558939882 -251202681 -1333037359 545014932 -165452532 -1794285652 -1263542971 1039131372 1475754748 -1393524500 -407647099 -838463959 -1698757645 1725898841 856597216 -81348413 130854450 -181119798 1788517334 -446128551 520925667 -1852952027 -460957738 625887374 -432073392 -1384967035 1520765340 157475697 -1467444691 -182172012 913284337 1729165877 813354345 1982286755 1445206860 -1201742840 1737385560 1346529146 1036257163 -840088600 1977152508 -537470196 -1317088752 639373000 1509139696 -926021897 585361477 1558129039 948960266 1714699462 58907010 2123889743 -328879513 -786560683 -1548433272 1663835803 736118722 -1790856603 -310991388 -11822357 -1317641692 -994115610 -1452459627 -1033152606 -105063152 1831789907 927960957 -1660886211 -31132591 501504065 -1745425731 -2049513554 1817610184 1877995935 -899159860 1001676897 -1882800226 -2057898211 
-1503843132 -1883387654 44938525 1012288299 19742528 1378602038 -439561551 -31907514 -1806889554 544601841 1756667213 1079699542 453020529 129542315 -283081142 609066560 -410617667 -1819575556 371300716 -208495445 1033897806 521507022 -291682631 28507591 -1995884719 1855928697 -1671113949 2108634108 -310772068 -1284904601 -964938378 1563106145 282310605 -1682194336 890787929 1497830776 -658111179 -1768621906 -898893563 1381744051 -2090760569 1966265976 1202756452 2066945037 1574791028 1366575843 -1725331377 1591541186 273536679 -1849458812 -1363686292 -1607071187 1218610667 -1770234110 -1879520867 835950948 1836157373 -1637961371 742339292 -557501300 -981203661 -1364909697 -1968207936 1833125046 -2037251966 1716153655 42374227 1027375589 2035114801 -640698292 -535526454 2081550734 -983964576 634140334 2006330924 1659349234 1745055813 102773599 1824676710 2107469495 2080700803 489773456 1180047441 968444577 -763876054 1182373700 -669285586 -1758670006 -197000514 -1469969275 1558410736 -1559320101 741359290 1805322551 -2139626902 -780919964 -1811309579 21729709 795285358 -1900259598 -1153018730 -351711460 -2102933881 1873905937 -52037092 -1667412684 -39265473 2060592215 1334765299 -43187370 -1411616179 171158245 -855239353 -929064412 718411532 -51218332 480835970 265575664 -1406699398 2120827403 579705089 599402129 839872122 1214201641 1163810220 1529714162 -576401430 -2146995849 1958737629 464096858 627323000 -1450547829 -1442056995 -1978825617 -890035777 -1146218215 1761675171 1179831910 795746868 -313720054 565399901 480369060 1501677987 -1378379912 1674985275 1042627804 -1285126363 969570687 -1404639421 -417993681 -1683043163 12012194 1075391805 1850283769 691085340 1573473234 84398260 988737033 2130673264 -1010658461 1732793166 -291657007 496917911 -1451067819 -1570027917 -1020509124 -1044323738 581692617 1708515165 877739376 210763527 2108662775 1268526173 -1292422192 -73579071 -1434475818 -550921952 1189934567 -1675015901 1157516732 786371624 30803136 -196356331 -1655892805 74832878 263078486 1647496252 -1264752951 205577717 51524500 1535256091 -2084744962 1988132300 1005578555 1461650393 351426843 1545176258 1406529113 -532447564 772606037 
399001820 1678649846 -1928047058 1180633112 -2028300307 -146598342 82234929 -2082558803 -58613835 -2079680760 644652168 103551463 1330008997 108218325 -1242522387 -712804430 -634645565 376819723 414309474 -2091189770 -929341091 -2062123622 244810445 1081689636 1308001884 690547853 1333049137 2058629819 960557097 -1604431269 967412679 -1399934200 585448354 601049423 816893094 678333979 1967556171 1034509485 621979286 1995108131 -2069259417 1177172161 1802892415 1509443219 1094803983 -1994883428 880186671 -915130804 -2115255150 -1596356427 448940458 834471217 1116256457 -1807142570 2089350190 -897114 -1756583264 -1675825820 1553517237 -2100100800 514303866 1869599488 1699269357 -859617955 886723608 -823738703 -688701935 746499567 419289377 1058602062 -335389313 1709053671 361288937 1967112816 -1640109091 -199636829 1989085190 -1794027156 -1148606288 -991709322 719003753 979097798 1367294501 -288199976 2070436588 -1701282501 542626010 944762155 -1099000959 1581695369 -1917522302 1390725889 1051837608 -1090819147 346432335 1470532650 566352060 732643168 -1740405216 2039956844 1898230010 50413425 -1831699806 -1222750872 -798332489 1429400627 743820689 982594750 18245802 -1251684919 -454741969 1402766712 -56384524 -1642395731 1516279149 720719313 2118489836 1604429810 1287858342 -1749702040 -1274621675 -210547744 -1917258644 -349333734 493122480 -1143096790 1898398083 -964802982 994334154 -1859281490 912017923 -502901521 -1979427030 391551184 -1352292443 998819829 -321393450 1625595861 -66375331 768339934 -1188347301 -512763487 2101040755 -1681937086 -1181647338 1853210777 566842004 -2103936550 -962126997 -1866155773 1937402699 -564288668 -2042801625 1947754598 -49484597 1310751645 2130436706 1997989517 -1567513935 -3746238 491220425 1624161468 -1852665529 98938329 1503150519 2100662576 1860826434 429495170 604042878 1160595304 1200062932 718086463 1702654861 577182751 899924996 -1988932564 873478107 1365992162 531326271 1927236849 1658002400 1543950058 -723446273 2110724260 -299287176 -1481849480 2092330083 616007967 1747614716 1540987295 122244490 -2123066530 1711259838 -1011509475 1123504529 -953186421 1969028153 -397903198 -1493514844 -1078126682 
1681762199 1954995764 451383415 -1150742268 1204010588 -775864067 -13576448 -1008820656 -850439191 -756176891 -852744704 1202816397 2001851504 -1943136945 -988003602 1090070683 650414559 1718649452 -1475526375 1050301602 765678725 -1191297399 -950675248 -1948320004 -1970895909 -850597345 -694372528 -1552666353 -359892924 -448771330 -244687940 -231294565 1359480003 1575558345 -1728463854 1493688453 2114181764 112398922 656125660 -1396200361 -303688389 702232636 -1124683990 1086821032 -1961792859 -926263316 -136907632 -1118388950 -1241428551 -195747968 1810276222 1842202893 -1573358213 1365888118 -556839971 -567934288 -1029193394 598283649 -859401548 -1293221845 -910811459 1275540722 1726388334 1724345233 -1825932814 -449852202 -133192923 -207505502 206799845 -1908996126 -1788072277 -389855463 1810601218 -1244357939 -739287773 973692559 206571667 904226673 -1582375684 1280356510 -974183226 2020197402 860897727 -1430820644 -461764996 -1284898482 -1179809974 827011543 -891278865 2135494514 1398034706 380623976 -1053058424 2013819401 -54491534 1757864218 1824730060 -95627703 1174091152 -507254745 -190660656 -574191900 120114452 1993464806 -99254467 1767203986 794738665 -1174730005 -1685781526 -1012535402 -319962999 202476191 -1189092601 101149803 2055235250 1954431778 -1604866301 324760419 -620294559 -1890636568 -691869420 1598955586 -2087067167 720574806 402130993 -161230365 1035285359 263386841 -1054832460 -1142738469 -722592167 343729944 -664759127 -1571309473 -1533972210 1740892751 948329905 -1265840193 -1132781785 -154954150 -532452794 1064763548 1089346995 -424558983 1908749210 1135203033 1911579976 -953500088 -1694612210 -400134306 -59615882 1859633219 -1587816603 -1208846047 534909516 1214129375 1367837102 -721113028 -1335747948 -1234993381 -173941868 1163727295 -353542948 -486962569 -1914487837 -428309740 457603502 1417644243 -2062408868 -1593821463 -2099046298 -1646551860 1897111165 49072461 75214405 -1514897701 -1477798643 -2121002811 -1099410519 -907649527 -992580921 1274181500 328164409 -1205434792 -1931018352 -743924079 2105267235 1708408464 -1090401497 2125425319 -1764401149 1735402056 52720673 -1946856400 1520747617 -1957408178 -1398211251 1727895252 2027698001 -575450750 
11961519 1896732119 1500095284 830401581 1327425416 -994533338 -1323259158 -1708094180 -1555403741 -1051232719 -1447726480 1609458746 -1855166016 -1756181876 -20891610 -1492109160 1816692349 -890063659 522109790 964681810 -500271345 539483134 -1071596900 -1555009069 -1761789085 -1684763401 -588563659 -182372916 -1179076942 -1488211542 1505129417 2072424721 -1484527380 -1445836726 170108671 681878435 1899658170 737111623 -823850470 -1123659620 1599997062 129187451 1344604127 119832248 -1036902675 -1925667749 461067094 -993099795 264502728 1352214242 -2088699928 1342103151 -595525847 1912159794 -1876636711 -2044253860 1526413958 -1370930732 209686406 -483853806 -106961847 -838087398 -1940246232 622051779 -863179115 775892537 1655229432 1693987702 -1491524287 -1936896646 810982949 -1252520469 -295513348 538726286 -1145472003 2066929282 83159170 1764616611 -1482132560 -1228816162 -166060593 -633799982 -1315560211 458442077 2080775724 -948014167 -1808101298 -1305153526 -351592037 -1750300939 538521315 -1834987766 -343079957 1052173121 317336333 420743677 -836947726 1706664013 -2054795161 1418177788 -995083669 247772578 1020184281 879954588 1838791149 -1243861408 -1643272311 -916993825 -1412127094 1166709549 1629014985 1338794202 -938281801 -495864150 1147572256 1357718645 484494810 -757588043 1744748733 -1936005454 -310128319 -1290547963 -1581565247 -798705125 1991925251 -948912808 -1628248841 -1024635887 -153295327 163662549 272896737 278933818 2098457888 798484622 1194712498 -1161822369 646482393 -1091314076 -1874506044 -1759514161 -1490001912 -1389162423 1356938180 1004361697 -292793461 -1840156487 1802636468 20459933 -117466136 595115371 -927019909 275099829 -1413799940 -778201704 -1792745335 -202796590 -412542986 376804809 129622005 -505735226 -348624635 273402109 1455031456 -638217700 -1233133918 1293178910 -236888289 423401430 -1198922217 -950065916 -125030078 2021702184 -1879881454 -834505827 -1778186735 387696409 -1302043259 1285503082 18729904 1899960197 2074965461 1134930174 1049104365 677122101 1451269018 -916444106 229762222 889820602 -813556135 1376115405 -84041443 248693923 -1385813845 1486509804 -1688751395 18740248 -618891473 -1735443321 -769355251 -1611338830 
155328890 -1151805970 -404077983 408046478 1837108283 -710437098 -2099030049 -187185708 165188921 -340346986 306037124 1860377497 -1842780257 1867297033 1430439908 527547807 -135304592 -305987629 -736040326 1060237339 2019167259 140492238 61571567 -1461029273 -432310815 -288885024 -595440666 -330292904 -1101055643 -1211163168 -1448375457 -1811708950 -432937425 1497545223 -2105649035 1051133 -1848537957 1307333027 -1467437218 1454576268 369041739 -1247320670 -1079511116 1983075442 2052461674 545585950 1147479877 2016106315 -1722198780 -185987414 -646053339 -814179916 696194696 77015110 -1542946403 -384434590 -2016852697 -1210880039 -1548717347 1086378555 -1702400421 -1342452678 -23235488 -134129548 -722549738 -936406954 2045401212 -1437463823 1378294296 1997018530 1799964032 -337114645 428726823 -681065802 -909972200 -1745861905 -299136403 -1439489769 -642508572 1047128159 57752792 -2018201992 638290098 2053212957 633548590 1472208993 1331501055 190656967 -1605068186 -653136908 1659832985 -1376803432 -1238454140 -573608768 444407087 1339027282 937219264 -511820773 -1713749160 565946137 1095750897 -241452644 1114558887 -408237678 2130283231 122367744 226177060 -835374088 -1593984286 -947100913 423553120 616807103 940119902 540832360 -1112791596 -1907787639 917498962 936731180 330028657 -209791583 -1103750364 -400082000 1035709619 -317739753 1875104486 -146814254 111440009 -1055385137 -1010703814 912848056 368725215 1029279047 -622477564 -1831038650 -31018819 275491504 530696902 1585670735 815779151 1327689896 -1895349466 1917631313 -147107237 -1157312510 -113846514 850872957 -1000890184 2039941349 -1369816804 1575163771 1452539433 -1276572625 304600857 -624655566 2016495922 -537412952 -2092666147 -1049325365 1535191721 1602987481 1344049952 -896757327 -2111417853 -1265218116 1138096503 823351482 -612406048 -1628876965 -197847492 1873588159 1574354074 -619527334 1764903023 2011334852 1235352979 506450126 -1188699062 -571673036 2137548911 491366755 627471181 1611377100 1599313309 1349101069 -1958518540 108705200 -333625188 1369435816 -629763815 -730891340 468247020 -346060073 -1008169724 -2135240656 1324355795 1152249495 -1249442179 -846810990 701049992 -1990090611 
1357907197 1915502910 -1953475962 -549420039 -56926420 1593960013 1186851402 -952940947 530924229 -1943066941 959503908 -1818579978 -1474598181 1537618071 643416770 5659448 -21014905 -691381158 -1765600782 -1481644313 -1661526754 1593060318 -295828613 -1446297680 -496797364 459255665 -1017900633 -1087135573 1286524740 -979342563 1131551347 -1304828502 1371938639 913885430 -1115254882 248565206 391302144 -889976344 -608386179 -1377616679 -521168172 -1383657053 -1733763981 -180082087 730102079 -690303007 1529090510 -1556304182 191036514 -1564603252 -251741994 725995554 -1995430305 -1301213740 1817595832 36796866 1361250281 -1634445335 2133477130 -521230341 -1739186242 -1790279461 1327274349 134798695 -1400146334 -543049760 1527403563 579137371 -1317728939 492506131 -1344806151 538875860 820686026 -584671546 -1903955210 677127731 1486288128 868508580 313224192 1488852639 1621720813 -954805137 -1436345406 -1874141660 1618961363 -926820420 -2048975854 -2050034161 -1200300323 -2128191860 -1974748779 -2105117437 242090958 503290404 -1720497894 -1986414878 1494965890 1216156361 656569055 -1554100274 1723324990 1400374556 -1825629899 -1875545036 1584944856 -1205506789 3160200 637499625 -1770229146 1917330313 -635409710 986903230 -419764539 1603417620 1958958463 -368186772 883061625 -1923455632 662227363 -643617526 1223893913 1538531666 17658517 630149587 2095726390 414554717 1138427761 1418235471 -1355202947 -491466017 -693522890 497348183 -1279253176 -1275585460 1085571798 17004603 1285614920 2133887862 -762041265 -1052982401 1347398282 -412964966 -482084399 -2001003840 1650032253 1936752728 314276054 -161084319 145575553 838178057 -134740991 1122490240 1865810345 -1028463128 -219815314 77375331 929554624 -818599289 -837142658 -2030653669 360380235 1646356788 569209562 -1638118787 2081567716 -1142637913 -100086334 -961006443 1992807329 -709277860 -2045706423 -1824509933 -787911465 1104414346 -1503750883 2144517977 -1054144631 980641443 5377923 598476394 588808621 -1044865513 145522078 -597826759 -1971443736 -1903953724 1526567778 188064904 -630279005 -1615350083 1382611659 -2041663831 -423532892 896010886 -1881361835 -2134815063 1700375712 1374517736 -1988671824 -945270464 
-1952312350 -292283320 -704099847 -654098217 -966883328 -1127963599 -1758027125 -2048406350 1310874883 978720751 -1301343997 -538086892 -847128789 -760663223 -608975346 -1282931164 1919331037 -183675650 -365790133 365967921 657680606 -378036314 1027968013 -311233960 1714758315 1264837242 -1682955185 1510086674 1170515302 -176272181 -2076549640 -961665406 691141136 1745188707 -104140597 -1562133337 30940784 -1925747174 -1397129244 -1509896103 -303646859 2400188 -729316000 2021424363 402033602 -1646975424 106547258 401010879 -699316060 1029996362 1089948202 102716547 200162180 -1962724140 80870348 -1701897862 -581615417 1925659943 1932582154 1508640127 -1799170367 -1540748111 1384711073 1344056197 -331316298 -1953724230 -519537519 -591889557 1072906131 1095959522 -1008982360 -1277391401 1863947492 2125923757 -148742996 1790792478 -19372457 2016314094 -1891429638 -1535616598 -1500304146 -2029699782 -1669043614 483395386 1465293713 824766997 -1780002473 -1114618948 -2131916863 -1659911707 699626292 219183108 1952590770 -1480239028 -1138159998 -352046872 1041677563 245911029 -33050124 -1276490612 1561391069 -1311580121 -2116544100 -8331227 623037819 -1012130054 -1386439937 -756547025 1118533081 351510222 1652897771 1678038324 1799363452 -1912545711 -1596259005 584568568 -1625440223 306427322 -2025200480 -1730670328 -519360768 -904066353 1535734474 -2063168203 37578060 -983837433 -1318976000 2029982251 1315995242 1106505080 -862101500 -247127285 1189813692 2016445151 -979559517 -1940537014 572291158 812062383 420719633 1795778856 2114062236 1929327515 -1357533307 1327237241 -1465129657 -1269750593 988981953 110441558 -794924938 100119632 822847546 1124172421 502251473 -1021358879 -776705031 1161684258 2090044104 1209815725 279797955 -1193401716 -221973677 1374742813 824508523 -1851168324 -1295620833 1079666406 567415057 1577878291 1681727683 965932252 -1580489849 1176691703 -193740540 2109158227 -1276634327 -1939344553 424212395 718504301 -89045028 -806122039 -1056337060 967755123 898224449 1629561417 306584704 -704864774 -998041346 1226275286 1451165459 81307569 580726389 -1338862413 698481556 -1364539140 -878914363 -1118440459 -1622180664 -1119947392 1736890237 640442733 
-1740277797 -1162436803 -1108122088 1488650858 -1070093581 -1148668392 -5401751 1948055978 1570702533 1048091496 1791074525 -2008365403 1151792522 1995843654 425983056 -295193434 -1532373237 -795213037 1058115563 -943469681 -1810698973 704520149 166953591 -1564420439 89235894 144291221 880759344 1224548997 -1777120984 -9010093 1822935590 1421596655 356889451 278468184 588717228 964480807 1235443482 -609805857 1341290862 -891660929 -411404953 304328775 -599542817 675650790 -268236785 178274592 1498816043 -1736525333 2091487773 198351709 569662770 1173548018 1179087041 -1159592567 1044581467 -1493055829 -2046623615 -1866397545 -626781420 -1295565349 -2042713018 -1029094486 289398477 -1752370114 -1057322270 1450334476 -1632235729 -1933559597 -1224534305 -879029208 1580046941 852428543 -1171566242 154243218 465258169 165039359 -1507670897 604628307 -1408816620 -1774662393 -851511707 104868467 1792536694 -1031968271 -1630635128 -607548472 764439784 802327371 1759465827 2142355738 -377506555 -371952244 1643671675 -1059028906 -1270940805 1637000276 -1092411846 652000778 -1109952060 1753117030 2096599442 -12335674 2098840300 851583799 -114068831 -1783594996 -760180917 -1244922292 -527805298 125366175 -362911282 372307452 624711172 -467614111 759784724 1091923605 1407078557 -6187458 -2036463901 -117126525 -1857667455 -2017866243 -586466328 1382010214 1159235098 -107262847 -1791704886 795508810 -347419810 -1577364536 1590842955 443600461 -1575961209 -410283783 715650980 1417096083 -602701308 -337165449 -1530174486 565529381 -939002109 551765940 -2073553728 -1648911240 2028050660 1075580672 28395239 1117545926 -1865338971 2054786918 -52632077 1137188197 -1859971401 1341826550 1293788294 1124091143 -727543032 1867093424 -1996139027 -1104916475 -482659803 -438637932 1039483834 1654362069 -497935532 1688166335 -1751646386 -718151237 650871358 68775128 -1371458000 790072835 645092906 -1203567657 -1302688800 -201132682 1001831642 -1304171831 1663350414 -1241249916 1710907424 526424038 -735239289 893862401 315600811 1421005023 -638255988 1303152722 1094720479 1045617339 -1619586252 -637658281 649648158 1087170424 2090573500 657947431 499255384 1311596326 1924156008 642439596 
-1192912867 -483532903 -1645786499 -552324439 -494204442 360251500 -1244699439 2042681494 -306727833 -1014117627 -28476320 2120641216 -1278724202 2012822541 1057119020 -424132676 -21517488 1625962989 -2106570241 1914303371 59511255 116552169 241019595 1948127782 1060667829 44520607 759758738 -1944119841 -627957975 -1447423577 934256333 937941415 -1536477411 1062509596 2032992283 -1233417657 400977899 1160459479 -1793403271 1751802517 -1062152873 1963282239 -1289407423 -710193835 73592045 -1895770170 1910055697 -1825104342 -796864141 -55797223 -334100084 952936383 493693031 -1861366202 1455205398 2049250789 341112531 2092780040 937653020 650880905 -572372840 -477653116 1816702531 1830253723 -354327243 -881511231 -1204557891 -210697744 -877049325 1618900635 -644125871 102278068 432791482 -1306011684 987379223 1528855441 1998126341 1182324168 1869422205 939956693 1696566616 1453337835 105816290 122515017 -414772350 615956482 -1540433881 -1135545139 -293520437 802156072 -43633228 -685895515 -1325280037 1744369536 -1793931120 1731495788 -1993346600 45465966 103592944 -1518392329 1222579942 1279810939 -407086316 -1430350589 1809441515 1577923610 -1734689791 2044801205 -1644991502 -1297541670 1850983734 -1478559404 -1312286089 -323570820 -347263635 -2093747935 -1417335796 359745571 826431921 -176733206 -536668655 -1402920633 -937555391 762049434 -1869528858 -2120144519 -632562204 -162220023 -1695368339 -422256184 891204773 -1164565649 -815684521 812091390 1398254850 1503786006 -2041180281 -1880969422 -665677145 -554378495 304667609 -603925213 -1102182644 407592971 1144421436 229596536 1597986281 -1246042613 -833372492 288181844 -1773704303 40828339 -297799469 -264736872 -39569003 1136475158 -856756092 -1952596799 -549278062 1813604199 -720991500 1353557576 1154105848 -1029767993 -2115851301 -17772199 697939901 1032960183 -1086918874 772179680 -38932305 216689307 1694052073 -1675463667 -2078932334 1842824051 1831483715 1393821992 565203428 352648667 1992115731 -761456718 -461767223 -995114473 76697350 -1278755241 -1299030744 1896704687 -498318854 -1426170294 -528283796 -1391961350 -202573763 -573024524 1092983585 -671281436 -83808252 -2053315174 -1937712902 1128278874 
-1285887916 -1448946974 1933425858 974642999 1165093001 -89304837 1572460359 -1525386258 340833188 1616723726 2125188431 -1355779680 1929673219 1039128537 -409684190 -1411364987 -1134164447 -141432751 -2033685029 -784167490 -1897591303 1563056935 -446855296 2143133558 660653083 93099244 355137601 -1598392617 -1874782862 1360446343 -1735690819 714657087 -569200379 617390002 1639071129 -167927573 -2075183460 1816637480 358784377 2125027838 1676147768 1842287613 929981181 1490056905 1881419863 1698991571 -1719002463 1968359132 1620954716 -1267617824 1111159822 1918617754 -364373518 -1142059744 1870170916 1491032677 1549404139 756089670 153405292 527726705 -1467723921 1086996669 1748067634 -538125112 -1201849370 -2010839855 2034628644 249054688 -1326951734 -1567141674 -610357823 -1511963266 -2113648722 131745729 917334789 -922215120 1455971581 2016228223 -990166871 484697485 1110257984 -1112359585 1718260144 1567605629 -1480110323 -727585773 -1199496252 -947266997 86157473 -94522511 -557309766 -312381978 -1150780024 802298903 430547593 1175104432 1335689379 -1699650399 -1698887041 -851661986 -281981242 1678575391 1432268162 -1251582411 386188063 -1572178919 348150660 2124187279 -924280842 -25557241 -693422537 -1400199910 1529651317 765777555 -1067021623 -1812717560 -1650776455 183014114 -813403154 -2105318441 -260314683 1788896801 470168832 192068103 -744867009 364972721 -1007550072 -155706637 -464347327 675152767 1978016316 876894445 -600439644 -590298893 -1969738256 1278778251 132493429 -1716575188 283338788 859284335 -1146083368 1171335104 -1215282065 387331133 1347496151 643999196 -444174850 1802031573 1603663804 -788673688 -1401086684 55772931 455364612 -447584749 1755771209 -1156142953 1578883493 -1455704804 313184654 -583318196 -1218966956 -1607177053 1904928085 1391747833 1559981151 -2057724614 816309492 -272413118 250028447 -2848471 692117546 -112097044 835748869 1133085858 638069718 -593837483 -1220511068 -2135000222 1724192961 -1347097007 -1308032704 -207702094 1044762050 -261987141 1341829944 -997821166 -162568662 1926436307 1714826736 -958487378 2007201370 789581382 1819212643 264925458 349316519 -338067027 -386986132 338325267 1350559643 -1893241051 
-1010756142 1887490067 -367556296 1503149945 -71042387 -1104312918 2034471556 -777167915 -162743247 -956773275 1166884152 -832085311 -1254043714 -1735026121 1482329009 -2110355741 -1747841052 1930964127 -1883162045 -873988696 669672674 583881442 -2091731234 1990393633 -1573085477 160922855 -300774204 -1577522573 381321720 -534253709 -1384891827 -1353078416 851622102 616498519 264616761 634673130 -50454796 -1992614919 -1788635861 1499063552 1802540434 1927584927 1078265770 244208881 603410712 413459210 1663537816 -1352610024 -528736107 -2134012944 -982042386 -1096009038 -1208523180 -1950535961 -157317266 -1808194797 988038199 -594736423 -480655466 -1166948410 -1189394986 1756252868 169354048 -1816722375 -1044967414 1412904370 1529962096 624674249 -1208115003 937729194 259337133 22895987 384495174 -1467326065 1708913907 1493481934 1387254060 579035032 -804671294 1682857439 2037471652 -531861830 -1630944752 -797589276 -2090087526 1160178634 1332903728 1572869753 1574798017 892085309 -1294750505 -1515917386 -1323847406 -2057146924 752788193 1060671332 -1842444348 -646940371 211010189 -80426 -653350985 -985998114 -1523112013 417796975 -83939861 214590689 266871574 -761349571 1017309604 -1652420326 -1032403753 1473347385 -2049547586 -358288543 274638461 -1982435898 -845474208 -169337407 -935823428 1713071305 669790586 1299374841 -1363161907 2050009021 -155933562 1236393831 -907822031 -1684557460 -1169404022 -527190119 284019293 828252272 -1627354416 10842895 -2129775056 -2099877824 -1883901323 -901603988 833821595 182787173 -1217221385 3867954 1321203341 -2101932104 -2055525609 -208097023 -1958265286 -1440892469 1273702092 1775320188 1128658042 -964732514 382474010 114439067 -1209728606 1282466766 290959971 434447283 1149427721 -1993757098 -641234303 840311830 -1564806035 -1526111209 -419602963 1818553014 290570681 130506516 -648273489 -1811932723 -587319287 178428842 192004896 955887590 -535032261 1533231700 -551408003 421238450 1281340828 -1435466544 -1845950574 -1319917947 -839932123 1815760228 -1810004918 -354029991 -79148706 784406790 -1656590485 1526621378 -811782184 -2044396418 504416811 -1067597806 -2127853994 985010456 1153244179 577926341 -668921182 -2145647297 
1474900399 -1867048451 1124208590 -1252974523 -228351961 465345678 1036518640 865991568 -2142452481 -1621156432 -882194014 426873260 -2105420221 -254481529 936910866 -679458025 -785671401 963408436 -884112496 51433636 1946777840 890232393 -586967088 1764958382 329040209 523653226 -2140933547 713420842 -419523817 -1749697991 428340081 -1761246870 -1363481933 1231615076 -233891638 -1790380351 -985837582 1505378448 2023935228 -1896624962 2104512545 -1397021414 -828611294 -1911100861 -789416897 -1196379607 -1543157248 911373713 -1961513857 -1746535289 311615944 1412205603 1765943071 1086624992 997046821 674727145 -1973743323 477855491 -1510614917 -1551640091 -283436395 1619099290 -129741293 1999523449 253498146 31306952 950554625 1545026818 1532113782 -117228205 -512884130 -115879671 1586786792 -63647713 1049820468 -1950763178 1019763999 114495705 283774059 1934156913 152794411 1647147005 -2117867749 1577719868 -567148326 -1449605288 -1053760190 -769084807 1249611522 -309754589 -840610924 785311691 272056706 383450640 -1178559365 1487952246 -174888284 -327245152 531970300 174404419 1205658124 1523905863 1867666629 2134833012 -1676149891 -2112199846 1381581371 1644911134 287020360 -592901917 -2059841424 1359232923 -573318085 -1670385476 -943905239 -22122487 1405542728 -191415569 -1813010698 -418582998 1793569427 1292367857 591730114 1968281126 756405436 -1552801859 391521452 -456848987 -1421562638 -1401268586 -71151922 2008259215 -2062959583 -2011875780 66610774 14066290 -1370694603 -1638208186 275012967 -1929092205 1379001999 -1491247557 1092292972 1982519361 2129486564 1879441361 631758562 1854164059 -978691298 143365354 864372262 2111455257 -1701643053 -384325832 1564462541 -83224531 1512551263 -846848360 2000034034 -1493255612 -923642270 -2130508150 -648532526 1002071670 -1204054723 484088427 -720780698 405805101 -743472529 -1265038183 -1817070068 1206950122 184118409 352351402 -920563166 1475305106 -2122820716 973850614 -351142635 847387076 -6749503 1140273499 -327336456 174830245 2076187254 139888575 840013367 959060622 -1806392450 -1513733926 -954704429 -1048403950 287849061 1777332135 1877376834 -74299183 1266900667 917818418 -125091924 -1420226717 
627842257 1373529647 50660598 1181012932 590784008 -721983369 1806103486 1180769071 364965968 1783531941 53352083 -1902003217 -1284958532 -1292768300 961682708 -3286305 -665779387 80778369 -1027067980 5433939 1853421357 51318271 661286776 -2060807319 291629008 -638600737 2017826954 1324757523 -1339003946 -500628267 -2143100302 -1833617297 98239854 1309615281 1726852402 1160391434 1320684302 -1842935594 332448650 -408906134 -1784178861 -971519842 -1541306051 485053931 92034169 -616858337 -98357949 1135708754 321924977 -1045101282 -292619778 -1991886322 -1786964580 169912778 -500901187 1091818526 411472199 793552728 -2083769053 -842464907 1283121743 917299086 -1703608243 -667365700 1494460043 -1387303023 -1353798837 -898895530 1558779921 -367514523 -1856176719 -612074272 -1997863407 259314744 -623109042 -1661644924 -1481671659 -1691562041 -207623813 -1623299659 91472525 -1283618674 1590202725 1289205818 -1539362658 708104452 1180494682 1792508205 468793388 1485634411 -403591637 -71086586 1546258811 -972848492 -1673232687 -1943502146 1518224492 1940392348 1927176993 -904617604 -1549915622 -908542333 949525168 -562543414 1896872001 -528708143 1696783327 -311049772 -646665454 1767340123 1246285622 -1011271937 -826840172 1189634808 353635434 -2086787578 -1724364265 2137853651 312142978 -792682801 -1288329684 171966371 -712968207 -96926276 1006474838 -1708264785 1813355347 -1920291683 312624481 -2118662947 488802289 -227007708 2034361802 -1770583420 2083126800 -2119605630 -1190369300 1799710668 1878272805 1845820501 -938349607 -1113416094 1044493460 1943996327 -1189889074 652063071 778695325 -631373956 -791361466 501335711 -2055552271 -1600352895 -1376454130 -1772809790 -2080646568 131345415 692189765 -152685908 2120929840 641301333 1417519902 1526710177 174475838 -1954416842 16926121 382001785 1107872371 987986623 1918623992 -1812390126 -781874305 -1465976939 -1604298332 -1561995696 1492585334 229923533 -1803862457 111966088 -1136381487 -102687064 990433127 -1745855673 -1245987377 1079371235 -1472774253 -196357178 1160202739 -1418611106 954875487 1496602090 1027950685 -1176881301 640702700 1640532928 600838536 967444888 1509850597 1415827932 -1805716063 2057239891 
791058246 -1930098822 -753256703 -1330286981 -1520597890 1328793989 -838240923 1947699297 335731750 1797018219 -125163047 2038925729 118111410 1276022346 1606700560 1519000605 641320135 -444312167 220503574 248178792 -1887782051 -664338872 246742443 -234708579 -1203119835 -1167241161 2059023256 778667308 211699539 -1461016345 1594060809 1904418520 760422356 700378539 1936135600 946587110 1656304196 -256495705 -1758078123 1750119300 943001439 -1702635375 1385850784 -83743962 1715209213 -1957404441 -1679628513 1371712264 -1175144196 629426494 647156008 -737458149 638120491 -372517186 -1587982244 1153603074 -110125673 -341667901 -1554196293 926247227 -758449085 -1628979894 -986258644 -1013163341 446215521 1784410210 1309240750 842887392 1907581955 -442869849 -49756589 424492282 1735213998 -1024778972 1356855023 2121026007 -1429343353 -2133513646 1710215022 1919356634 2030175438 -1227981961 789558670 -1933368896 534899251 82478834 1137535574 -582284646 -487474608 -448684237 -1650550568 -1746669417 -123691444 -46757656 -1777576189 -2065631580 -1610062377 1015305588 -523177448 -1370320054 -1132864198 391123467 -410822034 2044240082 -1542345236 332999862 -861965896 -1983469915 175786482 -2060700698 -1039980435 439359170 518491575 1784125334 -1389262499 1482835603 -246752959 -905152727 1085609961 325725263 1141371619 -896881855 883765691 1259731255 703158026 -377210114 1271244881 697644502 243667521 1616380897 -181204921 1798084691 1140345396 -1341521769 177117523 -698140857 2089301772 -658608703 1669835295 1977723597 -1754063501 -644084272 -616913031 -1424976445 1450815310 -1761564481 -1547084381 744348762 1640481481 -959598028 -1137766003 154982338 -1775272386 1038603963 -348325209 634751318 618470407 1908045959 1011186542 1840638697 -1094547718 711107486 630743577 940995671 -767346187 -1584163548 -224932500 -1833448235 308154537 -1045644334 863717063 20145083 -1110371669 1939904066 -1196942600 481636836 -304664475 -129547574 -83124624 -311448122 -937954690 -1196261278 -1257189839 418454766 -851125006 -245574475 358255886 1875134285 499159841 -829890495 2017510102 -1795611139 887026334 2025084214 -600391901 2117805278 1935393477 1666401477 101094004 -1376404581 
276577937 -830816496 -90436886 316338752 -1324296489 -150977108 1266998724 1246493538 -1619850782 1596297651 -581989427 -1256183147 -23217984 624900503 307048487 -1809975815 1782818131 1284376278 271342265 508950100 1938230201 1482783320 -787362221 -463815692 -584932439 271338768 -470495686 -488234362 -1927970965 -206020779 95026819 -822184316 1644145803 -85402223 161032706 1691617329 -1216190810 -454746607 414068634 -1712431637 -1007912667 1655154561 428872823 -1582526177 -788393029 -1337573156 1282380165 -491420412 -159376932 -1309942444 -1607528867 1262294224 1663200072 -1082400559 64667805 -756042358 -1572146264 -221519215 -1253092795 394200592 2067274961 -2036552890 -1184143710 1238158488 -114017499 -300534850 -1942796834 -1758129859 -367671452 -50294217 1036277571 1255755353 -778625080 -1888728139 2068869701 1333243891 1222028000 -158537253 549660787 -1388944021 185872131 1658792502 -463140393 -560964067 -2002614634 1861274780 1717742466 -1837778381 837915481 -497808028 1554560338 2025571888 -480878969 -1691874050 -475059025 2082721280 2002766163 -1266515679 1630050935 1895567167 -1654607368 -1711848598 563035971 -1917882544 1063048538 1174339737 1913936710 -1836985675 828075025 901880543 854420735 -258047778 1767768346 -1424876430 -672621173 603325641 854391151 -631128753 -1777521429 203823044 1107171694 212243592 -328097044 -1862046000 -15339991 -1180618790 -998860697 -1316806442 -1495224400 -498561450 2116507985 789433251 -2056339631 307725719 1354200736 247503725 -1190308067 478256644 -25089600 766059245 350683436 1388338656 -1238491109 -497597701 -703978713 -1579177320 187793948 330403677 1849374892 -1344244207 -1039154200 -460972219 732154591 364831647 -727890320 1289956097 -1011295752 894580206 1532857013 255354081 1114531152 86846481 -1913654728 1688197307 -727972142 1842143847 1747821472 1593023095 -1806080908 320315721 52164014 -1087740129 -1734922253 -1784120490 446157447 -729148933 1112249172 -2034383386 1107425325 786348913 605157450 1804716069 1569139039 -1914871426 1575482880 811730132 1925858612 -863943955 1268711244 562671325 1205507168 -1309642900 2147183938 -242871593 -1727621812 323482202 -1997636892 -1730599187 1932027549 -2135335946 
-720283794 12815430 623095045 1559545394 859971005 -1425429228 960364478 -85347407 -840031098 364392796 1092724845 351123046 -1021355920 1781712621 802704572 -137380522 -559528288 -152156402 -1800694754 1215351591 -2087038163 -1712351338 -1182654845 912484437 1176275368 -1923380964 609412615 679127701 1913204076 -1964980209 -616584524 -1364335149 -1435178615 -766219094 36352682 1735883082 977363109 1578348427 1553934989 -981335043 -1178928002 -1431684563 -1210810429 1804390235 -951863934 -377062734 -2041032189 -1862468006 -1338019260 1036487011 1621719588 -87308291 948557444 842874121 1228433968 333825769 -321064069 354877221 1515718965 -1658800538 2060330528 1334650276 -1937411752 -1504289946 853128104 868872630 1751813539 478535645 -695443441 1426868665 -2130527631 941006519 -1625629498 -2138513514 -1209587536 -1147625248 1249531885 99804821 -1311448547 -2100798740 -976193481 -131342837 -415810195 -1958083896 403994519 1551258595 1301717702 -1792977677 1297448685 -1319053378 164200347 -1301886600 -2039909039 2016265688 -1851884111 -1579485959 -1538470133 1508723525 -1870209466 -603793084 744586592 -480990832 -598302592 -629309677 -1922705832 -1611128104 -2090398791 -167863114 -1631084758 1084267536 1343572877 769670583 -38964618 -446540400 -206729160 -1765407418 -1834321249 -2054976903 2070290297 -2113372881 1098694206 -1512646123 835904135 -1038018754 1140107279 -664184192 -1978138249 -359422869 2039007016 -475531625 -1877699274 507609451 -1558448205 -624972212 213548415 1263411004 -200291275 631877982 -297698558 496826354 -718507450 -880110999 854348041 1041066772 -1441317075 -1235058852 1772373695 -1995559485 2105440492 1847790184 647514891 875076464 -678560923 1785656915 1462831495 60250036 67290419 -1232502153 1331670285 -297393375 442553038 550042149 1643241610 -1074849464 -17414011 1812113329 1758623583 -1293251164 -1621872413 702074906 332564419 -1067327182 1664654985 754510432 955790426 -1197298455 859678551 1240468658 1149587801 -1309798132 -1894730345 -253672595 362866044 530050697 155419025 594047229 1962550107 364879788 984424196 560169593 -765367985 -961231194 1940121149 -177532276 571409807 -435844580 -123615982 224896406 -1233996810 1972115773 
761083504 -877235544 1829673752 749367784 -1839111281 1340571665 1931256181 -136933978 -1642207135 -391156544 63007583 1414892892 -15298828 -1702904013 -195408877 1547267796 1279367651 1877295958 -119797120 693799716 976625725 -1108122140 -530771396 -1119317868 895342097 1084765452 -328868998 -861373830 -1024767017 -274269231 -1004392002 1234997373 -362372893 961508398 1649256946 2044058769 -142760559 -2022406586 1860720364 795141290 1304527657 -606533271 1725865711 728492209 -964918672 -1744646104 -1722887547 -280132781 -984523326 -1432619028 -718958054 -2081140176 -1297634294 -557673659 1342558438 -2034750600 1582600778 -898728462 -1346089191 -558864646 2106304564 1442081798 698540057 -808919479 726999012 -1447263816 -1753478961 -1530151666 1442855030 -1132266914 -1889035771 1059665506 312473962 1050780636 -400629927 -828073057 611155905 2136718789 1250506619 -79809139 2146590216 104698249 -1152717881 -1555724458 -1199193480 281782121 -229241288 -767610546 -1352994411 1972643263 1438891763 1648386413 1528285118 1825894597 432897747 -1301227544 1628377504 -576565633 -1007804242 1062315226 -1730701051 1751174488 338735403 1602045392 1235793706 -231738037 566014327 -1983660962 1842266554 1222000880 415849901 330681229 354649573 1239332431 29170224 -1658475402 646538950 -1998504425 550087769 -1592323817 -1185262031 -838522538 38663573 -1015720716 1489140819 2001838202 1399262260 202457086 -1388693946 24472296 -1237446047 -1612928932 193214388 -1789934026 193874629 -923249881 733881811 -1961627853 39382783 1045181946 695726063 183216371 937642203 1875044965 1654135127 1582252130 -1456325971 -1256967591 1307976186 1710302938 -2043699135 -20184928 -1954567490 1605283555 -1025562636 578647595 1515292427 -120970368 -943834958 -178690087 -1381804864 -2059805000 -139361674 1016469919 517294688 -1413783070 224310380 391232164 -1256011291 -1530737730 -1656187782 1558233833 -1663161044 -670893056 1897894707 1865416830 -1763310039 -1588250892 1873511737 -1069425105 -398521370 -538993023 -156453093 549066152 626289345 1710593015 1611386949 2019872168 -836574026 -1810777280 513308942 1000874283 1009381605 797106861 -1093772160 -542450580 1147945804 -920153657 1580415598 1102095100 
987447285 1200718688 -2055662676 154938077 -543935185 727767849 1456228028 1933580236 1446693177 859105028 77793091 -1053120780 105127162 -428518363 402627488 1981324325 1647665408 -1295144340 1507968930 1911536069 -2142773631 -1050438655 -2077345796 1677160416 391956490 -1865786320 700810964 -1098426328 -2048050020 -273577328 -968698108 -304601765 -1400858375 -1679574417 586398053 -1568202331 535813672 -813663038 -751054650 1802704824 -1284351935 -84857188 1970182732 -1885450474 883560862 1754075737 1330780181 -897805211 1278341318 -1526820385 2108190667 -1462801007 1408372725 -1074465570 239940380 -1182417029 106798940 426166833 1171872747 -1660712927 608265846 1525394962 393297026 -909684449 1143204886 488106 1358230491 208999960 -1223114479 -360455271 -1462266766 954000862 -843253303 1111001445 18771539 1226455292 2081266243 -1836303198 667089111 667107270 -1009436456 168927409 859878736 -1284916468 1186371106 -755091063 52797182 -1071584440 353858277 821689197 -925609414 617569 -659914983 -45015271 1838835925 1467884720 2069656126 2109998169 1709443360 -166572612 -1647706513 -821246117 58822695 -1504189660 1282204144 -1111555873 -1118187515 298837228 532319813 -1006665085 -19330156 1180708349 -1956624785 -1134497590 1607469536 2075771495 -2058324762 511372584 917254673 1552371378 -293419228 671893873 364867693 1909455168 1663695168 -123291955 1285505744 812567820 -834967391 -914662049 1236464294 1040497417 242556819 1045027749 -255056007 1054761956 1408064778 -1266796371 -672512908 -728555269 -1218347023 1241484909 571696941 137896560 -501516155 -1186799120 719811574 -441006646 2134850315 1436746111 -1590447405 -836514137 1367892636 -1269039463 -1878918207 868647097 -792569669 -795967551 1301930599 -1631473609 899103909 -1865222527 -1528164463 -2045893664 -274491172 224728558 645997660 -676980463 210156257 -750786142 -838692967 -2091085839 -1966304142 1472049619 -962585592 636397226 -584269267 623576932 -711506805 195893827 2083897203 354936086 597011520 -39230462 2134832695 1398895990 164025069 1616713249 1373240669 -366932923 380699960 -1736719859 1616039399 -224122423 -463803378 453991493 895674761 1062029333 532095892 1466982960 
1151791014 -859526992 -1873971107 -723467437 -1298125510 -1572462302 -2087009924 -653485945 1620355864 1759813050 1300981034 834769864 -1069245570 -365916567 2104573787 -2036885077 1297693817 450552394 1360551074 -600816585 -338804641 776842040 -1328861536 1238493582 -361207469 -1110454087 -220871269 92907673 -2115101946 -6295686 -1843943033 398837917 214099294 -618150699 126753972 -1848220957 2081935865 646791655 -320419409 -1378033740 -1920811693 1744675922 -1537304696 468198936 720428970 2116897685 1931688985 -393491780 111509083 -298676398 1701320420 -1261085626 -1703631658 844637306 357982487 1821456276 -750047702 -1514112774 -1334309697 1458542206 88041664 -929596942 359073149 1483692773 1869088598 570351107 1877830355 -512828095 1462434512 32616160 67139254 -1035484661 -1686845622 42332714 1965306517 790338491 -1205795336 1911755524 -2113319480 -460455429 1682128577 1931947916 2115724317 -320514568 1903182749 -123486532 2066469897 -500756099 -992050965 -1763273424 1142573898 359635980 -1190077256 1206535432 -1499736133 896753407 -1239580646 -480458111 -903968951 1990483615 -227716481 47896983 571108993 1590741893 1461330490 1381382318 -42501993 1438426420 928189282 642434029 732268569 -541112951 -2114358738 1804442793 -330237860 -22002934 -156829789 1691492578 -1813665979 754876424 -1582359561 -378096593 -1370152472 156422284 1638067949 -105686798 -1415608539 5368822 1062558481 -129909247 -581722169 -1790330404 -1097996785 2099873739 -1378941091 -1048122822 1088285942 753928713 1788822337 -1375751315 838534102 485087575 608623331 1620096967 1808780765 -1224520951 -1790229541 857264091 -1255610292 -232279275 419483557 728911148 303404963 -1215862210 1174719354 -1237510174 -1841012414 -1456579741 1145900214 239091007 1517222531 1209393076 267537621 745156964 1071448056 -2111885109 -1597368333 1198520099 117193674 598133405 -1988630238 -716609700 171871355 221294150 -1940783522 423654736 829737018 2052870428 43441547 -1461150187 1660489983 -1145510461 1373524873 1431561008 -1821218089 1962768141 -811930281 1986614654 335769399 1379941436 -1008049035 760471365 -1558963082 1076592565 1858199745 26964481 658264573 -338275328 552332548 -900258060 
2141097956 -1366150566 -15860036 1453920825 1209581457 -1179728677 -551293732 607312882 932053841 1897251574 -770728619 1217328744 -2775194 -1038613655 -849383782 1915119204 -1267118502 -153928115 -1062179955 1174557629 -621220782 -2049681272 514101749 325913686 1761609602 1818976427 1121032409 -792810708 -1022159151 419771628 1718638723 273019451 421842419 -46581155 1935311417 1233610235 1638002306 -874586349 -664081211 589219376 419553182 796356678 1555134339 1740563996 -1596511414 5945549 1370605558 -119493921 1021996509 878837786 -834553303 559338544 -2101814844 -1300427773 2134884273 1028593673 92836088 -975434106 16494454 -1440376519 1588664644 -683181043 2063892887 1915194890 -2087198310 -845563373 1794349703 107803128 -1531202217 1083593047 1129240368 -1296682061 1655181265 -1107927576 745293690 1528901424 -429791277 1248119592 1528933294 -1464444192 644999205 -1974625812 -1667358875 1186866010 -219241575 -2034259330 -1889402658 1761123930 -537105596 -1179410401 1127538218 -1821635937 -2078934652 1007644181 -1346039407 413846485 262859997 693207371 -900918728 1760257747 515247411 1426181717 -159794980 570066432 336992470 -1315030422 -953367688 1973563241 639982089 188352178 873699885 -1232841071 -589984186 -1256301844 -2088504492 -1766187627 -105094128 2037747934 1234558766 -441522343 -2135336160 432563806 -796990219 701674966 -1199586101 -1154539345 1217437054 -605892914 1444664110 1855328400 2018280083 -160631435 160235109 -187791376 1107024392 -1655132413 852610804 780701383 -624146894 -1367324270 2112320426 -2132190289 214241454 -278749862 -527479379 -362202057 893131176 -1348458246 899301245 -1291809854 142714559 -1707605165 1806626561 6383794 1669786308 1179464780 1490760551 -396700441 1166608050 -161615320 -608406678 -1310418976 1509395929 1478000757 408043171 -1145687892 -267617593 -425897066 -1090613591 382069979 -1715357732 652231204 718532786 -1889987525 1973802287 938711750 -1195683884 -1902375744 1345915013 571309903 1086360128 -626421223 -1956650247 2086492072 405061924 -1486069063 -1461067630 1983187931 515971965 866375728 -411133533 -2013243448 1632132844 -385153622 994569812 216393777 1831624616 1809701676 1034550269 -20325215 
764487690 -1895935439 -593538382 -770013574 1978794799 354196000 586620129 1555005983 -2064247001 -1304594877 -1114224242 1951259588 1779942762 140077985 -291920464 13262647 1614282145 -1412209057 883648278 -1696545030 1795660747 1887323122 532176922 1464066505 -193827304 160567187 -178094053 -982449851 519952852 -403030921 -1264141636 -740626655 -973219951 1797091061 -106140037 -690084498 -1722917014 -1019947996 1922771364 -863218360 279759435 1592673226 -95300469 2028752399 1709651883 1401411044 -1078583642 -464509750 -1107250422 1988844481 837641914 1126064151 447711167 434274295 -1141627718 1974090039 206798684 -2004294153 1737256347 -1662447499 -980600211 1219232807 2038126746 1157058093 -47401010 -672675496 1394499161 1357527016 775292985 1299083954 1230074042 1159719730 452626547 -660374952 -820891836 -681968959 -2070891623 -1103492613 354587465 2064587277 1478000085 -1996999012 921676467 -653512669 -1557383909 -974102208 1745080394 250888449 -507569057 -1835057395 165992173 1435825192 -424346542 2070017686 -2125804131 781969124 -993389591 -1277854699 538894275 626758584 -2031195223 -883143839 2027872277 -298020720 -457477535 -1241260090 185824837 -1456302547 -1327612746 -367695797 -1578781099 -1094200694 -518518910 -1293684227 -847373498 -378769645 1272292642 -2136427929 627934400 -1103747360 1607222722 -2062495360 -915022045 -1269121871 -973357966 280690978 -740286863 634870957 722458152 -1313204141 -1324100748 1029754546 -803903749 -219378410 -146698609 1111541763 -1948364326 -1679018782 -108604768 1432190616 -68466515 2092335792 1453530975 1986722631 1055297605 -1517090943 1807845754 -1509625629 -1641079612 1382369593 859000848 1887875939 -1101642362 -1680311386 -1078725866 -1569544188 -1419719015 1812972354 76897572 -1115433594 1054201059 -1612406585 2062304286 -951525488 -780821353 756968673 1573122209 175045445 -1456756925 1087987387 -1758013166 1450839196 -1141015770 563941946 -950993258 1748648512 928252718 -1100881339 -432511364 397865036 -718642129 1323329178 557779530 -703262897 -157540161 1229925244 -1306065191 1944923072 -1755006911 -1665192509 -247176797 -1277605892 -639605806 665390728 -1717246011 -1643351735 1092291471 770549439 -1455786758 440286520 
-1631270199 1436076211 -1039065506 -1721126170 510203398 -2069409736 182535695 -1943337892 1336757725 -1206952509 1530165215 -423266747 1921039411 1930050862 606737835 -835196177 345436672 -1796394301 -2109638793 685764635 -623081287 1141332242 -1887930074 1140140909 -340304153 446921251 1266968759 1590034044 963512221 223442194 1576819728 1308851015 2038201617 1155610311 421015909 -576177146 2087077684 760345278 -476648762 -321546943 -472990901 -1282124521 1484475152 -1893556655 -1052203217 -1230678833 -660513916 -269370704 266148376 1125298029 734007697 563208624 1498597288 1018962744 -1377799561 805959618 -117783491 -223828726 1136598257 -961766880 483141507 -1478823871 862281122 -1468945451 1235463095 -1008853568 -1098079602 -158753544 -1318958858 897944540 -1622935082 -830039032 -1084434765 -1268325442 -285281864 1943836848 -1318439210 699426497 894649934 1436944820 -1084282415 496157367 1966619413 1635653694 -1188916658 1113430156 677349831 1085206482 -1481411338 -810232715 -758773546 -1924479578 1584143195 173987264 -1610010840 -774029734 -1245246616 -1026513208 513647690 -1506921082 48201199 1502618208 165581471 -1235110765 -1664457615 -2024603038 -1408949213 1892504445 1949880660 -1013744412 2003579223 -599148046 283697494 -746069888 2096051196 -1445743784 1841998675 1820050854 1542536857 -866153634 -160513653 -1164944872 -1685847475 524115557 893782566 -1900795274 -2117635553 642987532 -634124434 1681379806 1992115797 97781704 845806933 -2074559807 -1737829480 1728409768 1589856763 769595196 -1095797967 620267137 -1323273304 1259460051 -315014352 1756984562 -2082475254 -1767977778 1089182746 2118117328 -292408530 889448379 -764031130 553089963 -910543908 1288035049 733197270 60691893 -1456889433 -1412512613 771584653 -1174910305 829736043 1859382498 -1103088871 -2006258043 971736924 -749076335 634385005 423154850 -682495870 37041478 -698253697 1536587816 483627902 -1902079298 1375565830 1189064569 1579610638 -1528763985 -472242572 915777940 1027254303 1636455556 -655116494 -1972381535 -1132074208 2119463596 -1128674716 29489333 -1398950827 112591247 1445120353 390245981 -495707045 682764341 -543827852 1453654907 -968867316 1327049394 -1305591222 -2111243014 
366552544 -1064750175 806595094 1317733874 -1765001067 -2021485234 1372498274 1723372277 -1933002646 1420342582 207255279 -1064164305 -1950842335 -1751918150 402769098 -1499844181 1103088303 77898180 1690523606 1286559829 772107906 1656491078 -1946353061 1131476829 -1599308935 -897543335 2030405000 -478041034 1730841859 -888802934 -398728974 -718151525 -715079151 -1538910968 1197303851 126373370 -1562061509 137182719 1461280660 32736105 901862621 1013277380 1794257947 -405189028 1503236522 -2089419905 -907028308 -1556556070 75139090 -708936203 1011856410 1347571200 1884618628 1166369220 1702391857 1521270051 -1289164849 -569938412 1280139292 360860742 1600489895 1638852497 -1608882688 -1216493028 -1242858037 -85956160 1122807591 1104691984 -879980181 1852822795 159156553 -1591653845 332903022 -1179293349 -190741980 -2031929490 -2125915604 -535390622 640854912 1761465359 -74184292 114916164 849009121 -722938377 -725626999 1772141212 -849486202 -1288473377 1637975560 -1681230080 -1629394448 -534346660 1159894038 -558148117 308520651 -2010720296 869245816 2078185141 -1572935266 795633208 -1932205231 1575845789 -316288576 -1285335082 2067722461 -889511952 837653276 1099478667 1751377536 -769224708 -1496951260 1617874616 1987018505 -904708374 2127207509 -1212404866 -978504608 -1234482180 -1897896939 777250393 1536878967 -689178033 288884249 154763158 703356247 1700006560 1538403069 427920715 1615203338 -276451138 -768258023 -886755292 1167869435 -1104312666 1105614401 1245437189 -1628335634 1673357150 1867153180 -93800178 1847606089 1667293979 1902748434 782589606 507619069 -859423966 2098548516 1508205169 -342216375 899844686 -1992992169 -1546293411 2135042265 -1729525870 -1263179179 1467029146 -1031707486 -1132256495 2104525777 -664480017 376012925 700628930 180466215 -880886778 746221117 -1841562833 -327927122 1638438643 260904345 -787183469 1560888982 -140504961 574708667 1628323189 -1557930210 1535168468 -766448825 390886691 -743646578 579812885 2019315539 2004625013 -761739929 -667898520 1404724349 197470461 1749755713 -1737877064 449305200 430619869 -975285308 -347579351 1845064840 965165175 -1209782105 1821357116 35757594 534273118 -2143643279 57159701 
-1304298458 -386371722 -1293696339 -2030833438 -1756737088 1825660148 -1192014131 -1809260047 -1456408961 1991107768 1729496459 135714354 -181693973 1699542347 1659252561 115905500 240501439 -1780998120 1157385179 2111139436 -2062934825 64569930 813574118 464140293 -1797042109 -2119193739 1547694130 1217158022 1461311169 1051731064 -1737379682 -672240330 -910646543 -177000426 -1640183807 -1845598228 1884719991 1186472145 -1732211106 751748947 1926495299 -1820652780 98110132 -1865636002 1814267390 -1520362001 -1913673908 -464272232 -1868551790 -2056484444 -597604219 -159766497 210611267 803207525 -1864003364 1874006587 1034764554 1015149723 737984935 -1350100276 -1194786955 -1198145027 627436950 703987278 14013359 1395537056 -2050725598 -455153204 1454553061 1848566758 1802702727 -622575459 -1674225396 1916751954 1170989010 -250655056 -1945260269 -601659526 -934692671 -1990824110 -486867756 -1708292614 -1616568753 -139440176 831711881 4621199 -1089272146 110794934 -1505768796 -7070614 -1087038908 157780392 -47188134 1650893812 1358945133 -2068762643 -694442748 -1650305471 685477700 -1034794303 1769712618 -1171520045 -1524018834 987256695 -1007475974 -2037276349 -730415111 -1718482829 1341298595 210386229 -1864396287 81215870 -1112460976 -1147729210 -283043525 -82248185 -373974068 -1185054796 968523993 2104438834 -319047491 792630429 -27572881 -1823189367 689533436 -842031828 1496641027 381193477 -1317695609 614017469 1791650853 1071521695 -364855337 -1924193255 150627788 942636798 1823784961 231022371 757815337 1774435054 -1683184568 -2047247135 -1889163698 826247499 -2046282622 1271370473 -524751254 1526734189 -2078171236 1006068737 1089028746 -1935717667 668263142 -775681104 279668479 1956129969 102908343 496219255 -1274681797 -902508164 -165842029 -1503156753 2096133465 634798661 -1022090511 239373967 -182223524 625149369 1249865128 668381294 1725875678 2002714459 -527137833 -2067640700 1894716978 1957360168 934918695 1904097848 -620428867 1359205791 -49662704 2098995595 -1442303581 1610740836 -1370286998 760850810 -1365024941 -1514658954 -1761518491 -1079475312 -681585750 -147809241 1309028121 1050795431 -297157421 -964859521 276168490 2078256179 -1021460625 -1777435219 
1451646301 -757039499 -911143236 1332100703 1196837875 -1061595303 1854580769 293761080 1638874912 312858517 -1331764187 1189448771 -302754657 -1366403851 1299867742 1840671514 1782442042 1379476154 492331832 -2051866494 2105956518 1014630400 -1792153485 1719714503 542592776 -157670399 1755711912 1675311260 -1024129075 -629375724 -2137752188 1150845328 -1125085666 1500693591 -1254961054 -1049383872 657988607 -808889257 -8105894 -356542446 -379297902 809920378 27282050 -1359650390 447134021 1190085885 1297028554 1737978546 2051844566 1255079321 -860011344 -765928024 2125120956 -1467729232 -1332560895 1526157916 562921686 -414808838 -2091643301 2091409077 -1294046281 -294451095 -1716455178 -969948289 909757406 -193474096 980669964 749106417 -569492994 -1738479722 2015678909 -1717507650 -149553294 1427237479 -270572560 -992724303 261611329 220738012 1458508025 -1843943812 607202030 196301804 1393372381 896288047 -420294817 -1218922466 -850093996 -870694459 -695428439 -623275903 786667530 1712054958 -528181036 -229453794 -1338141591 1417821037 609097032 -66453879 -1852158671 1131070900 -1988818595 703368480 809183817 159456116 1836274867 1068274366 -646402870 -1921384161 1456950486 -141179127 1690099598 808826770 1288930231 1044008486 -1169622254 1250442381 1910787280 -569114592 189136256 -1588709668 -1591824412 1151535441 -1826865937 -287910386 2088710316 -1958287158 -85044431 644563792 -1756104128 -14533072 -2067225075 568788164 209287139 -546508006 -1562579364 -548276756 538053900 -1669493189 1824569930 -1544884362 849793750 239026352 -1475494993 -1744025524 1186811879 392171901 -435434384 2089462232 1321485299 -1824460782 -1101990575 -405218868 -500631811 1619172974 -2002262105 -859345106 -412910895 -348947261 235224512 1191112967 -341718540 -474791142 -417357800 -54695866 -1845837783 -940399213 1492272975 -420476919 1127153909 842786389 1884501597 39828402 -1949456574 462568514 301707533 -1458265788 -84634082 141082427 -834760390 -493373156 1423317002 402116011 -1769959303 485074300 1075614838 1853884127 -1103464311 144004794 -9463336 -673158335 1370472115 -387633701 1275808212 -410744570 -2078884902 -1537702111 1279954256 -417011760 1116180184 -296828542 
1027587680 1086144861 -1467006000 -999342772 -92906472 532998518 -1989170706 1493660133 -649806036 -730906213 -839834914 -1732897293 -727286058 1716349894 -1015749300 -1174675258 -1517922338 -446609097 1793010085 147409103 -1992133873 57598110 -1503516349 -887220016 -30857519 -962295234 1823639814 803552155 1981510082 1496296408 994731024 1689238688 560009814 556772988 948068124 2005490312 -1122494612 -1044040152 686238859 946326764 1707728235 103436166 1441530055 -1092757891 -571706373 1106175469 -386780606 1016449727 951438323 1239259653 -1887414668 2040565900 -1959609400 2112272641 784859610 -134406871 1732988200 -1517366112 -1657299607 1684421073 1608693436 545352862 -945391679 -1843180446 1250893860 450613732 -354992087 -333222219 -2008513154 463943660 -972087356 2054228588 1056756183 -973081257 -928117862 -2061120633 -1423093564 -1106215344 1250654877 425275883 -508026644 -1515808782 -1740636110 1071508184 1721351478 915854218 2112783302 1185534372 379639382 -1483542040 1713222585 118175502 1829793663 324068330 1853715061 841662129 -798902535 -1089447967 1005789530 -483687357 -346027615 2048159370 -785413577 639273009 1495176783 -1823235034 -811456434 -2092066619 -840980866 1983955424 2146621158 940639060 1457542128 -1321750785 837838855 -1443509029 -1142099086 1333140394 1934823064 -1541061745 -22909785 -43436024 177257075 1406475544 -543374340 1654846513 1417156667 370654631 347695559 487660523 422040374 719724753 -1515210133 -1876900656 720333387 -1704686121 -810499474 746775712 -738646943 1668633072 314673364 -824188015 -914116771 879065297 -1526976593 -654010818 -276945488 608901190 827094945 1106412352 550479863 649571704 1269004875 2022235276 -2074298168 -887708620 -890924619 1027425671 447928239 1711621896 1950080555 -1686668519 1727109485 -390731548 1298327913 -837988434 -966035769 625525240 -1546481667 -212852871 352733492 -624171694 -253301988 -1244410918 1638418277 -2010431581 415526082 -1473895616 1934903923 -1616625174 766775556 -1647634835 -1928267755 -1282605643 -278735838 -708044858 -749315441 1366849077 -1469709069 -1271305819 -1250083142 -1913965399 1295746913 -1907367111 -1764698975 -971318835 -934760935 1478315547 -1256287459 -1349987789 
1202065601 1832846260 1357137978 -731793034 1643867265 2019002529 -930851166 -1604361116 -1823159105 -110166381 -1138323567 934828531 1681868192 822530670 -120458975 2054221852 -2052340320 387521305 190884030 1954210092 -769952904 -222732559 919613196 16042547 -685595605 1525749907 -601949339 -490437613 2026369050 1084064725 1487369182 159068121 2116679342 1924761277 -1336167242 1190152755 945925338 1148443760 -2114767087 2034238306 294876812 1920459129 1657504518 279492015 1717856607 120564257 1974238987 -523813590 179192488 456269089 -1013165058 -2082985738 -780634612 -1928097137 1316530677 1252655590 -404153619 781264344 1059001788 814258699 1720831285 -732589912 2121007284 -1212302997 -634735342 651177431 1338426986 -1329263471 1314170324 826776483 1743123187 2032008986 372851857 222373270 462526769 1279422669 1484974183 53845377 -1566638787 1145814374 1228662262 -170258167 668252360 1376478753 -558101328 968967867 -1039258031 1706959091 -95388654 -588413945 -284475235 -1075681396 -1653609352 2081955776 1644561879 -836405572 74645661 1920719538 -1618016011 -184890203 -1336458454 1030532683 24929332 -2013721695 -323353866 1994781465 1153363927 951061705 155559711 1227695972 -1269447940 -1074515748 1068546322 -2094276917 1362876584 1308563135 1279663550 1596858267 1806587954 1437502915 -1744038569 -344237720 -737414191 1183220583 1403550556 229481722 -1425571064 -1863387817 1457214365 827461776 -1948520394 723467470 618098283 -111058279 928667677 -1779920025 -1693283259 -72241633 -610704462 -1994488292 2096553917 1423470036 110105788 845449430 2110821497 -383532385 -169744264 -1782576608 -151344675 1523611882 -875178030 -588871047 -1816732541 -458974322 1119099765 1627257871 -1987862999 541554223 -1389638402 -620102057 1079325939 1025748085 1975425844 -641842905 -643866508 -748466056 -1731433906 1856922717 1489129425 -181244556 702737287 2048584785 -688325167 -406209437 1602186786 2003969175 -2075500304 1144595650 -1675391036 -1649177170 809291490 -88482506 -2040437618 892929004 -999500353 1893253982 -741496298 561245162 1269770438 -1837088403 -582673940 -1152780230 -1673954949 352509584 -1895794773 -1025758693 -1777300164 -2070457906 -593566180 -1813726286 
-406003906 1967857979 1045504098 290234882 -1877005377 -439486189 -1762310224 1104454508 545207984 -480425442 -733897426 -191830901 1296045966 -1272701878 -184859670 1591829938 -137585637 1685818596 1339957556 611561471 -1580562358 -1571705088 -1237376896 1503773133 569604008 452459176 -1442222072 -637900043 1480527819 -2029461769 72678062 2029806206 -300852714 952554992 946236867 663861901 1973824621 662494538 -1788225700 -570359255 -1921118180 -928316725 435723230 1570594598 -827178750 1912548185 1752976687 -742733676 185481811 1539724825 1358588566 -465021837 -2065943093 407054292 131587 -1710273146 -1649777373 4409796 -1190485906 -1866816640 -1691412680 -905123427 -1077098044 -1283445429 -182258665 -1071348654 1936689707 -610294010 1022644755 1938784031 -824564600 -891372441 -1292296786 160851874 58859788 -1752113507 -1856682417 -138638312 1322730743 -614627983 -426856503 1897207454 -1327157105 -1512824006 -2041084052 -1427974940 -96325967 1864899066 519380684 -38910513 -749743326 -166134479 283007583 417026500 -1027010627 523936725 -1198660587 -762398053 1702826581 1917559323 1599647183 627454477 -297644836 1261541182 -811178699 -1808298667 -728192035 -2049898294 525888971 -506587888 1727002934 -1807329266 -1975602446 -1296883753 -653443237 -2067343137 1415699628 -1184295826 484483877 -1528001886 -1615159149 -995013141 244764010 364459514 2041787149 -1518216317 -698669182 -2098611969 280216049 -351540718 927303196 -834033526 1267003292 -1354276746 -1051233227 1894729932 386218336 1145850490 -1638002475 1952774741 -38065883 -1718962248 1792875792 -1218521929 -1283497749 -1509724950 1618460080 -364436911 -617218145 1533751345 -1100589929 -291422830 -593937986 2039227956 -604364755 -1256798792 -1309335455 555289689 -308055463 738747958 1383171763 -1093416633 -982266804 -970639751 2013489427 -493361193 1225664514 1016784265 -1418783346 913165543 1275289596 179680559 747397672 1300625254 -74866527 -1366630633 -547290036 -1983869477 -1078611448 1816211231 1681569578 -2080985411 517902940 -61288038 -1007696208 139339370 664113546 -1716023429 61159464 1764898295 -2102808132 1406102937 2102796245 207432673 -6994528 -409481784 1943421437 1569162844 1195124896 -404870139 
-2097191175 438975438 1292670320 1626638042 -92231842 -1339785184 -876966291 -1749080043 1467307107 -2063054999 1675718996 1869872027 1525989737 -1808750666 -458342331 -1860029941 13337583 -1651251141 1463150467 -372162734 508037822 -932529794 -536851305 170569481 925148666 836960229 1841483226 1709355361 557156582 852158281 1141925907 727644379 63820677 -482531010 27703595 947313758 1068220956 -866586244 723915071 1946357069 267626257 2107966714 -1764315443 -821813744 -1197438737 -869071564 -799985177 85945729 1719962756 -1493286690 -1850899278 -1004493054 -831756135 -1679809372 137706668 -1027088437 461219620 -983468172 -2049983157 -268425902 16197662 311616541 1815240586 504840920 -1263872062 -664088095 1488611360 1745740282 45485896 1702043296 1822161217 -892901371 836893964 -1223980062 930437531 -848557954 1724953361 -222340798 234259060 -1700815080 2046833639 1530790169 -483125168 487370712 -37431794 923142985 1114402361 359352200 -629274286 281639656 2037625118 1223202212 -1133315918 2056674084 -535565139 354514693 -1186143835 -746188136 299045478 -1613846945 -1924866273 223420461 1621239920 -1918875961 1122516277 -1790440628 -2066811102 124151471 -336217728 779971510 988002062 -1527018558 -1912043750 1260106391 -67172234 -1588204477 -1679002509 2119047741 -455297047 -1034642236 1332796551 -1331476011 1451315040 534753378 254948571 1023983025 -1686641042 -446647500 532846654 900079533 313392568 -402187324 -1964086261 -1161065443 1238909630 -890758459 -528442583 902206467 260672641 1494769577 922655997 -1724144653 -1817638081 -1700724687 1799032087 -994594978 -491036721 177549496 -1902584094 1823726309 157856345 945682419 -1741906081 1587547005 1719529488 -1587220771 -59456241 1674820348 -1954080177 -335024730 238844573 1673414068 1119090077 295505103 1438788622 715770987 1365547179 963910163 688522858 -1147388426 1741155073 -536074958 -1645800843 -63697399 -1348791464 684493967 -282792543 72125300 129900133 1345814731 -360734527 1774588008 1480194867 1512716874 1754018128 -502502919 -1594336987 -317034187 -801960987 -1280991807 777693127 1894351101 -1831177309 -406528271 -259672536 1660151858 131465 -364310248 1516107839 -1092443972 
1910197827 1112457345 -526245243 1407408719 1466969508 68213761 -765123929 807452428 636225670 1029327441 1926671604 -525081521 460600331 254032704 -2130632097 -1498409928 205011475 -1138812444 1544247403 -1629245938 636840452 862601085 -1681909897 -1527886400 -1328581846 1820555478 853877001 514551959 78873049 1061158460 769607309 1473805749 1976173897 823790043 -555075013 -1559995335 961724091 -59909172 -310567758 898221140 -834623865 1827944102 -287081996 -1041455643 139910480 1342710943 1517187664 16486747 269378896 -77508601 244419091 -716082155 -1993127190 839692694 -184907607 1508006978 -958344161 2099180021 1861637430 -897090253 562140391 -123448811 -387194867 839664742 -1249905418 -171193292 -1916931907 -1185677174 -1926956380 1096765170 798571990 1855549812 -139641604 -1944685592 -828714096 1401484548 -125448856 933360456 -384843694 452391066 -14635579 -1803508767 874057843 -529958048 -1797240101 2087365066 1919486185 408197362 690965600 -498558743 2037370347 724126276 -13999788 -284778119 -1005332449 -365120376 639774929 -1341882962 2967151 762912226 -1644867898 891354138 -780807929 199531064 -520123142 -789567178 431801863 867640891 -1854479567 -1186810531 204755633 1370957643 -896730116 -1337885852 2066172558 1161040255 284820356 -776501686 -1185490535 -361242571 -1162084854 1708823115 -1422160322 2141619707 1975925519 1574415907 -1923829912 1311905763 -20820299 -1642728458 567097083 -605767864 -435979476 966959559 187415621 -1358172901 476049277 -1383482411 -1703357683 -1614244934 -591931381 -1078260183 -1572045391 188592403 -149514519 -1979475419 1882172406 2067270643 -173800281 -927787435 -1333434088 -1522338015 520863271 56376846 -1139309910 1106423919 -1456841398 -911559531 412515410 246359874 320253650 385072516 1055907702 -238373237 76223441 -1061596300 -1168743913 778070005 -1728779124 2117480334 -878864759 -353607632 -323348006 -163279768 1733346399 1772824422 -184898312 -1846777577 -1292111703 1242747618 -1666021814 -1646028718 2098752525 1382495135 2022309106 970166930 2029533020 -1852182568 125086289 -212505046 295855807 -633602319 1253506973 1710463524 -1532688105 960959332 -1624672342 1540439088 739969108 -570845993 
-1093226815 365042982 -2032436387 -509756965 -829691101 831452380 -65370533 -1653298309 -977523915 1666159501 217519623 1917288257 1597310007 1569967170 -727955319 -1051843163 1478536333 262914163 -469219416 2015724167 1156478629 2056296024 1754256172 240171574 1496479617 1635726141 404288569 -1376363259 686021618 -365985961 -1371615684 1327002321 -1475168228 944023851 -467281734 -150813505 232844796 2004755349 -1252554734 1615686648 -314947476 -1199081201 -148190536 2130836055 865415706 -398277631 -2016547680 -1152560238 -1944999595 -1597840314 148169902 1146945721 1869590461 264398744 1167355790 1740479951 1875179133 -42513485 1178675181 -1394424163 1307477241 -206570632 620486561 -1000313464 1591608696 -232225888 -386433988 -1096968488 162618509 -1449718113 1796866552 -229766841 1318446287 472860256 2113316242 1217112038 1470807141 -418018439 -1654086931 -1922083191 1098855651 1959775978 -616233392 -667047560 -1638015326 1853250821 953505690 1979688330 -431781401 573423405 -1516493329 2011409779 -178871619 -203821177 1618065234 1621573978 -1014274690 -1167705862 -270480085 -764054234 571488226 1146265544 -213618653 743709805 1384866107 1369800768 1466629308 -713217628 1528392369 551297288 228003935 -967759540 -502422168 -419511230 320193139 -1367619177 -1799049904 -1747058360 2090288330 -1819827187 1049188 -872486092 -806579586 -864064271 -1622001130 -675587012 725240787 -862885252 868449397 -52969752 891421269 1656961320 -429409201 -1481894 596832383 2136711783 1759237009 -2136692849 1696628210 1616780083 -1570438311 1105949007 449573858 177815562 -1773394383 2045916874 -1135492748 21504514 -69642534 1905431474 -1700836241 -381806497 956786746 -1332489845 -403112359 1209736943 -2030322174 -648048429 -1373247384 -84870239 1356197261 -1172548844 -159055374 -629642577 2033819255 -1720422184 708518611 -1233631363 498311774 732921483 632272187 -1009466242 451178366 996216362 -871385571 -1540022312 1182070671 -2136086912 -2003168221 -196287509 -1552656832 -1597377123 -952661995 1569110255 377353452 1533775603 -772050983 -1972899153 77129308 1738855005 -790097058 2094061912 106638801 304112553 182520084 -1434888 -61014537 -895004798 862526384 431577710 
-420463507 -1607184343 148468097 1653445877 -1194763107 -1470604225 1242520864 360990402 129208199 -1799402403 2002269309 2128250102 -1645072061 -1067494219 -1766207844 -1111831591 -1633448784 1474899923 1461817075 597299684 -1965076829 1408990007 -775867739 -300348528 143091473 1745104203 -589142095 1862338243 2037550072 -1980398136 21044049 346225593 748332390 1944717342 -1401775555 -1568483699 -1705907061 -1443266739 -1018803525 996833484 2045640134 479579046 -1166703971 -1553534571 2112513161 2065654073 -490455167 -1525900887 -1519027858 1988661821 827587411 102212764 1263717986 -1990952888 1631068892 -499919448 1985679905 1788741623 -1533036066 -1697050350 261921712 -1238988448 2014746914 -1726097897 1588589162 -509390535 -1376960037 -442074594 1084931514 -2022771734 -281459068 -1546911381 -154271098 1812329130 -1184562459 -1746525785 318484038 -904367377 102818339 -865490094 247611601 1959000158 238399733 -1057159732 -1966192657 -40425310 1117277158 672913002 1852921305 -382546728 -723399376 -780753113 2070080045 -1143482328 1010353852 -1386558144 1280873250 1591184561 891093287 -697242658 -949957171 810082794 -1271618711 1576388458 -745208959 1007504950 -1693271951 1877999131 184222228 -397546849 -1059559003 -1631187062 172193667 -605590361 -371250681 -528818444 -1004276572 -1118324806 -1531838181 -2140102778 -320142327 -981259659 -1353009225 -1898305005 -995975087 -1798443857 1477113161 834501440 -1624664996 -1031981020 1323797601 174300348 -2034436656 -1060463686 165501422 -556410395 787384365 -1570456099 -796164884 -1314035975 1293824904 -1520885924 -1503481087 1531425279 -1668196230 -1894917418 659025627 -162874593 -1978882755 -1795261073 -1860270152 1931655809 -1273820776 972026438 71507746 147466099 609262351 -1167615713 2118625262 -384352794 928980296 1460467759 2009252390 -264776820 -641401818 1276219311 -1534133172 696568504 -1306280153 -627583115 2102300977 -1740649557 -146155774 947415670 -1300983762 685830378 -54302537 1865978822 438918502 -1104955999 -959219741 -1153734906 1948923162 -825679336 1291140182 -196634610 384631899 -1510715856 494250860 -392438378 683297599 1747671091 -461819133 441339585 -196067950 1302311441 -2071618104 150887213 1425034455 2116570207 
-1430816841 -1910046320 1867219179 -265023999 198404540 283514467 -2028127255 -320952426 2088706742 -1145251890 1012440347 1340681897 1007021545 -115058711 -190819569 860519025 -2143102693 245506913 63818849 1122918343 -1074032839 872069557 -1294186622 1043056467 2041946229 -806350342 -943673088 -1343622235 542970170 -1659730477 -1668434699 -1556040389 -133266050 -1163500642 -994054072 1854022045 -458836032 1234861478 -109532154 -1619273549 1497416084 -1836921268 752600497 1751110976 855201687 -1690037911 2052987234 1863969901 1676432536 -1830676699 -585735486 -1159300620 435727471 594925109 456289133 -2037708618 1880067227 2092124849 1145725377 284557594 1380661427 773297364 1894569424 -22148685 -1438826635 675723649 137714929 -1076294984 -515768176 -738676129 -1362226217 1314599719 -1371868144 -1697393175 -1308676285 1912804440 2011892375 955080100 608460107 -1145821018 289650467 -1256660999 1144526038 1914370670 1489347890 286202431 -28386963 -1776566606 1732332558 -1994293021 786533271 9529028 -1511077010 -763147038 736003335 2143825995 1858199253 -866211840 -1994177449 1329358574 -1377733273 -187992729 1505711048 -1690628938 -351367176 -208108802 -1595735641 1451604863 -555766013 -1792951726 2074282496 1141479260 -1680429542 -2105310282 -877492693 -99082139 -819891590 -820591011 626264469 -734364618 -469787013 954160181 -1581305976 1950117341 -580461603 795797515 115847100 -1253283453 -298329627 -1217643784 -207708650 -719103313 -406827340 1766121826 -160399298 -2034668492 270888389 -1747965104 -304451477 416810256 -1650318422 -293842319 -534495530 1066443948 77114745 966795845 1533113891 1277015658 592495170 -362950285 1322761893 987233179 1959578508 -1555253569 -1024896751 -1422895598 -1344410232 1635101212 855610860 -1542456715 -309745765 2065957554 769709932 -1737861538 -1058455326 -1097057902 -269490600 -2064721201 1934284351 232340157 772722413 1612842185 330305253 -1549568924 1242604526 -367931329 582266232 1723629691 -996867456 357969913 -662443692 809385745 -1317466927 1917741743 344705825 -1105510561 -1502701945 -1887132827 1221766093 188323877 1293534934 843966304 -1228571395 41473819 -989573261 -221806608 1565118805 666346941 -1409765189 -1374624642 
-201607943 -530914674 -370510481 587969515 -1824187138 -1655723223 623571494 1742877476 1166437105 -1552823826 2140232328 -299564771 1700282544 938939589 -1714728911 397018926 -1805657859 1928228836 1061385923 586199950 542749947 -105231285 912137520 1170586186 -1382630564 -2113093008 -986012244 2022543326 -523598242 798145313 -927672548 -1229023688 -1232376259 -810697853 -1763773110 -2211297 1648190056 -1285700323 136861968 -1376382173 -62356278 -1771616003 1012499328 2103928825 171484157 -213412227 119194759 1130857477 910111254 -923472358 -249088355 -1584048382 1908031922 -1688591664 -1510402102 -261983555 239047559 8176755 -1224196309 2014426853 -1928312851 352868182 544977889 -622362527 -925501837 919886801 -597332661 2018434898 440070048 544651006 -641921333 -1735742573 -2036650687 -1386226700 -794393235 1442459051 1186290227 -924197815 759377731 1341761219 -1789061839 851825251 -911696296 -1328145364 1367696868 1520428265 1358276093 -849985385 1395062604 1640180542 1293217389 -421248374 -349624291 -1506845383 804834418 -1445438432 -594216536 -1626573064 1123866998 1213922788 -1747050015 1902399542 -408197767 -339406534 1880774316 1446479669 -648307696 -1337918351 -1119016610 -1677505613 -461583147 1571909945 914811042 707120981 -1181934976 -1873296049 -181333067 1606957316 193103220 -122456287 -1616631642 -824858123 -948948074 906723813 -32131438 1647583238 -1922461576 -996583412 1458457702 -2121934637 845877540 123718972 1661505909 1223599128 -180260324 -673428658 -49141086 1176754702 1741625854 -595616392 -1464295810 593304600 -24402406 -837822744 -1545356544 -278831594 84353966 -2122062851 190794685 612950698 -1386874439 2136865090 -1084483985 -1748961872 1710190138 -1272112071 -1568637204 -1256383422 -1086680155 -353074409 -1909345947 -1079950270 -968227201 -1193570238 1012513868 -1622488173 1161321665 1996853053 -1916260049 -1798509227 -952384006 -1308519649 -1638455679 1780784058 -435416925 1336077234 1481385663 527601906 -1009722652 1410829773 99171240 -632918245 -1301287809 453938448 937595535 384448038 -1430624132 -1448954940 -1431471921 -339483643 136630022 1806913038 47247690 1890290762 -240715492 674583190 -1760649527 824018482 1409375641 1127029295 
-883075579 639352360 -107619160 -841402216 -1414041648 146313354 214553974 -1364613942 1054155157 205525247 -1309278339 747267665 228122756 -776206874 -1461923096 617314384 -1374333361 -916113859 -351571586 -615731224 1149980788 -1636836639 1258011368 -1453770787 1336754050 1000361067 -813684577 1291913954 -2105818613 1977034286 -1321947923 1977986572 535481546 -1309890468 -558889715 -992151711 1572545379 -698957520 -545891977 29050564 1961948308 1486949512 1728623215 1796405132 874129920 1277500130 -2048262697 -1528544331 -1638375129 1179952904 -1409641548 1255022822 569427203 -1138130368 -1272752998 -1511208893 1484851981 -3666932 1920003400 548153303 1525694068 1839303634 1248918114 1326410655 1267566052 155073253 243375700 1773545641 -1523530308 2046843851 1955727456 -152183209 -338248848 1900109540 2045011088 961930158 -625253887 -1467138889 -1638856542 -1769940116 -949505094 -1633959672 1844849024 -41208106 -1715174349 -1386162279 1486807197 -1986095754 1983854831 1658463104 416109341 1814683589 -1144167227 2070076725 1118821153 324587994 1286416705 -862012174 -1928827556 147871652 -757589973 1631056721 761830557 157312755 357788348 -609099899 1435348907 1420189440 -2079061234 1373476300 -1483201245 -136609255 -530943479 -332886321 -1559803391 1207677741 1149185441 -929572607 232029096 -639354076 -125029497 -1452701658 -270411801 -627859851 -1073827239 436884096 522372354 -1742841127 -252003231 -2003512865 -1698463223 -1961053614 -1629044095 935661572 1526078828 1922913359 1807183171 1359398594 -1981670708 294128832 -1069296159 -1908126016 1598240081 1722767715 -256187812 -175901735 1824935322 1741224634 1187978048 952361220 -528409575 -1869153085 1244717512 914298434 -1333935498 1234596974 2146311505 125799556 -767707871 -2032697923 -1521562375 -1817133310 507240038 -449875750 -1836170138 -1254790070 -287831801 -1872256371 -1274823370 -54963344 -1267185470 -717940741 -1259943329 1734974153 -1056765175 -1182907127 645263088 -1381790463 365596517 1730810524 -1965466204 -345238400 1988753035 201938691 691963820 1655948425 -991927150 1007167859 1142398055 452081248 277318195 -1694436390 1302659622 1840372104 -742488574 1510357987 -1754740424 -977719948 -382640502 860366843 
730482504 404748364 1302806680 -1654045750 -1270413088 641580688 335771404 -608969186 337595653 1336786205 -522683073 106690093 1708899818 -1306828899 -1864296881 -2003991653 419400920 -494455636 -456843994 1685729398 -2051540312 -295633656 222421016 -2094531446 -2036527331 -1833588991 -550631771 -1220351846 1737173319 519537770 1359173726 -597724540 1628724176 -1871638092 1862252274 1331529434 1237811951 -1388422065 -177612142 -1130658685 1937657607 1045315109 -16089090 309724481 -273642439 937768729 404391294 -1996541866 -1121361657 1353781678 1468412562 1576612336 -165626814 1208965191 1460723975 -201942007 1940978773 -229687082 -2138514927 -747592859 -2104617150 1253263853 407876081 -1144220379 1405666297 1923824684 -156504888 1549730489 -180904336 -2040393581 694444340 -762019629 -742320994 1162907683 680405041 -21221878 -733187813 -1339868580 -2139760931 2013549618 -450876351 1160763160 -246037027 681576210 1702344438 1709334954 -1633279888 1461525577 -1066878862 -1858756122 56058218 -380311433 -420630766 -1044454299 -1307866310 1023009858 -408022909 1340375984 -403068738 2050975730 489813399 -1529724878 -425912726 -214967638 -607727995 -1924663266 -678853347 1919890403 2074103237 628229363 -1331528064 1775659633 -29710531 1888696215 -1347703042 1210633112 -1416778577 -1551278211 -42239499 -15823309 -562037917 1743844017 418629200 895581615 1978700582 729749771 2048716117 -863100644 138049615 1105504698 650954771 1673262496 1851769999 -617983264 -1337169978 -1487183063 149929868 -1539828795 -1599733700 1408990572 -1794113515 970549273 1383603059 193136240 -1771806354 742736675 -80910796 1581673116 1409258249 -948628660 -1242075720 -809501027 142719712 -2071735542 -1549582689 1763443039 402100504 1793493413 379799617 691112976 -1599068004 514584596 -1135770523 1228503499 -801582418 1727215123 -1332474955 939374131 -991822351 528087173 1342779892 1458048839 838993570 -2118887575 1438835082 -209966825 490940693 -826525790 -724519145 -1349450099 1431906410 -1042111082 -1357570719 265173480 -980853856 -792723482 -111737786 -916185771 -908035474 -1263793337 -594805932 2020809953 1960472886 2135804407 -520084964 313136272 912378845 -774246119 743779292 -1291819000 
1886895955 144365771 713789910 1154451512 153100865 1862542733 -252994343 -334346346 -59383882 -1107804599 -1857680872 28609326 -137251199 -1298680229 1897851097 -1007672244 -1032761948 -1455096599 -366240995 -1883735808 -1311581878 1219922422 1735507494 -704041457 -1592650453 716419154 -1157546788 1727219675 -1953211751 -727955074 -2119685068 1326074101 -2090841326 1050427670 -155449211 -530323325 625095620 18363433 -334036782 -67412806 -1162894072 -1824193270 169042401 -233981438 182903697 -873065814 804835800 760475447 -861743337 -54867711 448883353 916997596 -1114691202 411384073 957954129 209577273 -1150549118 802631308 -1282519629 -1827278903 319930315 1648440952 -183932578 -1774519422 2116210384 -1582296212 1349495124 724663346 344261988 -829548033 1637464308 -1585445649 959835711 633398027 -996262702 35400878 961842334 1400310221 -992472463 1307856716 -1117952083 -94280862 -988475411 -1481778380 167949685 1911122540 451842426 -51985395 53385960 1843445219 -126399156 -507338077 551399993 -1093207228 -292072053 1500543127 -1969380919 2015529247 -334206554 -536090121 -2069584798 1928745728 1767811106 -1371061216 -1495628182 1304778069 1095373467 -33094399 -213706963 -714194552 2054134873 -1915404015 -808398579 -660814787 -1229137104 -1757991674 1090900155 1508730472 -513698147 1335350005 2125983400 772883158 -1130346576 -135451452 -776221992 -1548361934 -1322072479 422779773 2123321699 1036724605 203188388 803513345 -178913032 -7166129 927305485 594147333 161988278 1179940304 2062059111 1059434986 -756141901 -2065659545 1334858364 -2133540116 -676944617 1619096400 -919612916 -2074442691 -254769596 265958401 -1847289686 1629674305 -840430867 1738983256 -1696989254 -1818059803 -1353389627 -890537736 1393344171 1851497117 -1760578894 -1949696276 -1334134551 890635624 -1372148515 800973469 -457227409 -691216436 839300862 1599624664 1618244473 -948652306 1658514831 178770244 1687038675 -1462874925 -948810805 -688915347 -1968618127 2009502134 -1327066408 1200853440 168143170 1564958436 -2145684484 1636754589 1579447727 307723800 -2142991479 -576233217 -100289538 751787512 63043672 -1246678377 -1808216534 -766558560 -1677185997 1931591584 -799098343 -2112209281 
1977894044 82493934 1748427962 455155939 324028712 1597199557 1597916072 -316783484 -1320336839 135771596 788607045 -186891692 -1538213416 676260099 -1487112481 -1572899307 -1579058689 1090734406 -1859461107 2067977674 1815343031 -1819537401 117714318 -1015422923 1618570451 1010030703 -735635473 1037982593 -1832667077 -1790838573 1449058213 -144305347 1071319871 -707719769 679783132 -68405694 309081870 1247404787 -1619857044 2136369955 -60546387 258761226 -587309418 308758241 1870063577 848403939 1741080659 1484396686 2090263304 2018321033 -1127700723 -1030539179 635177872 -1998236246 42952538 -1848006261 329350545 -1217667593 1549476710 1789920342 1760672915 -1313362596 -1431028714 -1886065384 -773153274 -6805455 -1305803978 741133417 407847498 -1236921483 -826923615 -1503441202 -682358961 -1665613378 480045861 703322732 -1325516770 -814230247 -279385833 1208641145 706109079 -1229709776 1087968825 859975779 1822476802 -1979022192 2118359171 -798513002 -2030666332 -1370637488 -1703427085 1427207807 2020861974 781526245 369447946 1232598450 1430947163 1411615164 561142077 -1117309933 -1866002720 238579480 -2041631553 1688881542 -853486459 -512396122 1477390153 -930283953 1388517227 186389436 486575658 1018352164 -174975692 -159953294 343840962 1132665613 -950791081 -1429317931 -365489237 -2029708474 -1589468554 248730793 1717256612 846164242 1551075795 2136432203 -1650677599 1766899928 -1596203869 -984144209 -1417897592 -1647564597 1111724051 525197836 -148541085 1879816963 1864396308 -31522086 -673251585 -208052823 1466965207 801299380 290993885 -956921568 -451137921 -1211654285 -1213321830 -166020438 1213267805 -1151676479 -865588899 1641645358 -1832006524 -1413799867 -742352932 1107993855 938005042 2082479428 1323958738 1789432647 236516364 -1844588036 362358533 927446774 1117359109 1921443578 1131187377 -721588029 145737599 666831767 1770879356 172757021 1009609651 1515384468 -1498638690 -1510481991 993177243 16437487 927966840 31990268 444505551 -2025557505 -634534030 -771777522 868731903 35788546 -934828691 404486418 2104821686 -1438505646 -589135233 -1096578340 -48676548 1170912036 948118176 -759859777 -1689164953 -1001085990 -1983606762 956921476 
1779794364 -1503667438 219826446 1578712504 -1157357360 -2107137313 -982777753 -59868337 939162745 -1713725773 -201690270 -1483186752 -510230286 467757508 1824437912 -665656383 1626105561 -612733357 614217519 -837475918 1109592630 -263279736 440218559 -111729950 -581069426 -1761510911 -381452390 1474349416 1654549140 229761291 1502587808 -821052963 2002992790 -630467686 421716758 2138039127 -1518729277 404742063 1989576636 1768054227 2075426534 -159665523 159298465 -1183936923 1199957501 684493919 695189967 2103901147 -1748603370 -1236892481 -1446402708 1649942721 -118512155 -1392170746 1387314941 1813242187 1198782378 330493779 -47613173 829521474 -94119656 862466469 1703080618 574537893 -1637758728 -473354315 -1281925795 -1519660259 -1375972461 1402868416 -783643026 -183126438 -1094923020 -520792875 1348728602 -1465101706 599297924 1218144206 -333335069 -1422503740 1956540996 -982262155 1597105687 923095989 1855598089 -1377356968 -1792165481 788098680 76837081 474848936 2093177545 -716252848 -1852531654 -1903506313 1042983972 -1136877689 1687580475 -341886273 -1603064087 728181295 -2031445782 1246285575 -99020852 843800020 -1266223620 1675521767 -31610117 -1088528005 1517569493 1380075104 2012032509 -835691988 -1609387697 -1914442090 -1027023323 -1689549568 -593520285 -1080375598 115865781 -1754586175 795987308 1890419684 1659313687 568470308 229394229 1368056352 1795632308 764331987 91813148 -1913680053 1250480771 1936490929 -1054910924 1821918884 132463316 -847559765 -1324582805 1200429683 -969683182 1746266702 1025569415 2141450715 -666938848 1198705506 -1269903188 1167878515 892946015 1113231639 -543084170 1968326977 950901405 900688118 553762240 -252186145 -2026095763 -1567926555 2006260109 1202791515 2078540666 359859526 -2061968952 -1262481888 -2037861222 -1410356259 1472758726 -25680202 -1948919537 701640278 -2073511818 1178895159 1913127662 234457882 -1685082365 755440091 -467110915 1865754818 -253021008 1152151670 1522186755 -58073342 -1230647692 -524732196 1922751492 1315650458 -402845201 2009987370 1273568752 672514373 -1208321117 1714211404 -258948233 -103201595 -308099799 1967375567 -1319660097 -999910870 1061597772 -113265815 -33706694 457689885 
-1252128090 -1732843196 1382670854 -2106856173 -1475399608 -1566392848 990001259 1661457324 -1085666321 -1110329610 750467885 1256190231 1372410813 506639982 53217605 543246410 -810158173 -1808930617 -717255655 -1040821423 29733972 -392901772 -776433323 2138909394 -518792206 -2058020064 1376368009 1569839768 -925349741 -578737432 -2080171004 1086881009 880621742 1490316829 -1767156196 2134166611 567312097 69185747 -559883929 -1730371154 -936250667 1821770395 -1384645649 368936605 390010109 1648094243 616026454 1749744872 180702138 -79274161 750403016 502913067 1100375564 442949797 -927719652 140299028 220600820 638605046 -653431054 -12151207 895962923 -717889565 705130732 1184226140 2112280317 -1707245475 -78126479 788394419 340066664 510606271 -165003653 1306680071 4079109 -1815443787 1363969326 -483561929 -1281866297 1491928179 261317229 -876104249 -584287198 -1731938131 1714084413 -1114767309 -1418811586 -980204058 -208081050 -1085631201 -254064701 30526026 -1377607810 2009484285 -1653323115 1777759142 -1073088852 -193182194 -1445880732 -1398656047 -1686121182 -916218220 -650927744 -162452701 -391359456 103651080 1389273921 -538302116 -753661294 -2147141234 696048183 -113133505 1859562203 1231801033 74796344 446316445 1038736973 -1685348890 933351028 1333021090 -1353569842 -289992352 -76355087 968875629 -2001300350 -2022651906 2002631081 1803449004 -1692345276 -1011896736 -1935607827 929316160 -1725294735 -579492025 -69179950 11241841 -379505899 -508767686 -1951601995 782916462 -1808965776 247808132 -1014552069 1271184301 1635078614 973895203 -656864972 -280296403 1877887578 697838689 1449886472 -796329926 298136553 -1314080277 -1012318490 1433317824 691285757 1121969183 -1018335869 -1559980263 -1189068681 -1849527285 236136204 397983234 190092045 -2132295120 257334668 -471273291 -435388528 -188184250 1437284520 -675826365 555454382 -707850550 -1164827833 1236910789 -1401570066 633264773 641543782 1449852091 671881506 -1980733057 1574400895 712646041 2130835336 1056789149 -1672442992 -739130433 -881266902 -721286243 -2090960333 707973654 863312897 -2066284099 1873242304 399643343 -1078562152 981555327 1781819092 904212113 -1102477623 -960601212 
-246620721 -1483214521 -76794122 -480963613 210208868 1513189902 1954224939 -1320599337 -1867455366 -1443329126 637113968 2124813778 839947844 -589904641 -1068836361 -1006237970 1157601673 -1207888392 -2101260123 841239332 -321186789 -2111222891 -1224343053 -1385332856 -740957154 -237087253 -1740623104 -1706233653 -1053711623 -112430464 107018968 1582263523 619481546 2146921645 -920984688 1783566943 350508888 -176353762 1462827059 -1853167135 -1047334430 847527973 -2086649748 -341045083 1117468714 518178177 1427576026 1048015942 1196557933 1476114798 -410975479 -1176548073 -393389560 1757875861 1570370740 1976019161 -1766336401 -1583501469 1996814333 1843533286 -654722895 -1495317863 -1956430882 -1463546588 1576609768 1230076928 2007998122 -39534819 -1006695820 -1779826176 -288174651 -1461607997 -1270073001 -1201875992 -848596543 -1160524049 -601547778 -1571337748 -1666612750 -1053678800 -1518416661 1371064116 -1135016195 46567622 -1227968533 327085779 -1642746829 -332580213 1655169096 1884055295 -1419965186 -1602460850 147515642 648090250 -681001061 320171625 361071037 -1948786222 -923965644 57195139 828841440 968370056 396860666 818274453 -7124533 -1880217173 1288735564 -1454001309 2121974971 -1157412800 276940666 -1231314558 -826337675 219124936 -1364960341 996434221 -913186113 -1026473222 -61861238 848185038 -819522857 -560929722 -1910737726 17326321 -1080450926 40238646 522576772 -1195270372 1316597834 563740517 -1821217932 -317234158 -1097758713 -1996335138 -903407522 -1423888137 1360476337 806406961 -1413321953 -1857556714 10506443 -351718098 903214120 -2031219044 -464058241 -338077948 2100097859 1547257957 -326732043 -1486723484 -546578022 -1497181304 -7467426 1853516752 443803599 -1538750286 -807618470 -166587804 -1171871304 2134515849 378579587 2146818397 -1845032323 1155858021 164579646 728863539 1611254432 -226680251 -508080955 1209200430 -1237591282 -407843765 -2036236392 -1792983321 -1221747587 506993163 1067165649 -382173883 585953518 133627831 1469581039 847508851 1822817788 875423442 572166968 1059633942 1936661617 10311700 1396794716 1617972563 -1508025929 309763110 -340885291 298727580 847959924 -625473997 2124426818 1342877226 -1141971931 581847999 
-1233036542 -856969081 484992614 24036725 -1578339093 288312535 476258782 -1261768787 1047768898 -951175369 -971912818 -1735848781 -423399186 -566450774 260242899 -2125837524 -111591901 -576756591 1431109498 -295824684 -1998573703 579989023 1111740526 214239713 1951097258 278069032 2025995700 1493505970 838909343 932904196 1687084462 -49949344 122151915 390982779 -1445472923 834002834 -185352207 1268525198 -383709908 -571596267 -397042872 511855632 -910900107 -341352805 2056774226 -1607348400 1357485855 -721175685 -7563376 449384137 -1555450427 393688579 -73472205 635332071 -789498867 -1295952857 498002591 -715396950 1915495724 742623432 1665915721 -1136675112 2029900360 861399563 690562578 -1966893487 -687776392 738990876 -2045108339 -1007743691 -1735167727 875028818 1950141252 130017468 -1516780782 -842354256 952580811 -1852406210 -685703682 -465814342 1684151526 386788840 -1562346868 1383472290 365039383 44894664 1333359207 784001127 -483823586 511586681 1996897760 -1732987552 -1322713390 649588599 -1522969953 -1119890617 841701842 -1844750763 1817871696 -149772247 -1521587124 -535994672 1473640429 -911547363 7454063 374157071 1877090726 -833959032 -375498814 -1459862947 -404795887 2059630473 -1777202229 125231986 -1335078062 -1900742942 224560424 -768321523 1295790339 1958136837 -1926033894 479455153 1294525986 415677428 452184584 -512541423 -1878075669 -1781650418 1528792323 -156829810 -760812822 1904283955 -1090505387 346959672 -1254736456 323901642 -474608922 -1153981373 -1885143497 -1616948821 2051348705 1433458585 -1736799217 526207843 -1162734383 767026004 -418061185 -315771270 683166594 902763955 1396566291 -1741805039 817621135 -372074817 228621791 -1030459384 601298290 1935372271 -589830172 640634565 -1274399599 -1754809428 798652934 -632354617 486302089 -2088647840 1603455479 2110888697 -537816169 279435040 1107176425 -800978760 -2134645991 -1607325057 34987668 -205008913 -135974784 -303827179 -1645233901 -1042027446 1112907096 1239863401 871464048 -1944035304 -511855221 527693354 -830860189 -1039446093 1848186217 -1177863360 991919152 -1896099907 -636703289 -112628695 1646963247 1314396580 1170128520 -2077927548 117492147 639665663 
620070253 644105389 -392146694 -1675980651 541498959 435753851 1541414219 -1198809826 1371352164 1275809950 164442085 1948224762 1388512544 605124526 659509048 -1081574153 -63613922 1222224769 1988935101 915154867 1676207397 1434759264 -996954604 -760229382 1083721195 -1888536748 1637252194 -1646001363 72765485 -1848988575 1628597440 109568657 -366509608 -535312861 -385935726 -1644387163 1281741087 1530220801 -114221464 1166848414 801489587 -353859078 158152760 1384815135 1191819355 1009015936 -1905418846 -300953231 1334370283 390419298 607593191 -337842287 1337974527 609377373 1668990592 -958376821 -43863992 319560085 1288304123 -222564860 -933278698 -962637771 776482334 878044121 -440527095 1869017626 229137172 953411953 -799063672 1033882959 87055136 1156147696 -1013517944 -791144708 -482807130 595822967 1788010643 857111732 -1642882156 -516028079 1204008063 -1296015302 856426566 1895008750 -515784976 -960817604 482127279 1515627751 1421017469 -1352016590 1864189374 1155503225 -1812519720 -273979222 1321414810 1787178264 -138484845 -304728392 -2114679147 1925400625 -798165930 -140775018 -171532381 -1972752930 1377618240 -780318007 -862245852 1981486465 559071368 825846619 -286233528 -1336942211 -541032943 -1788372111 -1861290474 -1973568228 -215285531 -1640143066 1877491731 -1205419527 1577638518 -2056999522 417693130 382218842 -286710456 -67551003 959893037 310208566 1763326691 -1462147658 735580972 120692383 2053520677 1265151035 -461850605 -1964927996 -1119021659 576483727 97313342 1519145687 -1892507327 200363012 1195406013 827737944 -1049586759 -692283597 -219909822 -127689357 263563669 -1796530276 -74189289 833779519 10519938 -1803957972 406766513 33979599 49888284 -1042208299 375591299 1333154568 1914929158 -146658858 1491191022 1307694902 -1102938067 513620197 1975591539 1082210536 -1151952727 1293983560 -5699373 144903569 1275814462 251742450 1950172065 1683554436 1223413481 -1203061944 1015357260 -100658126 1103668016 1209284236 -1146379501 -853313708 -1346170476 429706823 1941012753 -343336601 -1672572052 -1831807445 -169841451 -1549357067 1459388866 158365727 509912638 2119669763 -974752672 -292022210 993579115 -235485078 
1244166148 1543887240 1964034078 -194009333 767750159 -352160091 -223153257 1871356016 1222114233 28120202 -1692612886 156503129 43527846 1431282215 375225093 906903314 1258916628 1466929064 -1256154354 -488824432 -1301792806 1502268970 -1901241080 1269542251 176318088 1953419563 1889257459 2025117847 1584061492 -1942671255 -763798979 68855504 2060036558 -1449792726 -344345635 558918667 762210869 -1842118216 -251481236 -1119695991 -637415879 -1660898658 -1799148327 391786817 1957244866 -1114764500 -1485321464 -120374755 1627224976 226298419 -784564508 -1693697117 658146326 -556747569 -188165030 204952131 1928300206 541723398 30443646 1765002694 -541304190 -1379537218 837991523 -295733596 -843462967 84116707 -1391026862 -171457392 270470727 171034046 -1825880585 -1991290480 -1887032953 -1244653988 1442978300 -897101771 -457513400 -491110752 -1300396098 -2016049619 416251417 337557104 649898995 -1274491409 485557258 256747451 -809441799 1539870940 527905727 -1266822859 -1963106224 -1684148258 1570667913 1013100824 2082741772 -248703690 -1697323637 -1782630798 -1237225873 1691964697 -1687174041 1238676310 198582982 -88403007 -1992214023 -1775086791 524169222 192843751 1270605016 1106293476 660301962 -2124260013 -804373403 1493740380 -1478072127 -1868169236 -1316798926 653432838 -545815198 -1830432028 1387646 -1079160001 1501782022 770945676 -764368484 1531785300 -64468241 -216152880 800445774 1561231382 158113889 -773109237 -1700153793 -641974327 1476921807 135550001 1187958725 -383362215 1743979435 -1905283745 -721967452 -1052539465 -1629989343 -1754138280 -1859994889 1316522174 1794854009 1294708596 -1097819350 861126026 -1521487420 -2076793339 1682129755 -768888895 1711800645 979528759 -1761228670 103698940 33385178 991282798 -664355668 -1340415775 -1427996431 576804249 1281324532 106770828 -2069984601 -810589 63424788 25854116 1948371655 -1147964606 869817597 1156473452 2120935892 160513671 527833474 -304094300 1063733980 1080727511 -1844584279 1169499363 309630040 1984193926 1186986295 930923363 2135477822 -422397761 1662895343 2025756432 1654839648 723093934 746490337 -719825567 -526429647 64661200 -2136189890 -2023325360 -332054943 1928271500 
-1815064582 -446821396 371724428 -2138556608 1779425083 905619944 1804119218 -1316518454 -116058927 -1372021743 974686090 -1860385319 546272039 137534205 -806337118 1329539660 824292765 192298964 -1834667122 1714993180 1432315719 -1566822124 1186398226 956653335 567055826 -2080614729 -713066284 2142066419 2055731332 1914288584 -439640905 -1868498705 -715515554 -1873339836 -285851807 -962522446 -691362429 -1403413104 -2077606330 -1190536706 -1754438423 228734893 1822458218 523723733 919717579 -353397085 -367959303 327119420 -1696082042 1181588898 1016396340 1362968533 -2907575 1624076943 -1630080881 -1691724756 1250335620 1436692267 487249908 1189771353 -206874871 -417917322 1689165183 964015851 -36452265 469979745 -850330982 -1937361354 -255934632 201474178 -1980915846 -896686895 -1285822968 893255850 -1372201876 1290739191 -75772868 -474319975 -795893058 486297295 -140080370 -1485841109 576531017 62940123 -1224431064 -1881063507 2006611289 1782127383 1317008107 1146872923 558408467 294048457 -316739162 -2112805154 -86886613 -989457880 -337065284 -799941342 1206270923 1005175205 -1870290660 -1223352130 612016161 1216372833 -1432399310 2052834129 -31989455 -1816969441 -1741480089 -502353326 359686264 -555730535 -387917279 -1128321545 698208836 -1467761672 -622038553 -306107851 1617974728 -530615585 1580375561 -1442745797 837738930 1009195575 -1734755382 521373731 -1016130968 1253318295 -944011057 -1161990439 -646334886 -2073021908 -1890064429 -1472751482 1229547638 1051185010 1688806541 32595622 680014222 -915078651 1016696061 22041434 1637601286 198411404 2081409721 -1114895513 -1366485025 1646529800 247255963 902091150 263865054 1891819251 1256505630 1169566590 1088600646 1766475681 -25398583 1930008836 2064375130 383808805 485781424 1108644826 841413448 479452274 1033390221 1651857183 -2133971511 1880170370 -379439919 -1863671806 341347925 -409006135 -1825399563 -1941702287 1783223518 -2042770882 -1786707538 702355278 -1410783248 921212670 -1242562069 500221518 1662496335 1787375548 678934855 -2017432029 -1062173638 -286946593 1063966841 -301273910 666464522 -1589631838 -603781500 1265090316 -1356477943 -690678190 1904986535 1613221406 -1863462477 -650056516 
492398360 -1545919007 -913238035 164068341 1669528615 887766475 -216176016 -814117263 64078821 -1025015174 -864421698 136112041 -2050087097 1154030772 1804439619 1271186687 -1535958350 266572616 862250925 181295187 -1230176622 2008718940 1231252880 -519537341 -1433330239 -720863886 1178505538 1028509991 -1820277333 -180283650 -931885709 1959887041 -531920916 -713649662 -1124865649 -1550918371 1678532981 215677421 -44515778 1275544900 -653523790 725592152 1541059938 -2002969417 928460263 -1816708301 999068258 2099992459 -112022652 -691812444 1134582618 -533916377 892124359 -2133281748 2008268150 499271643 780917910 -862191997 -788516308 -1445267089 2134510896 1912836233 1797690393 1780966599 -1986868338 -868837687 590033841 1909444051 -1172708258 354593601 -1295502609 530796978 -330170786 1779127787 -805092429 158668500 -1029794817 709748890 1106920151 18377663 698322214 -1790030682 1861307299 -1837121069 -1026688774 1399507106 -1760957936 -1643180560 -693825991 -1606799227 -1471089192 1229861956 1873665281 -613157975 -588151468 -371378532 -816125629 -1404164588 -883415619 -2109135545 1852395324 -862653617 1359232389 -871144836 67599903 -391286936 -386427308 302614763 330807516 1281190448 -60165435 2018352368 1235399340 284045705 -100260035 1505396947 -2115764513 2071401341 -1641893489 1482798460 827342833 345386219 815220 -1514022313 -527186303 1833202175 1377320063 921320118 -1060641902 109760645 -1451475228 447219066 466574078 372892286 1739009127 -1225270893 -1820492079 -1365787011 -912653952 -1909353997 -210374011 494237994 -1256352506 970885518 -909828665 -1683224435 1039414279 1884334350 1518678039 1675447831 2005161879 -1632255941 1965159956 1936023821 -1106152851 1577204693 1759113382 -535956139 -1276025862 529286552 -88418854 -1306923144 -1388066118 -984631969 1286185899 -561223089 -1899839756 769517688 -418901512 1266177281 538133322 757990146 -153225180 2070165354 26134627 -800323561 459875824 -822329465 627726925 1342700420 -906748726 405969515 860768279 652248971 1377617178 1621266881 -255912281 -995244580 -994662986 -1392377355 1109037526 569009047 -834682153 1697891521 398349977 407856051 1270525340 1997201497 -387749887 1505514637 
-1418815537 -470426181 -1457064441 -94010139 1839237939 -511624760 232686544 -426173156 -439292254 -1275333186 1290264012 1463223225 2978685 397443725 -1196778721 1281831672 -1080337472 1715621685 -867153882 2029974054 307759544 -1481109777 1230934962 1407612138 -1297895288 -330703228 -1735744199 1873210419 -1350508357 421720018 775051982 1827660734 1156427149 -639066653 22553967 1645710188 -192410256 649171645 889786350 54368068 -931506375 -469920375 -2048602814 255026800 564013260 -1044484059 -2023698903 -1193171126 -2139180629 -192700896 96566548 -1488614270 1634430249 -1827986606 108642288 1224164009 1301659668 -943472690 681221872 -841216327 912395999 1555125870 -1927862448 1996639929 -2056166582 -1622217659 -1281793177 182842173 1161114887 -122806724 1053255670 -334609795 2140109647 -1983425565 486872495 1996367878 -1192395213 1887818719 -1414111518 1419671346 166558952 -292493494 161670216 541273080 496404251 1374534295 1498024090 -75390300 -1747052033 -648218210 255388263 917400845 -1041003236 1003192807 -1473142270 -194328944 -714800159 436622880 289461913 1076558180 1534976471 1601628534 -1477729527 -2011043528 1556400025 1576665819 -180940141 -2074932523 371048539 -478465233 2036335898 374942948 -497992760 368274043 -889491535 -374818753 2126871384 -568675251 -1318961680 506062841 1548486207 -1795052895 570035970 -1637573663 966573798 145797461 -907014642 -272962796 959044353 645673081 -663406646 1467979839 377850458 -1219776035 -1724758529 -584905028 1833105082 -2131091880 -634752143 -344641015 -101065428 559507226 347722609 797175488 -73643526 547685611 1567501512 915348669 533593624 212889807 -270844629 -763353805 -68671185 -1915541607 924598322 -863542431 2002367194 -248886659 -1414779806 -890826412 -269644417 1934216205 -255441571 465369449 -2033645990 84701630 1882841618 -1656285316 891998386 -239807165 405753065 198126067 1912483378 -415293402 -1773932631 -1909170096 -191018128 -375823405 -1305808295 1777422298 914303351 2025274668 -1651192642 -1706863260 837418727 767473125 -760742576 252901782 1826536892 1753130051 -1398330267 1971546409 1879877616 1603643345 -2077876729 1885415684 -737864844 -1376863540 -1517739742 -564446389 
1683150376 1818966919 790509267 564052644 -1798371821 -409743390 -581226308 522156846 1552390629 1893963905 -2130425277 1039566870 -1984624111 1193287452 -194856973 474978154 1171712829 489509212 1850368474 -839347491 -804040577 1762290822 1871516786 183092009 197912644 408341018 1183793968 1797460602 -951349958 919572373 1889277340 875569120 740471444 1105675675 918002459 -46980246 1930977467 -1089345961 -1404537820 -317238026 -1018632869 -1456439918 -1985203401 1622475121 -2146071878 -2002375714 820746113 -483975979 262632992 -566558940 -1564236018 -1335823836 1957620355 1494088128 -446916605 -1263729183 -2039411484 483822657 971811819 41406694 244506424 -348338879 -950218629 501277429 -2065394180 -1631744699 1666249355 -1350061289 1230538107 -1853400436 -505752678 -1946839627 -364989611 -2107575006 -988574501 1979143030 408854221 -1148907885 1824678418 1555262248 -1369211276 -936201913 1296986077 -945091596 1114143196 340262080 1059983838 1913001055 526310295 1862676996 276976767 -2141367298 1842475270 1877949346 1029617299 1450474394 -1766208549 873801463 1656177277 811687872 -1622754124 1899703779 2021934437 -97520313 -2049516469 -394362449 815943418 -715184442 -1240236909 -770579746 -1722989408 201312043 -1305988172 -1585921277 -2100762728 1248868350 -1178244340 1089693804 923584501 1400487591 -175484544 737908525 2068006326 1350532557 -1558306903 -1671088634 -463552217 1321162621 1764836752 632554055 -956302944 -1632524600 641465115 -531877215 1693970813 1561174770 2120454362 -1236643864 271100873 -1548245217 -529452739 444731696 1794319996 1274533306 929338821 -379263000 -257933006 916713425 -631852345 -1000366003 663395158 -231054847 -58772523 1958537020 1966296046 -1824382784 -365252325 542916335 729842398 -118269208 1323524060 1200308592 1494993436 -832659780 2106742071 -427802282 -1661833605 1615094144 1400662250 -995057017 -1020468746 -1336521029 1936622777 1889766611 -1550286430 974301606 1676342701 217678292 -762458091 1758559499 1773476208 1363509623 1483923224 -1713263087 1246399171 -1717855042 841220716 1391986579 1491887524 1205018505 2126578010 790245370 -122865873 1000222648 1333101370 441457604 1923721030 -252888926 1262710371 628157743 
1082643458 1611712758 -286686130 308372046 152515593 123791969 1085075692 -1617860987 -1640340856 1215245484 -817484461 48822455 -1511937550 1999591174 1811938545 -1440613799 -871460468 1362150887 861440847 -1178346299 -65765978 -873825473 1975479196 2114935299 -1935193780 1309012117 -294664907 933558935 217497998 98088279 -1213661221 -1385681921 1581322992 785080163 267341069 -869675253 516781224 -1079175200 -331768667 1873790778 215436315 2036388147 -1743647637 -907178887 -726902050 1585578698 -1421568078 -525096582 -905015611 1654210189 1650846966 -719202437 -358261361 843757334 1582074364 1504188533 597166446 -1666202390 1784176290 -1406344485 -582261432 -1610626928 -220417793 68685175 912973302 -1916065277 993760935 -772875360 -821247094 -1763042111 -564255411 2015289773 -688932788 431298246 1435118648 1252534361 -1652366002 -596295080 -109755032 -1381515506 815185987 -1688123085 1351106883 104720762 -2036925149 1325448968 -625689835 -71810081 -1037667581 -2142511312 -924447269 751766487 -980022144 -529668892 -1286163064 38294262 1591675515 -9450546 -584823003 -1674731780 -1511317131 -254304195 -518374753 -1202077257 -2114352835 1109758629 1913446400 -1753835406 1939389222 2099284220 1437577976 1548329490 1366369687 -1795328365 -590337443 684769693 1736412 -1898961534 1669099259 172106217 -598629351 -517679682 -1191860060 153826290 -1507133353 -1055280801 811208792 1370150872 787237066 -70130267 306019184 -1119260248 501107718 -443039857 683629312 1154565871 -1030167741 1238319914 451684215 971964736 1638592411 944930414 -827646020 -737343710 850069435 1501882105 -49586410 1109121653 532274561 1533976969 1049427577 740657346 -504416010 -920897326 -1240167606 742261239 -1679579393 1967645581 -277457644 430143669 2086076166 -90297636 -795745115 620842245 917469373 -382889272 996297421 -679534925 -535502584 -615037007 802726681 2067833362 1816952562 -531320721 751678062 159958875 -70454152 -1339550331 1290820107 -877253548 560859433 -251950512 -1063922062 1598382121 -710128599 455572497 -1059860382 -1810267882 -1181452430 1901508178 -1525951630 -1260890622 601198868 -607767764 1764472453 -1167456149 -247855744 483459021 -1189717508 -686554602 
-1648116378 965648798 -261647827 -1006033571 -584369845 -150852271 -716574164 -2002070471 1966817039 -1915113380 -1229056884 1297543632 1084707011 -1394064945 -1907151986 -1753027437 892791702 1111122099 -151791220 -298836273 -1710336241 2025910638 -402901420 53559456 -1976773771 -917457814 -1151065935 -1250991833 1650077979 2049602374 -1180149054 -266407404 -582713098 -2032333911 -1437710235 -1644161986 1510411718 -62792887 1390188300 -817596763 1333673146 1376666270 921743664 994777013 312347562 2070878243 -527649935 -1388480494 -590927192 -1269593106 1352016589 59567848 1437964825 1760372428 -832630860 -1617068396 160715494 84505677 2055257420 1751752144 1011802937 -1348163306 -1452450707 -542496775 2081515888 -1274133106 397689634 853300320 1674084809 -1766860326 1833006996 1802406840 -1346954487 457480164 -1145790146 -1267360784 -1108053949 1905635478 469391670 147472358 315662217 927457794 -834640649 1495293062 -672094368 -95442476 362218564 1168890852 -2086714499 1217635091 1644192252 1585703883 1290257708 1372626965 -551719986 -890127075 1188258721 -1013754665 1841360914 -1353916312 -1687096517 -754500311 -861152495 -246411806 500097297 645642646 1765506427 427276771 -1492947165 319751500 -593088994 1317168406 1806506823 707844726 -1437165936 623631161 -1745860734 500609184 -1005743240 1212894484 1388378971 -599350934 1177912385 -1982965056 -308828125 321139564 -463950777 102741291 959036435 1523587990 -443124245 1738904421 -1446951806 1013865658 532123945 -1447001467 -200418353 359816888 114341215 -1380689368 40506638 1503666112 -2030788226 1624474265 629839219 -250522716 -569635343 423058158 -1466109088 -1803040889 1197184847 1258641821 -1773745638 -758863799 -1332074584 -264130431 -200351666 -393424078 702652617 -638140836 -1974286906 1134195506 -2100340210 1114944418 -960122221 -1304571161 1284153993 -945918847 -206069251 -315860141 2063245820 -1063367497 1131966578 1332007146 2024602962 -68667863 -1829437984 1819615598 -864001625 775370229 234510199 481319595 -1787780684 -1566702457 -228368801 2095579355 442589550 -644555386 1923405698 251321771 251737066 -1339002769 -535079995 -210589537 -2094104632 -431645273 -432085022 1872969674 904707079 -49575251 
1580662086 -470398609 1200374023 2139079993 1515691354 1478527037 493650141 -219802249 -855311048 -77541572 -1973431647 -524288814 277335459 -129497397 -1133338446 -582317031 -1429980561 1501270763 -1143567036 -98219031 -1539592957 -1518270726 -1364532283 -1325031995 -378236278 119057268 -2036952837 576848103 1881493541 31193037 -288169811 935855503 -324844048 1433717988 984563493 -2006827835 990823526 -40751605 385820921 1282329111 2138910411 2079755551 -1297555951 1555994871 -1123748470 -1036705711 -1525472211 121556541 1809310425 -2000699816 902739259 -990112009 -1710901843 33327000 -1450407836 729251283 484488737 716758395 1221739156 -255973103 -562009876 -1805112680 1735540989 431866370 1958345927 2048222781 1571422669 -1288690989 -1979074153 158376319 -1027827296 1830068343 -1271058641 -529773436 -2134683535 -1155450766 1054544962 -1070192140 1253619212 -1803702056 378183629 -1728913427 -2097796597 801731954 1514327296 60643907 -727156453 367441641 1342141650 1221654045 -952148740 -960980260 -580984129 83002872 -1697597798 -468452723 -908169404 -949613086 -1225979512 1868334087 -1853308097 -1973600477 2052770084 1567628428 657370075 -493941254 -294650840 -637877715 -992924380 -1830983283 1400565379 -1161556195 881249766 -1302816425 -1084273838 -118499861 -591470200 1808656237 848998628 -1915300475 -1490211350 -14234183 1254719946 -2100891697 1483267359 901167835 506131228 -755149079 1947407924 -1082519941 -267590500 879255667 -770377863 172928141 1212872579 -936502168 1917419528 1211083781 1089914982 -1751580860 -608825507 -328849713 1279809759 1592826632 164019404 -540514310 1580462745 -1616261456 92045052 51625838 -1809912397 -1865209924 -719748189 -1178348941 -1057425491 -394687522 486037613 2145437809 -348406441 1332109835 724245923 1738782363 -932445796 1703232405 1446287200 562725940 -1521008332 -167074039 -1040431327 -2029499091 2131802332 333029500 999220332 -606266723 1985975726 -438729342 -2073892532 725854051 2009517232 -6445860 -595632530 953945110 -1335362268 -245875450 -1441962322 920924029 -1524417335 1984974210 178559811 783687056 -1811068425 -996736147 -2141562823 1421212600 -388684151 2088418321 -1273030616 -790252442 1306026601 1765078316 
187275957 134279396 1207489662 -246038132 37525860 352648643 -1460593102 271334303 526220329 1134659271 2130433174 -1090998967 -77023310 729026711 478876884 379212682 -1691814050 1372074524 1258222201 -385681119 -162362467 2106930210 -1193197611 1045749170 -678053005 -1815360651 1849325666 760205197 759506707 -117111906 212296029 -1598695971 1399677913 -1533099611 -1678250118 1126323292 1705759954 839875786 -497924520 1885828237 -844996662 -886138719 681019589 -133006920 313360300 2006588172 -1956136843 -987383046 491721357 -315456658 359613058 -1131669549 -1945321617 1334482854 673487195 -1685830462 12624403 -87164553 -1559927974 76527956 -161578679 -1592764382 -1218861455 1748516962 -540743322 1495795852 -83544792 -221401481 -1054939450 -593559617 29222114 1188864638 69767829 -508114673 -12147143 -2089854902 -1575155290 1785096324 1098727086 -1022150273 -704289971 -1548920711 -597032564 637330209 -977445740 91098901 -688671429 446314006 381762243 175537888 -202355640 -1741338651 -209958993 -1956657246 -1288869624 207410387 284146878 1822088803 1379280044 315391231 1957961970 866762696 228623413 -488738318 -600777336 152595250 -1389220674 -344611821 -847310223 -1067493654 2082021521 -168240963 1774652261 2064525889 89652667 -105418654 -1333297717 -1279682889 -180453396 505790141 -1766985910 -2107244119 692169787 1982000919 2137778817 -813550681 1932395354 567445723 1191104356 -1352796819 804962529 -1178477713 -1914405189 -1979020134 1615883004 600383084 -186622974 -348270507 546170349 338213595 -175525754 1175939547 2032670867 -1684651227 -132112281 -558065813 1911283002 566907862 1771908076 -1284216880 190108285 591576808 1433686268 -1177350610 527516775 -1120179809 1162082220 -519914680 -1008989380 -185172468 -1268312655 -1778782133 31411664 -756872206 795079976 -399737222 2103812346 72132886 649962084 324207806 -1557628516 806568798 878799311 -1364020616 1304672457 1838213509 865433369 -1741689583 -102864903 974767418 1266594568 -972186798 2003252981 1221247509 -1633078012 -1207621758 -2044597290 1163064592 1823194846 -186603005 928800510 -879771342 373321275 950872814 274494049 1383211557 -1434193464 -815596275 -1436788444 -505994622 
-959931461 -1408982153 354008793 -1220351223 379956505 -537773614 -1118723576 629572434 1547012310 -144146498 -206192349 430915765 1759068097 -108667484 709705087 1808579354 -1161441698 -1348819964 -685522259 85902457 1262837383 -352728692 806312721 -756114120 -871107923 1588848311 1679390880 -1205951084 1991764017 -1841669581 310238902 -617888200 436715604 1641121593 214760560 -571712097 -526606879 2029451169 -1364572429 1464924339 39698423 692951466 -2120593535 253328314 -405285400 -89628071 -1448510013 201060295 111988514 -433633105 -936014717 -1286441433 -2042744518 753846836 -1361312623 2065589637 -859021756 -198420077 433578396 -2112564066 693474868 -751091820 -2012378933 -282383389 1885970715 -1380051753 -1327145773 2020847549 -1054394148 1400118942 743471090 1831778164 1584690530 69669935 1558767763 -1371059251 -1244867172 168379393 982155841 880993451 1299119073 621782544 1431394829 1658779900 -1787338359 520153838 -785580572 -1152533966 -202896695 -1503296744 -1090786084 -1260896581 -1535253305 1710547280 -853453648 -557149320 -348639167 1909621031 1039865246 -169242977 1584784990 1650204758 332939696 -1725231097 -137135993 978710919 -1178848767 1858864987 297802633 -807713462 -1034004888 -2092534346 -1401967087 1982385121 1138543239 32051690 -229495517 -2022766694 -1730598292 -923740003 -61778401 -876164983 1971280046 2085290819 2091047508 797213035 -1981172605 1342993532 -1556756141 1858019457 538289986 -976837877 1327040070 -1659104708 139888408 1402703999 -704853432 431650721 -920419813 1946792157 -1516449078 -2131449454 -1889349510 722139692 -1205037871 604051249 -353027990 1879301255 1886128784 1561250359 -1899358615 365077077 1792689777 -1489945599 1833006281 -1839790439 -1167188804 239588636 26554037 1884487179 1980379248 408064171 991616769 163049556 1098551221 499771904 1166812649 361529649 485734887 1277035180 -759914331 1816755570 -370513354 -1237847131 -898336302 -153194047 -202341471 520119350 1310998299 972512538 881060827 650958317 1400135811 1359753201 -1685594553 -13325693 -1304217365 2033703695 -53827787 -1492709536 -888057237 915772157 -513136621 946503533 -1746572678 1697361776 -590350425 961075477 -10552980 -222812389 
1182693511 -1123180266 344743957 -1610891978 1279699924 2011693694 -999728768 -1660287412 785067479 -1103047757 -1019468904 1742554437 -1016731493 -1776530635 -2008465860 596046431 -1339255264 1633830684 -48580237 -810828011 855666888 1337822118 1578992199 188096345 -445986495 -1834736537 1392212875 -411229817 863152317 1944213844 625271583 603077938 2047358027 1904904561 2054326452 -1544422460 1675149472 -498417648 153791246 -2081331565 313729744 -636629335 -532206533 332057218 477049375 -215710585 1689056949 1540487292 -874391325 1106402481 -638558489 409814407 739728352 1561872429 -117556053 921164690 209104513 1485181203 1127763710 550623776 1581745149 1926738289 -1799446450 432011595 1711951238 -229323096 -1261123890 -1878651215 1745732515 909466287 541004299 1024721031 -1113257988 462305126 -698412844 1113131371 665309127 -968573044 2057578408 -496412699 -794308081 -1372973221 1504891414 -827295102 -1801027234 1718462193 -1956471053 -1885285569 -1722863170 -2120307697 -2090823765 -77886086 -440060038 -1818288955 674906541 1268631994 -1506895375 1225207147 1339610516 -1924114975 -1700440142 -1570537531 -1787666623 302103084 -2038650794 1989213191 -834733615 -42863122 158352508 1055911104 815170562 -1469717588 1393447393 1185995559 992345985 -2037694782 2085300839 -822171613 -1894562541 779362381 1242920278 -125367883 -1338349610 1022726952 -2063139278 713563206 862704157 -278911078 -1586746818 1646323282 1667992296 -268504510 -2120318342 -1587651021 1141621784 -1126142699 1244175780 602464260 -1809368383 190589674 887951195 393731875 828367989 -123054590 149620713 -1291294742 -974269505 32482499 1255585012 1176634227 1653876782 -1703170304 1961388292 1656654381 631234778 -1253862663 -1219170008 -291649049 -327874182 576140582 249166962 999410330 420826557 2123532521 1039838320 1149820447 1710223420 -363534642 20492810 -1996893909 2028093734 675027008 -551745799 -39844364 -2058558832 -1843856916 -1334484492 976836074 488806056 1122133749 -471397523 1525955064 -1300598298 -1406894273 1137542685 -1096797152 -1760204249 -1205193072 851734179 764173776 -1953293460 1572015096 21272668 -1633382967 1436094517 -1443709245 1720627342 -717244579 727151371 1546767648 
1803734529 -967154699 -551547905 -1132996269 1113971663 1055278744 1947202732 -575300413 -388800504 -1897930997 -1796459937 -1175604429 459426161 278143921 497306491 1455099071 -1200675223 -1649478800 -1518605114 1151622378 2016891124 -1286693145 -693641339 -906573475 892459112 -799730889 1805125137 2039262602 1252746920 -1844983602 -1681453397 868056125 -56289988 1893905280 -980433232 -2075196727 -2128395008 1224329914 -1612831894 777602039 -464954863 2092445204 787804797 -522090249 597817522 -796441029 -1919955879 376949930 1159586121 156268300 -843775978 -1786081647 846586429 1779532409 -1342798835 876689779 1047309615 -924208202 -1005585827 -365624291 -375794961 1715680597 -1061878857 1199566592 264832642 -1687331963 -171485625 -908158618 -1199629664 1388059466 2017683758 -1758717018 2043344543 101456896 -253449416 -1144378592 -299417756 1260867909 -2077186523 -1554785027 -2056416633 -589312328 -622213920 -1505188635 -380776887 1939913545 -1321140476 1661714925 -1642146096 -1894410187 1291643856 -1991316358 -704205903 1020098011 -1244519379 -247134514 -118538631 -976263338 -689566079 215218387 -670516967 -1792311616 643738446 1681171436 631103627 -1764765913 -1469802805 1410727109 -1988712693 1182620121 2080382182 1214509680 1439694004 1368615308 322353210 -1185968671 -151834015 977098450 1240864105 -1522457142 -498143195 293587715 129284212 -2101347806 -1457303355 2116646097 -1086412459 -168292895 -713442792 284137263 -1447031946 -1358828894 1658302790 -448144246 117843891 1514954187 690309323 -1878700272 -406069604 1687158782 -701948566 1720751791 1828940694 -924435769 288891820 528409591 167514935 311908523 -1684481338 655195694 1262036653 508424943 -36010451 839095974 -1116418021 -203478424 -864705231 -1895810535 13200228 750172512 1404157554 -179314158 1481172632 545968521 -1948301186 -465110735 1931669698 -1076469674 1862677128 1278604743 -1020308123 -1487915205 745784836 -2126510623 -1481651666 388243801 2004934900 -1193665093 551898087 806840616 281828912 186641547 1487117089 1730490011 1094411355 -62551969 -1818442325 -675087109 392995268 997381239 948974895 30580958 -1766199494 584938444 1195277236 249938289 3591912 841691584 1374812027 254950503 
1841746465 988875919 -1863496706 727195483 -1415615823 -1445775357 -1562880177 -69734758 1935564229 1257210649 -230921335 819719831 -1881800131 -566618829 -1039119124 -1189467518 -475479808 449365811 -969580639 690501450 238756774 1436120367 -1267590565 -503085822 -1592090375 136080991 774582861 434904503 2117189159 -712736939 297444079 1670511630 -734331788 -858234127 -1152919976 -362187560 368635268 -1005325550 -909348099 -671513728 -193229797 671988190 -1364337502 -561766679 933131976 578003099 -1403673470 2080019326 -958773717 1188685144 1360239918 141111957 -634651063 1244028166 760476983 -1783976124 -1186687650 -1917840580 -1112148470 439664820 -368052164 -1799128031 1342598850 -410892365 -676586498 -969062901 164237029 -1383362323 -413045343 -1713798419 452662937 -290738939 -1818586468 -667225183 -928378086 1663842162 444784738 -265734458 1681334658 1840354377 2050695302 1684968559 1472462026 918915819 -1367964387 25544691 311545419 -1364211035 1281918127 747209976 -619318494 -434115466 786392852 986521494 -1379531743 546976995 1287237436 505703946 -1617301636 1575158428 1891115860 2139934722 946394939 -1462385203 753648952 -1584203169 -1695372627 469692763 192993117 -1143719784 682516213 -599427218 987375972 864763563 -2011826700 393049143 -1005755910 -1983133180 -383437020 -153699693 -1148126432 90817398 -329288906 -1132153395 -800490743 -1020314724 469024119 43637498 -826915856 -893764332 1464740635 821964294 -2057042660 -1987860142 -653705528 -1950567942 -1817079636 1192319890 1279898986 -1418782187 58729112 -1814369685 479633905 -637111159 -530726599 -212563273 -1365816174 246948295 1860951664 1397778043 -1546063128 -1407535794 449323494 -1398571653 1271819141 1556963877 1841414288 1865900008 -192325666 -634871254 -1872093735 1799274686 603106730 -706299718 -628234806 -1817382175 -367281694 -2556671 1269871978 2128550084 -252934185 1617367277 -1314953517 812988163 1691760868 1421675374 1981406904 -1366100818 1088699758 1193774721 134005936 1237003662 1828739866 217078557 636686326 -1511880429 154646240 -1120079901 882735359 1319110604 -1531879774 938556259 403165084 -2078207234 -1035559803 2074104603 421882809 1886045289 92622791 836106294 
1993856014 -572233051 -1929083008 -28293824 -2086824759 -761730680 -133089788 -1359723244 363817349 268431198 1696595107 -845720057 -1260975180 -358227746 -1181921155 617058724 -522718002 -1123896128 -269397959 507675931 -694531893 1925073954 1655307028 351526229 1936385952 1604944303 -1498353622 1299120844 -794453663 -2058810512 -1654624968 -1258326618 -386083048 1791879343 1695524860 1986944625 804265532 -1310484377 532722892 1459986578 -448448127 761749309 856879946 -495295413 905872306 -1482335805 1638040961 -2137565122 1853810808 2109972123 531705918 174118525 1018470882 -1921876713 -1747161632 -1583708706 -770551332 1774382416 620257907 1851844281 1793834318 -1611217415 941194805 599589122 87582655 -1115576421 -1566372011 -437502657 -1632426625 -1928408919 357531007 761745297 1877530480 -792724709 5073492 1318626982 -245334446 -1633496396 452765048 -297129540 -375906616 -519260630 -1512773811 -669219584 -1098951732 336149348 729208777 -737726250 1545152549 390365546 -956754101 30485826 -297364898 -1729458869 526049964 -705117073 -1542690456 -1322878352 1767982230 2024634889 -654390725 -1479083012 1865125750 997512784 -1076327779 1017799514 -1833691093 2079191883 1073161957 1701096589 292458090 1783573542 1579026336 577094564 256903852 -77483004 1470715981 -1443544848 2055889178 -1638230009 -2020074341 1381893288 1581017821 -494686933 -525624337 -75367423 -90055132 520333699 2119555106 -1395776026 812817785 461472045 120045496 1932282844 1169905571 -623373507 -984312681 2053164704 -1451977171 1522050358 -1697288173 -1483528962 -860746724 -1906001169 -1117911860 -228657038 807901819 -829865517 2057415062 675223292 -1341328413 -34803657 1110600808 -535474288 1082175630 -190775590 -1598840129 717098407 747905701 441085976 548296809 -1265927551 -957087272 -2023206783 589539737 449174776 -1244094080 1751345137 -1024504886 2081263844 1884159675 1123928985 -2101702925 -1587715450 1193530987 -1218675 -942695240 1187271544 -214947976 -1417962440 -42319405 -1956445698 1499472453 -1947077448 -1036349550 14135238 -228806448 798441386 1392644209 -1871311937 -1585953799 363972709 -404125625 -889902936 -1614771458 -350119243 -1383251662 -270257513 -325111732 911110587 
-180392168 -535996130 1964488543 -2033893417 754717261 -705665469 462648582 584539501 -328564899 1186885902 -711726226 -246393392 785008982 360506347 479120964 117930609 -1913341605 -1009298892 1459080890 867752967 504233979 -1451880612 1907930004 -1969073850 -1864797108 624134872 -2017955150 1697603035 1843208017 -698030766 1835469055 2026839784 373795540 -2010029007 -922630470 -1924982492 1920347119 -1075084354 1023970295 820027807 -1317715454 1109161924 -474101095 1097907269 727778430 1211153243 -1640590259 -1305571269 -1662297029 -735740903 816182340 -58483880 2006504277 -2114449051 981333690 1233239318 -1533924818 1751597334 1030920444 -229438389 -1542623981 1639653244 -1071881294 -50122231 -679609621 645058764 2011491731 -1463098824 -495517031 -1488297776 1893325520 -393825003 1313913182 1366959918 1342106145 1349851350 -2121002932 1983714577 1265343049 -1374654720 1037437714 1153679722 95490036 1772227426 1426879019 -1613175777 -892171706 -551868303 947606043 -1757240576 -1675953408 746323736 -2094616558 1137395082 110383715 -1319602674 811303025 -1485500760 -1207079509 -1578218467 518628529 -163088979 1398974994 1367572714 -1590621637 316436739 -102686136 -2130651805 657569912 1872578337 1709758102 -24120109 1209832061 -895174774 -619327989 924521622 301092280 247835772 1267683794 -984420360 -1489177815 -1152442926 651819479 1095226161 -250071761 1611748064 190717737 -721614815 -354238528 1114426312 2089132677 65149659 2100509420 -104070049 620821024 484440390 -885362185 536536747 1494249336 -811286948 -753768784 -1101235255 992386510 626436002 -409357638 598851204 -630311663 -370710936 323006736 306639686 1041878921 1836226634 1506792084 -357482102 2135048171 -1283239650 88528279 -896982382 876427757 -1771204441 1795145293 531667799 -1354152642 -1712646130 7952164 1807294983 1909895461 903792825 1775161572 1637741896 -276713728 343176927 -628109744 306272640 1672792855 -2114282157 -2003371816 -122660591 990788094 -1806372298 -1472897921 646889408 1516409235 576466128 -923456196 -2127864731 1952147922 1574966969 882465371 1768654479 1384872212 -1219581867 48628408 813168145 -741243150 -838003712 -1720972237 1956179265 -336285360 1570652991 
-1750799044 693419012 969648961 188512074 1562694632 -1770385587 -1953636636 237206509 1650141599 204670742 -496096048 2087042893 -1970824096 -1743840696 363578329 -477497359 -1052300589 -2103475471 -249561859 1980983332 1035942875 -425811436 1895395851 -2007609221 -1606930256 -1414336187 -840753080 -2086708210 -169722701 1227645446 -1639846537 -2048889657 1379100922 814893677 -1923990803 775457211 960720405 347492225 1724691399 639675834 760900771 -2045496320 1456398103 355418482 140822174 -1395964954 -1615054815 1901348911 -365463853 427269194 -1983389412 270114175 -1803557769 114054133 -1350293581 -1075021080 -2037730461 -387810133 -120056001 -260710253 -797142728 -1591197533 -1831195549 930808227 -49587524 1198728288 1924432751 1783293158 -1201399793 1201414564 -1392804899 1302753612 -881495268 -369251868 555875561 -396706208 -2023125855 119909682 546858741 -852507795 623786213 1263888131 -325406969 -1856146593 -2095263616 1897372495 -785955911 -136612428 -341857579 -402602303 -736818960 1783790121 252411812 989887014 -951257028 -784138419 381788637 867237656 -1199787248 414385547 -2141858016 1295377094 681587214 -1230423927 -696864957 -971235180 -1424731591 -1560146659 -1808308158 -591085416 751223581 348474046 -2135570944 -1412502652 -783082587 333794104 1354756798 1879879401 1052164805 -1175997154 1561521526 1300558438 -1436409997 1238133641 1113195197 1495407295 -702465339 530384935 -802084615 1844657286 -2051608087 -1374909192 28015790 611377982 -1249229721 1996633364 1911736600 1997375476 -753189462 -1471210939 -1095253285 1597478267 -523033645 -686001078 895638157 -117827521 -1003814564 451334211 1069297244 -278177484 956167445 1987414159 -2010292626 -2015810714 -2094318371 480281624 2042444107 -524062876 -1242116734 1743878844 -430074502 366681493 -1738460573 508418730 764461352 743734136 -617966073 635776822 -710357591 -1085357267 -1294399125 113111125 901201256 142987159 1656803622 -1038836510 -199965979 52046520 1813472311 786717514 336151293 720249470 -1895926150 -1814102629 -1971663332 1484599487 -1257292029 1759897347 -20452219 -940991296 -964812923 -531217969 -856344974 900826586 1438416413 -460360403 -1649228723 605498351 2109656248 2112083746 
-1575791521 1878005579 -1887905450 -1202427365 742314429 909252326 -422459409 -1278761920 503130600 1177781065 -1033868808 -1892156989 -113248590 834529015 -1217746517 544557629 55789462 -513529479 1558928678 -1609926549 1372785559 -431481599 -1722547910 -1230346922 1614954813 132959220 -374073519 54943348 1727882576 1235894404 -1324088996 1444202089 -711841668 1863778862 1982317719 -924372717 -2040622802 1324776272 -1231263245 -1992879317 826578778 299812670 -731103823 1285331270 47862809 820230179 -195506022 682610462 -269391219 -1568653075 -936087075 1403635214 -1624078275 -1480907030 -1605089004 689098267 1443670492 -1931574326 806597958 1187296728 -1769887415 2113115341 -1242465635 209666920 -2106551092 1999964889 -1170719489 1120710305 -949550745 -1685472074 -1663493066 -723314394 1514374306 2020713548 -1409100448 810765806 -77710908 -239149402 307111514 2105002581 1206938971 161291055 299990934 1162051981 309949016 -591369185 8045289 -1955520401 2011318185 -1862053813 -1737893375 -489007846 -2013939887 -1786665472 248814461 -1822275713 -1991191284 -336780285 1554775301 -2022629314 388740566 -1862945837 1282309408 -386011077 1605489651 1906172804 227077385 2114809697 -1740903300 -427633567 989852775 1825375688 -421043839 -743429351 -2127958260 1390629734 1443441994 -866756633 -395459352 -1407295579 43806786 -508279973 -547693275 -921456442 1428421103 -1360186655 224679633 -852167505 1758608754 -382359684 -1142677608 -1375654842 -869707052 -1866770895 -538930263 781392280 -1754479769 764719807 -1259091552 368775332 -1908067848 -1359477452 1339205432 -933122290 1772132673 -550461396 -290194692 -527427788 -635890995 -1549778250 1249595387 -935045050 300040438 -691230179 -1931892618 307174700 -943612363 -2028446971 -1639477129 -1632701643 1588483681 -1130232209 594212764 -1107862340 2098669656 1402980626 1853829373 2115333907 -88828423 -250896719 163247535 366531324 149121423 -1031864284 1837383651 -1954816558 -624242066 1548146410 856118529 -672893061 -445041400 -1812055432 -1609775347 -1324952625 -655147124 -553946553 -1438005203 -686262221 1827633703 -1363306904 1442557442 -762407730 19927709 -1604904616 1921295311 -117845749 87369543 -1770547191 1056967448 -475489330 
-1425978149 1577168592 -1585109340 416451940 -1201358574 954179147 602094718 498094444 850625716 -2082771752 2147177332 1859847118 24877354 -546817124 -1153436845 1417012738 -1538161339 -1101734003 -946329 1856634189 -610034992 829670014 -14324393 859208074 20076784 643897385 2112351887 -938989073 -555737282 18997835 -1183568785 314883519 1801186194 15585968 1767826665 266717245 -1389229154 -517570907 -482979934 -1683688012 955249041 1163649219 760264750 -690251373 -704503261 1685441461 -307105011 -1345366816 -1831737628 -1206435150 1146281570 -205713328 966159175 -960085192 2134001813 345594862 -2043563903 -1413497497 600155641 -451646861 -1106262350 1590468327 1235047164 -793085542 -1140637321 67777965 1992180213 1376751045 797041507 -1371325740 -998228082 1760187135 495212792 553752486 -438908231 -720920091 -1828607811 -391241026 2058201027 -1655734583 -927261786 1214107663 -1511332902 -1206113201 -2069203436 1326295410 795158317 -1234864577 694566401 1728984240 -1619344107 -1035681703 -721667747 -560726838 1369129878 -1921783491 174325255 -496571431 -449900011 1980081484 108309096 -42704561 912053415 537987865 1247484748 -55112161 -897615162 -1060928379 -1618902041 743564288 648971340 1223587645 -590617179 -1387552513 -944141508 -1745162208 -523408030 1958455339 307064872 735719167 268494086 -1387807260 -1074116151 462700407 125878305 -554825893 576303985 -1314652165 -1298469920 266102722 2105007220 -1839831497 -169034471 839742660 2084217337 -1631908713 1278474116 892963680 1284881702 -1709514229 -340521891 601068578 -1839100457 43838867 1653152027 532965494 406611869 -139579168 1967975742 -1170502542 1741996888 -1356185172 1456351177 852851624 -1321292164 -1505892934 1752060473 -1465395910 486980970 685422391 -2119820106 736153624 -2028912986 -1725245723 -972014350 648243545 -429510907 -1454577764 -1186219691 -990977748 -274680562 1247652176 770765031 -1749472670 1283641131 -463676329 -459761415 -736802326 320068841 1654359333 -1008571110 1042727704 -904692367 2100227880 -98216018 1725779118 1275714660 -117241503 -556924411 -944327917 1996264562 1319470919 2094252074 -600652521 -1112725840 -820637361 1141196710 -1679351537 -702981131 -63160097 
186956446 -1486789750 -918667342 771413217 -777067729 1249505927 817262123 -1036074355 -193082736 847804109 -587202081 618396001 201766713 -1314251746 -1688494047 -1067555274 -334202604 -1766580606 1943369069 1836124078 1109069063 1275403907 -901396892 -1560524983 1074729079 1441206903 1183546158 1023659962 1136706943 1143690958 236696248 1062486199 1626420449 912923585 1680291652 -877359418 -1363979605 -2145573092 -1184699577 -814015202 826431274 -562524955 -1994710623 -1699704177 1248255789 -1988612676 -1733393759 -819072636 -1732211766 -1512443290 1795777248 -1188801632 -1441704226 1555430416 1917822457 967621816 -1045511103 1221821415 921191664 -2068707136 -370468797 392760198 563884035 -311168808 -945411032 505509207 687781261 797074494 470751327 698404761 -533613792 -121056835 -167625025 -2039717371 53892458 -954943015 -513992092 995314460 167970567 -352110443 -1249823281 135435230 720018310 -1650626007 -1239355879 2053175445 542830150 -1193914674 1266271660 -2053813316 719785421 -1868680134 -804676940 1587225730 784242890 -195508557 -658121635 -325250302 -1173182678 1950878993 -943446603 114598374 -317445567 1678498846 1643170377 -567174525 -1497607671 -1658346591 903674628 -1082027003 1051083713 415956396 1590306386 344481359 1364492241 -1640398456 188212021 2141100146 557445728 925735060 -599746780 -2008449018 546757965 -1360811229 421408916 -1354416955 -1230227821 -1027996664 -1404076090 -44659443 1492283129 -487239751 -1116777244 548515982 1812637311 -1377933177 -1722017239 -2101727307 758773312 -996298259 -856185546 983816593 -431410742 -621452730 170309217 960436715 884925364 1620675478 -1983029161 -1122455551 279438198 128360588 883671412 1297461780 -1527353480 1704492603 302796961 -2072847954 968731022 1784075791 -223366760 -519526760 -643178255 1591431022 1130878588 1564814640 1414073679 -1028131934 843232161 -756588472 2005357287 1072678006 2000250530 -1601682412 -1312489764 376333640 -1102971911 -1755470668 922094856 1265418083 -113612918 349933047 -694858407 1610567037 593011913 -1852445416 -1096015346 1869539818 -500873736 2109187726 -134438830 -753775846 -1938045786 936122922 -1904281100 881683383 1700438479 1319581792 339215047 -898254814 
-1224412160 -1266629495 1466273201 1440157733 827544251 2117463400 1501633524 1486009069 -978962332 -2031397222 365508907 -108323667 1520638314 971590862 1860254308 1593675535 1976104758 1418734849 -1236540956 -1617003309 -475296453 -1497386886 -956641025 862641374 -1344141575 -1463822059 -2057943923 -62359816 765497229 1184693834 510451290 -1590098857 1466358018 -220829824 1165151463 1544475473 412392655 2116353287 163177968 1452254306 -1398336434 1397224969 1001096994 382768188 2021613153 -1380446334 -994002217 1017816293 -1471020635 -1878094460 1736434343 951136689 -279479288 -448532983 -1160507386 -920082626 -789312673 -1144248595 2100648541 -1476735929 -1284231806 -30038263 130836026 1405253281 1520470069 -1795502154 1381199468 1099484669 -1934399532 -350626666 187066653 -1757724304 -349551697 1096167131 41276010 1612306408 -1690832273 -496462643 976560005 -1859344056 1199357748 361768509 1025721723 1318430092 1570022406 1985569731 865411305 -404555782 -2026888309 701226972 -348875507 -359444279 -77418621 35200659 -1186475785 -938445849 -1262762511 -1183868043 -2014338819 -1760345160 -1911053381 -130737667 -2141740592 2115293662 2096996407 -1299405800 1501018146 -1183394184 -364412277 710033648 -1731790142 -250043086 -1285020569 -1659693484 1472775521 835578137 457290780 -2006395090 -1886029952 865550394 -753286903 1308169401 1236979078 1324858478 32278916 1583245468 -1578283691 1520714300 -250861882 -116988926 -6166347 1578085242 2063250467 -1228258605 583175450 255159151 -1777084921 1740874158 -1518994138 356636328 -1638028142 -776604672 175505006 -1277871437 -1609170288 1722854809 -1179277537 1025404896 -1659287330 958191899 -351221210 967255819 -711053006 781365137 535636824 -740729146 2017229889 342172231 78578053 21600290 702242815 -1427193133 -487408641 -942562442 -1297225943 -393736076 467920852 -554566934 -2028973284 -429091462 -219488209 -844864095 -1808390026 -1506129975 1973337992 -1999372581 815452613 -1779596796 -816653417 2033503972 -599635111 1651733195 -1538625768 501130913 22864625 -351801009 -672024204 -1763793180 -1123156093 728078848 2140176216 -44809894 385482705 -890583959 1508117438 1495611570 -20906376 301165271 -1504695285 1576099457 
-2097340393 1416772906 1880998174 470659990 260254612 2026178952 501413606 -1490492190 -1098522838 353429345 1736867542 -679433950 -1051197788 -1965590224 1114126514 1492273033 1590222815 -1696990804 1916458230 -1001464629 -275662380 -1597746282 -936616346 360840161 -424896610 1644949112 -1439959924 1417389302 -1873114773 -302981093 -286545968 -429222925 1480100772 486900846 -833852678 -189319032 1926632139 -1178401006 1829263298 -911587662 -2066986177 1643732314 2084200396 1362599765 5195647 1270408362 298502201 1991559669 478494721 -2054500524 286493937 -1779841218 -658065240 1518146790 -145686652 383500278 -969263119 328414681 -329838344 -1625855839 -859797203 680175348 227742305 920148844 973033950 -1042218663 -57664714 -1424780646 -115903340 619051866 2039430325 1883318539 959616098 -1739232135 1171646996 -817222492 -108834519 -1116923869 1178686597 -506266489 1497637522 1678469055 1056302579 1253535281 -1034806260 1609611361 -323389846 -712456271 428497587 -2039331311 1627752456 70255032 2114237400 1571234347 -303845463 -1278309699 -2006551751 538368911 2065129142 -67682877 -1465625955 -440711546 616227687 2067537920 1908692715 521773267 841917431 820454876 -1685076641 2099723901 -1190533806 1139555723 2060736675 -44648179 -749789603 1399395480 -1370639688 -1638073704 403774454 -545545302 1235106900 846156013 1223221325 1574681579 1076678402 1278028448 -2086113206 843626733 490211359 -1712651989 -641391657 1868255464 -557335251 -229343788 -169586841 -1484468403 -973468434 33314513 377417629 -287045001 -2004017912 1793989290 2138168980 22435296 506853655 -329590312 -428719600 -113712646 -52121315 411211569 2098571711 -650982526 808657723 -435190937 -129149983 -1641667429 913065461 -1585904818 1574809987 1543840072 -1738568328 -1761677089 42273384 -466024344 -1898574156 -988714744 1689105901 1033113767 244942102 -1220878833 674622660 1739752798 1850374577 201137143 -1386252785 1586531691 1195331634 858852895 -1512380629 1210378843 -1806412028 289927947 163594666 399629118 -651910984 76787147 -1467777990 398563987 -1593322088 471215855 -448780544 273132100 1649291393 151013849 267570588 1887621358 1931718447 1169826661 1554730745 -1484583120 
-360490542 960827678 1481268516 1716119603 705022083 545609112 -585321716 -269011470 -1582062876 -283496466 -1002669774 2126289510 1342901934 1849124542 -1671497613 900813999 -1033054469 -994704921 -2066358880 -652235532 417315461 -2062660560 -1889059769 -1053018286 630437957 -1993176438 234385255 1653610182 -668512569 -1923525754 -598890306 1182496289 704279408 -1987953668 1618923599 -669054151 1787596639 -664536126 -1700621393 -463664464 272671274 389148564 -256686248 -1731481704 1284627081 -2060913639 1847682318 -1793791405 -1160277944 364282862 -436596675 380922132 774820813 -1117034808 -1946276161 -779787573 -365456543 -1997280394 -108687201 1986480002 -1231032020 1575890181 879866517 -877958760 1605593765 1710719304 -1765333588 -1509650473 758512822 -975615564 -1879265519 1475576936 -511057429 -759431599 1319037645 348734089 -1200035191 1315983795 -970025844 1698023130 -1631691778 -440729972 1760995285 -923271568 -1197857108 1190161797 -170122831 -32465218 -234526292 -1403709586 639693426 -1729830313 -176234422 1271177140 -194212233 1749680905 193686251 1638520228 -1649647397 1219623322 -1780878268 18250022 -639610739 -715149108 -1040539267 -1694299036 -216785965 254087124 163479176 1530837 -879047995 -1863225435 2045209492 -336609709 1057146183 -147439030 2109418086 956042128 -58412031 -132941657 1485719428 -206116161 -1425326086 -462702758 388536041 -1874401115 320804872 -156904273 392281552 -632089530 -1738889873 -1933279449 455145530 -1436911424 468553236 -1460182487 -1580999266 -1239109120 -2107182670 904658328 -2114768503 1899049060 -101273822 -1091067732 1998157519 -393014827 1833296198 -42611006 -1655790536 961001 1504490974 -712132534 -604676315 432024457 -1502779913 1708444421 -1354571971 548167549 -1409736890 -437158191 551844343 -181380157 -1097356730 1280141409 -298447664 -39808299 1861811683 402371251 -1655088787 952524376 718310938 -558434192 1479135119 1276104709 983192564 -1086229830 -395319669 -1538778651 -1577187827 -1954230524 -1838010624 -1027263008 -841711482 -859730842 130478357 -240927147 -617715728 176106923 -761913123 1677284759 2036050611 1349396485 -797075582 -2022636330 -99511435 -2055763528 -1221788054 -1725604165 -664611037 770350822 
-51368224 766280131 809104124 809971077 1507896483 1252485081 1196220769 -1027811729 584379865 -162430521 486184670 -146861645 324594855 -120249433 1009530059 1648780251 443718140 -1852338419 945434646 -1730728434 -1513238509 -1003157579 1439728329 1059586368 18408957 1234905618 1805719832 -1472899637 882770249 1053395667 -136248067 -147637972 1075505708 1650875117 -1640705218 -590614607 701513234 -1131103097 -2019303707 -327925703 1981209639 1972045579 1453250828 -76268470 1459070047 -430880997 -1025462411 792583822 -1703815025 1136434696 -72476127 -787731403 1205401695 -368074252 -1466274646 -1986618772 220378523 1246722832 -1660813070 -180976211 -1728727249 -314398547 -599598570 69195503 1629172920 -845879346 -396020029 1231859913 2027028660 999472434 2079582907 -1122450416 912488888 1750854317 -2102460035 -627988319 1989738820 599516264 -2060397420 -592172113 1900198002 572882291 -2095054866 1309700734 65938828 -839977713 -482288778 -20836714 -1891490975 156766550 1715811459 -1882341217 94018603 1303369452 1160240863 -1370640286 934339415 927916373 1437048928 -342392066 1860433441 -1566705660 35036105 911581750 -2108886932 1346312523 -1712658621 1416871955 -1283377263 -1145569130 1416218387 1180016160 631078096 874619397 1654739939 1646544856 -2098343110 1514181232 1509236272 -588232075 -1725077652 1702338973 -2012771543 -1950728160 1647983785 -1534912803 1639215832 1805578551 -1766435926 168028811 286305747 1311205185 808127747 671692250 586045483 -905259896 1613511779 -409273299 -1993018632 -1442490554 -1914133803 206323244 -2035814318 1540861819 -551214672 853675498 2125307294 -957368003 1157534122 107103815 1801850418 185869276 -1146435888 1819317735 -57442054 -1456835243 514857006 -98081829 -1046499288 125682843 -372899001 990992568 1934758926 -122382023 2039728569 -1398059425 -2049438188 -1661648376 -1056935576 777196406 -893476809 929533228 44217811 353973431 445630539 -2124112478 -1982427646 -1580817592 36632888 -87355180 129983944 42124949 -32169763 844893030 2069197255 1736042925 1170719540 2032225503 -643139050 2068908145 349084852 139645539 50561733 1369711831 773038569 1560882781 -1486783502 995933993 -1175262435 -1730898564 
-101683669 -678037585 -1554101761 -1107461506 1490999688 -319701021 481793119 -1554378005 1725718583 1267873146 -1032389583 -178819265 1516006024 1747411135 1674055879 -1390220220 -816127221 268765918 368682700 -1186615237 550088922 -987369103 1675450025 -1586088325 -1880073930 -222586339 2066402487 -708854896 -1510598836 537325277 -113384616 -533596680 -522859639 194664830 1138511244 380037573 300850718 -1641386898 -1008128687 -1264338913 -1652580989 2003926999 244827820 -1533069992 -850652391 -563918124 329836805 -740115054 -1372646613 -1462778330 -575910481 -256293020 -766665852 -282673439 1506925707 -1330446799 628633378 1458943040 -64414249 -311679354 1858739203 631496040 578311538 -404209185 1808845113 -626594917 588439253 -1996540584 -875704809 1294252574 -1117753613 751625731 -1747361511 249234870 2048063656 -919131871 -12033944 1816083042 -1672552460 796492084 2032098578 1507435391 -2087710624 1893775361 -815713118 1791078485 2029331992 -1801477554 1235863079 418366338 -439477137 1678463630 1626352084 -863004359 1902335612 1968783459 493972145 1296262861 1450474028 -553353626 1418327429 -1200593490 780797420 -2034288454 986508603 -1691521313 1011071707 -1995313199 -1349990612 -958983861 -2131497818 -198324795 2040824798 478593273 723934267 96941807 1218917549 1528786881 1981801459 2017899295 -836391438 -1673276658 -289217692 291968709 -1740120639 749682074 -2142254072 1625518080 372274517 2099108027 -945466476 611027225 -171210944 -1525926943 -209276649 991679472 -1937350981 -2107088978 -280350288 356087663 1710759361 332751286 433721340 638837431 1383988061 -106295507 -278771 -1267236164 165238930 -1120583833 1361200405 -102617918 -134544367 111880407 -1218444937 -2025791788 1205840380 887329914 1297047803 1396290263 -564292445 -1160056542 -911359514 -440130571 1870011206 -217530633 -1948328379 -1207194997 -1497546622 -897139335 1661043938 919719656 -827660892 1300968182 -1170483471 -556162456 888370342 -186692049 1786933009 140115403 -1356165095 -1520478876 -275575173 2044436635 -1802493440 1829135090 -83018426 -1271700211 288502007 -313748503 1023748696 102746115 -2125799373 -1987710400 -537592328 -469062745 1741854328 1648180997 -1261177114 -1186408844 
2082122009 299632799 -116935606 -2105008307 -10696609 -257031137 170920173 -1083820383 -1925911665 -1813047854 1126162619 1258665065 -1300923196 -1019455323 -764103102 -1782764468 -818274046 2024312954 1674179190 -604429471 942207546 354802291 -736327097 1576879144 1266624554 -1031424945 -1734142646 4841538 -516965270 -1988077580 861669401 -131132038 1907468398 1388571251 3393553 1695590101 -462238032 200141009 1076318524 -1039966398 1669259393 1831479883 -466532362 1884981829 -720304030 -2109122108 1137588939 526131723 -1856620023 -359070814 1290253664 1125892111 -1031705000 1324982072 -80227828 631158259 -1509138692 -1248308271 -730753702 145954051 1136257322 -1036891487 -220631238 -256362996 -706637337 -1595474149 -1252863564 1814975100 -639624065 1745978183 1378892831 522262963 -653221517 734491515 -360201638 1841850764 -2078738056 -1129566055 -161843268 -766996805 1748585320 1092777322 1138379533 -1695545547 1815155253 1899752833 -1553945542 -655985050 -653587958 -276062209 171826605 641557660 -1937726836 -294084999 -1936572958 -1348102902 1237109641 1734519968 -1224055168 1550308998 -236607066 -122897793 1615429871 -270289138 -604158968 559575040 326646540 571988243 943729356 1242123389 414972248 162075687 -1815127464 -859148487 -1700454314 1298724020 1789340072 1807887480 -1263785844 147288666 1512254402 -1586198864 -1721418245 436221117 1300198063 1567913898 198878817 217711714 -1394203400 1399501168 -1508061220 -1438627857 -504611791 11490788 -43383547 -1798745687 -2121998068 931232168 171171426 -2013630210 1831000351 -1517372727 1576449492 58787674 348631513 -1836700024 -1370707685 10474733 -1614025582 629405442 1972026891 -1639564042 1991358272 -764446596 -1382365522 706539631 70628725 210968043 1077534697 -180025359 -1594877724 469951799 -417004489 -237276449 -348119725 -1441456912 37754740 -791739281 -675414950 1467124469 1701026002 1350207549 -526592274 -1004592877 -1886604305 340774693 -418753108 -1319808677 -748911130 -245216716 -1792189550 -1464395628 -1088563284 767319187 -2058060292 1164204255 -1355606018 -839729356 -213812263 -1817493620 1596882273 -1264925272 -618817326 -1739711525 -256490497 -2071658542 782005931 -1341230408 1889314075 340991887 
-2064899277 1116716169 -39291696 -1578072713 -1793106932 -2094348402 -1970707979 1298870743 726704794 2118315770 1752759800 1102750208 -1890142583 -1012870304 1940487069 292561146 -512266541 -64703563 -1477917843 1364283051 -1250594249 -690503461 340670491 506690513 1856933125 1805467375 -1326532393 -621018694 2091372019 -920653567 -1944372312 1574962387 -418319899 -1589738221 -655290558 -1253865042 21293692 -1888099095 -2128777781 -2071869833 -763624748 347016916 -1347832910 -385402585 -1242637452 -1735799379 757129421 1468467345 1694002241 -1227872305 -387874570 907241411 -336304810 140577854 -860451126 -1216323686 546358378 -7741782 621985876 1500224716 1570899319 -169190140 -1734679008 -20461894 -624976286 1031705315 1877027558 -2118019739 1929018804 -1397284018 2137477187 -958303467 421243297 1797831219 1151031721 1536349303 -248911192 1202060418 475248441 2119223839 1502943221 -628466472 1345795078 -916384922 -1684158047 361395045 1815394687 900857678 -432748896 2083452667 -2054065625 400721504 1755177418 -58639849 -1451146222 899698876 -2130572014 1656324423 -553372548 -965073180 681022347 1259858981 27831193 -939021705 -1351620481 387319391 -1284974865 -959583644 -1667813735 -229399532 -1747074114 -1320264379 2035764382 868335906 -1144586645 64671336 -792561075 1765728232 -945536244 -553277050 1046632082 1235158453 -1085248573 -857764180 957827980 -1199388037 -1210832148 2037990137 -1751748930 443461081 1506856209 185092448 2011152848 1246687513 930793343 -1391107698 1689059789 91356677 -2029448954 1829347840 1191439390 -990393805 -1405782755 -277042861 -2065557680 -907623035 711654817 -1947301788 422506255 1643332304 -960969000 137940768 421164268 1986659778 -1650699901 1913428216 619204242 -83861376 -1016200473 -1908818447 389994384 485581275 2036843712 360492342 1401961361 1458502667 -1398718108 621350582 -1660819259 304856176 -780973536 238741983 419021786 -781047375 2005179487 784745210 -1045312021 808291889 341253150 -57750293 -947323444 1869673371 -1521112231 -991863780 -1666941574 -471111597 -930381866 -929229030 627036248 1075966846 -1936065119 -1984496248 -564746636 2080628034 967343756 -1052591636 261619361 -781858693 149618927 127755009 
894392596 1211651695 1206249874 1020266651 1944172127 -916932745 -780304615 1932542156 -262061307 1107482622 -420754597 268535574 -902975659 -1342006783 2141447798 878722136 123441398 536668946 -1012659691 -1509141003 43533126 75567964 889596489 -261884983 1655188553 55142968 -344607543 1121344651 -1757867238 1289315525 -747743799 539020529 1084436411 5183502 -1310523830 2026280570 940422787 502315058 1617791412 -2109963223 1091365454 1564268368 1610694442 869189414 986441433 -1596055004 -1601082376 -1911605680 -358791807 -932705836 2053577588 897801667 -1301446663 -719031424 -367822808 676494124 -703210471 -1296877214 347107815 -1669647447 -161009994 -606322961 681100966 -121219693 -2024112411 2146743173 1165900798 -2086776556 -458764188 1912268177 -768885377 1630324094 -1520864624 -1061220299 1891259732 -552218736 -33388599 38041096 -1388359561 751121927 -288189830 2035312457 1300411113 -731405944 -822399017 1655088037 -265991265 1920944116 -1562141759 -1085200920 -1130935589 1607533183 310314378 -384401146 10331718 -1974887235 2060092865 -538435264 247395850 742360978 2103880672 746712985 1364833746 -804448679 -1014879183 1102466879 -1698916161 -1388362440 704732070 -427492222 -2126921321 2088978614 -905637753 510503434 -1363213623 -611471142 -241037323 1569547894 551595685 -1453104691 1254625115 508614492 388211111 1354347002 552425069 -2110046591 1992217263 1249806109 23231452 88448263 756083981 -369968980 -1151217812 -2021512937 -1943274379 931558704 -677558237 439924181 272893989 1735517961 -912730628 175283144 1824069718 -543744745 -933031182 -1525043707 2115039069 1225651578 -2083765459 -1506186532 -1598718495 -1057879022 960475201 -678812709 1234165242 1190384674 1532955298 -800667739 1049462874 -1775010258 1631983445 -1057244823 2130163837 -2100702412 2038132262 892681092 -1424244103 -1623030354 49823139 -1426988860 1463508001 462126775 -304057712 -308946622 429988289 -1759146817 1322036250 -1548508572 1506904946 -1706553013 558348295 2039715009 1303280878 -2111888444 2111602060 165962522 59507077 621919745 -1132829865 972945010 1879772736 1732137597 1839652609 -1516005046 1789168542 597205104 -569236147 -1226889601 -1581870014 6272094 
1337424480 -340918182 1996512727 574809406 1773748340 215388660 -913020361 -892635828 -1173329972 713381550 1569316999 -917662683 204673346 -1741061072 1650541016 1001659492 -1472765719 1274616598 -984196983 1474901922 1912094107 1621134583 2059112331 1652906540 2035259585 -1062352000 -191569866 1784839675 -218386515 -1629621204 -1050358376 1047136904 -562975154 595838376 76755324 -549450831 987614211 -1532869116 -1389272598 -819636067 1594367449 -1832836481 -1103142622 -154402736 563825641 -1498639187 -2015861141 -481023160 -549821154 -1698440737 -2108929905 1438200320 -1221433571 1288480654 -510114374 -357996955 -1327216217 -535945047 1127304382 -161259830 -227851858 279491656 1657021659 -1596816364 1335594100 1977209 -419528169 1782394729 -409710770 1483412804 625406490 -1864557080 -592515149 -948365257 -586591579 1609693820 -13683482 1894777354 353937583 -613621324 -424397602 -830867457 -785460344 1431974151 -1322445454 -899985761 -836613134 -1077877574 -2049480933 981245778 54770026 -1444476946 -895501682 -1315432113 -2109987634 2043410915 -2104954547 1402948156 1367354558 800260168 1754687406 -1712362267 775051810 408497546 1229681531 -732234166 -1033792326 1011953256 1987954996 1800374309 -1715375014 -316612056 49854319 166804437 812196490 1689502885 -930291989 -14091154 -745058953 -609189507 -1210159839 35140410 1699805785 -382708236 -203885441 1927739892 894700020 -424471371 -1129604932 -292624532 1603417757 -1284499764 -9987441 1329628446 -85468508 -1477594358 1398475758 -1447499838 1052201797 -1701876675 1324987691 -1118252805 299318324 655250224 1242033834 -747830119 1005558834 -858993099 -630188041 1505253781 -357972327 -2099635065 -760936122 -117680322 -1886253514 1532858447 1311843433 920904046 -112812741 356693253 1013200305 200479667 393909328 -1195560621 855049736 -1085371973 1413875575 808936529 1594527026 -1357100292 -2028055693 1542371075 1366483713 1713790444 -138548100 -787656198 209333408 1710873159 -360142901 -1438009175 894339404 -950244402 1544002527 -988402902 -274717294 1768622598 -1975810083 2130955398 674924991 296631455 -196519127 1983456832 1204333533 2031324435 1095085756 -310139532 -2046477792 -1441098758 -1444027316 -1422778191 
-207433742 1771805875 -633660158 1009215481 -1965934577 973010017 -1613467162 88455685 912762301 -1079675312 1962564003 -194138692 -526589786 -670319289 -1615230310 -1682973533 -121775774 390216965 -100175227 -292151543 -2014385604 398175710 917049527 -571155237 244494964 -983428748 989401224 -1004281233 -630296732 1974755829 -1957372739 -663769307 805095404 267141963 721829154 -1046405776 1328090638 2128314420 463908737 1508504832 2036446790 1515885577 -1363850772 -1083905064 -265335817 -1590945210 -233317591 -786604101 233710417 1790912234 -66917929 591756233 -1110164966 247081508 1840919720 -523386361 932472884 654567867 2072083420 -673984443 1807449169 -989973840 -854714212 1928574662 -539898437 808692438 -310101787 -871078648 -1816671728 1956641637 1177436522 1624915178 1832958627 172891972 -463869592 1426082693 -1641162259 2093292354 249105450 638101622 1144494607 882864176 541923873 -1481956345 916481705 973899328 -426276695 1132970981 -2106530760 1055839622 729509806 -1539861171 -957747383 -385155590 -1503509434 -1491677216 1614704708 1064150049 1308175239 463610260 -163513994 -1420646368 -2058738359 559617119 -1735680635 -432788208 1017761519 1605674287 85520411 391070381 2040933778 -1630841504 -1231320431 799514659 265304915 762171056 -1667819478 -116223504 -333278501 -1320019794 -301542759 -98471650 1419882395 -1253469982 247311218 -143655855 -1367897639 579169803 198099661 1564153736 -1555261253 917426032 -1407629356 -970332192 122124084 273803172 -524660162 -1886822646 -217818212 -1195840316 -702310712 1328439743 -311219703 -1686109981 -856037496 -1138314256 278725785 -696906757 724011218 -1965338564 836626739 342654260 -1132416246 -2059898857 -1566136586 599626163 130199325 632200429 -1591425314 -657432887 -1946440148 -1028156858 1007178224 -183764973 316465910 1335758327 -1863179244 1932047218 2134411640 -2052949849 591361170 -966309697 1660151869 1390649893 583343717 381342969 -358361362 -506090553 -1766889100 1370599731 714596773 -1199818492 -998624888 1987363235 -1101301098 1061616453 70301639 1910222867 1183225035 1212552942 1510118750 2092935694 -1557042642 371295216 187288369 -1048798778 -641410982 -1972254283 -1879025451 226418219 
2016863310 490543586 -607398148 -287397698 1911091255 1713203507 -1404109686 -670258955 -414059450 1723586406 1667489128 -437946507 -1913442938 -662513511 -1440493740 -1196892127 -697307593 339791794 -726205442 760778197 -267297598 -482154149 1247485744 745127057 1429970082 1068231755 -1422838454 568745913 1518895910 -1623659861 -2124798927 -14887331 -1463506623 -1402833835 -1981992251 1187568859 643960634 1785518095 1871547073 2048627587 1630813844 1415950515 -822232283 161437290 -1676776229 -342054450 2024132926 -1070012861 -1446052266 1123017008 72858862 -2003342836 -634052271 850047047 848304616 24054399 -2016774242 1343280784 2113487844 1966675747 -119787381 607370950 -1722058713 898205560 -1622254324 692036698 1583679121 -1019186818 1183542144 1139126493 1601760880 -1383812202 548269040 80248731 527402975 -560588057 -1485498932 1944397197 1694246215 2133764322 -293754934 -219508329 -655811207 1846985685 -301397819 901843436 -2081920973 359421674 331672920 1873617212 -939160252 851819642 1721514197 1953436389 -2088783778 -1527717036 -773293651 -1381721521 1006209268 -1075417753 -506415655 -239286280 2016917499 974455289 771726381 -879654717 1722277561 -1835553436 -2011992508 349121221 -2075940725 1962518562 1589199690 -80525312 -589046793 -1433909756 -727420413 2053587789 16119105 57876967 -1743303209 883932687 2126493016 1265505075 -728881357 470698460 -61204593 1919536206 1280340905 434297385 -1253872798 96517287 806109379 -1427104802 1040476677 -510719180 1770189367 -247935902 107053137 -618927691 281388546 -1893798302 169073421 -1722185794 -1669955520 158880048 -1880086188 1706585788 -289806309 1321809238 -1185568978 1503947773 -1371210209 -1575928768 286382170 -506047711 1649463686 1790226718 665313827 10143356 539674242 -1672259551 1720274564 -1008325099 174230069 1761418653 1850214610 2023541155 -1110398498 733520858 -1870295026 392323424 -1507366817 1077159327 -1695432769 1567449579 1393468238 326993612 -1192812952 -66229426 904202627 -1460303426 539835979 -686214828 -1902461064 1338331174 1893522968 -1620511707 1386989747 68992803 1459023738 77128441 304745248 -1403655594 110528412 -1904622462 -2075904643 -1909201257 3662167 -1434727656 
786433726 1333032670 490224217 1987098095 -1893536404 1088670721 827404073 -500516788 -888235226 -1982775564 1798429954 1894495664 1079813610 1658790590 1524977363 -1176727727 -982490378 1345564600 1494996803 474605762 1374530121 372012613 65753646 -894699145 456721841 -103509745 815764507 758495917 78817440 338057797 -1684318253 -255239392 372309438 -1045417562 1353065837 -844135095 722147639 -750192808 435679710 -1939211014 -1364398438 1316400500 -179909158 426040766 597963977 -1371958109 -1219167008 -1202235463 2047637174 1124472931 1901932113 1756273222 1667508804 -1584999997 -1958260777 600205147 1245977234 -1470563259 -511259437 -933079104 -629507276 -558175769 -229116668 -90221005 1057688567 1627119585 289542772 -95222076 -2030341588 -1820849770 300754318 -1031437088 -755807645 -461618710 804029870 1847444210 1071455238 -2062181786 1066335811 -396072483 539854095 958397622 -1420666679 287809965 2063879035 1696727053 -1955095412 390153780 1961926940 -1786262946 737882691 -572121039 1955796885 476058403 654657952 959297337 2081104630 -1022392738 708984290 -1272261521 517008324 -623597091 1609135006 1304756921 -44778227 897097040 1102710448 -1143342743 -2031692742 1959758752 -145772976 906972467 1241858542 -688794859 1514798540 -1322605863 620800930 1771852034 -721362547 -746975492 261368880 1146057858 -1569207787 1855364703 1012909521 718575109 1272251472 -1759985672 -1963943123 -1280219849 -248143380 1296275770 -1428345450 -840998183 9443885 -43600441 554353516 -1979347855 -939123810 -1286441346 710328112 -1755320522 708066144 -1797160061 -595126875 -2082873683 2069715355 -1743294983 700812930 1170535831 1771043346 380639242 1339779383 -295570182 164404927 275575633 -1566283299 -588872731 1917003618 1494790706 -437814524 -1169323394 -682087807 1536629785 -2009367171 1639109754 228598663 -310552193 -558932384 -76055743 527429276 1065037063 1335981419 1035891475 1328700129 394119290 1062229790 -789676946 1954313596 -1907255657 2067510237 1233381777 1552399074 -594285199 1660676420 -2024708669 360193101 232828553 383346470 442968727 1642084911 -781803780 -164765791 1347393316 774545948 -250869678 1538873607 -1021823780 -676111746 100693841 
-787138724 1704051432 2235778 -619106759 981319734 477096240 1267245115 -1703501498 -348642128 313500947 1109303401 1957924797 189697215 961441845 -813653565 -557219482 72462660 1989048236 -1485599834 -352846861 -241069059 1161752828 1076355420 966509335 1930019166 1101780412 111160718 -830360442 -971710927 1969781125 -461877616 -473974374 38290206 -1371401431 -1578566123 2124248262 1928286544 -2095447906 -1039712813 -746322392 1332894153 393030818 48587325 -190444238 -937784004 1857264885 -1606795048 567568201 2037600725 205488240 -648708821 1314074317 -1075719077 560594607 -708900130 -1827499825 -1748302814 -710169862 -1337674702 -1717314595 578193687 870364151 221350202 -465132522 -984649779 334674163 -2095592017 1873835736 2072668982 395060857 -1846161643 1082394461 1410938781 -1538788346 809595280 -866348711 -1172385720 1726329212 -1129736449 1976087457 -1337976470 -117855916 348374540 -1330150564 -1439004347 -1004180350 1295797235 -542768547 -1800546872 149329603 -1334835765 677613203 -988193894 -25308251 177208551 -2036081642 -1171349369 -530991325 -2014508695 1665976627 393320552 869359599 1107944172 1421543965 150349084 -266329759 528366666 674640116 -811321834 -914646971 -1064892919 -269031602 -1249404555 8796638 -1617280761 -883363333 -2066595692 -803387009 1698322454 -952924895 740357078 -1200531946 337192211 484954284 2071548026 -1865232405 -603164323 -1402196113 -2079331307 -372259468 -1473546665 1521082860 -1385841541 659369403 295609926 1843670952 -1413575571 846063119 1909792957 -671106742 1701103749 2096128175 1041831058 -799926269 2073018907 526262934 1029155663 -1298412879 -1320273595 97594919 1137475194 1872101595 -27869455 836283506 384969839 -294365547 104625368 -247757542 1596952447 1186853732 -1494610443 -1199844293 -775459836 -1747362612 -1965572408 863031616 1010893219 -1779723276 -1484292843 1276380835 -1584797066 -1459383776 968742142 65907055 -1121409140 -16112404 1981779795 1631056710 -871850745 -1521086541 -926809835 1732944002 424439122 410582462 -72620288 -225167176 -713024692 -1726242044 -241647080 -555186446 1655309262 1028481960 -1410494659 -1463284872 325724006 -279735762 -459100905 162705902 -1531713188 1114519189 
124635612 257297060 -47515750 1850738903 -1851594548 1639863221 -914774783 -1332388624 122351877 -999298202 -809830645 -816738724 -1638592580 1347556000 -523819526 -248697981 1216051486 -219675750 508270687 -16473282 -488079433 909797902 -1987883379 1280256539 202417574 -1554812783 138774469 -603867678 1008790551 -817749544 716143975 -1946745878 1872588172 836937455 81331379 1279337132 -517263292 262701595 476231920 1078450258 956627640 964147031 744527607 -1649231510 -822001 -764506793 -1217807466 -779161035 1776049637 1295022268 696516770 -888559824 2138925982 -744563306 130340877 -247600426 -1430611005 1295247394 -169413093 -44174018 679131173 -689509597 1814362501 1697969788 1469219117 -150297252 985051154 2023307158 -1143918915 -914200269 1144757432 1332760644 1346202561 1649383809 -1531669171 -79787497 -1286258176 -1002283618 -689577434 -1976662060 12804530 1640672505 -1248869679 919937747 -1782465192 722059598 1932421924 315107069 -2137550822 990502984 10476449 -1511787945 -2020824494 334411562 1793626804 1416096895 1131601643 -992909643 1359190265 665128322 1931139730 239431511 226922764 -1816821191 1690828800 -958365882 -689088783 -683673527 -2065145732 -23085262 -1238731704 1696931736 1321163707 -1840978251 122313686 -1334949608 -1938872017 741701650 -693140877 -492682321 -684476363 -164108483 578625398 1584103493 -1599176378 806569656 146048123 201520834 -2016593729 -889390007 -1180937108 1952873839 1622740497 59297235 -609657648 318058830 -699557447 -312567682 193473764 949852446 -1341754821 1168691341 231829544 -988550132 477616815 -898299041 -1279743087 315247606 -355839033 2079133243 1465792020 -1618029817 -1131695791 -1226479931 -200800802 -289727718 -1184546154 15472193 1845932047 1329551854 -87078163 1151920485 269988313 413498480 1818967360 1282367576 -1542347569 2019543333 411372560 1948424038 -2124258473 1168832864 -74622972 -1477208143 877749496 -1197944695 853611188 1604675005 -1146600195 1652902015 -1637452670 -1458260153 1285699416 910523688 316096388 -1379660582 -778142823 -1344267437 -1646663288 -2118242986 2138848129 -1978581565 -1703809244 643154464 -433465460 331872632 1652776435 -241726609 -246651305 -646631991 
1183250627 -723248895 -1095553553 -125745180 -971579618 700979137 294195138 1760056249 919172471 2126734219 -1342836019 -2136889071 386979966 -1956534379 -1166859330 -886154819 644310631 -110815942 -975566798 -568180339 -613598800 1456800776 2019884257 -1517305192 357303738 995739882 1426943247 1537506648 -1398746805 -1386794288 2132222799 313873278 -1073983821 -42354404 -1204792684 1178646545 1877258777 -1595534538 579377909 -589814195 1648450152 -34064082 -1758636954 281838644 2057258716 -1165845624 1865426207 1360919291 -847837805 -1720720494 -1165564603 140743490 1999813039 191543236 -893156462 377363330 -71442392 1689520975 1994958999 -364756689 -608247385 800845945 566399378 2048690811 -1739792338 22756294 -1172767063 1680395259 847714423 1943573685 -493620777 711347522 -411100330 14072241 1616379751 1573380213 -1895654158 -2004803957 -1419035248 -1324054242 -860490677 2134148428 833850320 -1084838052 -1264700836 1529405351 1714000929 1380160834 403765252 1750417508 -280990925 -2068545158 -1910088618 916671292 1764792979 -371028748 -1909201191 1203212747 787359231 379016816 1615505961 122109262 -561427835 -2143563314 -1791046663 419428129 -247100081 -1475082406 1176476547 -388016030 -268682898 -1921354608 -886041172 1692755778 -1643708739 -493512904 832701158 178421927 475266402 1059089647 117258517 -1142730384 -715574497 636145146 -1052520504 241214063 -1932530045 -790524339 1552901680 112113687 -918588435 -1146982615 1537344369 1533109434 267303294 -579361727 940030534 1189898071 143900893 -1488376746 -2112303580 -1478140916 -531075975 1264474615 1940296723 715085352 813258557 185681521 1124131282 -1383715060 331288761 -1385022511 1610322620 2130597777 -188472890 -1224716808 -1041533980 -1492415114 1621595678 1016258711 252705808 -1176555966 1338137620 1455442270 -1863398297 1494628121 -2047625921 1181740096 -1820141499 -1448979769 300330546 -1552701432 -521817350 -1685500938 -472622408 -979854632 -1701320034 -753781309 2062221646 -111545225 -1433112446 1512466134 -666983426 -1946203570 647886502 1296797093 -2076574560 1168259255 -838280772 -186753197 -477095528 1049568311 -72636070 559756080 1229675503 -1214365551 -558540959 -1061748492 -1692633581 1996320884 
-2109981563 174374249 982983319 -518937753 -380179182 -667104374 95759779 420050278 -753327251 701619179 -767977811 1796516885 93830535 -1868883085 1941286923 223681833 -515816562 -54145855 1709884842 -1234398153 -774969818 1914707624 -390273305 1367222114 -612552376 -403586416 -1959874877 1230230308 -1319817201 -853060490 -1214621763 -1082046054 345481758 -1579154063 1704402391 -990938404 322380967 1522036576 1635043178 -1984722851 -702541537 577796030 -1819587487 -866912641 -2020380214 1124113167 -2045319257 -1556142760 -1954484644 1331477333 -1373497889 -266500735 1993454868 -349317395 -1777131548 -569649217 845517602 -1311750199 -1859626196 -1161223041 1210072509 7644326 -350627993 1200994074 1961635081 -1853442606 -370668955 -1784783565 -976708334 -371450887 -378748526 -857089160 -2143094789 950318143 773951503 1099204508 718069523 1312599443 802579998 1060993444 -1526194854 -974282689 1274080567 1011224502 -1761544970 944052857 -2064371650 1191806455 -1447392742 -1355329984 2062631655 2097099348 1487216077 -1663645466 -778371589 734631751 1289933101 -709110551 242387483 -931723866 19832973 -1754156227 -1006526154 -1656705366 -787933059 2040861179 300943110 762308910 -513239123 607293736 -718879859 -1574907459 -1964483906 -766046352 1818592341 -153982244 -368102671 2139527038 848728372 -1354814917 -1976766145 -697748506 1005098430 -2029090060 1665119268 -275286067 -288622346 966425409 511484654 979341982 1263411677 1286536252 133250521 521009329 1163963593 -1271183011 -2127758495 -386485188 1200409624 -369433100 -1812345614 -1108170527 -840529751 651190410 198681855 -1429266020 1661283774 1055474934 -354006045 -193152085 -609203477 -1933450094 -2043951414 1428088076 -463460161 -895232804 1652032292 1253395854 -1070265766 171526406 696599546 -250987165 -1830009474 -2112748227 2130143152 1512538990 1228436707 1474408362 -2117886191 731060810 -171929516 1043002850 1629580682 1803133285 1164583205 -1537195613 558708548 -195414399 1875501111 1874141517 1108027004 -722561921 1410533130 -1951997608 1727058634 331523322 411660055 1690077417 -2107061520 539593389 1574238575 -163662644 561312527 -1958354323 324094158 1743618833 1301536087 -1877555023 -425559276 194820730 
-65249596 2006085967 -173246961 530327261 231289816 1089480948 -293409791 1736547534 947417822 637892325 -294140698 -76358285 -376418050 -1158847208 -574204562 -727471943 2009090368 -1779718396 -971882954 -671853439 533762069 1275608556 -1729545001 -2059763226 -2135464580 1657181856 -1784273955 1893227060 1643775315 -142274327 1767075112 2023583891 438545526 -1033650946 374543234 1196578877 -2108650894 829658086 -777211094 821937637 -465569322 -1435162689 829396862 -2104215902 -1257803835 -1555306407 -1190245965 163489467 -83217560 1467746718 -432964285 1310145352 -93313813 773553709 -488601005 1355116320 844610700 -1800831373 1034150845 1076302650 1610376885 1851149434 -1956880232 133465897 -447784169 1265617763 -1547566038 -1810260202 -1710726825 -314881328 318250393 76821564 -1870563082 544850649 -385448003 -373411199 1342493937 -320792390 1262535691 -1414297562 1230769065 1499821213 -77870762 1583870427 1705478432 -1829233397 -1229285398 -7512307 869186669 332175448 751487796 1707921343 899263449 633013051 150208306 109943719 -2104052299 -923486074 -936605725 1633962561 -658808272 -1115318649 -629696491 309654384 1623163912 97465729 1048963798 -1205520836 1782044798 1051095804 -1897279610 640747073 1905146515 -2067467815 -2076569475 -365519393 2110808240 1169143379 131006835 -289688588 923500974 -16928385 -1775948420 27475451 26586660 305918247 -1345228242 1562857028 -416484725 592768530 -453736152 1826075716 1303361970 -259200611 58378134 955652230 -1543211140 1450761029 -1902103678 -1616767767 1424668723 -1624109586 -1821246689 997576125 -1771535706 -842636925 -1729499897 -256980054 -99718696 -778112351 1151880763 741113715 1064552634 -408113219 1145015918 -2124592712 -1346997135 571290428 1665807835 155319215 -1875894594 -1640527474 575369455 -876863949 1854879915 1669430002 -1995132412 378388192 -1752953188 54353511 482366555 -2105336266 -678078410 198896982 815844677 -1763079939 -1271564179 141517801 1565134689 300787880 -748695817 1276803072 -90489939 -1340422222 -226020646 -1754240286 767170966 -1619709576 251607268 -1314512589 -1901720608 -1501885492 -273812685 -820004834 -775838396 -909886803 937408568 -1214496166 -1970338057 189445000 
1930892535 1249105403 1207006277 162716922 -1133910562 -366710972 846609263 -1731905379 -536805327 360358664 -1132414735 1788446637 714161926 565544364 -1133877361 1781963207 -1469704757 938359865 -1877509596 -620401105 1359927859 2028709559 1543388765 1037957840 184123738 210402047 -1246470836 -582424370 1466098379 -854087891 -1108552976 20458488 -1885135676 1407142479 663185654 1231111651 936876208 93911337 -1317604014 965837302 1051402577 1974676028 -1488924182 -2105573781 677410322 -1774912646 2032292164 -1069688669 487124171 150668594 14352432 -83616328 497573348 -775870349 89820474 160307374 -826073292 -1671465533 554627370 -922932797 -596089410 -1512382591 -857206756 520441595 -2129959466 -1829599773 -904518455 -2084200762 879502517 -849167475 -2105526218 -211704819 692572776 -426734646 1358687330 -522913243 2044800821 -1331465067 -703261399 1010228894 391255511 195953934 -1790714119 1300949620 2145946610 1771297143 -1719695611 -977132726 -1454095382 -268333712 1261313851 1317308105 508591364 612560322 -395817078 -717472684 701316821 1610443339 1832587210 -444103109 2075377611 819011802 -1168337781 -784960574 1380682938 -608459312 801561446 468890846 1853455055 -112928072 581149937 590874965 1170668072 74011325 1509621917 1276716994 369258331 1198992965 -1556637133 1247184669 2115899039 -816531659 -1600348470 1159883887 -1844751248 -1764599021 1468904126 547571739 -663407507 -2025096635 110876746 361965882 1440216778 491548183 -1478561903 1549379859 -1584375084 -557706655 -1681595012 -1879047695 -992805291 -1659300152 687231406 1993158142 353980449 750733652 -1303530533 -973976790 1498158877 -1596943582 464380203 1886830001 1167812696 -982419971 1920282299 -72212214 930631516 1548910506 -695486362 1374530976 -710101109 1352613815 -402641466 471010193 -418425534 -1962174539 1120956814 1768180244 -1028242277 558019373 748774142 -1986081999 185443908 -694237405 1559461871 -1632894394 -557927360 461963177 -835395623 -1277825916 131817388 1457243890 -352340887 -2115790887 -1837113352 -1386863029 1035980966 360690083 -994215638 427948391 -1108270735 1616485979 -214137849 906033198 602275472 -1163970365 -894439494 -1893920282 2142340585 -998138627 
