-1735060344 1988801462 2032547759 1954932103 -1520172273 -1130646708 619104886 -421798666 -1374530669 -2079655228 -1458205812 525731612 1769956597 -799402020 893551540 1338098789 59206571 504079186 644952758 1373402835 -1204035604 83129278 -1376622971 77011425 -1220214158 -2021182727 985075547 818434779 1440551456 960352883 -1350907681 1016796829 -1959785819 -446894647 -779785336 1216482951 154565839 1996643671 -17144509 -1652577695 -700644039 -1413400799 -1007043382 414759157 103948020 -164288323 -464173168 -1861740441 1883784747 343546503 -227742035 641824744 -1975215378 -925001828 -1854680516 -799440074 -2009861186 -345678979 -6810186 1875699102 -1092214393 -986894224 268691821 1436413641 1876977790 -651557466 -667531086 -2064306948 -1340202844 -1965848058 -684863325 1128330503 385231669 1161190906 -2006110857 1275088144 -1149054321 -1668685422 1010319207 -1789010056 -719805098 1000376016 -1768063499 -1191981204 1821913800 -799480361 1325932468 -782641844 -543709364 -89075372 1343193729 -1674025516 -466048605 -260794963 -2051995434 278989883 -2008544091 -46151149 1251071746 1871296035 
1053446144 1256194178 -2004672424 2018628464 -1861981047 -1772063520 -1011704113 60000407 -116690696 -905110136 980043200 710592171 -167875674 1885050478 1401475669 -1762865815 -1990784728 -305091519 2013992199 1975099048 835702576 -1241324493 345208221 -990569526 -48799091 -485022892 -300353530 1945167429 -1955659891 1106722144 1965807833 522580545 -370278724 687606180 -1194375351 -1714361640 -1591550275 719750966 1415765452 561240222 -1438005029 2049199554 1289819741 347655224 1562496143 -174868822 -618903799 -2002129636 1799039280 -626578114 -1472625484 -1372041367 -215740949 -397272936 1236321093 699676317 1590272484 2045806439 1482356896 -1765706979 936031080 371679057 -772894970 -2002363340 -501120702 648241269 -570122711 -2099038728 -205213759 1275836433 48343459 1369523464 -1195865832 -2054724077 -1914333839 338733673 -1883171194 -477548150 -672278482 267827733 -2024132334 980832276 -1157963257 -1189288743 1276911634 1381656364 1537084615 1975661508 -1293640056 -800077326 1589874046 -1356572585 -639142601 -433692316 -2132933971 1069490875 -969364160 -566911598 659204862 1103476414 
-597982459 -755787055 -712154504 1313863094 -1847761006 582475861 302523524 -947094556 -450837167 472024819 893789591 1560479736 -1863429024 203974719 -979416030 2105087747 -956484361 494450387 -1805289295 -1651644630 -951502012 -1072370399 -867349938 2123663290 833143811 -553393047 -960020156 -1236459254 1666045889 972163633 150012850 -1591226286 1573404455 1934015075 -2075047970 -767118857 -51373750 -1786890284 -585521369 -1188756711 -1382920200 1697856561 -536403481 1935769845 640211326 -1694499608 -1852814061 929713981 -667046575 -152156007 -1114921483 2021027667 -1508176120 -794616297 1181698728 -349508332 -256888768 709051427 1839267297 520029494 -993956614 -730174770 -1261262567 -1362016104 -1540899885 -713512321 -1215709259 -1331795404 446034625 2029416949 -1099583777 777337460 -896775541 -1254012567 -1917942126 1002095916 1198143593 -1614545456 2115187002 -1154717960 385297971 379681587 1670588682 1167789077 476114860 -647140241 144242376 -1807315504 -387307667 -1310522884 -1617695833 -1754750078 1795234801 45651006 -19292585 -908149859 -148589025 -1566016947 -2055658627 2048812435 
1041757814 1659915409 2113531506 2007978310 -1197792047 -39286407 -264909641 -1116110460 -1020600105 -545513784 1879396191 -823362851 1878360652 280583892 -45062833 1758822860 2131025151 559776916 1890626390 -1122905699 -1292381033 -1058255677 261711183 -136614115 -354641801 213998964 -1166223900 -13140816 -353951197 -973845432 2059228992 1716866820 1247843102 709575009 535551861 -688083864 -2087803632 1983167861 1112460250 206693456 1222411637 -1986978224 1861643525 -622457374 -164679102 957911523 -1625967215 1819302700 1025663955 1745948755 -775535710 -199840171 -221604121 -102064183 1365975591 -430828507 969517885 6627011 -1946973331 -1280176895 -1180853349 587001854 1839727610 741380672 672406736 -1350046583 371752733 248610225 303289894 -1304995800 -1255962970 -1857188776 -790295401 -1099287203 -229864019 1334994628 935823358 -472755796 1779562244 1206625264 -532407627 145656877 -195906052 -356134433 -2117498500 672009747 322175160 1054160399 2031811978 155058051 799783839 -1653997529 1225431552 -1332643616 -388441252 -1131167972 -1803952624 1697625141 -479965316 1270154873 
-1676358618 1875111761 747832898 1573190921 -500528316 -587223848 -571246797 -412920785 686286155 712355329 -1807240127 1862123730 -1238808138 1587188421 -726490127 -620414448 -519797003 -1715977456 55078899 1864521950 -1787286227 1483000941 340413227 1415883317 1738806234 -1990056580 -1794425901 775588182 -927747778 870888252 -2115034175 -1472632982 -1694193926 1982612625 -2059880273 -1155482028 1074754797 336336582 -1505427258 343298172 -65482582 -1842720152 -423261143 985833200 -1023586537 254533848 1150068701 -16803072 1608371582 47150197 -1507756452 1363191154 -1180566193 738337038 -1335966588 39602565 -807599516 -177497754 1061223674 1881440994 -462567025 2080408599 -528016732 -157315900 -2071032181 -1393216474 -436779401 -548832126 -156821488 2079262371 -1293072479 -359858319 -2140650102 141333048 627136850 -1614677210 1737581029 -1151663190 -1650838514 680582898 1942818452 1443562247 -509640479 -492328851 -990755915 633772236 1877936268 293093691 570437716 -1838519895 1407794207 -1401760470 -644105173 -530215822 1730852279 18200875 -1811257968 -935593671 945154365 -1568425863 
822137588 718465497 -1509569036 1376375509 61418835 940443098 -745363077 1899664017 618196207 1009513167 1682566698 1993894831 947756917 2050430861 -610560597 1378521794 -436516724 2024489241 411533968 -329302023 -1812222803 -1803318106 -1649254953 775547165 722149504 -2023514456 1881814671 910497506 -961945340 -1248860375 830168854 -258906966 1524985545 1711337516 -543318365 -1746195231 2043093295 -756950941 -1244125918 -2088069745 -1867345608 -59260145 -478620617 1151613417 667512197 133046354 2145373082 43985618 -708596736 514164025 334140147 1668288250 -1705738645 358262263 -1956831292 -375410217 -350806638 1471882484 456049046 -1345059625 -593416478 569607397 1642867245 -842269481 2027563982 1522630884 -547917483 1208346645 -278296516 -1843482520 -283134350 -995328747 -1981073773 -1052740872 -890542612 -876542163 1102881782 -404280298 -381016935 1344728615 1125058514 998568449 20528484 -1731293284 40562149 665795738 -2063788962 1192286274 2096242858 1619884587 -1962012308 -1965560250 810678659 1294051284 615203462 -2146958294 1951761063 249999284 1426868985 1041018018 
-2067058939 1350029350 107509022 33454260 55242053 601755128 -1677532462 -799752933 -441824198 1980219636 -258542998 1166494474 -1061287919 1466409092 954275898 576451180 619377936 -2112379106 -1874416461 2092197262 -447477585 1267772100 -2058809013 -1790140071 -1305772603 -1037263464 1643840339 -1830566016 1009534261 -1614790268 -1796902656 -2076594183 1553754591 -324947194 -2051692794 1538593632 -441696047 -399301908 -967824908 -1156531347 929068571 -11114942 1055834516 -1832968128 -325996603 409022778 669194421 -1956340123 -1479026701 -1481839427 -825782728 1504651133 567453329 -315336238 -1880943081 -947083778 -1024464358 1238919407 -20928868 1598198336 -1383103066 -497405324 -636580925 1615537754 -390236737 -1413249448 1429979142 -1465612689 -331933964 -96084796 -169830520 -910732121 -2144628922 -2021113792 -884824469 1176772113 1854384798 -1163320049 381194628 -985382249 -116103408 -1470763519 176088620 -591084263 494809985 1787657940 413607297 399286935 1476825982 -1502014220 -486812380 -124089747 897255432 -1635300603 275868544 -705031244 1376633504 -2058951082 417219604 1416395018 
1609335960 1439159272 1022042197 1797515008 639412984 1891097749 -715128596 546218833 1898867077 1633916285 -9213161 402337293 838409754 -1517903990 -1008866510 -1643746239 999151734 -1156807974 -2142726966 -1182242068 2044792992 -1761411865 387025538 -176759294 -110893212 -1679541533 -222518176 418819948 -1249181449 1341743478 1619256490 1685991215 -955559084 461310387 -5479605 428028927 1683162925 -1037980445 266129028 -1187210154 99474304 -48734688 1130432225 -1564011081 33849352 -872679643 -1208903623 -1078853232 895189219 1597258298 -689797452 754343498 -625860668 -180077217 -948924844 -32141877 838264752 -1369604231 1276881137 1766354099 219538283 1530216717 -532318838 -1188372050 -1774371962 2139655965 -196446795 -671549630 1819436683 94241223 -529947633 1239436976 134432162 154955448 -1208009597 862080979 -1634051512 -1809565838 529899268 1518619400 100256437 -1772552256 1379654177 -851114920 -1898705786 -974751385 1919970596 -1711215494 106510315 -1649485761 1239598733 1602223632 1798677557 1009527333 -614006126 -423644116 -1409710987 660962822 -1330185499 -1891732033 
186687931 -818965682 419492313 1397829449 -2053701671 1907126220 1688319665 -993447535 1675017839 1310725477 1436014154 -1079048982 -2111636778 -130178584 1233242128 -1106272528 1539020002 -1422327233 -504399717 1065980551 1219993838 -323242931 -1734891541 468401910 1156824185 -252849560 -338708941 -1597655663 1528483993 -757918522 -997229724 1063350638 -427679696 -1832535487 898432299 1317065490 -339471976 133922968 -1480388048 2066330188 878004905 1761485349 -387291169 -262462582 -841492789 1468797877 65292247 -1967643057 1755376022 -262854616 280904984 1558559255 -84577140 1303722331 -822364439 -2095017082 1582667176 -1073428540 1255594933 242232188 1641608799 1640310346 1407825471 1643721644 -1356417098 -1588022941 -1019264791 -1185661501 1832408756 1992471660 1331940651 -1731857364 1695533019 -325051133 -888308129 31384096 -452880582 -2144727422 391141813 104705926 1466660257 657981382 1134153290 541273175 -1350365298 -1427642502 -42477526 -660198024 -777310266 -1305693714 -1020752022 1039123006 1875485918 -997946379 -1131778486 -434025200 -1584119431 -1449632692 711552479 1542892664 
-882162965 1043048624 -607046728 -1747655673 -677845529 1110115957 -88927797 -503271121 471581213 -895924172 1306384036 1899568341 1160024413 1417126398 -1673688747 216916033 -596485785 -776218020 16299640 1286875112 1724656958 448956303 -87552109 -1071684790 1676452023 -1559238178 -1276230141 -766893716 -1434190744 1657678579 -688398135 294932181 -1619299531 1324342938 -1247891100 1150803798 1563896893 -1611672438 -1605753357 -726128017 1234855749 -1491951697 -1682705188 1107943134 1643521959 413365862 -1855528205 -1784155018 -725209952 1645077139 726296283 229714649 -1515002370 2097863797 -1516362097 -342933061 72407771 296639857 1860895794 -1494865362 1539481930 544380436 2078806691 -1788427183 -549249788 -144173221 1286282024 1867227284 -1393092459 2034262378 -324686026 -1452887204 2138719764 1120967265 1919089370 1886337588 -1800040377 -1780271007 2013498919 -13256314 2080390086 1490760625 1716408402 -820243364 367621595 608696631 712283537 -1712940749 -1872694735 1777805951 -1518946809 1763575845 -709485810 -1111618715 2017659838 1622707676 -1770899153 -285923100 -58474984 -46236595 
-1677957092 1391563770 -1606389788 1280394078 -1674905480 1309783736 -1409550821 -1791641221 -518352866 -1953115107 630738702 903501681 -2061955725 252434889 -968740388 -434603315 2010398313 -1904557965 737475702 -1373393063 -89945728 -346894788 -1266756205 -1267448420 1598141668 -599912655 -1676523262 -1350649045 105475401 83754220 1877046829 -582502556 -1011823219 -1868413706 -249118466 470444916 1680680474 -1683096739 823808292 -1746373198 -1747205830 -1563353307 1854375653 -2068430114 -851961324 237840131 1081660438 -798931191 922818057 1172495048 -1263101440 1176163154 -1993022609 1900897089 -1027280337 -1906678589 1822643063 -1318304116 1086298511 2086899370 1184762343 -1903690811 1027103263 726653323 1058613428 -1490675995 1490507754 2132733918 1619023281 616096762 311288152 995797671 -1589980005 1023382356 -1089346882 -716012314 -1619902463 -1851247645 497833053 -1186634956 -1366989334 1574744005 272139048 901723114 217617148 -1599207027 -68353365 -979774263 794559913 613521313 -1636967755 -16707767 -671331184 -538169746 -1877321903 1429955022 786696931 1941999487 -651321030 1989209550 
-1448075211 2143899603 1920256452 2130743624 -58110940 -316271548 471386796 -1158303453 -1642753235 -1194278445 1615175120 1202912181 246628363 -1389045251 -366866546 1702632717 -174793677 -1915752392 -1912767514 -970309400 -997453135 -777256142 2105898551 1197145614 1619568562 1111359865 -386485086 -551827061 -822081595 -1225915596 1640484122 -1899679495 -1620698180 -1894509610 -1941059396 -217235647 -1983310827 -577385994 189642512 -1476215555 -1493784056 1776035021 1263539553 -1751258233 43792285 -1052233313 636149307 -1989944216 1812389778 -1881691712 -671496725 -1984298430 -1104912849 197804324 -1277342235 -826542605 -138797351 -1639693099 -518616062 1017745880 -831269762 1124057501 1459557398 900767419 -1447921069 561482846 1144195005 -57258318 922796902 1402388975 177040504 -1608989947 -999368408 1799371604 -529911057 -102201704 -1577850536 -1900552651 -1962128062 455914560 -1302741158 150565991 -390677186 903764546 -940222983 -702235556 -2108095526 854013609 -2093765628 608295027 -1410988835 -2012721196 -1226871884 2089032801 -1637739976 -720883745 -944897319 656260080 113333457 -193730835 
251925840 -1068671617 659880841 939280816 -541473121 -1177023587 -772309465 -557625678 -1155118525 1843404507 1206101014 346002082 160996882 255059815 1994072188 -750422861 434677845 -1004803569 -70031444 -1788817520 1296154678 -627784154 -1596629469 1509860149 -1969288956 -1583460001 -2076594170 -389946637 -132794835 -804598440 1026901368 -1479247271 214066865 1706271960 1961249567 324830232 -1991171693 2066864201 -32003056 -2113972537 -1621696749 554004434 -1050389273 -914905792 -928050935 1435712431 -1067019515 -583074195 -42223502 -1949228229 341194043 840057185 -315493990 -1485346883 -1300342303 182889562 1145250248 -340370624 -414419510 209288451 -1334870809 29660319 1733389450 355768094 -865771946 256456128 686185910 -32980314 -638199431 -581130590 1627727547 -643670788 -1269067466 708627888 1957006047 2127753638 1076395083 -370044333 1440616833 -786384506 -2016596213 -999308549 2002180339 827777481 -286560475 327813234 418991866 -1227936929 55320084 370899897 -714396468 1616459330 -1959179052 105282733 1272624876 -639772013 1106713714 -749066499 1444617645 1458903800 
-1064466697 1002057232 -1896155495 -219615360 1129865602 554481993 -1630574701 -577698440 82647475 958416081 1423174153 1606519071 1298840928 46424103 -165464059 -1949941447 1064708268 -275957237 -551539173 -150222446 1132215226 1279520756 -1438778070 868139662 334140021 1974683414 -654201599 -1757993990 -97305905 -323394546 1217228270 294541744 -1156036484 -1753180516 -740756085 94122947 -2108071180 816762689 -807219306 1459611558 831039296 27620412 389185035 -690970379 791158687 2134889184 -685350465 1982057884 -1192113000 1473691993 26384873 561545347 -866309686 -1829856102 118916219 1495874898 647370571 1366846173 -430241891 908206637 1612850946 1054537637 -1917861454 -73769934 944277768 715399127 -742028370 1342133848 874032680 -1514363521 908212529 -1368149649 157223209 1558791848 289224510 214474842 1027002558 1336168396 1242496723 -396852149 1906702629 1141521717 286831292 -855172737 1244327038 517412242 -826410346 465380309 -1570900660 -2057167057 379927443 -483205347 1227132172 1122283378 1938228407 -1361673344 447383295 -624120274 -317318277 434024287 
1412672080 -675747009 1706722912 -876645889 1679689148 -583667518 -1760422806 1814319559 -1606177018 -115125945 -797775769 -147012095 1042142365 -1350247422 -1808854110 2141947404 -1908979711 -260459915 -542859827 -656188811 -1699091086 -962621098 1881956754 -2147428734 290050224 -623997354 -1795291050 -1289649563 -1875121842 1124251796 351759792 1942789214 -102450402 -1850718937 2135268647 1394655518 1067709995 1136217504 -691398726 335034136 748020760 -732211868 1925279880 1098120090 1186942027 -982856182 879766512 1414949510 -898920434 952802254 -49807028 -839324494 1828993582 -1969615741 -1488925353 686216102 582880787 -2013665427 953020114 513787396 -1000969446 59273085 2109507655 318965902 16625877 1087356560 1082445758 288637437 2018272558 -402198888 367310366 1158385045 -1545730958 -1797198505 847636578 214020882 1384865654 1036705539 -962794138 -234118322 297377729 -1205163041 17560635 1431150219 -1597996998 913170754 -1061268018 -1483755781 945561633 498909965 -639325342 1173001449 875295443 571425774 -1460093001 1980846442 884852969 2136513469 -926702574 970285370 
-389498952 667681317 993653785 420279603 -1331984310 1509628666 -1087370554 361077851 328167939 847551597 -566662256 226600076 -1359041358 242668790 1912571000 -933785642 -619909820 -375017390 749128815 -485371298 982821657 -1646712192 1341662300 1499722755 -713365597 -1754065320 -1280219092 -303744388 -1443441933 -1900310521 304029665 614220756 1072476522 -1850951639 -730830123 -1512453956 -1751564233 478660922 -777251836 -1169026600 1061952428 1472365439 406586590 -649951663 121664314 -1615621365 2109027511 -576620391 -43174597 2093688170 -1843965220 -98504686 926625356 -157917777 163129733 -910466568 -864943300 1056695875 1390104111 -1178369205 1587750850 -1170058787 -1353446441 -203372676 -566826486 -897911388 -978715518 -231729671 -1056298679 682490208 -1231098369 -736178053 -945808254 222478974 885977463 1493643862 -444495986 -1342369716 -200888140 1394244722 510899655 -1363035186 1454393516 1035328717 -1420399286 -266017167 -989509781 -1459003592 -979530244 -1973054442 1177342785 161492063 -1363870140 -1205102349 -793507628 100023382 -823163891 -781107163 262846650 -1490121788 
-952077295 590039391 -750518675 -1103226911 -91997675 -2079744984 2020404938 983040511 1702141519 1623853621 301618395 -1024345778 -2067565618 -710332341 1648711152 1723563895 2125422167 982829829 -1212969262 -627668252 1348005962 -1626626258 1008119933 234192654 -339421533 -161631440 400948867 1371459459 -1730432677 -1244557944 -1282449596 -238003363 367028861 650547801 1202404126 1839834126 -1242319543 -407586899 28440990 1513643425 -584839103 1609102520 162870392 -1804382406 819302677 -1426872189 1492235505 -1755369880 -536031208 -710747972 959551255 21882419 -489373368 1814908508 1072820979 -190900409 1456689966 575968008 1329708600 -1611398141 -1319511914 -559049082 2001511521 1360157797 -1912976990 -443592565 -1989309054 458805233 -379743533 -675939463 664949556 1613936367 1789076212 -133882893 1309381949 2015268857 -1755452343 1794423601 -119579778 1408552557 864235064 -664826216 1765491387 210412785 -1222550197 1895253795 -554148648 1080868701 1187010924 2117050067 1472018670 -504731926 -1112785019 1025168123 1817061150 -1772114372 546312598 2139475728 -847217011 2014430082 
988110480 1425620487 604517697 759255076 -190882860 2137485271 -731048185 -1648590308 211157939 -1143581895 1450751921 1593607237 844236634 -1397784788 1609811681 -387011343 -1826668006 -383999224 -1940581352 -124019669 960397669 1508180854 -95204062 -1677823476 583719552 -2066678305 16595811 -1324997140 -1392329429 1729528929 1171057817 -1858919193 116704059 218023856 -1304355272 68773683 -1528482142 -598097359 1261800360 1418650001 446846306 -1838889034 -954680023 -1423367694 1961748819 -838558154 1866895143 451930753 -1017342652 1285504008 982790422 1508612963 2067123875 -1144754554 1330762653 -1019219536 1097691030 910738374 596725661 -1276694074 -1431328367 1035116470 -703629419 999180329 753023982 641940396 -2047396749 -1552857641 -614341732 -803209755 -2096141059 -1041870227 -1622246517 -1608833681 1875259835 -5047464 -82502054 354873844 145693382 436048759 -1683574187 322268945 975487405 1141630866 1521549574 1540086673 -1843292353 1829899169 574944298 772478746 1426736501 491059306 1903472204 838474670 -830418435 631887903 1701006567 117782332 -120281387 -1450464734 
643970869 962704603 -1112390832 1769611135 -622911784 -1637812599 1952142980 -1809524096 2085059406 -610008160 617230727 1265790489 -2108226811 -20803082 1313862005 -334538256 -986358031 1325698329 -24042894 239069579 1062223288 -1653227712 1268249682 -1100580086 -584316608 1946946480 -2101281913 -1000355653 -2109947614 -1583167092 -253954202 -636082399 -1377385087 394252133 -1023016449 -1471797122 -53214900 -1147976140 -2016347577 1818327490 -963986205 -1323651864 347955110 1413170206 504618938 -1575300275 -855219139 -467915527 -1877322980 1363764589 -1300273047 1792075706 -1473473377 -46114733 1489403481 -4849412 -1071931308 957349084 1903822791 763242698 1801766159 -2084987848 -1176993372 1126820481 -552849997 -1613295220 -74267237 447945222 270852220 -1016561663 1719394941 -38604052 1362498298 1138422201 483094323 1975390393 -1682474964 -84386191 -602167920 -439535677 263803695 1670698436 -1410262421 1561541765 -939703481 562449226 -517592047 -358075370 -1987718771 -655722561 1746950959 -1494560150 1588259387 268555440 -207378459 -1737619766 85031197 867296912 1099133696 -474968853 
154858462 -1689934598 -1958037442 1160352933 2078773813 -673717815 -189815261 904243038 -2006454214 1695366731 -1216475012 -1370720135 1751090496 -1278953042 787317245 1821873099 -1127525856 -1165812057 -1712321891 349050983 -141973361 -1133958641 -47396610 -346660227 842547765 -1000478980 425048751 428162378 1820505665 -1786803532 -325446818 1260218255 785789849 -1652835998 -1071210515 1255648391 -2017307558 -626946866 787054413 -365475189 231911656 360339403 1014548254 -378602748 871517326 467996028 1962805249 -199581296 -34694724 660784131 -751419877 1881620265 -770828104 1413157495 -476317584 -1464935901 -1576075478 1822027752 307611548 -910487179 870738216 -308637465 -1568316364 -2035584254 -345859770 1057141730 1272359610 1290255161 -593848916 -1148230282 788757888 -310435463 1877066777 -1784117558 -2025315219 110047276 2073041149 -503167660 -1218583778 -20631230 -1399513265 -2083741491 -407609266 2040619651 -184555942 -1001712938 -2095489554 649708633 1302545186 -584379825 1515975132 1303174660 -1215396563 -751280944 961979312 -422942969 -1430608672 -417856033 -110231017 -826840214 
820748 -1230115315 -193943721 1263036946 1933821399 -1819629793 -26296657 -419402371 1611132396 -208807313 -1627874634 -784067924 895945870 434693424 -59063425 243406562 -424675876 1270652755 -511150458 -2115305046 -1857008167 615494518 1513802605 2074768984 830219036 934079219 -238435634 418193114 1816915965 295217290 -1989439263 1789382761 -903816656 1369839395 1000219413 657556547 -441937890 1012441030 153334491 -1183557809 611699780 834975325 -307267875 -1065850555 453171532 171527747 1341248216 554164893 -967198609 1455565647 -429251575 -1993698252 2097957391 2067463312 1419222055 1993972343 -1853007170 181156712 1379433183 -1597283668 1371107762 1736837034 -1027979044 -167428815 741368859 95890536 -1083922328 -1047590049 -1414601985 -1771265815 558689166 1576527884 -2110515730 -583101225 922070799 510916238 608114599 -409560910 -916280948 -1275474146 -287430191 -157089039 -614100410 202133880 46217836 -2055177758 -1630426721 776687853 -694199786 -830719254 2128532345 -907341235 -781931693 1496234783 -1083838193 325379229 2052608493 611080830 -511068432 114940643 
832809872 1801950458 -1498627894 -332959734 -1711084063 286343029 920071354 -1544468996 -1968973747 -755876849 2076438849 761468006 -1225068824 445206953 1991454771 -667643696 -277211236 -443998478 604853842 67256690 929184540 -1405533324 539967945 180381411 -1912312031 2103594351 712579158 -249343568 -274332396 1293452806 267958060 -2088493345 -1483825710 1886234061 -31187166 -1070548893 -38707041 -1570406533 -739277624 265050962 340384636 791248321 -1990755808 -1877377231 -340231815 -1176985778 1182823011 1478572401 1973641870 -62466046 636586284 -1838139745 1983897321 -1255439877 -379914897 -492601597 -1971572415 1738938562 114963464 -420516540 1356702495 1686071375 410992849 -647391747 1651455940 1026278928 -404671519 -1266473446 -391557061 591056962 1845984623 -318986840 -931875400 497434365 -1738117874 2106718747 -1720371140 1612958150 2124479273 -1114258937 -199212470 -187667600 1543563789 -727413706 -527104053 -1286885701 -1289621817 1876707699 -244442254 -1096012240 -1585521126 263544393 645135775 2029930528 1271262381 1332870101 -2129372352 -1138868144 1109996564 -319110016 
-1403265506 -172033665 1088587483 -860708729 1296954803 348134074 -735553715 1616077832 404771533 -918530195 121920007 377072396 2050535746 -1879273440 -240743681 -1033838543 753727689 1393718470 588851148 13086949 -1085159077 -948839845 1199826060 482039007 -774282655 2094598805 -2138627885 1421092507 737216850 -1608375805 630756149 1063355875 1389737299 -1309254779 -921946061 -2118146504 -1215539158 267994656 -1263695026 -190920834 426661691 -1247385280 -1231226437 329479687 1436860523 -246782346 -148313700 -398571243 691961368 921516011 -549184599 -1627852155 1489323651 1566689001 2048068251 -1415621783 859830646 -85516226 -1306127645 -747887967 2089041799 1993416461 -1776729049 229258037 1260917809 1938058390 -2097000563 543559432 -581444767 -1937177645 -2076424697 218469427 -748942040 -1590670912 1368387925 -375092474 -1106155810 567520447 979827178 361361287 -2035015201 -1794069540 -343746394 1515160976 381184958 -2117916361 -130436057 -1776105624 -1869081827 154631891 80092399 -312612581 -1796514618 -1213227720 5805892 -1344642016 -428350379 -1929159957 1372022986 -409902532 
1170285732 1612258283 858046034 -551303441 -606909173 897160479 114169025 -1989231593 1904088517 769043505 -1730537975 -517457666 971682534 -525354753 -345662373 1286243499 696757635 179411089 -1886935909 1576338005 -865624981 -1549149220 1321643499 137782191 162913988 -1991097790 -1292325731 -748341281 2093871401 -1144917692 -1994575852 -432435119 1232567021 376406394 518627799 -2037826198 1766328089 -760023161 -506196765 1654283734 425880128 -982574997 -467622012 -898685717 -932304844 -597313610 656465133 954893424 768164704 -736281159 -1453768037 355061146 -1451498517 -1983576121 153472744 1036350159 984744014 -1650066308 -839203190 -1712769969 1600784545 488185078 1346534557 1401338818 -2037560576 -883045724 -1935474281 -1091203677 1083447298 377146197 1390819138 667691069 1755938725 1358046165 -1528284223 -1155492007 2142270005 1342107523 669071256 -619151837 -1103960888 642886609 -2109201399 -2030264967 -1761496007 -1031110616 -631714847 1921015998 772850160 1724224714 -1872019215 81861571 -883796650 -229742780 1879594459 2048401351 1189636543 1033060850 201283587 173071449 
-1819095515 -44530941 545789023 -142323113 1554393725 1196760620 -489836881 1620719295 1198202035 -122849312 -875681518 -759445251 485046372 -447625216 -755077165 1606259225 -1436467223 -396382839 -399780501 -468213034 1396003846 -167992176 -1123328446 -1386970268 -1382981320 839813263 2033117028 -1029314679 1824276004 204470909 132599995 1420982365 -302642185 1243741590 804012654 1361111332 -1596276536 -250229629 360821009 -1009506863 -1048090432 -399969123 638119847 2022896603 254814714 -1747080923 820205321 -911533344 1636583269 -191686704 -17896323 -74494385 -1509332298 383515803 -106579310 1087926838 469281520 814770954 -1057837535 -987830529 2022301077 594917368 -519553277 -1422624220 -712441238 -1752959520 1848183712 327159340 425231663 1156633386 1111937033 -556597395 -1895399155 1496671937 -1981661493 -1784293804 -526089712 366542460 -360364106 -114839488 1735636146 608396431 -1973814339 -1169605332 -481577922 -516424726 1752564536 2038319326 1674712624 1570364359 1508618660 244304237 -1957313659 914393027 814134839 -1812410538 -635716676 2056284941 -872968052 -427129042 
-480357713 -1586880701 -1035333174 -678071316 -1905408816 207475330 1899502907 -513461738 1070889651 528103909 1787596160 -1479288202 -193055777 2131124259 -2029574582 -1804866313 -1139340360 1753759757 -980425641 1655972911 -715250601 -837679615 -1789789588 493598671 1858439846 -1586492380 2079592101 -736179118 1366106509 -1544291997 -2098472606 1328426766 1226127669 -1952168790 168537365 -154506224 -1852247919 -383186471 -1234000848 -499526490 1682612195 -1023657541 126948860 -1204365097 240832969 -1840587078 1483935625 -915969148 -349970287 -1469931942 681727398 329293407 -55596144 848745777 210629032 260505725 -395407032 -981854614 1737445841 456835756 1764556709 -2047591935 -1313857241 -1547375113 -1127386156 -1427026595 1836449945 1036336458 1395834106 -1388117808 -1070566169 -1013112137 1968151972 -161714791 -427354113 -1923945811 1215662017 705391653 538073472 1379568099 1489207322 -1231875408 897477179 -319291088 107453699 584616184 2034432460 -400159674 -994962940 -1898700002 848293112 -1194268609 1718486541 -1441606819 699051740 -1565495223 -90745305 555356918 401684735 -449063458 
-722424340 150442953 1168856388 -1437828724 763309284 -1718268376 2120391185 2136975190 10924952 -665646470 1000723811 2054016108 1927099189 -640033934 1911563354 290529605 389302026 1284166824 1611805818 -378951981 482014823 1822550322 -1962863048 1249556402 -837869921 457641722 -254379128 -130760956 -1456928442 -506247046 323141609 -751939590 1049598156 -823433341 99477575 2115664186 -482091004 -211458168 935948305 889586191 -116571053 1377197181 1533996607 -1134536888 1145132603 -2121422326 -1910884343 37100148 2018080416 -393729378 -951580208 2000902593 1606774666 1036199386 -1147413650 -1586818586 1557084025 32031695 -43281396 -1500273599 807075852 -952384775 1178069229 -328900491 508782733 162380399 -98583633 149411076 147703874 318855602 354740686 -1230817147 -1863312629 1134935998 -307456617 1006858800 1417574447 1205260103 -295226431 451942097 -1417102693 742522412 -1504105998 -1657502399 1795246893 -2130906193 -351688355 -1365070081 1353537012 1971781303 1961005111 991099847 872964206 1379810019 -1756436928 -34825379 -1322401181 1422048601 1479054074 198456959 
239543541 -189547832 -1331370668 531547952 -2039598051 453067631 1486702099 1752131560 -399429503 1305798931 -1800168918 -92253332 -549319263 41042917 151868730 1197109995 -614005386 1230256816 69132879 1690766188 1838871270 -1361836016 -1308849461 688917611 979546869 764069070 1838475683 1604703251 -1557390742 1130383960 -915591196 2139185566 -1291588602 1794711224 1731570397 -2029525216 -1216753520 1594821770 722460852 -920948482 -2042504929 2114519235 -259646778 197064059 -1723356106 1351910606 -62588354 -1819595173 2134608186 62608063 -1720863568 518491115 -474573551 217818383 278919712 1425833783 722173907 -2092417195 1215734639 -501676231 -1749793564 -1741468329 2031938961 -1896666839 1337970266 -1224886615 -467404819 1930903199 220711807 -1897533490 360930018 -517634539 -1500146761 544377355 1089715053 -1359235557 -244268647 -869958927 -451182755 512938847 807529836 1007444657 -208548419 -1360159053 151811791 -1271510482 -1401864123 588602656 136695865 891518074 -2006208292 -475691581 -1496998772 245027124 -932756634 -1051870070 -1039643746 992211915 -2108820702 106716131 
1467996159 1454011908 -593597260 354311522 180028937 1125539899 -1016865607 771273680 -85568187 -1162297457 1997401364 361133642 -1684593648 -2095838634 1354465959 1952719138 1065557421 1809904375 1618311183 41370287 670473291 1452956136 1840712961 -1484816955 2094783234 -467999946 -1209074694 -1368653762 1194429299 -2122536041 -1231533104 1154887883 -90666691 -1504204433 -1460944787 1389153785 -400089622 -2036330689 -1128333831 -154480820 -534831692 -1130446636 -1276183853 -453081312 1751709631 -145511579 -1460957937 666989602 -815086958 1149715760 -446049234 1087190748 -59134513 204670956 887449180 1721460856 1998221261 -1693305668 -487575944 -869450610 1863430055 -435519472 -1467456133 1915568729 1846197321 1126754985 -2102672469 158333619 -1777137940 2011390910 -760077228 1378773974 440109306 -120314372 -50095693 -27254312 7870297 382412352 245706531 -590227890 -2011659404 -248648680 1327301639 -855023470 -503376925 1766546224 335793863 -1808912683 -1203249664 408343001 1285214587 -2069376724 -1116858057 -963653882 1676737597 1272778335 130968345 -1597909821 -458107384 -1422853033 
-831350039 1095478018 685742355 -602500115 575039098 -342693509 1837795312 -1800935950 1635533861 1891647662 1708862285 2120955357 -1728945895 2065900860 229771424 -396292675 259087324 943147500 1480375363 151058565 1850251328 739187169 1272716917 -1292542439 -655237150 -2073561238 -798029235 517211364 -1747102077 1433625659 -419519812 537441660 2081716136 -1634137878 1236862127 311501842 904389748 -1202751047 -1877318714 -1092968952 688784654 -1836497664 -244231111 870415198 1791351697 1076562979 198404221 -994148323 -1299011055 -57396163 538919727 784650152 1457540929 -715673932 571485936 -330577865 2079565491 -1404468631 -859576176 -1703589735 -689439086 -72810172 1499385203 -701389744 -457448791 -1388577184 1299854691 -94660952 885542902 776925676 615695684 -1975032402 -70439466 1409372851 999064717 1336829916 431238180 498304091 -738186345 -1832893364 -751531570 -1604028767 -357236903 -518847473 242616960 322783049 -1123225576 643171988 1547397160 -890275746 1308181699 748039701 -2056834308 684908650 1563174388 -2116712710 1777323711 1352760746 -1038740797 -478037987 
-1906382132 -1076633591 1898449270 1711326143 809030788 -2119123317 680566227 1183208158 -968558388 1173850898 909163111 -854239978 -479640711 -530801046 1662737696 -2060755318 1221007372 -1970851187 -64108298 714369295 -1700520124 -1224061526 -943990442 -96130743 1347062620 -1962869556 1354581364 938939620 -648185381 2140216265 -1420995274 -114797450 -493499010 -530604204 -1126090159 -1835414994 860025531 -852135190 176177580 -1466625147 -579124772 -1102319993 -859802605 213991406 -2139328309 -731654590 -576095609 -371630165 -385835660 1307293528 -1104571563 -1733866165 -932445411 -1334863742 240006124 550722691 1139584985 -1214065793 -2034082926 693401463 1108806212 179300716 532424594 -1910602302 838309333 883218338 -1158248679 1727271880 -2121336422 -1772218271 474710482 279505002 -1188693950 2022116985 -1421830207 970788183 -1942138756 76257927 -308692203 -1383617554 -1753207409 1507292166 1085194601 -1392028077 -1850369185 1437803065 140710913 -2032168619 -1575469457 1419078219 241016838 188376133 -1117318259 1101491243 -1024313064 1781386956 310446147 -1071198397 1889020693 1512334124 
1568192101 317730324 1254777353 693645349 1739628246 571180972 -1247627676 -1100281644 1448625437 1644939238 1333908522 -760963194 -1275549205 1552389257 583008129 -1403749999 239294742 -424948410 1338446720 1310127327 1996799228 -1222303859 1847110271 287735251 715696281 556199072 452391712 -364997352 -1841745776 -183361738 176821787 1077033046 2129262427 2145503895 -1130357154 843295752 -1390492650 -575631620 1971562449 -1794495081 1724500540 -269209023 -1329967402 1741401960 1937863219 -812129408 47701081 -1067036282 -183425555 1028565078 2109022980 -536547842 -1786028832 21595118 -2107283499 -1409463821 -341194749 -1262280248 1064478227 -1720740998 -211574590 1623768093 -402422724 668190823 1950893730 -290652659 783210642 147872829 883577410 127640824 -860607722 -116513158 -538393390 1752453164 1037534658 1685471964 376758979 -1968410662 -757863318 444377444 1245683696 -1303394595 -424292857 2022374586 -279398587 -118214011 -707589159 -2139227462 558907062 -2042079121 1931178385 952686839 509063013 922675004 -172859868 2109880633 1824577433 -1140524437 -2018851054 -644146081 
-266529609 1314750665 307341858 970965019 1058032382 862586987 2010773340 -1667979766 279310328 -517844694 -694062050 -1771475308 2119546293 -965334471 1572972856 -1246449909 2054731890 1476858039 -2066041248 -1541609861 2002476195 361831042 -990078953 -1496955931 -653228895 -896958916 1687704938 945582966 -607668180 284504030 -1513274129 -421029030 -976852278 -1278348322 1569653920 -941620025 36215262 -1457851988 -1911476060 -99221202 1436921811 356456423 1880960249 560144050 -924007215 573016238 1374355244 1484416536 -565665969 -2023767431 342133000 168170387 -2074231007 -724186325 1270353028 -290497388 -1093598475 -1640889006 -1387386260 518733705 12833491 -1355073000 1002223632 2142605358 -2009699048 2114328950 778753002 121650988 324613044 -311868241 1251482138 1693576817 659682081 277558544 -229936924 608656336 -1231876105 1662880623 -728910547 1542540542 639247967 -179004299 1205340251 368653993 983218403 -1773575736 1448011491 -26596743 -1776850038 -232494563 -1818020413 680965472 1005331253 1308081304 -230228908 700176339 2112589601 -675803097 546393467 2133254607 
1185335607 42145167 -2117693950 -1735187577 1515054702 1889352884 1913720751 -1525842625 -2019603419 -1542269552 190664456 -1183077194 434715876 1299115578 132149631 -1567592266 1316125924 345818312 -1024823614 515226486 -683299306 1624674291 -439756218 -1173188752 374247242 -604965278 -90001946 2131292038 -165909014 -492983439 945753841 843961072 334814317 1253266813 -1582438131 -768690747 -2046473403 -354048795 -1288843172 2208847 -1756723784 -1660236172 -940652955 227674308 895717562 388940836 -742110374 153271662 1540161743 1357373826 1943802452 -1024517405 -646569160 -1264666460 226483243 1543736590 -1438753045 1898356612 347164301 1747265924 503913396 1309582594 432931425 908135980 2002775186 803825449 1331264514 75971519 88137663 -1665668682 1971015798 -2105713420 1482229201 -1037009540 601901485 1487205090 362284465 346051881 -1112943045 -526091341 -1443937998 -920097335 -288502981 1060780187 -845231149 -1057311825 1781447298 1840535014 -845211936 -458060595 -414413105 -1959516384 -1234579727 20663444 -157714645 1157891670 1206349393 55001333 -697958184 505345478 
-1903568813 -1256493867 -1551710471 -21062173 -235731029 1387915342 1074806373 1711966278 452792747 -1824270965 -706236973 968382575 -334670608 -536947780 -1494350292 1985019327 1892294567 -1031648923 1648783887 33369941 931747600 -1642737578 -789925715 -1735731047 -1894148877 -609420514 1663536050 -503882756 -1909306842 1797645794 498826837 298020093 504579097 -1991038670 -1823180610 -1729611599 -241550816 -1778968578 -1214555670 -696276628 -291265199 -7964827 1323113286 -361003087 -1274731524 805612792 353301351 762240510 -1031175957 -911535801 1659582236 445817237 1023171256 734873546 1018042368 952328087 -1038628908 2087889354 724906377 -5576853 527467128 804952079 -521412888 759561255 -377523067 -78478088 388342009 36643277 -391931491 105160496 -18020000 1859597946 -579097472 -1988353191 -1503316951 -1085884196 60141089 -1614876747 -1684862563 -1188222159 1963973188 797357324 -1056322526 2031559769 -460940875 -1495708479 989098925 -271897167 220467313 -1270027069 -890370605 1040796461 1122224465 1542464080 -191284489 244347705 -1381208299 1899903594 2083310437 -2064093189 
-77452881 -1617543378 1022635406 1714649975 1366479260 -565612308 206963253 1831976253 1607879833 -1981148989 -1810595293 -1096622231 -1895894274 2079768299 1594383030 2030894999 -764867199 -1432203348 2086804589 -1128522013 -920276181 220481799 -1301142709 -843616589 -120513031 -1291720861 329951923 1559960443 566603344 1984410247 -231649017 1139939203 -116981981 -1036667582 -1786626223 1118426801 468673807 -2095092979 -819310478 -1303626671 1428671911 97751346 -834620468 656851179 -2076139540 -1012868385 1484053022 -549646736 686356387 63766165 -455122525 -1555655052 916555507 1537282499 -890080326 -597374674 1249915932 -1057787795 1251800094 -31498903 1762399507 376175663 -767813624 699188406 886232707 -1007310083 -1782661879 1538308494 1705985888 1674798860 -715224720 727699584 1695567669 -1276228483 1397026071 1486418502 -1609024560 -1318529310 857339682 1708716329 -1455140802 903483680 -1090214377 2020575072 -707745296 1673383317 403345580 -1773257959 127760558 -1113773675 894506715 1472551771 -1507987204 -1737300390 -983303936 1748803698 -1294767098 -1473175587 -1841509000 -1660712634 
-907489382 98140284 2123728244 -557401361 -1726819988 1782427392 419855908 -1853821175 2094732253 213825195 -1048258367 1176118634 -317697309 -1465204747 -1185946345 1948277113 -1793905934 659808442 -504771917 646825323 -1807120712 -1965035072 1469128836 333526516 1343786720 653980142 1740815300 1931695869 420887489 -922469752 -1465067491 639412886 474435384 -2067083696 758408071 -2112200721 -238391582 1343097018 -1245302532 -864157550 1716523411 -1568722668 1783545170 -132410863 -1017069164 892963261 -907141904 1625599337 303407579 -1076314120 -489612260 283078294 1460720508 -1832316623 -599726962 -812680019 1353722848 1882785252 -1351841301 954564666 2093674008 13909830 1315517168 -331517604 -1480156016 -1597887755 -245384739 1917592706 -1237177847 -663177481 527842230 -890091466 -751949083 997182525 1509733828 1082500240 -1091377334 -1171661178 103880571 1761934897 -924409158 -738967328 -2034107865 203688019 -644335058 -1018637744 -2021050039 -258531136 1023171506 -997982602 -1176798489 -362549602 118533858 -492128369 2021708045 -1027592113 1021177101 -124902121 1900523609 1350497097 
-1783034399 -579074536 -766393485 481898001 -2089839586 -1338675039 369707919 1685211905 388514586 -568903819 2022053084 -1648845473 1377595664 129026515 1193412185 -1076535929 -212802392 -1595990151 443801046 -390585375 1519902703 1401036080 1502525639 -1087305860 1341807459 -865904438 1413410724 -2086037853 1382128877 -149583310 -2137802798 2042336483 1037793817 -834242565 -1853207598 575073290 1293060112 1103420887 316721750 -47559566 1316232380 -1979048862 -1298724685 -1500256008 -600222053 -246918697 -1716128981 670183778 -320754175 719396524 1098901618 -1505128762 -1137142580 674256175 1373871428 1742424622 -644784843 641697043 1800302257 1086012845 -2026062525 -1594837086 -652562003 -79578267 -397932713 -735693976 1249040927 -1694691669 2046085283 -774280024 1799732223 1704591295 -1117883345 1291745840 337231326 267340527 1136930778 -1376784241 105070763 -307516356 642365710 -712513126 -1314842524 -636080550 84113369 678983185 1731516209 -640770486 -971069752 -1478887200 -1344432803 808444677 861849861 151363155 -1883230943 73348561 -1929269032 -383981362 -302360889 -2036518616 
-379976499 -420322980 1468662868 1364597796 -1386891496 -1126459955 1944476077 1124897042 -1575459121 1329917250 -675090024 495582324 -948767145 1263991691 -566175864 100124407 686515600 -684855163 -1591713234 -197926436 145202985 1234170148 -2040277186 55544878 384343320 -964416750 1040838136 -2067472293 1495016828 -2026892702 -232275814 -715630382 -1060593091 908525475 -872672702 -615077407 255995551 -428339218 1740790623 -735692347 -280562585 2022396761 -365540789 2062487623 -2042009507 -396071882 -415066476 -1202296765 -439677439 -764012850 344704859 -1711600760 2098837097 1736495931 604319028 1362334142 1499878318 380438513 -1475764222 248401234 999167428 -1742907241 -1242241272 805478144 1663877305 -341205946 -539474647 -1702332612 -1225418187 2003680304 -1993477787 1877116862 -890234873 -2114007697 1657490752 1644498221 915852600 -515161196 -2072941186 739677058 -1560898525 924422774 -1130487925 -1904944399 -65022523 -2022812998 1579751907 -1584239131 -483071031 1314444934 530244668 1678273409 132303014 -679901605 1399536126 632043262 1813092745 -1555428209 -294651602 -1355825418 
-130581473 -929302506 -2042879922 -87725640 799853659 -1953507670 -2146015576 469632767 -194147579 -225924374 -1638287569 -1861098380 -2037412415 229962258 -843545977 249299444 732906734 -1854125595 917339480 -674425017 -1554371169 -1683120461 899187326 2018198440 1731421815 -324180176 -393543670 1639608214 -1273007786 2146537728 -2111127015 194357779 -398132283 1430780024 -1688740654 1016632088 -1585697921 1355617662 -2108970323 310881690 1853127227 -1435566628 773543551 1590882790 1992422255 -1119221593 1541898879 1705975452 -336672868 -283202842 1662601156 1467679003 -688489589 762308184 1378130882 500221885 725661462 1334369480 4883879 845301847 1673428142 1202350116 1339817834 -1547743551 1880211854 957981875 1814459769 -1119638583 2053331960 1312721520 -1071057323 -1204264162 1398443440 -1513898645 -249654170 1073858709 -986718635 -423243893 -250804279 1692208527 -203397977 -1456332678 -1903899855 -817453908 -56696846 1187164243 -1505938279 -613164044 -2103712417 -618070194 -228013037 -766747000 1427933614 -833158864 -392694078 -1378103609 2108961616 -1615533672 -847736660 1585522894 
493830463 917632064 1337069146 756033375 1891021335 403020443 -655679019 2107667441 -1697563460 -2038518469 53522653 901959220 789861930 1634667757 269755656 -205680100 -1303379665 -401705255 -264763278 -286943211 519613208 345294852 2026930481 -1148777503 505872759 514023008 519516516 -576014971 -1393342023 -1130603568 1308378164 1564565099 -573260099 -1129655434 1377672169 -1421527749 1292224039 -809301601 -253639095 -1875500351 1734564922 256375102 206348279 -965479552 781961502 506501508 1008308175 1346974239 -627058282 -356284719 -2099149550 883858113 774417451 756025214 574224644 172520492 -86472474 2006634313 -910316819 -791629406 2009919899 -1407237443 303993304 -786923309 113450186 -1384445357 1512417138 2053871956 838103813 249604528 1634812439 -2047667289 -1220661436 2013218270 -525290708 1960709340 -794141219 1434796601 -1892660587 643899466 -227636768 915737954 1091586134 -1055056086 1165199652 437180754 -1238662201 -71127086 -1529004313 -1350490579 -2056025833 -1791658339 228194335 976382380 -308420615 -28936547 -1619293204 2004000709 237568980 1109532277 
383333342 -500316536 58961854 1375260209 1740977002 -812982282 1411717813 1294408020 1701236859 13036236 1192827206 1722502714 -177850513 -1785338394 177086045 682669335 -769297919 261535117 -1156420238 -829718343 959569726 -441383823 -1564323081 -1319952478 -820839650 -1090155354 -675510937 -1654384794 1196891453 1138067971 79590372 2051082615 -538926392 501554358 1496374582 1512706203 1649918686 916541920 -1972964895 995263015 -1913406960 -728775577 1431101595 560467252 524524696 -771150007 -1241059023 340338977 -745314044 450880959 257306393 -300648317 487518656 -1513872677 -796386501 632729471 1546403391 1475549682 -949442256 -1439040026 1271860740 -921882212 -1648190011 140120592 -1962329990 1374002291 -1985910750 635221072 -1173756437 -1350098605 -1981783969 -1313117707 1568644797 2008244624 -853373152 325887674 -1542595261 -1368415142 -610260411 389321680 1326606654 1379259969 -774747556 -1443736953 707549995 -467878778 -1255221185 408046114 -255950576 -130701919 -1092036859 -1557322118 432633281 1519595148 493740295 -466450350 1862813104 -1039739833 586838720 -331362202 
1866987384 -1671306631 -221779644 -1004771650 1018129796 1964520623 -1246732623 -1696305625 599884192 -166155355 1954896908 -593402306 1255911138 -1676248373 -1967182123 -1301007515 -2142108300 -1770156123 824227366 577569052 1116699325 1504405673 -1685819062 -20983163 1390947460 358212757 1248640096 108466710 -840969711 947716791 -733211826 -455348350 -889431422 1024368015 -478090926 -999276360 -1598040869 -833903380 437285429 1663319748 285568119 -1803103822 1583595740 -1412835901 -1783689945 803322727 -2036952622 1128453882 1933003362 -1484736707 -892551461 -2137691025 712086959 -1345300267 385608390 -1738348928 -526507033 -1089982817 533750340 -1081472333 1189865007 -720252891 -471781695 219714209 -256423652 -1414882567 1535572086 1832312435 -1005064468 733471666 248999409 -540560244 -934668867 1697602839 -1086115505 -606247479 -1768270297 -1052653764 -285303372 1907681315 -339140553 347376253 9521146 1809941544 -1550227904 -425722462 -1938286490 -542241305 82062310 -528720670 -1217536 1644142294 864150862 1313908707 -739504231 1727346119 641393467 318246217 1745897648 864891947 
1828414330 -1732388605 -2119817895 1781161343 1952983104 -18369755 -908159373 1634755847 1969597824 740848741 -1767762411 2095869655 -443214386 -1971737343 389757173 276606386 -20479833 -1551548495 -1903702667 102876964 -222059278 -1733577759 181318654 1586818402 -286200175 -431584924 -705105013 539633461 -853925300 582341723 917239468 1398325211 321059684 -2010990949 -1040131458 -632634424 1435151428 -254853231 -1042751557 -1079913148 1980627966 1594493318 -836284404 732320502 2099892483 -1620985232 111892935 -35128569 2138292707 -623549530 575262869 1064608617 1818243737 -1468772936 601840469 595126217 -1686222768 -905736800 1054584302 -913425466 -1421098449 -1797364200 -1589814382 1445541903 1998287925 -1061561448 -1886021993 981600054 407725639 1005928041 -388778647 614164911 1547000440 1420929728 1261287549 638767768 -1264301197 2079600220 -621552433 -25908572 1722684041 811808322 -1813851386 -1465982484 169162554 855152778 1949367452 119588098 -1264012056 1079927586 956626469 -686384022 -1548020528 398783432 -1133590466 466586095 1323773040 190190490 -789835096 1192547959 
-1935647580 -515419256 -338836911 -1219218250 -2141840265 1478245933 480433 79457766 -1411557101 -1508218071 647525848 1031315962 250529281 83299670 -22526899 -1673632500 -334911241 527520715 1171178914 1154444207 208552970 89920124 -2077121119 -1309832206 679438122 -793170534 -1985068164 1219214013 1837946380 -554240032 -708249866 -1016867346 1227000567 233918744 403760309 -891866203 454743697 906891256 1719164459 -771100155 658672683 1131251329 -1476145346 1857400751 -1856739880 -1589528834 -614562635 1667740353 860938191 -1413558014 -337890601 886643681 -1943134429 827735832 1492468125 524191886 -812185718 -715576171 1506093974 -1867168804 1449441270 -762891028 -1821111047 1113833761 -2119964427 -1608699968 474658415 -1260482947 218637770 1441245092 -338612792 131238055 -1509243445 316676655 -7377587 -1652799199 121858893 974712779 -1816821999 -1468935567 1703273692 147234008 928177758 -321599508 1866098848 410144725 -64546189 1346110296 170532632 637170626 -2040493692 -1056790743 -94421845 -90473345 1347901746 944025059 453562479 1724199137 1720824856 176116892 
-387567108 -419221750 -751135486 639157252 1942113643 -270607338 1563269500 599866511 -445353783 65016524 1893421135 974994656 -1771626176 -713374944 1445462959 -1871231879 -246862818 -2003090434 -1672193790 65692109 -1800160996 434612469 -1396393801 568136117 -760688941 1261849450 1640576743 -1394135607 2078411170 1423810446 -1774082646 2110164036 1182619207 -1132943377 1480102213 1729755092 1764684241 -336189202 672689364 1497450534 -319971193 873800732 2045166522 -58866330 -634831683 1448412879 1327574778 1220307635 1891606948 264769696 -171221252 -1546960066 106034925 650710686 1865211431 -973144656 803325200 1426176189 780806616 -2123420944 2143098332 864508561 80998929 714507510 -1065933555 2013272990 1921604529 -2043359296 -1790815405 -830597220 -1972602425 -880518691 733138246 1728307032 410993870 1669364215 77473473 -1303920399 -1531046359 -1333548187 -368184420 1791313004 1540409658 -550987370 -260188406 53133833 -1541861035 1183255747 -2131208810 1233587474 -1160356462 -811264633 1090042002 1819197067 521845332 -394209735 1131273 -395457208 688443801 85652073 
493348857 -1481858214 555694652 -1613461730 -994417032 -2093387733 -1626455114 -1415506358 204578525 -818858636 1449996422 -201045363 -1503547149 1952662355 -1788433914 -226430438 -1115428424 1453499616 -2088816567 1052317416 912739156 1528221877 1155307746 231974795 -1140181172 1737299077 647529049 -1169034376 1596114517 1595847938 -1396618588 935257419 -385000238 -140504795 751132694 -1861368337 -1210353553 216962067 1248362351 -907390836 674882541 -2108224731 -2045635298 -881885633 1910969213 670443609 -438234485 477088896 1956493161 517813228 -472848123 -1951924383 988079620 -1747728690 369752458 603030426 267227269 -1261475852 1200333807 -1083437070 -619132981 -1450667607 1334457575 -2026822733 435194793 -616985392 2077164511 1829228628 -1801089872 -1673110506 -1385369333 338071940 1013547108 -687747997 626205696 941337783 -752008919 1434074825 -1106819192 203871424 1996320227 -358341171 -634371691 712160041 428040407 590276306 -1481306226 -2026053832 1962727064 865099618 -1854079323 1748885505 -210816112 1889829665 -1246120738 -613528067 1521817943 -1819930400 1646035278 -2018316615 
-439342916 -1011457666 -1994752256 46471416 -1449926926 -662768920 1520011951 -845437767 18763844 -2026470023 -667130174 2057747231 -1305519723 1575053360 -1978496742 -1734312042 469991483 1801107699 1580385703 -895637680 -1385177500 -1087098492 2121976892 1616202143 -656973404 504847825 -1182285298 -1999426261 758914448 1411188380 974112711 -907790599 -576847234 -1498167454 1395190786 206793806 -745470019 -462650056 -605970594 -1070788464 -796314626 1762819662 -514344963 -2074664686 -508072114 1302054155 -791072116 -737651202 1456884542 -2073685188 1735138716 1597344607 2116039026 1090998504 858755597 2079619500 -2039379124 936759434 1819137153 195042977 73205721 1176644954 -1658262445 665346080 -1717788929 1614909007 -1823639863 -615610497 1971459194 -1842845716 1661035202 -552249469 -475661297 1795086471 1953369809 -2095670183 -1747207477 1660671578 -1867516351 1074069470 -1252840794 2004585507 -1586153023 1358184159 1242591701 1429129968 -556199217 -218172300 -975856799 -168131424 -1104038767 -597385376 508067305 571556584 2114890098 -88841710 501422149 -356108021 1780452640 743815832 
1820947892 -1689221370 1462339891 -1128259843 -953313193 52473008 1046156043 1974876220 877710175 1049642760 1501329445 1604083314 -439852551 1199818850 -1541274918 -1790807974 -167307270 713358250 -882634672 955014806 1555109787 -1508256674 1073111438 308320410 1659006667 625506203 -671787090 -286550534 1913299999 -1188615411 856022885 2074260505 -869642285 -1805537090 -2053133432 6827895 425392394 -1626937858 224472328 1132066254 367358427 1948536597 -773025838 -1362091692 -871329984 -332228151 1381971565 -107810573 1742681243 293627459 -601790840 -306821038 1993127483 -1825844085 761681910 202257953 371849946 883463295 -1479433273 -89495171 2044735441 -1928629362 -684857572 -1659434377 -90244428 -1729522777 733080538 -1494596 -1172459842 -1712085000 924926717 -1380830132 1784551965 -1658800266 -2066234042 -81125383 -583455472 -397988437 -925021612 1195538812 221260690 -1022557805 1255823682 -557215833 -300024975 -2023970557 1938300562 988741508 -949372921 77490872 -887590783 1905377301 1549248232 -155962857 1040635790 349250323 -421658457 1270493954 -240652245 -1672303158 
191485242 1959472809 -1231410951 -1303342564 -620424308 -621436369 -1061273763 398209204 -1561142572 1909729987 957376777 643524231 515876769 -1556205519 1837339098 91828295 1447780928 177045627 -389742390 1845248418 -2040475887 -153087468 872348386 -59933157 1001763319 -1706571262 -1281887928 2045614224 235300981 1146626624 949611918 545191517 1293056728 2069751534 872848322 -47404542 1528739117 2143076666 1080995739 2111088776 1014901438 -1860619285 -1359150805 1727552213 809707297 1565657520 -847187913 -1326198886 818532415 -168101067 -1853469195 -1996566722 1369419536 376845917 -1050334925 -231446489 -2141573172 -968696801 -1312684526 -527846017 1167569530 335631648 -1972357844 -40598868 -748575804 -739686728 -1419151761 1774561960 -1020765354 1147012986 -1120634855 1604256013 2029524391 -104768454 -1426054117 -786388444 2101532133 114832023 1275143850 -1466224358 -708794242 1185601808 1385238767 1833001163 -2076740527 2122083183 1584912603 -1370478817 -179048715 769741856 813008321 51675633 88945657 807201652 -155990818 1601805006 -1791438956 -975958316 1922009556 -129932012 
-881180128 -1799333740 -1057992950 1734707582 902087207 -2121495909 952885257 562868606 669188873 -1384574881 633160963 -127375161 505779739 -702627685 -525193545 -455253740 1353684954 -1287982864 1649500293 -543348255 -1017386124 -824838193 -1557509324 -2038871309 -377718009 1702398078 -1182197139 -430703585 1592945563 -251452753 1930714127 -1957658343 39134180 1735818974 1814858554 -1707490239 172480723 54140761 1054948609 -517897549 -1044704442 -1273674549 2037498711 1897418906 -1986375520 1685589578 1211835244 1153269858 -2030528334 1285280184 1609638846 894568144 597659940 -1308041130 195829124 1612316631 -2098100837 -759503192 1167702101 281426854 338420784 -1187940503 -75079188 820898272 -2027531779 1991993675 1285166702 -1906305818 46108163 -1656568488 695421038 1222370984 380402943 1993660185 1799635134 -960329454 -890853941 -426380405 -1516095320 -984867742 515875050 581904723 451909804 -2013361506 716494464 1294770583 -340807757 1954138704 -1345594938 1002232528 1002383768 1332325567 112831493 76639596 -1080173827 -8447825 1165190428 -1793215092 -1343661672 1138880252 
686654949 779760708 -1708158709 -1305051640 850175305 -311400860 -1288981033 -1333001800 1902501116 2113592103 1632408247 -213531055 -1136356471 1081839958 -888456712 1548047217 743568233 -642751748 -1806754027 -885718379 2047431027 -775559556 1743720119 32550455 1857232251 -1596079398 1838669190 -1639680142 1064590078 -938946249 495440083 593783272 -1641369694 -1057483314 1273809683 1004613980 -137889805 -33278936 -317466345 1851353053 -890977880 2016238098 -1356103824 2016623542 -952241101 -337452096 328854398 771890818 -339691861 -953210948 -365285299 -1803985063 1322302014 1704313631 -812083487 -309252596 1688573257 -1949279656 1366667485 715757210 1192788534 716661168 -1055008772 1925585363 -1443063723 -43352495 626332784 399206729 1941221133 -265525886 688539701 1473719703 -174261148 -102612960 -140241310 1654707611 -1777879041 11603721 -188864243 966185619 1687735102 626616232 -814877318 1547543954 -10629686 58854261 846772854 -559752594 1942852321 -1660548520 2126789411 -396647844 -1114571931 2110414587 -103368109 1381539654 1569320097 1979855840 317709732 326741862 
-390345842 -130487692 1859362304 -530387046 -1539714758 -1824591358 -2363039 -221738210 -39302703 -2099481017 36908765 -1892658878 -2010875066 851432000 1304564348 -1700689256 -1337955787 244731768 -569491644 971100683 2143986519 -1519141187 1374948385 339108007 -1185162771 269173812 -1178114924 -606033491 785567166 424185612 -1969520503 -671362997 1375262290 -460869166 -1862056736 -1799327797 967463181 -499488288 716550353 -2105457852 -1319172088 -534892704 1026171737 -948736116 925038957 1051546495 1332566724 2054711479 1749262260 -1283711634 -1165343802 764373193 318405370 304126974 736826022 1013003388 -945566718 -2051066563 -652078242 1765878974 2013958450 -1162897241 1749913695 652655208 1841103508 -1674707339 -1194385274 -567998837 1053053178 80847927 86598904 -54673445 1306481814 1836266471 1551511997 -1805169145 -1166596577 -797077457 -364361235 -321290736 -1973213608 90695242 1277338959 458742639 704246930 -38896740 1026072518 755682599 -1064014099 1931543152 559344423 -691828198 1849853180 356652970 252412228 -1874127514 -1639893800 787216142 -732906757 828812406 
488194001 2032305117 1228485651 658722627 1251676261 -2144374542 887464993 -889807234 -698653688 1833783568 -407867851 -663076890 704634670 1477965772 -682214254 -340294019 1175973548 -194317171 -326310531 -738338574 -1370354149 -1412582701 1267756437 -2075778343 1344133697 882549850 -838856833 1236361347 -922714235 -967700414 1111551518 1543317875 632697981 -1363086838 1284759207 -1889518895 -348358788 1967849312 -2049342092 391185285 -803406026 -380518409 278437275 822993757 -1336743958 2101176964 -644349458 1038219951 -2126866046 513647381 952381985 844865394 -599425959 1177558297 -782505004 330976228 1375452767 -1692954301 1366824713 1786493862 -516218435 742426682 2058015371 772180202 -34143046 -1494807558 2094183611 -639234868 1057891684 1896770158 1744130315 604220850 1630546666 2058171155 1834567730 1122178223 -1989089047 1577962460 -48449038 1309570517 307582736 -1581920214 -1686224687 -2134905362 246246543 346984405 -1626294627 423824578 -419164911 -406496712 -472314817 -69636412 -1486214498 -1060162171 589078881 1493977010 -1282908645 1331399486 654827696 -1271818484 
-1904105538 -1058405677 1781299131 -466497163 1900352527 -850904777 655511025 -737160122 564973205 1094295310 1100121263 -652940080 -281566127 -572907165 -1571811054 -260880527 144737841 -285867669 -599967717 654018046 -393061140 1198006868 1946066219 -305351108 -171427403 969149792 -1365464094 -168990607 342966075 -503680352 -180548681 1116784954 -2024064687 -1172006705 605207225 166063904 204200598 -1809095574 -1438526157 -2012644222 1795135981 -1410801338 1783702067 1285279813 2104162351 1370373001 1651169940 1496437653 1699380888 472004292 1276009117 -1061322856 847715872 -4737716 -755933546 -16068600 1570733725 1774120805 -30326604 1751288266 -455303256 2083665571 1179197803 -324535315 1167173246 -2115815775 1551901478 331076265 854443884 -97666671 1249533064 1695117700 -1136294914 90468014 -1133074354 602936170 -190327870 1265683777 -1486579429 661044645 -747954469 1275677547 -1693588235 1429563062 2004649883 725566732 76268112 -995673739 531717917 -1523743391 1967095161 713788566 1925101085 797728072 1232071416 -1890072686 1717807558 -163409650 1929515153 -600430364 
1369077126 1238493797 -1315025646 -903572959 -1345600786 -186599943 -724532000 409540117 -2086419342 -1159380686 471381190 847513756 -460491043 1431652972 749948947 -250491164 1272818232 -1431116567 106191399 404307611 1742633705 231066266 -1101506267 1847184271 -1282124978 -2062602685 134116327 226748631 -930008900 -756137531 531704963 1712181121 -1258482508 667001752 -1211829007 1956578163 1191785919 -2080309250 -2093806925 983243182 1739598531 -455847339 1023533650 788564271 -1501196385 1945458524 -1272991914 526903892 -607570477 -1082914983 -1413877754 1596576561 -2080468149 2139440714 -1856885164 -1829297699 859354701 1383229367 -137307107 -38873902 713470627 1640048786 -1389712715 -819316827 -819941817 785034376 8395985 -603546212 -318362135 -916585393 2014012486 373873162 -359810733 -956439755 -165487894 -1902206520 689321724 779490686 855904701 -569391520 -636837472 1403980153 458862846 1328224257 1438817023 -1997346577 -1694294687 -875350745 -1562872649 1387175397 -626397752 -475902570 -1721709567 310238768 961231214 1632880222 -1870110046 -495904237 303104920 -496772596 
1908837003 1823773763 536522348 33302207 -298744667 -2135072224 408255239 446532590 864198681 -1433894580 230522092 1506708599 -1130088102 -436907883 1870065667 -1273256918 -840141816 183404718 -1711823840 1923598552 -1247061395 1320216852 2113919999 1401242637 -2064471983 -35254767 94836500 1600814574 -339738928 -2023835273 -563028761 -181479114 1083213116 1126601414 -1468603209 -548495895 165092532 2069901132 918291903 -1095223726 1244626097 1400430878 -538909171 1071908326 842652689 -59135860 -1522783152 704565396 1708761962 975281952 -1591799048 -1088292365 -1995889679 -504925246 1111589910 -1970708794 761179247 1204801657 -2951591 1551356180 -1786582192 -280325 263682939 2025372650 2066542350 2036229688 1031709208 1288630842 1718795273 1564821266 1775781110 755548292 -1437300754 -331082370 1857603162 -1458209696 -1707781613 1515249420 381479130 -1428258102 -1699152236 -1777216433 -1633136120 1422615418 -1508313941 -1075601547 -1717294996 -417721982 1659121118 1830657254 109077067 -284386197 925886774 -1546591629 922580887 -1062383157 1493619833 -1838654943 -1032488351 -572971366 
1674364492 31892534 929922595 795095908 -812877246 227995657 -745455362 2052448908 -1064895543 1258619222 -852398587 1804252246 -517117185 -683698528 167328553 1261874322 -451240250 -1983596460 1182543246 950678856 195494068 1527374458 1194589080 -1416851225 34387180 1929655097 1023078785 162954860 514422114 406950360 -1491303995 -1354137570 -1742233017 -848748650 681491875 -522853271 -1947006376 800670926 -2108253913 29410674 1135702583 605775166 1931416866 -2126825233 -608634512 1760138529 -684222939 -535446782 2115726593 -343998237 -460547662 1642771965 -1937923203 -1640906510 -1129947487 -890556989 -1037235112 1937177016 -5796873 -855209107 -1396866373 1321348203 -1729887086 1967912524 1644640397 626060805 -557297183 745846423 1209882590 1363915068 -1673793877 -545772192 -1725541826 -836621429 528724580 -1391473666 -1633923966 1831567416 -964767248 541319751 -1125232681 -1484774814 -1746872516 1088076760 1299652991 -793616324 946590818 -865543108 680361401 -452140025 193493195 -232569053 533234685 1808412388 -217968138 521482581 23003606 2098638049 1775557739 -1743644103 
1599910983 -1749634868 -498282746 -423254136 1512317062 1280745550 -350571852 2005785484 -1087279954 -1638827462 400358200 1614379366 379113564 1404228845 727361064 1123179449 -1579801942 127022071 -2141809173 1048172357 1557991501 -2074651144 891543939 -1423740189 -1088033542 542677774 -1524178209 683969681 -529510355 -1440698923 962996182 1950538482 -2073002249 1697092398 -806868618 1184710787 664005704 -2089578150 -230582565 -1530345642 793883838 -1735607580 -1389369647 1381598465 713414085 1043218190 -1824987972 1167929856 1337279076 46201885 -1043893738 -2141258768 -1706779721 252415806 -69326547 -425440468 1194858794 1424118820 1985688393 853587796 1511961932 -729220073 464168219 66791481 1110492817 853522261 1571303072 331011866 -1734831552 -1589432461 -1622315046 -1663425010 -364341526 -1637520068 -1251608311 -1854964650 1514434688 1764292332 603559843 1912412252 359310175 -373053222 -957593799 -738942181 -1092364372 2076844833 -1902233100 -1723793227 -606144854 -396900329 -294351237 -1155997069 392169366 1364233891 2092913352 2021003017 1638899297 1509226567 -288002182 1756761096 
1151934428 -1256857939 176591304 1921767701 -199814108 -2073814866 -1297133065 -1420622255 1631542740 1201893657 811656109 100021912 -519962702 1803359127 61288711 723582440 -325085590 876458846 1864754865 -1691188581 726209590 635100405 744080480 -207638007 1676503660 368922274 -114402530 1550738860 -1992030426 1269039291 -335606277 -1884466296 -1910302449 -1608332987 284934473 -350819735 -1305162277 882295722 1274661489 128794779 1770221375 1466036600 756076939 -1525681406 349740813 1334836695 599630205 1541403095 -1226468992 1942793394 -1062208885 -1934383559 -2043979844 981007008 -1174454433 -656738276 817159515 1924757141 2087398965 -1675967501 -674135010 -1651054667 -194573378 1944462115 953874142 -1118917556 -1286964222 1934587541 -900341113 -360682070 -1902383820 -1610488224 -1242763323 134396282 215661204 1105446407 105617489 -1794521373 251278265 1094250967 -162159558 1048125724 -527732517 781142816 -873096153 -194794393 -2030161813 -2140756234 -205501654 490098300 475308212 -1354833670 87772561 -953915623 -994759223 -243561711 -1773268029 632409612 -568850096 1035746700 
619881315 -1719405525 -1465207853 1209467439 156160167 1302434164 -376497436 -837979074 248410337 1519990475 1981944382 -2027789494 -817378745 -996732874 -408801751 32239040 566424728 -1139484435 508979746 -1532000568 -1476808817 386560653 299047815 -47293614 734507885 6344862 -287648538 -1207321946 -635398790 808659268 976864291 448535220 1757886292 -1906678985 409561 1712239896 -1332434292 -965091939 305435665 39510525 -1802939802 -983879348 853786560 954937861 760547687 -60319412 -697389668 807702840 -1915733105 1180109819 1859204576 836063343 -1489206127 -411299933 -1073450626 -1712837847 1363505812 -915223798 -1795165323 -341829750 -1751900026 -982443669 -1700369794 1563441039 -262544441 -1197305873 -549000528 -1963355421 -845508512 1312447374 1585265866 -1211870667 175446400 -119048397 -745436201 459672854 -2143682284 67135415 -710431271 -1684803892 -657068524 -1766053516 -432893324 965270141 -2044595636 -800754121 -2092067756 -61852775 257551947 -704526524 -1040445785 -1582554669 900471354 -1479210122 -160207762 514070538 -476775148 -1955484664 -1960768431 1183975298 
-266037071 1629264579 -948023232 1868030620 1466249354 -1939620524 -20345601 -102863853 27824809 -764202148 -1484667643 2139392924 -881139907 -1704744919 1426860848 305079351 1823837477 -1626022912 -978603696 56334781 -1963151966 -1196774430 -2139278299 -1450903257 -2100891071 -2124846795 -134074372 1118832801 2031690612 576422979 1506285913 -1967939708 305328239 51631580 -609954091 -1335907758 372959517 -207726857 548065291 -860288365 -1047911090 -628591382 -1641655674 189984053 1017765096 1848822162 1545229061 753032587 1711958470 72052076 872359522 940792341 -893303844 -604042487 1748653279 -1668130419 1675023696 -912648915 998257365 77806964 1977938942 1027697752 2116861874 711714258 1791537011 -1874259454 -905704354 -964575150 966596003 383820114 -1662456487 -1236319975 -615667384 -391108011 -1634630677 1830279862 559438631 1887956282 2125901660 -768401785 -1444635481 -1542622844 703135058 -2014368827 1995931745 -1508377478 1107224319 1280772701 -1570186594 1034100389 1978241080 -788617945 293356321 -1284493730 -1519517889 970281618 1992918282 -73002652 1044093228 340389853 
-311305251 1094953545 -649878868 -377149083 -1335052518 -777287181 1955127874 -1152771393 1754914609 -662884648 1091220777 1413874365 1907596257 243812212 -1924146730 1452528649 634769721 -186395527 4096980 426123021 2000363157 2038535343 -1211082025 1156021196 -1333509808 -1456184685 -1320133547 578196946 -223723277 -39231005 -1951153103 -1963638262 -1852708678 1407293651 -207149261 141623868 1898503354 -1473998118 1479617944 -102205660 -1073525102 1559885962 -1785989636 -1981308589 -495119188 2144553853 1282578607 -917303105 1481550986 396887595 -813372550 595944346 -1910410977 -1623161905 -1104976734 -2004200563 -350305818 1902557635 1830056848 -1464750736 -942758456 129234196 -1451732066 -448624296 106002202 -1822752652 -1264440309 553410905 -955735139 1281344024 1071172871 -1095419100 -2062451157 -2095242711 1473996642 1599332841 -1795336635 -1226333143 -1728418034 127848555 2128715544 668048238 887544807 217265662 -291771741 -1949332978 349698963 234960770 -689774084 180479590 345467920 66532245 843231139 1807864703 362118761 1506341103 -582267860 -993668831 1113952174 1806943222 
-29175284 -841927142 115374263 246819523 924114373 1227656657 -83720831 -1536650362 1700096427 -1621537929 1319536306 1154412819 -1575496570 1926932198 -1598259649 -1679605532 -348405591 -339063755 1413284115 495813008 -1977971859 -386600268 377168469 842612546 2029211262 1650219720 -1158554178 -1722521123 1197918706 -2084246399 1798769201 -1942644638 403301461 -119351152 1519789443 736345934 492830338 -55251502 -684915599 952804158 1196132641 -352211536 236062907 808449781 -1173151117 1428601189 -906655636 1932101990 328966811 -368773881 -1491371135 -504601553 1495893071 -1034253725 472004877 535122985 -1982541814 1362213051 1517302518 1068171367 -1583742273 -14328031 955930448 435981375 -983081008 1566399737 1150983510 -541768621 437864508 1478084118 -432983965 1094305153 -1023184663 153186854 -1306080538 243079714 -70823886 -656911351 -778167861 -380312523 359593525 -926734607 1897769336 -85953677 879833675 -69809367 -1694845259 -1472295498 -1429852446 -987680074 -1489918061 -1076917125 -1021993095 -958626763 -878001358 815673359 -916077325 1899282344 904740124 -1163026954 
1235488626 -8233933 699719110 2107214035 -839883205 -1803772546 1676431528 -1306226318 1057669498 -63161585 -1665125281 -28233248 18140136 244340727 952316352 -762053225 2107200135 -1403963408 398159694 -1478375325 -1044254443 -297034317 921911197 -1745993136 1137054220 223186011 1457951761 1091140886 1097533944 1093774170 69474896 -2005760184 -785457842 82025306 -97614468 1753846373 -1401517835 -709718273 -450097048 722762330 762788785 1920053405 -2126963507 -1675748958 895626158 889125258 -952781387 800866235 -262801049 869943794 -1776786700 746272849 1097102820 1729613783 -1619785227 -233099086 1642203399 2063210688 -973751903 -1197101622 1749663728 -1799615942 -1978962266 1855149376 1261315092 -752456037 1948872261 -991592399 605760450 2146807445 -2027589143 -1471148083 611881060 -914925003 1615002772 -1359960015 1671597868 1209644557 -29617166 28351013 -1910829624 1060794152 -194733090 1209297801 -1880922432 -414309517 -777080704 13542418 -975613751 1919494098 1966473793 1337544390 -1207534760 -634421631 -684063638 -75572148 1287097779 1562008494 680859856 743529914 
-2069647778 -2023747892 805043057 -1553512031 1918796633 -2012321752 -1644788301 715512753 -304766395 1370314533 678076859 -6248256 1018715288 -1650387950 -342827822 506465362 1518968822 -128645813 710661577 -2049585072 957973062 -1385927042 1771070376 -1724158456 1941899447 -1993502344 901079463 -1146117429 -1746773421 -690279291 2112374202 -465604712 -1431801243 1018555397 -645017243 -1430344180 -22859159 714968300 -381314174 105362435 -2018435948 935137729 -1519495113 2047526243 -2030005355 -2142880793 -660920113 1234407969 867747590 -419372990 103276612 -1913509225 256829795 1728708780 -746512562 -941960872 920057097 -432512863 1479806080 -765753415 -1716126103 -713358152 872887404 -1023394583 -701067593 1747629022 -1453286329 -1093174510 -1244933030 271470341 704840913 871405707 149735153 -350173806 193314719 -1973605920 -747644460 134321581 -1545327612 1317272826 -161956412 691927197 -1149352985 -1216256867 1773375882 1750710070 -1837129500 691844683 755253806 1829277997 436943864 -613131047 -387313562 -913206220 -906848603 -1574204936 -1077138092 -2073774261 297167544 1112328165 
-320668856 -1296500813 1150495107 -148555754 -123104439 -1071456890 453565783 -1218789373 -697573426 136201632 276829304 1174644372 -644371535 1310977377 -2026596384 1178915834 -1074258086 429496180 2086166731 -907975423 -986226185 1915279425 -1969991895 -1483652564 -670298283 2032347768 282482883 1450616331 1684143930 -951246928 -1946500185 -114490778 -1580669001 -1112966951 -173500273 -10837183 -1955960472 -645538344 -1796882041 -1936446959 -164612893 -1907682537 1300063430 -1716754696 -1007978147 -326014660 62578419 1940709627 -1031865850 2028400098 1812665848 868186177 -441385859 -1235378927 -1862211940 1582795590 -811133847 -367722833 -412153667 1728367093 -1391819758 -116796489 1142733279 -2023818508 -1964950577 -175796911 1690829170 -530880908 2083391172 485504707 -1540937046 -77562265 1864817847 360549838 -764939113 -1487573203 1711766373 -1421432046 -784746514 890761391 -1275515396 425838716 1529321481 394749764 451307622 -196422560 1963806998 -309214023 321764736 -1836373234 -686524921 772774848 896343168 1691642127 2069221148 1966399070 -1462055913 -289908765 1229718081 -194938083 
-326360447 -1522408035 -191295868 -1284285965 1988429660 -210871837 -228730954 -766667625 -1033132732 800038772 -1538887463 -1336255338 1030648337 67049492 -922154699 -929334394 1637280340 1859421284 153580812 1699284953 1154299409 -1500094500 832561205 1196670296 1616043218 1969667955 951956067 -1127569190 -477058380 631392463 -1481597436 436221663 -1053482869 -1730309174 59334637 1234158631 -148430273 1526996276 1217420965 -1755705984 1620485984 851474030 -1442748544 128540702 598983442 -2141985371 1569058117 2130248615 1534470271 1208617615 -2025487884 -166392260 -945130540 -1887307725 1361043873 1982829150 276542787 1826013385 940673252 1596921873 -1593876288 -969970029 -267916862 -1169271025 -2063366373 -1663880788 -1765324994 2005775658 903009515 -1770748861 895133269 1428430791 1738689849 -1829221957 1106077751 532059593 -652813388 -1368515646 -1237080278 -2067566129 1465704361 135431472 953970848 657545505 -1961200510 706450896 365898863 600172742 -589008192 2142681313 776436886 1507753288 499463211 1804538673 -1237633748 1892409669 1143023962 2141258868 -358235527 559158114 
-921550211 1804396575 1138019886 -683745386 -705674426 1234164560 1197391057 -1009310390 -318343448 987201781 -1094317414 1409059240 -1830780404 -357502460 -1043981464 -1835586633 -1549105759 439639381 -488659800 -1876134454 748235477 891376041 1930522095 -1775175432 1285126020 -870682875 -728604002 744336142 1541654824 911983020 -1773030109 2129960656 -215820504 -2106751598 1894548406 -2144756284 1055418288 1119580271 1997453030 -145883190 -2101820965 694501926 -1192924055 1822179904 723187918 -1511773710 700980615 -582976290 -177689549 1905324221 1988372324 1451208238 227870327 -266287624 225066574 31456583 356924906 1678331541 86876922 -188757954 -1135858168 1421588158 1341932170 -2136226000 -1003994717 857104869 160125140 39446693 -1001060453 211744409 2059686505 -255166104 1549133043 -718699559 1972696335 -133345620 -726605440 -1957289416 -995852794 521722327 855928455 -586162180 -693181932 -1619995630 -1004299934 -184269774 -492921758 471217338 2119513991 95267036 -69420012 637641763 -1699491456 1577165117 -1178160021 -723895220 -1418564847 998690625 -1310654385 -15722009 
-495182148 -371736660 80640653 1146365123 641069611 -1421703929 -1373097945 1611052583 -420394389 -1976550831 -1542973768 -1299589015 505135287 20241589 1571733703 1135490017 193858413 1113236949 -918655590 -1358091910 616592132 -1454297497 -1581847441 724034258 1904175352 -61543815 -1303871847 -1854478989 2017433211 2104989096 -1876673102 -1321216049 449284202 309342569 323975359 -855474259 920708784 -1433763393 -833632404 -490444497 -585915502 732323230 -2034747548 -1384118263 1600124087 642156203 1883769473 488540453 2101281149 2104695656 841829062 -486739387 525911860 -787218557 -227362138 1409278263 1990747267 -42253680 -1412045442 482787056 446534995 768071255 35627641 -84732788 996627450 -553981380 85207202 -1435522278 188559841 -1885601205 2091088863 1225687461 1716987163 129328890 -1444351453 -1270614256 -806214210 394257396 1343319207 445351281 1577450889 1502051800 -53099251 604504049 -198281726 597714798 1879442588 385657530 1420972788 -979746842 -500488469 763567247 -256860651 -485361090 321206601 -692996679 1685215394 743699799 -443898233 43681062 
1964193497 -981440372 -1630947569 380033431 -1761404061 -449558717 -1440479049 2089338361 -1141891681 -1072775229 -1449994094 -273525685 1227162023 48073443 -1754031432 -1293798190 581528219 -1258447828 812576148 -915070172 -1912841152 2040363607 657134778 572820630 -1960617558 484876653 -717922196 486228256 -1452399560 -537291694 -639574847 1576835760 506015430 -1074380405 -848091 -815516409 -658916425 -565253629 -760244118 -1547590207 -173548230 194923004 -472449743 2085653179 -146618702 -840972990 1016393013 -522910149 -1895328464 -635491652 -1050820764 -243446540 1855317707 2040156468 -1879375038 -913441357 1579125664 1273986703 2063313486 -515605179 -1675428113 492323347 716490355 -1581079455 -567755611 1701699611 -1415314394 -1975038531 1617691968 -739612910 -407250986 -646391290 1301347316 205221396 -528100010 341693787 -1610711007 -486522892 -80888347 -1056955248 963129029 -573698650 1561645247 1775044067 1528837015 -1308710132 -1306236426 1508761742 -363899048 794530985 722042274 1943366557 -982490149 1496466685 1780434161 1200906938 1601216499 -2077600449 1865186363 -1122712839 
-1070605170 415580161 1038128066 -1045427555 -1227507141 2091319232 1493178906 1081823669 -35496309 1831983015 1754070701 1932136636 1394579224 -1864764249 -501085956 71401503 -1163170481 1922481586 -1456609498 -751918240 -1858956807 2116906798 -1164734739 1993037474 -1798314951 -267906633 -70580711 -1961455520 -1429708436 -906418589 892105764 -699211204 1537006712 -1712396649 -114319734 -339097955 1317769954 -751585284 -76955844 1778734233 -1239120084 1268573255 -1709678504 -1453927843 1745055925 2056660697 -1622890775 1482154721 -162339634 -1674180189 -494875449 -1683579938 1208212558 -926174350 -2092035924 -1831458335 -1095051234 1534157050 -1307039893 -988537279 453001198 2080990601 -962309447 -790931576 715756441 1125668460 -1198100886 -1942506612 799606975 -2042994191 -420256139 -584154769 193723112 -495169919 -539976860 2112986734 1672826177 328013799 1753549621 934983310 -1346920915 333068053 2093276604 1465000932 -911379154 -975027141 1993657649 914790936 133769593 1914707746 -89388660 1549519105 1729202859 -1894405802 860060519 -1919670229 -1035653878 -629846328 -1341323237 -1891142133 
810971469 726770513 -1217176809 -854216026 437040717 1876866812 -1824272775 1044589566 103630809 365849256 -1774871519 -2096846881 -1416618099 1342762775 -812519654 -1594022285 -1592466181 -482190509 -827257745 2141036465 1475991588 -195124959 1332580807 -895921892 1810382044 1601927035 1265734335 1714541321 1951609172 -1572299839 -1515982839 449665144 1865428134 1094316066 -127688384 1038972969 1740272970 1007060531 293532371 -622952000 530712227 1503029070 1152929309 -228406582 1506014704 -2007120808 1660561112 -1223106775 549751951 -1301982775 1873272630 -432688421 253953748 -895235104 -196603902 959074112 -830107058 -231483853 -1984959790 1110486612 418630233 -156020651 869682369 -677287801 -727561602 1420871627 1544944744 -1937464649 -1199483667 -1482931078 39725397 -690969678 47077715 -1881437054 24683637 646285355 657242828 691351676 1104980709 722517934 1467053966 -788188887 -331857362 -253773384 2000202800 -90824006 226565687 -297833167 -2035637689 1392083414 1123343947 -1808635556 -674144312 691959385 2030658854 51502528 -508458575 552735249 188460455 -1435330761 
-400293309 -416476999 102403450 654334052 1980733578 -366529186 -1570718676 -1523226513 -1128881590 -1472334281 1399783545 -438702220 -1420002902 268472736 35460572 -198189557 1432094002 -1812603105 -1853102916 1956259883 -1344586780 -45526805 630189243 -1569675054 -1421477674 816566485 -248798911 1133161382 -1856380133 1362426289 493422395 -1970547747 1165461677 405363065 1556701594 2021215589 -97613138 475497503 -112063715 1001066710 1196973463 -515454714 -615257195 -387587178 -560050849 -2097127802 -817434966 1502639450 303630740 1923557984 -320192407 -1798702879 347243914 -1165422151 1418822239 1974705740 1480614302 1085589316 -1414685837 -1474319473 1804480433 -1375764375 238979956 -1557745005 1343067142 -1860498210 -1395828548 222099993 903177449 492406905 722090480 539425860 -2012438201 -1095304802 -1516539568 -256503174 -125956225 -1014395283 282515863 -128543417 -1649679942 -1502334434 -1807785823 -65648651 -1815850299 -1855241153 694057120 998921100 1600279081 -267451367 772821948 1071231826 253913338 -827158565 -1987771010 1974977518 1839523501 -1516337363 -914600468 890828841 
1305367012 -1870148485 -1625295891 -1095544922 1867613049 -1707666935 866719172 -1459589554 -749824711 1120820102 -148663944 175654182 417324326 1767439995 -1768219847 587468349 192429665 1307186753 -1964088334 -1247984867 493162209 229635062 1220777679 694264736 -1551446608 1741171074 -744560909 -1399478969 -1651786559 703045472 1938904272 960473128 -1093659914 -1083825344 -1239057359 684477844 175888398 -351493624 -1849182389 2125687566 229550843 -169362228 1511123684 -213034857 2063079976 1873293991 -1395098910 -1903894190 -1798014601 287889858 353041219 1837988239 1324147844 433411445 -454317401 1779555631 -1525282384 418631079 -1130844782 -1771946419 -1792841599 -34634484 1809604121 -191184464 1237261954 639791769 317919798 -1100285922 1932076571 -1502920582 -884938517 -953706430 2081036483 1426233772 2119891182 446612495 -1286044628 1465866590 -1151884563 -808367849 -1585356781 1831858793 1186408773 -1924839486 1958680392 -1103195836 -360839370 -521263540 -1884895736 39158814 -235537757 -45622941 1895473988 -866479068 -826297393 859427793 1513537766 1147646657 924769222 -752050786 
1172694272 766094112 -1690032277 2061149254 -2142233012 422132395 88145657 -162031708 1467328312 534688088 2093217524 -849529794 -1903453975 -1483122892 -1981478756 1904035204 -1376449119 -1056437252 -1439413588 1133104782 -92382476 849136452 1163288609 519340660 869322117 148613424 -1991227901 969534058 1590110710 -969063261 953526502 1228670165 -1666654320 -1914641023 1873223451 1650058071 389547456 -92173299 691593878 -1374590389 1850409268 1652409538 1560442055 -1070735903 983318845 -264295533 -668540442 74355855 -1053377839 -886783731 -1844772977 1298422996 -1646787204 -1130491770 781127378 -378614928 1391876371 -890786203 916245039 315015293 1625931093 -1314797054 241773925 -918234493 -509349333 1515632931 2139939617 122246205 140700315 45387637 -1849773990 -82833915 480873520 -44465709 -1002707916 -683733001 -1428411593 -1382055972 -267319353 1939494879 635637949 1815947016 -1798400519 -1738105613 1201762336 1631407817 973405327 -2114454057 1603494789 -1199932471 -1627920016 -1753845208 -1703498794 2035776932 -522124131 1291468933 325612869 2073187317 124151749 1697259981 
43902400 -689897829 1273368653 -1832055408 1468778995 -972340617 -970010995 964851147 -1810664863 -1880700575 1603039243 2112746337 -1227417467 -1878966778 -349811405 -859826665 1941424611 1622911503 -550369342 496311413 51203839 2050309665 -1721994057 -964674680 719152196 1101200388 1475827465 172575968 1143474260 -1166055951 1675688487 -1670363010 -684803935 -206061369 524909363 522465816 2058453486 692933073 757576272 747023169 -1965567838 -458399047 -42941675 1953284501 -274545978 -434928832 -898672937 -316944885 -557307542 1285861634 547266115 -1191184320 -64184184 -87756631 1747746978 436941630 1948284126 224792670 1277531226 -967686697 -838241678 -215885458 -818538171 -814637063 1003920262 -1796990245 -873951371 1841481052 1745514341 866391808 -106403584 1245945904 -1524866628 388942774 1676961998 1952326931 -841585237 -878938766 -1614917717 -1452318015 -1417989968 1515027057 547786995 1624438907 59288361 -613796041 -34243301 -2051933539 -577690857 -623886444 1908679937 1363143703 1938999012 -1134899517 -2128434645 1807581470 -104467464 1757630303 -1332362603 2058231821 
-1596614377 -655156857 1099321780 -860348512 318145557 140922302 -46078599 -754615667 1396825013 -149637982 -1105129203 1882285322 -1150490102 767060472 496073294 -711459371 -712325058 -1469236306 2009504494 -205081401 -886241520 1841195049 1702105551 -984868292 1833045562 1900077168 2134812255 -2069893977 2066936320 1184595759 -288060288 -2016610695 -182719299 -471299086 495859532 152687841 1410339027 -2092317428 -584597841 -2035537993 -977806072 147510058 -1733321218 -1165170381 -504421238 1344654427 452837061 -1988104132 740405821 1905567008 1490564811 804581625 1263155431 1420139290 725585283 -461347484 -714438917 -167802952 1558489446 1914455895 1216131376 2071021 1201030263 1337891980 499633691 1138829547 611610168 -381610721 -160700037 130202530 -1731286563 291968179 -1882073426 -1266232382 1250156759 -1322069730 563214873 1884359581 -51412360 1826735505 1736434088 1596239338 1086633428 1128228549 -50883157 -1394968326 1580266206 -1824926252 -2123048648 -404016677 1526244020 -1945557673 1565674234 -792299392 663559891 -1440588988 -145076494 -428341929 -1507320415 -657605846 
1259954235 -192449321 -1053215740 -943379171 1422271660 -1673911149 -1366358386 1579248132 1790840667 -1928816253 -871618320 748792508 -433635074 -809621538 -578665320 2130737435 -1159571027 -1859835036 1771415711 1866546633 121773891 -2146164987 -130654911 1486082448 1123331662 1029433409 783338229 -1037790981 -131305805 -1695967691 1104900875 -1766841698 1917888255 -623427840 80223268 1101259720 743733461 -1188041270 2267018 1080953770 25477948 -987476704 -1508088367 1956156413 798239687 720330070 1046855919 1799659681 -862078324 1799126271 406738674 -328329178 1502111137 -2058202133 104064944 797151455 1034659896 468889680 -183514684 55877774 -1893854089 -2006752974 915165068 -817111606 197415408 -1302711805 -1855803885 1128231090 51374804 2039137220 1709703953 559983067 152081515 -2146178074 556912076 140379374 -1740362625 1540014077 1702131201 1603643648 803659580 -584675742 -948472796 -1196892327 -520861173 -1713593212 669706454 309469836 -1757858818 1567434143 272091561 172723428 2042944044 1216962747 1278332530 985120758 -2004485919 523550894 -73027606 944736860 
186363728 -577722086 451942573 -1564169681 1865146767 -1461444340 105020967 169076485 1047351241 880790353 562124333 53849614 -124908217 2062246647 200054091 589039635 -179716880 -1858318409 -1335673342 2143340227 1906423298 -388794149 793663127 -1588418450 1516138000 998987724 -1048943514 921954764 -1897357900 1618741931 1709913489 1651812388 1473649550 -1900681932 -90994849 65337080 -819865584 -110515683 971711345 -1721022482 895937386 -391951013 -877418455 -460521771 345573333 -1489917975 -1213675835 -785920768 -1259449957 -476412854 -1546116865 -1679613816 978904769 -37462987 -1197018721 2067798833 1869733842 -1293420822 -1992749392 2059841446 1288033549 1922761118 1307446826 1799829453 -1117506821 784620637 -1425808232 -1343343349 1702884380 -1450046184 -1738507150 -1629850269 243699403 -1446849474 1070804960 -1759132069 -1206783294 829016027 -1867880037 -751487001 1862851563 2037784790 -1565699160 -1593319100 1316173315 -679434139 526486856 -354241575 351383709 1278839944 -342090875 510908355 976383588 -1077405708 1331999616 1135197971 -1391602299 -18205918 914677447 2001060556 
1061361091 -1966453688 -1401169463 1730700398 -2114851466 -38378436 1453351054 -1317836742 -145412410 895853178 -579806009 1523504672 386372769 139187437 -960194347 -299903780 -1340002907 -165125282 -995627831 937288845 222353489 1363660870 1732540131 89287267 1165661152 -255729005 580244915 62823217 995615110 710829304 840578446 -795295694 -1773890200 -1827226737 121817312 819210903 731660346 -1046536593 671542471 -2089552520 -1468172232 -682399737 -762410370 1485640623 1268264300 4498452 -1140799866 -1404541492 1828917488 -579485310 727012114 1631099037 594443810 -47521886 -1251838565 -179165499 -1181456613 383460416 1747201781 585669715 1279716107 -618649584 -1799942658 62565008 -272023800 931965185 45814135 1976372597 907747650 1750085227 1177738048 1976530694 -1564380421 -364802583 -1959654433 1336858168 725082150 -340774628 1420427760 69906635 -714042943 -435456752 587596563 272395016 -127440571 -1336351474 -1220172899 -1608755693 -907541960 1524613409 885305631 1705552827 912134096 2143104121 1603170186 687044751 -232624705 506171737 -1514101847 -31312542 
-34317464 -462730999 -786601759 -1088528506 1297035375 941421055 -127399484 -348355574 -2034440372 -2001148053 823571393 -1740360316 990449422 -1738307370 1619494127 1585474325 1095563400 -481307529 -51898194 754771366 711730400 2021647748 84328976 -1180837401 -1503134917 956292515 1179332003 -965578388 1711575771 -1142490992 -253961158 393986258 -398587234 1645438857 -553826201 518726987 1293859292 1345849484 245347778 -1414575047 1926357770 1298473390 777257446 -836689788 521738629 944751181 -995220883 439509712 1790600206 659031986 -68637774 85186019 -163443017 243203887 -721389678 -258822248 1409369255 -857632013 586304952 -1607618500 -703731431 -963898738 -1184706655 1016597722 1699156664 -210444427 -512036720 570852948 -1342838436 1274280995 1644187138 -372795732 1428841469 -778860047 -297644442 1167296082 -2142464335 -2056985503 -1457174135 164172095 -1243703084 -1267756179 -1006934128 -487292445 -1565294558 -779781202 443550907 895823597 1440828787 -695685248 -1533910474 -569520351 -1807063257 -1665222228 620993188 -1442076321 -1362732075 -407168849 -242383591 -374638100 
-266875129 -1007231934 -1323224459 -1497068063 -807602203 1203792930 1637930871 -1940101226 -78061539 1756287174 263488970 -555056880 -360500673 -2087623277 1966117299 -186558361 -942709694 -640531269 1685948181 -524353683 37882925 381831956 2134676524 1836963802 218294177 -1041306078 -2093768505 1498341202 -573200998 -471497025 -693124235 529255441 -44825866 -1961761009 1578495721 -1372074323 1841778511 975629022 -1304786204 -884878668 -1321018693 -1425695694 1710033987 446017586 -1895079179 -1698737589 -1692677868 1059474411 -2081379164 100127223 317943015 -1875458582 -180763703 1522882962 1814024993 1649521043 541594673 -1210368383 863186714 1023094998 1138211415 371694642 -652084285 -1541326313 -1346389795 1170049450 851761836 -932024254 -22564946 325449468 -1770681478 594612136 1547034520 120502373 15065779 1122280990 -1307155664 906305237 1983646808 3773080 384014575 104859548 -934877989 -1940689649 1294754233 436416809 97183260 149686586 1109654400 -1355087661 -421852816 1245498266 1035947961 -1269911922 -997488180 355048116 987315853 1820189433 -1913749001 797318856 
-1817629642 -1435348559 573709195 1687451791 82519792 387586630 407597575 -1068523536 335522445 846081381 -458754629 1359700325 729452930 -1231237055 983414748 -2141836665 -1484320810 1650630005 -869079067 -2138795902 -1530627585 -199060653 -988282383 -2066137594 -1569102942 -681230645 -1299271586 1085173408 1704858667 -869367065 -1117963370 -1086903590 948499958 599225445 1587745787 -2131786714 -367255700 1907310464 924598856 -380586293 -1608399064 -919916792 1693619466 -771944503 -497205102 -406140824 401062165 -1043238548 -856861767 282814585 2059652852 -2040417366 1496345775 -1567643327 -1299993323 1154169094 -817810019 799021325 -2022877001 -731094899 532485921 -1183331441 1844034561 1819558997 1636163495 -707825776 2147334538 -741987324 1488107004 -1049398608 1556352159 1496634279 1369740261 -1207888128 -915789264 1208793107 -1395226100 -1868209509 739772381 295085413 -856751646 425682258 -373353158 -1853646223 -298242554 -535654108 1653174786 -1421383864 -1520395233 1120937479 271469891 -2096601293 38883681 1539364208 1806490329 -967343227 -811860072 -1419793115 989924904 -1080105751 
-1672905910 1958631332 1913478944 1276559404 838590143 519050397 -860073102 1844864135 1017881936 1581741717 -315820665 -858804112 -1257260769 1948644686 -496001377 1529088546 615476318 362748661 -1412243908 -1274489398 -1097525894 444696166 1439335306 289306466 174363133 1330228687 10830010 500450674 1000298357 1390350838 -471163823 2119242695 217125143 1400994844 -1436323100 1334555638 27332157 -1496806175 38563892 1121201209 -1256373553 617774147 -1559892981 546139784 -1630758654 705952313 1067151177 -181890389 -726478294 1760688452 1128220790 -1274915540 1549406960 -1446976449 1795581202 -405705259 1938952186 1008415482 -501148462 -2114955020 723454978 -1147831307 -1704617343 -227091727 -1464361109 1500716027 1332988755 -1486911717 -1927964084 486870136 1714428570 -1983399859 743825598 -1635524076 -527809191 -971087253 -497723449 -170597444 1224224739 1838084349 -174580862 -772746454 -34146996 -598602863 1940095578 571474609 -1937456356 -179494584 -905097255 1004419114 861613607 1800837423 -1555197710 -1672350897 -226741304 -1024587984 -2032647112 1517123394 1988161741 -184887336 
479608700 1553890153 -525486605 1947731189 1783470338 1502647586 1575675368 409671124 322700544 -1930170006 1822726176 -32541638 461017162 1511881028 1654831086 -1691485018 295190698 547509851 93388751 -339318004 472889279 -2764279 -1379288093 529558518 -1943179196 -1346429714 1646681060 -930447581 1167632260 1107051524 326038342 -1592221268 314046323 -2041560773 710592337 -1441836057 215115729 -1507524343 147440127 -436837989 2086449763 74524952 -671287954 -109943274 1187259534 1828487311 -24589140 -195418655 2138171242 -1421566909 1132568585 56767662 116976568 -577254796 -1507723500 686295865 -331862084 -1343233655 1969954251 -1126456443 -474216116 -144976061 1411098776 1252298765 233811349 686947641 -877599071 1586650775 -2036809715 1705176200 -716159240 -1497061167 -1989979362 1353764963 -2095934200 -1025570303 1321524681 -950254731 -1021891339 1890006753 1045806608 1605037286 1214510385 -1039100725 -103989950 649217560 1959989879 -2139899393 1860763934 700144131 -473083548 1697133705 -1613877429 -1228904181 -128424006 1024148589 2023450924 290912923 467719684 1291768171 
-308225762 2036210492 -46714947 -1470321431 1628671005 -647883510 -1594802540 1947820077 1769744718 1093640363 1130404254 1174439891 -2125756478 625481971 -511139645 -953740539 -1588115607 2018556350 -1704016617 2025787028 532628541 518127733 1189040479 246881399 -843708753 74599458 -1549830125 -1824906579 -213897330 -2059031342 53260334 1193616491 -685428123 1203476599 1389971474 -123566539 2139116822 1976434377 -138566577 -1701240877 -1252975637 -1876404843 344400107 -1034371076 616370705 1950342544 -28637153 642443608 186188796 -1793786954 -1404105188 -1424427597 -1497655987 -1542820721 47183484 2109262798 -4150976 -962209717 -564265678 1404367515 671188982 503570463 322663370 -181578329 -657258239 -349493789 -431084753 -685051463 -1961707032 -633787339 -820958753 538539295 -1685880957 -1365053809 -280519958 -166617900 489551799 -145276275 -874832952 696730166 1709275160 250378890 -1520931480 -2144552671 1105487000 1874141591 417906452 405567551 1898550513 607338956 -916199640 1364230949 -1545063841 -627588645 -1967637660 1902689178 -142666125 928607594 180173200 -1046718951 
1831422133 -1256717819 -1503739957 853068461 1272470112 54763447 -1892788313 -876736686 1495173390 223854512 6582210 -463071550 1905986570 -2126328533 1478780950 743637094 -201374345 459387585 2089172143 238025589 194783196 1440829190 -1738131859 1960716584 -14101430 1339080957 -1722259996 -742377243 1074329716 1016815850 1532377757 2006361351 1666315122 -523514387 436090515 -1558291088 -1378890159 1602965039 -487652043 1518856223 2055774882 2113862806 315376565 -846325128 543588646 -667476522 -1986215016 1837497648 1182916347 421955394 -1962577368 -368484198 -1080742164 -1363480842 777968310 -1598032492 1267305282 42546803 790191897 -769584866 -2097997425 -819987310 2099019661 -2087394949 304380622 374460620 -322513984 -541414653 -780207702 702591380 580843557 1309739826 1868259216 274555212 906109070 2108788312 -573023587 2050247690 1187751057 1344205102 -1609809133 -1080406578 -766617384 1555200677 -2126410839 23660555 1527251854 989367852 1090326750 1511377579 1538084134 362586633 -16646137 -868258525 1271394777 -818964772 1651569331 81128707 -143679368 -355820402 
-113451093 442175617 -605481073 1639818572 2061358177 736663460 -167721087 -2093561366 -588189357 -1620833952 1473227172 -1131234155 -1456960766 -1346913188 -1394213209 1449489670 -225191588 -2054285110 1958635242 1355690648 1982716746 -1708812515 -1835747588 -1291146269 717265558 -1821121850 1190412138 608955010 -1203792676 136037297 42187465 212775707 636943138 1196643018 -1491037466 469183442 -1898630578 1547291924 2057904523 921048240 399535523 -48917825 1157968659 -1304432627 1386093465 1078266178 -933332911 -812747828 -1786092281 425439256 1401741936 -2070411809 184156179 1545492997 -1453342539 1404097054 1867988531 -1752133785 -158471688 -667505685 -624054321 -837992717 -457650990 1908934072 -1787706758 1632705209 -352863363 -1865517298 1317016792 -693026007 800294803 2075505475 1603574653 1366517565 266187268 -1486132748 -1889933244 1727413078 -1588978313 -1893046593 -377467256 941658138 -1120465791 2092001978 825562931 1238863947 746670900 -228737067 -1453206298 903230681 1690257122 524038602 1259799859 -766489333 -1366973459 2144391473 -595930057 -710190625 1645291977 1471777019 
-1379254259 -1276389576 46952883 410446929 1330763291 -898575870 743203044 744134202 -2010826727 475049308 386772301 -1167808509 -618583411 1157386662 141969354 1253677588 1063938132 1907064071 -262337419 732788239 -1953196323 544959512 -1540524760 -1113413123 -324766272 -949022729 -2059694583 48868560 306011202 8557308 -257842863 -761257516 625975143 1571610742 -879135964 658296926 -1882680388 1826985063 575373725 -1507399299 -506674174 55915671 -1842520844 -936322100 136747855 -1679949348 -746657144 357780278 -1418003258 -1691592243 1928932491 1441909095 -2111815495 -129896602 -293522457 -451279258 -1709247119 -606496438 352658642 1312734433 624446715 692386189 -2069426150 -941226398 -798195153 -140994979 1005390659 -142963 -945769190 1031672832 241000931 -918809884 752812498 1535730461 350177513 356542740 1496532551 2062610779 -2075617663 -968305488 1843094477 1031697311 -1887123659 256325382 -864815087 -384253830 -119669484 -1371002025 -1140089013 1534842908 1682126698 1830091279 1597731045 720935538 2020223734 -299982582 -473831345 275376379 -1831044612 -1266475437 
-1641250369 -1735996848 -542274450 -525693987 -370081513 -303483830 768695678 1173136879 1154383216 1616592142 -1601860868 -62691610 -449619858 1001534619 -1286032897 1999063657 -815182159 -312538763 877132878 -1925663251 1924254571 300263013 -135149685 -684066235 208377107 -711946139 1543632061 327328054 1916565653 376130278 -414693755 1958254101 -29277535 2139619342 -1525521114 -1944891969 -461007932 -16939793 310907371 1009856420 -1882018080 -1384506649 -1347015666 1937542687 930540475 1199102506 -777524619 1107679285 373537444 -317164452 -1729978764 1512533202 -511937263 1623305501 401042830 -356036694 -1660855690 885784301 -1271853478 -1414809444 -1592055517 686735878 -307231231 -827201229 -762407351 -198443454 1323983052 -1158737930 2056037251 -191104930 -375522249 926998836 -1815208548 -531564699 -1103590818 -1959389345 -659927730 -807888963 145051660 -1755520452 2110717846 2090908881 621046518 -1567584543 -1148050752 -358550421 1312330697 850463565 -1671224583 -217074881 -743265083 -347341789 -1001384961 -150328390 -2018588365 1448571032 297008148 702024378 288222173 1631730569 
150600203 1006535311 1354554245 -1384615232 -1365361826 -568298578 -34126542 1561281967 -2125865841 -1980033626 355235266 -1284890560 -650658339 -852514317 1667251276 874303569 75628276 -1296200363 1678566129 -1014006817 786820318 66431395 -1380705556 1266086951 -1837207029 680302398 -964175395 1567601474 -841068932 1857875255 1033989588 1199923837 1115215891 -697773579 -2031956359 -457645850 -1104665821 1400897393 215353493 1657168865 1339608802 -1499943392 -265397738 634229183 1523390062 -1586038979 881629145 623390111 986815931 -1529047300 2052223761 -1214773803 1727492202 1539574890 2044822001 -2124434012 1027121355 1774248798 -1022113258 -400904449 1687845881 -1830258788 -178935021 246351537 621652719 508941397 12797774 1735509924 1967615054 1743297604 -358445787 -1258099509 -573496262 33408337 1355649450 1620349187 -720552452 1699500216 -481154730 -358346942 -1069890033 -299750018 823538010 -1646561960 698099956 -1154115537 509254983 -1698578826 -501478332 -700466281 1162818305 -475919081 -433782957 -1460060553 -1233446022 -1898649252 638383104 1595641536 -29932161 585292379 
-260587269 1334250003 -613093572 1199549268 -463574848 -146952774 -267876323 262349831 2115191581 1103218907 1049939212 333463706 -55041904 1729359091 1551635921 595310269 1472071251 1448250016 -1494285634 1388097828 1408961216 269459582 -647373106 2042156088 -566495457 -557578026 366723307 496560484 -2070218738 -1128684547 -1221541910 1806587584 -410553001 -1287528695 1859746566 -1660401439 46790872 1637159370 243614281 537646074 -1473330496 -1874185102 703220855 -2129776718 -274798478 -1187400813 -1939254779 853706534 621668884 -855218010 1491842515 -1340168629 627033334 885054401 1672602088 -20334799 1771906856 1878488481 -50594946 -975202540 1494026572 -275728966 1800996225 -1605549016 -1979932142 1192384357 1925946689 1905907272 -994523768 -74825121 1914269292 1643465768 -1054097511 236308985 -1077762104 -972338813 1237226773 1684626746 201694710 -1603046538 622309005 -1244778081 2074120590 -1094813857 2059516358 1223240885 -59548032 -546832980 -1013345781 -1292044634 950646402 -1968594563 -1463524006 -612366213 1153021324 -1293046177 229946565 -631767619 -1050625687 2090369377 
-860628077 -152969889 -279204565 842532458 582036424 650277998 1298389467 -1133652323 -2005371234 811732553 -500875707 1252283075 1121154218 1378834291 1832883918 -2137168520 -1920901452 499418134 -630521419 1210945039 -1214884931 1156402938 524770621 1196980714 -1313467372 -685922813 -158335935 -1941806871 1054910634 836283286 -1409084537 -1857712336 -248252391 996590243 1013312438 -1405021603 177201882 1766495109 -1885278069 1936928579 1650729850 -1757532877 -443611873 -1718929787 -1093387004 -663145845 1797487632 -1310286402 -1733480039 -1535724593 -148822265 -608070122 -493536357 575776777 2085154318 -1338651606 760100965 2142742811 194558926 -104148948 -32478538 -1625521827 -999534197 1252750375 1978976766 1777109913 -159042061 2095369169 1963219212 313427927 1185116754 -1776258523 1336032973 -1915097739 -1047710466 540394013 1372765342 43533546 1385602955 84749693 -1178261285 -1514746534 49942995 -1605860458 1500556707 366553040 76491906 -918059270 412818626 -1757915732 1508873569 -2096340557 -1082277779 -1294376594 1086282857 531161132 -1705148596 680121318 -93697974 1155060698 
92155822 151608483 -1186008514 -1179488035 -796763392 -65122119 1498359357 -1295945970 1581031147 1087008072 1270668884 -29741440 -1794762112 -2147259648 1533236055 635625920 -336027061 -1667641901 910474827 -1585094916 -1832775934 -503224494 1201275301 1367505579 -843417716 -548057379 1546289379 -1090282060 -2128770356 422439864 -1007323251 -282508742 1545587902 -1709087033 -1977894497 1335768133 -437815935 361425837 1393467405 -1361662277 2108368597 1350335809 -728101335 -1929154788 55938704 -200330976 166347947 398302170 2135458836 -845305815 -1340016285 -1439422976 194435306 -89857204 446434447 -583178821 -1595042854 185286431 -1405046040 -1137274835 1819013506 652717197 -305468825 665986866 -2046348645 1516432440 870808068 247601776 -1389610751 861027523 709645857 1123541379 760932714 1427132909 -1923321195 -2068851526 1372924199 -1529242439 444030166 -792928669 -1215970894 1972860042 493912933 -1337136248 1120858181 -1728465436 1635069444 445317921 311102648 -1916160678 -966197935 -1199447476 -1637163209 898710276 -1249619979 944935710 -715203621 1504156863 -1471170393 -1940393098 
1470508945 -1325754791 1565031352 -41280204 -945003541 -394035444 686168409 -532911177 1026912609 -1226268288 -1981452930 -2087914027 848100459 -1714622094 -1944606951 434362905 -2117982061 -1974013805 -1992978823 -504117836 -1778775916 -844858863 -38942481 -650199737 -752042798 -753668944 1919434045 15932939 -1664796902 -159191014 -231104951 -1015029390 1289352193 734151085 1099338340 -1747174925 222250715 -1590271820 -98895769 1986470572 -1564086554 792559858 1587779618 -756645891 1746576261 1172563179 -258052457 -116039745 974662203 489558914 2048723261 877435808 650160839 -438196830 -138466026 -1120200412 2099926417 -115907701 -1786532206 -1425684720 83861160 -15697255 -2043809347 -531085178 1949866348 570075949 476215110 -1508128510 281981587 -1094436295 -672827136 765794955 228581390 765783862 -1611257785 2033558687 -1119991512 -357245504 -1442434206 -482784796 -326571637 552263518 -1741646751 -1341608032 372378760 -1513609105 883292015 1168180518 810922022 -1348637332 931613686 140374551 1518095221 -773756277 1917801064 -67678944 -1085384794 -180449347 226834346 1731847820 
403478746 1895855258 -1072390432 -1455850101 -1763366392 1151948472 382776254 -241713796 1208847866 -192115913 -1913067641 154605615 -47087664 731288679 2000755597 -2012309322 -1597949402 -2083166800 712813143 -489792174 -483943497 -1678089745 144800748 -289667509 142183096 -200029214 -2119033440 -1408544195 -617946497 1643830212 1612621581 -662537575 1394762387 -1234243656 -2008129833 933854688 464957522 -1205260710 -326680 306189623 -542328672 1194357536 1140605842 -2027571662 2021057986 -954583611 -139704539 -1369498935 -216804683 866592660 -1148006093 -36094790 2134113096 -277256492 -47373778 855054232 -1255212276 1928744625 1507317291 1655677002 -200418809 1689236772 -321466931 -877957211 2077631807 1448357771 37656785 2067689958 -630767526 -1532975643 -1132372079 -1120053814 1910782768 -1031083990 -864202084 -1758646548 439019736 -1666192487 -1305693306 -1673806349 417477381 -1177529255 1525282919 -1805919491 -1416156410 -1717238056 -123326359 1101712298 -1027658065 -2083721978 1856510235 154117275 -1656969962 1934378790 -2106915353 -102281463 216269976 1313914765 -59790118 1560586560 
117094698 1131704270 102552861 1152528930 -410025558 -778199448 882859034 -1346436254 818997428 1543549306 1338634552 551042280 974289720 884931246 967586600 -635672484 -100457215 -1578945767 -1028073378 -779894248 -1444193875 1236195646 -1470348914 1891520094 1561510965 1258504130 383486337 -1665261597 -1630197259 -456109526 -1699285825 485996693 664127611 -733845908 1336508406 -381600931 756355048 -918369939 -75117353 426045818 838799560 778778297 -1755920877 -1889601747 671679754 -1930959115 1790270715 -1564847214 1229119698 -1927155758 -879188182 496142068 84507323 -1872967152 -347242272 28301444 2005912881 -16885724 -2008627549 128277458 375969664 -1934123489 630872304 -1318252628 -1163333198 -655723109 1251294142 970669633 -618274104 363966603 -132365092 1003598401 -1359561116 -1798562154 1698524076 -2006940701 185908330 177772174 -1644265876 2073177649 1946179873 180250574 -988961332 -2099470378 -229352281 -1783078601 1395337495 1354390490 453010623 447263357 -1253981720 -926509983 -2111446352 -1459900318 1108073498 -190942849 1236821636 1972955298 1219188037 1847195898 
1216717254 -388858700 -254767022 -1752283591 -555531362 2099098530 -1677509003 1758808329 1834056547 -102421588 1256342965 -237954958 -736204747 944305625 -1228278165 -177298584 -1822594126 1533117612 -1824020997 646164289 -2030926972 431284683 1305053685 -53033708 -1259278910 -1696088563 -1320501843 1808917784 -342072367 -968462767 334336826 -1845302572 162474965 -336514466 -1777661657 -1632402535 1515758531 749174281 -131758991 -1471763366 1210911416 2138939633 -65678855 -1737402217 1341869459 -640016346 -1612779424 -780630632 860905395 975499071 58847306 -417561784 -605804302 460327589 1469644451 -507223985 162533391 503158095 1480392507 -1988271424 -1874089923 684131583 -1484902842 -1352760666 -1391342518 -1942729191 307869623 1472491665 1460039819 -1439300460 1060169958 904818221 2057276926 -485550458 -744601376 99857340 -1541331878 1456346587 1943639421 -2051162060 1221457920 811876401 411566810 -2005243709 1869625387 -606146412 270197855 419741227 -734177696 1216297005 849850744 106801280 930104001 -826494501 -2082097413 -280496573 398482168 2039005135 -1497888607 1269555362 
1200397337 -1533864898 -1159247202 1474280812 -724694331 -1510638411 -1204820815 1325465952 680539626 1071041007 -794828638 1942649582 -1551996767 1423762986 -341715924 -723254684 561470969 -1203887355 -7199016 480261208 1621324469 -461308177 -1492230426 -1307111957 -616321355 -12361723 2099860372 1217405092 -1526119531 1613203457 -1914299411 -808072065 -2041574269 -1379896724 -650662718 -2057911151 1361952250 774852405 2110424783 1820982193 -496143933 1922502038 103098601 -518680246 -250932440 1050475620 705188077 -750708391 -573061286 935693954 -1146137621 58494319 -350617780 -827561143 992600965 -1906971696 -746074059 -1423203028 -178877114 122628167 289344815 1763132275 -1140925176 -106785132 384253181 -1881003461 -1856719401 1418650925 -1311323150 -1990515546 914591502 -2098063783 -975425681 -1763124538 322246695 1129167111 -71932227 627222683 1690314883 -636417308 1363108772 -712287811 825819125 -46333359 1774491266 -1803608013 1829094573 -1363552810 -1489949513 1711616983 -2053575516 -1657050085 -1721508139 -914703021 40750709 1297811201 418544476 1790457832 -962760048 -898033614 
